2026-10-08T18:59:20.079340Z  INFO nanospam::setup::account_map_factory: Creating account keys file with 45000 keys: "/var/folders/1y/px089b2s6f9d893xp1p4c7wh0000gn/T/rai-gate-b-xwehshx9/account_keys.txt"
2026-10-08T18:59:20.869821Z  INFO nanospam::setup::node_config_factory: ********************************************************************************
2026-10-08T18:59:20.869834Z  INFO nanospam::setup::node_config_factory: Setting up node PR0...
2026-10-08T18:59:20.869839Z  INFO nanospam::setup::node_config_factory: Creating directory "/var/folders/1y/px089b2s6f9d893xp1p4c7wh0000gn/T/rai-gate-b-xwehshx9/pr0"
2026-10-08T18:59:20.869940Z  INFO nanospam::setup::node_config_factory: Creating node config file: "/var/folders/1y/px089b2s6f9d893xp1p4c7wh0000gn/T/rai-gate-b-xwehshx9/pr0/config-node.toml"
2026-10-08T18:59:20.870089Z  INFO nanospam::setup::node_config_factory: Creating rpc config file: "/var/folders/1y/px089b2s6f9d893xp1p4c7wh0000gn/T/rai-gate-b-xwehshx9/pr0/config-rpc.toml"
2026-10-08T18:59:20.870170Z  INFO nanospam::setup::node_config_factory: ********************************************************************************
2026-10-08T18:59:20.870174Z  INFO nanospam::setup::node_config_factory: Setting up node PR1...
2026-10-08T18:59:20.870177Z  INFO nanospam::setup::node_config_factory: Creating directory "/var/folders/1y/px089b2s6f9d893xp1p4c7wh0000gn/T/rai-gate-b-xwehshx9/pr1"
2026-10-08T18:59:20.870222Z  INFO nanospam::setup::node_config_factory: Creating node config file: "/var/folders/1y/px089b2s6f9d893xp1p4c7wh0000gn/T/rai-gate-b-xwehshx9/pr1/config-node.toml"
2026-10-08T18:59:20.870309Z  INFO nanospam::setup::node_config_factory: Creating rpc config file: "/var/folders/1y/px089b2s6f9d893xp1p4c7wh0000gn/T/rai-gate-b-xwehshx9/pr1/config-rpc.toml"
2026-10-08T18:59:20.870381Z  INFO nanospam::setup::node_config_factory: ********************************************************************************
2026-10-08T18:59:20.870385Z  INFO nanospam::setup::node_config_factory: Setting up node PR2...
2026-10-08T18:59:20.870388Z  INFO nanospam::setup::node_config_factory: Creating directory "/var/folders/1y/px089b2s6f9d893xp1p4c7wh0000gn/T/rai-gate-b-xwehshx9/pr2"
2026-10-08T18:59:20.870435Z  INFO nanospam::setup::node_config_factory: Creating node config file: "/var/folders/1y/px089b2s6f9d893xp1p4c7wh0000gn/T/rai-gate-b-xwehshx9/pr2/config-node.toml"
2026-10-08T18:59:20.870507Z  INFO nanospam::setup::node_config_factory: Creating rpc config file: "/var/folders/1y/px089b2s6f9d893xp1p4c7wh0000gn/T/rai-gate-b-xwehshx9/pr2/config-rpc.toml"
2026-10-08T18:59:20.870571Z  INFO nanospam::setup::node_config_factory: ********************************************************************************
2026-10-08T18:59:20.870575Z  INFO nanospam::setup::node_config_factory: Setting up node PR3...
2026-10-08T18:59:20.870578Z  INFO nanospam::setup::node_config_factory: Creating directory "/var/folders/1y/px089b2s6f9d893xp1p4c7wh0000gn/T/rai-gate-b-xwehshx9/pr3"
2026-10-08T18:59:20.870619Z  INFO nanospam::setup::node_config_factory: Creating node config file: "/var/folders/1y/px089b2s6f9d893xp1p4c7wh0000gn/T/rai-gate-b-xwehshx9/pr3/config-node.toml"
2026-10-08T18:59:20.870696Z  INFO nanospam::setup::node_config_factory: Creating rpc config file: "/var/folders/1y/px089b2s6f9d893xp1p4c7wh0000gn/T/rai-gate-b-xwehshx9/pr3/config-rpc.toml"
2026-10-08T18:59:20.870758Z  INFO nanospam::setup::node_config_factory: ********************************************************************************
2026-10-08T18:59:20.870761Z  INFO nanospam::setup::node_config_factory: Setting up node PR4...
2026-10-08T18:59:20.870765Z  INFO nanospam::setup::node_config_factory: Creating directory "/var/folders/1y/px089b2s6f9d893xp1p4c7wh0000gn/T/rai-gate-b-xwehshx9/pr4"
2026-10-08T18:59:20.870810Z  INFO nanospam::setup::node_config_factory: Creating node config file: "/var/folders/1y/px089b2s6f9d893xp1p4c7wh0000gn/T/rai-gate-b-xwehshx9/pr4/config-node.toml"
2026-10-08T18:59:20.870888Z  INFO nanospam::setup::node_config_factory: Creating rpc config file: "/var/folders/1y/px089b2s6f9d893xp1p4c7wh0000gn/T/rai-gate-b-xwehshx9/pr4/config-rpc.toml"
2026-10-08T18:59:20.871070Z  INFO nanospam::setup::node_launcher: Starting node: NANO_TEST_GENESIS_BLOCK="{\n    \"type\": \"open\",\n    \"account\": \"nano_3nroioygg54nusrmyun4woimqex36sp3drnctdt5955uqu47fxbkrxk7n7ne\",\n    \"source\": \"D315857CE70C54DE713F6E82E5613BB3A1266C15E28AD2F4338C7BBEC456F532\",\n    \"representative\": \"nano_3nroioygg54nusrmyun4woimqex36sp3drnctdt5955uqu47fxbkrxk7n7ne\",\n    \"signature\": \"3F6792C2DC623DF2E8643777160AB983B66B337E2478E13D2C3448126A8F4CD8DCCD19803C158A057FA44060AE0EFC09B1C311CB4FBF42F8D240610B38F56E08\",\n    \"work\": \"70FEF01F7EC45DEC\"\n    }" NANO_TEST_GENESIS_PRV ="49643F9B10CA1AA34F9AF8ED4AABD29F436104CCC375974B108534A48EAE3FE1" "rsnano" "--network" "test" "--data-path" "/var/folders/1y/px089b2s6f9d893xp1p4c7wh0000gn/T/rai-gate-b-xwehshx9/pr0" "node" "run"
2026-10-08T18:59:20.871701Z  INFO nanospam::setup::node_launcher: Waiting for RPC...
2026-10-08T18:59:21.181961Z  INFO nanospam::setup::node_launcher: Starting node: NANO_TEST_GENESIS_BLOCK="{\n    \"type\": \"open\",\n    \"account\": \"nano_3nroioygg54nusrmyun4woimqex36sp3drnctdt5955uqu47fxbkrxk7n7ne\",\n    \"source\": \"D315857CE70C54DE713F6E82E5613BB3A1266C15E28AD2F4338C7BBEC456F532\",\n    \"representative\": \"nano_3nroioygg54nusrmyun4woimqex36sp3drnctdt5955uqu47fxbkrxk7n7ne\",\n    \"signature\": \"3F6792C2DC623DF2E8643777160AB983B66B337E2478E13D2C3448126A8F4CD8DCCD19803C158A057FA44060AE0EFC09B1C311CB4FBF42F8D240610B38F56E08\",\n    \"work\": \"70FEF01F7EC45DEC\"\n    }" NANO_TEST_GENESIS_PRV ="49643F9B10CA1AA34F9AF8ED4AABD29F436104CCC375974B108534A48EAE3FE1" "rsnano" "--network" "test" "--data-path" "/var/folders/1y/px089b2s6f9d893xp1p4c7wh0000gn/T/rai-gate-b-xwehshx9/pr1" "node" "run"
2026-10-08T18:59:21.182636Z  INFO nanospam::setup::node_launcher: Waiting for RPC...
2026-10-08T18:59:21.286781Z  INFO nanospam::setup::node_launcher: Starting node: NANO_TEST_GENESIS_BLOCK="{\n    \"type\": \"open\",\n    \"account\": \"nano_3nroioygg54nusrmyun4woimqex36sp3drnctdt5955uqu47fxbkrxk7n7ne\",\n    \"source\": \"D315857CE70C54DE713F6E82E5613BB3A1266C15E28AD2F4338C7BBEC456F532\",\n    \"representative\": \"nano_3nroioygg54nusrmyun4woimqex36sp3drnctdt5955uqu47fxbkrxk7n7ne\",\n    \"signature\": \"3F6792C2DC623DF2E8643777160AB983B66B337E2478E13D2C3448126A8F4CD8DCCD19803C158A057FA44060AE0EFC09B1C311CB4FBF42F8D240610B38F56E08\",\n    \"work\": \"70FEF01F7EC45DEC\"\n    }" NANO_TEST_GENESIS_PRV ="49643F9B10CA1AA34F9AF8ED4AABD29F436104CCC375974B108534A48EAE3FE1" "rsnano" "--network" "test" "--data-path" "/var/folders/1y/px089b2s6f9d893xp1p4c7wh0000gn/T/rai-gate-b-xwehshx9/pr2" "node" "run"
2026-10-08T18:59:21.287669Z  INFO nanospam::setup::node_launcher: Waiting for RPC...
2026-10-08T18:59:21.392348Z  INFO nanospam::setup::node_launcher: Starting node: NANO_TEST_GENESIS_BLOCK="{\n    \"type\": \"open\",\n    \"account\": \"nano_3nroioygg54nusrmyun4woimqex36sp3drnctdt5955uqu47fxbkrxk7n7ne\",\n    \"source\": \"D315857CE70C54DE713F6E82E5613BB3A1266C15E28AD2F4338C7BBEC456F532\",\n    \"representative\": \"nano_3nroioygg54nusrmyun4woimqex36sp3drnctdt5955uqu47fxbkrxk7n7ne\",\n    \"signature\": \"3F6792C2DC623DF2E8643777160AB983B66B337E2478E13D2C3448126A8F4CD8DCCD19803C158A057FA44060AE0EFC09B1C311CB4FBF42F8D240610B38F56E08\",\n    \"work\": \"70FEF01F7EC45DEC\"\n    }" NANO_TEST_GENESIS_PRV ="49643F9B10CA1AA34F9AF8ED4AABD29F436104CCC375974B108534A48EAE3FE1" "rsnano" "--network" "test" "--data-path" "/var/folders/1y/px089b2s6f9d893xp1p4c7wh0000gn/T/rai-gate-b-xwehshx9/pr3" "node" "run"
2026-10-08T18:59:21.393662Z  INFO nanospam::setup::node_launcher: Waiting for RPC...
2026-10-08T18:59:21.496601Z  INFO nanospam::setup::node_launcher: Starting node: NANO_TEST_GENESIS_BLOCK="{\n    \"type\": \"open\",\n    \"account\": \"nano_3nroioygg54nusrmyun4woimqex36sp3drnctdt5955uqu47fxbkrxk7n7ne\",\n    \"source\": \"D315857CE70C54DE713F6E82E5613BB3A1266C15E28AD2F4338C7BBEC456F532\",\n    \"representative\": \"nano_3nroioygg54nusrmyun4woimqex36sp3drnctdt5955uqu47fxbkrxk7n7ne\",\n    \"signature\": \"3F6792C2DC623DF2E8643777160AB983B66B337E2478E13D2C3448126A8F4CD8DCCD19803C158A057FA44060AE0EFC09B1C311CB4FBF42F8D240610B38F56E08\",\n    \"work\": \"70FEF01F7EC45DEC\"\n    }" NANO_TEST_GENESIS_PRV ="49643F9B10CA1AA34F9AF8ED4AABD29F436104CCC375974B108534A48EAE3FE1" "rsnano" "--network" "test" "--data-path" "/var/folders/1y/px089b2s6f9d893xp1p4c7wh0000gn/T/rai-gate-b-xwehshx9/pr4" "node" "run"
2026-10-08T18:59:21.497792Z  INFO nanospam::setup::node_launcher: Waiting for RPC...
2026-10-08T18:59:21.601347Z  INFO nanospam::wallets_factory: Creating wallet...
2026-10-08T18:59:21.662682Z  INFO nanospam::wallets_factory: Setting default representative...
2026-10-08T18:59:21.662934Z  INFO nanospam::wallets_factory: Creating wallet...
2026-10-08T18:59:21.708349Z  INFO nanospam::wallets_factory: Setting default representative...
2026-10-08T18:59:21.708681Z  INFO nanospam::wallets_factory: Sending Ӿ56,547,061 to PR1 wallet nano_3atmwjh8t11psdqf3qx6xjfiei94oajch6zsyauowxzjogbbgz168g5mp8f1 ...
2026-10-08T18:59:21.709157Z  INFO nanospam::wallets_factory: Waiting for confirmation for 70B574FB519B8DEA27D8F4952C2E7B0378B009608D6FC967984D3C83440C9C3D
2026-10-08T18:59:36.818263Z  INFO nanospam::wallets_factory: Receiving...
2026-10-08T18:59:36.820574Z  INFO nanospam::wallets_factory: Waiting for confirmation for 011C6AC2721054F46B03A50885AF48083A4A685154A55D85116DBCE413673F86
2026-10-08T18:59:36.925196Z  INFO nanospam::wallets_factory: DONE
2026-10-08T18:59:36.925329Z  INFO nanospam::wallets_factory: ********************************************************************************
2026-10-08T18:59:36.925356Z  INFO nanospam::wallets_factory: Creating wallet...
2026-10-08T18:59:37.005806Z  INFO nanospam::wallets_factory: Setting default representative...
2026-10-08T18:59:37.006085Z  INFO nanospam::wallets_factory: Sending Ӿ56,547,061 to PR2 wallet nano_36asm8scxymtsjmgqp14per3zxpgaec1c65qb9en1buscq7qzqa93tfyyzs3 ...
2026-10-08T18:59:37.006502Z  INFO nanospam::wallets_factory: Waiting for confirmation for 76B3937072C015B69E45D5458B47CF52A54A38F8ED441B0E21561A3048243E90
2026-10-08T18:59:37.212728Z  INFO nanospam::wallets_factory: Receiving...
2026-10-08T18:59:37.214160Z  INFO nanospam::wallets_factory: Waiting for confirmation for 402DCF4725254BECF5C5CB5F707C169725EE114819D289F8A5477C2FFF19BDC0
2026-10-08T18:59:37.422398Z  INFO nanospam::wallets_factory: DONE
2026-10-08T18:59:37.422498Z  INFO nanospam::wallets_factory: ********************************************************************************
2026-10-08T18:59:37.422524Z  INFO nanospam::wallets_factory: Creating wallet...
2026-10-08T18:59:37.504935Z  INFO nanospam::wallets_factory: Setting default representative...
2026-10-08T18:59:37.505304Z  INFO nanospam::wallets_factory: Sending Ӿ56,547,061 to PR3 wallet nano_1sfb11jzfi8k51fcnrzi1qe3qh1e1jkic3h45oak9yfg5yhbkczzxfwtat7m ...
2026-10-08T18:59:37.505730Z  INFO nanospam::wallets_factory: Waiting for confirmation for FF4589BE1759B38CC94ABA0AE4FE6644845FE957C02EA9CEA669A28C8D1ADE97
2026-10-08T18:59:52.823583Z  INFO nanospam::wallets_factory: Receiving...
2026-10-08T18:59:52.826182Z  INFO nanospam::wallets_factory: Waiting for confirmation for 1210B877FF188F4FF352C0EDE856AA702A1D6763EFA96EA84BB10519898BE6D0
2026-10-08T18:59:52.930452Z  INFO nanospam::wallets_factory: DONE
2026-10-08T18:59:52.930510Z  INFO nanospam::wallets_factory: ********************************************************************************
2026-10-08T18:59:52.930533Z  INFO nanospam::wallets_factory: Creating wallet...
2026-10-08T18:59:52.980812Z  INFO nanospam::wallets_factory: Setting default representative...
2026-10-08T18:59:52.981117Z  INFO nanospam::wallets_factory: Sending Ӿ56,547,061 to PR4 wallet nano_1rsxmoinip7d4wafdp855194n43fs7s1jgne6tx8ruatiu6g89815pddzijp ...
2026-10-08T18:59:52.981589Z  INFO nanospam::wallets_factory: Waiting for confirmation for 23D89F3531AC5EE2378D3606C70B24D2A7B9016B8ADB1A970E6B1D9E7576186D
2026-10-08T18:59:53.187065Z  INFO nanospam::wallets_factory: Receiving...
2026-10-08T18:59:53.189218Z  INFO nanospam::wallets_factory: Waiting for confirmation for 8D401F6072C9B3A9EFBA68DA33CC97FF1D15EEB9F09CE4731C1A7614578C3E56
2026-10-08T18:59:53.397530Z  INFO nanospam::wallets_factory: DONE
2026-10-08T18:59:53.397634Z  INFO nanospam::wallets_factory: ********************************************************************************
2026-10-08T18:59:53.397779Z  INFO nanospam::wallets_factory: Sending Ӿ56,547,061 to PR5 (no node) nano_1wtzwadxk9naxc356m4rienp93ht131w7ypadk39qck8uah3bg3zohsmj9th ...
2026-10-08T18:59:53.399218Z  INFO nanospam::wallets_factory: Waiting for confirmation for A5666BC59C8DD98A7E52D6F61006629E4EDB37063C12A73BFB41D35538B371CA
2026-10-08T19:00:08.616794Z  INFO nanospam::wallets_factory: Waiting for confirmation for 49EEF9EFFD843E7FE6FB8D0DE0A19E8B88DBE91F26F5FDDB0E8862DEF7553864
2026-10-08T19:00:08.826031Z  INFO nanospam::wallets_factory: DONE
2026-10-08T19:00:08.826206Z  INFO nanospam::wallets_factory: Sending initial spam amount...
2026-10-08T19:00:08.827847Z  INFO nanospam::wallets_factory: Waiting for confirmation for 419FB62D48DB6CAB0B23AC90A215C16E9E8C0426C4714CCD19B00CFD24CEBFF1
2026-10-08T19:00:09.037053Z  INFO nanospam::wallets_factory: Receiving initial spam amount...
2026-10-08T19:00:09.038310Z  INFO nanospam::wallets_factory: Waiting for confirmation for 67E4E294192E1F521FC0AB99213E14E488FE0C1FBC031B4F2A4093547D138592
2026-10-08T19:00:09.244848Z  INFO nanospam::wallets_factory: Seeding Ӿ142,857 to nano_3d7fjech5c9k31id7563ckhpg5ohhkoamikxipepo8bo8m8qaw7ke3h1f6c8 for representative D315857CE70C54DE713F6E82E5613BB3A1266C15E28AD2F4338C7BBEC456F532
2026-10-08T19:00:09.246037Z  INFO nanospam::wallets_factory: Waiting for confirmation for F9FD0B7E28CD4808B521AA189501D44F92A1C8616B60822469817E179004A742
2026-10-08T19:00:09.352222Z  INFO nanospam::wallets_factory: Waiting for confirmation for 69069EA0499030870E78A7D3615175B971E5765D60D54629099EE2495681C0DD
2026-10-08T19:00:09.456533Z  INFO nanospam::wallets_factory: Seeding Ӿ142,857 to nano_1wwp4bfiyuj9i1ocem7dbxiyut8k18itqq6mbhm1madit4sa9j1njpwbc96t for representative A353E45E6D0016CAEED0DFA4EC5B0640E2AA22A793F9F2375E77F1AB92977C04
2026-10-08T19:00:09.457524Z  INFO nanospam::wallets_factory: Waiting for confirmation for D370A67E7D6D7DCBC092FB5D31FB2E240C41E1F368137E8ACE3B441624748102
2026-10-08T19:00:09.666485Z  INFO nanospam::wallets_factory: Waiting for confirmation for AC68A99E312733C20D0490BCBE81ABB3FE046D33A48130C49D94010DA506B4EA
2026-10-08T19:00:09.873564Z  INFO nanospam::wallets_factory: Seeding Ӿ142,857 to nano_18ikefeffr3p1gcjrdee987jd866rsqam5eb1d965fr1z86h5uen7t96mkss for representative 911999B2AEFA7ACC66EBD802B3301FF6CE431405107749D940277955CB7FDD07
2026-10-08T19:00:09.875686Z  INFO nanospam::wallets_factory: Waiting for confirmation for 74380D9CE4805DC70DAC6E06DDC316207146EB35674CD43BB86D6C0563518916
2026-10-08T19:00:10.085429Z  INFO nanospam::wallets_factory: Waiting for confirmation for 5401D6E402AE6F8BF3E800C808FAD8D6F4A4906037C254DBB0C88BC7B3EA35BE
2026-10-08T19:00:10.294614Z  INFO nanospam::wallets_factory: Seeding Ӿ142,857 to nano_17w7g9436bfx3993ksspzqo1kaq4i1zggiwigeg9kb4o4aztinpjihmazwh3 for representative 65A90023F6C0D2181AAA63F005D81BBC0C04650505E21D5123F9AE1F9E992BFF
2026-10-08T19:00:10.295843Z  INFO nanospam::wallets_factory: Waiting for confirmation for 38DD39C37E0CB0A7A1B3443B09FA707E7B9C1E79A40988AE4F7E3DA726341DD4
2026-10-08T19:00:10.504998Z  INFO nanospam::wallets_factory: Waiting for confirmation for 94B6721AF3F00D1119FCDEE02B85BECD3023315E8F358901E8C7F3A129059046
2026-10-08T19:00:10.713905Z  INFO nanospam::wallets_factory: Seeding Ӿ142,857 to nano_33137u598ynaxouir3xbpw7x76btxgc6pykjmc3cr7yqscku7a4ztpen3z6s for representative 633D9D614858AB1710D5D8C3180E2A082DC97208BA8C26BA6C6D1A86C8E31CC0
2026-10-08T19:00:10.715310Z  INFO nanospam::wallets_factory: Waiting for confirmation for 8542F04C01A07BF5CC1AAA7C4141F79655D299C108E9E38039D947A77EDA366C
2026-10-08T19:00:10.924733Z  INFO nanospam::wallets_factory: Waiting for confirmation for 46687C61C1739814C71DF45F6255C13119A3E3D89378530472141607E604DEBE
2026-10-08T19:00:11.134460Z  INFO nanospam::wallets_factory: Seeding Ӿ142,857 to nano_11fkc4wagh1cjf8moaapat5tac98q1rjrjnndq1wwz18wqo8j8j9g48nh855 for representative 735FE217D91E88EA82324C5883296385FA0041C2FAC85C827BAA46DA1E14B83F
2026-10-08T19:00:11.136011Z  INFO nanospam::wallets_factory: Waiting for confirmation for 444315DEB620A708044D1B016383FB3491E4991C2FD6C6C58515FFD75906FDF3
2026-10-08T19:00:11.344631Z  INFO nanospam::wallets_factory: Waiting for confirmation for 3A9171728FB9F3899C8FBB768005101CEFC34C4A0635B057408EB6054B3A46BA
2026-10-08T19:00:11.451540Z  INFO nanospam::high_prio_check: Creating high priority accounts...
2026-10-08T19:00:11.479735Z  INFO nanospam::high_prio_check: Waiting for confirmations...
2026-10-08T19:00:13.713605Z  INFO nanospam::app: Waiting for all PRs to see the full quorum...
2026-10-08T19:00:13.715865Z  INFO nanospam::app: All PRs see the full quorum after 2.195083ms
2026-10-08T19:00:13.715897Z  INFO nanospam::app: Waiting for all PRs to hold the same cemented ledger...
2026-10-08T19:00:13.717036Z  INFO nanospam::app: All PRs hold the same ledger of 65 blocks after 1.11925ms
EPOCH_COMMITTEE derived_by=genesis members=6 accounts=33 n=6 digest=95D409445152DD075E6A4799205DFA5689496EB8EE1A22AC2A200B9DBC2DCF27 shares=["A353E45E:16.7%", "65A90023:16.7%", "D315857C:16.7%", "911999B2:16.7%", "633D9D61:16.7%", "735FE217:16.7%"] t=1791486013717
EPOCH_START epoch=0 elections=0 t=1791486013717
EPOCH_COMMITTEE derived_by=genesis members=6 accounts=33 n=6 digest=95D409445152DD075E6A4799205DFA5689496EB8EE1A22AC2A200B9DBC2DCF27 shares=["A353E45E:16.7%", "65A90023:16.7%", "D315857C:16.7%", "911999B2:16.7%", "633D9D61:16.7%", "735FE217:16.7%"] t=1791486013718
EPOCH_START epoch=0 elections=0 t=1791486013718
EPOCH_COMMITTEE derived_by=genesis members=6 accounts=33 n=6 digest=95D409445152DD075E6A4799205DFA5689496EB8EE1A22AC2A200B9DBC2DCF27 shares=["A353E45E:16.7%", "65A90023:16.7%", "D315857C:16.7%", "911999B2:16.7%", "633D9D61:16.7%", "735FE217:16.7%"] t=1791486013718
EPOCH_START epoch=0 elections=0 t=1791486013718
EPOCH_COMMITTEE derived_by=genesis members=6 accounts=33 n=6 digest=95D409445152DD075E6A4799205DFA5689496EB8EE1A22AC2A200B9DBC2DCF27 shares=["A353E45E:16.7%", "65A90023:16.7%", "D315857C:16.7%", "911999B2:16.7%", "633D9D61:16.7%", "735FE217:16.7%"] t=1791486013718
EPOCH_START epoch=0 elections=0 t=1791486013719
EPOCH_COMMITTEE derived_by=genesis members=6 accounts=33 n=6 digest=95D409445152DD075E6A4799205DFA5689496EB8EE1A22AC2A200B9DBC2DCF27 shares=["A353E45E:16.7%", "65A90023:16.7%", "D315857C:16.7%", "911999B2:16.7%", "633D9D61:16.7%", "735FE217:16.7%"] t=1791486013719
EPOCH_START epoch=0 elections=0 t=1791486013719
2026-10-08T19:00:13.720097Z  INFO nanospam::app: Started the epochs on every PR
2026-10-08T19:00:13.720176Z  INFO nanospam::app: Connecting to node PR0... peer_addr=[::1]:17075
2026-10-08T19:00:13.720546Z  INFO nanospam::app: Performing handshake...
2026-10-08T19:00:13.721433Z  INFO nanospam::app: Performing handshake...
2026-10-08T19:00:13.733336Z  INFO nanospam::app: Performing handshake...
2026-10-08T19:00:13.745462Z  INFO nanospam::app: Performing handshake...
2026-10-08T19:00:13.756594Z  INFO nanospam::app: Connecting to node PR1... peer_addr=[::1]:17085
2026-10-08T19:00:13.756830Z  INFO nanospam::app: Performing handshake...
2026-10-08T19:00:13.757546Z  INFO nanospam::app: Performing handshake...
2026-10-08T19:00:13.769299Z  INFO nanospam::app: Performing handshake...
2026-10-08T19:00:13.780478Z  INFO nanospam::app: Performing handshake...
2026-10-08T19:00:13.791492Z  INFO nanospam::app: Connecting to node PR2... peer_addr=[::1]:17095
2026-10-08T19:00:13.791801Z  INFO nanospam::app: Performing handshake...
2026-10-08T19:00:13.792679Z  INFO nanospam::app: Performing handshake...
2026-10-08T19:00:13.803987Z  INFO nanospam::app: Performing handshake...
2026-10-08T19:00:13.815148Z  INFO nanospam::app: Performing handshake...
2026-10-08T19:00:13.827518Z  INFO nanospam::app: Connecting to node PR3... peer_addr=[::1]:17105
2026-10-08T19:00:13.827829Z  INFO nanospam::app: Performing handshake...
2026-10-08T19:00:13.828774Z  INFO nanospam::app: Performing handshake...
2026-10-08T19:00:13.841287Z  INFO nanospam::app: Performing handshake...
2026-10-08T19:00:13.852527Z  INFO nanospam::app: Performing handshake...
2026-10-08T19:00:13.864224Z  INFO nanospam::app: Connecting to node PR4... peer_addr=[::1]:17115
2026-10-08T19:00:13.864483Z  INFO nanospam::app: Performing handshake...
2026-10-08T19:00:13.865417Z  INFO nanospam::app: Performing handshake...
2026-10-08T19:00:13.876799Z  INFO nanospam::app: Performing handshake...
2026-10-08T19:00:13.889397Z  INFO nanospam::app: Performing handshake...
2026-10-08T19:00:13.900402Z  INFO nanospam::app: Connecting to websocket...
2026-10-08T19:00:13.901728Z  INFO nanospam::app: Starting with 2000 BPS
2026-10-08T19:00:13.911109Z  INFO nanospam::byzantine: 1 Byzantine representative(s) voting at random into 5 node(s)
2026-10-08T19:00:14.902412Z  INFO nanospam::app: Confirmed 591 blocks | 2,000 bps | 658 cps | avg conf time: 91 ms
2026-10-08T19:00:15.903820Z  INFO nanospam::app: Confirmed 3,946 blocks | 2,000 bps | 3,351 cps | avg conf time: 124 ms
2026-10-08T19:00:16.905109Z  INFO nanospam::app: Confirmed 5,754 blocks | 2,000 bps | 1,806 cps | avg conf time: 109 ms
2026-10-08T19:00:17.906186Z  INFO nanospam::app: Confirmed 7,573 blocks | 2,000 bps | 1,817 cps | avg conf time: 112 ms
2026-10-08T19:00:18.907277Z  INFO nanospam::app: Confirmed 9,247 blocks | 2,000 bps | 1,672 cps | avg conf time: 120 ms
2026-10-08T19:00:19.908631Z  INFO nanospam::app: Confirmed 10,889 blocks | 2,000 bps | 1,640 cps | avg conf time: 116 ms
2026-10-08T19:00:20.909732Z  INFO nanospam::app: Confirmed 12,678 blocks | 2,000 bps | 1,787 cps | avg conf time: 118 ms
EPOCH_ENDED epoch=0 elections=1695 active=1639 t=1791486021719
EPOCH_ENDED epoch=0 elections=1678 active=1622 t=1791486021720
EPOCH_ENDED epoch=0 elections=1698 active=1642 t=1791486021721
EPOCH_ENDED epoch=0 elections=1699 active=1643 t=1791486021725
EPOCH_ENDED epoch=0 elections=1698 active=1642 t=1791486021725
EPOCH_CARRIED epoch=0 instances=1675 split=20 t=1791486021748
EPOCH_ADVANCED epoch=1 elections=3370 active=3314 vote_records=149211 t=1791486021748
EPOCH_CARRIED epoch=0 instances=1678 split=20 t=1791486021758
EPOCH_ADVANCED epoch=1 elections=3376 active=3320 vote_records=149325 t=1791486021758
EPOCH_CARRIED epoch=0 instances=1679 split=20 t=1791486021762
EPOCH_ADVANCED epoch=1 elections=3378 active=3322 vote_records=149421 t=1791486021762
EPOCH_CARRIED epoch=0 instances=1678 split=20 t=1791486021763
EPOCH_ADVANCED epoch=1 elections=3376 active=3320 vote_records=149250 t=1791486021763
EPOCH_CLOSE_UNREADY epoch=0 short_of=reports usable=0 weight=0 required=5 held=0 theirs=[] t=1791486021775
EPOCH_CARRIED epoch=0 instances=1658 split=20 t=1791486021828
EPOCH_ADVANCED epoch=1 elections=3336 active=3280 vote_records=149165 t=1791486021828
EPOCH_CLOSE_UNREADY epoch=0 short_of=reports usable=0 weight=0 required=5 held=0 theirs=[] t=1791486021845
2026-10-08T19:00:21.910657Z  INFO nanospam::app: Confirmed 14,110 blocks | 2,000 bps | 1,430 cps | avg conf time: 114 ms
EPOCH_CLOSE_UNREADY epoch=0 short_of=reports usable=0 weight=0 required=5 held=0 theirs=[] t=1791486021928
EPOCH_REPORT epoch=0 certified=14211 residual=1615 root=59AF1C1B7CE5DE2D540071A05CEA00A0C441140F7E55F505BC0BE9BEF5E00580 reports=1 t=1791486021975
EPOCH_REPORT epoch=0 certified=14211 residual=1612 root=59AF1C1B7CE5DE2D540071A05CEA00A0C441140F7E55F505BC0BE9BEF5E00580 reports=1 t=1791486022028
EPOCH_REPORT epoch=0 certified=14211 residual=1620 root=59AF1C1B7CE5DE2D540071A05CEA00A0C441140F7E55F505BC0BE9BEF5E00580 reports=1 t=1791486022077
EPOCH_RECONCILED epoch=0 reporter=911999B2AEFA7ACC66EBD802B3301FF6CE431405107749D940277955CB7FDD07 complete=false entries=0 total=14211 symbols=0 dropped=false t=1791486022085
EPOCH_RECONCILED epoch=0 reporter=911999B2AEFA7ACC66EBD802B3301FF6CE431405107749D940277955CB7FDD07 complete=false entries=1569 total=1569 symbols=0 dropped=false t=1791486022089
EPOCH_CLOSE_UNREADY epoch=0 short_of=reports usable=1 weight=1 required=5 held=2 theirs=["911999B2:59AF1C1B:C530FFD4", "D315857C:59AF1C1B:5DA7FB60"] t=1791486022089
EPOCH_RECONCILED epoch=0 reporter=911999B2AEFA7ACC66EBD802B3301FF6CE431405107749D940277955CB7FDD07 complete=false entries=0 total=14211 symbols=0 dropped=false t=1791486022091
EPOCH_RECONCILED epoch=0 reporter=911999B2AEFA7ACC66EBD802B3301FF6CE431405107749D940277955CB7FDD07 complete=true entries=46 total=1615 symbols=72 dropped=false t=1791486022097
EPOCH_RECONCILED epoch=0 reporter=D315857CE70C54DE713F6E82E5613BB3A1266C15E28AD2F4338C7BBEC456F532 complete=false entries=0 total=14211 symbols=0 dropped=false t=1791486022115
EPOCH_REPORT epoch=0 certified=14211 residual=1606 root=59AF1C1B7CE5DE2D540071A05CEA00A0C441140F7E55F505BC0BE9BEF5E00580 reports=1 t=1791486022181
EPOCH_RECONCILED epoch=0 reporter=D315857CE70C54DE713F6E82E5613BB3A1266C15E28AD2F4338C7BBEC456F532 complete=true entries=1620 total=1620 symbols=0 dropped=false t=1791486022199
EPOCH_RECONCILED epoch=0 reporter=65A90023F6C0D2181AAA63F005D81BBC0C04650505E21D5123F9AE1F9E992BFF complete=false entries=0 total=14211 symbols=0 dropped=false t=1791486022199
EPOCH_RECONCILED epoch=0 reporter=65A90023F6C0D2181AAA63F005D81BBC0C04650505E21D5123F9AE1F9E992BFF complete=false entries=1575 total=1575 symbols=0 dropped=false t=1791486022207
EPOCH_RECONCILED epoch=0 reporter=65A90023F6C0D2181AAA63F005D81BBC0C04650505E21D5123F9AE1F9E992BFF complete=true entries=37 total=1612 symbols=72 dropped=false t=1791486022214
EPOCH_CLOSE_UNREADY epoch=0 short_of=reports usable=2 weight=2 required=5 held=2 theirs=["D315857C:59AF1C1B:5DA7FB60", "65A90023:59AF1C1B:9BCF5267"] t=1791486022216
EPOCH_REPORT epoch=0 certified=14211 residual=1654 root=59AF1C1B7CE5DE2D540071A05CEA00A0C441140F7E55F505BC0BE9BEF5E00580 reports=1 t=1791486022233
EPOCH_RECONCILED epoch=0 reporter=911999B2AEFA7ACC66EBD802B3301FF6CE431405107749D940277955CB7FDD07 complete=false entries=0 total=14211 symbols=0 dropped=false t=1791486022246
EPOCH_RECONCILED epoch=0 reporter=911999B2AEFA7ACC66EBD802B3301FF6CE431405107749D940277955CB7FDD07 complete=true entries=1615 total=1615 symbols=0 dropped=false t=1791486022251
EPOCH_RECONCILED epoch=0 reporter=65A90023F6C0D2181AAA63F005D81BBC0C04650505E21D5123F9AE1F9E992BFF complete=false entries=0 total=14211 symbols=0 dropped=false t=1791486022252
EPOCH_RECONCILED epoch=0 reporter=65A90023F6C0D2181AAA63F005D81BBC0C04650505E21D5123F9AE1F9E992BFF complete=false entries=1588 total=1588 symbols=0 dropped=false t=1791486022257
EPOCH_RECONCILED epoch=0 reporter=D315857CE70C54DE713F6E82E5613BB3A1266C15E28AD2F4338C7BBEC456F532 complete=false entries=0 total=14211 symbols=0 dropped=false t=1791486022260
EPOCH_RECONCILED epoch=0 reporter=911999B2AEFA7ACC66EBD802B3301FF6CE431405107749D940277955CB7FDD07 complete=true entries=1615 total=1615 symbols=0 dropped=false t=1791486022264
EPOCH_RECONCILED epoch=0 reporter=D315857CE70C54DE713F6E82E5613BB3A1266C15E28AD2F4338C7BBEC456F532 complete=true entries=1620 total=1620 symbols=0 dropped=false t=1791486022273
EPOCH_RECONCILED epoch=0 reporter=65A90023F6C0D2181AAA63F005D81BBC0C04650505E21D5123F9AE1F9E992BFF complete=true entries=24 total=1612 symbols=48 dropped=false t=1791486022277
EPOCH_RECONCILED epoch=0 reporter=65A90023F6C0D2181AAA63F005D81BBC0C04650505E21D5123F9AE1F9E992BFF complete=false entries=0 total=14211 symbols=0 dropped=false t=1791486022325
EPOCH_RECONCILED epoch=0 reporter=65A90023F6C0D2181AAA63F005D81BBC0C04650505E21D5123F9AE1F9E992BFF complete=true entries=1612 total=1612 symbols=0 dropped=false t=1791486022337
EPOCH_RECONCILED epoch=0 reporter=65A90023F6C0D2181AAA63F005D81BBC0C04650505E21D5123F9AE1F9E992BFF complete=false entries=0 total=14211 symbols=0 dropped=false t=1791486022349
EPOCH_RECONCILED epoch=0 reporter=65A90023F6C0D2181AAA63F005D81BBC0C04650505E21D5123F9AE1F9E992BFF complete=true entries=1612 total=1612 symbols=0 dropped=false t=1791486022419
EPOCH_RECONCILED epoch=0 reporter=D315857CE70C54DE713F6E82E5613BB3A1266C15E28AD2F4338C7BBEC456F532 complete=false entries=0 total=14211 symbols=0 dropped=false t=1791486022420
EPOCH_RECONCILED epoch=0 reporter=D315857CE70C54DE713F6E82E5613BB3A1266C15E28AD2F4338C7BBEC456F532 complete=false entries=1607 total=1607 symbols=0 dropped=false t=1791486022427
EPOCH_RECONCILED epoch=0 reporter=911999B2AEFA7ACC66EBD802B3301FF6CE431405107749D940277955CB7FDD07 complete=false entries=0 total=14211 symbols=0 dropped=false t=1791486022435
EPOCH_RECONCILED epoch=0 reporter=A353E45E6D0016CAEED0DFA4EC5B0640E2AA22A793F9F2375E77F1AB92977C04 complete=false entries=0 total=14211 symbols=0 dropped=false t=1791486022490
EPOCH_RECONCILED epoch=0 reporter=A353E45E6D0016CAEED0DFA4EC5B0640E2AA22A793F9F2375E77F1AB92977C04 complete=true entries=1606 total=1606 symbols=0 dropped=false t=1791486022493
EPOCH_RECONCILED epoch=0 reporter=633D9D614858AB1710D5D8C3180E2A082DC97208BA8C26BA6C6D1A86C8E31CC0 complete=false entries=0 total=14211 symbols=0 dropped=false t=1791486022494
EPOCH_RECONCILED epoch=0 reporter=633D9D614858AB1710D5D8C3180E2A082DC97208BA8C26BA6C6D1A86C8E31CC0 complete=true entries=1654 total=1654 symbols=0 dropped=false t=1791486022499
EPOCH_RECONCILED epoch=0 reporter=D315857CE70C54DE713F6E82E5613BB3A1266C15E28AD2F4338C7BBEC456F532 complete=false entries=0 total=14211 symbols=0 dropped=false t=1791486022499
EPOCH_RECONCILED epoch=0 reporter=D315857CE70C54DE713F6E82E5613BB3A1266C15E28AD2F4338C7BBEC456F532 complete=false entries=1619 total=1619 symbols=0 dropped=false t=1791486022504
EPOCH_RECONCILED epoch=0 reporter=D315857CE70C54DE713F6E82E5613BB3A1266C15E28AD2F4338C7BBEC456F532 complete=true entries=1 total=1620 symbols=16 dropped=false t=1791486022505
EPOCH_RECONCILED epoch=0 reporter=911999B2AEFA7ACC66EBD802B3301FF6CE431405107749D940277955CB7FDD07 complete=false entries=1602 total=1602 symbols=0 dropped=false t=1791486022519
EPOCH_RECONCILED epoch=0 reporter=633D9D614858AB1710D5D8C3180E2A082DC97208BA8C26BA6C6D1A86C8E31CC0 complete=false entries=0 total=14211 symbols=0 dropped=false t=1791486022520
EPOCH_RECONCILED epoch=0 reporter=A353E45E6D0016CAEED0DFA4EC5B0640E2AA22A793F9F2375E77F1AB92977C04 complete=false entries=0 total=14211 symbols=0 dropped=false t=1791486022553
EPOCH_RECONCILED epoch=0 reporter=A353E45E6D0016CAEED0DFA4EC5B0640E2AA22A793F9F2375E77F1AB92977C04 complete=true entries=1606 total=1606 symbols=0 dropped=false t=1791486022570
EPOCH_RECONCILED epoch=0 reporter=633D9D614858AB1710D5D8C3180E2A082DC97208BA8C26BA6C6D1A86C8E31CC0 complete=false entries=0 total=14211 symbols=0 dropped=false t=1791486022592
EPOCH_RECONCILED epoch=0 reporter=633D9D614858AB1710D5D8C3180E2A082DC97208BA8C26BA6C6D1A86C8E31CC0 complete=true entries=1654 total=1654 symbols=0 dropped=false t=1791486022599
EPOCH_RECONCILED epoch=0 reporter=633D9D614858AB1710D5D8C3180E2A082DC97208BA8C26BA6C6D1A86C8E31CC0 complete=false entries=1638 total=1638 symbols=0 dropped=false t=1791486022649
EPOCH_RECONCILED epoch=0 reporter=D315857CE70C54DE713F6E82E5613BB3A1266C15E28AD2F4338C7BBEC456F532 complete=true entries=13 total=1620 symbols=32 dropped=false t=1791486022666
EPOCH_RECONCILED epoch=0 reporter=911999B2AEFA7ACC66EBD802B3301FF6CE431405107749D940277955CB7FDD07 complete=true entries=13 total=1615 symbols=32 dropped=false t=1791486022667
EPOCH_RECONCILED epoch=0 reporter=633D9D614858AB1710D5D8C3180E2A082DC97208BA8C26BA6C6D1A86C8E31CC0 complete=true entries=16 total=1654 symbols=32 dropped=false t=1791486022668
EPOCH_RECONCILED epoch=0 reporter=A353E45E6D0016CAEED0DFA4EC5B0640E2AA22A793F9F2375E77F1AB92977C04 complete=false entries=0 total=14211 symbols=0 dropped=false t=1791486022787
EPOCH_RECONCILED epoch=0 reporter=A353E45E6D0016CAEED0DFA4EC5B0640E2AA22A793F9F2375E77F1AB92977C04 complete=true entries=1606 total=1606 symbols=0 dropped=false t=1791486022854
EPOCH_RECONCILED epoch=0 reporter=633D9D614858AB1710D5D8C3180E2A082DC97208BA8C26BA6C6D1A86C8E31CC0 complete=false entries=0 total=14211 symbols=0 dropped=false t=1791486022861
2026-10-08T19:00:22.912770Z  INFO nanospam::app: Confirmed 15,096 blocks | 2,000 bps | 984 cps | avg conf time: 688 ms
EPOCH_RECONCILED epoch=0 reporter=633D9D614858AB1710D5D8C3180E2A082DC97208BA8C26BA6C6D1A86C8E31CC0 complete=true entries=1654 total=1654 symbols=0 dropped=false t=1791486022988
EPOCH_RECONCILED epoch=0 reporter=A353E45E6D0016CAEED0DFA4EC5B0640E2AA22A793F9F2375E77F1AB92977C04 complete=false entries=0 total=14211 symbols=0 dropped=false t=1791486022989
EPOCH_CLOSE_READY epoch=0 t=1791486023018
EPOCH_RECONCILED epoch=0 reporter=A353E45E6D0016CAEED0DFA4EC5B0640E2AA22A793F9F2375E77F1AB92977C04 complete=true entries=1606 total=1606 symbols=0 dropped=false t=1791486023052
EPOCH_CLOSE_ROUND epoch=0 round=0 leader=633D9D614858AB1710D5D8C3180E2A082DC97208BA8C26BA6C6D1A86C8E31CC0 leads=false t=1791486023072
EPOCH_CLOSE_READY epoch=0 t=1791486023100
EPOCH_CLOSE_ROUND epoch=0 round=0 leader=633D9D614858AB1710D5D8C3180E2A082DC97208BA8C26BA6C6D1A86C8E31CC0 leads=false t=1791486023102
EPOCH_CLOSE_READY epoch=0 t=1791486023104
EPOCH_CLOSE_READY epoch=0 t=1791486023207
EPOCH_CLOSE_ROUND epoch=0 round=0 leader=633D9D614858AB1710D5D8C3180E2A082DC97208BA8C26BA6C6D1A86C8E31CC0 leads=false t=1791486023208
EPOCH_CLOSE_READY epoch=0 t=1791486023334
EPOCH_CLOSE_ROUND epoch=0 round=0 leader=633D9D614858AB1710D5D8C3180E2A082DC97208BA8C26BA6C6D1A86C8E31CC0 leads=false t=1791486023338
EPOCH_DERIVE_TIMING epoch=0 claims=17372 claim_ms=97 manifest_ms=13 build_ms=583 t=1791486023807
EPOCH_PROPOSED epoch=0 round=0 value=A9D6CEA88E898E81ABC2C3A80B488E249EBF4A6864C08C6BB47BF375B98E9261 state=C7F8E57E8EF6693BB316E0B62250FED5354B18109051B85F9624EB3D11A3AD12 reports=5 t=1791486023808
EPOCH_VALUE epoch=0 value=A9D6CEA88E898E81ABC2C3A80B488E249EBF4A6864C08C6BB47BF375B98E9261 state=C7F8E57E8EF6693BB316E0B62250FED5354B18109051B85F9624EB3D11A3AD12 t=1791486023832
EPOCH_CLOSE_ROUND epoch=0 round=0 leader=633D9D614858AB1710D5D8C3180E2A082DC97208BA8C26BA6C6D1A86C8E31CC0 leads=true t=1791486023898
2026-10-08T19:00:23.914161Z  INFO nanospam::app: Confirmed 16,996 blocks | 2,000 bps | 1,897 cps | avg conf time: 513 ms
EPOCH_VALIDATE_TIMING epoch=0 evidence_ms=123 build_ms=657 t=1791486024614
EPOCH_VALUE epoch=0 value=A9D6CEA88E898E81ABC2C3A80B488E249EBF4A6864C08C6BB47BF375B98E9261 state=C7F8E57E8EF6693BB316E0B62250FED5354B18109051B85F9624EB3D11A3AD12 t=1791486024616
EPOCH_VALIDATE_TIMING epoch=0 evidence_ms=130 build_ms=681 t=1791486024645
EPOCH_VALIDATE_TIMING epoch=0 evidence_ms=156 build_ms=628 t=1791486024704
EPOCH_VALIDATE_TIMING epoch=0 evidence_ms=336 build_ms=538 t=1791486024708
EPOCH_VALUE epoch=0 value=A9D6CEA88E898E81ABC2C3A80B488E249EBF4A6864C08C6BB47BF375B98E9261 state=C7F8E57E8EF6693BB316E0B62250FED5354B18109051B85F9624EB3D11A3AD12 t=1791486024708
EPOCH_VALUE epoch=0 value=A9D6CEA88E898E81ABC2C3A80B488E249EBF4A6864C08C6BB47BF375B98E9261 state=C7F8E57E8EF6693BB316E0B62250FED5354B18109051B85F9624EB3D11A3AD12 t=1791486024833
EPOCH_VALUE epoch=0 value=A9D6CEA88E898E81ABC2C3A80B488E249EBF4A6864C08C6BB47BF375B98E9261 state=C7F8E57E8EF6693BB316E0B62250FED5354B18109051B85F9624EB3D11A3AD12 t=1791486024903
2026-10-08T19:00:24.915448Z  INFO nanospam::app: Confirmed 18,991 blocks | 2,000 bps | 1,993 cps | avg conf time: 506 ms
EPOCH_CLOSE_ROUND epoch=0 round=1 leader=65A90023F6C0D2181AAA63F005D81BBC0C04650505E21D5123F9AE1F9E992BFF leads=true t=1791486024921
EPOCH_INSTALL epoch=0 finalized=14146 instances_confirmed=1 t=1791486025022
EPOCH_INSTALL epoch=0 finalized=14146 instances_confirmed=1 t=1791486025023
EPOCH_INSTALL epoch=0 finalized=14146 instances_confirmed=1 t=1791486025025
EPOCH_INSTALL epoch=0 finalized=14146 instances_confirmed=1 t=1791486025026
EPOCH_LATE_NOTAR epoch=0 blocks=6809 notarized=5298 cast=5835 t=1791486025027
EPOCH_LATE_NOTAR epoch=0 blocks=6809 notarized=5326 cast=5424 t=1791486025028
EPOCH_LATE_NOTAR epoch=0 blocks=6809 notarized=5298 cast=5903 t=1791486025028
EPOCH_LATE_NOTAR epoch=0 blocks=6809 notarized=5326 cast=5982 t=1791486025030
EPOCH_INSTALL epoch=0 finalized=14146 instances_confirmed=1 t=1791486025031
EPOCH_GATE epoch=1 released=2669 finalized=0 t=1791486025035
EPOCH_GATE epoch=1 released=2546 finalized=0 t=1791486025037
EPOCH_GATE epoch=1 released=2834 finalized=0 t=1791486025038
EPOCH_LATE_NOTAR epoch=0 blocks=6809 notarized=5298 cast=6014 t=1791486025039
EPOCH_GATE epoch=1 released=2843 finalized=0 t=1791486025043
EPOCH_GATE epoch=1 released=2845 finalized=0 t=1791486025048
EPOCH_COMMITTEE derived_by=0 members=6 accounts=6158 n=6 digest=95D409445152DD075E6A4799205DFA5689496EB8EE1A22AC2A200B9DBC2DCF27 shares=["65A90023:16.7%", "A353E45E:16.7%", "D315857C:16.7%", "911999B2:16.7%", "633D9D61:16.7%", "735FE217:16.7%"] t=1791486025057
EPOCH_LOCKS epoch=0 continued=0 kinds={"locks=1 kind=Some(Recovery) nc_here=false saved=false": 1565, "locks=1 kind=Some(Recovery) nc_here=false saved=true": 10, "locks=1 kind=Some(Recovery) nc_here=true saved=true": 6} t=1791486025062
EPOCH_OMITTED epoch=0 instances=173 retained=1581 t=1791486025062
EPOCH_CLOSED epoch=0 round=0 value=A9D6CEA88E898E81ABC2C3A80B488E249EBF4A6864C08C6BB47BF375B98E9261 state=C7F8E57E8EF6693BB316E0B62250FED5354B18109051B85F9624EB3D11A3AD12 t=1791486025062
EPOCH_COMMITTEE derived_by=0 members=6 accounts=6158 n=6 digest=95D409445152DD075E6A4799205DFA5689496EB8EE1A22AC2A200B9DBC2DCF27 shares=["65A90023:16.7%", "A353E45E:16.7%", "D315857C:16.7%", "911999B2:16.7%", "633D9D61:16.7%", "735FE217:16.7%"] t=1791486025064
EPOCH_LOCKS_CONTINUED epoch=0 instances=19 t=1791486025067
EPOCH_LOCKS epoch=0 continued=19 kinds={"locks=1 kind=Some(Recovery) nc_here=false saved=false": 7, "locks=1 kind=Some(Recovery) nc_here=false saved=true": 1568, "locks=1 kind=Some(Recovery) nc_here=true saved=true": 6} t=1791486025069
EPOCH_OMITTED epoch=0 instances=172 retained=1581 t=1791486025069
EPOCH_CLOSED epoch=0 round=0 value=A9D6CEA88E898E81ABC2C3A80B488E249EBF4A6864C08C6BB47BF375B98E9261 state=C7F8E57E8EF6693BB316E0B62250FED5354B18109051B85F9624EB3D11A3AD12 t=1791486025069
EPOCH_COMMITTEE derived_by=0 members=6 accounts=6158 n=6 digest=95D409445152DD075E6A4799205DFA5689496EB8EE1A22AC2A200B9DBC2DCF27 shares=["65A90023:16.7%", "A353E45E:16.7%", "D315857C:16.7%", "911999B2:16.7%", "633D9D61:16.7%", "735FE217:16.7%"] t=1791486025069
EPOCH_LOCKS epoch=0 continued=0 kinds={"locks=1 kind=Some(Recovery) nc_here=false saved=false": 1565, "locks=1 kind=Some(Recovery) nc_here=false saved=true": 10, "locks=1 kind=Some(Recovery) nc_here=true saved=true": 6} t=1791486025073
EPOCH_OMITTED epoch=0 instances=173 retained=1581 t=1791486025073
EPOCH_CLOSED epoch=0 round=0 value=A9D6CEA88E898E81ABC2C3A80B488E249EBF4A6864C08C6BB47BF375B98E9261 state=C7F8E57E8EF6693BB316E0B62250FED5354B18109051B85F9624EB3D11A3AD12 t=1791486025073
EPOCH_COMMITTEE derived_by=0 members=6 accounts=6158 n=6 digest=95D409445152DD075E6A4799205DFA5689496EB8EE1A22AC2A200B9DBC2DCF27 shares=["65A90023:16.7%", "A353E45E:16.7%", "D315857C:16.7%", "911999B2:16.7%", "633D9D61:16.7%", "735FE217:16.7%"] t=1791486025079
EPOCH_INSTALLED epoch=0 finalized=14146 cemented=14146 queued=0 missing=0 t=1791486025183
EPOCH_RETAINED epoch=0 retained=1615 held=50 missing=1565 t=1791486025185
EPOCH_LOCKS_CONTINUED epoch=0 instances=19 t=1791486025192
EPOCH_INSTALLED epoch=0 finalized=14146 cemented=14146 queued=0 missing=0 t=1791486025195
EPOCH_RETAINED epoch=0 retained=1615 held=50 missing=1565 t=1791486025197
EPOCH_COMMITTEE derived_by=0 members=6 accounts=6158 n=6 digest=95D409445152DD075E6A4799205DFA5689496EB8EE1A22AC2A200B9DBC2DCF27 shares=["65A90023:16.7%", "A353E45E:16.7%", "D315857C:16.7%", "911999B2:16.7%", "633D9D61:16.7%", "735FE217:16.7%"] t=1791486025200
EPOCH_INSTALLED epoch=0 finalized=14146 cemented=14146 queued=0 missing=0 t=1791486025200
EPOCH_LOCKS epoch=0 continued=19 kinds={"locks=1 kind=Some(Recovery) nc_here=false saved=true": 1575, "locks=1 kind=Some(Recovery) nc_here=true saved=true": 6} t=1791486025200
EPOCH_OMITTED epoch=0 instances=172 retained=1581 t=1791486025200
EPOCH_CLOSED epoch=0 round=0 value=A9D6CEA88E898E81ABC2C3A80B488E249EBF4A6864C08C6BB47BF375B98E9261 state=C7F8E57E8EF6693BB316E0B62250FED5354B18109051B85F9624EB3D11A3AD12 t=1791486025200
EPOCH_RETAINED epoch=0 retained=1615 held=1608 missing=7 t=1791486025201
EPOCH_LOCKS_CONTINUED epoch=0 instances=19 t=1791486025233
EPOCH_LOCKS epoch=0 continued=19 kinds={"locks=1 kind=Some(Recovery) nc_here=false saved=false": 7, "locks=1 kind=Some(Recovery) nc_here=false saved=true": 1568, "locks=1 kind=Some(Recovery) nc_here=true saved=true": 6} t=1791486025242
EPOCH_OMITTED epoch=0 instances=172 retained=1581 t=1791486025242
EPOCH_CLOSED epoch=0 round=0 value=A9D6CEA88E898E81ABC2C3A80B488E249EBF4A6864C08C6BB47BF375B98E9261 state=C7F8E57E8EF6693BB316E0B62250FED5354B18109051B85F9624EB3D11A3AD12 t=1791486025242
EPOCH_EVIDENCE_RELEASED epoch=0 t=1791486025269
EPOCH_EVIDENCE_RELEASED epoch=0 t=1791486025271
EPOCH_INSTALLED epoch=0 finalized=14146 cemented=14146 queued=0 missing=0 t=1791486025335
EPOCH_VALIDATE_TIMING epoch=0 evidence_ms=162 build_ms=463 t=1791486025337
EPOCH_VALIDATE_TIMING epoch=0 evidence_ms=43 build_ms=622 t=1791486025339
EPOCH_EVIDENCE_RELEASED epoch=0 t=1791486025348
EPOCH_EVIDENCE_RELEASED epoch=0 t=1791486025349
EPOCH_EVIDENCE_RELEASED epoch=0 t=1791486025350
EPOCH_RETAINED epoch=0 retained=1615 held=1608 missing=7 t=1791486025435
EPOCH_INSTALLED epoch=0 finalized=14146 cemented=14146 queued=0 missing=0 t=1791486025540
EPOCH_RETAINED epoch=0 retained=1615 held=1615 missing=0 t=1791486025542
EPOCH_FOLLOW cemented=0 cementing=0 requested=7 pending=7 t=1791486025660
EPOCH_FOLLOW cemented=0 cementing=0 requested=7 pending=7 t=1791486025674
EPOCH_FOLLOW cemented=6 cementing=0 requested=1559 pending=1559 t=1791486025707
2026-10-08T19:00:25.916436Z  INFO nanospam::app: Confirmed 19,337 blocks | 2,000 bps | 345 cps | avg conf time: 699 ms
EPOCH_FOLLOW cemented=17 cementing=0 requested=1548 pending=1548 t=1791486025979
EPOCH_FOLLOW cemented=7 cementing=0 requested=0 pending=0 t=1791486026685
EPOCH_FOLLOW cemented=7 cementing=0 requested=0 pending=0 t=1791486026727
EPOCH_FOLLOW cemented=491 cementing=0 requested=1068 pending=1068 t=1791486026755
2026-10-08T19:00:26.917464Z  INFO nanospam::app: Confirmed 21,747 blocks | 2,000 bps | 2,407 cps | avg conf time: 725 ms
EPOCH_FOLLOW cemented=570 cementing=0 requested=978 pending=978 t=1791486027037
EPOCH_FOLLOW cemented=425 cementing=0 requested=0 pending=643 t=1791486027818
2026-10-08T19:00:27.919053Z  INFO nanospam::app: Confirmed 23,656 blocks | 2,000 bps | 1,906 cps | avg conf time: 683 ms
EPOCH_FOLLOW cemented=395 cementing=0 requested=0 pending=583 t=1791486028095
EPOCH_FOLLOW cemented=16 cementing=0 requested=627 pending=627 t=1791486028875
2026-10-08T19:00:28.920432Z  INFO nanospam::app: Confirmed 25,195 blocks | 2,000 bps | 1,537 cps | avg conf time: 660 ms
EPOCH_FOLLOW cemented=13 cementing=0 requested=570 pending=570 t=1791486029149
EPOCH_ENDED epoch=1 elections=5388 active=4810 t=1791486029723
EPOCH_ENDED epoch=1 elections=5518 active=4936 t=1791486029723
EPOCH_ENDED epoch=1 elections=5313 active=4732 t=1791486029724
EPOCH_ENDED epoch=1 elections=5434 active=4858 t=1791486029725
EPOCH_ENDED epoch=1 elections=5409 active=4934 t=1791486029733
EPOCH_CARRIED epoch=1 instances=3675 split=57 t=1791486029783
EPOCH_ADVANCED epoch=2 elections=8981 active=8400 vote_records=286896 t=1791486029783
EPOCH_CARRIED epoch=1 instances=3799 split=54 t=1791486029785
EPOCH_ADVANCED epoch=2 elections=7730 active=7154 vote_records=286727 t=1791486029785
EPOCH_CARRIED epoch=1 instances=3753 split=54 t=1791486029786
EPOCH_ADVANCED epoch=2 elections=7638 active=7060 vote_records=286599 t=1791486029786
EPOCH_CLOSE_UNREADY epoch=1 short_of=reports usable=0 weight=0 required=5 held=0 theirs=[] t=1791486029839
EPOCH_CARRIED epoch=1 instances=3880 split=57 t=1791486029841
EPOCH_ADVANCED epoch=2 elections=9391 active=8809 vote_records=286894 t=1791486029841
EPOCH_CLOSE_UNREADY epoch=1 short_of=reports usable=0 weight=0 required=5 held=0 theirs=[] t=1791486029899
EPOCH_CLOSE_UNREADY epoch=1 short_of=reports usable=0 weight=0 required=5 held=0 theirs=[] t=1791486029906
EPOCH_LOCKS_CONTINUED epoch=0 instances=43 t=1791486029911
EPOCH_CARRIED epoch=1 instances=3771 split=57 t=1791486029913
EPOCH_ADVANCED epoch=2 elections=9180 active=8705 vote_records=286228 t=1791486029913
EPOCH_LOCKS_CONTINUED epoch=0 instances=43 t=1791486029916
EPOCH_FOLLOW cemented=249 cementing=0 requested=0 pending=378 t=1791486029918
2026-10-08T19:00:29.922099Z  INFO nanospam::app: Confirmed 26,415 blocks | 2,000 bps | 1,218 cps | avg conf time: 595 ms
EPOCH_CLOSE_UNREADY epoch=1 short_of=reports usable=0 weight=0 required=5 held=0 theirs=[] t=1791486029959
EPOCH_LOCKS_CONTINUED epoch=0 instances=43 t=1791486029974
EPOCH_FOLLOW cemented=326 cementing=0 requested=0 pending=244 t=1791486030201
EPOCH_CLOSE_UNREADY epoch=1 short_of=reports usable=0 weight=0 required=5 held=0 theirs=[] t=1791486030471
2026-10-08T19:00:30.923564Z  INFO nanospam::app: Confirmed 26,415 blocks | 2,000 bps | 0 cps | avg conf time: 0 ms
EPOCH_REPORT epoch=1 certified=28628 residual=3087 root=D5CCB01E5A99D116A0D47B4AD33A7120956D949E7F488E8CED0ECB1FC64D6642 reports=1 t=1791486030927
EPOCH_FOLLOW cemented=6 cementing=0 requested=0 pending=372 t=1791486030954
EPOCH_CLOSE_UNREADY epoch=1 short_of=reports usable=1 weight=1 required=5 held=0 theirs=[] t=1791486031085
EPOCH_FOLLOW cemented=3 cementing=0 requested=0 pending=241 t=1791486031247
EPOCH_REPORT epoch=1 certified=28628 residual=3448 root=74F4DA6A8BA5A2281ACEC2F64DD07730D096AC77E8DA3CCB9B378AA5FB10438A reports=1 t=1791486031263
EPOCH_REPORT epoch=1 certified=28420 residual=3402 root=9CAE2FA9C1CF42AB5A5065F51131C2380142589DF8FE9DBA576E2342FD51D954 reports=1 t=1791486031324
EPOCH_REPORT epoch=1 certified=28628 residual=3242 root=0BB85DE0EE0858559661C9EE8D42D89E3825A95DC0CAB3AC3E063F2E583D0B85 reports=1 t=1791486031374
EPOCH_REPORT epoch=1 certified=28628 residual=3031 root=D5CCB01E5A99D116A0D47B4AD33A7120956D949E7F488E8CED0ECB1FC64D6642 reports=1 t=1791486031476
EPOCH_RECONCILED epoch=1 reporter=65A90023F6C0D2181AAA63F005D81BBC0C04650505E21D5123F9AE1F9E992BFF complete=false entries=0 total=28628 symbols=0 dropped=false t=1791486031728
EPOCH_CLOSE_UNREADY epoch=1 short_of=reports usable=1 weight=1 required=5 held=4 theirs=["65A90023:D5CCB01E:2DAE874C", "911999B2:74F4DA6A:EFFAE93D", "A353E45E:0BB85DE0:49E3E39D", "D315857C:D5CCB01E:C655022A"] t=1791486031810
EPOCH_RECONCILED epoch=1 reporter=65A90023F6C0D2181AAA63F005D81BBC0C04650505E21D5123F9AE1F9E992BFF complete=false entries=544 total=28628 symbols=819 dropped=false t=1791486031816
EPOCH_RECONCILED epoch=1 reporter=911999B2AEFA7ACC66EBD802B3301FF6CE431405107749D940277955CB7FDD07 complete=false entries=546 total=28628 symbols=819 dropped=false t=1791486031823
EPOCH_RECONCILED epoch=1 reporter=65A90023F6C0D2181AAA63F005D81BBC0C04650505E21D5123F9AE1F9E992BFF complete=false entries=2981 total=2981 symbols=0 dropped=false t=1791486031909
2026-10-08T19:00:31.925265Z  INFO nanospam::app: Confirmed 26,532 blocks | 2,000 bps | 116 cps | avg conf time: 2382 ms
EPOCH_RECONCILED epoch=1 reporter=65A90023F6C0D2181AAA63F005D81BBC0C04650505E21D5123F9AE1F9E992BFF complete=false entries=540 total=28628 symbols=819 dropped=false t=1791486031939
EPOCH_FOLLOW cemented=2 cementing=0 requested=0 pending=370 t=1791486031998
EPOCH_CLOSE_UNREADY epoch=1 short_of=reports usable=1 weight=1 required=5 held=4 theirs=["A353E45E:0BB85DE0:49E3E39D", "911999B2:74F4DA6A:EFFAE93D", "65A90023:D5CCB01E:2DAE874C", "633D9D61:9CAE2FA9:C64B769D"] t=1791486032213
EPOCH_RECONCILED epoch=1 reporter=D315857CE70C54DE713F6E82E5613BB3A1266C15E28AD2F4338C7BBEC456F532 complete=false entries=0 total=28628 symbols=0 dropped=false t=1791486032257
EPOCH_RECONCILED epoch=1 reporter=65A90023F6C0D2181AAA63F005D81BBC0C04650505E21D5123F9AE1F9E992BFF complete=true entries=106 total=3087 symbols=162 dropped=false t=1791486032270
EPOCH_FOLLOW cemented=1 cementing=0 requested=0 pending=240 t=1791486032308
EPOCH_RECONCILED epoch=1 reporter=633D9D614858AB1710D5D8C3180E2A082DC97208BA8C26BA6C6D1A86C8E31CC0 complete=false entries=676 total=28420 symbols=1228 dropped=false t=1791486032328
EPOCH_RECONCILED epoch=1 reporter=911999B2AEFA7ACC66EBD802B3301FF6CE431405107749D940277955CB7FDD07 complete=false entries=542 total=28628 symbols=819 dropped=false t=1791486032343
EPOCH_CLOSE_UNREADY epoch=1 short_of=reports usable=1 weight=1 required=5 held=4 theirs=["D315857C:D5CCB01E:C655022A", "633D9D61:9CAE2FA9:C64B769D", "65A90023:D5CCB01E:2DAE874C", "A353E45E:0BB85DE0:49E3E39D"] t=1791486032496
EPOCH_RECONCILED epoch=1 reporter=D315857CE70C54DE713F6E82E5613BB3A1266C15E28AD2F4338C7BBEC456F532 complete=false entries=2965 total=2965 symbols=0 dropped=false t=1791486032499
EPOCH_CLOSE_UNREADY epoch=1 short_of=reports usable=1 weight=1 required=5 held=4 theirs=["633D9D61:9CAE2FA9:C64B769D", "65A90023:D5CCB01E:2DAE874C", "911999B2:74F4DA6A:EFFAE93D", "D315857C:D5CCB01E:C655022A"] t=1791486032532
EPOCH_RECONCILED epoch=1 reporter=911999B2AEFA7ACC66EBD802B3301FF6CE431405107749D940277955CB7FDD07 complete=false entries=542 total=28628 symbols=819 dropped=false t=1791486032549
EPOCH_RECONCILED epoch=1 reporter=D315857CE70C54DE713F6E82E5613BB3A1266C15E28AD2F4338C7BBEC456F532 complete=false entries=540 total=28628 symbols=819 dropped=false t=1791486032567
EPOCH_RECONCILED epoch=1 reporter=65A90023F6C0D2181AAA63F005D81BBC0C04650505E21D5123F9AE1F9E992BFF complete=false entries=540 total=28628 symbols=819 dropped=false t=1791486032567
2026-10-08T19:00:32.930045Z  INFO nanospam::app: Confirmed 26,809 blocks | 2,000 bps | 275 cps | avg conf time: 2837 ms
EPOCH_RECONCILED epoch=1 reporter=65A90023F6C0D2181AAA63F005D81BBC0C04650505E21D5123F9AE1F9E992BFF complete=false entries=3026 total=3026 symbols=0 dropped=false t=1791486033151
EPOCH_RECONCILED epoch=1 reporter=911999B2AEFA7ACC66EBD802B3301FF6CE431405107749D940277955CB7FDD07 complete=true entries=3448 total=3448 symbols=0 dropped=false t=1791486033226
EPOCH_RECONCILED epoch=1 reporter=D315857CE70C54DE713F6E82E5613BB3A1266C15E28AD2F4338C7BBEC456F532 complete=false entries=0 total=28628 symbols=0 dropped=false t=1791486033228
EPOCH_CLOSE_UNREADY epoch=1 short_of=reports usable=1 weight=1 required=5 held=4 theirs=["911999B2:74F4DA6A:EFFAE93D", "A353E45E:0BB85DE0:49E3E39D", "D315857C:D5CCB01E:C655022A", "633D9D61:9CAE2FA9:C64B769D"] t=1791486033260
EPOCH_RECONCILED epoch=1 reporter=A353E45E6D0016CAEED0DFA4EC5B0640E2AA22A793F9F2375E77F1AB92977C04 complete=false entries=548 total=28628 symbols=819 dropped=false t=1791486033268
EPOCH_FOLLOW cemented=0 cementing=0 requested=370 pending=370 t=1791486033355
EPOCH_FOLLOW cemented=0 cementing=0 requested=240 pending=240 t=1791486033426
EPOCH_RECONCILED epoch=1 reporter=A353E45E6D0016CAEED0DFA4EC5B0640E2AA22A793F9F2375E77F1AB92977C04 complete=false entries=548 total=28628 symbols=819 dropped=false t=1791486033573
EPOCH_RECONCILED epoch=1 reporter=D315857CE70C54DE713F6E82E5613BB3A1266C15E28AD2F4338C7BBEC456F532 complete=true entries=3031 total=3031 symbols=0 dropped=false t=1791486033597
2026-10-08T19:00:33.931854Z  INFO nanospam::app: Confirmed 26,809 blocks | 2,000 bps | 0 cps | avg conf time: 0 ms
EPOCH_RECONCILED epoch=1 reporter=A353E45E6D0016CAEED0DFA4EC5B0640E2AA22A793F9F2375E77F1AB92977C04 complete=false entries=548 total=28628 symbols=819 dropped=false t=1791486033987
EPOCH_RECONCILED epoch=1 reporter=A353E45E6D0016CAEED0DFA4EC5B0640E2AA22A793F9F2375E77F1AB92977C04 complete=false entries=548 total=28628 symbols=819 dropped=false t=1791486034171
EPOCH_RECONCILED epoch=1 reporter=65A90023F6C0D2181AAA63F005D81BBC0C04650505E21D5123F9AE1F9E992BFF complete=true entries=61 total=3087 symbols=108 dropped=false t=1791486034374
EPOCH_FOLLOW cemented=104 cementing=0 requested=0 pending=136 t=1791486034428
EPOCH_RECONCILED epoch=1 reporter=911999B2AEFA7ACC66EBD802B3301FF6CE431405107749D940277955CB7FDD07 complete=false entries=542 total=28628 symbols=819 dropped=false t=1791486034532
EPOCH_RECONCILED epoch=1 reporter=A353E45E6D0016CAEED0DFA4EC5B0640E2AA22A793F9F2375E77F1AB92977C04 complete=false entries=3233 total=3233 symbols=0 dropped=false t=1791486034705
EPOCH_CLOSE_UNREADY epoch=1 short_of=reports usable=3 weight=3 required=5 held=4 theirs=["65A90023:D5CCB01E:2DAE874C", "911999B2:74F4DA6A:EFFAE93D", "A353E45E:0BB85DE0:49E3E39D", "D315857C:D5CCB01E:C655022A"] t=1791486034712
EPOCH_RECONCILED epoch=1 reporter=633D9D614858AB1710D5D8C3180E2A082DC97208BA8C26BA6C6D1A86C8E31CC0 complete=false entries=676 total=28420 symbols=1228 dropped=false t=1791486034725
EPOCH_RECONCILED epoch=1 reporter=911999B2AEFA7ACC66EBD802B3301FF6CE431405107749D940277955CB7FDD07 complete=true entries=3448 total=3448 symbols=0 dropped=false t=1791486034868
EPOCH_RECONCILED epoch=1 reporter=633D9D614858AB1710D5D8C3180E2A082DC97208BA8C26BA6C6D1A86C8E31CC0 complete=true entries=3402 total=3402 symbols=0 dropped=false t=1791486034877
2026-10-08T19:00:34.933690Z  INFO nanospam::app: Confirmed 27,399 blocks | 2,000 bps | 588 cps | avg conf time: 4908 ms
EPOCH_RECONCILED epoch=1 reporter=A353E45E6D0016CAEED0DFA4EC5B0640E2AA22A793F9F2375E77F1AB92977C04 complete=true entries=9 total=3242 symbols=16 dropped=false t=1791486034980
EPOCH_RECONCILED epoch=1 reporter=D315857CE70C54DE713F6E82E5613BB3A1266C15E28AD2F4338C7BBEC456F532 complete=true entries=66 total=3031 symbols=108 dropped=false t=1791486035034
EPOCH_RECONCILED epoch=1 reporter=D315857CE70C54DE713F6E82E5613BB3A1266C15E28AD2F4338C7BBEC456F532 complete=true entries=3031 total=3031 symbols=0 dropped=false t=1791486035044
EPOCH_RECONCILED epoch=1 reporter=633D9D614858AB1710D5D8C3180E2A082DC97208BA8C26BA6C6D1A86C8E31CC0 complete=false entries=676 total=28420 symbols=1228 dropped=false t=1791486035050
EPOCH_RECONCILED epoch=1 reporter=633D9D614858AB1710D5D8C3180E2A082DC97208BA8C26BA6C6D1A86C8E31CC0 complete=true entries=3402 total=3402 symbols=0 dropped=false t=1791486035060
EPOCH_RECONCILED epoch=1 reporter=65A90023F6C0D2181AAA63F005D81BBC0C04650505E21D5123F9AE1F9E992BFF complete=true entries=3087 total=3087 symbols=0 dropped=false t=1791486035073
EPOCH_RECONCILED epoch=1 reporter=A353E45E6D0016CAEED0DFA4EC5B0640E2AA22A793F9F2375E77F1AB92977C04 complete=true entries=3242 total=3242 symbols=0 dropped=false t=1791486035078
EPOCH_RECONCILED epoch=1 reporter=911999B2AEFA7ACC66EBD802B3301FF6CE431405107749D940277955CB7FDD07 complete=false entries=3439 total=3439 symbols=0 dropped=false t=1791486035117
EPOCH_RECONCILED epoch=1 reporter=65A90023F6C0D2181AAA63F005D81BBC0C04650505E21D5123F9AE1F9E992BFF complete=true entries=3087 total=3087 symbols=0 dropped=false t=1791486035119
EPOCH_RECONCILED epoch=1 reporter=A353E45E6D0016CAEED0DFA4EC5B0640E2AA22A793F9F2375E77F1AB92977C04 complete=true entries=3242 total=3242 symbols=0 dropped=false t=1791486035121
EPOCH_FOLLOW cemented=179 cementing=0 requested=0 pending=191 t=1791486035182
EPOCH_RECONCILED epoch=1 reporter=911999B2AEFA7ACC66EBD802B3301FF6CE431405107749D940277955CB7FDD07 complete=false entries=3437 total=3437 symbols=0 dropped=false t=1791486035185
EPOCH_RECONCILED epoch=1 reporter=D315857CE70C54DE713F6E82E5613BB3A1266C15E28AD2F4338C7BBEC456F532 complete=false entries=0 total=28628 symbols=0 dropped=false t=1791486035186
EPOCH_RECONCILED epoch=1 reporter=D315857CE70C54DE713F6E82E5613BB3A1266C15E28AD2F4338C7BBEC456F532 complete=true entries=3031 total=3031 symbols=0 dropped=false t=1791486035191
EPOCH_RECONCILED epoch=1 reporter=911999B2AEFA7ACC66EBD802B3301FF6CE431405107749D940277955CB7FDD07 complete=true entries=11 total=3448 symbols=16 dropped=false t=1791486035232
EPOCH_RECONCILED epoch=1 reporter=633D9D614858AB1710D5D8C3180E2A082DC97208BA8C26BA6C6D1A86C8E31CC0 complete=false entries=3401 total=3401 symbols=0 dropped=false t=1791486035272
EPOCH_RECONCILED epoch=1 reporter=633D9D614858AB1710D5D8C3180E2A082DC97208BA8C26BA6C6D1A86C8E31CC0 complete=false entries=680 total=28420 symbols=1228 dropped=false t=1791486035281
EPOCH_RECONCILED epoch=1 reporter=911999B2AEFA7ACC66EBD802B3301FF6CE431405107749D940277955CB7FDD07 complete=true entries=9 total=3448 symbols=16 dropped=false t=1791486035486
EPOCH_RECONCILED epoch=1 reporter=633D9D614858AB1710D5D8C3180E2A082DC97208BA8C26BA6C6D1A86C8E31CC0 complete=true entries=1 total=3402 symbols=16 dropped=false t=1791486035539
2026-10-08T19:00:35.935056Z  INFO nanospam::app: Confirmed 29,317 blocks | 2,000 bps | 1,915 cps | avg conf time: 5074 ms
EPOCH_CLOSE_UNREADY epoch=1 short_of=reports usable=4 weight=4 required=5 held=4 theirs=["A353E45E:0BB85DE0:49E3E39D", "911999B2:74F4DA6A:EFFAE93D", "65A90023:D5CCB01E:2DAE874C", "633D9D61:9CAE2FA9:C64B769D"] t=1791486036011
EPOCH_RECONCILED epoch=1 reporter=A353E45E6D0016CAEED0DFA4EC5B0640E2AA22A793F9F2375E77F1AB92977C04 complete=true entries=3242 total=3242 symbols=0 dropped=false t=1791486036168
EPOCH_CLOSE_UNREADY epoch=1 short_of=reports usable=3 weight=3 required=5 held=4 theirs=["633D9D61:9CAE2FA9:C64B769D", "65A90023:D5CCB01E:2DAE874C", "911999B2:74F4DA6A:EFFAE93D", "D315857C:D5CCB01E:C655022A"] t=1791486036232
EPOCH_FOLLOW cemented=23 cementing=0 requested=0 pending=113 t=1791486036526
EPOCH_CLOSE_UNREADY epoch=1 short_of=reports usable=4 weight=4 required=5 held=4 theirs=["911999B2:74F4DA6A:EFFAE93D", "A353E45E:0BB85DE0:49E3E39D", "D315857C:D5CCB01E:C655022A", "633D9D61:9CAE2FA9:C64B769D"] t=1791486036603
EPOCH_CLOSE_READY epoch=1 t=1791486036905
2026-10-08T19:00:36.937158Z  INFO nanospam::app: Confirmed 30,658 blocks | 2,000 bps | 1,338 cps | avg conf time: 5359 ms
EPOCH_CLOSE_READY epoch=1 t=1791486036974
EPOCH_CLOSE_ROUND epoch=1 round=0 leader=65A90023F6C0D2181AAA63F005D81BBC0C04650505E21D5123F9AE1F9E992BFF leads=false t=1791486036990
EPOCH_CLOSE_ROUND epoch=1 round=0 leader=65A90023F6C0D2181AAA63F005D81BBC0C04650505E21D5123F9AE1F9E992BFF leads=false t=1791486037201
EPOCH_RECONCILED epoch=1 reporter=633D9D614858AB1710D5D8C3180E2A082DC97208BA8C26BA6C6D1A86C8E31CC0 complete=true entries=3402 total=3402 symbols=0 dropped=false t=1791486037518
EPOCH_ENDED epoch=2 elections=12939 active=10631 t=1791486037721
EPOCH_ENDED epoch=2 elections=12981 active=10779 t=1791486037721
EPOCH_ENDED epoch=2 elections=13259 active=11076 t=1791486037722
EPOCH_ENDED epoch=2 elections=13582 active=10949 t=1791486037723
EPOCH_ENDED epoch=2 elections=13003 active=10345 t=1791486037763
EPOCH_CLOSE_READY epoch=1 t=1791486037816
EPOCH_CLOSE_ROUND epoch=1 round=0 leader=65A90023F6C0D2181AAA63F005D81BBC0C04650505E21D5123F9AE1F9E992BFF leads=false t=1791486037819
EPOCH_DRAIN_WAIT epoch=2 unterminated=5242 previous_closed=false first=["8977B916F3502E71DBCBE283D1046168D148A2AD01C2540619F16B49D402EDA9:active:2:3", "0790B673412ADCE518C13FBA244CD258465B7F7FD6EEDD41CDB56BBFEBDD6D57:active:2:5", "9E8F0F71D8B09652F95884FF54631A79F2197775A6E00A2601A063BCA5E05168:active:1:3"] t=1791486037820
EPOCH_DRAIN_WAIT epoch=2 unterminated=5209 previous_closed=false first=["8977B916F3502E71DBCBE283D1046168D148A2AD01C2540619F16B49D402EDA9:active:2:3", "0790B673412ADCE518C13FBA244CD258465B7F7FD6EEDD41CDB56BBFEBDD6D57:active:2:5", "01FA0023602B9310B074F5F51A67F99F16D642A5065E37D3D96EC2FFDA0BCC61:active:1:3"] t=1791486037940
2026-10-08T19:00:37.948473Z  INFO nanospam::app: Confirmed 34,537 blocks | 2,000 bps | 3,873 cps | avg conf time: 4519 ms
EPOCH_DRAIN_WAIT epoch=2 unterminated=4889 previous_closed=false first=["8977B916F3502E71DBCBE283D1046168D148A2AD01C2540619F16B49D402EDA9:active:2:3", "0790B673412ADCE518C13FBA244CD258465B7F7FD6EEDD41CDB56BBFEBDD6D57:active:2:5", "9E8F0F71D8B09652F95884FF54631A79F2197775A6E00A2601A063BCA5E05168:active:1:3"] t=1791486038081
EPOCH_CLOSE_READY epoch=1 t=1791486038296
EPOCH_FOLLOW cemented=3 cementing=0 requested=0 pending=188 t=1791486038310
EPOCH_CLOSE_ROUND epoch=1 round=0 leader=65A90023F6C0D2181AAA63F005D81BBC0C04650505E21D5123F9AE1F9E992BFF leads=false t=1791486038312
EPOCH_DRAIN_WAIT epoch=2 unterminated=4803 previous_closed=false first=["0790B673412ADCE518C13FBA244CD258465B7F7FD6EEDD41CDB56BBFEBDD6D57:active:2:5", "14EAB7FF892E0710F504AD2FC9F2DF17D0E4023CE7BF1C90DE886A01FA0E1895:active:2:5", "1B8603C203ACE8112217B13B8A2D92240C7A01D788FBE6242A2F056B4E644945:active:1:2"] t=1791486038329
EPOCH_CLOSE_READY epoch=1 t=1791486038423
EPOCH_FOLLOW cemented=1 cementing=0 requested=0 pending=112 t=1791486038628
2026-10-08T19:00:38.949660Z  INFO nanospam::app: Confirmed 37,962 blocks | 2,000 bps | 3,387 cps | avg conf time: 2451 ms
EPOCH_DRAIN_WAIT epoch=2 unterminated=4212 previous_closed=false first=["8977B916F3502E71DBCBE283D1046168D148A2AD01C2540619F16B49D402EDA9:active:2:3", "0790B673412ADCE518C13FBA244CD258465B7F7FD6EEDD41CDB56BBFEBDD6D57:active:2:5", "14EAB7FF892E0710F504AD2FC9F2DF17D0E4023CE7BF1C90DE886A01FA0E1895:active:2:5"] t=1791486039083
EPOCH_DRAIN_WAIT epoch=2 unterminated=4191 previous_closed=false first=["8977B916F3502E71DBCBE283D1046168D148A2AD01C2540619F16B49D402EDA9:active:2:3", "0790B673412ADCE518C13FBA244CD258465B7F7FD6EEDD41CDB56BBFEBDD6D57:active:2:5", "14EAB7FF892E0710F504AD2FC9F2DF17D0E4023CE7BF1C90DE886A01FA0E1895:active:2:5"] t=1791486039312
EPOCH_FOLLOW cemented=1 cementing=0 requested=0 pending=187 t=1791486039389
EPOCH_DRAIN_WAIT epoch=2 unterminated=4187 previous_closed=false first=["8977B916F3502E71DBCBE283D1046168D148A2AD01C2540619F16B49D402EDA9:active:2:3", "0790B673412ADCE518C13FBA244CD258465B7F7FD6EEDD41CDB56BBFEBDD6D57:active:2:5", "14EAB7FF892E0710F504AD2FC9F2DF17D0E4023CE7BF1C90DE886A01FA0E1895:active:2:5"] t=1791486039431
EPOCH_DERIVE_TIMING epoch=1 claims=33263 claim_ms=500 manifest_ms=108 build_ms=557 t=1791486039663
EPOCH_PROPOSED epoch=1 round=0 value=35B9A403440A53144FE69EAA75A7477499FEEF662A622A0C51C0110CCF6C8E7C state=36E10B9F57CA16378E646507EB514C49B46410CB8995ECF5322FFB7B9EECCEDA reports=5 t=1791486039664
EPOCH_VALUE epoch=1 value=35B9A403440A53144FE69EAA75A7477499FEEF662A622A0C51C0110CCF6C8E7C state=36E10B9F57CA16378E646507EB514C49B46410CB8995ECF5322FFB7B9EECCEDA t=1791486039664
EPOCH_FOLLOW cemented=1 cementing=0 requested=0 pending=111 t=1791486039665
EPOCH_CLOSE_ROUND epoch=1 round=0 leader=65A90023F6C0D2181AAA63F005D81BBC0C04650505E21D5123F9AE1F9E992BFF leads=true t=1791486039667
EPOCH_DRAIN_WAIT epoch=2 unterminated=4034 previous_closed=false first=["8977B916F3502E71DBCBE283D1046168D148A2AD01C2540619F16B49D402EDA9:active:2:3", "0790B673412ADCE518C13FBA244CD258465B7F7FD6EEDD41CDB56BBFEBDD6D57:active:2:5", "14EAB7FF892E0710F504AD2FC9F2DF17D0E4023CE7BF1C90DE886A01FA0E1895:active:2:5"] t=1791486039668
2026-10-08T19:00:39.950710Z  INFO nanospam::app: Confirmed 38,433 blocks | 2,000 bps | 470 cps | avg conf time: 1730 ms
EPOCH_MANIFEST_FETCHED epoch=1 manifest=CC7AF917DE0506EBBFB4F222A1B6551B487275ECBCC1CE5B5DF489F66FD863A6 entries=26706 t=1791486039967
EPOCH_MANIFEST_FETCHED epoch=1 manifest=CC7AF917DE0506EBBFB4F222A1B6551B487275ECBCC1CE5B5DF489F66FD863A6 entries=26706 t=1791486039980
EPOCH_MANIFEST_FETCHED epoch=1 manifest=CC7AF917DE0506EBBFB4F222A1B6551B487275ECBCC1CE5B5DF489F66FD863A6 entries=26706 t=1791486040080
EPOCH_MANIFEST_FETCHED epoch=1 manifest=CC7AF917DE0506EBBFB4F222A1B6551B487275ECBCC1CE5B5DF489F66FD863A6 entries=26706 t=1791486040159
EPOCH_MANIFEST_VOTES_MISSING epoch=1 manifest=CC7AF917DE0506EBBFB4F222A1B6551B487275ECBCC1CE5B5DF489F66FD863A6 hashes=81 t=1791486040266
EPOCH_FOLLOW cemented=5 cementing=0 requested=0 pending=182 t=1791486040440
EPOCH_MANIFEST_VOTES_MISSING epoch=1 manifest=CC7AF917DE0506EBBFB4F222A1B6551B487275ECBCC1CE5B5DF489F66FD863A6 hashes=1 t=1791486040445
EPOCH_MANIFEST_VOTES_MISSING epoch=1 manifest=CC7AF917DE0506EBBFB4F222A1B6551B487275ECBCC1CE5B5DF489F66FD863A6 hashes=10 t=1791486040463
EPOCH_MANIFEST_VOTES_MISSING epoch=1 manifest=CC7AF917DE0506EBBFB4F222A1B6551B487275ECBCC1CE5B5DF489F66FD863A6 hashes=1 t=1791486040586
EPOCH_CLOSE_ROUND epoch=1 round=1 leader=735FE217D91E88EA82324C5883296385FA0041C2FAC85C827BAA46DA1E14B83F leads=false t=1791486040604
EPOCH_DRAIN_WAIT epoch=2 unterminated=4176 previous_closed=false first=["8977B916F3502E71DBCBE283D1046168D148A2AD01C2540619F16B49D402EDA9:active:2:3", "0790B673412ADCE518C13FBA244CD258465B7F7FD6EEDD41CDB56BBFEBDD6D57:active:2:5", "14EAB7FF892E0710F504AD2FC9F2DF17D0E4023CE7BF1C90DE886A01FA0E1895:active:2:5"] t=1791486040604
EPOCH_CLOSE_ROUND epoch=1 round=1 leader=735FE217D91E88EA82324C5883296385FA0041C2FAC85C827BAA46DA1E14B83F leads=false t=1791486040606
EPOCH_MANIFEST_VOTES_MISSING epoch=1 manifest=CC7AF917DE0506EBBFB4F222A1B6551B487275ECBCC1CE5B5DF489F66FD863A6 hashes=70 t=1791486040616
EPOCH_FOLLOW cemented=3 cementing=0 requested=0 pending=108 t=1791486040706
2026-10-08T19:00:40.953558Z  INFO nanospam::app: Confirmed 38,442 blocks | 2,000 bps | 8 cps | avg conf time: 2722 ms
EPOCH_DRAIN_WAIT epoch=2 unterminated=4030 previous_closed=false first=["8977B916F3502E71DBCBE283D1046168D148A2AD01C2540619F16B49D402EDA9:active:2:3", "0790B673412ADCE518C13FBA244CD258465B7F7FD6EEDD41CDB56BBFEBDD6D57:active:2:5", "14EAB7FF892E0710F504AD2FC9F2DF17D0E4023CE7BF1C90DE886A01FA0E1895:active:2:5"] t=1791486040956
EPOCH_FOLLOW cemented=7 cementing=0 requested=175 pending=175 t=1791486041493
EPOCH_VALIDATE_TIMING epoch=1 evidence_ms=822 build_ms=467 t=1791486041741
EPOCH_VALUE epoch=1 value=35B9A403440A53144FE69EAA75A7477499FEEF662A622A0C51C0110CCF6C8E7C state=36E10B9F57CA16378E646507EB514C49B46410CB8995ECF5322FFB7B9EECCEDA t=1791486041742
EPOCH_CLOSE_ROUND epoch=1 round=1 leader=735FE217D91E88EA82324C5883296385FA0041C2FAC85C827BAA46DA1E14B83F leads=false t=1791486041748
EPOCH_DRAIN_WAIT epoch=2 unterminated=4158 previous_closed=false first=["8977B916F3502E71DBCBE283D1046168D148A2AD01C2540619F16B49D402EDA9:active:2:3", "0790B673412ADCE518C13FBA244CD258465B7F7FD6EEDD41CDB56BBFEBDD6D57:active:2:5", "14EAB7FF892E0710F504AD2FC9F2DF17D0E4023CE7BF1C90DE886A01FA0E1895:active:2:5"] t=1791486041749
EPOCH_FOLLOW cemented=4 cementing=0 requested=104 pending=104 t=1791486041762
2026-10-08T19:00:41.954407Z  INFO nanospam::app: Confirmed 38,442 blocks | 2,000 bps | 0 cps | avg conf time: 0 ms
EPOCH_VALIDATE_TIMING epoch=1 evidence_ms=676 build_ms=645 t=1791486041970
EPOCH_VALUE epoch=1 value=35B9A403440A53144FE69EAA75A7477499FEEF662A622A0C51C0110CCF6C8E7C state=36E10B9F57CA16378E646507EB514C49B46410CB8995ECF5322FFB7B9EECCEDA t=1791486041975
EPOCH_VALIDATE_TIMING epoch=1 evidence_ms=835 build_ms=700 t=1791486042006
EPOCH_VALIDATE_TIMING epoch=1 evidence_ms=812 build_ms=576 t=1791486042010
EPOCH_VALUE epoch=1 value=35B9A403440A53144FE69EAA75A7477499FEEF662A622A0C51C0110CCF6C8E7C state=36E10B9F57CA16378E646507EB514C49B46410CB8995ECF5322FFB7B9EECCEDA t=1791486042025
EPOCH_VALUE epoch=1 value=35B9A403440A53144FE69EAA75A7477499FEEF662A622A0C51C0110CCF6C8E7C state=36E10B9F57CA16378E646507EB514C49B46410CB8995ECF5322FFB7B9EECCEDA t=1791486042041
EPOCH_DRAIN_WAIT epoch=2 unterminated=4106 previous_closed=false first=["8977B916F3502E71DBCBE283D1046168D148A2AD01C2540619F16B49D402EDA9:active:2:3", "0790B673412ADCE518C13FBA244CD258465B7F7FD6EEDD41CDB56BBFEBDD6D57:active:2:5", "14EAB7FF892E0710F504AD2FC9F2DF17D0E4023CE7BF1C90DE886A01FA0E1895:active:2:5"] t=1791486042069
EPOCH_FOLLOW cemented=80 cementing=0 requested=0 pending=95 t=1791486042554
EPOCH_FOLLOW cemented=81 cementing=0 requested=0 pending=23 t=1791486042819
2026-10-08T19:00:42.956478Z  INFO nanospam::app: Confirmed 38,442 blocks | 2,000 bps | 0 cps | avg conf time: 0 ms
EPOCH_DRAIN_WAIT epoch=2 unterminated=4133 previous_closed=false first=["8977B916F3502E71DBCBE283D1046168D148A2AD01C2540619F16B49D402EDA9:active:2:3", "0790B673412ADCE518C13FBA244CD258465B7F7FD6EEDD41CDB56BBFEBDD6D57:active:2:5", "14EAB7FF892E0710F504AD2FC9F2DF17D0E4023CE7BF1C90DE886A01FA0E1895:active:2:5"] t=1791486043058
EPOCH_DRAIN_WAIT epoch=2 unterminated=4090 previous_closed=false first=["8977B916F3502E71DBCBE283D1046168D148A2AD01C2540619F16B49D402EDA9:active:2:3", "0790B673412ADCE518C13FBA244CD258465B7F7FD6EEDD41CDB56BBFEBDD6D57:active:2:5", "14EAB7FF892E0710F504AD2FC9F2DF17D0E4023CE7BF1C90DE886A01FA0E1895:active:2:5"] t=1791486043259
EPOCH_VALIDATE_TIMING epoch=1 evidence_ms=946 build_ms=493 t=1791486043416
EPOCH_DRAIN_WAIT epoch=2 unterminated=4138 previous_closed=false first=["8977B916F3502E71DBCBE283D1046168D148A2AD01C2540619F16B49D402EDA9:active:2:3", "0790B673412ADCE518C13FBA244CD258465B7F7FD6EEDD41CDB56BBFEBDD6D57:active:2:5", "14EAB7FF892E0710F504AD2FC9F2DF17D0E4023CE7BF1C90DE886A01FA0E1895:active:2:5"] t=1791486043439
EPOCH_VALIDATE_TIMING epoch=1 evidence_ms=807 build_ms=610 t=1791486043451
EPOCH_CLOSE_ROUND epoch=1 round=1 leader=735FE217D91E88EA82324C5883296385FA0041C2FAC85C827BAA46DA1E14B83F leads=false t=1791486043466
EPOCH_DRAIN_WAIT epoch=2 unterminated=4141 previous_closed=false first=["8977B916F3502E71DBCBE283D1046168D148A2AD01C2540619F16B49D402EDA9:active:2:3", "0790B673412ADCE518C13FBA244CD258465B7F7FD6EEDD41CDB56BBFEBDD6D57:active:2:5", "14EAB7FF892E0710F504AD2FC9F2DF17D0E4023CE7BF1C90DE886A01FA0E1895:active:2:5"] t=1791486043467
EPOCH_VALIDATE_TIMING epoch=1 evidence_ms=992 build_ms=541 t=1791486043549
EPOCH_CLOSE_ROUND epoch=1 round=1 leader=735FE217D91E88EA82324C5883296385FA0041C2FAC85C827BAA46DA1E14B83F leads=false t=1791486043656
EPOCH_DRAIN_WAIT epoch=2 unterminated=4065 previous_closed=false first=["0790B673412ADCE518C13FBA244CD258465B7F7FD6EEDD41CDB56BBFEBDD6D57:active:2:5", "14EAB7FF892E0710F504AD2FC9F2DF17D0E4023CE7BF1C90DE886A01FA0E1895:active:2:5", "1B8603C203ACE8112217B13B8A2D92240C7A01D788FBE6242A2F056B4E644945:active:2:5"] t=1791486043656
2026-10-08T19:00:43.957300Z  INFO nanospam::app: Confirmed 38,442 blocks | 2,000 bps | 0 cps | avg conf time: 0 ms
EPOCH_DRAIN_WAIT epoch=2 unterminated=4062 previous_closed=false first=["8977B916F3502E71DBCBE283D1046168D148A2AD01C2540619F16B49D402EDA9:active:2:3", "0790B673412ADCE518C13FBA244CD258465B7F7FD6EEDD41CDB56BBFEBDD6D57:active:2:5", "14EAB7FF892E0710F504AD2FC9F2DF17D0E4023CE7BF1C90DE886A01FA0E1895:active:2:5"] t=1791486044308
EPOCH_DRAIN_WAIT epoch=2 unterminated=4082 previous_closed=false first=["8977B916F3502E71DBCBE283D1046168D148A2AD01C2540619F16B49D402EDA9:active:2:3", "0790B673412ADCE518C13FBA244CD258465B7F7FD6EEDD41CDB56BBFEBDD6D57:active:2:5", "14EAB7FF892E0710F504AD2FC9F2DF17D0E4023CE7BF1C90DE886A01FA0E1895:active:2:5"] t=1791486044363
EPOCH_FOLLOW cemented=15 cementing=0 requested=0 pending=80 t=1791486044646
EPOCH_DRAIN_WAIT epoch=2 unterminated=4073 previous_closed=false first=["8977B916F3502E71DBCBE283D1046168D148A2AD01C2540619F16B49D402EDA9:active:2:3", "0790B673412ADCE518C13FBA244CD258465B7F7FD6EEDD41CDB56BBFEBDD6D57:active:2:5", "14EAB7FF892E0710F504AD2FC9F2DF17D0E4023CE7BF1C90DE886A01FA0E1895:active:2:5"] t=1791486044717
EPOCH_DRAIN_WAIT epoch=2 unterminated=4077 previous_closed=false first=["8977B916F3502E71DBCBE283D1046168D148A2AD01C2540619F16B49D402EDA9:active:2:3", "0790B673412ADCE518C13FBA244CD258465B7F7FD6EEDD41CDB56BBFEBDD6D57:active:2:5", "14EAB7FF892E0710F504AD2FC9F2DF17D0E4023CE7BF1C90DE886A01FA0E1895:active:2:5"] t=1791486044778
EPOCH_DRAIN_WAIT epoch=2 unterminated=3998 previous_closed=false first=["0790B673412ADCE518C13FBA244CD258465B7F7FD6EEDD41CDB56BBFEBDD6D57:active:2:5", "14EAB7FF892E0710F504AD2FC9F2DF17D0E4023CE7BF1C90DE886A01FA0E1895:active:2:5", "1B8603C203ACE8112217B13B8A2D92240C7A01D788FBE6242A2F056B4E644945:active:2:5"] t=1791486044895
EPOCH_FOLLOW cemented=4 cementing=0 requested=0 pending=19 t=1791486044933
2026-10-08T19:00:44.958773Z  INFO nanospam::app: Confirmed 38,442 blocks | 2,000 bps | 0 cps | avg conf time: 0 ms
EPOCH_DRAIN_WAIT epoch=2 unterminated=4059 previous_closed=false first=["8977B916F3502E71DBCBE283D1046168D148A2AD01C2540619F16B49D402EDA9:active:2:3", "0790B673412ADCE518C13FBA244CD258465B7F7FD6EEDD41CDB56BBFEBDD6D57:active:2:5", "14EAB7FF892E0710F504AD2FC9F2DF17D0E4023CE7BF1C90DE886A01FA0E1895:active:2:5"] t=1791486045415
EPOCH_DRAIN_WAIT epoch=2 unterminated=4038 previous_closed=false first=["8977B916F3502E71DBCBE283D1046168D148A2AD01C2540619F16B49D402EDA9:active:2:3", "0790B673412ADCE518C13FBA244CD258465B7F7FD6EEDD41CDB56BBFEBDD6D57:active:2:5", "14EAB7FF892E0710F504AD2FC9F2DF17D0E4023CE7BF1C90DE886A01FA0E1895:active:2:5"] t=1791486045451
EPOCH_CLOSE_ROUND epoch=1 round=2 leader=911999B2AEFA7ACC66EBD802B3301FF6CE431405107749D940277955CB7FDD07 leads=false t=1791486045917
EPOCH_CLOSE_ROUND epoch=1 round=2 leader=911999B2AEFA7ACC66EBD802B3301FF6CE431405107749D940277955CB7FDD07 leads=true t=1791486045934
EPOCH_DRAIN_WAIT epoch=2 unterminated=4054 previous_closed=false first=["8977B916F3502E71DBCBE283D1046168D148A2AD01C2540619F16B49D402EDA9:active:2:3", "0790B673412ADCE518C13FBA244CD258465B7F7FD6EEDD41CDB56BBFEBDD6D57:active:2:5", "14EAB7FF892E0710F504AD2FC9F2DF17D0E4023CE7BF1C90DE886A01FA0E1895:active:2:5"] t=1791486045934
EPOCH_CLOSE_ROUND epoch=1 round=2 leader=911999B2AEFA7ACC66EBD802B3301FF6CE431405107749D940277955CB7FDD07 leads=false t=1791486045951
EPOCH_DRAIN_WAIT epoch=2 unterminated=3976 previous_closed=false first=["0790B673412ADCE518C13FBA244CD258465B7F7FD6EEDD41CDB56BBFEBDD6D57:active:2:5", "14EAB7FF892E0710F504AD2FC9F2DF17D0E4023CE7BF1C90DE886A01FA0E1895:active:2:5", "1B8603C203ACE8112217B13B8A2D92240C7A01D788FBE6242A2F056B4E644945:active:2:5"] t=1791486045952
2026-10-08T19:00:45.961765Z  INFO nanospam::app: Confirmed 38,442 blocks | 2,000 bps | 0 cps | avg conf time: 0 ms
EPOCH_CLOSE_ROUND epoch=1 round=2 leader=911999B2AEFA7ACC66EBD802B3301FF6CE431405107749D940277955CB7FDD07 leads=false t=1791486045991
EPOCH_DRAIN_WAIT epoch=2 unterminated=4049 previous_closed=false first=["8977B916F3502E71DBCBE283D1046168D148A2AD01C2540619F16B49D402EDA9:active:2:3", "0790B673412ADCE518C13FBA244CD258465B7F7FD6EEDD41CDB56BBFEBDD6D57:active:2:5", "14EAB7FF892E0710F504AD2FC9F2DF17D0E4023CE7BF1C90DE886A01FA0E1895:active:2:5"] t=1791486045992
EPOCH_CLOSE_ROUND epoch=1 round=2 leader=911999B2AEFA7ACC66EBD802B3301FF6CE431405107749D940277955CB7FDD07 leads=false t=1791486046105
EPOCH_REPROPOSED epoch=1 round=2 from_round=0 manifest=CC7AF917DE0506EBBFB4F222A1B6551B487275ECBCC1CE5B5DF489F66FD863A6 t=1791486046282
EPOCH_PROPOSED epoch=1 round=2 value=E64423DDC17F0B9D466662C247B3B7FDDD44E72F4962E36824A809F362AE233C state=36E10B9F57CA16378E646507EB514C49B46410CB8995ECF5322FFB7B9EECCEDA reports=5 t=1791486046282
EPOCH_VALUE epoch=1 value=E64423DDC17F0B9D466662C247B3B7FDDD44E72F4962E36824A809F362AE233C state=36E10B9F57CA16378E646507EB514C49B46410CB8995ECF5322FFB7B9EECCEDA t=1791486046282
EPOCH_VALUE_REUSED epoch=1 slot=2 value=E64423DDC17F0B9D466662C247B3B7FDDD44E72F4962E36824A809F362AE233C t=1791486046283
EPOCH_VALUE epoch=1 value=E64423DDC17F0B9D466662C247B3B7FDDD44E72F4962E36824A809F362AE233C state=36E10B9F57CA16378E646507EB514C49B46410CB8995ECF5322FFB7B9EECCEDA t=1791486046283
EPOCH_VALUE_REUSED epoch=1 slot=2 value=E64423DDC17F0B9D466662C247B3B7FDDD44E72F4962E36824A809F362AE233C t=1791486046283
EPOCH_VALUE epoch=1 value=E64423DDC17F0B9D466662C247B3B7FDDD44E72F4962E36824A809F362AE233C state=36E10B9F57CA16378E646507EB514C49B46410CB8995ECF5322FFB7B9EECCEDA t=1791486046283
EPOCH_VALUE_REUSED epoch=1 slot=2 value=E64423DDC17F0B9D466662C247B3B7FDDD44E72F4962E36824A809F362AE233C t=1791486046301
EPOCH_VALUE epoch=1 value=E64423DDC17F0B9D466662C247B3B7FDDD44E72F4962E36824A809F362AE233C state=36E10B9F57CA16378E646507EB514C49B46410CB8995ECF5322FFB7B9EECCEDA t=1791486046301
EPOCH_VALUE_REUSED epoch=1 slot=2 value=E64423DDC17F0B9D466662C247B3B7FDDD44E72F4962E36824A809F362AE233C t=1791486046351
EPOCH_VALUE epoch=1 value=E64423DDC17F0B9D466662C247B3B7FDDD44E72F4962E36824A809F362AE233C state=36E10B9F57CA16378E646507EB514C49B46410CB8995ECF5322FFB7B9EECCEDA t=1791486046351
EPOCH_CLOSE_ROUND epoch=1 round=3 leader=A353E45E6D0016CAEED0DFA4EC5B0640E2AA22A793F9F2375E77F1AB92977C04 leads=true t=1791486046593
EPOCH_INSTALL epoch=1 finalized=12864 instances_confirmed=283 t=1791486046633
EPOCH_INSTALL epoch=1 finalized=12864 instances_confirmed=283 t=1791486046637
EPOCH_LATE_NOTAR epoch=1 blocks=14730 notarized=11882 cast=18458 t=1791486046640
EPOCH_INSTALL epoch=1 finalized=12864 instances_confirmed=283 t=1791486046641
EPOCH_LATE_NOTAR epoch=1 blocks=14730 notarized=11882 cast=18494 t=1791486046645
EPOCH_INSTALL epoch=1 finalized=12864 instances_confirmed=283 t=1791486046647
EPOCH_LATE_NOTAR epoch=1 blocks=14730 notarized=11882 cast=18710 t=1791486046654
EPOCH_LATE_NOTAR epoch=1 blocks=14730 notarized=11882 cast=18447 t=1791486046658
EPOCH_GATE epoch=2 released=4232 finalized=0 t=1791486046664
EPOCH_GATE epoch=2 released=4249 finalized=0 t=1791486046675
EPOCH_GATE epoch=2 released=4249 finalized=0 t=1791486046676
EPOCH_GATE epoch=2 released=4249 finalized=0 t=1791486046686
EPOCH_COMMITTEE derived_by=1 members=6 accounts=9438 n=6 digest=95D409445152DD075E6A4799205DFA5689496EB8EE1A22AC2A200B9DBC2DCF27 shares=["65A90023:16.7%", "A353E45E:16.7%", "D315857C:16.7%", "911999B2:16.7%", "633D9D61:16.7%", "735FE217:16.7%"] t=1791486046690
EPOCH_INSTALL epoch=1 finalized=12864 instances_confirmed=283 t=1791486046703
EPOCH_COMMITTEE derived_by=1 members=6 accounts=9438 n=6 digest=95D409445152DD075E6A4799205DFA5689496EB8EE1A22AC2A200B9DBC2DCF27 shares=["65A90023:16.7%", "A353E45E:16.7%", "D315857C:16.7%", "911999B2:16.7%", "633D9D61:16.7%", "735FE217:16.7%"] t=1791486046711
EPOCH_LOCKS epoch=1 continued=0 kinds={"locks=1 kind=Some(Recovery) nc_here=false saved=false": 2971, "locks=1 kind=Some(Recovery) nc_here=false saved=true": 104, "locks=1 kind=Some(Recovery) nc_here=true saved=true": 40} t=1791486046712
EPOCH_OMITTED epoch=1 instances=796 retained=3115 t=1791486046712
EPOCH_CLOSED epoch=1 round=2 value=E64423DDC17F0B9D466662C247B3B7FDDD44E72F4962E36824A809F362AE233C state=36E10B9F57CA16378E646507EB514C49B46410CB8995ECF5322FFB7B9EECCEDA t=1791486046712
EPOCH_LATE_NOTAR epoch=1 blocks=14729 notarized=11882 cast=17705 t=1791486046713
EPOCH_COMMITTEE derived_by=1 members=6 accounts=9438 n=6 digest=95D409445152DD075E6A4799205DFA5689496EB8EE1A22AC2A200B9DBC2DCF27 shares=["65A90023:16.7%", "A353E45E:16.7%", "D315857C:16.7%", "911999B2:16.7%", "633D9D61:16.7%", "735FE217:16.7%"] t=1791486046717
EPOCH_LOCKS_CONTINUED epoch=1 instances=11 t=1791486046720
EPOCH_COMMITTEE derived_by=1 members=6 accounts=9438 n=6 digest=95D409445152DD075E6A4799205DFA5689496EB8EE1A22AC2A200B9DBC2DCF27 shares=["65A90023:16.7%", "A353E45E:16.7%", "D315857C:16.7%", "911999B2:16.7%", "633D9D61:16.7%", "735FE217:16.7%"] t=1791486046722
EPOCH_LOCKS_CONTINUED epoch=1 instances=11 t=1791486046725
EPOCH_LOCKS epoch=1 continued=11 kinds={"locks=1 kind=Some(Recovery) nc_here=false saved=false": 6, "locks=1 kind=Some(Recovery) nc_here=false saved=true": 3069, "locks=1 kind=Some(Recovery) nc_here=true saved=false": 1, "locks=1 kind=Some(Recovery) nc_here=true saved=true": 39} t=1791486046726
EPOCH_OMITTED epoch=1 instances=772 retained=3115 t=1791486046726
EPOCH_CLOSED epoch=1 round=2 value=E64423DDC17F0B9D466662C247B3B7FDDD44E72F4962E36824A809F362AE233C state=36E10B9F57CA16378E646507EB514C49B46410CB8995ECF5322FFB7B9EECCEDA t=1791486046726
EPOCH_LOCKS epoch=1 continued=11 kinds={"locks=1 kind=Some(Recovery) nc_here=false saved=true": 3075, "locks=1 kind=Some(Recovery) nc_here=true saved=true": 40} t=1791486046731
EPOCH_OMITTED epoch=1 instances=773 retained=3115 t=1791486046731
EPOCH_CLOSED epoch=1 round=2 value=E64423DDC17F0B9D466662C247B3B7FDDD44E72F4962E36824A809F362AE233C state=36E10B9F57CA16378E646507EB514C49B46410CB8995ECF5322FFB7B9EECCEDA t=1791486046731
EPOCH_GATE epoch=2 released=4171 finalized=0 t=1791486046735
EPOCH_LOCKS_CONTINUED epoch=1 instances=11 t=1791486046741
EPOCH_LOCKS epoch=1 continued=11 kinds={"locks=1 kind=Some(Recovery) nc_here=false saved=false": 6, "locks=1 kind=Some(Recovery) nc_here=false saved=true": 3069, "locks=1 kind=Some(Recovery) nc_here=true saved=false": 1, "locks=1 kind=Some(Recovery) nc_here=true saved=true": 39} t=1791486046747
EPOCH_OMITTED epoch=1 instances=772 retained=3115 t=1791486046747
EPOCH_CLOSED epoch=1 round=2 value=E64423DDC17F0B9D466662C247B3B7FDDD44E72F4962E36824A809F362AE233C state=36E10B9F57CA16378E646507EB514C49B46410CB8995ECF5322FFB7B9EECCEDA t=1791486046747
EPOCH_FOLLOW cemented=1 cementing=0 requested=0 pending=79 t=1791486046762
EPOCH_COMMITTEE derived_by=1 members=6 accounts=9438 n=6 digest=95D409445152DD075E6A4799205DFA5689496EB8EE1A22AC2A200B9DBC2DCF27 shares=["65A90023:16.7%", "A353E45E:16.7%", "D315857C:16.7%", "911999B2:16.7%", "633D9D61:16.7%", "735FE217:16.7%"] t=1791486046770
EPOCH_LOCKS epoch=1 continued=0 kinds={"locks=1 kind=Some(Recovery) nc_here=false saved=false": 2971, "locks=1 kind=Some(Recovery) nc_here=false saved=true": 104, "locks=1 kind=Some(Recovery) nc_here=true saved=true": 40} t=1791486046789
EPOCH_OMITTED epoch=1 instances=796 retained=3115 t=1791486046789
EPOCH_CLOSED epoch=1 round=2 value=E64423DDC17F0B9D466662C247B3B7FDDD44E72F4962E36824A809F362AE233C state=36E10B9F57CA16378E646507EB514C49B46410CB8995ECF5322FFB7B9EECCEDA t=1791486046789
EPOCH_CARRIED epoch=2 instances=4030 split=202 t=1791486046798
EPOCH_ADVANCED epoch=3 elections=11624 active=11037 vote_records=429442 t=1791486046798
EPOCH_CARRIED epoch=2 instances=4058 split=202 t=1791486046841
EPOCH_ADVANCED epoch=3 elections=12986 active=12398 vote_records=429793 t=1791486046841
EPOCH_CARRIED epoch=2 instances=4058 split=202 t=1791486046856
EPOCH_ADVANCED epoch=3 elections=12986 active=12398 vote_records=429702 t=1791486046856
EPOCH_CARRIED epoch=2 instances=4058 split=202 t=1791486046869
EPOCH_ADVANCED epoch=3 elections=12986 active=12401 vote_records=429741 t=1791486046869
2026-10-08T19:00:46.962467Z  INFO nanospam::app: Confirmed 38,442 blocks | 2,000 bps | 0 cps | avg conf time: 0 ms
EPOCH_INSTALLED epoch=1 finalized=12864 cemented=12864 queued=0 missing=0 t=1791486047015
EPOCH_RETAINED epoch=1 retained=3168 held=3168 missing=0 t=1791486047016
EPOCH_FOLLOW cemented=1 cementing=0 requested=0 pending=18 t=1791486047023
EPOCH_INSTALLED epoch=1 finalized=12864 cemented=12864 queued=0 missing=0 t=1791486047043
EPOCH_RETAINED epoch=1 retained=3168 held=3168 missing=0 t=1791486047045
EPOCH_CLOSE_UNREADY epoch=2 short_of=reports usable=0 weight=0 required=5 held=0 theirs=[] t=1791486047054
EPOCH_CLOSE_UNREADY epoch=2 short_of=reports usable=0 weight=0 required=5 held=0 theirs=[] t=1791486047068
EPOCH_LOCKS_CONTINUED epoch=1 instances=109 t=1791486047074
EPOCH_INSTALLED epoch=1 finalized=12864 cemented=12864 queued=0 missing=0 t=1791486047076
EPOCH_RETAINED epoch=1 retained=3168 held=3168 missing=0 t=1791486047078
EPOCH_CLOSE_UNREADY epoch=2 short_of=reports usable=0 weight=0 required=5 held=0 theirs=[] t=1791486047141
EPOCH_LOCKS_CONTINUED epoch=1 instances=109 t=1791486047147
EPOCH_CLOSE_UNREADY epoch=2 short_of=reports usable=0 weight=0 required=5 held=0 theirs=[] t=1791486047149
EPOCH_LOCKS_CONTINUED epoch=1 instances=109 t=1791486047158
EPOCH_CARRIED epoch=2 instances=3973 split=199 t=1791486047204
EPOCH_ADVANCED epoch=3 elections=11504 active=9645 vote_records=430901 t=1791486047204
EPOCH_INSTALLED epoch=1 finalized=12864 cemented=12864 queued=0 missing=0 t=1791486047234
EPOCH_RETAINED epoch=1 retained=3168 held=1725 missing=1443 t=1791486047242
EPOCH_EVIDENCE_RELEASED epoch=1 t=1791486047283
EPOCH_EVIDENCE_RELEASED epoch=1 t=1791486047307
EPOCH_EVIDENCE_RELEASED epoch=1 t=1791486047309
EPOCH_INSTALLED epoch=1 finalized=12864 cemented=12863 queued=1 missing=0 t=1791486047311
EPOCH_EVIDENCE_RELEASED epoch=1 t=1791486047313
EPOCH_RETAINED epoch=1 retained=3168 held=1665 missing=1503 t=1791486047313
EPOCH_EVIDENCE_RELEASED epoch=1 t=1791486047315
EPOCH_FOLLOW cemented=20 cementing=0 requested=1408 pending=1484 t=1791486047803
2026-10-08T19:00:47.963258Z  INFO nanospam::app: Confirmed 38,442 blocks | 2,000 bps | 0 cps | avg conf time: 0 ms
EPOCH_FOLLOW cemented=24 cementing=0 requested=1401 pending=1419 t=1791486048085
EPOCH_CLOSE_UNREADY epoch=2 short_of=reports usable=0 weight=0 required=5 held=0 theirs=[] t=1791486048445
EPOCH_CLOSE_UNREADY epoch=2 short_of=reports usable=0 weight=0 required=5 held=0 theirs=[] t=1791486048507
EPOCH_CLOSE_UNREADY epoch=2 short_of=reports usable=0 weight=0 required=5 held=0 theirs=[] t=1791486048632
EPOCH_CLOSE_UNREADY epoch=2 short_of=reports usable=0 weight=0 required=5 held=0 theirs=[] t=1791486048698
EPOCH_CLOSE_UNREADY epoch=2 short_of=reports usable=0 weight=0 required=5 held=0 theirs=[] t=1791486048723
EPOCH_FOLLOW cemented=479 cementing=0 requested=931 pending=1005 t=1791486048860
2026-10-08T19:00:48.965317Z  INFO nanospam::app: Confirmed 38,442 blocks | 2,000 bps | 0 cps | avg conf time: 0 ms
EPOCH_REPORT epoch=2 certified=41492 residual=2697 root=DE4EBD6B42A762AA79D46FD560410A294177D70CE5A3BBDA95B84767DAF53275 reports=1 t=1791486049090
EPOCH_REPORT epoch=2 certified=41488 residual=2890 root=DDE0B2EA6032B374ECF784854D7C63DD81AFF559638A8D4E76A91FB7FD40F638 reports=1 t=1791486049110
EPOCH_FOLLOW cemented=641 cementing=0 requested=760 pending=778 t=1791486049143
EPOCH_REPORT epoch=2 certified=41492 residual=4235 root=DE4EBD6B42A762AA79D46FD560410A294177D70CE5A3BBDA95B84767DAF53275 reports=1 t=1791486049216
EPOCH_REPORT epoch=2 certified=41492 residual=4235 root=DE4EBD6B42A762AA79D46FD560410A294177D70CE5A3BBDA95B84767DAF53275 reports=1 t=1791486049277
EPOCH_REPORT epoch=2 certified=41492 residual=4253 root=DE4EBD6B42A762AA79D46FD560410A294177D70CE5A3BBDA95B84767DAF53275 reports=1 t=1791486049511
EPOCH_RECONCILED epoch=2 reporter=A353E45E6D0016CAEED0DFA4EC5B0640E2AA22A793F9F2375E77F1AB92977C04 complete=false entries=32 total=41488 symbols=48 dropped=false t=1791486049524
EPOCH_CLOSE_UNREADY epoch=2 short_of=reports usable=1 weight=1 required=5 held=4 theirs=["633D9D61:DE4EBD6B:F2FB4F51", "A353E45E:DDE0B2EA:FC93838A", "911999B2:DE4EBD6B:617DB0C7", "D315857C:DE4EBD6B:617DB0C7"] t=1791486049553
EPOCH_RECONCILED epoch=2 reporter=D315857CE70C54DE713F6E82E5613BB3A1266C15E28AD2F4338C7BBEC456F532 complete=false entries=0 total=41492 symbols=0 dropped=false t=1791486049685
EPOCH_RECONCILED epoch=2 reporter=D315857CE70C54DE713F6E82E5613BB3A1266C15E28AD2F4338C7BBEC456F532 complete=true entries=4235 total=4235 symbols=0 dropped=false t=1791486049691
EPOCH_RECONCILED epoch=2 reporter=65A90023F6C0D2181AAA63F005D81BBC0C04650505E21D5123F9AE1F9E992BFF complete=false entries=0 total=41492 symbols=0 dropped=false t=1791486049693
EPOCH_RECONCILED epoch=2 reporter=65A90023F6C0D2181AAA63F005D81BBC0C04650505E21D5123F9AE1F9E992BFF complete=true entries=2697 total=2697 symbols=0 dropped=false t=1791486049697
EPOCH_RECONCILED epoch=2 reporter=911999B2AEFA7ACC66EBD802B3301FF6CE431405107749D940277955CB7FDD07 complete=false entries=0 total=41492 symbols=0 dropped=false t=1791486049700
EPOCH_RECONCILED epoch=2 reporter=911999B2AEFA7ACC66EBD802B3301FF6CE431405107749D940277955CB7FDD07 complete=true entries=4235 total=4235 symbols=0 dropped=false t=1791486049705
EPOCH_RECONCILED epoch=2 reporter=D315857CE70C54DE713F6E82E5613BB3A1266C15E28AD2F4338C7BBEC456F532 complete=false entries=0 total=41492 symbols=0 dropped=false t=1791486049736
EPOCH_RECONCILED epoch=2 reporter=D315857CE70C54DE713F6E82E5613BB3A1266C15E28AD2F4338C7BBEC456F532 complete=true entries=4235 total=4235 symbols=0 dropped=false t=1791486049741
EPOCH_RECONCILED epoch=2 reporter=65A90023F6C0D2181AAA63F005D81BBC0C04650505E21D5123F9AE1F9E992BFF complete=false entries=0 total=41492 symbols=0 dropped=false t=1791486049743
EPOCH_RECONCILED epoch=2 reporter=65A90023F6C0D2181AAA63F005D81BBC0C04650505E21D5123F9AE1F9E992BFF complete=true entries=2697 total=2697 symbols=0 dropped=false t=1791486049747
EPOCH_RECONCILED epoch=2 reporter=633D9D614858AB1710D5D8C3180E2A082DC97208BA8C26BA6C6D1A86C8E31CC0 complete=false entries=0 total=41492 symbols=0 dropped=false t=1791486049765
EPOCH_RECONCILED epoch=2 reporter=633D9D614858AB1710D5D8C3180E2A082DC97208BA8C26BA6C6D1A86C8E31CC0 complete=false entries=4242 total=4242 symbols=0 dropped=false t=1791486049771
EPOCH_RECONCILED epoch=2 reporter=633D9D614858AB1710D5D8C3180E2A082DC97208BA8C26BA6C6D1A86C8E31CC0 complete=true entries=11 total=4253 symbols=16 dropped=false t=1791486049834
EPOCH_FOLLOW cemented=438 cementing=0 requested=74 pending=567 t=1791486049913
EPOCH_RECONCILED epoch=2 reporter=A353E45E6D0016CAEED0DFA4EC5B0640E2AA22A793F9F2375E77F1AB92977C04 complete=false entries=390 total=41488 symbols=546 dropped=false t=1791486049918
2026-10-08T19:00:49.966438Z  INFO nanospam::app: Confirmed 38,442 blocks | 2,000 bps | 0 cps | avg conf time: 0 ms
EPOCH_RECONCILED epoch=2 reporter=65A90023F6C0D2181AAA63F005D81BBC0C04650505E21D5123F9AE1F9E992BFF complete=false entries=0 total=41492 symbols=0 dropped=false t=1791486049971
EPOCH_RECONCILED epoch=2 reporter=A353E45E6D0016CAEED0DFA4EC5B0640E2AA22A793F9F2375E77F1AB92977C04 complete=false entries=2554 total=41488 symbols=3728 dropped=false t=1791486049985
EPOCH_RECONCILED epoch=2 reporter=65A90023F6C0D2181AAA63F005D81BBC0C04650505E21D5123F9AE1F9E992BFF complete=true entries=2697 total=2697 symbols=0 dropped=false t=1791486050148
EPOCH_RECONCILED epoch=2 reporter=911999B2AEFA7ACC66EBD802B3301FF6CE431405107749D940277955CB7FDD07 complete=false entries=0 total=41492 symbols=0 dropped=false t=1791486050182
EPOCH_FOLLOW cemented=286 cementing=0 requested=18 pending=492 t=1791486050184
EPOCH_RECONCILED epoch=2 reporter=911999B2AEFA7ACC66EBD802B3301FF6CE431405107749D940277955CB7FDD07 complete=true entries=4235 total=4235 symbols=0 dropped=false t=1791486050226
EPOCH_RECONCILED epoch=2 reporter=633D9D614858AB1710D5D8C3180E2A082DC97208BA8C26BA6C6D1A86C8E31CC0 complete=false entries=0 total=41492 symbols=0 dropped=false t=1791486050228
EPOCH_RECONCILED epoch=2 reporter=633D9D614858AB1710D5D8C3180E2A082DC97208BA8C26BA6C6D1A86C8E31CC0 complete=true entries=4253 total=4253 symbols=0 dropped=false t=1791486050299
EPOCH_RECONCILED epoch=2 reporter=A353E45E6D0016CAEED0DFA4EC5B0640E2AA22A793F9F2375E77F1AB92977C04 complete=false entries=514 total=41488 symbols=819 dropped=false t=1791486050398
EPOCH_CLOSE_UNREADY epoch=2 short_of=reports usable=1 weight=1 required=5 held=4 theirs=["D315857C:DE4EBD6B:617DB0C7", "911999B2:DE4EBD6B:617DB0C7", "65A90023:DE4EBD6B:FE6D008D", "633D9D61:DE4EBD6B:F2FB4F51"] t=1791486050413
EPOCH_RECONCILED epoch=2 reporter=D315857CE70C54DE713F6E82E5613BB3A1266C15E28AD2F4338C7BBEC456F532 complete=false entries=2940 total=41492 symbols=4228 dropped=false t=1791486050519
EPOCH_RECONCILED epoch=2 reporter=911999B2AEFA7ACC66EBD802B3301FF6CE431405107749D940277955CB7FDD07 complete=false entries=2940 total=41492 symbols=4228 dropped=false t=1791486050519
EPOCH_RECONCILED epoch=2 reporter=65A90023F6C0D2181AAA63F005D81BBC0C04650505E21D5123F9AE1F9E992BFF complete=false entries=2940 total=41492 symbols=4228 dropped=false t=1791486050519
EPOCH_CLOSE_UNREADY epoch=2 short_of=reports usable=3 weight=3 required=5 held=4 theirs=["D315857C:DE4EBD6B:617DB0C7", "65A90023:DE4EBD6B:FE6D008D", "A353E45E:DDE0B2EA:FC93838A", "633D9D61:DE4EBD6B:F2FB4F51"] t=1791486050574
EPOCH_CLOSE_UNREADY epoch=2 short_of=reports usable=4 weight=4 required=5 held=4 theirs=["A353E45E:DDE0B2EA:FC93838A", "D315857C:DE4EBD6B:617DB0C7", "65A90023:DE4EBD6B:FE6D008D", "911999B2:DE4EBD6B:617DB0C7"] t=1791486050593
EPOCH_RECONCILED epoch=2 reporter=633D9D614858AB1710D5D8C3180E2A082DC97208BA8C26BA6C6D1A86C8E31CC0 complete=false entries=0 total=41492 symbols=0 dropped=false t=1791486050609
EPOCH_CLOSE_UNREADY epoch=2 short_of=reports usable=4 weight=4 required=5 held=4 theirs=["A353E45E:DDE0B2EA:FC93838A", "65A90023:DE4EBD6B:FE6D008D", "911999B2:DE4EBD6B:617DB0C7", "633D9D61:DE4EBD6B:F2FB4F51"] t=1791486050656
EPOCH_RECONCILED epoch=2 reporter=633D9D614858AB1710D5D8C3180E2A082DC97208BA8C26BA6C6D1A86C8E31CC0 complete=true entries=4253 total=4253 symbols=0 dropped=false t=1791486050724
EPOCH_RECONCILED epoch=2 reporter=A353E45E6D0016CAEED0DFA4EC5B0640E2AA22A793F9F2375E77F1AB92977C04 complete=true entries=2890 total=2890 symbols=0 dropped=false t=1791486050729
EPOCH_RECONCILED epoch=2 reporter=911999B2AEFA7ACC66EBD802B3301FF6CE431405107749D940277955CB7FDD07 complete=false entries=0 total=41492 symbols=0 dropped=false t=1791486050731
EPOCH_RECONCILED epoch=2 reporter=911999B2AEFA7ACC66EBD802B3301FF6CE431405107749D940277955CB7FDD07 complete=true entries=4235 total=4235 symbols=0 dropped=false t=1791486050736
EPOCH_RECONCILED epoch=2 reporter=D315857CE70C54DE713F6E82E5613BB3A1266C15E28AD2F4338C7BBEC456F532 complete=false entries=0 total=41492 symbols=0 dropped=false t=1791486050738
EPOCH_RECONCILED epoch=2 reporter=D315857CE70C54DE713F6E82E5613BB3A1266C15E28AD2F4338C7BBEC456F532 complete=true entries=4235 total=4235 symbols=0 dropped=false t=1791486050743
2026-10-08T19:00:50.967267Z  INFO nanospam::app: Confirmed 39,109 blocks | 2,000 bps | 666 cps | avg conf time: 14446 ms
EPOCH_FOLLOW cemented=74 cementing=0 requested=493 pending=493 t=1791486051027
2026-10-08T19:00:51.244753Z  INFO nanospam::app: Confirming 45000 blocks took 37.34s
2026-10-08T19:00:51.244824Z  INFO nanospam::app: Confirmation rate: 1205 cps
2026-10-08T19:00:51.244836Z  INFO nanospam::app: Average conf time: 2902 ms
2026-10-08T19:00:51.244847Z  INFO nanospam::app: Non-fork confirmation rate: 1084 cps (40486 of 40486 non-fork blocks, 1427 of 4514 forks)
2026-10-08T19:00:51.246569Z  INFO nanospam::app: RAI_BENCH_METRICS {"created":45000,"confirmed":41913,"duration_secs":37.3397705,"confirmation_unit":"primary publication or its confirmed fork alternative","alternative_confirmed":1421,"confirmation_histogram_ms":{"30":2,"31":14,"32":6,"33":2,"34":3,"35":5,"36":10,"37":9,"38":4,"39":7,"40":4,"41":5,"42":5,"43":4,"44":5,"45":6,"46":5,"47":6,"48":7,"49":4,"50":4,"51":5,"52":9,"53":17,"54":17,"55":19,"56":11,"57":15,"58":19,"59":19,"60":27,"61":11,"62":22,"63":26,"64":42,"65":44,"66":23,"67":27,"68":24,"69":21,"70":24,"71":31,"72":15,"73":19,"74":14,"75":22,"76":24,"77":38,"78":32,"79":64,"80":56,"81":78,"82":97,"83":110,"84":81,"85":88,"86":100,"87":114,"88":103,"89":118,"90":136,"91":124,"92":111,"93":135,"94":128,"95":156,"96":178,"97":182,"98":174,"99":179,"100":184,"101":226,"102":200,"103":195,"104":203,"105":224,"106":218,"107":223,"108":271,"109":245,"110":297,"111":297,"112":281,"113":294,"114":298,"115":313,"116":266,"117":282,"118":271,"119":314,"120":295,"121":266,"122":284,"123":275,"124":278,"125":239,"126":220,"127":212,"128":206,"129":169,"130":178,"131":208,"132":183,"133":142,"134":137,"135":126,"136":109,"137":85,"138":71,"139":84,"140":75,"141":85,"142":104,"143":99,"144":88,"145":69,"146":74,"147":55,"148":62,"149":44,"150":25,"151":39,"152":37,"153":26,"154":40,"155":15,"156":17,"157":26,"158":32,"159":54,"160":45,"161":60,"162":61,"163":40,"164":42,"165":37,"166":41,"167":31,"168":30,"169":22,"170":16,"171":9,"172":8,"173":14,"174":29,"175":9,"176":7,"177":6,"178":26,"179":13,"180":13,"181":12,"182":10,"183":6,"184":6,"185":8,"186":15,"187":31,"188":42,"189":44,"190":26,"191":34,"192":22,"193":18,"194":33,"195":3,"196":7,"197":15,"198":2,"199":2,"200":2,"202":1,"204":1,"205":2,"206":4,"207":2,"209":3,"210":4,"211":4,"215":1,"216":7,"222":2,"238":1,"240":1,"244":1,"249":1,"250":1,"251":2,"255":2,"256":1,"258":1,"259":1,"260":1,"261":1,"262":1,"263":2,"264":1,"269":1,"270":2,"271":3,"272":2,"273":2,"275":2,"276":1,"278":2,"279":1,"280":1,"281":1,"282":1,"283":2,"284":1,"285":1,"286":1,"289":1,"290":1,"296":1,"299":3,"301":2,"302":2,"303":2,"305":1,"306":1,"307":1,"308":1,"311":1,"312":3,"313":1,"314":3,"315":2,"316":3,"318":4,"319":6,"320":18,"321":10,"322":6,"324":4,"325":2,"326":1,"327":3,"328":8,"329":10,"330":8,"331":5,"332":7,"333":4,"334":2,"335":2,"336":10,"337":6,"338":7,"339":3,"340":7,"341":10,"342":10,"343":3,"344":3,"345":12,"346":5,"347":4,"348":3,"349":6,"350":8,"351":18,"352":12,"353":8,"354":8,"355":6,"356":9,"357":9,"358":7,"359":16,"360":9,"361":9,"362":16,"363":10,"364":6,"365":17,"366":18,"367":19,"368":12,"369":16,"370":10,"371":7,"372":23,"373":14,"374":17,"375":16,"376":16,"377":24,"378":19,"379":18,"380":23,"381":21,"382":19,"383":14,"384":25,"385":18,"386":14,"387":16,"388":28,"389":17,"390":16,"391":13,"392":24,"393":18,"394":19,"395":22,"396":21,"397":19,"398":24,"399":42,"400":25,"401":20,"402":20,"403":27,"404":19,"405":20,"406":11,"407":15,"408":16,"409":10,"410":21,"411":12,"412":14,"413":17,"414":25,"415":24,"416":42,"417":38,"418":41,"419":18,"420":17,"421":27,"422":30,"423":28,"424":31,"425":19,"426":26,"427":35,"428":40,"429":36,"430":41,"431":29,"432":36,"433":46,"434":24,"435":10,"436":12,"437":23,"438":24,"439":14,"440":21,"441":15,"442":16,"443":11,"444":20,"445":23,"446":19,"447":25,"448":25,"449":15,"450":22,"451":27,"452":21,"453":19,"454":25,"455":22,"456":15,"457":21,"458":23,"459":25,"460":15,"461":14,"462":16,"463":32,"464":35,"465":27,"466":44,"467":51,"468":29,"469":15,"470":14,"471":17,"472":15,"473":15,"474":17,"475":16,"476":19,"477":17,"478":23,"479":24,"480":15,"481":12,"482":24,"483":25,"484":12,"485":26,"486":23,"487":21,"488":24,"489":39,"490":34,"491":38,"492":47,"493":16,"494":47,"495":42,"496":27,"497":14,"498":22,"499":41,"500":39,"501":35,"502":20,"503":21,"504":22,"505":22,"506":17,"507":17,"508":18,"509":18,"510":23,"511":19,"512":20,"513":36,"514":26,"515":34,"516":21,"517":25,"518":25,"519":30,"520":24,"521":18,"522":26,"523":29,"524":12,"525":15,"526":20,"527":15,"528":20,"529":28,"530":25,"531":30,"532":38,"533":32,"534":31,"535":31,"536":36,"537":36,"538":31,"539":26,"540":31,"541":44,"542":31,"543":23,"544":37,"545":41,"546":36,"547":22,"548":27,"549":27,"550":34,"551":42,"552":31,"553":42,"554":47,"555":31,"556":36,"557":39,"558":38,"559":39,"560":37,"561":22,"562":18,"563":33,"564":29,"565":19,"566":19,"567":28,"568":29,"569":26,"570":24,"571":27,"572":31,"573":25,"574":28,"575":30,"576":28,"577":34,"578":29,"579":27,"580":20,"581":27,"582":17,"583":29,"584":21,"585":20,"586":29,"587":36,"588":52,"589":40,"590":29,"591":36,"592":22,"593":36,"594":33,"595":31,"596":18,"597":18,"598":25,"599":23,"600":16,"601":28,"602":29,"603":35,"604":19,"605":31,"606":30,"607":21,"608":26,"609":26,"610":21,"611":28,"612":26,"613":28,"614":29,"615":28,"616":14,"617":32,"618":40,"619":30,"620":16,"621":18,"622":24,"623":22,"624":30,"625":21,"626":26,"627":16,"628":31,"629":31,"630":30,"631":26,"632":30,"633":30,"634":34,"635":41,"636":24,"637":37,"638":25,"639":23,"640":37,"641":20,"642":31,"643":30,"644":35,"645":36,"646":22,"647":34,"648":33,"649":36,"650":35,"651":27,"652":32,"653":19,"654":27,"655":26,"656":24,"657":26,"658":34,"659":24,"660":27,"661":39,"662":22,"663":12,"664":18,"665":21,"666":30,"667":27,"668":26,"669":34,"670":31,"671":16,"672":19,"673":24,"674":30,"675":25,"676":28,"677":21,"678":32,"679":16,"680":31,"681":27,"682":31,"683":30,"684":52,"685":50,"686":38,"687":31,"688":23,"689":19,"690":36,"691":34,"692":18,"693":17,"694":17,"695":35,"696":29,"697":14,"698":25,"699":34,"700":28,"701":28,"702":31,"703":32,"704":31,"705":31,"706":28,"707":22,"708":21,"709":21,"710":10,"711":18,"712":22,"713":22,"714":12,"715":16,"716":12,"717":25,"718":19,"719":17,"720":31,"721":18,"722":20,"723":16,"724":27,"725":19,"726":24,"727":27,"728":15,"729":33,"730":18,"731":17,"732":26,"733":19,"734":15,"735":20,"736":16,"737":11,"738":8,"739":13,"740":11,"741":7,"742":16,"743":11,"744":10,"745":10,"746":7,"747":7,"748":5,"749":6,"750":10,"751":6,"752":7,"753":5,"754":9,"755":8,"756":8,"757":8,"758":6,"759":6,"760":14,"761":5,"762":6,"763":10,"764":14,"765":14,"766":10,"767":9,"768":10,"769":6,"770":11,"771":12,"772":13,"773":13,"774":13,"775":10,"776":13,"777":9,"778":17,"779":16,"780":12,"781":9,"782":11,"783":17,"784":31,"785":25,"786":26,"787":11,"788":16,"789":4,"790":6,"791":11,"792":9,"793":21,"794":17,"795":12,"796":15,"797":20,"798":12,"799":13,"800":13,"801":14,"802":14,"803":8,"804":11,"805":10,"806":5,"807":12,"808":17,"809":15,"810":15,"811":21,"812":10,"813":10,"814":6,"815":6,"816":13,"817":6,"818":9,"819":7,"820":10,"821":4,"822":10,"823":4,"824":14,"825":6,"826":2,"827":7,"828":7,"829":13,"830":5,"831":12,"832":9,"833":5,"834":4,"835":8,"836":6,"837":5,"838":8,"839":6,"840":6,"841":9,"842":7,"843":12,"844":14,"845":6,"846":2,"847":7,"848":11,"849":12,"850":15,"851":16,"852":5,"853":1,"854":6,"855":4,"856":5,"857":2,"858":8,"859":11,"860":16,"861":19,"862":9,"863":6,"864":4,"865":7,"866":9,"867":10,"868":12,"869":4,"870":12,"871":7,"872":12,"873":10,"874":9,"875":17,"876":15,"877":19,"878":11,"879":10,"880":14,"881":15,"882":13,"883":10,"884":10,"885":7,"886":15,"887":11,"888":30,"889":16,"890":8,"891":21,"892":16,"893":12,"894":19,"895":12,"896":8,"897":8,"898":3,"899":3,"900":3,"901":3,"902":5,"903":8,"904":5,"905":2,"906":2,"907":5,"908":15,"909":11,"910":2,"912":2,"913":2,"914":1,"915":4,"916":1,"917":4,"918":7,"919":3,"920":6,"921":2,"922":6,"923":2,"924":2,"925":6,"926":4,"927":1,"928":2,"929":3,"930":4,"931":5,"932":4,"933":6,"934":20,"935":12,"936":2,"937":1,"938":1,"939":1,"940":7,"941":6,"945":3,"946":4,"947":3,"948":5,"949":7,"950":24,"951":10,"952":5,"954":5,"956":1,"957":4,"958":4,"959":3,"960":6,"961":10,"962":10,"963":16,"964":12,"965":7,"966":7,"967":1,"968":6,"969":2,"970":1,"972":1,"974":5,"975":3,"976":6,"977":2,"978":2,"979":2,"980":10,"981":17,"982":12,"983":27,"984":10,"985":12,"986":20,"987":6,"988":13,"989":14,"990":8,"991":7,"992":5,"993":4,"994":4,"995":8,"996":2,"997":1,"998":12,"999":17,"1000":12,"1001":8,"1002":7,"1003":8,"1004":6,"1005":3,"1006":4,"1007":8,"1008":6,"1009":6,"1032":2,"1033":7,"1034":6,"1035":2,"1036":5,"1037":1,"1038":5,"1039":3,"1040":6,"1041":4,"1042":6,"1043":1,"1044":2,"1049":3,"1051":3,"1053":1,"1068":1,"1069":2,"1074":2,"1076":1,"1156":2,"1157":1,"1158":3,"1159":3,"1160":1,"1161":3,"1162":4,"1164":1,"1167":1,"1175":1,"1193":1,"1195":4,"1196":1,"1197":3,"1199":2,"1200":1,"1208":1,"1216":1,"1225":1,"1227":1,"1233":1,"1261":1,"1274":1,"1288":1,"1291":1,"1364":1,"1377":1,"1394":1,"1396":1,"1411":1,"1428":1,"1430":1,"1442":1,"1447":1,"1457":1,"1467":1,"1471":1,"1473":1,"1476":1,"1482":1,"1483":1,"1484":1,"1489":1,"1497":1,"1498":1,"1500":1,"1510":1,"1530":2,"1531":1,"1532":2,"1533":2,"1534":6,"1535":6,"1536":8,"1537":5,"1538":7,"1539":8,"1540":5,"1541":4,"1542":6,"1543":5,"1544":5,"1545":5,"1546":3,"1547":6,"1548":4,"1549":2,"1552":10,"1553":3,"1554":7,"1555":4,"1556":3,"1557":2,"1558":1,"1559":2,"1560":4,"1567":1,"1568":2,"1569":5,"1576":1,"1580":3,"1581":4,"1582":2,"1584":4,"1585":1,"1587":2,"1589":2,"1593":2,"1601":1,"1603":1,"1605":2,"1609":1,"1611":1,"1612":2,"1613":3,"1614":2,"1615":2,"1616":1,"1617":4,"1618":2,"1619":4,"1620":3,"1621":2,"1622":3,"1623":5,"1624":1,"1626":1,"1627":2,"1628":1,"1630":1,"1631":1,"1632":3,"1633":6,"1634":4,"1635":4,"1636":2,"1637":2,"1638":2,"1639":2,"1640":4,"1641":1,"1642":2,"1643":3,"1644":3,"1645":4,"1646":4,"1647":6,"1648":4,"1649":9,"1650":6,"1651":9,"1652":3,"1654":3,"1655":3,"1656":4,"1657":5,"1658":4,"1659":2,"1660":2,"1661":1,"1663":3,"1666":4,"1667":3,"1668":2,"1669":1,"1670":1,"1671":3,"1672":1,"1673":5,"1674":1,"1675":4,"1676":1,"1677":3,"1678":5,"1679":5,"1680":3,"1681":7,"1682":3,"1683":4,"1684":3,"1685":2,"1686":4,"1687":6,"1688":5,"1689":4,"1690":6,"1691":5,"1692":5,"1693":2,"1694":7,"1695":4,"1696":4,"1697":1,"1698":1,"1700":4,"1701":1,"1703":5,"1704":6,"1705":2,"1706":1,"1707":4,"1708":2,"1709":3,"1710":6,"1711":2,"1712":4,"1713":1,"1714":4,"1715":3,"1716":3,"1717":1,"1718":2,"1719":4,"1720":6,"1721":4,"1722":4,"1723":3,"1724":7,"1725":7,"1726":7,"1727":9,"1728":5,"1729":5,"1730":3,"1731":3,"1732":3,"1733":6,"1734":7,"1735":9,"1736":10,"1737":2,"1738":6,"1739":8,"1740":4,"1741":1,"1743":3,"1744":1,"1746":1,"1747":1,"1748":4,"1749":4,"1750":5,"1751":2,"1752":2,"1753":4,"1754":3,"1755":3,"1756":2,"1757":1,"1758":2,"1759":4,"1760":4,"1761":5,"1762":1,"1763":1,"1764":2,"1765":2,"1768":4,"1770":3,"1771":2,"1772":3,"1773":4,"1774":4,"1775":2,"1776":10,"1777":11,"1778":8,"1779":1,"1780":4,"1781":3,"1784":3,"1785":3,"1788":1,"1790":2,"1791":2,"1792":3,"1793":6,"1794":7,"1795":5,"1796":2,"1798":1,"1799":1,"1800":2,"1801":2,"1802":2,"1803":1,"1804":2,"1806":1,"1807":1,"1808":2,"1811":2,"1813":1,"1814":1,"1816":4,"1817":3,"1818":1,"1822":1,"1824":2,"1826":1,"1831":2,"1832":1,"1833":3,"1834":6,"1835":1,"1836":1,"1837":2,"1838":4,"1839":3,"1841":1,"1842":3,"1844":2,"1845":1,"1847":2,"1848":1,"1849":2,"1853":2,"1854":1,"1857":1,"1858":1,"1859":2,"1860":1,"1861":1,"1862":1,"1864":2,"1865":2,"1866":1,"1867":1,"1868":1,"1869":2,"1870":1,"1871":1,"1872":1,"1873":2,"1874":5,"1875":10,"1876":9,"1877":1,"1878":1,"1881":1,"1889":1,"1897":2,"1898":1,"1899":1,"1902":2,"1903":1,"1904":1,"1905":2,"1906":1,"1907":2,"1909":2,"1910":2,"1911":1,"1913":2,"1914":2,"1915":2,"1916":3,"1917":2,"1918":3,"1919":1,"1920":1,"1922":1,"1929":1,"1954":1,"1957":1,"1964":1,"1967":2,"1968":2,"1969":2,"1972":1,"1974":4,"1975":1,"1976":1,"1977":3,"1978":4,"1979":1,"1980":1,"1982":1,"1983":1,"1995":1,"1997":2,"2001":1,"2002":1,"2004":2,"2007":2,"2008":6,"2009":1,"2010":1,"2011":4,"2012":4,"2013":1,"2014":2,"2015":5,"2016":4,"2017":3,"2018":4,"2019":1,"2020":2,"2021":5,"2023":5,"2024":4,"2025":9,"2026":8,"2027":5,"2028":5,"2029":12,"2030":9,"2031":8,"2032":12,"2033":15,"2034":21,"2035":17,"2036":21,"2037":15,"2038":15,"2039":12,"2040":7,"2041":11,"2042":7,"2043":7,"2044":11,"2045":6,"2046":9,"2047":5,"2048":3,"2049":6,"2050":8,"2051":6,"2052":6,"2053":7,"2054":7,"2055":4,"2056":6,"2057":4,"2058":9,"2059":1,"2060":2,"2061":2,"2062":5,"2064":2,"2073":2,"2075":1,"2076":1,"2083":1,"2087":1,"2088":2,"2094":1,"2095":1,"2097":2,"2098":1,"2099":1,"2102":1,"2104":1,"2105":1,"2108":2,"2112":2,"2113":5,"2114":5,"2115":2,"2116":4,"2117":3,"2118":3,"2119":2,"2120":2,"2121":1,"2122":5,"2123":2,"2124":3,"2125":1,"2126":1,"2127":1,"2128":2,"2131":1,"2132":1,"2133":1,"2134":4,"2135":2,"2136":3,"2138":3,"2139":5,"2140":1,"2141":2,"2142":2,"2143":4,"2144":5,"2145":1,"2148":1,"2149":1,"2150":3,"2151":3,"2152":4,"2153":4,"2154":4,"2155":2,"2156":4,"2157":3,"2158":1,"2159":3,"2160":3,"2161":2,"2162":2,"2163":4,"2164":2,"2166":1,"2167":2,"2168":2,"2169":5,"2170":1,"2173":3,"2174":3,"2175":2,"2176":3,"2177":4,"2178":3,"2179":7,"2180":10,"2181":18,"2182":4,"2184":11,"2185":12,"2186":8,"2187":2,"2188":4,"2189":7,"2190":3,"2191":8,"2192":5,"2193":6,"2194":2,"2195":5,"2196":5,"2197":9,"2198":4,"2199":7,"2200":6,"2201":7,"2202":2,"2203":3,"2204":2,"2205":5,"2206":9,"2207":6,"2208":4,"2209":10,"2210":6,"2211":6,"2212":12,"2213":13,"2214":19,"2215":17,"2216":14,"2217":6,"2218":6,"2219":12,"2220":6,"2221":6,"2222":5,"2223":5,"2224":1,"2225":2,"2226":2,"2227":2,"2228":3,"2231":6,"2232":2,"2233":1,"2234":1,"2237":1,"2238":3,"2239":1,"2240":1,"2241":2,"2242":1,"2243":2,"2244":6,"2245":3,"2246":1,"2247":2,"2248":7,"2249":8,"2250":14,"2251":13,"2252":9,"2253":2,"2255":3,"2256":6,"2257":6,"2258":3,"2259":9,"2260":9,"2261":5,"2262":3,"2263":4,"2264":4,"2265":2,"2266":4,"2267":6,"2268":5,"2270":1,"2271":4,"2272":1,"2273":3,"2274":3,"2275":5,"2276":4,"2277":11,"2278":4,"2279":6,"2280":3,"2282":1,"2284":2,"2285":1,"2286":3,"2287":7,"2288":5,"2289":1,"2290":7,"2291":8,"2292":7,"2293":4,"2294":7,"2295":10,"2296":7,"2297":3,"2298":3,"2301":3,"2302":2,"2303":4,"2304":2,"2305":2,"2306":7,"2307":4,"2308":8,"2309":4,"2310":3,"2312":1,"2313":4,"2314":4,"2315":7,"2316":8,"2317":3,"2318":6,"2319":6,"2320":5,"2321":5,"2322":4,"2323":2,"2324":1,"2325":1,"2326":3,"2327":6,"2329":6,"2330":3,"2331":7,"2332":5,"2333":7,"2334":4,"2335":1,"2336":2,"2337":1,"2338":1,"2340":1,"2342":1,"2343":1,"2344":1,"2345":1,"2346":1,"2347":1,"2348":2,"2349":3,"2351":2,"2352":1,"2353":5,"2354":1,"2355":1,"2356":4,"2357":2,"2358":4,"2359":3,"2360":2,"2362":2,"2363":3,"2364":1,"2367":1,"2369":1,"2370":5,"2371":2,"2372":1,"2373":1,"2374":5,"2379":2,"2380":2,"2381":3,"2383":1,"2387":1,"2391":1,"2392":4,"2393":2,"2394":3,"2395":1,"2396":7,"2397":2,"2398":3,"2399":1,"2401":2,"2402":2,"2403":1,"2406":3,"2407":2,"2409":1,"2411":2,"2412":1,"2413":1,"2414":1,"2415":10,"2416":8,"2417":8,"2418":5,"2419":13,"2420":17,"2421":5,"2422":12,"2423":11,"2424":13,"2425":12,"2426":2,"2427":1,"2428":4,"2429":10,"2430":3,"2436":1,"2441":3,"2442":3,"2443":11,"2444":23,"2445":6,"2446":10,"2447":18,"2448":19,"2449":12,"2450":20,"2451":10,"2452":19,"2453":12,"2454":10,"2455":9,"2456":3,"2457":8,"2459":5,"2460":4,"2461":6,"2462":6,"2463":6,"2464":7,"2465":7,"2466":6,"2467":4,"2468":3,"2469":1,"2471":2,"2472":1,"2473":2,"2474":1,"2476":1,"2479":1,"2483":6,"2484":10,"2485":12,"2486":4,"2487":12,"2488":3,"2489":9,"2490":4,"2491":4,"2492":2,"2494":2,"2495":1,"2502":2,"2505":3,"2506":8,"2507":2,"2508":4,"2509":1,"2511":1,"2512":1,"2513":3,"2514":4,"2515":1,"2516":2,"2517":2,"2518":1,"2520":2,"2521":2,"2524":2,"2525":4,"2526":4,"2527":4,"2528":2,"2529":6,"2530":9,"2531":9,"2532":8,"2533":7,"2534":13,"2535":3,"2536":1,"2537":15,"2538":9,"2539":6,"2540":4,"2541":5,"2542":9,"2543":3,"2544":3,"2545":3,"2546":8,"2547":3,"2548":4,"2549":10,"2550":8,"2551":7,"2552":5,"2553":4,"2554":2,"2555":3,"2556":7,"2557":4,"2558":1,"2559":3,"2560":6,"2562":4,"2563":1,"2564":1,"2565":1,"2566":2,"2567":2,"2568":3,"2570":1,"2572":1,"2577":1,"2585":2,"2593":1,"2594":2,"2595":1,"2596":2,"2597":2,"2598":1,"2599":1,"2600":1,"2602":3,"2603":3,"2604":1,"2605":1,"2607":1,"2609":3,"2610":1,"2611":1,"2612":2,"2613":2,"2615":1,"2616":1,"2617":1,"2618":2,"2619":5,"2620":3,"2621":1,"2622":4,"2623":2,"2624":2,"2625":1,"2627":1,"2633":3,"2634":3,"2635":3,"2636":2,"2637":2,"2638":2,"2639":3,"2640":2,"2641":1,"2642":2,"2643":5,"2644":3,"2645":2,"2647":3,"2648":1,"2649":2,"2650":2,"2652":1,"2654":1,"2655":1,"2656":1,"2658":1,"2659":2,"2660":1,"2661":1,"2663":1,"2664":1,"2665":1,"2666":4,"2667":2,"2668":1,"2669":1,"2670":1,"2672":1,"2673":2,"2674":2,"2675":4,"2676":3,"2677":10,"2678":6,"2679":7,"2680":10,"2681":5,"2682":11,"2683":2,"2684":7,"2685":9,"2686":10,"2687":14,"2688":15,"2689":10,"2690":23,"2691":14,"2692":28,"2693":40,"2694":14,"2695":7,"2696":13,"2697":18,"2698":8,"2699":12,"2700":12,"2701":9,"2702":15,"2703":10,"2704":5,"2705":6,"2706":8,"2707":9,"2708":11,"2709":7,"2710":4,"2711":6,"2712":6,"2713":5,"2714":5,"2715":2,"2716":3,"2717":3,"2718":1,"2719":8,"2720":5,"2721":4,"2722":4,"2723":1,"2724":3,"2725":1,"2726":1,"2727":2,"2728":3,"2730":1,"2731":1,"2732":2,"2733":1,"2737":1,"2742":2,"2743":2,"2745":1,"2747":1,"2748":1,"2749":3,"2750":3,"2751":1,"2752":2,"2753":4,"2754":4,"2755":9,"2756":4,"2757":5,"2758":12,"2759":7,"2760":11,"2761":14,"2762":5,"2763":2,"2764":2,"2765":5,"2766":7,"2767":4,"2768":4,"2769":5,"2770":7,"2771":3,"2772":6,"2773":1,"2774":1,"2775":2,"2776":4,"2777":1,"2778":3,"2779":4,"2780":3,"2782":1,"2783":1,"2784":2,"2785":2,"2787":1,"2788":3,"2789":1,"2790":1,"2792":2,"2793":1,"2794":2,"2796":2,"2797":6,"2798":3,"2799":3,"2800":4,"2801":2,"2802":1,"2803":1,"2804":2,"2806":1,"2807":5,"2808":2,"2809":7,"2811":5,"2812":2,"2813":1,"2814":3,"2815":1,"2817":1,"2818":3,"2819":1,"2820":2,"2821":2,"2822":2,"2823":2,"2825":1,"2826":1,"2827":4,"2828":3,"2829":2,"2830":2,"2831":3,"2832":4,"2834":1,"2835":2,"2836":5,"2837":2,"2838":5,"2839":2,"2840":7,"2841":6,"2842":3,"2843":4,"2844":4,"2845":4,"2846":2,"2847":2,"2848":2,"2849":2,"2850":3,"2851":2,"2852":2,"2853":2,"2854":1,"2855":12,"2856":8,"2864":1,"2866":2,"2867":3,"2868":3,"2869":5,"2873":1,"2876":5,"2885":2,"2889":5,"2890":6,"2891":14,"2892":13,"2893":3,"2894":5,"2895":7,"2896":8,"2897":3,"2898":7,"2899":5,"2900":8,"2901":3,"2902":6,"2903":5,"2904":11,"2905":9,"2906":5,"2907":7,"2908":7,"2909":1,"2912":1,"2913":8,"2915":1,"2916":1,"2929":1,"2931":1,"2933":2,"2936":2,"2942":3,"2943":2,"2944":4,"2945":2,"2946":7,"2947":7,"2948":7,"2949":4,"2950":1,"2951":5,"2952":5,"2953":3,"2954":5,"2955":5,"2956":2,"2957":3,"2958":3,"2959":1,"2962":4,"2963":1,"2964":2,"2965":2,"2966":5,"2967":4,"2968":8,"2969":2,"2970":2,"2971":1,"2972":1,"2973":1,"2975":2,"2976":1,"2978":5,"2979":4,"2980":1,"2981":3,"2982":1,"2983":1,"2984":1,"2985":4,"2987":2,"2988":4,"2989":7,"2990":1,"2991":1,"2992":2,"2993":1,"2994":2,"2995":9,"2996":1,"2997":1,"2998":4,"2999":3,"3000":2,"3001":3,"3002":2,"3003":3,"3004":5,"3005":1,"3006":2,"3007":3,"3008":7,"3009":4,"3010":2,"3011":4,"3012":1,"3013":1,"3016":2,"3017":1,"3019":1,"3020":1,"3021":2,"3024":1,"3025":1,"3027":3,"3028":2,"3030":1,"3031":3,"3032":3,"3033":3,"3034":2,"3035":2,"3042":1,"3045":4,"3048":2,"3049":1,"3051":1,"3056":1,"3059":2,"3061":2,"3062":2,"3063":1,"3065":3,"3066":1,"3070":1,"3074":1,"3083":1,"3088":1,"3089":1,"3091":1,"3096":2,"3099":2,"3100":2,"3101":3,"3102":2,"3103":1,"3104":2,"3105":2,"3107":1,"3108":1,"3109":1,"3110":1,"3113":2,"3116":1,"3117":1,"3118":2,"3120":4,"3121":1,"3122":1,"3124":2,"3125":2,"3126":1,"3127":1,"3128":2,"3129":1,"3130":1,"3135":1,"3138":2,"3142":2,"3143":2,"3144":1,"3145":1,"3146":2,"3147":3,"3148":5,"3149":1,"3150":2,"3152":2,"3153":1,"3154":1,"3155":3,"3157":2,"3158":2,"3159":2,"3161":7,"3162":7,"3164":8,"3165":5,"3166":6,"3167":5,"3168":4,"3169":5,"3170":4,"3171":5,"3172":6,"3173":1,"3175":1,"3176":1,"3178":1,"3179":1,"3180":1,"3186":1,"3188":1,"3189":2,"3190":1,"3192":1,"3193":2,"3195":2,"3197":1,"3198":1,"3220":1,"3221":1,"3228":1,"3231":1,"3232":1,"3234":4,"3235":7,"3236":4,"3237":4,"3238":4,"3239":14,"3240":6,"3241":11,"3242":8,"3243":5,"3244":4,"3245":8,"3246":3,"3247":2,"3248":5,"3249":3,"3250":3,"3251":2,"3252":6,"3253":2,"3254":6,"3255":4,"3256":1,"3257":1,"3258":2,"3259":2,"3260":1,"3268":1,"3269":1,"3279":1,"3280":2,"3282":2,"3283":3,"3284":2,"3285":4,"3286":2,"3288":1,"3291":2,"3292":2,"3293":2,"3294":1,"3297":1,"3298":2,"3299":1,"3300":1,"3301":1,"3304":3,"3307":1,"3314":3,"3332":1,"3339":1,"3341":1,"3342":1,"3344":4,"3345":3,"3346":1,"3347":3,"3349":6,"3350":6,"3351":7,"3352":6,"3353":6,"3354":5,"3355":6,"3356":4,"3357":1,"3358":3,"3359":1,"3360":3,"3361":4,"3362":3,"3363":4,"3364":3,"3365":5,"3366":1,"3367":4,"3368":2,"3369":3,"3370":4,"3371":4,"3372":4,"3373":1,"3374":1,"3376":2,"3377":1,"3381":1,"3382":2,"3384":1,"3387":2,"3390":4,"3391":2,"3392":5,"3393":7,"3394":3,"3395":5,"3396":2,"3397":4,"3398":4,"3399":5,"3400":3,"3401":5,"3402":2,"3405":1,"3406":1,"3407":1,"3408":2,"3409":2,"3410":3,"3411":5,"3412":3,"3413":1,"3414":5,"3415":3,"3416":4,"3417":2,"3419":1,"3426":1,"3428":1,"3429":4,"3430":3,"3433":2,"3434":4,"3435":1,"3437":1,"3456":1,"3459":1,"3460":2,"3462":1,"3464":2,"3465":2,"3466":3,"3468":2,"3469":1,"3470":1,"3471":2,"3472":1,"3473":1,"3474":2,"3480":1,"3482":1,"3490":2,"3491":1,"3497":1,"3502":1,"3503":2,"3508":1,"3510":3,"3513":3,"3514":2,"3515":2,"3529":1,"3533":2,"3536":1,"3539":1,"3541":1,"3579":1,"3581":1,"3585":1,"3586":1,"3587":1,"3588":1,"3593":1,"3594":1,"3595":1,"3596":1,"3598":1,"3643":1,"3690":1,"3693":1,"3703":1,"3717":1,"3738":1,"3739":1,"3745":1,"3746":1,"3747":5,"3748":1,"3749":1,"3750":1,"3751":6,"3752":2,"3753":8,"3754":10,"3755":12,"3756":14,"3757":13,"3758":12,"3759":9,"3760":9,"3761":5,"3762":3,"3763":2,"3764":2,"3765":1,"3773":1,"3774":2,"3775":1,"3776":1,"3908":1,"3909":1,"3911":1,"3912":1,"3913":1,"3914":1,"3925":1,"3927":1,"3929":2,"3930":1,"3932":1,"3933":1,"3934":1,"3935":1,"3936":1,"3940":2,"3951":1,"3952":1,"3958":1,"3962":1,"3965":1,"3966":1,"3968":1,"3974":1,"3979":1,"3980":1,"3982":3,"3984":1,"3996":1,"4011":1,"4012":1,"4013":1,"4023":1,"4024":2,"4028":1,"4032":1,"4034":1,"4037":2,"4038":1,"4042":1,"4049":1,"4051":1,"4053":1,"4054":1,"4055":1,"4057":3,"4063":2,"4064":1,"4068":1,"4072":1,"4073":2,"4080":1,"4082":2,"4086":1,"4087":1,"4089":2,"4090":1,"4093":1,"4094":2,"4095":1,"4100":1,"4103":1,"4104":1,"4105":2,"4106":3,"4110":1,"4113":2,"4116":1,"4117":2,"4120":2,"4121":1,"4123":1,"4126":1,"4127":2,"4130":2,"4131":1,"4132":1,"4135":1,"4136":1,"4140":1,"4141":2,"4142":1,"4146":3,"4147":1,"4149":1,"4151":1,"4152":1,"4154":1,"4155":1,"4156":2,"4157":1,"4158":4,"4159":1,"4163":1,"4164":1,"4165":1,"4174":1,"4175":1,"4176":1,"4179":1,"4182":1,"4184":1,"4187":2,"4191":2,"4193":1,"4198":1,"4199":2,"4203":1,"4206":1,"4207":1,"4208":2,"4210":1,"4211":1,"4212":3,"4214":1,"4215":1,"4216":1,"4218":1,"4219":5,"4221":1,"4222":1,"4224":2,"4225":1,"4226":1,"4227":2,"4228":1,"4230":1,"4231":1,"4233":1,"4234":3,"4235":4,"4238":1,"4239":2,"4241":1,"4243":2,"4244":3,"4245":2,"4246":2,"4247":2,"4248":2,"4249":2,"4250":2,"4252":3,"4253":3,"4255":3,"4256":1,"4257":1,"4258":1,"4260":2,"4262":1,"4264":5,"4265":1,"4266":2,"4267":4,"4268":2,"4269":4,"4270":4,"4271":4,"4272":2,"4273":3,"4274":3,"4275":2,"4276":5,"4277":4,"4279":4,"4280":3,"4282":2,"4283":5,"4284":2,"4285":1,"4287":2,"4288":1,"4289":2,"4290":2,"4295":2,"4296":2,"4297":2,"4299":2,"4300":3,"4301":1,"4302":2,"4304":2,"4305":2,"4307":3,"4309":1,"4310":1,"4311":9,"4312":10,"4313":2,"4314":3,"4315":3,"4316":3,"4317":4,"4318":5,"4319":5,"4320":6,"4321":3,"4322":3,"4323":6,"4324":3,"4325":4,"4326":1,"4327":3,"4328":5,"4329":1,"4331":2,"4334":2,"4336":1,"4339":2,"4340":1,"4342":1,"4344":2,"4345":2,"4347":1,"4348":1,"4351":3,"4352":3,"4353":2,"4354":1,"4356":1,"4357":2,"4358":3,"4359":4,"4360":2,"4361":3,"4362":4,"4363":1,"4365":2,"4366":5,"4367":1,"4368":1,"4369":2,"4371":2,"4372":1,"4373":2,"4374":1,"4375":1,"4376":2,"4377":2,"4378":5,"4379":5,"4380":3,"4381":10,"4382":4,"4383":3,"4384":2,"4385":3,"4386":4,"4387":5,"4388":6,"4389":4,"4390":2,"4391":5,"4392":6,"4393":10,"4394":7,"4395":9,"4396":9,"4397":10,"4398":12,"4399":13,"4400":9,"4401":12,"4402":3,"4403":2,"4404":6,"4405":8,"4406":6,"4407":2,"4408":3,"4409":2,"4410":1,"4411":3,"4412":1,"4413":2,"4414":2,"4415":3,"4416":1,"4417":4,"4419":2,"4420":2,"4421":2,"4422":1,"4423":1,"4424":1,"4425":3,"4426":3,"4430":3,"4432":2,"4434":1,"4436":4,"4437":2,"4439":1,"4440":3,"4441":4,"4442":5,"4443":2,"4444":1,"4445":1,"4446":2,"4447":5,"4448":3,"4449":4,"4450":1,"4451":3,"4452":2,"4454":1,"4455":1,"4456":1,"4457":2,"4459":2,"4460":2,"4463":1,"4465":1,"4466":2,"4470":2,"4471":1,"4473":1,"4475":3,"4477":1,"4478":1,"4479":1,"4481":1,"4482":1,"4484":2,"4487":2,"4489":1,"4490":4,"4491":2,"4493":1,"4495":5,"4496":2,"4497":1,"4499":1,"4501":2,"4502":3,"4503":3,"4505":3,"4506":1,"4507":1,"4509":5,"4510":1,"4511":2,"4512":2,"4514":3,"4515":8,"4516":4,"4517":3,"4518":5,"4519":8,"4520":5,"4521":4,"4522":7,"4523":4,"4524":4,"4525":12,"4526":14,"4527":13,"4528":10,"4529":8,"4530":7,"4531":5,"4532":10,"4533":10,"4534":6,"4535":9,"4536":6,"4537":4,"4538":4,"4539":2,"4540":4,"4542":6,"4544":4,"4546":3,"4547":1,"4550":1,"4551":2,"4552":2,"4553":1,"4554":2,"4555":7,"4556":4,"4557":3,"4558":2,"4559":6,"4560":5,"4561":6,"4562":6,"4563":6,"4564":1,"4565":5,"4567":1,"4568":8,"4569":6,"4570":1,"4571":3,"4572":1,"4573":7,"4574":3,"4575":4,"4576":7,"4577":11,"4578":6,"4579":3,"4580":4,"4581":1,"4582":2,"4583":3,"4584":1,"4585":1,"4586":4,"4587":3,"4588":1,"4589":4,"4590":5,"4592":4,"4593":5,"4594":7,"4595":7,"4596":5,"4598":9,"4599":7,"4600":10,"4601":6,"4602":4,"4603":4,"4604":2,"4605":3,"4606":12,"4607":2,"4608":7,"4609":7,"4610":6,"4611":3,"4612":4,"4613":3,"4614":9,"4615":7,"4616":7,"4617":10,"4618":7,"4619":11,"4620":8,"4621":7,"4622":4,"4623":2,"4624":2,"4625":2,"4626":1,"4627":1,"4628":4,"4629":1,"4630":1,"4631":1,"4632":1,"4633":1,"4634":1,"4635":2,"4636":3,"4637":2,"4638":5,"4639":4,"4640":4,"4641":1,"4642":2,"4643":3,"4644":6,"4645":1,"4646":2,"4648":1,"4649":1,"4650":1,"4651":1,"4652":4,"4653":2,"4654":1,"4655":4,"4656":1,"4657":3,"4658":6,"4659":4,"4660":5,"4661":8,"4662":7,"4663":4,"4664":7,"4665":7,"4666":4,"4667":4,"4668":5,"4669":3,"4670":4,"4671":3,"4672":6,"4673":9,"4674":12,"4675":6,"4676":12,"4677":8,"4678":6,"4679":11,"4680":12,"4681":11,"4682":3,"4683":3,"4684":5,"4685":5,"4686":10,"4687":14,"4688":5,"4689":2,"4691":4,"4692":3,"4693":3,"4694":3,"4695":1,"4696":1,"4697":9,"4698":14,"4699":9,"4700":3,"4701":3,"4702":2,"4704":1,"4705":3,"4706":1,"4707":2,"4708":7,"4709":12,"4710":7,"4711":2,"4712":1,"4713":5,"4714":13,"4715":6,"4716":6,"4717":5,"4718":5,"4719":7,"4720":7,"4721":8,"4722":3,"4723":9,"4724":7,"4725":6,"4726":5,"4727":6,"4728":4,"4729":3,"4730":5,"4731":2,"4733":4,"4735":2,"4736":3,"4738":2,"4739":2,"4740":1,"4742":4,"4744":1,"4745":2,"4746":5,"4747":2,"4748":2,"4749":3,"4750":2,"4751":2,"4752":2,"4753":1,"4754":1,"4755":2,"4756":1,"4757":1,"4758":2,"4759":4,"4760":3,"4762":2,"4763":2,"4764":2,"4765":2,"4766":2,"4768":4,"4769":5,"4770":2,"4771":2,"4773":1,"4774":1,"4775":3,"4777":1,"4778":1,"4779":8,"4780":7,"4781":1,"4782":2,"4783":3,"4784":5,"4785":4,"4786":2,"4787":1,"4788":2,"4789":6,"4790":4,"4791":3,"4792":6,"4793":5,"4794":6,"4795":6,"4796":9,"4797":2,"4798":1,"4799":5,"4800":2,"4801":9,"4803":3,"4804":5,"4805":5,"4806":7,"4807":1,"4808":2,"4809":1,"4810":2,"4811":4,"4813":3,"4814":7,"4815":6,"4816":5,"4817":4,"4818":9,"4819":3,"4820":3,"4821":3,"4822":6,"4823":6,"4825":2,"4826":4,"4827":5,"4828":4,"4829":3,"4830":3,"4832":7,"4833":4,"4834":4,"4835":4,"4836":7,"4837":10,"4838":5,"4839":10,"4840":3,"4841":3,"4842":5,"4843":2,"4844":9,"4845":7,"4846":4,"4847":4,"4848":4,"4849":3,"4850":6,"4851":6,"4852":5,"4853":7,"4854":6,"4855":5,"4856":5,"4857":4,"4858":6,"4859":3,"4860":2,"4861":2,"4862":9,"4863":4,"4864":6,"4865":4,"4866":9,"4867":4,"4868":3,"4869":7,"4870":6,"4871":9,"4872":5,"4873":7,"4874":8,"4875":11,"4876":8,"4877":6,"4878":12,"4879":2,"4880":6,"4881":4,"4882":1,"4883":7,"4884":1,"4885":1,"4886":4,"4887":1,"4888":8,"4889":2,"4890":7,"4891":9,"4892":9,"4893":12,"4894":4,"4895":7,"4896":7,"4897":12,"4898":7,"4899":1,"4900":5,"4901":5,"4902":5,"4903":7,"4904":6,"4905":5,"4906":2,"4907":6,"4908":6,"4909":4,"4910":3,"4911":4,"4912":3,"4913":7,"4914":3,"4915":4,"4917":3,"4918":3,"4919":4,"4920":4,"4921":6,"4922":7,"4923":11,"4924":10,"4925":4,"4926":10,"4927":8,"4928":6,"4929":4,"4930":5,"4931":8,"4932":7,"4933":4,"4934":4,"4935":5,"4936":10,"4937":6,"4938":8,"4939":9,"4940":9,"4941":7,"4942":4,"4943":6,"4944":8,"4945":4,"4946":4,"4947":6,"4948":5,"4949":5,"4950":6,"4951":5,"4952":7,"4953":3,"4954":4,"4955":11,"4956":8,"4957":4,"4958":8,"4959":2,"4960":3,"4961":4,"4962":3,"4963":6,"4964":4,"4965":2,"4966":3,"4967":2,"4968":2,"4969":1,"4970":3,"4971":4,"4972":5,"4973":5,"4974":8,"4975":4,"4976":5,"4977":4,"4978":5,"4979":6,"4980":9,"4981":5,"4982":8,"4983":5,"4984":5,"4985":1,"4986":7,"4987":6,"4988":6,"4989":5,"4990":6,"4991":7,"4992":5,"4993":3,"4994":8,"4995":8,"4996":4,"4997":4,"4998":4,"4999":4,"5000":4,"5001":4,"5002":3,"5003":3,"5004":1,"5005":6,"5006":2,"5007":1,"5008":4,"5009":1,"5010":4,"5011":6,"5012":2,"5013":3,"5015":2,"5016":8,"5017":7,"5018":5,"5019":6,"5020":7,"5021":6,"5022":2,"5023":4,"5024":5,"5025":3,"5026":7,"5027":6,"5028":3,"5029":7,"5030":6,"5031":5,"5032":6,"5033":5,"5034":5,"5035":10,"5036":3,"5037":5,"5038":6,"5039":6,"5040":7,"5041":4,"5042":3,"5043":5,"5044":8,"5045":3,"5046":4,"5047":6,"5048":3,"5049":9,"5050":5,"5051":8,"5052":7,"5053":5,"5054":5,"5055":4,"5056":12,"5057":3,"5058":5,"5059":5,"5060":7,"5061":5,"5062":5,"5063":11,"5064":6,"5065":6,"5066":6,"5067":1,"5068":3,"5069":4,"5070":8,"5071":7,"5072":5,"5073":3,"5074":7,"5075":5,"5076":5,"5077":4,"5078":6,"5079":4,"5080":10,"5081":4,"5082":2,"5083":7,"5084":7,"5085":3,"5086":8,"5087":8,"5088":7,"5089":5,"5090":9,"5091":8,"5092":5,"5093":2,"5094":7,"5095":11,"5096":6,"5097":7,"5098":4,"5099":5,"5100":10,"5101":2,"5102":5,"5103":2,"5104":5,"5105":3,"5106":5,"5107":6,"5108":5,"5109":6,"5110":6,"5111":7,"5112":11,"5113":5,"5114":3,"5115":8,"5116":4,"5117":4,"5119":6,"5120":5,"5121":4,"5122":3,"5123":2,"5124":4,"5125":4,"5126":4,"5127":5,"5128":4,"5129":6,"5130":3,"5131":5,"5132":4,"5133":5,"5134":6,"5135":5,"5136":3,"5137":5,"5138":6,"5139":4,"5140":3,"5141":6,"5142":5,"5144":8,"5145":10,"5146":5,"5147":5,"5148":1,"5149":4,"5150":1,"5151":3,"5152":6,"5153":5,"5154":7,"5155":10,"5156":9,"5157":11,"5158":8,"5159":9,"5160":4,"5161":4,"5162":7,"5163":4,"5164":5,"5165":5,"5166":5,"5167":5,"5168":7,"5169":3,"5170":4,"5171":7,"5172":3,"5173":7,"5174":5,"5175":2,"5176":2,"5177":1,"5178":2,"5181":3,"5182":3,"5183":2,"5184":1,"5185":4,"5186":3,"5187":4,"5188":4,"5189":5,"5190":6,"5191":5,"5192":4,"5193":3,"5194":7,"5195":3,"5196":5,"5197":2,"5198":3,"5199":3,"5200":5,"5201":11,"5202":6,"5203":1,"5204":2,"5205":5,"5206":1,"5207":6,"5208":3,"5209":7,"5210":4,"5211":5,"5212":4,"5213":4,"5214":3,"5215":5,"5216":6,"5217":2,"5218":2,"5219":1,"5220":2,"5221":5,"5223":3,"5224":4,"5225":3,"5226":4,"5227":3,"5228":5,"5229":4,"5230":4,"5231":5,"5232":5,"5233":3,"5234":5,"5235":2,"5236":8,"5237":2,"5238":4,"5239":8,"5240":6,"5241":5,"5242":4,"5243":7,"5244":4,"5245":6,"5246":4,"5247":12,"5248":6,"5249":16,"5250":10,"5251":11,"5252":13,"5253":13,"5254":9,"5255":9,"5256":8,"5257":5,"5258":7,"5259":9,"5260":5,"5261":3,"5262":4,"5263":4,"5264":2,"5265":5,"5266":2,"5267":3,"5268":1,"5269":5,"5270":6,"5271":1,"5272":5,"5273":6,"5274":5,"5275":3,"5276":2,"5277":7,"5278":7,"5279":2,"5280":4,"5281":5,"5282":5,"5283":8,"5284":7,"5285":5,"5286":5,"5288":8,"5289":5,"5290":4,"5291":7,"5292":5,"5293":8,"5294":6,"5295":4,"5296":7,"5297":8,"5298":8,"5299":8,"5300":5,"5301":11,"5302":6,"5303":3,"5304":4,"5305":4,"5306":7,"5307":3,"5308":7,"5310":4,"5311":1,"5312":4,"5313":5,"5314":4,"5315":11,"5316":11,"5317":4,"5318":2,"5319":9,"5320":4,"5321":7,"5322":4,"5323":3,"5324":3,"5325":2,"5326":6,"5327":5,"5328":6,"5329":6,"5330":4,"5331":3,"5332":1,"5333":5,"5334":1,"5335":4,"5336":6,"5337":3,"5338":4,"5339":2,"5340":12,"5341":4,"5342":4,"5343":3,"5344":2,"5345":3,"5346":3,"5347":3,"5348":6,"5349":13,"5350":6,"5351":4,"5352":6,"5353":3,"5354":7,"5355":3,"5356":3,"5357":2,"5358":3,"5360":3,"5361":4,"5362":4,"5363":5,"5364":6,"5365":4,"5366":8,"5367":5,"5368":3,"5369":9,"5370":3,"5371":5,"5372":3,"5373":3,"5374":6,"5375":4,"5376":2,"5377":7,"5378":7,"5379":1,"5380":3,"5381":5,"5382":4,"5383":3,"5384":8,"5385":4,"5386":4,"5387":7,"5388":1,"5389":2,"5390":2,"5391":2,"5392":3,"5393":3,"5394":4,"5395":3,"5396":1,"5397":6,"5398":6,"5399":1,"5400":3,"5401":3,"5402":3,"5403":4,"5404":5,"5405":3,"5406":7,"5407":5,"5408":5,"5409":3,"5410":3,"5411":3,"5412":1,"5413":5,"5414":8,"5415":7,"5416":6,"5417":5,"5418":4,"5419":10,"5420":5,"5421":4,"5422":5,"5423":4,"5424":5,"5425":4,"5426":4,"5427":8,"5428":4,"5429":9,"5430":10,"5431":5,"5432":2,"5433":5,"5434":4,"5435":8,"5436":4,"5437":4,"5438":4,"5439":3,"5440":8,"5441":4,"5442":3,"5443":7,"5444":3,"5445":4,"5446":2,"5447":4,"5448":3,"5449":4,"5450":9,"5451":3,"5452":4,"5453":6,"5454":3,"5456":1,"5457":3,"5458":2,"5459":5,"5460":2,"5461":3,"5462":2,"5464":5,"5465":5,"5466":6,"5467":2,"5468":5,"5469":7,"5470":1,"5471":4,"5472":5,"5474":2,"5475":3,"5476":3,"5477":1,"5478":3,"5479":6,"5480":5,"5481":4,"5482":1,"5483":3,"5484":8,"5485":6,"5486":7,"5487":9,"5488":8,"5489":4,"5490":6,"5491":3,"5493":6,"5494":4,"5495":1,"5496":1,"5497":5,"5498":8,"5499":5,"5500":1,"5501":5,"5502":3,"5503":3,"5504":6,"5505":2,"5506":5,"5507":3,"5508":5,"5510":1,"5511":3,"5512":5,"5513":3,"5514":4,"5515":2,"5516":7,"5517":4,"5518":10,"5519":3,"5520":3,"5521":8,"5522":3,"5523":3,"5524":5,"5525":2,"5526":2,"5527":3,"5528":2,"5529":4,"5530":5,"5531":4,"5532":3,"5533":1,"5534":3,"5535":1,"5536":6,"5537":1,"5538":1,"5539":7,"5540":8,"5541":2,"5542":4,"5543":1,"5544":1,"5545":4,"5546":4,"5547":3,"5548":2,"5549":4,"5550":8,"5551":5,"5552":2,"5553":3,"5554":7,"5555":2,"5556":1,"5558":4,"5559":2,"5560":2,"5561":3,"5562":5,"5563":4,"5564":7,"5565":8,"5566":2,"5567":2,"5568":2,"5569":3,"5571":1,"5572":2,"5573":1,"5574":4,"5575":2,"5576":1,"5577":3,"5578":6,"5579":4,"5580":3,"5582":2,"5583":4,"5584":2,"5585":1,"5586":4,"5587":2,"5588":2,"5589":8,"5590":3,"5591":4,"5593":6,"5594":4,"5595":7,"5596":1,"5598":4,"5599":5,"5600":2,"5601":4,"5602":2,"5603":3,"5604":1,"5605":2,"5606":5,"5607":4,"5608":4,"5609":1,"5610":1,"5611":2,"5612":4,"5613":2,"5614":2,"5615":2,"5616":1,"5617":1,"5618":8,"5620":3,"5621":1,"5622":2,"5623":3,"5624":3,"5625":2,"5626":3,"5627":2,"5628":3,"5629":1,"5630":2,"5631":2,"5632":5,"5633":1,"5634":4,"5635":2,"5636":2,"5637":4,"5638":2,"5639":2,"5640":1,"5641":1,"5642":3,"5643":2,"5644":3,"5645":2,"5646":2,"5647":3,"5648":4,"5649":2,"5650":5,"5651":4,"5652":1,"5653":2,"5654":1,"5655":3,"5656":3,"5657":1,"5658":3,"5659":3,"5660":3,"5661":2,"5662":1,"5664":4,"5665":3,"5666":3,"5667":1,"5668":4,"5670":4,"5671":2,"5672":2,"5674":5,"5675":1,"5676":3,"5677":3,"5678":1,"5679":2,"5680":2,"5681":2,"5682":4,"5683":3,"5684":1,"5685":4,"5686":3,"5688":3,"5689":4,"5690":1,"5691":3,"5692":3,"5693":3,"5694":1,"5695":3,"5696":2,"5697":2,"5698":1,"5700":2,"5701":1,"5702":3,"5703":3,"5704":2,"5705":7,"5707":4,"5708":4,"5709":7,"5710":8,"5711":4,"5712":4,"5713":7,"5714":3,"5715":2,"5716":2,"5717":1,"5718":5,"5719":1,"5720":2,"5721":1,"5722":4,"5723":3,"5724":3,"5725":2,"5727":2,"5728":2,"5729":2,"5730":2,"5731":4,"5732":3,"5733":6,"5734":5,"5735":4,"5736":7,"5737":7,"5738":4,"5739":5,"5740":1,"5741":4,"5742":8,"5743":7,"5744":4,"5745":1,"5746":2,"5747":3,"5748":7,"5749":6,"5750":3,"5751":3,"5752":5,"5753":4,"5754":6,"5755":11,"5756":5,"5757":2,"5758":7,"5759":3,"5760":1,"5761":3,"5762":2,"5763":3,"5764":1,"5765":1,"5766":2,"5767":2,"5768":1,"5769":2,"5770":6,"5771":3,"5772":3,"5773":2,"5774":2,"5776":2,"5777":2,"5779":3,"5780":4,"5781":2,"5782":4,"5783":3,"5784":3,"5785":4,"5786":5,"5787":1,"5788":5,"5789":1,"5790":2,"5791":2,"5792":4,"5793":1,"5794":1,"5795":4,"5796":1,"5799":2,"5800":4,"5801":3,"5802":2,"5803":2,"5804":1,"5805":1,"5806":2,"5807":1,"5808":3,"5811":1,"5812":3,"5813":1,"5814":2,"5816":3,"5817":1,"5818":7,"5819":3,"5821":4,"5822":1,"5825":5,"5827":3,"5829":2,"5830":4,"5832":2,"5833":1,"5834":1,"5836":1,"5837":1,"5838":1,"5839":1,"5840":1,"5841":1,"5842":2,"5843":2,"5844":2,"5845":1,"5846":1,"5847":1,"5848":6,"5849":1,"5850":3,"5851":2,"5852":1,"5853":2,"5854":4,"5855":1,"5856":1,"5857":1,"5859":1,"5860":4,"5861":2,"5862":1,"5864":2,"5865":1,"5866":4,"5867":2,"5868":1,"5869":2,"5870":3,"5871":3,"5872":2,"5875":3,"5876":2,"5877":2,"5879":3,"5880":1,"5881":1,"5882":2,"5883":3,"5884":3,"5885":2,"5886":4,"5888":1,"5889":1,"5890":2,"5891":2,"5892":1,"5893":2,"5895":1,"5896":4,"5897":1,"5898":1,"5899":1,"5900":2,"5901":1,"5902":4,"5903":5,"5904":2,"5905":3,"5907":1,"5908":4,"5909":7,"5910":2,"5911":2,"5912":3,"5913":1,"5915":2,"5917":1,"5918":2,"5919":2,"5920":1,"5921":1,"5922":2,"5924":1,"5925":2,"5926":1,"5928":1,"5929":4,"5930":1,"5931":5,"5932":1,"5934":1,"5935":2,"5936":1,"5937":3,"5938":1,"5939":2,"5940":1,"5942":1,"5943":2,"5944":1,"5945":3,"5946":3,"5947":1,"5948":2,"5949":1,"5950":2,"5951":1,"5952":3,"5953":6,"5954":1,"5955":4,"5956":1,"5957":2,"5958":4,"5959":6,"5960":2,"5961":1,"5962":5,"5963":2,"5964":3,"5965":1,"5966":1,"5967":1,"5968":1,"5970":1,"5971":2,"5973":1,"5977":1,"5982":1,"5984":1,"5993":1,"5994":1,"5997":1,"6001":1,"6002":1,"6004":1,"6005":1,"6006":2,"6007":2,"6009":2,"6011":1,"6014":1,"6021":1,"6023":1,"6030":1,"6031":1,"6035":1,"6036":1,"6038":1,"6039":2,"6040":2,"6041":2,"6042":1,"6043":3,"6046":4,"6048":1,"6052":1,"6056":1,"6058":2,"6060":1,"6062":1,"6063":2,"6067":2,"6068":1,"6069":1,"6072":1,"6078":1,"6080":2,"6084":1,"6085":1,"6086":1,"6092":1,"6096":1,"6101":2,"6102":1,"6104":1,"6106":1,"6108":1,"6112":2,"6121":1,"6122":2,"6123":1,"6124":1,"6126":1,"6128":1,"6132":2,"6133":1,"6134":4,"6136":1,"6137":1,"6138":1,"6144":1,"6145":1,"6146":2,"6151":1,"6154":1,"6155":1,"6156":1,"6157":1,"6158":2,"6159":1,"6163":2,"6165":1,"6167":2,"6168":1,"6169":1,"6171":2,"6172":1,"6175":1,"6176":1,"6177":3,"6178":1,"6183":1,"6184":3,"6188":1,"6189":2,"6193":1,"6198":1,"6200":3,"6202":1,"6203":1,"6208":1,"6209":1,"6211":1,"6212":1,"6215":2,"6216":1,"6219":1,"6220":1,"6221":2,"6223":1,"6224":2,"6225":1,"6227":2,"6229":2,"6231":1,"6235":2,"6236":2,"6240":1,"6241":1,"6242":1,"6245":1,"6246":1,"6249":1,"6251":1,"6252":1,"6253":1,"6254":1,"6255":1,"6256":1,"6257":2,"6269":1,"6272":1,"6273":1,"6278":1,"6280":1,"6282":1,"6285":1,"6288":1,"6289":1,"6290":1,"6291":2,"6322":1,"6336":1,"6339":1,"6341":1,"6342":2,"6344":1,"6357":1,"6372":1,"6375":1,"6381":1,"6454":1,"6488":1,"6493":1,"6498":1,"6511":1,"6519":1,"6521":1,"6538":1,"6542":4,"6559":1,"6613":1,"6629":1,"6645":1,"6646":1,"6647":1,"6649":1,"6668":1,"6671":2,"6677":1,"6681":1,"6689":1,"6709":1,"6757":1,"6773":1,"6818":1,"6820":1,"6838":1,"6906":1,"6991":1,"7422":1,"7453":1,"7470":1,"7475":1,"7478":2,"7498":1,"7499":1,"7527":1,"7549":1,"7552":1,"7553":1,"7555":1,"7558":2,"7568":2,"7569":1,"7578":1,"7590":1,"7611":1,"7622":1,"7632":1,"7662":1,"7741":1,"7743":1,"7746":1,"7749":2,"7754":1,"7757":1,"7759":1,"8274":1,"8301":1,"8727":1,"8879":1,"9485":1,"9809":1,"10014":1,"11242":1,"11836":1,"12147":1,"12148":1,"12150":1,"12153":1,"12182":1,"12183":1,"12184":4,"12185":5,"12186":2,"12187":7,"12188":5,"12189":11,"12190":5,"12191":10,"12192":5,"12193":4,"12194":4,"12195":1,"12196":2,"12197":3,"12198":3,"12199":4,"12200":6,"12201":1,"12202":1,"12204":2,"12205":2,"12208":1,"12215":1,"12216":1,"12220":1,"12221":1,"12222":1,"12224":1,"12225":2,"12228":2,"12229":1,"12231":2,"12234":2,"12235":3,"12237":2,"12238":1,"12240":1,"12241":1,"12242":1,"12244":1,"12245":2,"12246":1,"12248":1,"12304":1,"12353":4,"12356":3,"12357":1,"12358":1,"12359":2,"12361":2,"12362":1,"12363":2,"12367":3,"12368":1,"12369":2,"12374":2,"12386":1,"12389":1,"12396":1,"12402":1,"12404":1,"12405":1,"12408":1,"12412":1,"12413":2,"12414":6,"12415":3,"12416":2,"12417":3,"12418":4,"12419":3,"12420":3,"12430":3,"12431":2,"12432":2,"12433":1,"12436":2,"12438":1,"12439":2,"12440":3,"12444":1,"12445":1,"12447":1,"12452":1,"12453":1,"12455":1,"12460":2,"12461":2,"12462":1,"12464":1,"12465":1,"12466":1,"12467":1,"12468":4,"12471":1,"12481":1,"12483":1,"12488":1,"12490":1,"12491":2,"12492":3,"12494":1,"12495":2,"12496":3,"12497":4,"12498":1,"12499":3,"12500":1,"12501":6,"12502":7,"12503":3,"12504":1,"12505":1,"12507":1,"12508":2,"12509":1,"12584":2,"12585":1,"12586":1,"12604":2,"12605":2,"12609":1,"12610":2,"12611":4,"12612":1,"12613":3,"12614":3,"12615":1,"12616":2,"12617":4,"12618":4,"12619":1,"12620":1,"12621":2,"12622":4,"12624":1,"12630":1,"12637":1,"12638":1,"12641":1,"12642":1,"12644":1,"12649":1,"12651":2,"12652":5,"12655":2,"12656":2,"12657":5,"12658":2,"12659":4,"12660":3,"12661":3,"12662":2,"12664":6,"12665":2,"12666":1,"12667":2,"12669":1,"12670":1,"12671":1,"12672":1,"12673":1,"12674":1,"12676":1,"12679":2,"12700":1,"12701":1,"12707":5,"12708":7,"12709":5,"12710":9,"12711":4,"12712":4,"12713":2,"12716":2,"12718":1,"12719":2,"12720":5,"12721":3,"12722":6,"12723":2,"12724":7,"12725":5,"12726":7,"12727":6,"12728":6,"12729":7,"12730":3,"12731":5,"12732":4,"12733":6,"12735":3,"12736":1,"12737":2,"12738":1,"12744":2,"12759":1,"12760":1,"12761":3,"12762":6,"12763":6,"12764":4,"12765":1,"12776":1,"12778":1,"12781":1,"12782":2,"12783":3,"12784":5,"12785":2,"12787":2,"12788":1,"12793":2,"12794":4,"12796":2,"12821":2,"12822":2,"12824":1,"12825":1,"12827":2,"12828":1,"12829":1,"12832":1,"12833":2,"12835":1,"12849":1,"12850":1,"12852":2,"12853":8,"12854":6,"12855":11,"12856":10,"12857":4,"12858":10,"12859":8,"12860":8,"12861":9,"12862":6,"12863":7,"12864":2,"12865":7,"12866":8,"12867":4,"12868":5,"12869":7,"12870":14,"12871":1,"12873":6,"12874":7,"12875":13,"12876":9,"12877":15,"12878":16,"12879":12,"12880":11,"12881":27,"12882":24,"12883":23,"12884":19,"12885":19,"12886":22,"12887":18,"12888":18,"12889":19,"12890":16,"12891":18,"12892":14,"12893":9,"12894":14,"12895":5,"12896":7,"12897":5,"12898":11,"12899":7,"12900":3,"12901":5,"12902":2,"12903":3,"12904":5,"12905":1,"12906":2,"12907":2,"12908":3,"12909":1,"12910":3,"12911":1,"12912":3,"12913":2,"12914":5,"12915":7,"12916":8,"12917":2,"12918":3,"12919":1,"12920":5,"12921":1,"12922":3,"12923":3,"12925":2,"12926":4,"12927":1,"12928":3,"12929":1,"12930":1,"12931":1,"12932":1,"12933":3,"12934":4,"12935":2,"12936":1,"12937":2,"12938":2,"12939":2,"12940":4,"12941":3,"12942":7,"12943":1,"12944":2,"12945":1,"12947":4,"12948":2,"12949":2,"12950":3,"12951":1,"12952":3,"12953":1,"12956":1,"12964":1,"12967":1,"12969":1,"12971":2,"12972":2,"12975":1,"12976":1,"12977":3,"12978":3,"12979":1,"12980":2,"13035":1,"13043":1,"13081":1,"13083":3,"13084":2,"13085":3,"13086":1,"13088":3,"13090":1,"13091":1,"13095":1,"13098":1,"13101":2,"13102":1,"13103":4,"13104":8,"13105":4,"13106":5,"13107":7,"13108":3,"13109":4,"13110":9,"13111":8,"13112":5,"13113":2,"13114":3,"13115":5,"13116":3,"13117":1,"13118":4,"13119":2,"13120":3,"13121":4,"13122":1,"13123":1,"13124":2,"13125":4,"13126":4,"13127":2,"13128":5,"13129":5,"13130":4,"13131":2,"13132":6,"13133":2,"13134":4,"13135":3,"13136":4,"13137":4,"13138":2,"13139":1,"13140":2,"13141":1,"13142":4,"13143":1,"13144":1,"13145":2,"13148":1,"13149":1,"13150":2,"13151":1,"13153":3,"13154":2,"13155":1,"13156":4,"13157":4,"13158":6,"13159":3,"13160":1,"13161":5,"13162":2,"13163":5,"13164":6,"13165":7,"13166":7,"13167":2,"13168":4,"13169":2,"13170":1,"13171":3,"13172":4,"13174":2,"13175":2,"13176":1,"13180":3,"13181":2,"13182":1,"13183":3,"13184":4,"13185":3,"13186":4,"13187":4,"13188":8,"13189":5,"13190":3,"13191":4,"13192":3,"13193":5,"13194":3,"13195":2,"13196":3,"13197":5,"13198":3,"13199":6,"13200":1,"13201":3,"13202":2,"13203":1,"13205":1,"13280":1,"13281":1,"13283":4,"13285":1,"13286":1,"13287":4,"13288":2,"13289":3,"13290":2,"13292":1,"13293":2,"13294":2,"13295":2,"13296":2,"13297":1,"13299":1,"13300":1,"13301":4,"13302":3,"13303":9,"13304":1,"13305":7,"13307":4,"13308":6,"13309":5,"13310":4,"13311":5,"13312":7,"13313":4,"13314":2,"13315":1,"13316":3,"13317":6,"13319":1,"13320":1,"13322":5,"13323":1,"13324":1,"13326":1,"13327":2,"13328":2,"13330":2,"13331":1,"13333":1,"13335":1,"13341":1,"13342":1,"13347":1,"13348":6,"13349":6,"13350":4,"13351":5,"13352":4,"13353":4,"13354":5,"13355":5,"13356":2,"13357":2,"13358":3,"13359":2,"13360":4,"13362":1,"13363":1,"13376":1,"13378":2,"13379":1,"13380":2,"13383":1,"13389":1,"13391":1,"13392":1,"13393":4,"13394":5,"13395":1,"13396":1,"13397":7,"13398":6,"13399":10,"13400":7,"13401":5,"13402":11,"13403":7,"13404":2,"13405":4,"13406":4,"13407":4,"13408":2,"13409":6,"13410":2,"13411":1,"13412":5,"13413":11,"13414":6,"13415":11,"13416":7,"13417":10,"13418":10,"13419":11,"13420":5,"13421":4,"13422":7,"13423":3,"13424":13,"13425":12,"13426":2,"13427":2,"13428":1,"13429":4,"13430":1,"13435":3,"13436":4,"13437":9,"13441":1,"13443":3,"13445":1,"13449":1,"13453":5,"13454":5,"13455":6,"13456":2,"13461":1,"13473":1,"13474":6,"13475":6,"13476":1,"13479":1,"13484":2,"13485":1,"13540":1,"13541":3,"13555":2,"13556":5,"13557":2,"13558":2,"13559":4,"13560":4,"13561":1,"13562":2,"13564":5,"13565":4,"13566":1,"13567":1,"13569":2,"13854":1,"14235":1,"24368":1,"24442":1,"25549":1,"26508":1,"27869":1,"28933":1,"28986":1,"29043":1,"29297":1,"29383":1,"29433":1,"29447":1,"29453":1,"29454":1,"29457":2,"29460":1,"29470":1,"29479":1,"29486":1,"29488":2,"29489":1,"29495":1,"29499":1,"29501":1,"29507":1,"29509":1,"29511":1,"29534":1,"29541":1,"29560":2,"29567":1,"29568":1,"29573":1,"29590":1,"29591":1,"29595":1,"29600":1,"29602":1,"29604":1,"29618":1,"29624":1,"29626":1,"29630":1,"29638":1,"29644":1,"29650":1,"29673":1,"29675":2,"29680":1,"29685":1,"29689":1,"29694":1,"29696":1,"29712":1,"29718":1,"29720":1,"29721":1,"29735":1,"29748":1,"29749":1,"29752":1,"29757":1,"29759":2,"29767":1,"29777":1,"29781":1,"29787":1,"29789":2,"29790":1,"29802":1,"29807":2,"29809":1,"29813":1,"29815":1,"29839":1,"29844":1,"29847":1,"29852":1,"29858":2,"29862":1,"29867":1,"29874":1,"29878":1,"29887":1,"29894":1,"29903":3,"29909":1,"29912":1,"29923":1,"29925":1,"29932":1,"29934":1,"29936":1,"29939":1,"29947":1,"29964":1,"29971":1,"29973":1,"29987":1,"29993":2,"29994":1,"30000":1,"30014":1,"30020":1,"30021":1,"30026":1,"30036":1,"30041":1,"30044":1,"30052":1,"30055":1,"30056":1,"30066":1,"30087":1,"30088":1,"30094":2,"30098":1,"30099":1,"30114":1,"30120":2,"30123":2,"30141":1,"30151":1,"30158":1,"30171":1,"30178":1,"30188":1,"30195":1,"30205":1,"30221":1,"30223":1,"30228":1,"30230":1,"30236":1,"30238":1,"30240":1,"30241":1,"30248":1,"30254":1,"30256":1,"30268":1,"30271":1,"30273":1,"30274":1,"30280":1,"30283":1,"30293":1,"30299":1,"30301":1,"30302":1,"30303":1,"30304":1,"30307":1,"30314":1,"30319":1,"30327":1,"30330":1,"30335":1,"30347":2,"30348":1,"30349":1,"30356":1,"30360":1,"30373":1,"30374":1,"30376":1,"30379":1,"30386":1,"30392":1,"30396":1,"30397":1,"30405":1,"30410":1,"30425":1,"30447":1,"30449":1,"30458":1,"30459":1,"30461":1,"30470":1,"30472":1,"30477":1,"30478":1,"30480":1,"30503":1,"30504":1,"30507":1,"30515":1,"30522":1,"30524":1,"30525":1,"30531":1,"30532":1,"30542":1,"30550":1,"30551":1,"30562":1,"30565":1,"30567":1,"30573":1,"30576":1,"30598":1,"30602":1,"30620":1,"30622":1,"30630":1,"30631":1,"30637":1,"30645":1,"30654":1,"30663":1,"30665":1,"30668":1,"30673":1,"30682":1,"30699":1,"30701":1,"30706":1,"30719":1,"30720":1,"30721":1,"30725":1,"30729":1,"30730":1,"30738":1,"30742":1,"30744":1,"30745":1,"30748":1,"30757":1,"30758":1,"30763":1,"30771":1,"30776":1,"30779":1,"30782":2,"30790":1,"30803":1,"30812":1,"30820":1,"30822":1,"30823":1,"30828":1,"30855":1,"30881":1,"30901":1,"30903":1,"30907":1,"30914":1,"30915":1,"30918":1,"30919":2,"30920":1,"30948":1,"30954":1,"30958":1,"30959":1,"30962":1,"30970":1,"30974":1,"30979":1,"30983":1,"30985":1,"30997":1,"31004":1,"31015":1,"31018":1,"31020":1,"31022":1,"31023":1,"31029":1,"31037":1,"31038":2,"31043":1,"31049":2,"31065":1,"31067":1,"31071":1,"31076":1,"31078":1,"31093":1,"31098":1,"31104":1,"31113":2,"31118":1,"31121":1,"31136":1,"31140":1,"31144":1,"31167":1,"31168":2,"31174":1,"31187":1,"31199":1,"31205":1,"31212":1,"31214":1,"31220":1,"31222":1,"31229":1,"31233":1,"31236":1,"31239":1,"31244":1,"31246":2,"31254":1,"31255":1,"31256":1,"31258":1,"31274":1,"31275":1,"31276":1,"31286":2,"31289":1,"31292":1,"31295":1,"31297":1,"31306":1,"31320":1,"31323":1,"31329":1,"31330":1,"31331":2,"31332":1,"31334":1,"31336":1,"31339":1,"31340":1,"31345":2,"31346":2,"31359":1,"31373":1,"31385":1,"31390":1,"31396":2,"31402":2,"31403":1,"31409":1,"31413":1,"31415":1,"31416":1,"31420":1,"31423":1,"31440":2,"31456":1,"31484":1,"31521":1,"31523":1,"31525":1,"31533":1,"31545":1,"31547":1,"31549":1,"31551":1,"31558":1,"31568":1,"31580":1,"31581":1,"31585":1,"31591":1,"31598":1,"31612":1,"31621":1,"31623":2,"31627":1,"31630":1,"31644":1,"31647":1,"31650":2,"31669":1,"31670":1,"31681":1,"31684":1,"31685":1,"31687":1,"31694":1,"31700":1,"31708":1,"31712":1,"31718":1,"31723":1,"31724":1,"31735":1,"31745":1,"31750":1,"31755":1,"31757":1,"31765":1,"31779":2,"31794":1,"31801":1,"31807":1,"31823":1,"31827":1,"31828":1,"31836":1,"31847":1,"31852":1,"31858":1,"31866":1,"31868":1,"31871":1,"31888":2,"31898":1,"31901":1,"31908":1,"31911":1,"31912":1,"31913":1,"31918":2,"31920":1,"31921":2,"31925":1,"31929":1,"31933":1,"31938":1,"31940":1,"31941":1,"31943":1,"31950":1,"31959":1,"31964":1,"31965":1,"31970":1,"31976":2,"31979":1,"31985":2,"31986":1,"31987":1,"31993":1,"31997":1,"32009":1,"32021":1,"32028":1,"32035":1,"32039":1,"32044":2,"32051":1,"32056":1,"32067":1,"32075":1,"32076":1,"32078":1,"32094":1,"32098":1,"32104":1,"32107":1,"32112":1,"32114":1,"32120":1,"32125":1,"32131":1,"32132":1,"32154":1,"32157":1,"32168":1,"32180":1,"32184":1,"32186":1,"32195":1,"32196":1,"32200":1,"32205":1,"32207":2,"32214":1,"32215":1,"32221":1,"32225":1,"32230":1,"32250":1,"32265":1,"32280":1,"32295":1,"32316":1,"32328":1,"32338":2,"32350":1,"32362":1,"32366":2,"32367":1,"32371":1,"32372":2,"32387":1,"32390":1,"32401":1,"32404":1,"32405":1,"32411":1,"32414":2,"32423":1,"32433":1,"32437":1,"32450":1,"32451":1,"32468":1,"32470":1,"32472":1,"32487":1,"32500":1,"32505":1,"32508":1,"32509":1,"32518":2,"32529":1,"32536":2,"32541":2,"32542":1,"32556":1,"32567":1,"32580":1,"32585":1,"32593":1,"32595":1,"32612":1,"32617":1,"32626":1,"32641":1,"32642":1,"32649":1,"32663":1,"32676":1,"32679":1,"32685":1,"32687":1,"32688":1,"32690":1,"32691":1,"32695":1,"32702":1,"32707":1,"32718":1,"32734":1,"32742":1,"32747":1,"32755":1,"32764":1,"32765":1,"32768":1,"32777":1,"32779":1,"32791":1,"32795":1,"32801":1,"32802":1,"32803":1,"32814":2,"32816":1,"32820":1,"32821":1,"32827":2,"32830":2,"32833":1,"32838":1,"32847":1,"32848":1,"32860":1,"32873":1,"32874":1,"32886":1,"32888":1,"32891":1,"32893":1,"32897":1,"32924":1,"32936":1,"32942":1,"32951":1,"32953":1,"32955":1,"32959":1,"32963":2,"32965":1,"32971":2,"32983":1,"32988":1,"32990":1,"33002":1,"33005":1,"33010":1,"33011":1,"33018":2,"33025":1,"33038":1,"33041":1,"33042":1,"33049":1,"33053":1,"33060":1,"33066":1,"33073":1,"33077":1,"33085":1,"33088":1,"33095":1,"33101":1,"33112":2,"33122":1,"33127":1,"33135":1,"33138":1,"33147":1,"33156":1,"33165":1,"33166":1,"33174":1,"33178":1,"33179":1,"33182":1,"33195":1,"33205":1,"33214":1,"33217":2,"33220":2,"33222":1,"33227":1,"33240":1,"33247":1,"33250":1,"33254":1,"33255":1,"33263":1,"33264":1,"33270":1,"33273":1,"33287":1,"33294":2,"33303":2,"33306":3,"33315":1,"33316":1,"33318":1,"33323":1,"33336":2,"33339":1,"33360":1,"33371":1,"33381":1,"33384":1,"33388":1,"33390":2,"33395":1,"33416":1,"33431":1,"33435":1,"33443":2,"33445":1,"33446":1,"33447":1,"33468":1,"33475":1,"33481":2,"33486":1,"33488":1,"33497":1,"33503":1,"33510":1,"33513":1,"33514":1,"33520":1,"33531":1,"33533":1,"33535":1,"33540":1,"33551":1,"33579":1,"33596":1,"33601":1,"33609":1,"33610":1,"33613":1,"33615":1,"33619":1,"33620":1,"33621":1,"33624":1,"33638":1,"33648":1,"33652":1,"33653":1,"33660":1,"33665":1,"33676":1,"33678":1,"33691":1,"33695":1,"33701":2,"33716":1,"33732":1,"33751":1,"33757":1,"33792":1,"33806":1,"33807":1,"33818":1,"33841":1,"33845":1,"33858":1,"33868":1,"33870":1,"33876":2,"33886":1,"33895":1,"33906":1,"33919":1,"33923":1,"33933":2,"33934":1,"33944":1,"33946":1,"33949":1,"33959":1,"33961":1,"33967":1,"33970":1,"33981":1,"33990":1,"33993":1,"33994":1,"34008":1,"34019":1,"34025":1,"34028":1,"34029":1,"34032":2,"34051":2,"34053":1,"34063":1,"34066":1,"34069":2,"34072":1,"34079":1,"34082":1,"34083":1,"34084":1,"34090":1,"34098":1,"34101":1,"34102":1,"34107":1,"34120":1,"34125":1,"34136":1,"34154":1,"34179":1,"34192":1,"34197":1,"34203":1,"34205":1,"34206":1,"34217":1,"34225":1,"34234":1,"34249":1,"34254":1,"34256":1,"34257":1,"34258":1,"34265":1,"34277":1,"34283":1,"34296":2,"34303":1,"34316":1,"34319":1,"34331":1,"34339":1,"34342":2,"34343":1,"34347":1,"34354":1,"34358":2,"34360":1,"34369":1,"34393":1,"34409":1,"34410":1,"34425":1,"34431":2,"34455":1,"34457":1,"34460":1,"34465":2,"34477":1,"34487":1,"34489":2,"34492":1,"34504":1,"34516":1,"34521":1,"34525":1,"34541":1,"34549":1,"34554":1,"34558":1,"34565":1,"34583":1,"34592":1,"34605":1,"34613":1,"34619":1,"34621":1,"34623":1,"34626":1,"34632":1,"34633":1,"34640":3,"34642":1,"34646":1,"34655":1,"34656":3,"34680":1,"34701":1,"34704":1,"34708":1,"34713":1,"34714":1,"34716":1,"34725":1,"34739":2,"34748":1,"34753":1,"34762":1,"34765":1,"34769":1,"34776":1,"34784":1,"34787":1,"34792":1,"34797":1,"34802":1,"34821":1,"34824":1,"34826":1,"34827":1,"34830":1,"34847":1,"34850":1,"34858":1,"34886":1,"34888":1,"34889":1,"34890":1,"34900":1,"34901":1,"34906":1,"34910":1,"34920":1,"34929":1,"34930":1,"34947":2,"34957":1,"34958":1,"34960":1,"34963":1,"34971":1,"34973":1,"34988":1,"34994":1,"34995":1,"35010":1,"35038":1,"35043":1,"35045":1,"35051":2,"35052":1,"35061":1,"35067":1,"35078":1,"35081":1,"35089":1,"35092":1,"35094":1,"35099":1,"35104":1,"35106":1,"35120":1,"35124":1,"35133":1,"35140":1,"35148":1,"35150":1,"35151":1,"35154":1,"35164":1,"35165":1,"35181":1,"35188":1,"35189":1,"35199":2,"35227":1,"35242":1,"35248":1,"35271":1,"35273":1,"35276":1,"35294":1,"35296":1,"35297":1,"35301":1,"35303":1,"35305":1,"35306":1,"35310":1,"35314":1,"35317":1,"35319":2,"35324":1,"35327":1,"35329":1,"35331":2,"35334":1,"35343":1,"35347":1,"35351":1,"35352":2,"35354":1,"35355":1,"35358":1,"35363":1,"35365":1,"35366":1,"35385":2,"35394":2,"35396":1,"35398":3,"35400":1,"35402":1,"35406":3,"35407":1,"35409":3,"35410":1,"35411":1,"35412":1,"35413":1,"35414":1,"35416":1,"35418":1,"35419":1,"35421":2,"35423":1,"35459":1,"35461":1,"35462":1,"35468":1,"35473":1,"35478":3,"35481":2,"35482":3,"35483":2,"35484":2,"35486":1,"35487":1,"35489":4,"35490":3,"35494":2,"35497":1,"35498":1,"35500":1,"35502":2,"35503":1,"35510":1,"35534":2,"35538":1,"35540":2,"35542":1,"35544":1,"35545":1,"35546":1,"35547":1,"35548":1,"35549":1,"35551":1,"35553":2,"35554":2,"35556":1,"35560":2,"35573":2,"35577":1,"35579":1,"35583":1,"35585":1,"35588":1,"35589":1,"35592":1,"35595":1,"35596":1,"35597":1,"35600":1,"35601":1,"35602":2,"35603":2,"35604":2,"35605":1,"35606":1,"35607":1,"35608":1,"35612":2,"35613":2,"35615":1,"35617":1,"35618":1,"35624":1,"35625":1,"35629":1,"35630":1,"35631":1,"35633":3,"35634":2,"35636":1,"35637":1,"35638":1,"35640":1,"35641":1,"35642":1,"35643":4,"35644":1,"35645":1,"35646":1,"35649":2,"35656":1,"35658":1,"35659":1,"35661":1,"35671":1,"35676":1,"35714":1,"35716":1,"35717":1,"35718":1,"35719":2,"35720":2,"35723":1,"35724":1,"35725":1,"35728":3,"35729":1,"35732":1,"35734":1,"35736":1,"35739":1,"35740":1,"35755":1,"35763":1,"35765":1,"35826":1,"35829":1,"35830":1,"35835":1,"35841":1,"35843":1,"35844":3,"35846":4,"35847":1,"35848":2,"35849":2,"35852":2,"35853":1,"35855":2,"35857":2,"35858":1,"35859":2,"35860":1,"35861":3,"35862":4,"35863":2,"35864":1,"35866":1,"35867":3,"35868":1,"35870":2,"35871":1,"35873":2,"35878":1,"35879":1,"35880":1,"35881":1,"35883":1,"35888":1,"35897":1,"35907":1,"35915":1,"35919":1,"35920":1,"35922":1,"35924":1,"35929":1,"35933":1,"35935":1,"35939":1,"35942":1,"35963":1,"35965":2,"35966":2,"35971":1,"35972":2,"35973":3,"35974":1,"35977":1,"35978":2,"35979":1,"35982":1,"35986":1,"35987":2,"35989":1,"36000":1,"36002":1,"36003":1,"36007":1,"36011":1,"36068":1,"36074":1,"36084":1,"36085":1,"36090":4,"36091":1,"36092":1,"36093":1,"36094":2,"36096":2,"36097":1,"36098":1,"36100":1,"36101":2,"36102":1,"36107":1,"36108":1,"36109":3,"36110":1,"36111":1,"36113":1,"36117":1,"36121":1,"36123":1,"36124":1,"36130":1,"36140":1,"36145":1,"36146":1,"36148":1,"36169":2,"36171":1,"36172":1,"36173":1,"36174":1,"36180":1,"36181":1,"36183":1,"36185":1,"36186":1,"36192":1,"36193":1,"36194":1,"36199":1,"36202":1,"36216":1,"36225":1,"36232":1,"36233":1,"36235":1,"36240":1,"36241":1,"36244":1,"36250":1,"36251":1,"36259":1,"36260":1,"36261":1,"36263":1,"36267":1,"36272":2,"36275":2,"36276":1,"36278":1,"36281":1,"36282":1,"36283":1,"36284":1,"36285":1,"36287":1,"36288":1,"36289":1,"36292":1,"36294":1,"36347":2,"36349":1,"36350":1,"36353":1,"36356":1,"36359":1,"36361":1,"36367":2,"36368":1,"36371":1,"36377":2,"36378":1,"36380":1,"36381":1,"36384":1,"36458":1,"36466":1,"36468":1,"36470":1,"36472":1,"36480":3,"36482":1,"36483":2,"36485":1,"36487":1,"36489":3,"36497":1,"36576":2,"36580":1,"36590":1,"36591":1,"36592":1,"36689":1,"36693":1,"36701":1,"36706":1,"36707":1,"36708":1,"36802":1,"36803":1,"36808":1,"36813":1,"36822":1,"37128":1,"37131":1},"nonfork_created":40486,"nonfork_confirmed":40486,"nonfork_histogram_ms":{"30":2,"31":14,"32":6,"33":2,"34":3,"35":5,"36":10,"37":9,"38":4,"39":7,"40":4,"41":5,"42":5,"43":4,"44":5,"45":6,"46":5,"47":6,"48":7,"49":4,"50":4,"51":5,"52":9,"53":17,"54":17,"55":19,"56":11,"57":15,"58":19,"59":19,"60":27,"61":11,"62":22,"63":26,"64":42,"65":44,"66":23,"67":27,"68":24,"69":21,"70":24,"71":31,"72":15,"73":19,"74":14,"75":22,"76":24,"77":38,"78":32,"79":64,"80":56,"81":78,"82":97,"83":110,"84":81,"85":88,"86":100,"87":114,"88":103,"89":118,"90":136,"91":124,"92":111,"93":135,"94":128,"95":156,"96":178,"97":182,"98":174,"99":179,"100":184,"101":226,"102":200,"103":195,"104":203,"105":224,"106":218,"107":223,"108":271,"109":245,"110":297,"111":297,"112":281,"113":294,"114":298,"115":313,"116":266,"117":282,"118":271,"119":314,"120":295,"121":266,"122":284,"123":275,"124":278,"125":239,"126":220,"127":212,"128":206,"129":169,"130":178,"131":208,"132":183,"133":142,"134":137,"135":126,"136":109,"137":85,"138":71,"139":84,"140":75,"141":85,"142":104,"143":99,"144":88,"145":69,"146":74,"147":55,"148":62,"149":44,"150":25,"151":39,"152":37,"153":26,"154":40,"155":15,"156":17,"157":26,"158":32,"159":54,"160":45,"161":60,"162":61,"163":40,"164":42,"165":37,"166":41,"167":31,"168":30,"169":22,"170":16,"171":9,"172":8,"173":14,"174":29,"175":9,"176":7,"177":6,"178":26,"179":13,"180":13,"181":12,"182":10,"183":6,"184":6,"185":8,"186":15,"187":31,"188":42,"189":44,"190":26,"191":34,"192":22,"193":18,"194":33,"195":3,"196":7,"197":15,"198":2,"199":2,"200":2,"202":1,"204":1,"205":2,"206":4,"207":2,"209":3,"210":4,"211":4,"215":1,"216":7,"222":2,"238":1,"240":1,"244":1,"249":1,"250":1,"251":2,"255":2,"256":1,"258":1,"259":1,"260":1,"261":1,"262":1,"263":2,"264":1,"269":1,"270":2,"271":3,"272":2,"273":2,"275":2,"276":1,"278":2,"279":1,"280":1,"281":1,"282":1,"283":2,"284":1,"285":1,"286":1,"289":1,"290":1,"296":1,"299":3,"301":2,"302":2,"303":2,"305":1,"306":1,"307":1,"308":1,"311":1,"312":3,"313":1,"314":3,"315":2,"316":3,"318":4,"319":6,"320":18,"321":10,"322":6,"324":4,"325":2,"326":1,"327":3,"328":8,"329":10,"330":8,"331":5,"332":7,"333":4,"334":2,"335":2,"336":10,"337":6,"338":7,"339":3,"340":7,"341":10,"342":10,"343":3,"344":3,"345":12,"346":5,"347":4,"348":3,"349":6,"350":8,"351":18,"352":12,"353":8,"354":8,"355":6,"356":9,"357":9,"358":7,"359":16,"360":9,"361":9,"362":16,"363":10,"364":6,"365":17,"366":18,"367":19,"368":12,"369":16,"370":10,"371":7,"372":23,"373":14,"374":17,"375":16,"376":16,"377":24,"378":19,"379":18,"380":23,"381":21,"382":19,"383":14,"384":25,"385":18,"386":14,"387":16,"388":28,"389":17,"390":16,"391":13,"392":24,"393":18,"394":19,"395":22,"396":21,"397":19,"398":24,"399":42,"400":25,"401":20,"402":20,"403":27,"404":19,"405":20,"406":11,"407":15,"408":16,"409":10,"410":21,"411":12,"412":14,"413":17,"414":25,"415":24,"416":42,"417":38,"418":41,"419":18,"420":17,"421":27,"422":30,"423":28,"424":31,"425":19,"426":26,"427":35,"428":40,"429":36,"430":41,"431":29,"432":36,"433":46,"434":24,"435":10,"436":12,"437":23,"438":24,"439":14,"440":21,"441":15,"442":16,"443":11,"444":20,"445":23,"446":19,"447":25,"448":25,"449":15,"450":22,"451":27,"452":21,"453":19,"454":25,"455":22,"456":15,"457":21,"458":23,"459":25,"460":15,"461":14,"462":16,"463":32,"464":35,"465":27,"466":44,"467":51,"468":29,"469":15,"470":14,"471":17,"472":15,"473":15,"474":17,"475":16,"476":19,"477":17,"478":23,"479":24,"480":15,"481":12,"482":24,"483":25,"484":12,"485":26,"486":23,"487":21,"488":24,"489":39,"490":34,"491":38,"492":47,"493":16,"494":47,"495":42,"496":27,"497":14,"498":22,"499":41,"500":39,"501":35,"502":20,"503":21,"504":22,"505":22,"506":17,"507":17,"508":18,"509":18,"510":23,"511":19,"512":20,"513":36,"514":26,"515":34,"516":21,"517":25,"518":25,"519":30,"520":24,"521":18,"522":26,"523":29,"524":12,"525":15,"526":20,"527":15,"528":20,"529":28,"530":25,"531":30,"532":38,"533":32,"534":31,"535":31,"536":36,"537":36,"538":31,"539":26,"540":31,"541":44,"542":31,"543":23,"544":37,"545":41,"546":36,"547":22,"548":27,"549":27,"550":34,"551":42,"552":31,"553":42,"554":47,"555":31,"556":36,"557":39,"558":38,"559":39,"560":37,"561":22,"562":18,"563":33,"564":29,"565":19,"566":19,"567":28,"568":29,"569":26,"570":24,"571":27,"572":31,"573":25,"574":28,"575":30,"576":28,"577":34,"578":29,"579":27,"580":20,"581":27,"582":17,"583":29,"584":21,"585":20,"586":29,"587":36,"588":52,"589":40,"590":29,"591":36,"592":22,"593":36,"594":33,"595":31,"596":18,"597":18,"598":25,"599":23,"600":16,"601":28,"602":29,"603":35,"604":19,"605":31,"606":30,"607":21,"608":26,"609":26,"610":21,"611":28,"612":26,"613":28,"614":29,"615":28,"616":14,"617":32,"618":40,"619":30,"620":16,"621":18,"622":24,"623":22,"624":30,"625":21,"626":26,"627":16,"628":31,"629":31,"630":30,"631":26,"632":30,"633":30,"634":34,"635":41,"636":24,"637":37,"638":25,"639":23,"640":37,"641":20,"642":31,"643":30,"644":35,"645":36,"646":22,"647":34,"648":33,"649":36,"650":35,"651":27,"652":32,"653":19,"654":27,"655":26,"656":24,"657":26,"658":34,"659":24,"660":27,"661":39,"662":22,"663":12,"664":18,"665":21,"666":30,"667":27,"668":26,"669":34,"670":31,"671":16,"672":19,"673":24,"674":30,"675":25,"676":28,"677":21,"678":32,"679":16,"680":31,"681":27,"682":31,"683":30,"684":52,"685":50,"686":38,"687":31,"688":23,"689":19,"690":36,"691":34,"692":18,"693":17,"694":17,"695":35,"696":29,"697":14,"698":25,"699":34,"700":28,"701":28,"702":31,"703":32,"704":31,"705":31,"706":28,"707":22,"708":21,"709":21,"710":10,"711":18,"712":22,"713":22,"714":12,"715":16,"716":12,"717":25,"718":19,"719":17,"720":31,"721":18,"722":20,"723":16,"724":27,"725":19,"726":24,"727":27,"728":15,"729":33,"730":18,"731":17,"732":26,"733":19,"734":15,"735":20,"736":16,"737":11,"738":8,"739":13,"740":11,"741":7,"742":16,"743":11,"744":10,"745":10,"746":7,"747":7,"748":5,"749":6,"750":10,"751":6,"752":7,"753":5,"754":9,"755":8,"756":8,"757":8,"758":6,"759":6,"760":14,"761":5,"762":6,"763":10,"764":14,"765":14,"766":10,"767":9,"768":10,"769":6,"770":11,"771":12,"772":13,"773":13,"774":13,"775":10,"776":13,"777":9,"778":17,"779":16,"780":12,"781":9,"782":11,"783":17,"784":31,"785":25,"786":26,"787":11,"788":16,"789":4,"790":6,"791":11,"792":9,"793":21,"794":17,"795":12,"796":15,"797":20,"798":12,"799":13,"800":13,"801":14,"802":14,"803":8,"804":11,"805":10,"806":5,"807":12,"808":17,"809":15,"810":15,"811":21,"812":10,"813":10,"814":6,"815":6,"816":13,"817":6,"818":9,"819":7,"820":10,"821":4,"822":10,"823":4,"824":14,"825":6,"826":2,"827":7,"828":7,"829":13,"830":5,"831":12,"832":9,"833":5,"834":4,"835":8,"836":6,"837":5,"838":8,"839":6,"840":6,"841":9,"842":7,"843":12,"844":14,"845":6,"846":2,"847":7,"848":11,"849":12,"850":15,"851":16,"852":5,"853":1,"854":6,"855":4,"856":5,"857":2,"858":8,"859":11,"860":16,"861":19,"862":9,"863":6,"864":4,"865":7,"866":9,"867":10,"868":12,"869":4,"870":12,"871":7,"872":12,"873":10,"874":9,"875":17,"876":15,"877":19,"878":11,"879":10,"880":14,"881":15,"882":13,"883":10,"884":10,"885":7,"886":15,"887":11,"888":30,"889":16,"890":8,"891":21,"892":16,"893":12,"894":19,"895":12,"896":8,"897":8,"898":3,"899":3,"900":3,"901":3,"902":5,"903":8,"904":5,"905":2,"906":2,"907":5,"908":15,"909":11,"910":2,"912":2,"913":2,"914":1,"915":4,"916":1,"917":4,"918":7,"919":3,"920":6,"921":2,"922":6,"923":2,"924":2,"925":6,"926":4,"927":1,"928":2,"929":3,"930":4,"931":5,"932":4,"933":6,"934":20,"935":12,"936":2,"937":1,"938":1,"939":1,"940":7,"941":6,"945":3,"946":4,"947":3,"948":5,"949":7,"950":24,"951":10,"952":5,"954":5,"956":1,"957":4,"958":4,"959":3,"960":6,"961":10,"962":10,"963":16,"964":12,"965":7,"966":7,"967":1,"968":6,"969":2,"970":1,"972":1,"974":5,"975":3,"976":6,"977":2,"978":2,"979":2,"980":10,"981":17,"982":12,"983":27,"984":10,"985":12,"986":20,"987":6,"988":13,"989":14,"990":8,"991":7,"992":5,"993":4,"994":4,"995":8,"996":2,"997":1,"998":12,"999":17,"1000":12,"1001":8,"1002":7,"1003":8,"1004":6,"1005":3,"1006":4,"1007":8,"1008":6,"1009":6,"1032":2,"1033":7,"1034":6,"1035":2,"1036":5,"1037":1,"1038":5,"1039":3,"1040":6,"1041":4,"1042":6,"1043":1,"1044":2,"1049":3,"1051":3,"1053":1,"1068":1,"1069":2,"1074":2,"1076":1,"1156":2,"1157":1,"1158":3,"1159":3,"1160":1,"1161":3,"1162":4,"1164":1,"1167":1,"1175":1,"1193":1,"1195":4,"1196":1,"1197":3,"1199":2,"1200":1,"1208":1,"1216":1,"1225":1,"1227":1,"1233":1,"1261":1,"1274":1,"1288":1,"1291":1,"1364":1,"1377":1,"1394":1,"1396":1,"1411":1,"1428":1,"1430":1,"1442":1,"1447":1,"1457":1,"1467":1,"1471":1,"1473":1,"1476":1,"1482":1,"1483":1,"1484":1,"1489":1,"1497":1,"1498":1,"1500":1,"1510":1,"1530":2,"1531":1,"1532":2,"1533":2,"1534":6,"1535":6,"1536":8,"1537":5,"1538":7,"1539":8,"1540":5,"1541":4,"1542":6,"1543":5,"1544":5,"1545":5,"1546":3,"1547":6,"1548":4,"1549":2,"1552":10,"1553":3,"1554":7,"1555":4,"1556":3,"1557":2,"1558":1,"1559":2,"1560":4,"1567":1,"1568":2,"1569":5,"1576":1,"1580":3,"1581":4,"1582":2,"1584":4,"1585":1,"1587":2,"1589":2,"1593":2,"1601":1,"1603":1,"1605":2,"1609":1,"1611":1,"1612":2,"1613":3,"1614":2,"1615":2,"1616":1,"1617":4,"1618":2,"1619":4,"1620":3,"1621":2,"1622":3,"1623":5,"1624":1,"1626":1,"1627":2,"1628":1,"1630":1,"1631":1,"1632":3,"1633":6,"1634":4,"1635":4,"1636":2,"1637":2,"1638":2,"1639":2,"1640":4,"1641":1,"1642":2,"1643":3,"1644":3,"1645":4,"1646":4,"1647":6,"1648":4,"1649":9,"1650":6,"1651":9,"1652":3,"1654":3,"1655":3,"1656":4,"1657":5,"1658":4,"1659":2,"1660":2,"1661":1,"1663":3,"1666":4,"1667":3,"1668":2,"1669":1,"1670":1,"1671":3,"1672":1,"1673":5,"1674":1,"1675":4,"1676":1,"1677":3,"1678":5,"1679":5,"1680":3,"1681":7,"1682":3,"1683":4,"1684":3,"1685":2,"1686":4,"1687":6,"1688":5,"1689":4,"1690":6,"1691":5,"1692":5,"1693":2,"1694":7,"1695":4,"1696":4,"1697":1,"1698":1,"1700":4,"1701":1,"1703":5,"1704":6,"1705":2,"1706":1,"1707":4,"1708":2,"1709":3,"1710":6,"1711":2,"1712":4,"1713":1,"1714":4,"1715":3,"1716":3,"1717":1,"1718":2,"1719":4,"1720":6,"1721":4,"1722":4,"1723":3,"1724":7,"1725":7,"1726":7,"1727":9,"1728":5,"1729":5,"1730":3,"1731":3,"1732":3,"1733":6,"1734":7,"1735":9,"1736":10,"1737":2,"1738":6,"1739":8,"1740":4,"1741":1,"1743":3,"1744":1,"1746":1,"1747":1,"1748":4,"1749":4,"1750":5,"1751":2,"1752":2,"1753":4,"1754":3,"1755":3,"1756":2,"1757":1,"1758":2,"1759":4,"1760":4,"1761":5,"1762":1,"1763":1,"1764":2,"1765":2,"1768":4,"1770":3,"1771":2,"1772":3,"1773":4,"1774":4,"1775":2,"1776":10,"1777":11,"1778":8,"1779":1,"1780":4,"1781":3,"1784":3,"1785":3,"1788":1,"1790":2,"1791":2,"1792":3,"1793":6,"1794":7,"1795":5,"1796":2,"1798":1,"1799":1,"1800":2,"1801":2,"1802":2,"1803":1,"1804":2,"1806":1,"1807":1,"1808":2,"1811":2,"1813":1,"1814":1,"1816":4,"1817":3,"1818":1,"1822":1,"1824":2,"1826":1,"1831":2,"1832":1,"1833":3,"1834":6,"1835":1,"1836":1,"1837":2,"1838":4,"1839":3,"1841":1,"1842":3,"1844":2,"1845":1,"1847":2,"1848":1,"1849":2,"1853":2,"1854":1,"1857":1,"1858":1,"1859":2,"1860":1,"1861":1,"1862":1,"1864":2,"1865":2,"1866":1,"1867":1,"1868":1,"1869":2,"1870":1,"1871":1,"1872":1,"1873":2,"1874":5,"1875":10,"1876":9,"1877":1,"1878":1,"1881":1,"1889":1,"1897":2,"1898":1,"1899":1,"1902":2,"1903":1,"1904":1,"1905":2,"1906":1,"1907":2,"1909":2,"1910":2,"1911":1,"1913":2,"1914":2,"1915":2,"1916":3,"1917":2,"1918":3,"1919":1,"1920":1,"1922":1,"1929":1,"1954":1,"1957":1,"1964":1,"1967":2,"1968":2,"1969":2,"1972":1,"1974":4,"1975":1,"1976":1,"1977":3,"1978":4,"1979":1,"1980":1,"1982":1,"1983":1,"1995":1,"1997":2,"2001":1,"2002":1,"2004":2,"2007":2,"2008":6,"2009":1,"2010":1,"2011":4,"2012":4,"2013":1,"2014":2,"2015":5,"2016":4,"2017":3,"2018":4,"2019":1,"2020":2,"2021":5,"2023":5,"2024":4,"2025":9,"2026":8,"2027":5,"2028":5,"2029":12,"2030":9,"2031":8,"2032":12,"2033":15,"2034":21,"2035":17,"2036":21,"2037":15,"2038":15,"2039":12,"2040":7,"2041":11,"2042":7,"2043":7,"2044":11,"2045":6,"2046":9,"2047":5,"2048":3,"2049":6,"2050":8,"2051":6,"2052":6,"2053":7,"2054":7,"2055":4,"2056":6,"2057":4,"2058":9,"2059":1,"2060":2,"2061":2,"2062":5,"2064":2,"2073":2,"2075":1,"2076":1,"2083":1,"2087":1,"2088":2,"2094":1,"2095":1,"2097":2,"2098":1,"2099":1,"2102":1,"2104":1,"2105":1,"2108":2,"2112":2,"2113":5,"2114":5,"2115":2,"2116":4,"2117":3,"2118":3,"2119":2,"2120":2,"2121":1,"2122":5,"2123":2,"2124":3,"2125":1,"2126":1,"2127":1,"2128":2,"2131":1,"2132":1,"2133":1,"2134":4,"2135":2,"2136":3,"2138":3,"2139":5,"2140":1,"2141":2,"2142":2,"2143":4,"2144":5,"2145":1,"2148":1,"2149":1,"2150":3,"2151":3,"2152":4,"2153":4,"2154":4,"2155":2,"2156":4,"2157":3,"2158":1,"2159":3,"2160":3,"2161":2,"2162":2,"2163":4,"2164":2,"2166":1,"2167":2,"2168":2,"2169":5,"2170":1,"2173":3,"2174":3,"2175":2,"2176":3,"2177":4,"2178":3,"2179":7,"2180":10,"2181":18,"2182":4,"2184":11,"2185":12,"2186":8,"2187":2,"2188":4,"2189":7,"2190":3,"2191":8,"2192":5,"2193":6,"2194":2,"2195":5,"2196":5,"2197":9,"2198":4,"2199":7,"2200":6,"2201":7,"2202":2,"2203":3,"2204":2,"2205":5,"2206":9,"2207":6,"2208":4,"2209":10,"2210":6,"2211":6,"2212":12,"2213":13,"2214":19,"2215":17,"2216":14,"2217":6,"2218":6,"2219":12,"2220":6,"2221":6,"2222":5,"2223":5,"2224":1,"2225":2,"2226":2,"2227":2,"2228":3,"2231":6,"2232":2,"2233":1,"2234":1,"2237":1,"2238":3,"2239":1,"2240":1,"2241":2,"2242":1,"2243":2,"2244":6,"2245":3,"2246":1,"2247":2,"2248":7,"2249":8,"2250":14,"2251":13,"2252":9,"2253":2,"2255":3,"2256":6,"2257":6,"2258":3,"2259":9,"2260":9,"2261":5,"2262":3,"2263":4,"2264":4,"2265":2,"2266":4,"2267":6,"2268":5,"2270":1,"2271":4,"2272":1,"2273":3,"2274":3,"2275":5,"2276":4,"2277":11,"2278":4,"2279":6,"2280":3,"2282":1,"2284":2,"2285":1,"2286":3,"2287":7,"2288":5,"2289":1,"2290":7,"2291":8,"2292":7,"2293":4,"2294":7,"2295":10,"2296":7,"2297":3,"2298":3,"2301":3,"2302":2,"2303":4,"2304":2,"2305":2,"2306":7,"2307":4,"2308":8,"2309":4,"2310":3,"2312":1,"2313":4,"2314":4,"2315":7,"2316":8,"2317":3,"2318":6,"2319":6,"2320":5,"2321":5,"2322":4,"2323":2,"2324":1,"2325":1,"2326":3,"2327":6,"2329":6,"2330":3,"2331":7,"2332":5,"2333":7,"2334":4,"2335":1,"2336":2,"2337":1,"2338":1,"2340":1,"2342":1,"2343":1,"2344":1,"2345":1,"2346":1,"2347":1,"2348":2,"2349":3,"2351":2,"2352":1,"2353":5,"2354":1,"2355":1,"2356":4,"2357":2,"2358":4,"2359":3,"2360":2,"2362":2,"2363":3,"2364":1,"2367":1,"2369":1,"2370":5,"2371":2,"2372":1,"2373":1,"2374":5,"2379":2,"2380":2,"2381":3,"2383":1,"2387":1,"2391":1,"2392":4,"2393":2,"2394":3,"2395":1,"2396":7,"2397":2,"2398":3,"2399":1,"2401":2,"2402":2,"2403":1,"2406":3,"2407":2,"2409":1,"2411":2,"2412":1,"2413":1,"2414":1,"2415":10,"2416":8,"2417":8,"2418":5,"2419":13,"2420":17,"2421":5,"2422":12,"2423":11,"2424":13,"2425":12,"2426":2,"2427":1,"2428":4,"2429":10,"2430":3,"2436":1,"2441":3,"2442":3,"2443":11,"2444":23,"2445":6,"2446":10,"2447":18,"2448":19,"2449":12,"2450":20,"2451":10,"2452":19,"2453":12,"2454":10,"2455":9,"2456":3,"2457":8,"2459":5,"2460":4,"2461":6,"2462":6,"2463":6,"2464":7,"2465":7,"2466":6,"2467":4,"2468":3,"2469":1,"2471":2,"2472":1,"2473":2,"2474":1,"2476":1,"2479":1,"2483":6,"2484":10,"2485":12,"2486":4,"2487":12,"2488":3,"2489":9,"2490":4,"2491":4,"2492":2,"2494":2,"2495":1,"2502":2,"2505":3,"2506":8,"2507":2,"2508":4,"2509":1,"2511":1,"2512":1,"2513":3,"2514":4,"2515":1,"2516":2,"2517":2,"2518":1,"2520":2,"2521":2,"2524":2,"2525":4,"2526":4,"2527":4,"2528":2,"2529":6,"2530":9,"2531":9,"2532":8,"2533":7,"2534":13,"2535":3,"2536":1,"2537":15,"2538":9,"2539":6,"2540":4,"2541":5,"2542":9,"2543":3,"2544":3,"2545":3,"2546":8,"2547":3,"2548":4,"2549":10,"2550":8,"2551":7,"2552":5,"2553":4,"2554":2,"2555":3,"2556":7,"2557":4,"2558":1,"2559":3,"2560":6,"2562":4,"2563":1,"2564":1,"2565":1,"2566":2,"2567":2,"2568":3,"2570":1,"2572":1,"2577":1,"2585":2,"2593":1,"2594":2,"2595":1,"2596":2,"2597":2,"2598":1,"2599":1,"2600":1,"2602":3,"2603":3,"2604":1,"2605":1,"2607":1,"2609":3,"2610":1,"2611":1,"2612":2,"2613":2,"2615":1,"2616":1,"2617":1,"2618":2,"2619":5,"2620":3,"2621":1,"2622":4,"2623":2,"2624":2,"2625":1,"2627":1,"2633":3,"2634":3,"2635":3,"2636":2,"2637":2,"2638":2,"2639":3,"2640":2,"2641":1,"2642":2,"2643":5,"2644":3,"2645":2,"2647":3,"2648":1,"2649":2,"2650":2,"2652":1,"2654":1,"2655":1,"2656":1,"2658":1,"2659":2,"2660":1,"2661":1,"2663":1,"2664":1,"2665":1,"2666":4,"2667":2,"2668":1,"2669":1,"2670":1,"2672":1,"2673":2,"2674":2,"2675":4,"2676":3,"2677":10,"2678":6,"2679":7,"2680":10,"2681":5,"2682":11,"2683":2,"2684":7,"2685":9,"2686":10,"2687":14,"2688":15,"2689":10,"2690":23,"2691":14,"2692":28,"2693":40,"2694":14,"2695":7,"2696":13,"2697":18,"2698":8,"2699":12,"2700":12,"2701":9,"2702":15,"2703":10,"2704":5,"2705":6,"2706":8,"2707":9,"2708":11,"2709":7,"2710":4,"2711":6,"2712":6,"2713":5,"2714":5,"2715":2,"2716":3,"2717":3,"2718":1,"2719":8,"2720":5,"2721":4,"2722":4,"2723":1,"2724":3,"2725":1,"2726":1,"2727":2,"2728":3,"2730":1,"2731":1,"2732":2,"2733":1,"2737":1,"2742":2,"2743":2,"2745":1,"2747":1,"2748":1,"2749":3,"2750":3,"2751":1,"2752":2,"2753":4,"2754":4,"2755":9,"2756":4,"2757":5,"2758":12,"2759":7,"2760":11,"2761":14,"2762":5,"2763":2,"2764":2,"2765":5,"2766":7,"2767":4,"2768":4,"2769":5,"2770":7,"2771":3,"2772":6,"2773":1,"2774":1,"2775":2,"2776":4,"2777":1,"2778":3,"2779":4,"2780":3,"2782":1,"2783":1,"2784":2,"2785":2,"2787":1,"2788":3,"2789":1,"2790":1,"2792":2,"2793":1,"2794":2,"2796":2,"2797":6,"2798":3,"2799":3,"2800":4,"2801":2,"2802":1,"2803":1,"2804":2,"2806":1,"2807":5,"2808":2,"2809":7,"2811":5,"2812":2,"2813":1,"2814":3,"2815":1,"2817":1,"2818":3,"2819":1,"2820":2,"2821":2,"2822":2,"2823":2,"2825":1,"2826":1,"2827":4,"2828":3,"2829":2,"2830":2,"2831":3,"2832":4,"2834":1,"2835":2,"2836":5,"2837":2,"2838":5,"2839":2,"2840":7,"2841":6,"2842":3,"2843":4,"2844":4,"2845":4,"2846":2,"2847":2,"2848":2,"2849":2,"2850":3,"2851":2,"2852":2,"2853":2,"2854":1,"2855":12,"2856":8,"2864":1,"2866":2,"2867":3,"2868":3,"2869":5,"2873":1,"2876":5,"2885":2,"2889":5,"2890":6,"2891":14,"2892":13,"2893":3,"2894":5,"2895":7,"2896":8,"2897":3,"2898":7,"2899":5,"2900":8,"2901":3,"2902":6,"2903":5,"2904":11,"2905":9,"2906":5,"2907":7,"2908":7,"2909":1,"2912":1,"2913":8,"2915":1,"2916":1,"2929":1,"2931":1,"2933":2,"2936":2,"2942":3,"2943":2,"2944":4,"2945":2,"2946":7,"2947":7,"2948":7,"2949":4,"2950":1,"2951":5,"2952":5,"2953":3,"2954":5,"2955":5,"2956":2,"2957":3,"2958":3,"2959":1,"2962":4,"2963":1,"2964":2,"2965":2,"2966":5,"2967":4,"2968":8,"2969":2,"2970":2,"2971":1,"2972":1,"2973":1,"2975":2,"2976":1,"2978":5,"2979":4,"2980":1,"2981":3,"2982":1,"2983":1,"2984":1,"2985":4,"2987":2,"2988":4,"2989":7,"2990":1,"2991":1,"2992":2,"2993":1,"2994":2,"2995":9,"2996":1,"2997":1,"2998":4,"2999":3,"3000":2,"3001":3,"3002":2,"3003":3,"3004":5,"3005":1,"3006":2,"3007":3,"3008":7,"3009":4,"3010":2,"3011":4,"3012":1,"3013":1,"3016":2,"3017":1,"3019":1,"3020":1,"3021":2,"3024":1,"3025":1,"3027":3,"3028":2,"3030":1,"3031":3,"3032":3,"3033":3,"3034":2,"3035":2,"3042":1,"3045":4,"3048":2,"3049":1,"3051":1,"3056":1,"3059":2,"3061":2,"3062":2,"3063":1,"3065":3,"3066":1,"3070":1,"3074":1,"3083":1,"3088":1,"3089":1,"3091":1,"3096":2,"3099":2,"3100":2,"3101":3,"3102":2,"3103":1,"3104":2,"3105":2,"3107":1,"3108":1,"3109":1,"3110":1,"3113":2,"3116":1,"3117":1,"3118":2,"3120":4,"3121":1,"3122":1,"3124":2,"3125":2,"3126":1,"3127":1,"3128":2,"3129":1,"3130":1,"3135":1,"3138":2,"3142":2,"3143":2,"3144":1,"3145":1,"3146":2,"3147":3,"3148":5,"3149":1,"3150":2,"3152":2,"3153":1,"3154":1,"3155":3,"3157":2,"3158":2,"3159":2,"3161":7,"3162":7,"3164":8,"3165":5,"3166":6,"3167":5,"3168":4,"3169":5,"3170":4,"3171":5,"3172":6,"3173":1,"3175":1,"3176":1,"3178":1,"3179":1,"3180":1,"3186":1,"3188":1,"3189":2,"3190":1,"3192":1,"3193":2,"3195":2,"3197":1,"3198":1,"3220":1,"3221":1,"3228":1,"3231":1,"3232":1,"3234":4,"3235":7,"3236":4,"3237":4,"3238":4,"3239":14,"3240":6,"3241":11,"3242":8,"3243":5,"3244":4,"3245":8,"3246":3,"3247":2,"3248":5,"3249":3,"3250":3,"3251":2,"3252":6,"3253":2,"3254":6,"3255":4,"3256":1,"3257":1,"3258":2,"3259":2,"3260":1,"3268":1,"3269":1,"3279":1,"3280":2,"3282":2,"3283":3,"3284":2,"3285":3,"3286":2,"3288":1,"3291":2,"3292":2,"3293":2,"3294":1,"3297":1,"3298":2,"3299":1,"3300":1,"3301":1,"3304":3,"3307":1,"3314":3,"3332":1,"3339":1,"3341":1,"3342":1,"3344":4,"3345":3,"3346":1,"3347":3,"3349":6,"3350":6,"3351":7,"3352":6,"3353":6,"3354":5,"3355":6,"3356":4,"3357":1,"3358":3,"3359":1,"3360":3,"3361":4,"3362":3,"3363":4,"3364":3,"3365":5,"3366":1,"3367":4,"3368":2,"3369":3,"3370":4,"3371":4,"3372":4,"3373":1,"3374":1,"3376":2,"3377":1,"3381":1,"3382":2,"3384":1,"3387":2,"3390":4,"3391":2,"3392":5,"3393":7,"3394":3,"3395":5,"3396":2,"3397":4,"3398":4,"3399":5,"3400":3,"3401":5,"3402":2,"3405":1,"3406":1,"3407":1,"3408":2,"3409":2,"3410":3,"3411":5,"3412":3,"3413":1,"3414":5,"3415":3,"3416":4,"3417":2,"3419":1,"3426":1,"3428":1,"3429":4,"3430":3,"3433":2,"3434":4,"3435":1,"3437":1,"3456":1,"3459":1,"3460":2,"3462":1,"3464":2,"3465":2,"3466":3,"3468":2,"3469":1,"3470":1,"3471":2,"3472":1,"3473":1,"3474":2,"3480":1,"3482":1,"3490":2,"3491":1,"3497":1,"3502":1,"3503":2,"3508":1,"3510":3,"3513":3,"3514":2,"3515":2,"3529":1,"3533":2,"3536":1,"3539":1,"3541":1,"3579":1,"3581":1,"3585":1,"3586":1,"3587":1,"3588":1,"3593":1,"3594":1,"3595":1,"3596":1,"3598":1,"3643":1,"3690":1,"3693":1,"3703":1,"3717":1,"3738":1,"3739":1,"3745":1,"3746":1,"3747":5,"3748":1,"3749":1,"3750":1,"3751":6,"3752":2,"3753":8,"3754":10,"3755":12,"3756":14,"3757":13,"3758":12,"3759":9,"3760":9,"3761":5,"3762":3,"3763":2,"3764":2,"3765":1,"3773":1,"3774":2,"3775":1,"3776":1,"3908":1,"3909":1,"3911":1,"3912":1,"3913":1,"3914":1,"3925":1,"3927":1,"3929":2,"3930":1,"3932":1,"3933":1,"3934":1,"3935":1,"3936":1,"3940":2,"3951":1,"3952":1,"3958":1,"3962":1,"3965":1,"3966":1,"3968":1,"3974":1,"3979":1,"3980":1,"3982":3,"3984":1,"3996":1,"4011":1,"4012":1,"4013":1,"4023":1,"4024":2,"4028":1,"4032":1,"4034":1,"4037":2,"4038":1,"4042":1,"4049":1,"4051":1,"4053":1,"4054":1,"4055":1,"4057":3,"4063":2,"4064":1,"4068":1,"4072":1,"4073":2,"4080":1,"4082":2,"4086":1,"4087":1,"4089":2,"4090":1,"4093":1,"4094":2,"4095":1,"4100":1,"4103":1,"4104":1,"4105":2,"4106":3,"4110":1,"4113":2,"4116":1,"4117":2,"4120":2,"4121":1,"4123":1,"4126":1,"4127":2,"4130":2,"4131":1,"4132":1,"4135":1,"4136":1,"4140":1,"4141":2,"4142":1,"4146":3,"4147":1,"4149":1,"4151":1,"4152":1,"4154":1,"4155":1,"4156":2,"4157":1,"4158":4,"4159":1,"4163":1,"4164":1,"4165":1,"4174":1,"4175":1,"4176":1,"4179":1,"4182":1,"4184":1,"4187":2,"4191":2,"4193":1,"4198":1,"4199":2,"4203":1,"4206":1,"4207":1,"4208":2,"4210":1,"4211":1,"4212":3,"4214":1,"4215":1,"4216":1,"4218":1,"4219":5,"4221":1,"4222":1,"4224":2,"4225":1,"4226":1,"4227":2,"4228":1,"4230":1,"4231":1,"4233":1,"4234":3,"4235":4,"4238":1,"4239":2,"4241":1,"4243":2,"4244":3,"4245":2,"4246":2,"4247":2,"4248":2,"4249":2,"4250":2,"4252":3,"4253":3,"4255":3,"4256":1,"4257":1,"4258":1,"4260":2,"4262":1,"4264":5,"4265":1,"4266":2,"4267":4,"4268":2,"4269":4,"4270":4,"4271":4,"4272":2,"4273":3,"4274":3,"4275":2,"4276":5,"4277":4,"4279":4,"4280":3,"4282":2,"4283":5,"4284":2,"4285":1,"4287":2,"4288":1,"4289":2,"4290":2,"4295":2,"4296":2,"4297":2,"4299":2,"4300":3,"4301":1,"4302":2,"4304":2,"4305":2,"4307":3,"4309":1,"4310":1,"4311":9,"4312":10,"4313":2,"4314":3,"4315":3,"4316":3,"4317":4,"4318":5,"4319":5,"4320":6,"4321":3,"4322":3,"4323":6,"4324":3,"4325":4,"4326":1,"4327":3,"4328":5,"4329":1,"4331":2,"4334":2,"4336":1,"4339":2,"4340":1,"4342":1,"4344":2,"4345":2,"4347":1,"4348":1,"4351":3,"4352":3,"4353":2,"4354":1,"4356":1,"4357":2,"4358":3,"4359":4,"4360":2,"4361":3,"4362":4,"4363":1,"4365":2,"4366":5,"4367":1,"4368":1,"4369":2,"4371":2,"4372":1,"4373":2,"4374":1,"4375":1,"4376":2,"4377":2,"4378":5,"4379":5,"4380":3,"4381":10,"4382":4,"4383":3,"4384":2,"4385":3,"4386":4,"4387":5,"4388":6,"4389":4,"4390":2,"4391":5,"4392":6,"4393":10,"4394":7,"4395":9,"4396":9,"4397":10,"4398":12,"4399":13,"4400":9,"4401":12,"4402":3,"4403":2,"4404":6,"4405":8,"4406":6,"4407":2,"4408":3,"4409":2,"4410":1,"4411":3,"4412":1,"4413":2,"4414":2,"4415":3,"4416":1,"4417":4,"4419":2,"4420":2,"4421":2,"4422":1,"4423":1,"4424":1,"4425":3,"4426":3,"4430":3,"4432":2,"4434":1,"4436":4,"4437":2,"4439":1,"4440":3,"4441":4,"4442":5,"4443":2,"4444":1,"4445":1,"4446":2,"4447":5,"4448":3,"4449":4,"4450":1,"4451":3,"4452":2,"4454":1,"4455":1,"4456":1,"4457":2,"4459":2,"4460":2,"4463":1,"4465":1,"4466":2,"4470":2,"4471":1,"4473":1,"4475":3,"4477":1,"4478":1,"4479":1,"4481":1,"4482":1,"4484":2,"4487":2,"4489":1,"4490":4,"4491":2,"4493":1,"4495":5,"4496":2,"4497":1,"4499":1,"4501":2,"4502":3,"4503":3,"4505":3,"4506":1,"4507":1,"4509":5,"4510":1,"4511":2,"4512":2,"4514":3,"4515":8,"4516":4,"4517":3,"4518":5,"4519":8,"4520":5,"4521":4,"4522":7,"4523":4,"4524":4,"4525":12,"4526":14,"4527":13,"4528":10,"4529":8,"4530":7,"4531":5,"4532":10,"4533":10,"4534":6,"4535":9,"4536":6,"4537":4,"4538":4,"4539":2,"4540":4,"4542":6,"4544":4,"4546":3,"4547":1,"4550":1,"4551":2,"4552":2,"4553":1,"4554":2,"4555":7,"4556":4,"4557":3,"4558":2,"4559":6,"4560":5,"4561":6,"4562":6,"4563":6,"4564":1,"4565":5,"4567":1,"4568":8,"4569":6,"4570":1,"4571":3,"4572":1,"4573":7,"4574":3,"4575":4,"4576":7,"4577":11,"4578":6,"4579":3,"4580":4,"4581":1,"4582":2,"4583":3,"4584":1,"4585":1,"4586":4,"4587":3,"4588":1,"4589":4,"4590":5,"4592":4,"4593":5,"4594":7,"4595":7,"4596":5,"4598":9,"4599":7,"4600":10,"4601":6,"4602":4,"4603":4,"4604":2,"4605":3,"4606":12,"4607":2,"4608":7,"4609":7,"4610":6,"4611":3,"4612":4,"4613":3,"4614":9,"4615":7,"4616":7,"4617":10,"4618":7,"4619":11,"4620":8,"4621":7,"4622":4,"4623":2,"4624":2,"4625":2,"4626":1,"4627":1,"4628":4,"4629":1,"4630":1,"4631":1,"4632":1,"4633":1,"4634":1,"4635":2,"4636":3,"4637":2,"4638":5,"4639":4,"4640":4,"4641":1,"4642":2,"4643":3,"4644":6,"4645":1,"4646":2,"4648":1,"4649":1,"4650":1,"4651":1,"4652":4,"4653":2,"4654":1,"4655":4,"4656":1,"4657":3,"4658":6,"4659":4,"4660":5,"4661":8,"4662":7,"4663":4,"4664":7,"4665":7,"4666":4,"4667":4,"4668":5,"4669":3,"4670":4,"4671":3,"4672":6,"4673":9,"4674":12,"4675":6,"4676":12,"4677":8,"4678":6,"4679":11,"4680":12,"4681":11,"4682":3,"4683":3,"4684":5,"4685":5,"4686":10,"4687":14,"4688":5,"4689":2,"4691":4,"4692":3,"4693":3,"4694":3,"4695":1,"4696":1,"4697":9,"4698":14,"4699":9,"4700":3,"4701":3,"4702":2,"4704":1,"4705":3,"4706":1,"4707":2,"4708":7,"4709":12,"4710":7,"4711":2,"4712":1,"4713":5,"4714":13,"4715":6,"4716":6,"4717":5,"4718":5,"4719":7,"4720":7,"4721":8,"4722":3,"4723":9,"4724":7,"4725":6,"4726":5,"4727":6,"4728":4,"4729":3,"4730":5,"4731":2,"4733":4,"4735":2,"4736":3,"4738":2,"4739":2,"4740":1,"4742":4,"4744":1,"4745":2,"4746":5,"4747":2,"4748":2,"4749":3,"4750":2,"4751":2,"4752":2,"4753":1,"4754":1,"4755":2,"4756":1,"4757":1,"4758":2,"4759":4,"4760":3,"4762":2,"4763":2,"4764":2,"4765":2,"4766":2,"4768":4,"4769":5,"4770":2,"4771":2,"4773":1,"4774":1,"4775":3,"4777":1,"4778":1,"4779":8,"4780":7,"4781":1,"4782":2,"4783":3,"4784":5,"4785":4,"4786":2,"4787":1,"4788":2,"4789":6,"4790":4,"4791":3,"4792":6,"4793":5,"4794":6,"4795":6,"4796":9,"4797":2,"4798":1,"4799":5,"4800":2,"4801":9,"4803":3,"4804":5,"4805":5,"4806":7,"4807":1,"4808":2,"4809":1,"4810":2,"4811":4,"4813":3,"4814":7,"4815":6,"4816":5,"4817":4,"4818":9,"4819":3,"4820":3,"4821":3,"4822":6,"4823":6,"4825":2,"4826":4,"4827":5,"4828":4,"4829":3,"4830":3,"4832":7,"4833":4,"4834":4,"4835":4,"4836":7,"4837":10,"4838":5,"4839":10,"4840":3,"4841":3,"4842":5,"4843":2,"4844":9,"4845":7,"4846":4,"4847":4,"4848":4,"4849":3,"4850":6,"4851":6,"4852":5,"4853":7,"4854":6,"4855":5,"4856":5,"4857":4,"4858":6,"4859":3,"4860":2,"4861":2,"4862":9,"4863":4,"4864":6,"4865":4,"4866":9,"4867":4,"4868":3,"4869":7,"4870":6,"4871":9,"4872":5,"4873":7,"4874":8,"4875":11,"4876":8,"4877":6,"4878":12,"4879":2,"4880":6,"4881":4,"4882":1,"4883":7,"4884":1,"4885":1,"4886":4,"4887":1,"4888":8,"4889":2,"4890":7,"4891":9,"4892":9,"4893":12,"4894":4,"4895":7,"4896":7,"4897":12,"4898":7,"4899":1,"4900":5,"4901":5,"4902":5,"4903":7,"4904":6,"4905":5,"4906":2,"4907":6,"4908":6,"4909":4,"4910":3,"4911":4,"4912":3,"4913":7,"4914":3,"4915":4,"4917":3,"4918":3,"4919":4,"4920":4,"4921":6,"4922":7,"4923":11,"4924":10,"4925":4,"4926":10,"4927":8,"4928":6,"4929":4,"4930":5,"4931":8,"4932":7,"4933":4,"4934":4,"4935":5,"4936":10,"4937":6,"4938":8,"4939":9,"4940":9,"4941":7,"4942":4,"4943":6,"4944":8,"4945":4,"4946":4,"4947":6,"4948":5,"4949":5,"4950":6,"4951":5,"4952":7,"4953":3,"4954":4,"4955":11,"4956":8,"4957":4,"4958":8,"4959":2,"4960":3,"4961":4,"4962":3,"4963":6,"4964":4,"4965":2,"4966":3,"4967":2,"4968":2,"4969":1,"4970":3,"4971":4,"4972":5,"4973":5,"4974":8,"4975":4,"4976":5,"4977":4,"4978":5,"4979":6,"4980":9,"4981":5,"4982":8,"4983":5,"4984":5,"4985":1,"4986":7,"4987":6,"4988":6,"4989":5,"4990":6,"4991":7,"4992":5,"4993":3,"4994":8,"4995":8,"4996":4,"4997":4,"4998":4,"4999":4,"5000":4,"5001":4,"5002":3,"5003":3,"5004":1,"5005":6,"5006":2,"5007":1,"5008":4,"5009":1,"5010":4,"5011":6,"5012":2,"5013":3,"5015":2,"5016":8,"5017":7,"5018":5,"5019":6,"5020":7,"5021":6,"5022":2,"5023":4,"5024":5,"5025":3,"5026":7,"5027":6,"5028":3,"5029":7,"5030":6,"5031":5,"5032":6,"5033":5,"5034":5,"5035":10,"5036":3,"5037":5,"5038":6,"5039":6,"5040":7,"5041":4,"5042":3,"5043":5,"5044":8,"5045":3,"5046":4,"5047":6,"5048":3,"5049":9,"5050":5,"5051":8,"5052":7,"5053":5,"5054":5,"5055":4,"5056":12,"5057":3,"5058":5,"5059":5,"5060":7,"5061":5,"5062":5,"5063":11,"5064":6,"5065":6,"5066":6,"5067":1,"5068":3,"5069":4,"5070":8,"5071":7,"5072":5,"5073":3,"5074":7,"5075":5,"5076":5,"5077":4,"5078":6,"5079":4,"5080":10,"5081":4,"5082":2,"5083":7,"5084":7,"5085":3,"5086":8,"5087":8,"5088":7,"5089":5,"5090":9,"5091":8,"5092":5,"5093":2,"5094":7,"5095":11,"5096":6,"5097":7,"5098":4,"5099":5,"5100":10,"5101":2,"5102":5,"5103":2,"5104":5,"5105":3,"5106":5,"5107":6,"5108":5,"5109":6,"5110":6,"5111":7,"5112":11,"5113":5,"5114":3,"5115":8,"5116":4,"5117":4,"5119":6,"5120":5,"5121":4,"5122":3,"5123":2,"5124":4,"5125":4,"5126":4,"5127":5,"5128":4,"5129":6,"5130":3,"5131":5,"5132":4,"5133":5,"5134":6,"5135":5,"5136":3,"5137":5,"5138":6,"5139":4,"5140":3,"5141":6,"5142":5,"5144":8,"5145":10,"5146":5,"5147":5,"5148":1,"5149":4,"5150":1,"5151":3,"5152":6,"5153":5,"5154":7,"5155":10,"5156":9,"5157":11,"5158":8,"5159":9,"5160":4,"5161":4,"5162":7,"5163":4,"5164":5,"5165":5,"5166":5,"5167":5,"5168":7,"5169":3,"5170":4,"5171":7,"5172":3,"5173":7,"5174":5,"5175":2,"5176":2,"5177":1,"5178":2,"5181":3,"5182":3,"5183":2,"5184":1,"5185":4,"5186":3,"5187":4,"5188":4,"5189":5,"5190":6,"5191":5,"5192":4,"5193":3,"5194":7,"5195":3,"5196":5,"5197":2,"5198":3,"5199":3,"5200":5,"5201":11,"5202":6,"5203":1,"5204":2,"5205":5,"5206":1,"5207":6,"5208":3,"5209":7,"5210":4,"5211":5,"5212":4,"5213":4,"5214":3,"5215":5,"5216":6,"5217":2,"5218":2,"5219":1,"5220":2,"5221":5,"5223":3,"5224":4,"5225":3,"5226":4,"5227":3,"5228":5,"5229":4,"5230":4,"5231":5,"5232":5,"5233":3,"5234":5,"5235":2,"5236":8,"5237":2,"5238":4,"5239":8,"5240":6,"5241":5,"5242":4,"5243":7,"5244":4,"5245":6,"5246":4,"5247":12,"5248":6,"5249":16,"5250":10,"5251":11,"5252":13,"5253":13,"5254":9,"5255":9,"5256":8,"5257":5,"5258":7,"5259":9,"5260":5,"5261":3,"5262":4,"5263":4,"5264":2,"5265":5,"5266":2,"5267":3,"5268":1,"5269":5,"5270":6,"5271":1,"5272":5,"5273":6,"5274":5,"5275":3,"5276":2,"5277":7,"5278":7,"5279":2,"5280":4,"5281":5,"5282":5,"5283":8,"5284":7,"5285":5,"5286":5,"5288":8,"5289":5,"5290":4,"5291":7,"5292":5,"5293":8,"5294":6,"5295":4,"5296":7,"5297":8,"5298":8,"5299":8,"5300":5,"5301":11,"5302":6,"5303":3,"5304":4,"5305":4,"5306":7,"5307":3,"5308":7,"5310":4,"5311":1,"5312":4,"5313":5,"5314":4,"5315":11,"5316":11,"5317":4,"5318":2,"5319":9,"5320":4,"5321":7,"5322":4,"5323":3,"5324":3,"5325":2,"5326":6,"5327":5,"5328":6,"5329":6,"5330":4,"5331":3,"5332":1,"5333":5,"5334":1,"5335":4,"5336":6,"5337":3,"5338":4,"5339":2,"5340":12,"5341":4,"5342":4,"5343":3,"5344":2,"5345":3,"5346":3,"5347":3,"5348":6,"5349":13,"5350":6,"5351":4,"5352":6,"5353":3,"5354":7,"5355":3,"5356":3,"5357":2,"5358":3,"5360":3,"5361":4,"5362":4,"5363":5,"5364":6,"5365":4,"5366":8,"5367":5,"5368":3,"5369":9,"5370":3,"5371":5,"5372":3,"5373":3,"5374":6,"5375":4,"5376":2,"5377":7,"5378":7,"5379":1,"5380":3,"5381":5,"5382":4,"5383":3,"5384":8,"5385":4,"5386":4,"5387":7,"5388":1,"5389":2,"5390":2,"5391":2,"5392":3,"5393":3,"5394":4,"5395":3,"5396":1,"5397":6,"5398":6,"5399":1,"5400":3,"5401":3,"5402":3,"5403":4,"5404":5,"5405":3,"5406":7,"5407":5,"5408":5,"5409":3,"5410":3,"5411":3,"5412":1,"5413":5,"5414":8,"5415":7,"5416":6,"5417":5,"5418":4,"5419":10,"5420":5,"5421":4,"5422":5,"5423":4,"5424":5,"5425":4,"5426":4,"5427":8,"5428":4,"5429":9,"5430":10,"5431":5,"5432":2,"5433":5,"5434":4,"5435":8,"5436":4,"5437":4,"5438":4,"5439":3,"5440":8,"5441":4,"5442":3,"5443":7,"5444":3,"5445":4,"5446":2,"5447":4,"5448":3,"5449":4,"5450":9,"5451":3,"5452":4,"5453":6,"5454":3,"5456":1,"5457":3,"5458":2,"5459":5,"5460":2,"5461":3,"5462":2,"5464":5,"5465":5,"5466":6,"5467":2,"5468":5,"5469":7,"5470":1,"5471":4,"5472":5,"5474":2,"5475":3,"5476":3,"5477":1,"5478":3,"5479":6,"5480":5,"5481":4,"5482":1,"5483":3,"5484":8,"5485":6,"5486":7,"5487":9,"5488":8,"5489":4,"5490":6,"5491":3,"5493":6,"5494":4,"5495":1,"5496":1,"5497":5,"5498":8,"5499":5,"5500":1,"5501":5,"5502":3,"5503":3,"5504":6,"5505":2,"5506":5,"5507":3,"5508":5,"5510":1,"5511":3,"5512":5,"5513":3,"5514":4,"5515":2,"5516":7,"5517":4,"5518":10,"5519":3,"5520":3,"5521":8,"5522":3,"5523":3,"5524":5,"5525":2,"5526":2,"5527":3,"5528":2,"5529":4,"5530":5,"5531":4,"5532":3,"5533":1,"5534":3,"5535":1,"5536":6,"5537":1,"5538":1,"5539":7,"5540":8,"5541":2,"5542":4,"5543":1,"5544":1,"5545":4,"5546":4,"5547":3,"5548":2,"5549":4,"5550":8,"5551":5,"5552":2,"5553":3,"5554":7,"5555":2,"5556":1,"5558":4,"5559":2,"5560":2,"5561":3,"5562":5,"5563":4,"5564":7,"5565":8,"5566":2,"5567":2,"5568":2,"5569":3,"5571":1,"5572":2,"5573":1,"5574":4,"5575":2,"5576":1,"5577":3,"5578":6,"5579":4,"5580":3,"5582":2,"5583":4,"5584":2,"5585":1,"5586":4,"5587":2,"5588":2,"5589":8,"5590":3,"5591":4,"5593":6,"5594":4,"5595":7,"5596":1,"5598":4,"5599":5,"5600":2,"5601":4,"5602":2,"5603":3,"5604":1,"5605":2,"5606":5,"5607":4,"5608":4,"5609":1,"5610":1,"5611":2,"5612":4,"5613":2,"5614":2,"5615":2,"5616":1,"5617":1,"5618":8,"5620":3,"5621":1,"5622":2,"5623":3,"5624":3,"5625":2,"5626":3,"5627":2,"5628":3,"5629":1,"5630":2,"5631":2,"5632":5,"5633":1,"5634":4,"5635":2,"5636":2,"5637":4,"5638":2,"5639":2,"5640":1,"5641":1,"5642":3,"5643":2,"5644":3,"5645":2,"5646":2,"5647":3,"5648":4,"5649":2,"5650":5,"5651":4,"5652":1,"5653":2,"5654":1,"5655":3,"5656":3,"5657":1,"5658":3,"5659":3,"5660":3,"5661":2,"5662":1,"5664":4,"5665":3,"5666":3,"5667":1,"5668":4,"5670":4,"5671":2,"5672":2,"5674":5,"5675":1,"5676":3,"5677":3,"5678":1,"5679":2,"5680":2,"5681":2,"5682":4,"5683":3,"5684":1,"5685":4,"5686":3,"5688":3,"5689":4,"5690":1,"5691":3,"5692":3,"5693":3,"5694":1,"5695":3,"5696":2,"5697":2,"5698":1,"5700":2,"5701":1,"5702":3,"5703":3,"5704":2,"5705":7,"5707":4,"5708":4,"5709":7,"5710":8,"5711":4,"5712":4,"5713":7,"5714":3,"5715":2,"5716":2,"5717":1,"5718":5,"5719":1,"5720":2,"5721":1,"5722":4,"5723":3,"5724":3,"5725":2,"5727":2,"5728":2,"5729":2,"5730":2,"5731":4,"5732":3,"5733":6,"5734":5,"5735":4,"5736":7,"5737":7,"5738":4,"5739":5,"5740":1,"5741":4,"5742":8,"5743":7,"5744":4,"5745":1,"5746":2,"5747":3,"5748":7,"5749":6,"5750":3,"5751":3,"5752":5,"5753":4,"5754":6,"5755":11,"5756":5,"5757":2,"5758":7,"5759":3,"5760":1,"5761":3,"5762":2,"5763":3,"5764":1,"5765":1,"5766":2,"5767":2,"5768":1,"5769":2,"5770":6,"5771":3,"5772":3,"5773":2,"5774":2,"5776":2,"5777":2,"5779":3,"5780":4,"5781":2,"5782":4,"5783":3,"5784":3,"5785":4,"5786":5,"5787":1,"5788":5,"5789":1,"5790":2,"5791":2,"5792":4,"5793":1,"5794":1,"5795":4,"5796":1,"5799":2,"5800":4,"5801":3,"5802":2,"5803":2,"5804":1,"5805":1,"5806":2,"5807":1,"5808":3,"5811":1,"5812":3,"5813":1,"5814":2,"5816":3,"5817":1,"5818":7,"5819":3,"5821":4,"5822":1,"5825":5,"5827":3,"5829":2,"5830":4,"5832":2,"5833":1,"5834":1,"5836":1,"5837":1,"5838":1,"5839":1,"5840":1,"5841":1,"5842":2,"5843":2,"5844":2,"5845":1,"5846":1,"5847":1,"5848":6,"5849":1,"5850":3,"5851":2,"5852":1,"5853":2,"5854":4,"5855":1,"5856":1,"5857":1,"5859":1,"5860":4,"5861":2,"5862":1,"5864":2,"5865":1,"5866":4,"5867":2,"5868":1,"5869":2,"5870":3,"5871":3,"5872":2,"5875":3,"5876":2,"5877":2,"5879":3,"5880":1,"5881":1,"5882":2,"5883":3,"5884":3,"5885":2,"5886":4,"5888":1,"5889":1,"5890":2,"5891":2,"5892":1,"5893":2,"5895":1,"5896":4,"5897":1,"5898":1,"5899":1,"5900":2,"5901":1,"5902":4,"5903":5,"5904":2,"5905":3,"5907":1,"5908":4,"5909":7,"5910":2,"5911":2,"5912":3,"5913":1,"5915":2,"5917":1,"5918":2,"5919":2,"5920":1,"5921":1,"5922":2,"5924":1,"5925":2,"5926":1,"5928":1,"5929":4,"5930":1,"5931":5,"5932":1,"5934":1,"5935":2,"5936":1,"5937":3,"5938":1,"5939":2,"5940":1,"5942":1,"5943":2,"5944":1,"5945":3,"5946":3,"5947":1,"5948":2,"5949":1,"5950":2,"5951":1,"5952":3,"5953":6,"5954":1,"5955":4,"5956":1,"5957":2,"5958":4,"5959":6,"5960":2,"5961":1,"5962":5,"5963":2,"5964":3,"5965":1,"5966":1,"5967":1,"5968":1,"5970":1,"5971":2,"5973":1,"5977":1,"5982":1,"5984":1,"5993":1,"5994":1,"5997":1,"6001":1,"6002":1,"6004":1,"6005":1,"6006":2,"6007":2,"6009":2,"6014":1,"6021":1,"6023":1,"6030":1,"6031":1,"6035":1,"6036":1,"6038":1,"6039":2,"6040":2,"6041":2,"6042":1,"6043":3,"6046":4,"6048":1,"6052":1,"6056":1,"6058":2,"6060":1,"6062":1,"6063":2,"6067":2,"6068":1,"6069":1,"6072":1,"6078":1,"6080":2,"6084":1,"6085":1,"6086":1,"6092":1,"6096":1,"6101":2,"6102":1,"6104":1,"6106":1,"6108":1,"6112":2,"6121":1,"6122":2,"6123":1,"6124":1,"6126":1,"6128":1,"6132":2,"6133":1,"6134":4,"6136":1,"6137":1,"6138":1,"6144":1,"6145":1,"6146":2,"6151":1,"6154":1,"6155":1,"6156":1,"6157":1,"6158":2,"6159":1,"6163":2,"6165":1,"6167":2,"6168":1,"6169":1,"6171":2,"6172":1,"6175":1,"6176":1,"6177":3,"6178":1,"6183":1,"6184":3,"6188":1,"6189":2,"6193":1,"6198":1,"6200":3,"6202":1,"6203":1,"6208":1,"6209":1,"6211":1,"6212":1,"6215":2,"6216":1,"6219":1,"6220":1,"6221":2,"6223":1,"6224":2,"6225":1,"6227":2,"6229":2,"6231":1,"6235":2,"6236":2,"6240":1,"6241":1,"6242":1,"6245":1,"6246":1,"6249":1,"6251":1,"6252":1,"6253":1,"6254":1,"6255":1,"6256":1,"6257":2,"6269":1,"6272":1,"6273":1,"6278":1,"6280":1,"6282":1,"6285":1,"6288":1,"6289":1,"6290":1,"6291":2,"6322":1,"6336":1,"6339":1,"6341":1,"6342":2,"6344":1,"6357":1,"6372":1,"6375":1,"6381":1,"6454":1,"6488":1,"6493":1,"6498":1,"6511":1,"6519":1,"6521":1,"6538":1,"6542":4,"6559":1,"6629":1,"6645":1,"6646":1,"6647":1,"6649":1,"6668":1,"6671":2,"6677":1,"6709":1,"6757":1,"6773":1,"6820":1,"6906":1,"7422":1,"7453":1,"7470":1,"7475":1,"7478":1,"7498":1,"7499":1,"7527":1,"7549":1,"7552":1,"7553":1,"7555":1,"7558":2,"7568":2,"7569":1,"7578":1,"7590":1,"7611":1,"7622":1,"7632":1,"7741":1,"7743":1,"7746":1,"7749":2,"7754":1,"7757":1,"7759":1,"8274":1,"8727":1,"11836":1,"12147":1,"12148":1,"12150":1,"12153":1,"12182":1,"12183":1,"12184":4,"12185":5,"12186":2,"12187":7,"12188":5,"12189":11,"12190":5,"12191":10,"12192":5,"12193":4,"12194":4,"12195":1,"12196":2,"12197":3,"12198":3,"12199":4,"12200":6,"12201":1,"12202":1,"12204":2,"12205":2,"12208":1,"12215":1,"12216":1,"12220":1,"12221":1,"12222":1,"12224":1,"12225":2,"12228":2,"12229":1,"12231":2,"12234":2,"12235":3,"12237":2,"12238":1,"12240":1,"12241":1,"12242":1,"12244":1,"12245":2,"12246":1,"12248":1,"12304":1,"12353":4,"12356":3,"12357":1,"12358":1,"12359":2,"12361":2,"12362":1,"12363":2,"12367":3,"12368":1,"12369":2,"12374":2,"12386":1,"12389":1,"12396":1,"12402":1,"12404":1,"12405":1,"12408":1,"12412":1,"12413":2,"12414":6,"12415":3,"12416":2,"12417":3,"12418":4,"12419":3,"12420":3,"12430":3,"12431":2,"12432":2,"12433":1,"12436":2,"12438":1,"12439":2,"12440":3,"12444":1,"12445":1,"12447":1,"12452":1,"12453":1,"12455":1,"12460":2,"12461":2,"12462":1,"12464":1,"12465":1,"12466":1,"12467":1,"12468":4,"12471":1,"12481":1,"12483":1,"12488":1,"12490":1,"12491":2,"12492":3,"12494":1,"12495":2,"12496":3,"12497":4,"12498":1,"12499":3,"12500":1,"12501":6,"12502":7,"12503":3,"12504":1,"12505":1,"12507":1,"12508":2,"12509":1,"12584":2,"12585":1,"12586":1,"12604":2,"12605":2,"12609":1,"12610":2,"12611":4,"12612":1,"12613":3,"12614":3,"12615":1,"12616":2,"12617":4,"12618":4,"12619":1,"12620":1,"12621":2,"12622":4,"12624":1,"12630":1,"12637":1,"12638":1,"12641":1,"12642":1,"12644":1,"12649":1,"12651":2,"12652":5,"12655":2,"12656":2,"12657":5,"12658":2,"12659":4,"12660":3,"12661":3,"12662":2,"12664":6,"12665":2,"12666":1,"12667":2,"12669":1,"12670":1,"12671":1,"12672":1,"12673":1,"12676":1,"12679":2,"12700":1,"12701":1,"12707":5,"12708":7,"12709":5,"12710":9,"12711":4,"12712":4,"12713":2,"12716":2,"12718":1,"12719":2,"12720":5,"12721":3,"12722":6,"12723":2,"12724":7,"12725":5,"12726":7,"12727":6,"12728":6,"12729":7,"12730":3,"12731":5,"12732":4,"12733":6,"12735":3,"12736":1,"12737":2,"12738":1,"12744":2,"12759":1,"12760":1,"12761":3,"12762":6,"12763":6,"12764":4,"12765":1,"12776":1,"12778":1,"12781":1,"12782":2,"12783":3,"12784":5,"12785":2,"12787":2,"12788":1,"12793":2,"12794":4,"12796":2,"12821":2,"12822":2,"12824":1,"12825":1,"12827":2,"12828":1,"12829":1,"12832":1,"12833":2,"12835":1,"12849":1,"12850":1,"12852":2,"12853":8,"12854":6,"12855":11,"12856":10,"12857":4,"12858":10,"12859":8,"12860":8,"12861":9,"12862":6,"12863":7,"12864":2,"12865":7,"12866":8,"12867":4,"12868":5,"12869":7,"12870":14,"12871":1,"12873":6,"12874":7,"12875":13,"12876":9,"12877":15,"12878":16,"12879":12,"12880":11,"12881":27,"12882":24,"12883":23,"12884":19,"12885":19,"12886":22,"12887":18,"12888":18,"12889":19,"12890":16,"12891":18,"12892":14,"12893":9,"12894":14,"12895":5,"12896":7,"12897":5,"12898":11,"12899":7,"12900":3,"12901":5,"12902":2,"12903":3,"12904":5,"12905":1,"12906":2,"12907":2,"12908":3,"12909":1,"12910":3,"12911":1,"12912":3,"12913":2,"12914":5,"12915":7,"12916":8,"12917":2,"12918":3,"12919":1,"12920":5,"12921":1,"12922":3,"12923":3,"12925":2,"12926":4,"12927":1,"12928":3,"12929":1,"12930":1,"12931":1,"12932":1,"12933":3,"12934":4,"12935":2,"12936":1,"12937":2,"12938":2,"12939":2,"12940":4,"12941":3,"12942":7,"12943":1,"12944":2,"12945":1,"12947":4,"12948":2,"12949":2,"12950":3,"12951":1,"12952":3,"12953":1,"12956":1,"12964":1,"12967":1,"12969":1,"12971":2,"12972":2,"12975":1,"12976":1,"12977":3,"12978":3,"12979":1,"12980":2,"13081":1,"13083":3,"13084":2,"13085":3,"13086":1,"13088":3,"13090":1,"13091":1,"13095":1,"13098":1,"13101":2,"13102":1,"13103":4,"13104":8,"13105":4,"13106":5,"13107":7,"13108":3,"13109":4,"13110":9,"13111":8,"13112":5,"13113":2,"13114":3,"13115":5,"13116":3,"13117":1,"13118":4,"13119":2,"13120":3,"13121":4,"13122":1,"13123":1,"13124":2,"13125":4,"13126":4,"13127":2,"13128":5,"13129":5,"13130":4,"13131":2,"13132":6,"13133":2,"13134":4,"13135":3,"13136":4,"13137":4,"13138":2,"13139":1,"13140":2,"13141":1,"13142":4,"13143":1,"13144":1,"13145":2,"13148":1,"13149":1,"13150":2,"13151":1,"13153":3,"13154":2,"13155":1,"13156":4,"13157":4,"13158":6,"13159":3,"13160":1,"13161":5,"13162":2,"13163":5,"13164":6,"13165":7,"13166":7,"13167":2,"13168":4,"13169":2,"13170":1,"13171":3,"13172":4,"13174":2,"13175":2,"13176":1,"13180":3,"13181":2,"13182":1,"13183":3,"13184":4,"13185":3,"13186":4,"13187":4,"13188":8,"13189":5,"13190":3,"13191":4,"13192":3,"13193":5,"13194":3,"13195":2,"13196":3,"13197":5,"13198":3,"13199":6,"13200":1,"13201":3,"13202":2,"13203":1,"13205":1,"13280":1,"13281":1,"13283":4,"13285":1,"13286":1,"13287":4,"13288":2,"13289":3,"13290":2,"13292":1,"13293":2,"13294":2,"13295":2,"13296":2,"13297":1,"13299":1,"13300":1,"13301":4,"13302":3,"13303":9,"13304":1,"13305":7,"13307":4,"13308":6,"13309":5,"13310":4,"13311":5,"13312":7,"13313":4,"13314":2,"13315":1,"13316":3,"13317":6,"13319":1,"13320":1,"13322":5,"13323":1,"13324":1,"13326":1,"13327":2,"13328":2,"13330":2,"13331":1,"13333":1,"13335":1,"13341":1,"13342":1,"13347":1,"13348":6,"13349":6,"13350":4,"13351":5,"13352":4,"13353":4,"13354":5,"13355":5,"13356":2,"13357":2,"13358":3,"13359":2,"13360":4,"13362":1,"13363":1,"13376":1,"13378":2,"13379":1,"13380":2,"13383":1,"13389":1,"13391":1,"13392":1,"13393":4,"13394":5,"13395":1,"13396":1,"13397":7,"13398":6,"13399":10,"13400":7,"13401":5,"13402":11,"13403":7,"13404":2,"13405":4,"13406":4,"13407":4,"13408":2,"13409":6,"13410":2,"13411":1,"13412":5,"13413":11,"13414":6,"13415":11,"13416":7,"13417":10,"13418":10,"13419":11,"13420":5,"13421":4,"13422":7,"13423":3,"13424":13,"13425":12,"13426":2,"13427":2,"13428":1,"13429":4,"13430":1,"13435":3,"13436":4,"13437":9,"13441":1,"13443":3,"13445":1,"13449":1,"13453":5,"13454":5,"13455":6,"13456":2,"13461":1,"13473":1,"13474":6,"13475":6,"13476":1,"13479":1,"13484":2,"13485":1,"13540":1,"13541":3,"13555":2,"13556":5,"13557":2,"13558":2,"13559":4,"13560":4,"13561":1,"13562":2,"13564":5,"13565":4,"13566":1,"13567":1,"13569":2,"13854":1},"fork_created":4514,"fork_confirmed":1427,"fork_unresolved_at_end":3087}
EPOCH_FOLLOW cemented=26 cementing=0 requested=466 pending=466 t=1791486051277
EPOCH_RECONCILED epoch=2 reporter=D315857CE70C54DE713F6E82E5613BB3A1266C15E28AD2F4338C7BBEC456F532 complete=true entries=4235 total=4235 symbols=0 dropped=false t=1791486051501
EPOCH_RECONCILED epoch=2 reporter=911999B2AEFA7ACC66EBD802B3301FF6CE431405107749D940277955CB7FDD07 complete=true entries=4235 total=4235 symbols=0 dropped=false t=1791486051506
EPOCH_RECONCILED epoch=2 reporter=65A90023F6C0D2181AAA63F005D81BBC0C04650505E21D5123F9AE1F9E992BFF complete=true entries=2697 total=2697 symbols=0 dropped=false t=1791486051511
EPOCH_RECONCILED epoch=2 reporter=633D9D614858AB1710D5D8C3180E2A082DC97208BA8C26BA6C6D1A86C8E31CC0 complete=false entries=0 total=41492 symbols=0 dropped=false t=1791486051513
EPOCH_RECONCILED epoch=2 reporter=633D9D614858AB1710D5D8C3180E2A082DC97208BA8C26BA6C6D1A86C8E31CC0 complete=true entries=4253 total=4253 symbols=0 dropped=false t=1791486051518
EPOCH_RECONCILED epoch=2 reporter=A353E45E6D0016CAEED0DFA4EC5B0640E2AA22A793F9F2375E77F1AB92977C04 complete=true entries=2890 total=2890 symbols=0 dropped=false t=1791486051599
EPOCH_CLOSE_READY epoch=2 t=1791486051644
EPOCH_CLOSE_ROUND epoch=2 round=0 leader=735FE217D91E88EA82324C5883296385FA0041C2FAC85C827BAA46DA1E14B83F leads=false t=1791486051650
EPOCH_RECONCILED epoch=2 reporter=A353E45E6D0016CAEED0DFA4EC5B0640E2AA22A793F9F2375E77F1AB92977C04 complete=true entries=2890 total=2890 symbols=0 dropped=false t=1791486051691
EPOCH_CLOSE_READY epoch=2 t=1791486051711
EPOCH_CLOSE_ROUND epoch=2 round=0 leader=735FE217D91E88EA82324C5883296385FA0041C2FAC85C827BAA46DA1E14B83F leads=false t=1791486051716
EPOCH_RECONCILED epoch=2 reporter=A353E45E6D0016CAEED0DFA4EC5B0640E2AA22A793F9F2375E77F1AB92977C04 complete=true entries=2890 total=2890 symbols=0 dropped=false t=1791486051773
EPOCH_CLOSE_READY epoch=2 t=1791486051923
EPOCH_CLOSE_ROUND epoch=2 round=0 leader=735FE217D91E88EA82324C5883296385FA0041C2FAC85C827BAA46DA1E14B83F leads=false t=1791486051927
EPOCH_CLOSE_READY epoch=2 t=1791486051953
EPOCH_FOLLOW cemented=215 cementing=0 requested=0 pending=278 t=1791486052005
EPOCH_CLOSE_ROUND epoch=2 round=0 leader=735FE217D91E88EA82324C5883296385FA0041C2FAC85C827BAA46DA1E14B83F leads=false t=1791486052021
EPOCH_CLOSE_READY epoch=2 t=1791486052052
EPOCH_CLOSE_ROUND epoch=2 round=0 leader=735FE217D91E88EA82324C5883296385FA0041C2FAC85C827BAA46DA1E14B83F leads=false t=1791486052061
EPOCH_FOLLOW cemented=220 cementing=0 requested=0 pending=246 t=1791486052270
EPOCH_FOLLOW cemented=1 cementing=0 requested=0 pending=277 t=1791486053058
EPOCH_FOLLOW cemented=6 cementing=0 requested=0 pending=240 t=1791486053334
EPOCH_ENDED epoch=3 elections=11809 active=9479 t=1791486053720
EPOCH_ENDED epoch=3 elections=11460 active=9125 t=1791486053721
EPOCH_ENDED epoch=3 elections=11836 active=9521 t=1791486053726
EPOCH_ENDED epoch=3 elections=11576 active=9242 t=1791486053728
EPOCH_ENDED epoch=3 elections=11818 active=9495 t=1791486053750
EPOCH_DRAIN_WAIT epoch=3 unterminated=2730 previous_closed=false first=["0790B673412ADCE518C13FBA244CD258465B7F7FD6EEDD41CDB56BBFEBDD6D57:active:2:3", "14EAB7FF892E0710F504AD2FC9F2DF17D0E4023CE7BF1C90DE886A01FA0E1895:active:2:5", "1B8603C203ACE8112217B13B8A2D92240C7A01D788FBE6242A2F056B4E644945:active:2:5"] t=1791486053836
EPOCH_DRAIN_WAIT epoch=3 unterminated=2731 previous_closed=false first=["0790B673412ADCE518C13FBA244CD258465B7F7FD6EEDD41CDB56BBFEBDD6D57:active:2:3", "14EAB7FF892E0710F504AD2FC9F2DF17D0E4023CE7BF1C90DE886A01FA0E1895:active:2:5", "1B8603C203ACE8112217B13B8A2D92240C7A01D788FBE6242A2F056B4E644945:active:2:5"] t=1791486053906
EPOCH_DRAIN_WAIT epoch=3 unterminated=2498 previous_closed=false first=["0790B673412ADCE518C13FBA244CD258465B7F7FD6EEDD41CDB56BBFEBDD6D57:active:1:3", "14EAB7FF892E0710F504AD2FC9F2DF17D0E4023CE7BF1C90DE886A01FA0E1895:active:2:5", "1B8603C203ACE8112217B13B8A2D92240C7A01D788FBE6242A2F056B4E644945:active:2:5"] t=1791486053919
EPOCH_DRAIN_WAIT epoch=3 unterminated=2464 previous_closed=false first=["14EAB7FF892E0710F504AD2FC9F2DF17D0E4023CE7BF1C90DE886A01FA0E1895:active:2:5", "1B8603C203ACE8112217B13B8A2D92240C7A01D788FBE6242A2F056B4E644945:active:2:5", "F92086E033E2219340FBE5C326A689C9D2DE487E5BB6F90A60A015036CF74748:active:2:5"] t=1791486053984
EPOCH_DRAIN_WAIT epoch=3 unterminated=2730 previous_closed=false first=["0790B673412ADCE518C13FBA244CD258465B7F7FD6EEDD41CDB56BBFEBDD6D57:active:2:3", "14EAB7FF892E0710F504AD2FC9F2DF17D0E4023CE7BF1C90DE886A01FA0E1895:active:2:5", "1B8603C203ACE8112217B13B8A2D92240C7A01D788FBE6242A2F056B4E644945:active:2:5"] t=1791486054037
EPOCH_FOLLOW cemented=8 cementing=0 requested=0 pending=269 t=1791486054131
EPOCH_FOLLOW cemented=4 cementing=0 requested=0 pending=236 t=1791486054396
EPOCH_CLOSE_ROUND epoch=2 round=1 leader=911999B2AEFA7ACC66EBD802B3301FF6CE431405107749D940277955CB7FDD07 leads=false t=1791486054451
EPOCH_CLOSE_ROUND epoch=2 round=1 leader=911999B2AEFA7ACC66EBD802B3301FF6CE431405107749D940277955CB7FDD07 leads=false t=1791486054623
EPOCH_CLOSE_ROUND epoch=2 round=1 leader=911999B2AEFA7ACC66EBD802B3301FF6CE431405107749D940277955CB7FDD07 leads=false t=1791486054649
EPOCH_CLOSE_ROUND epoch=2 round=1 leader=911999B2AEFA7ACC66EBD802B3301FF6CE431405107749D940277955CB7FDD07 leads=false t=1791486054651
EPOCH_CLOSE_ROUND epoch=2 round=1 leader=911999B2AEFA7ACC66EBD802B3301FF6CE431405107749D940277955CB7FDD07 leads=true t=1791486054734
EPOCH_DRAIN_WAIT epoch=3 unterminated=2462 previous_closed=false first=["14EAB7FF892E0710F504AD2FC9F2DF17D0E4023CE7BF1C90DE886A01FA0E1895:active:2:5", "1B8603C203ACE8112217B13B8A2D92240C7A01D788FBE6242A2F056B4E644945:active:2:5", "F92086E033E2219340FBE5C326A689C9D2DE487E5BB6F90A60A015036CF74748:active:2:5"] t=1791486054947
EPOCH_DRAIN_WAIT epoch=3 unterminated=2494 previous_closed=false first=["0790B673412ADCE518C13FBA244CD258465B7F7FD6EEDD41CDB56BBFEBDD6D57:active:2:3", "14EAB7FF892E0710F504AD2FC9F2DF17D0E4023CE7BF1C90DE886A01FA0E1895:active:2:5", "1B8603C203ACE8112217B13B8A2D92240C7A01D788FBE6242A2F056B4E644945:active:2:5"] t=1791486054953
EPOCH_DRAIN_WAIT epoch=3 unterminated=2731 previous_closed=false first=["0790B673412ADCE518C13FBA244CD258465B7F7FD6EEDD41CDB56BBFEBDD6D57:active:2:3", "14EAB7FF892E0710F504AD2FC9F2DF17D0E4023CE7BF1C90DE886A01FA0E1895:active:2:5", "1B8603C203ACE8112217B13B8A2D92240C7A01D788FBE6242A2F056B4E644945:active:2:5"] t=1791486055071
EPOCH_DRAIN_WAIT epoch=3 unterminated=2730 previous_closed=false first=["0790B673412ADCE518C13FBA244CD258465B7F7FD6EEDD41CDB56BBFEBDD6D57:active:2:3", "14EAB7FF892E0710F504AD2FC9F2DF17D0E4023CE7BF1C90DE886A01FA0E1895:active:2:5", "1B8603C203ACE8112217B13B8A2D92240C7A01D788FBE6242A2F056B4E644945:active:2:5"] t=1791486055128
EPOCH_FOLLOW cemented=3 cementing=0 requested=266 pending=266 t=1791486055176
EPOCH_FOLLOW cemented=2 cementing=0 requested=234 pending=234 t=1791486055438
EPOCH_DRAIN_WAIT epoch=3 unterminated=2731 previous_closed=false first=["0790B673412ADCE518C13FBA244CD258465B7F7FD6EEDD41CDB56BBFEBDD6D57:active:2:3", "14EAB7FF892E0710F504AD2FC9F2DF17D0E4023CE7BF1C90DE886A01FA0E1895:active:2:5", "1B8603C203ACE8112217B13B8A2D92240C7A01D788FBE6242A2F056B4E644945:active:2:5"] t=1791486056141
EPOCH_DRAIN_WAIT epoch=3 unterminated=2730 previous_closed=false first=["0790B673412ADCE518C13FBA244CD258465B7F7FD6EEDD41CDB56BBFEBDD6D57:active:2:3", "14EAB7FF892E0710F504AD2FC9F2DF17D0E4023CE7BF1C90DE886A01FA0E1895:active:2:5", "1B8603C203ACE8112217B13B8A2D92240C7A01D788FBE6242A2F056B4E644945:active:2:5"] t=1791486056180
EPOCH_DRAIN_WAIT epoch=3 unterminated=2574 previous_closed=false first=["14EAB7FF892E0710F504AD2FC9F2DF17D0E4023CE7BF1C90DE886A01FA0E1895:active:2:5", "1B8603C203ACE8112217B13B8A2D92240C7A01D788FBE6242A2F056B4E644945:active:2:5", "F92086E033E2219340FBE5C326A689C9D2DE487E5BB6F90A60A015036CF74748:active:2:5"] t=1791486056181
EPOCH_DRAIN_WAIT epoch=3 unterminated=2582 previous_closed=false first=["0790B673412ADCE518C13FBA244CD258465B7F7FD6EEDD41CDB56BBFEBDD6D57:active:2:3", "14EAB7FF892E0710F504AD2FC9F2DF17D0E4023CE7BF1C90DE886A01FA0E1895:active:2:5", "1B8603C203ACE8112217B13B8A2D92240C7A01D788FBE6242A2F056B4E644945:active:2:5"] t=1791486056220
EPOCH_FOLLOW cemented=110 cementing=0 requested=0 pending=156 t=1791486056222
EPOCH_DERIVE_TIMING epoch=2 claims=42661 claim_ms=296 manifest_ms=58 build_ms=817 t=1791486056432
EPOCH_PROPOSED epoch=2 round=1 value=7B0FD3B9D22D585167E4F8685A1446717711779404C3E845547A6D673ABA14C1 state=DC542E1328CB3FD808C266F87394E3B98DE9A4877913EEE2F08C8A15FB5570C1 reports=5 t=1791486056434
EPOCH_VALUE epoch=2 value=7B0FD3B9D22D585167E4F8685A1446717711779404C3E845547A6D673ABA14C1 state=DC542E1328CB3FD808C266F87394E3B98DE9A4877913EEE2F08C8A15FB5570C1 t=1791486056445
EPOCH_FOLLOW cemented=87 cementing=0 requested=0 pending=147 t=1791486056471
EPOCH_DRAIN_WAIT epoch=3 unterminated=2730 previous_closed=false first=["0790B673412ADCE518C13FBA244CD258465B7F7FD6EEDD41CDB56BBFEBDD6D57:active:2:3", "14EAB7FF892E0710F504AD2FC9F2DF17D0E4023CE7BF1C90DE886A01FA0E1895:active:2:5", "1B8603C203ACE8112217B13B8A2D92240C7A01D788FBE6242A2F056B4E644945:active:2:5"] t=1791486056498
EPOCH_MANIFEST_FETCHED epoch=2 manifest=71833615FB6505BD722B2A0618FD0C2E282E5598B506F899C5F2710EA7A973EC entries=31487 t=1791486056875
EPOCH_MANIFEST_FETCHED epoch=2 manifest=71833615FB6505BD722B2A0618FD0C2E282E5598B506F899C5F2710EA7A973EC entries=31487 t=1791486056935
EPOCH_MANIFEST_FETCHED epoch=2 manifest=71833615FB6505BD722B2A0618FD0C2E282E5598B506F899C5F2710EA7A973EC entries=31487 t=1791486057045
EPOCH_MANIFEST_FETCHED epoch=2 manifest=71833615FB6505BD722B2A0618FD0C2E282E5598B506F899C5F2710EA7A973EC entries=31487 t=1791486057048
EPOCH_MANIFEST_VOTES_MISSING epoch=2 manifest=71833615FB6505BD722B2A0618FD0C2E282E5598B506F899C5F2710EA7A973EC hashes=81 t=1791486057208
EPOCH_FOLLOW cemented=3 cementing=0 requested=0 pending=153 t=1791486057269
EPOCH_FOLLOW cemented=2 cementing=0 requested=0 pending=145 t=1791486057527
EPOCH_DRAIN_WAIT epoch=3 unterminated=2730 previous_closed=false first=["0790B673412ADCE518C13FBA244CD258465B7F7FD6EEDD41CDB56BBFEBDD6D57:active:2:3", "14EAB7FF892E0710F504AD2FC9F2DF17D0E4023CE7BF1C90DE886A01FA0E1895:active:2:5", "1B8603C203ACE8112217B13B8A2D92240C7A01D788FBE6242A2F056B4E644945:active:2:5"] t=1791486057600
EPOCH_MANIFEST_VOTES_MISSING epoch=2 manifest=71833615FB6505BD722B2A0618FD0C2E282E5598B506F899C5F2710EA7A973EC hashes=6 t=1791486057665
EPOCH_VALIDATE_TIMING epoch=2 evidence_ms=545 build_ms=926 t=1791486058296
EPOCH_VALUE epoch=2 value=7B0FD3B9D22D585167E4F8685A1446717711779404C3E845547A6D673ABA14C1 state=DC542E1328CB3FD808C266F87394E3B98DE9A4877913EEE2F08C8A15FB5570C1 t=1791486058298
EPOCH_DRAIN_WAIT epoch=3 unterminated=2585 previous_closed=false first=["0790B673412ADCE518C13FBA244CD258465B7F7FD6EEDD41CDB56BBFEBDD6D57:active:2:3", "14EAB7FF892E0710F504AD2FC9F2DF17D0E4023CE7BF1C90DE886A01FA0E1895:active:2:5", "1B8603C203ACE8112217B13B8A2D92240C7A01D788FBE6242A2F056B4E644945:active:2:5"] t=1791486058382
EPOCH_VALIDATE_TIMING epoch=2 evidence_ms=602 build_ms=895 t=1791486058476
EPOCH_VALUE epoch=2 value=7B0FD3B9D22D585167E4F8685A1446717711779404C3E845547A6D673ABA14C1 state=DC542E1328CB3FD808C266F87394E3B98DE9A4877913EEE2F08C8A15FB5570C1 t=1791486058477
EPOCH_DRAIN_WAIT epoch=3 unterminated=2730 previous_closed=false first=["0790B673412ADCE518C13FBA244CD258465B7F7FD6EEDD41CDB56BBFEBDD6D57:active:2:3", "14EAB7FF892E0710F504AD2FC9F2DF17D0E4023CE7BF1C90DE886A01FA0E1895:active:2:5", "1B8603C203ACE8112217B13B8A2D92240C7A01D788FBE6242A2F056B4E644945:active:2:5"] t=1791486058489
EPOCH_DRAIN_WAIT epoch=3 unterminated=2730 previous_closed=false first=["0790B673412ADCE518C13FBA244CD258465B7F7FD6EEDD41CDB56BBFEBDD6D57:active:2:3", "14EAB7FF892E0710F504AD2FC9F2DF17D0E4023CE7BF1C90DE886A01FA0E1895:active:2:5", "1B8603C203ACE8112217B13B8A2D92240C7A01D788FBE6242A2F056B4E644945:active:2:5"] t=1791486058775
EPOCH_VALIDATE_TIMING epoch=2 evidence_ms=410 build_ms=908 t=1791486058991
EPOCH_VALIDATE_TIMING epoch=2 evidence_ms=795 build_ms=935 t=1791486059001
EPOCH_VALUE epoch=2 value=7B0FD3B9D22D585167E4F8685A1446717711779404C3E845547A6D673ABA14C1 state=DC542E1328CB3FD808C266F87394E3B98DE9A4877913EEE2F08C8A15FB5570C1 t=1791486059006
EPOCH_DRAIN_WAIT epoch=3 unterminated=2731 previous_closed=false first=["0790B673412ADCE518C13FBA244CD258465B7F7FD6EEDD41CDB56BBFEBDD6D57:active:2:3", "14EAB7FF892E0710F504AD2FC9F2DF17D0E4023CE7BF1C90DE886A01FA0E1895:active:2:5", "1B8603C203ACE8112217B13B8A2D92240C7A01D788FBE6242A2F056B4E644945:active:2:5"] t=1791486059018
EPOCH_VALUE epoch=2 value=7B0FD3B9D22D585167E4F8685A1446717711779404C3E845547A6D673ABA14C1 state=DC542E1328CB3FD808C266F87394E3B98DE9A4877913EEE2F08C8A15FB5570C1 t=1791486059132
EPOCH_INSTALL epoch=2 finalized=12714 instances_confirmed=1419 t=1791486059331
EPOCH_INSTALL epoch=2 finalized=12714 instances_confirmed=1419 t=1791486059335
EPOCH_LATE_NOTAR epoch=2 blocks=4658 notarized=3742 cast=20752 t=1791486059338
EPOCH_INSTALL epoch=2 finalized=12714 instances_confirmed=1419 t=1791486059338
EPOCH_LATE_NOTAR epoch=2 blocks=4662 notarized=3742 cast=22310 t=1791486059338
EPOCH_INSTALL epoch=2 finalized=12714 instances_confirmed=1419 t=1791486059341
EPOCH_LATE_NOTAR epoch=2 blocks=4660 notarized=3742 cast=21026 t=1791486059341
EPOCH_LATE_NOTAR epoch=2 blocks=4658 notarized=3742 cast=20810 t=1791486059343
EPOCH_GATE epoch=3 released=2719 finalized=0 t=1791486059349
EPOCH_GATE epoch=3 released=2863 finalized=0 t=1791486059353
EPOCH_GATE epoch=3 released=2863 finalized=0 t=1791486059357
EPOCH_GATE epoch=3 released=2863 finalized=0 t=1791486059357
EPOCH_COMMITTEE derived_by=2 members=6 accounts=10421 n=6 digest=95D409445152DD075E6A4799205DFA5689496EB8EE1A22AC2A200B9DBC2DCF27 shares=["65A90023:16.7%", "A353E45E:16.7%", "D315857C:16.7%", "911999B2:16.7%", "633D9D61:16.7%", "735FE217:16.7%"] t=1791486059370
EPOCH_COMMITTEE derived_by=2 members=6 accounts=10421 n=6 digest=95D409445152DD075E6A4799205DFA5689496EB8EE1A22AC2A200B9DBC2DCF27 shares=["65A90023:16.7%", "A353E45E:16.7%", "D315857C:16.7%", "911999B2:16.7%", "633D9D61:16.7%", "735FE217:16.7%"] t=1791486059377
EPOCH_COMMITTEE derived_by=2 members=6 accounts=10421 n=6 digest=95D409445152DD075E6A4799205DFA5689496EB8EE1A22AC2A200B9DBC2DCF27 shares=["65A90023:16.7%", "A353E45E:16.7%", "D315857C:16.7%", "911999B2:16.7%", "633D9D61:16.7%", "735FE217:16.7%"] t=1791486059379
EPOCH_COMMITTEE derived_by=2 members=6 accounts=10421 n=6 digest=95D409445152DD075E6A4799205DFA5689496EB8EE1A22AC2A200B9DBC2DCF27 shares=["65A90023:16.7%", "A353E45E:16.7%", "D315857C:16.7%", "911999B2:16.7%", "633D9D61:16.7%", "735FE217:16.7%"] t=1791486059380
EPOCH_LOCKS_CONTINUED epoch=2 instances=69 t=1791486059381
EPOCH_LOCKS epoch=2 continued=0 kinds={"locks=1 kind=Some(Recovery) nc_here=false saved=false": 2690, "locks=1 kind=Some(Recovery) nc_here=false saved=true": 94, "locks=1 kind=Some(Recovery) nc_here=true saved=true": 193} t=1791486059383
EPOCH_OMITTED epoch=2 instances=45 retained=2977 t=1791486059383
EPOCH_LOCKS_CONTINUED epoch=2 instances=69 t=1791486059383
EPOCH_CLOSED epoch=2 round=1 value=7B0FD3B9D22D585167E4F8685A1446717711779404C3E845547A6D673ABA14C1 state=DC542E1328CB3FD808C266F87394E3B98DE9A4877913EEE2F08C8A15FB5570C1 t=1791486059383
EPOCH_LOCKS_CONTINUED epoch=2 instances=69 t=1791486059384
EPOCH_LOCKS epoch=2 continued=69 kinds={"locks=1 kind=Some(Recovery) nc_here=false saved=true": 2785, "locks=1 kind=Some(Recovery) nc_here=true saved=true": 193} t=1791486059387
EPOCH_OMITTED epoch=2 instances=45 retained=2978 t=1791486059387
EPOCH_CLOSED epoch=2 round=1 value=7B0FD3B9D22D585167E4F8685A1446717711779404C3E845547A6D673ABA14C1 state=DC542E1328CB3FD808C266F87394E3B98DE9A4877913EEE2F08C8A15FB5570C1 t=1791486059387
EPOCH_LOCKS epoch=2 continued=69 kinds={"locks=1 kind=Some(Recovery) nc_here=false saved=true": 2785, "locks=1 kind=Some(Recovery) nc_here=true saved=true": 193} t=1791486059388
EPOCH_OMITTED epoch=2 instances=45 retained=2978 t=1791486059388
EPOCH_CLOSED epoch=2 round=1 value=7B0FD3B9D22D585167E4F8685A1446717711779404C3E845547A6D673ABA14C1 state=DC542E1328CB3FD808C266F87394E3B98DE9A4877913EEE2F08C8A15FB5570C1 t=1791486059388
EPOCH_LOCKS epoch=2 continued=69 kinds={"locks=1 kind=Some(Recovery) nc_here=false saved=true": 2785, "locks=1 kind=Some(Recovery) nc_here=true saved=true": 193} t=1791486059388
EPOCH_OMITTED epoch=2 instances=45 retained=2978 t=1791486059388
EPOCH_CLOSED epoch=2 round=1 value=7B0FD3B9D22D585167E4F8685A1446717711779404C3E845547A6D673ABA14C1 state=DC542E1328CB3FD808C266F87394E3B98DE9A4877913EEE2F08C8A15FB5570C1 t=1791486059388
EPOCH_CARRIED epoch=3 instances=2800 split=132 t=1791486059472
EPOCH_ADVANCED epoch=4 elections=10691 active=9954 vote_records=483277 t=1791486059472
EPOCH_CARRIED epoch=3 instances=2586 split=133 t=1791486059480
EPOCH_ADVANCED epoch=4 elections=9185 active=8444 vote_records=483072 t=1791486059480
EPOCH_CARRIED epoch=3 instances=2799 split=133 t=1791486059534
EPOCH_ADVANCED epoch=4 elections=10690 active=9952 vote_records=483397 t=1791486059534
EPOCH_CARRIED epoch=3 instances=2799 split=133 t=1791486059554
EPOCH_ADVANCED epoch=4 elections=10690 active=8932 vote_records=484685 t=1791486059554
EPOCH_FOLLOW cemented=4 cementing=0 requested=0 pending=141 t=1791486059627
EPOCH_INSTALLED epoch=2 finalized=12714 cemented=12714 queued=0 missing=0 t=1791486059637
EPOCH_RETAINED epoch=2 retained=2978 held=2978 missing=0 t=1791486059639
EPOCH_INSTALLED epoch=2 finalized=12714 cemented=12714 queued=0 missing=0 t=1791486059649
EPOCH_RETAINED epoch=2 retained=2978 held=2978 missing=0 t=1791486059650
EPOCH_CLOSE_UNREADY epoch=3 short_of=reports usable=0 weight=0 required=5 held=0 theirs=[] t=1791486059872
EPOCH_LOCKS_CONTINUED epoch=2 instances=127 t=1791486059877
EPOCH_CLOSE_UNREADY epoch=3 short_of=reports usable=0 weight=0 required=5 held=0 theirs=[] t=1791486059926
EPOCH_CLOSE_UNREADY epoch=3 short_of=reports usable=0 weight=0 required=5 held=0 theirs=[] t=1791486059933
EPOCH_INSTALLED epoch=2 finalized=12714 cemented=12714 queued=0 missing=0 t=1791486059961
EPOCH_RETAINED epoch=2 retained=2978 held=1564 missing=1414 t=1791486059963
EPOCH_INSTALLED epoch=2 finalized=12714 cemented=12714 queued=0 missing=0 t=1791486059964
EPOCH_RETAINED epoch=2 retained=2978 held=2978 missing=0 t=1791486059966
EPOCH_LOCKS_CONTINUED epoch=2 instances=128 t=1791486059977
EPOCH_CLOSE_UNREADY epoch=3 short_of=reports usable=0 weight=0 required=5 held=0 theirs=[] t=1791486060412
EPOCH_LOCKS_CONTINUED epoch=2 instances=128 t=1791486060415
EPOCH_FOLLOW cemented=33 cementing=0 requested=1248 pending=1383 t=1791486060657
EPOCH_VALIDATE_TIMING epoch=2 evidence_ms=493 build_ms=1257 t=1791486060780
EPOCH_INSTALL epoch=2 finalized=12714 instances_confirmed=1419 t=1791486060827
EPOCH_LATE_NOTAR epoch=2 blocks=4668 notarized=3742 cast=20033 t=1791486060830
EPOCH_GATE epoch=3 released=2710 finalized=0 t=1791486060841
EPOCH_COMMITTEE derived_by=2 members=6 accounts=10421 n=6 digest=95D409445152DD075E6A4799205DFA5689496EB8EE1A22AC2A200B9DBC2DCF27 shares=["65A90023:16.7%", "A353E45E:16.7%", "D315857C:16.7%", "911999B2:16.7%", "633D9D61:16.7%", "735FE217:16.7%"] t=1791486060934
EPOCH_CLOSE_UNREADY epoch=3 short_of=reports usable=0 weight=0 required=5 held=0 theirs=[] t=1791486060942
EPOCH_LOCKS epoch=2 continued=0 kinds={"locks=1 kind=Some(Recovery) nc_here=false saved=false": 2690, "locks=1 kind=Some(Recovery) nc_here=false saved=true": 94, "locks=1 kind=Some(Recovery) nc_here=true saved=true": 193} t=1791486060943
EPOCH_OMITTED epoch=2 instances=45 retained=2977 t=1791486060943
EPOCH_CLOSED epoch=2 round=1 value=7B0FD3B9D22D585167E4F8685A1446717711779404C3E845547A6D673ABA14C1 state=DC542E1328CB3FD808C266F87394E3B98DE9A4877913EEE2F08C8A15FB5570C1 t=1791486060943
EPOCH_CARRIED epoch=3 instances=2577 split=133 t=1791486061009
EPOCH_ADVANCED epoch=4 elections=9165 active=8423 vote_records=484225 t=1791486061009
EPOCH_EVIDENCE_RELEASED epoch=2 t=1791486061174
EPOCH_EVIDENCE_RELEASED epoch=2 t=1791486061176
EPOCH_CLOSE_UNREADY epoch=3 short_of=reports usable=0 weight=0 required=5 held=0 theirs=[] t=1791486061189
EPOCH_INSTALLED epoch=2 finalized=12714 cemented=12714 queued=0 missing=0 t=1791486061191
EPOCH_RETAINED epoch=2 retained=2978 held=1556 missing=1422 t=1791486061193
EPOCH_EVIDENCE_RELEASED epoch=2 t=1791486061237
EPOCH_EVIDENCE_RELEASED epoch=2 t=1791486061245
EPOCH_REPORT epoch=3 certified=44824 residual=2719 root=7ED111D03F344410C74622D99F39DEC6BB8AC7A106329337458385152E3C4D41 reports=1 t=1791486061321
EPOCH_REPORT epoch=3 certified=44824 residual=2932 root=7ED111D03F344410C74622D99F39DEC6BB8AC7A106329337458385152E3C4D41 reports=1 t=1791486061327
EPOCH_CLOSE_UNREADY epoch=3 short_of=reports usable=1 weight=1 required=5 held=1 theirs=["D315857C:7ED111D0:A058FFF3"] t=1791486061336
EPOCH_REPORT epoch=3 certified=44824 residual=2863 root=7ED111D03F344410C74622D99F39DEC6BB8AC7A106329337458385152E3C4D41 reports=1 t=1791486061404
EPOCH_FOLLOW cemented=15 cementing=0 requested=1269 pending=1413 t=1791486061459
EPOCH_RECONCILED epoch=3 reporter=633D9D614858AB1710D5D8C3180E2A082DC97208BA8C26BA6C6D1A86C8E31CC0 complete=false entries=0 total=44824 symbols=0 dropped=false t=1791486061640
EPOCH_RECONCILED epoch=3 reporter=633D9D614858AB1710D5D8C3180E2A082DC97208BA8C26BA6C6D1A86C8E31CC0 complete=true entries=2863 total=2863 symbols=0 dropped=false t=1791486061643
EPOCH_REPORT epoch=3 certified=44824 residual=1912 root=981E3F11A383894218C537E6263F0DA15342E418593452830BDDCB96FD9C0743 reports=1 t=1791486061706
EPOCH_FOLLOW cemented=534 cementing=0 requested=714 pending=849 t=1791486061712
EPOCH_ENDED epoch=4 elections=10818 active=7966 t=1791486061722
EPOCH_ENDED epoch=4 elections=10818 active=9060 t=1791486061739
EPOCH_ENDED epoch=4 elections=10818 active=9061 t=1791486061745
EPOCH_ENDED epoch=4 elections=9460 active=7447 t=1791486061750
EPOCH_RECONCILED epoch=3 reporter=65A90023F6C0D2181AAA63F005D81BBC0C04650505E21D5123F9AE1F9E992BFF complete=false entries=0 total=44824 symbols=0 dropped=false t=1791486061812
EPOCH_RECONCILED epoch=3 reporter=911999B2AEFA7ACC66EBD802B3301FF6CE431405107749D940277955CB7FDD07 complete=false entries=0 total=44824 symbols=0 dropped=false t=1791486062072
EPOCH_RECONCILED epoch=3 reporter=65A90023F6C0D2181AAA63F005D81BBC0C04650505E21D5123F9AE1F9E992BFF complete=true entries=2719 total=2719 symbols=0 dropped=false t=1791486062111
EPOCH_RECONCILED epoch=3 reporter=633D9D614858AB1710D5D8C3180E2A082DC97208BA8C26BA6C6D1A86C8E31CC0 complete=false entries=0 total=44824 symbols=0 dropped=false t=1791486062112
EPOCH_CLOSE_UNREADY epoch=3 short_of=reports usable=1 weight=1 required=5 held=3 theirs=["633D9D61:7ED111D0:05E16443", "65A90023:7ED111D0:FEDA02CB", "D315857C:7ED111D0:A058FFF3"] t=1791486062315
EPOCH_DRAIN_WAIT epoch=4 unterminated=1597 previous_closed=false first=["0790B673412ADCE518C13FBA244CD258465B7F7FD6EEDD41CDB56BBFEBDD6D57:active:2:3", "14EAB7FF892E0710F504AD2FC9F2DF17D0E4023CE7BF1C90DE886A01FA0E1895:active:2:2", "1B8603C203ACE8112217B13B8A2D92240C7A01D788FBE6242A2F056B4E644945:active:2:2"] t=1791486062332
EPOCH_CLOSE_UNREADY epoch=3 short_of=reports usable=3 weight=3 required=5 held=3 theirs=["633D9D61:7ED111D0:05E16443", "911999B2:981E3F11:C2EC28BA", "65A90023:7ED111D0:FEDA02CB"] t=1791486062349
EPOCH_RECONCILED epoch=3 reporter=633D9D614858AB1710D5D8C3180E2A082DC97208BA8C26BA6C6D1A86C8E31CC0 complete=true entries=2863 total=2863 symbols=0 dropped=false t=1791486062392
EPOCH_RECONCILED epoch=3 reporter=D315857CE70C54DE713F6E82E5613BB3A1266C15E28AD2F4338C7BBEC456F532 complete=false entries=0 total=44824 symbols=0 dropped=false t=1791486062394
EPOCH_DRAIN_WAIT epoch=4 unterminated=1495 previous_closed=false first=["14EAB7FF892E0710F504AD2FC9F2DF17D0E4023CE7BF1C90DE886A01FA0E1895:active:2:3", "1B8603C203ACE8112217B13B8A2D92240C7A01D788FBE6242A2F056B4E644945:active:2:3", "F92086E033E2219340FBE5C326A689C9D2DE487E5BB6F90A60A015036CF74748:active:2:3"] t=1791486062405
EPOCH_RECONCILED epoch=3 reporter=D315857CE70C54DE713F6E82E5613BB3A1266C15E28AD2F4338C7BBEC456F532 complete=true entries=2932 total=2932 symbols=0 dropped=false t=1791486062422
EPOCH_RECONCILED epoch=3 reporter=633D9D614858AB1710D5D8C3180E2A082DC97208BA8C26BA6C6D1A86C8E31CC0 complete=false entries=2040 total=44824 symbols=3228 dropped=false t=1791486062462
EPOCH_RECONCILED epoch=3 reporter=65A90023F6C0D2181AAA63F005D81BBC0C04650505E21D5123F9AE1F9E992BFF complete=false entries=2040 total=44824 symbols=3228 dropped=false t=1791486062462
EPOCH_RECONCILED epoch=3 reporter=D315857CE70C54DE713F6E82E5613BB3A1266C15E28AD2F4338C7BBEC456F532 complete=false entries=2040 total=44824 symbols=3228 dropped=false t=1791486062462
EPOCH_FOLLOW cemented=502 cementing=0 requested=771 pending=911 t=1791486062504
EPOCH_RECONCILED epoch=3 reporter=911999B2AEFA7ACC66EBD802B3301FF6CE431405107749D940277955CB7FDD07 complete=true entries=1912 total=1912 symbols=0 dropped=false t=1791486062637
EPOCH_RECONCILED epoch=3 reporter=911999B2AEFA7ACC66EBD802B3301FF6CE431405107749D940277955CB7FDD07 complete=false entries=504 total=44824 symbols=819 dropped=false t=1791486062693
EPOCH_RECONCILED epoch=3 reporter=911999B2AEFA7ACC66EBD802B3301FF6CE431405107749D940277955CB7FDD07 complete=false entries=504 total=44824 symbols=819 dropped=false t=1791486062708
EPOCH_RECONCILED epoch=3 reporter=65A90023F6C0D2181AAA63F005D81BBC0C04650505E21D5123F9AE1F9E992BFF complete=false entries=0 total=44824 symbols=0 dropped=false t=1791486062716
EPOCH_RECONCILED epoch=3 reporter=65A90023F6C0D2181AAA63F005D81BBC0C04650505E21D5123F9AE1F9E992BFF complete=true entries=2719 total=2719 symbols=0 dropped=false t=1791486062721
EPOCH_RECONCILED epoch=3 reporter=D315857CE70C54DE713F6E82E5613BB3A1266C15E28AD2F4338C7BBEC456F532 complete=false entries=0 total=44824 symbols=0 dropped=false t=1791486062724
EPOCH_RECONCILED epoch=3 reporter=D315857CE70C54DE713F6E82E5613BB3A1266C15E28AD2F4338C7BBEC456F532 complete=true entries=2932 total=2932 symbols=0 dropped=false t=1791486062730
EPOCH_FOLLOW cemented=297 cementing=0 requested=0 pending=552 t=1791486062757
EPOCH_CLOSE_UNREADY epoch=3 short_of=reports usable=0 weight=0 required=5 held=4 theirs=["65A90023:7ED111D0:FEDA02CB", "911999B2:981E3F11:C2EC28BA", "633D9D61:7ED111D0:05E16443", "D315857C:7ED111D0:A058FFF3"] t=1791486062810
EPOCH_ENDED epoch=4 elections=9194 active=6469 t=1791486062819
EPOCH_DRAIN_WAIT epoch=4 unterminated=682 previous_closed=false first=["D5C395E708FAD2D69271ECC3B721E897E8FEA84E757FF4F619683CE4396088D7:active:2:3", "D90ABBF1E1BC105D949EB3229F04A7F6D0FF3D5C88309FB35900E67977076A0F:active:2:3", "D0A3D4CF2B69A8DC2B35F8753BE5D6596BF5768F5FEF1D622B43E4C07BDB403B:active:2:3"] t=1791486062819
EPOCH_CLOSE_UNREADY epoch=3 short_of=reports usable=3 weight=3 required=5 held=3 theirs=["633D9D61:7ED111D0:05E16443", "D315857C:7ED111D0:A058FFF3", "911999B2:981E3F11:C2EC28BA"] t=1791486062996
EPOCH_DRAIN_WAIT epoch=4 unterminated=1048 previous_closed=false first=["14EAB7FF892E0710F504AD2FC9F2DF17D0E4023CE7BF1C90DE886A01FA0E1895:active:1:3", "1B8603C203ACE8112217B13B8A2D92240C7A01D788FBE6242A2F056B4E644945:active:1:3", "F92086E033E2219340FBE5C326A689C9D2DE487E5BB6F90A60A015036CF74748:active:1:3"] t=1791486063039
EPOCH_CLOSE_UNREADY epoch=3 short_of=reports usable=4 weight=4 required=5 held=3 theirs=["911999B2:981E3F11:C2EC28BA", "65A90023:7ED111D0:FEDA02CB", "D315857C:7ED111D0:A058FFF3"] t=1791486063104
EPOCH_RECONCILED epoch=3 reporter=633D9D614858AB1710D5D8C3180E2A082DC97208BA8C26BA6C6D1A86C8E31CC0 complete=true entries=2863 total=2863 symbols=0 dropped=false t=1791486063144
EPOCH_RECONCILED epoch=3 reporter=65A90023F6C0D2181AAA63F005D81BBC0C04650505E21D5123F9AE1F9E992BFF complete=true entries=2719 total=2719 symbols=0 dropped=false t=1791486063147
EPOCH_RECONCILED epoch=3 reporter=D315857CE70C54DE713F6E82E5613BB3A1266C15E28AD2F4338C7BBEC456F532 complete=true entries=2932 total=2932 symbols=0 dropped=false t=1791486063149
EPOCH_RECONCILED epoch=3 reporter=65A90023F6C0D2181AAA63F005D81BBC0C04650505E21D5123F9AE1F9E992BFF complete=false entries=2302 total=44824 symbols=3228 dropped=false t=1791486063188
EPOCH_RECONCILED epoch=3 reporter=633D9D614858AB1710D5D8C3180E2A082DC97208BA8C26BA6C6D1A86C8E31CC0 complete=false entries=2302 total=44824 symbols=3228 dropped=false t=1791486063188
EPOCH_RECONCILED epoch=3 reporter=D315857CE70C54DE713F6E82E5613BB3A1266C15E28AD2F4338C7BBEC456F532 complete=false entries=2302 total=44824 symbols=3228 dropped=false t=1791486063188
EPOCH_DRAIN_WAIT epoch=4 unterminated=1494 previous_closed=false first=["14EAB7FF892E0710F504AD2FC9F2DF17D0E4023CE7BF1C90DE886A01FA0E1895:active:2:3", "1B8603C203ACE8112217B13B8A2D92240C7A01D788FBE6242A2F056B4E644945:active:2:3", "F92086E033E2219340FBE5C326A689C9D2DE487E5BB6F90A60A015036CF74748:active:2:3"] t=1791486063213
EPOCH_RECONCILED epoch=3 reporter=911999B2AEFA7ACC66EBD802B3301FF6CE431405107749D940277955CB7FDD07 complete=true entries=1912 total=1912 symbols=0 dropped=false t=1791486063422
EPOCH_CLOSE_UNREADY epoch=3 short_of=reports usable=4 weight=4 required=5 held=3 theirs=["633D9D61:7ED111D0:05E16443", "911999B2:981E3F11:C2EC28BA", "65A90023:7ED111D0:FEDA02CB"] t=1791486063500
EPOCH_CLOSE_UNREADY epoch=3 short_of=reports usable=4 weight=4 required=5 held=3 theirs=["633D9D61:7ED111D0:05E16443", "65A90023:7ED111D0:FEDA02CB", "D315857C:7ED111D0:A058FFF3"] t=1791486063507
EPOCH_DRAIN_WAIT epoch=4 unterminated=1492 previous_closed=false first=["14EAB7FF892E0710F504AD2FC9F2DF17D0E4023CE7BF1C90DE886A01FA0E1895:active:2:3", "1B8603C203ACE8112217B13B8A2D92240C7A01D788FBE6242A2F056B4E644945:active:2:3", "F92086E033E2219340FBE5C326A689C9D2DE487E5BB6F90A60A015036CF74748:active:2:3"] t=1791486063512
EPOCH_DRAIN_WAIT epoch=4 unterminated=1492 previous_closed=false first=["14EAB7FF892E0710F504AD2FC9F2DF17D0E4023CE7BF1C90DE886A01FA0E1895:active:2:3", "1B8603C203ACE8112217B13B8A2D92240C7A01D788FBE6242A2F056B4E644945:active:2:3", "F92086E033E2219340FBE5C326A689C9D2DE487E5BB6F90A60A015036CF74748:active:2:3"] t=1791486063541
EPOCH_FOLLOW cemented=535 cementing=0 requested=73 pending=376 t=1791486063548
EPOCH_RECONCILED epoch=3 reporter=911999B2AEFA7ACC66EBD802B3301FF6CE431405107749D940277955CB7FDD07 complete=true entries=1912 total=1912 symbols=0 dropped=false t=1791486063651
EPOCH_REPORT epoch=3 certified=44824 residual=1447 root=7ED111D03F344410C74622D99F39DEC6BB8AC7A106329337458385152E3C4D41 reports=1 t=1791486063680
EPOCH_RECONCILED epoch=3 reporter=911999B2AEFA7ACC66EBD802B3301FF6CE431405107749D940277955CB7FDD07 complete=false entries=662 total=44824 symbols=1228 dropped=false t=1791486063705
EPOCH_RECONCILED epoch=3 reporter=65A90023F6C0D2181AAA63F005D81BBC0C04650505E21D5123F9AE1F9E992BFF complete=true entries=2719 total=2719 symbols=0 dropped=false t=1791486063759
EPOCH_FOLLOW cemented=9 cementing=0 requested=543 pending=543 t=1791486063803
EPOCH_RECONCILED epoch=3 reporter=911999B2AEFA7ACC66EBD802B3301FF6CE431405107749D940277955CB7FDD07 complete=true entries=1912 total=1912 symbols=0 dropped=false t=1791486063824
EPOCH_RECONCILED epoch=3 reporter=633D9D614858AB1710D5D8C3180E2A082DC97208BA8C26BA6C6D1A86C8E31CC0 complete=true entries=2863 total=2863 symbols=0 dropped=false t=1791486063833
EPOCH_RECONCILED epoch=3 reporter=D315857CE70C54DE713F6E82E5613BB3A1266C15E28AD2F4338C7BBEC456F532 complete=true entries=2932 total=2932 symbols=0 dropped=false t=1791486063841
EPOCH_RECONCILED epoch=3 reporter=A353E45E6D0016CAEED0DFA4EC5B0640E2AA22A793F9F2375E77F1AB92977C04 complete=false entries=0 total=44824 symbols=0 dropped=false t=1791486064081
EPOCH_RECONCILED epoch=3 reporter=A353E45E6D0016CAEED0DFA4EC5B0640E2AA22A793F9F2375E77F1AB92977C04 complete=false entries=0 total=44824 symbols=0 dropped=false t=1791486064083
EPOCH_RECONCILED epoch=3 reporter=A353E45E6D0016CAEED0DFA4EC5B0640E2AA22A793F9F2375E77F1AB92977C04 complete=true entries=1447 total=1447 symbols=0 dropped=false t=1791486064083
EPOCH_RECONCILED epoch=3 reporter=A353E45E6D0016CAEED0DFA4EC5B0640E2AA22A793F9F2375E77F1AB92977C04 complete=true entries=1447 total=1447 symbols=0 dropped=false t=1791486064084
EPOCH_CLOSE_READY epoch=3 t=1791486064133
EPOCH_RECONCILED epoch=3 reporter=A353E45E6D0016CAEED0DFA4EC5B0640E2AA22A793F9F2375E77F1AB92977C04 complete=false entries=0 total=44824 symbols=0 dropped=false t=1791486064159
EPOCH_RECONCILED epoch=3 reporter=A353E45E6D0016CAEED0DFA4EC5B0640E2AA22A793F9F2375E77F1AB92977C04 complete=true entries=1447 total=1447 symbols=0 dropped=false t=1791486064161
EPOCH_CLOSE_READY epoch=3 t=1791486064177
EPOCH_CLOSE_ROUND epoch=3 round=0 leader=911999B2AEFA7ACC66EBD802B3301FF6CE431405107749D940277955CB7FDD07 leads=false t=1791486064181
EPOCH_DRAIN_WAIT epoch=4 unterminated=1469 previous_closed=false first=["14EAB7FF892E0710F504AD2FC9F2DF17D0E4023CE7BF1C90DE886A01FA0E1895:active:2:3", "1B8603C203ACE8112217B13B8A2D92240C7A01D788FBE6242A2F056B4E644945:active:2:3", "F92086E033E2219340FBE5C326A689C9D2DE487E5BB6F90A60A015036CF74748:active:2:3"] t=1791486064182
EPOCH_CLOSE_READY epoch=3 t=1791486064216
EPOCH_CLOSE_READY epoch=3 t=1791486064216
EPOCH_RECONCILED epoch=3 reporter=A353E45E6D0016CAEED0DFA4EC5B0640E2AA22A793F9F2375E77F1AB92977C04 complete=false entries=0 total=44824 symbols=0 dropped=false t=1791486064218
EPOCH_RECONCILED epoch=3 reporter=A353E45E6D0016CAEED0DFA4EC5B0640E2AA22A793F9F2375E77F1AB92977C04 complete=true entries=1447 total=1447 symbols=0 dropped=false t=1791486064220
EPOCH_CLOSE_ROUND epoch=3 round=0 leader=911999B2AEFA7ACC66EBD802B3301FF6CE431405107749D940277955CB7FDD07 leads=false t=1791486064221
EPOCH_CLOSE_ROUND epoch=3 round=0 leader=911999B2AEFA7ACC66EBD802B3301FF6CE431405107749D940277955CB7FDD07 leads=false t=1791486064223
EPOCH_DRAIN_WAIT epoch=4 unterminated=1072 previous_closed=false first=["14EAB7FF892E0710F504AD2FC9F2DF17D0E4023CE7BF1C90DE886A01FA0E1895:active:1:0", "1B8603C203ACE8112217B13B8A2D92240C7A01D788FBE6242A2F056B4E644945:active:1:0", "F92086E033E2219340FBE5C326A689C9D2DE487E5BB6F90A60A015036CF74748:active:1:1"] t=1791486064224
EPOCH_CLOSE_READY epoch=3 t=1791486064365
EPOCH_CLOSE_ROUND epoch=3 round=0 leader=911999B2AEFA7ACC66EBD802B3301FF6CE431405107749D940277955CB7FDD07 leads=false t=1791486064399
EPOCH_DRAIN_WAIT epoch=4 unterminated=1320 previous_closed=false first=["14EAB7FF892E0710F504AD2FC9F2DF17D0E4023CE7BF1C90DE886A01FA0E1895:active:1:3", "1B8603C203ACE8112217B13B8A2D92240C7A01D788FBE6242A2F056B4E644945:active:1:3", "F92086E033E2219340FBE5C326A689C9D2DE487E5BB6F90A60A015036CF74748:active:1:3"] t=1791486064399
EPOCH_DRAIN_WAIT epoch=4 unterminated=1463 previous_closed=false first=["14EAB7FF892E0710F504AD2FC9F2DF17D0E4023CE7BF1C90DE886A01FA0E1895:active:2:3", "1B8603C203ACE8112217B13B8A2D92240C7A01D788FBE6242A2F056B4E644945:active:2:3", "F92086E033E2219340FBE5C326A689C9D2DE487E5BB6F90A60A015036CF74748:active:2:3"] t=1791486064594
EPOCH_FOLLOW cemented=86 cementing=0 requested=290 pending=290 t=1791486064601
EPOCH_FOLLOW cemented=366 cementing=0 requested=0 pending=177 t=1791486064856
EPOCH_DRAIN_WAIT epoch=4 unterminated=1224 previous_closed=false first=["14EAB7FF892E0710F504AD2FC9F2DF17D0E4023CE7BF1C90DE886A01FA0E1895:active:1:3", "1B8603C203ACE8112217B13B8A2D92240C7A01D788FBE6242A2F056B4E644945:active:1:3", "F92086E033E2219340FBE5C326A689C9D2DE487E5BB6F90A60A015036CF74748:active:1:3"] t=1791486065280
EPOCH_DERIVE_TIMING epoch=3 claims=14961 claim_ms=321 manifest_ms=7 build_ms=795 t=1791486065407
EPOCH_PROPOSED epoch=3 round=0 value=8DC9C8718A78550319251742B8912C3D469A8CFF72E2407D4CA9429C3761DAC3 state=867780013721930B43C49CF70D5D1017A04B941B73F8CE1A564AB07461005A09 reports=5 t=1791486065409
EPOCH_VALUE epoch=3 value=8DC9C8718A78550319251742B8912C3D469A8CFF72E2407D4CA9429C3761DAC3 state=867780013721930B43C49CF70D5D1017A04B941B73F8CE1A564AB07461005A09 t=1791486065414
EPOCH_MANIFEST_FETCHED epoch=3 manifest=B1C6508B6DB8C9A7FEA8736F3DC864AC9A857DF6520CC3057637DBC50D6AA0B0 entries=10960 t=1791486065579
EPOCH_CLOSE_ROUND epoch=3 round=0 leader=911999B2AEFA7ACC66EBD802B3301FF6CE431405107749D940277955CB7FDD07 leads=true t=1791486065588
EPOCH_MANIFEST_FETCHED epoch=3 manifest=B1C6508B6DB8C9A7FEA8736F3DC864AC9A857DF6520CC3057637DBC50D6AA0B0 entries=10960 t=1791486065588
EPOCH_DRAIN_WAIT epoch=4 unterminated=1448 previous_closed=false first=["14EAB7FF892E0710F504AD2FC9F2DF17D0E4023CE7BF1C90DE886A01FA0E1895:active:2:3", "1B8603C203ACE8112217B13B8A2D92240C7A01D788FBE6242A2F056B4E644945:active:2:3", "F92086E033E2219340FBE5C326A689C9D2DE487E5BB6F90A60A015036CF74748:active:2:3"] t=1791486065589
EPOCH_DRAIN_WAIT epoch=4 unterminated=1448 previous_closed=false first=["14EAB7FF892E0710F504AD2FC9F2DF17D0E4023CE7BF1C90DE886A01FA0E1895:active:2:3", "1B8603C203ACE8112217B13B8A2D92240C7A01D788FBE6242A2F056B4E644945:active:2:3", "F92086E033E2219340FBE5C326A689C9D2DE487E5BB6F90A60A015036CF74748:active:2:3"] t=1791486065594
EPOCH_FOLLOW cemented=172 cementing=0 requested=0 pending=118 t=1791486065640
EPOCH_MANIFEST_FETCHED epoch=3 manifest=B1C6508B6DB8C9A7FEA8736F3DC864AC9A857DF6520CC3057637DBC50D6AA0B0 entries=10960 t=1791486065787
EPOCH_MANIFEST_FETCHED epoch=3 manifest=B1C6508B6DB8C9A7FEA8736F3DC864AC9A857DF6520CC3057637DBC50D6AA0B0 entries=10960 t=1791486065799
EPOCH_FOLLOW cemented=21 cementing=0 requested=0 pending=156 t=1791486065893
EPOCH_MANIFEST_VOTES_MISSING epoch=3 manifest=B1C6508B6DB8C9A7FEA8736F3DC864AC9A857DF6520CC3057637DBC50D6AA0B0 hashes=4 t=1791486065992
EPOCH_MANIFEST_VOTES_MISSING epoch=3 manifest=B1C6508B6DB8C9A7FEA8736F3DC864AC9A857DF6520CC3057637DBC50D6AA0B0 hashes=4 t=1791486066121
EPOCH_DRAIN_WAIT epoch=4 unterminated=1448 previous_closed=false first=["14EAB7FF892E0710F504AD2FC9F2DF17D0E4023CE7BF1C90DE886A01FA0E1895:active:2:3", "1B8603C203ACE8112217B13B8A2D92240C7A01D788FBE6242A2F056B4E644945:active:2:3", "F92086E033E2219340FBE5C326A689C9D2DE487E5BB6F90A60A015036CF74748:active:2:3"] t=1791486066606
EPOCH_FOLLOW cemented=4 cementing=0 requested=0 pending=114 t=1791486066688
EPOCH_VALIDATE_TIMING epoch=3 evidence_ms=542 build_ms=629 t=1791486066744
EPOCH_VALUE epoch=3 value=8DC9C8718A78550319251742B8912C3D469A8CFF72E2407D4CA9429C3761DAC3 state=867780013721930B43C49CF70D5D1017A04B941B73F8CE1A564AB07461005A09 t=1791486066771
EPOCH_VALIDATE_TIMING epoch=3 evidence_ms=469 build_ms=525 t=1791486066776
EPOCH_DRAIN_WAIT epoch=4 unterminated=1448 previous_closed=false first=["14EAB7FF892E0710F504AD2FC9F2DF17D0E4023CE7BF1C90DE886A01FA0E1895:active:2:3", "1B8603C203ACE8112217B13B8A2D92240C7A01D788FBE6242A2F056B4E644945:active:2:3", "F92086E033E2219340FBE5C326A689C9D2DE487E5BB6F90A60A015036CF74748:active:2:3"] t=1791486066789
EPOCH_VALUE epoch=3 value=8DC9C8718A78550319251742B8912C3D469A8CFF72E2407D4CA9429C3761DAC3 state=867780013721930B43C49CF70D5D1017A04B941B73F8CE1A564AB07461005A09 t=1791486066789
EPOCH_VALIDATE_TIMING epoch=3 evidence_ms=427 build_ms=371 t=1791486066806
EPOCH_VALUE epoch=3 value=8DC9C8718A78550319251742B8912C3D469A8CFF72E2407D4CA9429C3761DAC3 state=867780013721930B43C49CF70D5D1017A04B941B73F8CE1A564AB07461005A09 t=1791486066818
EPOCH_DRAIN_WAIT epoch=4 unterminated=1334 previous_closed=false first=["14EAB7FF892E0710F504AD2FC9F2DF17D0E4023CE7BF1C90DE886A01FA0E1895:active:1:3", "1B8603C203ACE8112217B13B8A2D92240C7A01D788FBE6242A2F056B4E644945:active:1:3", "F92086E033E2219340FBE5C326A689C9D2DE487E5BB6F90A60A015036CF74748:active:1:3"] t=1791486066835
EPOCH_VALIDATE_TIMING epoch=3 evidence_ms=354 build_ms=356 t=1791486066848
EPOCH_VALUE epoch=3 value=8DC9C8718A78550319251742B8912C3D469A8CFF72E2407D4CA9429C3761DAC3 state=867780013721930B43C49CF70D5D1017A04B941B73F8CE1A564AB07461005A09 t=1791486066851
EPOCH_DRAIN_WAIT epoch=4 unterminated=1448 previous_closed=false first=["14EAB7FF892E0710F504AD2FC9F2DF17D0E4023CE7BF1C90DE886A01FA0E1895:active:2:3", "1B8603C203ACE8112217B13B8A2D92240C7A01D788FBE6242A2F056B4E644945:active:2:3", "F92086E033E2219340FBE5C326A689C9D2DE487E5BB6F90A60A015036CF74748:active:2:3"] t=1791486066865
EPOCH_FOLLOW cemented=3 cementing=0 requested=0 pending=153 t=1791486066937
EPOCH_INSTALL epoch=3 finalized=3364 instances_confirmed=1307 t=1791486067089
EPOCH_INSTALL epoch=3 finalized=3364 instances_confirmed=1307 t=1791486067090
EPOCH_LATE_NOTAR epoch=3 blocks=2152 notarized=1516 cast=21026 t=1791486067090
EPOCH_LATE_NOTAR epoch=3 blocks=2152 notarized=1516 cast=20810 t=1791486067094
EPOCH_INSTALL epoch=3 finalized=3364 instances_confirmed=1307 t=1791486067101
EPOCH_GATE epoch=4 released=1448 finalized=0 t=1791486067103
EPOCH_LATE_NOTAR epoch=3 blocks=2143 notarized=1516 cast=20821 t=1791486067103
EPOCH_GATE epoch=4 released=1448 finalized=0 t=1791486067104
EPOCH_GATE epoch=4 released=1448 finalized=0 t=1791486067115
EPOCH_COMMITTEE derived_by=3 members=6 accounts=10954 n=6 digest=95D409445152DD075E6A4799205DFA5689496EB8EE1A22AC2A200B9DBC2DCF27 shares=["65A90023:16.7%", "A353E45E:16.7%", "D315857C:16.7%", "911999B2:16.7%", "633D9D61:16.7%", "735FE217:16.7%"] t=1791486067116
EPOCH_INSTALL epoch=3 finalized=3364 instances_confirmed=1307 t=1791486067118
EPOCH_LOCKS_CONTINUED epoch=3 instances=5 t=1791486067118
EPOCH_LATE_NOTAR epoch=3 blocks=2145 notarized=1520 cast=21505 t=1791486067120
EPOCH_LOCKS epoch=3 continued=5 kinds={"locks=1 kind=Some(Recovery) nc_here=false saved=true": 1660, "locks=1 kind=Some(Recovery) nc_here=true saved=true": 252} t=1791486067121
EPOCH_OMITTED epoch=3 instances=0 retained=1912 t=1791486067122
EPOCH_CLOSED epoch=3 round=0 value=8DC9C8718A78550319251742B8912C3D469A8CFF72E2407D4CA9429C3761DAC3 state=867780013721930B43C49CF70D5D1017A04B941B73F8CE1A564AB07461005A09 t=1791486067122
EPOCH_COMMITTEE derived_by=3 members=6 accounts=10954 n=6 digest=95D409445152DD075E6A4799205DFA5689496EB8EE1A22AC2A200B9DBC2DCF27 shares=["65A90023:16.7%", "A353E45E:16.7%", "D315857C:16.7%", "911999B2:16.7%", "633D9D61:16.7%", "735FE217:16.7%"] t=1791486067122
EPOCH_GATE epoch=4 released=1342 finalized=0 t=1791486067125
EPOCH_LOCKS_CONTINUED epoch=3 instances=5 t=1791486067127
EPOCH_COMMITTEE derived_by=3 members=6 accounts=10954 n=6 digest=95D409445152DD075E6A4799205DFA5689496EB8EE1A22AC2A200B9DBC2DCF27 shares=["65A90023:16.7%", "A353E45E:16.7%", "D315857C:16.7%", "911999B2:16.7%", "633D9D61:16.7%", "735FE217:16.7%"] t=1791486067128
EPOCH_LOCKS epoch=3 continued=5 kinds={"locks=1 kind=Some(Recovery) nc_here=false saved=true": 1660, "locks=1 kind=Some(Recovery) nc_here=true saved=true": 252} t=1791486067130
EPOCH_OMITTED epoch=3 instances=0 retained=1912 t=1791486067130
EPOCH_CLOSED epoch=3 round=0 value=8DC9C8718A78550319251742B8912C3D469A8CFF72E2407D4CA9429C3761DAC3 state=867780013721930B43C49CF70D5D1017A04B941B73F8CE1A564AB07461005A09 t=1791486067130
EPOCH_LOCKS_CONTINUED epoch=3 instances=5 t=1791486067130
EPOCH_LOCKS epoch=3 continued=5 kinds={"locks=1 kind=Some(Recovery) nc_here=false saved=true": 1660, "locks=1 kind=Some(Recovery) nc_here=true saved=true": 252} t=1791486067138
EPOCH_OMITTED epoch=3 instances=0 retained=1912 t=1791486067138
EPOCH_CLOSED epoch=3 round=0 value=8DC9C8718A78550319251742B8912C3D469A8CFF72E2407D4CA9429C3761DAC3 state=867780013721930B43C49CF70D5D1017A04B941B73F8CE1A564AB07461005A09 t=1791486067138
EPOCH_COMMITTEE derived_by=3 members=6 accounts=10954 n=6 digest=95D409445152DD075E6A4799205DFA5689496EB8EE1A22AC2A200B9DBC2DCF27 shares=["65A90023:16.7%", "A353E45E:16.7%", "D315857C:16.7%", "911999B2:16.7%", "633D9D61:16.7%", "735FE217:16.7%"] t=1791486067140
EPOCH_LOCKS epoch=3 continued=0 kinds={"locks=1 kind=Some(Recovery) nc_here=false saved=false": 1447, "locks=1 kind=Some(Recovery) nc_here=false saved=true": 207, "locks=1 kind=Some(Recovery) nc_here=true saved=true": 252} t=1791486067146
EPOCH_OMITTED epoch=3 instances=0 retained=1906 t=1791486067146
EPOCH_CLOSED epoch=3 round=0 value=8DC9C8718A78550319251742B8912C3D469A8CFF72E2407D4CA9429C3761DAC3 state=867780013721930B43C49CF70D5D1017A04B941B73F8CE1A564AB07461005A09 t=1791486067146
EPOCH_CARRIED epoch=4 instances=1453 split=0 t=1791486067242
EPOCH_ADVANCED epoch=5 elections=6885 active=6320 vote_records=504636 t=1791486067243
EPOCH_CARRIED epoch=4 instances=1342 split=0 t=1791486067249
EPOCH_ADVANCED epoch=5 elections=6420 active=5851 vote_records=504632 t=1791486067249
EPOCH_CARRIED epoch=4 instances=1453 split=0 t=1791486067262
EPOCH_ADVANCED epoch=5 elections=6885 active=6320 vote_records=504529 t=1791486067262
EPOCH_INSTALLED epoch=3 finalized=3364 cemented=3364 queued=0 missing=0 t=1791486067367
EPOCH_RETAINED epoch=3 retained=1912 held=1912 missing=0 t=1791486067368
EPOCH_INSTALLED epoch=3 finalized=3364 cemented=3364 queued=0 missing=0 t=1791486067430
EPOCH_RETAINED epoch=3 retained=1912 held=1569 missing=343 t=1791486067431
EPOCH_CARRIED epoch=4 instances=1453 split=0 t=1791486067440
EPOCH_ADVANCED epoch=5 elections=6885 active=5300 vote_records=505610 t=1791486067440
EPOCH_CLOSE_UNREADY epoch=4 short_of=reports usable=0 weight=0 required=5 held=0 theirs=[] t=1791486067591
EPOCH_CLOSE_UNREADY epoch=4 short_of=reports usable=0 weight=0 required=5 held=0 theirs=[] t=1791486067700
EPOCH_INSTALLED epoch=3 finalized=3364 cemented=3364 queued=0 missing=0 t=1791486067725
EPOCH_RETAINED epoch=3 retained=1912 held=1912 missing=0 t=1791486067726
EPOCH_FOLLOW cemented=15 cementing=0 requested=241 pending=340 t=1791486067731
EPOCH_INSTALLED epoch=3 finalized=3364 cemented=3364 queued=0 missing=0 t=1791486067922
EPOCH_RETAINED epoch=3 retained=1912 held=1912 missing=0 t=1791486067924
EPOCH_FOLLOW cemented=0 cementing=0 requested=127 pending=153 t=1791486067995
EPOCH_CLOSE_UNREADY epoch=4 short_of=reports usable=0 weight=0 required=5 held=0 theirs=[] t=1791486068103
EPOCH_CLOSE_UNREADY epoch=4 short_of=reports usable=0 weight=0 required=5 held=0 theirs=[] t=1791486068241
EPOCH_VALIDATE_TIMING epoch=3 evidence_ms=383 build_ms=1240 t=1791486068384
EPOCH_DRAIN_WAIT epoch=4 unterminated=1322 previous_closed=false first=["14EAB7FF892E0710F504AD2FC9F2DF17D0E4023CE7BF1C90DE886A01FA0E1895:active:1:3", "1B8603C203ACE8112217B13B8A2D92240C7A01D788FBE6242A2F056B4E644945:active:1:3", "F92086E033E2219340FBE5C326A689C9D2DE487E5BB6F90A60A015036CF74748:active:1:3"] t=1791486068425
EPOCH_INSTALL epoch=3 finalized=3364 instances_confirmed=1307 t=1791486068571
EPOCH_LATE_NOTAR epoch=3 blocks=2153 notarized=1516 cast=22380 t=1791486068574
EPOCH_CLOSE_UNREADY epoch=4 short_of=reports usable=0 weight=0 required=5 held=0 theirs=[] t=1791486068700
EPOCH_CLOSE_UNREADY epoch=4 short_of=reports usable=0 weight=0 required=5 held=0 theirs=[] t=1791486068705
EPOCH_GATE epoch=4 released=1322 finalized=0 t=1791486068732
EPOCH_COMMITTEE derived_by=3 members=6 accounts=10954 n=6 digest=95D409445152DD075E6A4799205DFA5689496EB8EE1A22AC2A200B9DBC2DCF27 shares=["65A90023:16.7%", "A353E45E:16.7%", "D315857C:16.7%", "911999B2:16.7%", "633D9D61:16.7%", "735FE217:16.7%"] t=1791486068744
EPOCH_LOCKS epoch=3 continued=0 kinds={"locks=1 kind=Some(Recovery) nc_here=false saved=false": 1447, "locks=1 kind=Some(Recovery) nc_here=false saved=true": 180, "locks=1 kind=Some(Recovery) nc_here=true saved=true": 252} t=1791486068749
EPOCH_OMITTED epoch=3 instances=0 retained=1879 t=1791486068749
EPOCH_CLOSED epoch=3 round=0 value=8DC9C8718A78550319251742B8912C3D469A8CFF72E2407D4CA9429C3761DAC3 state=867780013721930B43C49CF70D5D1017A04B941B73F8CE1A564AB07461005A09 t=1791486068749
EPOCH_FOLLOW cemented=71 cementing=0 requested=269 pending=269 t=1791486068780
EPOCH_REPORT epoch=4 certified=45065 residual=1453 root=EE958E2D4C347A76B5E3FF2B6C0CBC54EF06055478A143F7D6B2F820631E0B91 reports=1 t=1791486068999
EPOCH_CARRIED epoch=4 instances=1408 split=0 t=1791486069004
EPOCH_ADVANCED epoch=5 elections=6525 active=4880 vote_records=513651 t=1791486069004
EPOCH_FOLLOW cemented=111 cementing=0 requested=0 pending=42 t=1791486069031
EPOCH_REPORT epoch=4 certified=45065 residual=1342 root=EE958E2D4C347A76B5E3FF2B6C0CBC54EF06055478A143F7D6B2F820631E0B91 reports=1 t=1791486069100
EPOCH_REPORT epoch=4 certified=45065 residual=1453 root=EE958E2D4C347A76B5E3FF2B6C0CBC54EF06055478A143F7D6B2F820631E0B91 reports=1 t=1791486069122
EPOCH_RECONCILED epoch=4 reporter=633D9D614858AB1710D5D8C3180E2A082DC97208BA8C26BA6C6D1A86C8E31CC0 complete=false entries=0 total=45065 symbols=0 dropped=false t=1791486069128
EPOCH_RECONCILED epoch=4 reporter=633D9D614858AB1710D5D8C3180E2A082DC97208BA8C26BA6C6D1A86C8E31CC0 complete=true entries=1453 total=1453 symbols=0 dropped=false t=1791486069136
EPOCH_RECONCILED epoch=4 reporter=633D9D614858AB1710D5D8C3180E2A082DC97208BA8C26BA6C6D1A86C8E31CC0 complete=false entries=0 total=45065 symbols=0 dropped=false t=1791486069222
EPOCH_RECONCILED epoch=4 reporter=633D9D614858AB1710D5D8C3180E2A082DC97208BA8C26BA6C6D1A86C8E31CC0 complete=true entries=1453 total=1453 symbols=0 dropped=false t=1791486069223
EPOCH_INSTALLED epoch=3 finalized=3364 cemented=3364 queued=0 missing=0 t=1791486069256
EPOCH_RETAINED epoch=3 retained=1912 held=1630 missing=282 t=1791486069257
EPOCH_RECONCILED epoch=4 reporter=A353E45E6D0016CAEED0DFA4EC5B0640E2AA22A793F9F2375E77F1AB92977C04 complete=false entries=0 total=45065 symbols=0 dropped=false t=1791486069260
EPOCH_EVIDENCE_RELEASED epoch=3 t=1791486069278
EPOCH_EVIDENCE_RELEASED epoch=3 t=1791486069279
EPOCH_EVIDENCE_RELEASED epoch=3 t=1791486069285
EPOCH_RECONCILED epoch=4 reporter=A353E45E6D0016CAEED0DFA4EC5B0640E2AA22A793F9F2375E77F1AB92977C04 complete=true entries=1342 total=1342 symbols=0 dropped=false t=1791486069400
EPOCH_REPORT epoch=4 certified=45065 residual=433 root=FE1DAC12D8CC507184CEE81E6E54B1505B88EAEECA41F0557329F32E660421AF reports=1 t=1791486069431
EPOCH_EVIDENCE_RELEASED epoch=3 t=1791486069448
EPOCH_RECONCILED epoch=4 reporter=A353E45E6D0016CAEED0DFA4EC5B0640E2AA22A793F9F2375E77F1AB92977C04 complete=false entries=0 total=45065 symbols=0 dropped=false t=1791486069472
EPOCH_RECONCILED epoch=4 reporter=A353E45E6D0016CAEED0DFA4EC5B0640E2AA22A793F9F2375E77F1AB92977C04 complete=true entries=1342 total=1342 symbols=0 dropped=false t=1791486069611
EPOCH_RECONCILED epoch=4 reporter=D315857CE70C54DE713F6E82E5613BB3A1266C15E28AD2F4338C7BBEC456F532 complete=false entries=0 total=45065 symbols=0 dropped=false t=1791486069613
EPOCH_RECONCILED epoch=4 reporter=D315857CE70C54DE713F6E82E5613BB3A1266C15E28AD2F4338C7BBEC456F532 complete=true entries=1453 total=1453 symbols=0 dropped=false t=1791486069614
EPOCH_CLOSE_UNREADY epoch=4 short_of=reports usable=3 weight=3 required=5 held=3 theirs=["A353E45E:EE958E2D:57D2236E", "911999B2:FE1DAC12:8F981186", "D315857C:EE958E2D:EDC26727"] t=1791486069723
EPOCH_ENDED epoch=5 elections=5696 active=3914 t=1791486069737
EPOCH_ENDED epoch=5 elections=5696 active=3914 t=1791486069737
EPOCH_ENDED epoch=5 elections=5696 active=3914 t=1791486069741
EPOCH_DRAIN_WAIT epoch=5 unterminated=245 previous_closed=false first=["05F43617EDF35226A4747DE8D4F2FCAE9AF0F9BE5B0790711F7452D3E760EBB5:active:2:3", "937886C34D5516B5DF36CFC3E0BDA61B577853FDDB18F9CD6758D3FF18BB62C2:active:2:3", "E69CBB689795C7E326FCF3F1A5E8DE725C3ED8870ABE4B5FB33D4075B3BE65CB:active:2:3"] t=1791486069741
EPOCH_ENDED epoch=5 elections=5550 active=3800 t=1791486069747
EPOCH_RECONCILED epoch=4 reporter=D315857CE70C54DE713F6E82E5613BB3A1266C15E28AD2F4338C7BBEC456F532 complete=false entries=0 total=45065 symbols=0 dropped=false t=1791486069813
EPOCH_FOLLOW cemented=161 cementing=0 requested=0 pending=108 t=1791486069817
EPOCH_RECONCILED epoch=4 reporter=D315857CE70C54DE713F6E82E5613BB3A1266C15E28AD2F4338C7BBEC456F532 complete=true entries=1453 total=1453 symbols=0 dropped=false t=1791486069843
EPOCH_CLOSE_UNREADY epoch=4 short_of=reports usable=1 weight=1 required=5 held=3 theirs=["D315857C:EE958E2D:EDC26727", "633D9D61:EE958E2D:EDC26727", "A353E45E:EE958E2D:57D2236E"] t=1791486069878
EPOCH_DRAIN_WAIT epoch=5 unterminated=245 previous_closed=false first=["05F43617EDF35226A4747DE8D4F2FCAE9AF0F9BE5B0790711F7452D3E760EBB5:active:2:3", "937886C34D5516B5DF36CFC3E0BDA61B577853FDDB18F9CD6758D3FF18BB62C2:active:2:3", "E69CBB689795C7E326FCF3F1A5E8DE725C3ED8870ABE4B5FB33D4075B3BE65CB:active:2:3"] t=1791486069884
EPOCH_CLOSE_UNREADY epoch=4 short_of=reports usable=0 weight=0 required=5 held=4 theirs=["911999B2:FE1DAC12:8F981186", "A353E45E:EE958E2D:57D2236E", "D315857C:EE958E2D:EDC26727", "633D9D61:EE958E2D:EDC26727"] t=1791486069999
EPOCH_ENDED epoch=5 elections=6119 active=3636 t=1791486070001
EPOCH_DRAIN_WAIT epoch=5 unterminated=14 previous_closed=false first=["4AEEC472803BFE41B03DA7DBE5F47A8D004CC25ED90854EE6D4379A591B108EB:active:2:3", "36B383057C4F3150212ABE75463A1A99F551E830FD43C3522C1FB51CAFF1171D:active:2:3", "48F189D1F5DAA01211E1A72C0715BDB0C8A3B0459FC7A2EC19261BC0F77CC2F5:active:2:3"] t=1791486070002
EPOCH_CLOSE_UNREADY epoch=4 short_of=reports usable=3 weight=3 required=5 held=3 theirs=["D315857C:EE958E2D:EDC26727", "633D9D61:EE958E2D:EDC26727", "911999B2:FE1DAC12:8F981186"] t=1791486070056
EPOCH_DRAIN_WAIT epoch=5 unterminated=155 previous_closed=false first=["05F43617EDF35226A4747DE8D4F2FCAE9AF0F9BE5B0790711F7452D3E760EBB5:active:1:3", "937886C34D5516B5DF36CFC3E0BDA61B577853FDDB18F9CD6758D3FF18BB62C2:active:1:3", "E69CBB689795C7E326FCF3F1A5E8DE725C3ED8870ABE4B5FB33D4075B3BE65CB:active:1:3"] t=1791486070058
EPOCH_FOLLOW cemented=3 cementing=0 requested=239 pending=280 t=1791486070075
EPOCH_RECONCILED epoch=4 reporter=D315857CE70C54DE713F6E82E5613BB3A1266C15E28AD2F4338C7BBEC456F532 complete=false entries=2212 total=45065 symbols=3228 dropped=false t=1791486070078
EPOCH_RECONCILED epoch=4 reporter=633D9D614858AB1710D5D8C3180E2A082DC97208BA8C26BA6C6D1A86C8E31CC0 complete=false entries=2212 total=45065 symbols=3228 dropped=false t=1791486070078
EPOCH_RECONCILED epoch=4 reporter=A353E45E6D0016CAEED0DFA4EC5B0640E2AA22A793F9F2375E77F1AB92977C04 complete=false entries=2212 total=45065 symbols=3228 dropped=false t=1791486070078
EPOCH_RECONCILED epoch=4 reporter=A353E45E6D0016CAEED0DFA4EC5B0640E2AA22A793F9F2375E77F1AB92977C04 complete=false entries=2210 total=45065 symbols=3228 dropped=false t=1791486070133
EPOCH_RECONCILED epoch=4 reporter=D315857CE70C54DE713F6E82E5613BB3A1266C15E28AD2F4338C7BBEC456F532 complete=false entries=2210 total=45065 symbols=3228 dropped=false t=1791486070133
EPOCH_RECONCILED epoch=4 reporter=633D9D614858AB1710D5D8C3180E2A082DC97208BA8C26BA6C6D1A86C8E31CC0 complete=false entries=2210 total=45065 symbols=3228 dropped=false t=1791486070133
EPOCH_CLOSE_UNREADY epoch=4 short_of=reports usable=3 weight=3 required=5 held=3 theirs=["633D9D61:EE958E2D:EDC26727", "A353E45E:EE958E2D:57D2236E", "911999B2:FE1DAC12:8F981186"] t=1791486070209
EPOCH_DRAIN_WAIT epoch=5 unterminated=245 previous_closed=false first=["05F43617EDF35226A4747DE8D4F2FCAE9AF0F9BE5B0790711F7452D3E760EBB5:active:2:3", "937886C34D5516B5DF36CFC3E0BDA61B577853FDDB18F9CD6758D3FF18BB62C2:active:2:3", "E69CBB689795C7E326FCF3F1A5E8DE725C3ED8870ABE4B5FB33D4075B3BE65CB:active:2:3"] t=1791486070215
EPOCH_RECONCILED epoch=4 reporter=911999B2AEFA7ACC66EBD802B3301FF6CE431405107749D940277955CB7FDD07 complete=false entries=356 total=45065 symbols=546 dropped=false t=1791486070411
EPOCH_RECONCILED epoch=4 reporter=911999B2AEFA7ACC66EBD802B3301FF6CE431405107749D940277955CB7FDD07 complete=false entries=312 total=45065 symbols=546 dropped=false t=1791486070412
EPOCH_RECONCILED epoch=4 reporter=911999B2AEFA7ACC66EBD802B3301FF6CE431405107749D940277955CB7FDD07 complete=false entries=356 total=45065 symbols=546 dropped=false t=1791486070418
EPOCH_RECONCILED epoch=4 reporter=911999B2AEFA7ACC66EBD802B3301FF6CE431405107749D940277955CB7FDD07 complete=true entries=433 total=433 symbols=0 dropped=false t=1791486070419
EPOCH_RECONCILED epoch=4 reporter=D315857CE70C54DE713F6E82E5613BB3A1266C15E28AD2F4338C7BBEC456F532 complete=true entries=1453 total=1453 symbols=0 dropped=false t=1791486070431
EPOCH_RECONCILED epoch=4 reporter=633D9D614858AB1710D5D8C3180E2A082DC97208BA8C26BA6C6D1A86C8E31CC0 complete=true entries=1453 total=1453 symbols=0 dropped=false t=1791486070433
EPOCH_RECONCILED epoch=4 reporter=A353E45E6D0016CAEED0DFA4EC5B0640E2AA22A793F9F2375E77F1AB92977C04 complete=true entries=1342 total=1342 symbols=0 dropped=false t=1791486070434
EPOCH_RECONCILED epoch=4 reporter=911999B2AEFA7ACC66EBD802B3301FF6CE431405107749D940277955CB7FDD07 complete=true entries=433 total=433 symbols=0 dropped=false t=1791486070493
EPOCH_REPORT epoch=4 certified=45065 residual=328 root=04CC0DB9260E678FE60EC902F4EFFA26631F13D4B52C7A7014362CE4DEF3D3EF reports=1 t=1791486070597
EPOCH_RECONCILED epoch=4 reporter=A353E45E6D0016CAEED0DFA4EC5B0640E2AA22A793F9F2375E77F1AB92977C04 complete=true entries=1342 total=1342 symbols=0 dropped=false t=1791486070600
EPOCH_RECONCILED epoch=4 reporter=D315857CE70C54DE713F6E82E5613BB3A1266C15E28AD2F4338C7BBEC456F532 complete=true entries=1453 total=1453 symbols=0 dropped=false t=1791486070603
EPOCH_RECONCILED epoch=4 reporter=633D9D614858AB1710D5D8C3180E2A082DC97208BA8C26BA6C6D1A86C8E31CC0 complete=true entries=1453 total=1453 symbols=0 dropped=false t=1791486070604
EPOCH_RECONCILED epoch=4 reporter=911999B2AEFA7ACC66EBD802B3301FF6CE431405107749D940277955CB7FDD07 complete=false entries=424 total=45065 symbols=819 dropped=false t=1791486070704
EPOCH_RECONCILED epoch=4 reporter=911999B2AEFA7ACC66EBD802B3301FF6CE431405107749D940277955CB7FDD07 complete=true entries=433 total=433 symbols=0 dropped=false t=1791486070740
EPOCH_CLOSE_UNREADY epoch=4 short_of=reports usable=4 weight=4 required=5 held=4 theirs=["911999B2:FE1DAC12:8F981186", "D315857C:EE958E2D:EDC26727", "A353E45E:EE958E2D:57D2236E", "65A90023:04CC0DB9:665DC61E"] t=1791486070761
EPOCH_DRAIN_WAIT epoch=5 unterminated=244 previous_closed=false first=["05F43617EDF35226A4747DE8D4F2FCAE9AF0F9BE5B0790711F7452D3E760EBB5:active:2:3", "937886C34D5516B5DF36CFC3E0BDA61B577853FDDB18F9CD6758D3FF18BB62C2:active:2:3", "E69CBB689795C7E326FCF3F1A5E8DE725C3ED8870ABE4B5FB33D4075B3BE65CB:active:2:3"] t=1791486070764
EPOCH_FOLLOW cemented=3 cementing=0 requested=82 pending=105 t=1791486070879
EPOCH_CLOSE_UNREADY epoch=4 short_of=reports usable=4 weight=4 required=5 held=4 theirs=["633D9D61:EE958E2D:EDC26727", "65A90023:04CC0DB9:665DC61E", "D315857C:EE958E2D:EDC26727", "A353E45E:EE958E2D:57D2236E"] t=1791486070998
EPOCH_DRAIN_WAIT epoch=5 unterminated=244 previous_closed=false first=["05F43617EDF35226A4747DE8D4F2FCAE9AF0F9BE5B0790711F7452D3E760EBB5:active:2:3", "937886C34D5516B5DF36CFC3E0BDA61B577853FDDB18F9CD6758D3FF18BB62C2:active:2:3", "E69CBB689795C7E326FCF3F1A5E8DE725C3ED8870ABE4B5FB33D4075B3BE65CB:active:2:3"] t=1791486071000
EPOCH_CLOSE_UNREADY epoch=4 short_of=reports usable=4 weight=4 required=5 held=4 theirs=["633D9D61:EE958E2D:EDC26727", "911999B2:FE1DAC12:8F981186", "D315857C:EE958E2D:EDC26727", "65A90023:04CC0DB9:665DC61E"] t=1791486071086
EPOCH_DRAIN_WAIT epoch=5 unterminated=233 previous_closed=false first=["05F43617EDF35226A4747DE8D4F2FCAE9AF0F9BE5B0790711F7452D3E760EBB5:active:1:3", "937886C34D5516B5DF36CFC3E0BDA61B577853FDDB18F9CD6758D3FF18BB62C2:active:1:3", "E69CBB689795C7E326FCF3F1A5E8DE725C3ED8870ABE4B5FB33D4075B3BE65CB:active:1:3"] t=1791486071103
EPOCH_FOLLOW cemented=218 cementing=0 requested=24 pending=62 t=1791486071117
EPOCH_RECONCILED epoch=4 reporter=65A90023F6C0D2181AAA63F005D81BBC0C04650505E21D5123F9AE1F9E992BFF complete=false entries=290 total=45065 symbols=546 dropped=false t=1791486071144
EPOCH_RECONCILED epoch=4 reporter=65A90023F6C0D2181AAA63F005D81BBC0C04650505E21D5123F9AE1F9E992BFF complete=false entries=264 total=45065 symbols=546 dropped=false t=1791486071144
EPOCH_RECONCILED epoch=4 reporter=65A90023F6C0D2181AAA63F005D81BBC0C04650505E21D5123F9AE1F9E992BFF complete=false entries=290 total=45065 symbols=546 dropped=false t=1791486071157
EPOCH_RECONCILED epoch=4 reporter=65A90023F6C0D2181AAA63F005D81BBC0C04650505E21D5123F9AE1F9E992BFF complete=false entries=290 total=45065 symbols=546 dropped=false t=1791486071163
EPOCH_RECONCILED epoch=4 reporter=911999B2AEFA7ACC66EBD802B3301FF6CE431405107749D940277955CB7FDD07 complete=true entries=433 total=433 symbols=0 dropped=false t=1791486071212
EPOCH_CLOSE_READY epoch=4 t=1791486071262
EPOCH_CLOSE_ROUND epoch=4 round=0 leader=A353E45E6D0016CAEED0DFA4EC5B0640E2AA22A793F9F2375E77F1AB92977C04 leads=false t=1791486071268
EPOCH_DRAIN_WAIT epoch=5 unterminated=225 previous_closed=false first=["05F43617EDF35226A4747DE8D4F2FCAE9AF0F9BE5B0790711F7452D3E760EBB5:active:1:2", "937886C34D5516B5DF36CFC3E0BDA61B577853FDDB18F9CD6758D3FF18BB62C2:active:1:2", "E69CBB689795C7E326FCF3F1A5E8DE725C3ED8870ABE4B5FB33D4075B3BE65CB:active:1:2"] t=1791486071269
EPOCH_RECONCILED epoch=4 reporter=65A90023F6C0D2181AAA63F005D81BBC0C04650505E21D5123F9AE1F9E992BFF complete=true entries=328 total=328 symbols=0 dropped=false t=1791486071321
EPOCH_CLOSE_READY epoch=4 t=1791486071361
EPOCH_CLOSE_ROUND epoch=4 round=0 leader=A353E45E6D0016CAEED0DFA4EC5B0640E2AA22A793F9F2375E77F1AB92977C04 leads=false t=1791486071363
EPOCH_RECONCILED epoch=4 reporter=65A90023F6C0D2181AAA63F005D81BBC0C04650505E21D5123F9AE1F9E992BFF complete=true entries=328 total=328 symbols=0 dropped=false t=1791486071382
EPOCH_CLOSE_READY epoch=4 t=1791486071400
EPOCH_RECONCILED epoch=4 reporter=65A90023F6C0D2181AAA63F005D81BBC0C04650505E21D5123F9AE1F9E992BFF complete=true entries=328 total=328 symbols=0 dropped=false t=1791486071401
EPOCH_RECONCILED epoch=4 reporter=65A90023F6C0D2181AAA63F005D81BBC0C04650505E21D5123F9AE1F9E992BFF complete=true entries=328 total=328 symbols=0 dropped=false t=1791486071406
EPOCH_CLOSE_READY epoch=4 t=1791486071486
EPOCH_CLOSE_ROUND epoch=4 round=0 leader=A353E45E6D0016CAEED0DFA4EC5B0640E2AA22A793F9F2375E77F1AB92977C04 leads=false t=1791486071488
EPOCH_CLOSE_ROUND epoch=4 round=0 leader=A353E45E6D0016CAEED0DFA4EC5B0640E2AA22A793F9F2375E77F1AB92977C04 leads=false t=1791486071508
EPOCH_DRAIN_WAIT epoch=5 unterminated=244 previous_closed=false first=["05F43617EDF35226A4747DE8D4F2FCAE9AF0F9BE5B0790711F7452D3E760EBB5:active:2:3", "937886C34D5516B5DF36CFC3E0BDA61B577853FDDB18F9CD6758D3FF18BB62C2:active:2:3", "E69CBB689795C7E326FCF3F1A5E8DE725C3ED8870ABE4B5FB33D4075B3BE65CB:active:2:3"] t=1791486071509
EPOCH_CLOSE_READY epoch=4 t=1791486071525
EPOCH_DERIVE_TIMING epoch=4 claims=3761 claim_ms=51 manifest_ms=4 build_ms=147 t=1791486071774
EPOCH_PROPOSED epoch=4 round=0 value=D21951315BDCA29F4AA10218C4F846BC0D25B02248C5004E950851C6F43EE8A4 state=B458C872EEF1DDC973E35D6A9D9A2703C8F5FAC1F59DDCC9DA1A9E8F4F081F9C reports=5 t=1791486071775
EPOCH_VALUE epoch=4 value=D21951315BDCA29F4AA10218C4F846BC0D25B02248C5004E950851C6F43EE8A4 state=B458C872EEF1DDC973E35D6A9D9A2703C8F5FAC1F59DDCC9DA1A9E8F4F081F9C t=1791486071775
EPOCH_CLOSE_ROUND epoch=4 round=0 leader=A353E45E6D0016CAEED0DFA4EC5B0640E2AA22A793F9F2375E77F1AB92977C04 leads=true t=1791486071777
EPOCH_DRAIN_WAIT epoch=5 unterminated=244 previous_closed=false first=["05F43617EDF35226A4747DE8D4F2FCAE9AF0F9BE5B0790711F7452D3E760EBB5:active:2:3", "937886C34D5516B5DF36CFC3E0BDA61B577853FDDB18F9CD6758D3FF18BB62C2:active:2:3", "E69CBB689795C7E326FCF3F1A5E8DE725C3ED8870ABE4B5FB33D4075B3BE65CB:active:2:3"] t=1791486071802
EPOCH_MANIFEST_FETCHED epoch=4 manifest=8E2A6B3DFD1C08938FA3BD9EC264B18D45198A63AFE5112BEEDE2F48634FD72A entries=3761 t=1791486071890
EPOCH_MANIFEST_FETCHED epoch=4 manifest=8E2A6B3DFD1C08938FA3BD9EC264B18D45198A63AFE5112BEEDE2F48634FD72A entries=3761 t=1791486071896
EPOCH_FOLLOW cemented=92 cementing=0 requested=0 pending=13 t=1791486071930
EPOCH_MANIFEST_FETCHED epoch=4 manifest=8E2A6B3DFD1C08938FA3BD9EC264B18D45198A63AFE5112BEEDE2F48634FD72A entries=3761 t=1791486071970
EPOCH_MANIFEST_FETCHED epoch=4 manifest=8E2A6B3DFD1C08938FA3BD9EC264B18D45198A63AFE5112BEEDE2F48634FD72A entries=3761 t=1791486071975
EPOCH_MANIFEST_VOTES_MISSING epoch=4 manifest=8E2A6B3DFD1C08938FA3BD9EC264B18D45198A63AFE5112BEEDE2F48634FD72A hashes=2 t=1791486072072
EPOCH_MANIFEST_VOTES_MISSING epoch=4 manifest=8E2A6B3DFD1C08938FA3BD9EC264B18D45198A63AFE5112BEEDE2F48634FD72A hashes=2 t=1791486072109
EPOCH_MANIFEST_VOTES_MISSING epoch=4 manifest=8E2A6B3DFD1C08938FA3BD9EC264B18D45198A63AFE5112BEEDE2F48634FD72A hashes=2 t=1791486072116
EPOCH_MANIFEST_VOTES_MISSING epoch=4 manifest=8E2A6B3DFD1C08938FA3BD9EC264B18D45198A63AFE5112BEEDE2F48634FD72A hashes=2 t=1791486072155
EPOCH_FOLLOW cemented=24 cementing=0 requested=19 pending=38 t=1791486072169
EPOCH_DRAIN_WAIT epoch=5 unterminated=233 previous_closed=false first=["05F43617EDF35226A4747DE8D4F2FCAE9AF0F9BE5B0790711F7452D3E760EBB5:active:1:3", "937886C34D5516B5DF36CFC3E0BDA61B577853FDDB18F9CD6758D3FF18BB62C2:active:1:3", "E69CBB689795C7E326FCF3F1A5E8DE725C3ED8870ABE4B5FB33D4075B3BE65CB:active:1:3"] t=1791486072402
EPOCH_VALIDATE_TIMING epoch=4 evidence_ms=109 build_ms=222 t=1791486072414
EPOCH_VALUE epoch=4 value=D21951315BDCA29F4AA10218C4F846BC0D25B02248C5004E950851C6F43EE8A4 state=B458C872EEF1DDC973E35D6A9D9A2703C8F5FAC1F59DDCC9DA1A9E8F4F081F9C t=1791486072418
EPOCH_DRAIN_WAIT epoch=5 unterminated=236 previous_closed=false first=["05F43617EDF35226A4747DE8D4F2FCAE9AF0F9BE5B0790711F7452D3E760EBB5:active:1:3", "937886C34D5516B5DF36CFC3E0BDA61B577853FDDB18F9CD6758D3FF18BB62C2:active:1:3", "E69CBB689795C7E326FCF3F1A5E8DE725C3ED8870ABE4B5FB33D4075B3BE65CB:active:1:3"] t=1791486072429
EPOCH_VALIDATE_TIMING epoch=4 evidence_ms=108 build_ms=215 t=1791486072448
EPOCH_VALUE epoch=4 value=D21951315BDCA29F4AA10218C4F846BC0D25B02248C5004E950851C6F43EE8A4 state=B458C872EEF1DDC973E35D6A9D9A2703C8F5FAC1F59DDCC9DA1A9E8F4F081F9C t=1791486072449
EPOCH_DRAIN_WAIT epoch=5 unterminated=244 previous_closed=false first=["05F43617EDF35226A4747DE8D4F2FCAE9AF0F9BE5B0790711F7452D3E760EBB5:active:2:3", "937886C34D5516B5DF36CFC3E0BDA61B577853FDDB18F9CD6758D3FF18BB62C2:active:2:3", "E69CBB689795C7E326FCF3F1A5E8DE725C3ED8870ABE4B5FB33D4075B3BE65CB:active:2:3"] t=1791486072453
EPOCH_VALIDATE_TIMING epoch=4 evidence_ms=108 build_ms=224 t=1791486072465
EPOCH_VALUE epoch=4 value=D21951315BDCA29F4AA10218C4F846BC0D25B02248C5004E950851C6F43EE8A4 state=B458C872EEF1DDC973E35D6A9D9A2703C8F5FAC1F59DDCC9DA1A9E8F4F081F9C t=1791486072471
EPOCH_VALIDATE_TIMING epoch=4 evidence_ms=106 build_ms=214 t=1791486072489
EPOCH_VALUE epoch=4 value=D21951315BDCA29F4AA10218C4F846BC0D25B02248C5004E950851C6F43EE8A4 state=B458C872EEF1DDC973E35D6A9D9A2703C8F5FAC1F59DDCC9DA1A9E8F4F081F9C t=1791486072580
EPOCH_INSTALL epoch=4 finalized=1562 instances_confirmed=1562 t=1791486072666
EPOCH_LATE_NOTAR epoch=4 blocks=1180 notarized=1180 cast=20821 t=1791486072667
EPOCH_GATE epoch=5 released=244 finalized=0 t=1791486072668
EPOCH_COMMITTEE derived_by=4 members=6 accounts=11099 n=6 digest=95D409445152DD075E6A4799205DFA5689496EB8EE1A22AC2A200B9DBC2DCF27 shares=["65A90023:16.7%", "A353E45E:16.7%", "D315857C:16.7%", "911999B2:16.7%", "633D9D61:16.7%", "735FE217:16.7%"] t=1791486072679
EPOCH_LOCKS epoch=4 continued=0 kinds={"locks=1 kind=Some(Recovery) nc_here=false saved=true": 255, "locks=1 kind=Some(Recovery) nc_here=true saved=true": 95} t=1791486072679
EPOCH_OMITTED epoch=4 instances=0 retained=350 t=1791486072679
EPOCH_CLOSED epoch=4 round=0 value=D21951315BDCA29F4AA10218C4F846BC0D25B02248C5004E950851C6F43EE8A4 state=B458C872EEF1DDC973E35D6A9D9A2703C8F5FAC1F59DDCC9DA1A9E8F4F081F9C t=1791486072679
EPOCH_INSTALL epoch=4 finalized=1562 instances_confirmed=1562 t=1791486072723
EPOCH_INSTALL epoch=4 finalized=1562 instances_confirmed=1562 t=1791486072723
EPOCH_LATE_NOTAR epoch=4 blocks=1180 notarized=1180 cast=23485 t=1791486072723
EPOCH_LATE_NOTAR epoch=4 blocks=1180 notarized=1180 cast=21585 t=1791486072723
EPOCH_GATE epoch=5 released=236 finalized=0 t=1791486072724
EPOCH_GATE epoch=5 released=233 finalized=0 t=1791486072724
EPOCH_COMMITTEE derived_by=4 members=6 accounts=11099 n=6 digest=95D409445152DD075E6A4799205DFA5689496EB8EE1A22AC2A200B9DBC2DCF27 shares=["65A90023:16.7%", "A353E45E:16.7%", "D315857C:16.7%", "911999B2:16.7%", "633D9D61:16.7%", "735FE217:16.7%"] t=1791486072732
EPOCH_LOCKS epoch=4 continued=0 kinds={"locks=1 kind=Some(Recovery) nc_here=false saved=false": 236, "locks=1 kind=Some(Recovery) nc_here=false saved=true": 9, "locks=1 kind=Some(Recovery) nc_here=true saved=true": 95} t=1791486072733
EPOCH_OMITTED epoch=4 instances=0 retained=340 t=1791486072733
EPOCH_CLOSED epoch=4 round=0 value=D21951315BDCA29F4AA10218C4F846BC0D25B02248C5004E950851C6F43EE8A4 state=B458C872EEF1DDC973E35D6A9D9A2703C8F5FAC1F59DDCC9DA1A9E8F4F081F9C t=1791486072733
EPOCH_COMMITTEE derived_by=4 members=6 accounts=11099 n=6 digest=95D409445152DD075E6A4799205DFA5689496EB8EE1A22AC2A200B9DBC2DCF27 shares=["65A90023:16.7%", "A353E45E:16.7%", "D315857C:16.7%", "911999B2:16.7%", "633D9D61:16.7%", "735FE217:16.7%"] t=1791486072734
EPOCH_LOCKS epoch=4 continued=0 kinds={"locks=1 kind=Some(Recovery) nc_here=false saved=false": 236, "locks=1 kind=Some(Recovery) nc_here=false saved=true": 11, "locks=1 kind=Some(Recovery) nc_here=true saved=true": 93} t=1791486072734
EPOCH_OMITTED epoch=4 instances=0 retained=340 t=1791486072734
EPOCH_CLOSED epoch=4 round=0 value=D21951315BDCA29F4AA10218C4F846BC0D25B02248C5004E950851C6F43EE8A4 state=B458C872EEF1DDC973E35D6A9D9A2703C8F5FAC1F59DDCC9DA1A9E8F4F081F9C t=1791486072734
EPOCH_INSTALL epoch=4 finalized=1562 instances_confirmed=1562 t=1791486072739
EPOCH_LATE_NOTAR epoch=4 blocks=1180 notarized=1180 cast=21026 t=1791486072740
EPOCH_GATE epoch=5 released=244 finalized=0 t=1791486072741
EPOCH_INSTALL epoch=4 finalized=1562 instances_confirmed=1562 t=1791486072743
EPOCH_LATE_NOTAR epoch=4 blocks=1180 notarized=1180 cast=20810 t=1791486072744
EPOCH_GATE epoch=5 released=244 finalized=0 t=1791486072744
EPOCH_COMMITTEE derived_by=4 members=6 accounts=11099 n=6 digest=95D409445152DD075E6A4799205DFA5689496EB8EE1A22AC2A200B9DBC2DCF27 shares=["65A90023:16.7%", "A353E45E:16.7%", "D315857C:16.7%", "911999B2:16.7%", "633D9D61:16.7%", "735FE217:16.7%"] t=1791486072749
EPOCH_LOCKS epoch=4 continued=0 kinds={"locks=1 kind=Some(Recovery) nc_here=false saved=true": 255, "locks=1 kind=Some(Recovery) nc_here=true saved=true": 95} t=1791486072749
EPOCH_OMITTED epoch=4 instances=0 retained=350 t=1791486072749
EPOCH_CLOSED epoch=4 round=0 value=D21951315BDCA29F4AA10218C4F846BC0D25B02248C5004E950851C6F43EE8A4 state=B458C872EEF1DDC973E35D6A9D9A2703C8F5FAC1F59DDCC9DA1A9E8F4F081F9C t=1791486072749
EPOCH_COMMITTEE derived_by=4 members=6 accounts=11099 n=6 digest=95D409445152DD075E6A4799205DFA5689496EB8EE1A22AC2A200B9DBC2DCF27 shares=["65A90023:16.7%", "A353E45E:16.7%", "D315857C:16.7%", "911999B2:16.7%", "633D9D61:16.7%", "735FE217:16.7%"] t=1791486072762
EPOCH_LOCKS epoch=4 continued=0 kinds={"locks=1 kind=Some(Recovery) nc_here=false saved=true": 255, "locks=1 kind=Some(Recovery) nc_here=true saved=true": 95} t=1791486072769
EPOCH_OMITTED epoch=4 instances=0 retained=350 t=1791486072769
EPOCH_CLOSED epoch=4 round=0 value=D21951315BDCA29F4AA10218C4F846BC0D25B02248C5004E950851C6F43EE8A4 state=B458C872EEF1DDC973E35D6A9D9A2703C8F5FAC1F59DDCC9DA1A9E8F4F081F9C t=1791486072769
EPOCH_INSTALLED epoch=4 finalized=1562 cemented=1562 queued=0 missing=0 t=1791486072779
EPOCH_RETAINED epoch=4 retained=350 held=350 missing=0 t=1791486072780
EPOCH_CARRIED epoch=5 instances=236 split=0 t=1791486072812
EPOCH_ADVANCED epoch=6 elections=1265 active=1141 vote_records=369416 t=1791486072812
EPOCH_CARRIED epoch=5 instances=233 split=0 t=1791486072843
EPOCH_ADVANCED epoch=6 elections=1259 active=1133 vote_records=369723 t=1791486072843
EPOCH_CARRIED epoch=5 instances=244 split=0 t=1791486072902
EPOCH_ADVANCED epoch=6 elections=1297 active=1171 vote_records=369677 t=1791486072902
EPOCH_CLOSE_UNREADY epoch=5 short_of=reports usable=0 weight=0 required=5 held=0 theirs=[] t=1791486072910
EPOCH_INSTALLED epoch=4 finalized=1562 cemented=1562 queued=0 missing=0 t=1791486072932
EPOCH_RETAINED epoch=4 retained=350 held=340 missing=10 t=1791486072933
EPOCH_INSTALLED epoch=4 finalized=1562 cemented=1562 queued=0 missing=0 t=1791486072938
EPOCH_RETAINED epoch=4 retained=350 held=337 missing=13 t=1791486072938
EPOCH_CARRIED epoch=5 instances=244 split=0 t=1791486072959
EPOCH_ADVANCED epoch=6 elections=1297 active=1171 vote_records=369685 t=1791486072959
EPOCH_CLOSE_UNREADY epoch=5 short_of=reports usable=0 weight=0 required=5 held=0 theirs=[] t=1791486072976
EPOCH_CLOSE_UNREADY epoch=5 short_of=reports usable=0 weight=0 required=5 held=0 theirs=[] t=1791486073036
EPOCH_INSTALLED epoch=4 finalized=1562 cemented=1562 queued=0 missing=0 t=1791486073038
EPOCH_RETAINED epoch=4 retained=350 held=350 missing=0 t=1791486073038
EPOCH_EVIDENCE_RELEASED epoch=4 t=1791486073088
EPOCH_INSTALLED epoch=4 finalized=1562 cemented=1562 queued=0 missing=0 t=1791486073091
EPOCH_RETAINED epoch=4 retained=350 held=350 missing=0 t=1791486073092
EPOCH_EVIDENCE_RELEASED epoch=4 t=1791486073117
EPOCH_EVIDENCE_RELEASED epoch=4 t=1791486073117
EPOCH_EVIDENCE_RELEASED epoch=4 t=1791486073118
EPOCH_CLOSE_UNREADY epoch=5 short_of=reports usable=0 weight=0 required=5 held=0 theirs=[] t=1791486073126
EPOCH_FOLLOW cemented=28 cementing=0 requested=0 pending=10 t=1791486073241
EPOCH_VALIDATE_TIMING epoch=4 evidence_ms=214 build_ms=503 t=1791486073306
EPOCH_EVIDENCE_RELEASED epoch=4 t=1791486073336
EPOCH_REPORT epoch=5 certified=45065 residual=0 root=EADB40AB001809FF260C15F988E0CB9AB715C27551BF3DADEA72ED85661128E9 reports=1 t=1791486073409
EPOCH_REPORT epoch=5 certified=45065 residual=244 root=53E7218C0CEB4210094F6F02C8C363C8D7DD2FF463B7646046CC358E63EECC23 reports=1 t=1791486073419
EPOCH_REPORT epoch=5 certified=45065 residual=0 root=0E6799DCDF132F5FAEE3CBFDD9CC8A9B70D1487F39B2050A6A43672E315DA99B reports=1 t=1791486073422
EPOCH_CARRIED epoch=5 instances=244 split=0 t=1791486073437
EPOCH_ADVANCED epoch=6 elections=1297 active=1171 vote_records=371490 t=1791486073437
EPOCH_REPORT epoch=5 certified=45065 residual=244 root=53E7218C0CEB4210094F6F02C8C363C8D7DD2FF463B7646046CC358E63EECC23 reports=1 t=1791486073446
EPOCH_RECONCILED epoch=5 reporter=911999B2AEFA7ACC66EBD802B3301FF6CE431405107749D940277955CB7FDD07 complete=false entries=0 total=45065 symbols=0 dropped=false t=1791486073514
EPOCH_RECONCILED epoch=5 reporter=911999B2AEFA7ACC66EBD802B3301FF6CE431405107749D940277955CB7FDD07 complete=false entries=0 total=45065 symbols=0 dropped=false t=1791486073541
EPOCH_RECONCILED epoch=5 reporter=65A90023F6C0D2181AAA63F005D81BBC0C04650505E21D5123F9AE1F9E992BFF complete=true entries=8 total=45065 symbols=16 dropped=false t=1791486073547
EPOCH_RECONCILED epoch=5 reporter=911999B2AEFA7ACC66EBD802B3301FF6CE431405107749D940277955CB7FDD07 complete=true entries=244 total=244 symbols=0 dropped=false t=1791486073557
EPOCH_RECONCILED epoch=5 reporter=65A90023F6C0D2181AAA63F005D81BBC0C04650505E21D5123F9AE1F9E992BFF complete=true entries=4 total=45065 symbols=16 dropped=false t=1791486073564
EPOCH_RECONCILED epoch=5 reporter=911999B2AEFA7ACC66EBD802B3301FF6CE431405107749D940277955CB7FDD07 complete=false entries=4 total=45065 symbols=16 dropped=false t=1791486073568
EPOCH_RECONCILED epoch=5 reporter=911999B2AEFA7ACC66EBD802B3301FF6CE431405107749D940277955CB7FDD07 complete=true entries=244 total=244 symbols=0 dropped=false t=1791486073578
EPOCH_RECONCILED epoch=5 reporter=D315857CE70C54DE713F6E82E5613BB3A1266C15E28AD2F4338C7BBEC456F532 complete=false entries=0 total=45065 symbols=0 dropped=false t=1791486073598
EPOCH_RECONCILED epoch=5 reporter=D315857CE70C54DE713F6E82E5613BB3A1266C15E28AD2F4338C7BBEC456F532 complete=true entries=244 total=244 symbols=0 dropped=false t=1791486073598
EPOCH_RECONCILED epoch=5 reporter=65A90023F6C0D2181AAA63F005D81BBC0C04650505E21D5123F9AE1F9E992BFF complete=true entries=4 total=45065 symbols=16 dropped=false t=1791486073604
EPOCH_RECONCILED epoch=5 reporter=A353E45E6D0016CAEED0DFA4EC5B0640E2AA22A793F9F2375E77F1AB92977C04 complete=true entries=4 total=45065 symbols=16 dropped=false t=1791486073635
EPOCH_RECONCILED epoch=5 reporter=65A90023F6C0D2181AAA63F005D81BBC0C04650505E21D5123F9AE1F9E992BFF complete=true entries=4 total=45065 symbols=16 dropped=false t=1791486073641
EPOCH_RECONCILED epoch=5 reporter=A353E45E6D0016CAEED0DFA4EC5B0640E2AA22A793F9F2375E77F1AB92977C04 complete=true entries=4 total=45065 symbols=16 dropped=false t=1791486073662
EPOCH_CLOSE_UNREADY epoch=5 short_of=reports usable=2 weight=2 required=5 held=4 theirs=["911999B2:53E7218C:7027894F", "A353E45E:0E6799DC:D7A011D4", "D315857C:53E7218C:7027894F", "65A90023:EADB40AB:D7A011D4"] t=1791486073662
EPOCH_RECONCILED epoch=5 reporter=911999B2AEFA7ACC66EBD802B3301FF6CE431405107749D940277955CB7FDD07 complete=true entries=244 total=244 symbols=0 dropped=false t=1791486073765
EPOCH_RECONCILED epoch=5 reporter=D315857CE70C54DE713F6E82E5613BB3A1266C15E28AD2F4338C7BBEC456F532 complete=false entries=0 total=45065 symbols=0 dropped=false t=1791486073767
EPOCH_RECONCILED epoch=5 reporter=D315857CE70C54DE713F6E82E5613BB3A1266C15E28AD2F4338C7BBEC456F532 complete=true entries=244 total=244 symbols=0 dropped=false t=1791486073768
EPOCH_REPORT epoch=5 certified=45065 residual=244 root=53E7218C0CEB4210094F6F02C8C363C8D7DD2FF463B7646046CC358E63EECC23 reports=1 t=1791486073815
EPOCH_RECONCILED epoch=5 reporter=D315857CE70C54DE713F6E82E5613BB3A1266C15E28AD2F4338C7BBEC456F532 complete=false entries=0 total=45065 symbols=0 dropped=false t=1791486073832
EPOCH_RECONCILED epoch=5 reporter=D315857CE70C54DE713F6E82E5613BB3A1266C15E28AD2F4338C7BBEC456F532 complete=true entries=244 total=244 symbols=0 dropped=false t=1791486073833
EPOCH_CLOSE_READY epoch=5 t=1791486073839
EPOCH_RECONCILED epoch=5 reporter=911999B2AEFA7ACC66EBD802B3301FF6CE431405107749D940277955CB7FDD07 complete=false entries=4 total=45065 symbols=16 dropped=false t=1791486073850
EPOCH_RECONCILED epoch=5 reporter=D315857CE70C54DE713F6E82E5613BB3A1266C15E28AD2F4338C7BBEC456F532 complete=false entries=4 total=45065 symbols=16 dropped=false t=1791486073850
EPOCH_RECONCILED epoch=5 reporter=A353E45E6D0016CAEED0DFA4EC5B0640E2AA22A793F9F2375E77F1AB92977C04 complete=true entries=4 total=45065 symbols=16 dropped=false t=1791486073862
EPOCH_RECONCILED epoch=5 reporter=A353E45E6D0016CAEED0DFA4EC5B0640E2AA22A793F9F2375E77F1AB92977C04 complete=true entries=8 total=45065 symbols=16 dropped=false t=1791486073871
EPOCH_CLOSE_ROUND epoch=5 round=0 leader=D315857CE70C54DE713F6E82E5613BB3A1266C15E28AD2F4338C7BBEC456F532 leads=false t=1791486073966
EPOCH_FOLLOW cemented=7 cementing=0 requested=0 pending=6 t=1791486074026
EPOCH_RECONCILED epoch=5 reporter=911999B2AEFA7ACC66EBD802B3301FF6CE431405107749D940277955CB7FDD07 complete=true entries=244 total=244 symbols=0 dropped=false t=1791486074032
EPOCH_RECONCILED epoch=5 reporter=633D9D614858AB1710D5D8C3180E2A082DC97208BA8C26BA6C6D1A86C8E31CC0 complete=false entries=0 total=45065 symbols=0 dropped=false t=1791486074035
EPOCH_RECONCILED epoch=5 reporter=633D9D614858AB1710D5D8C3180E2A082DC97208BA8C26BA6C6D1A86C8E31CC0 complete=true entries=244 total=244 symbols=0 dropped=false t=1791486074036
EPOCH_RECONCILED epoch=5 reporter=633D9D614858AB1710D5D8C3180E2A082DC97208BA8C26BA6C6D1A86C8E31CC0 complete=false entries=0 total=45065 symbols=0 dropped=false t=1791486074037
EPOCH_RECONCILED epoch=5 reporter=633D9D614858AB1710D5D8C3180E2A082DC97208BA8C26BA6C6D1A86C8E31CC0 complete=true entries=244 total=244 symbols=0 dropped=false t=1791486074038
EPOCH_RECONCILED epoch=5 reporter=D315857CE70C54DE713F6E82E5613BB3A1266C15E28AD2F4338C7BBEC456F532 complete=true entries=244 total=244 symbols=0 dropped=false t=1791486074039
EPOCH_CLOSE_READY epoch=5 t=1791486074057
EPOCH_RECONCILED epoch=5 reporter=633D9D614858AB1710D5D8C3180E2A082DC97208BA8C26BA6C6D1A86C8E31CC0 complete=false entries=0 total=45065 symbols=0 dropped=false t=1791486074068
EPOCH_RECONCILED epoch=5 reporter=633D9D614858AB1710D5D8C3180E2A082DC97208BA8C26BA6C6D1A86C8E31CC0 complete=true entries=244 total=244 symbols=0 dropped=false t=1791486074068
EPOCH_CLOSE_READY epoch=5 t=1791486074088
EPOCH_CLOSE_READY epoch=5 t=1791486074090
EPOCH_RECONCILED epoch=5 reporter=633D9D614858AB1710D5D8C3180E2A082DC97208BA8C26BA6C6D1A86C8E31CC0 complete=false entries=0 total=45065 symbols=0 dropped=false t=1791486074097
EPOCH_RECONCILED epoch=5 reporter=633D9D614858AB1710D5D8C3180E2A082DC97208BA8C26BA6C6D1A86C8E31CC0 complete=true entries=244 total=244 symbols=0 dropped=false t=1791486074098
EPOCH_CLOSE_READY epoch=5 t=1791486074110
EPOCH_CLOSE_ROUND epoch=5 round=0 leader=D315857CE70C54DE713F6E82E5613BB3A1266C15E28AD2F4338C7BBEC456F532 leads=false t=1791486074274
EPOCH_CLOSE_ROUND epoch=5 round=0 leader=D315857CE70C54DE713F6E82E5613BB3A1266C15E28AD2F4338C7BBEC456F532 leads=false t=1791486074276
EPOCH_DERIVE_TIMING epoch=5 claims=668 claim_ms=37 manifest_ms=0 build_ms=97 t=1791486074279
EPOCH_PROPOSED epoch=5 round=0 value=B0BE11136BEC339FC03804E1B085862518F09C0BCBED8973DCB38A798A29E4C6 state=6EEFC367E692D75D289D1AFD225A234E60B17E5F0A3BCE2818BC363BEBB0817F reports=5 t=1791486074281
EPOCH_VALUE epoch=5 value=B0BE11136BEC339FC03804E1B085862518F09C0BCBED8973DCB38A798A29E4C6 state=6EEFC367E692D75D289D1AFD225A234E60B17E5F0A3BCE2818BC363BEBB0817F t=1791486074281
EPOCH_FOLLOW cemented=5 cementing=0 requested=0 pending=5 t=1791486074301
EPOCH_CLOSE_ROUND epoch=5 round=0 leader=D315857CE70C54DE713F6E82E5613BB3A1266C15E28AD2F4338C7BBEC456F532 leads=false t=1791486074301
EPOCH_CLOSE_ROUND epoch=5 round=0 leader=D315857CE70C54DE713F6E82E5613BB3A1266C15E28AD2F4338C7BBEC456F532 leads=true t=1791486074358
EPOCH_VALIDATE_TIMING epoch=5 evidence_ms=88 build_ms=174 t=1791486074552
EPOCH_VALUE epoch=5 value=B0BE11136BEC339FC03804E1B085862518F09C0BCBED8973DCB38A798A29E4C6 state=6EEFC367E692D75D289D1AFD225A234E60B17E5F0A3BCE2818BC363BEBB0817F t=1791486074553
EPOCH_VALIDATE_TIMING epoch=5 evidence_ms=88 build_ms=171 t=1791486074553
EPOCH_VALUE epoch=5 value=B0BE11136BEC339FC03804E1B085862518F09C0BCBED8973DCB38A798A29E4C6 state=6EEFC367E692D75D289D1AFD225A234E60B17E5F0A3BCE2818BC363BEBB0817F t=1791486074554
EPOCH_VALIDATE_TIMING epoch=5 evidence_ms=90 build_ms=176 t=1791486074560
EPOCH_VALIDATE_TIMING epoch=5 evidence_ms=96 build_ms=173 t=1791486074561
EPOCH_VALUE epoch=5 value=B0BE11136BEC339FC03804E1B085862518F09C0BCBED8973DCB38A798A29E4C6 state=6EEFC367E692D75D289D1AFD225A234E60B17E5F0A3BCE2818BC363BEBB0817F t=1791486074562
EPOCH_VALUE epoch=5 value=B0BE11136BEC339FC03804E1B085862518F09C0BCBED8973DCB38A798A29E4C6 state=6EEFC367E692D75D289D1AFD225A234E60B17E5F0A3BCE2818BC363BEBB0817F t=1791486074562
EPOCH_CLOSE_ROUND epoch=5 round=1 leader=633D9D614858AB1710D5D8C3180E2A082DC97208BA8C26BA6C6D1A86C8E31CC0 leads=false t=1791486074662
EPOCH_INSTALL epoch=5 finalized=106 instances_confirmed=106 t=1791486074712
EPOCH_LATE_NOTAR epoch=5 blocks=240 notarized=240 cast=20810 t=1791486074712
EPOCH_GATE epoch=6 released=4 finalized=0 t=1791486074712
EPOCH_INSTALL epoch=5 finalized=106 instances_confirmed=106 t=1791486074716
EPOCH_INSTALL epoch=5 finalized=106 instances_confirmed=106 t=1791486074717
EPOCH_LATE_NOTAR epoch=5 blocks=240 notarized=240 cast=21822 t=1791486074717
EPOCH_LATE_NOTAR epoch=5 blocks=240 notarized=240 cast=21026 t=1791486074717
EPOCH_GATE epoch=6 released=4 finalized=0 t=1791486074717
EPOCH_COMMITTEE derived_by=5 members=6 accounts=11105 n=6 digest=95D409445152DD075E6A4799205DFA5689496EB8EE1A22AC2A200B9DBC2DCF27 shares=["65A90023:16.7%", "A353E45E:16.7%", "D315857C:16.7%", "911999B2:16.7%", "633D9D61:16.7%", "735FE217:16.7%"] t=1791486074719
EPOCH_INSTALL epoch=5 finalized=106 instances_confirmed=106 t=1791486074719
EPOCH_LATE_NOTAR epoch=5 blocks=240 notarized=240 cast=23725 t=1791486074719
EPOCH_LOCKS epoch=5 continued=0 kinds={"locks=1 kind=Some(Recovery) nc_here=false saved=true": 244} t=1791486074720
EPOCH_OMITTED epoch=5 instances=0 retained=244 t=1791486074720
EPOCH_CLOSED epoch=5 round=0 value=B0BE11136BEC339FC03804E1B085862518F09C0BCBED8973DCB38A798A29E4C6 state=6EEFC367E692D75D289D1AFD225A234E60B17E5F0A3BCE2818BC363BEBB0817F t=1791486074720
EPOCH_INSTALL epoch=5 finalized=106 instances_confirmed=106 t=1791486074725
EPOCH_COMMITTEE derived_by=5 members=6 accounts=11105 n=6 digest=95D409445152DD075E6A4799205DFA5689496EB8EE1A22AC2A200B9DBC2DCF27 shares=["65A90023:16.7%", "A353E45E:16.7%", "D315857C:16.7%", "911999B2:16.7%", "633D9D61:16.7%", "735FE217:16.7%"] t=1791486074725
EPOCH_LATE_NOTAR epoch=5 blocks=240 notarized=240 cast=20821 t=1791486074725
EPOCH_COMMITTEE derived_by=5 members=6 accounts=11105 n=6 digest=95D409445152DD075E6A4799205DFA5689496EB8EE1A22AC2A200B9DBC2DCF27 shares=["65A90023:16.7%", "A353E45E:16.7%", "D315857C:16.7%", "911999B2:16.7%", "633D9D61:16.7%", "735FE217:16.7%"] t=1791486074726
EPOCH_GATE epoch=6 released=4 finalized=0 t=1791486074726
EPOCH_LOCKS epoch=5 continued=0 kinds={"locks=1 kind=Some(Recovery) nc_here=false saved=true": 244} t=1791486074726
EPOCH_OMITTED epoch=5 instances=0 retained=244 t=1791486074726
EPOCH_CLOSED epoch=5 round=0 value=B0BE11136BEC339FC03804E1B085862518F09C0BCBED8973DCB38A798A29E4C6 state=6EEFC367E692D75D289D1AFD225A234E60B17E5F0A3BCE2818BC363BEBB0817F t=1791486074726
EPOCH_COMMITTEE derived_by=5 members=6 accounts=11105 n=6 digest=95D409445152DD075E6A4799205DFA5689496EB8EE1A22AC2A200B9DBC2DCF27 shares=["65A90023:16.7%", "A353E45E:16.7%", "D315857C:16.7%", "911999B2:16.7%", "633D9D61:16.7%", "735FE217:16.7%"] t=1791486074726
EPOCH_LOCKS epoch=5 continued=0 kinds={"locks=1 kind=Some(Recovery) nc_here=false saved=true": 240} t=1791486074726
EPOCH_OMITTED epoch=5 instances=0 retained=240 t=1791486074727
EPOCH_CLOSED epoch=5 round=0 value=B0BE11136BEC339FC03804E1B085862518F09C0BCBED8973DCB38A798A29E4C6 state=6EEFC367E692D75D289D1AFD225A234E60B17E5F0A3BCE2818BC363BEBB0817F t=1791486074727
EPOCH_LOCKS epoch=5 continued=0 kinds={"locks=1 kind=Some(Recovery) nc_here=false saved=true": 240} t=1791486074727
EPOCH_OMITTED epoch=5 instances=0 retained=240 t=1791486074727
EPOCH_CLOSED epoch=5 round=0 value=B0BE11136BEC339FC03804E1B085862518F09C0BCBED8973DCB38A798A29E4C6 state=6EEFC367E692D75D289D1AFD225A234E60B17E5F0A3BCE2818BC363BEBB0817F t=1791486074727
EPOCH_COMMITTEE derived_by=5 members=6 accounts=11105 n=6 digest=95D409445152DD075E6A4799205DFA5689496EB8EE1A22AC2A200B9DBC2DCF27 shares=["65A90023:16.7%", "A353E45E:16.7%", "D315857C:16.7%", "911999B2:16.7%", "633D9D61:16.7%", "735FE217:16.7%"] t=1791486074732
EPOCH_LOCKS epoch=5 continued=0 kinds={"locks=1 kind=Some(Recovery) nc_here=false saved=true": 244} t=1791486074732
EPOCH_OMITTED epoch=5 instances=0 retained=244 t=1791486074732
EPOCH_CLOSED epoch=5 round=0 value=B0BE11136BEC339FC03804E1B085862518F09C0BCBED8973DCB38A798A29E4C6 state=6EEFC367E692D75D289D1AFD225A234E60B17E5F0A3BCE2818BC363BEBB0817F t=1791486074732
EPOCH_INSTALLED epoch=5 finalized=106 cemented=106 queued=0 missing=0 t=1791486074743
EPOCH_RETAINED epoch=5 retained=244 held=244 missing=0 t=1791486074744
EPOCH_INSTALLED epoch=5 finalized=106 cemented=106 queued=0 missing=0 t=1791486074745
EPOCH_RETAINED epoch=5 retained=244 held=240 missing=4 t=1791486074745
EPOCH_INSTALLED epoch=5 finalized=106 cemented=106 queued=0 missing=0 t=1791486074747
EPOCH_RETAINED epoch=5 retained=244 held=244 missing=0 t=1791486074748
EPOCH_INSTALLED epoch=5 finalized=106 cemented=106 queued=0 missing=0 t=1791486074751
EPOCH_RETAINED epoch=5 retained=244 held=240 missing=4 t=1791486074751
EPOCH_INSTALLED epoch=5 finalized=106 cemented=106 queued=0 missing=0 t=1791486074787
EPOCH_RETAINED epoch=5 retained=244 held=244 missing=0 t=1791486074787
EPOCH_EVIDENCE_RELEASED epoch=5 t=1791486074809
EPOCH_EVIDENCE_RELEASED epoch=5 t=1791486074810
EPOCH_EVIDENCE_RELEASED epoch=5 t=1791486074815
EPOCH_EVIDENCE_RELEASED epoch=5 t=1791486074822
EPOCH_EVIDENCE_RELEASED epoch=5 t=1791486074823
EPOCH_FOLLOW cemented=4 cementing=0 requested=0 pending=2 t=1791486075085
EPOCH_FOLLOW cemented=3 cementing=0 requested=0 pending=2 t=1791486075370
