2026-10-08T10:14:23.489611Z  INFO nanospam::setup::account_map_factory: Creating account keys file with 45000 keys: "/var/folders/1y/px089b2s6f9d893xp1p4c7wh0000gn/T/rai-gate-b-2wdm4ugu/account_keys.txt"
2026-10-08T10:14:24.231158Z  INFO nanospam::setup::node_config_factory: ********************************************************************************
2026-10-08T10:14:24.231185Z  INFO nanospam::setup::node_config_factory: Setting up node PR0...
2026-10-08T10:14:24.231195Z  INFO nanospam::setup::node_config_factory: Creating directory "/var/folders/1y/px089b2s6f9d893xp1p4c7wh0000gn/T/rai-gate-b-2wdm4ugu/pr0"
2026-10-08T10:14:24.231272Z  INFO nanospam::setup::node_config_factory: Creating node config file: "/var/folders/1y/px089b2s6f9d893xp1p4c7wh0000gn/T/rai-gate-b-2wdm4ugu/pr0/config-node.toml"
2026-10-08T10:14:24.231389Z  INFO nanospam::setup::node_config_factory: Creating rpc config file: "/var/folders/1y/px089b2s6f9d893xp1p4c7wh0000gn/T/rai-gate-b-2wdm4ugu/pr0/config-rpc.toml"
2026-10-08T10:14:24.231460Z  INFO nanospam::setup::node_config_factory: ********************************************************************************
2026-10-08T10:14:24.231465Z  INFO nanospam::setup::node_config_factory: Setting up node PR1...
2026-10-08T10:14:24.231468Z  INFO nanospam::setup::node_config_factory: Creating directory "/var/folders/1y/px089b2s6f9d893xp1p4c7wh0000gn/T/rai-gate-b-2wdm4ugu/pr1"
2026-10-08T10:14:24.231514Z  INFO nanospam::setup::node_config_factory: Creating node config file: "/var/folders/1y/px089b2s6f9d893xp1p4c7wh0000gn/T/rai-gate-b-2wdm4ugu/pr1/config-node.toml"
2026-10-08T10:14:24.231592Z  INFO nanospam::setup::node_config_factory: Creating rpc config file: "/var/folders/1y/px089b2s6f9d893xp1p4c7wh0000gn/T/rai-gate-b-2wdm4ugu/pr1/config-rpc.toml"
2026-10-08T10:14:24.231666Z  INFO nanospam::setup::node_config_factory: ********************************************************************************
2026-10-08T10:14:24.231670Z  INFO nanospam::setup::node_config_factory: Setting up node PR2...
2026-10-08T10:14:24.231673Z  INFO nanospam::setup::node_config_factory: Creating directory "/var/folders/1y/px089b2s6f9d893xp1p4c7wh0000gn/T/rai-gate-b-2wdm4ugu/pr2"
2026-10-08T10:14:24.231720Z  INFO nanospam::setup::node_config_factory: Creating node config file: "/var/folders/1y/px089b2s6f9d893xp1p4c7wh0000gn/T/rai-gate-b-2wdm4ugu/pr2/config-node.toml"
2026-10-08T10:14:24.231800Z  INFO nanospam::setup::node_config_factory: Creating rpc config file: "/var/folders/1y/px089b2s6f9d893xp1p4c7wh0000gn/T/rai-gate-b-2wdm4ugu/pr2/config-rpc.toml"
2026-10-08T10:14:24.231867Z  INFO nanospam::setup::node_config_factory: ********************************************************************************
2026-10-08T10:14:24.231870Z  INFO nanospam::setup::node_config_factory: Setting up node PR3...
2026-10-08T10:14:24.231873Z  INFO nanospam::setup::node_config_factory: Creating directory "/var/folders/1y/px089b2s6f9d893xp1p4c7wh0000gn/T/rai-gate-b-2wdm4ugu/pr3"
2026-10-08T10:14:24.231913Z  INFO nanospam::setup::node_config_factory: Creating node config file: "/var/folders/1y/px089b2s6f9d893xp1p4c7wh0000gn/T/rai-gate-b-2wdm4ugu/pr3/config-node.toml"
2026-10-08T10:14:24.231985Z  INFO nanospam::setup::node_config_factory: Creating rpc config file: "/var/folders/1y/px089b2s6f9d893xp1p4c7wh0000gn/T/rai-gate-b-2wdm4ugu/pr3/config-rpc.toml"
2026-10-08T10:14:24.232045Z  INFO nanospam::setup::node_config_factory: ********************************************************************************
2026-10-08T10:14:24.232049Z  INFO nanospam::setup::node_config_factory: Setting up node PR4...
2026-10-08T10:14:24.232052Z  INFO nanospam::setup::node_config_factory: Creating directory "/var/folders/1y/px089b2s6f9d893xp1p4c7wh0000gn/T/rai-gate-b-2wdm4ugu/pr4"
2026-10-08T10:14:24.232092Z  INFO nanospam::setup::node_config_factory: Creating node config file: "/var/folders/1y/px089b2s6f9d893xp1p4c7wh0000gn/T/rai-gate-b-2wdm4ugu/pr4/config-node.toml"
2026-10-08T10:14:24.232167Z  INFO nanospam::setup::node_config_factory: Creating rpc config file: "/var/folders/1y/px089b2s6f9d893xp1p4c7wh0000gn/T/rai-gate-b-2wdm4ugu/pr4/config-rpc.toml"
2026-10-08T10:14:24.232238Z  INFO nanospam::setup::node_config_factory: ********************************************************************************
2026-10-08T10:14:24.232241Z  INFO nanospam::setup::node_config_factory: Setting up node PR5...
2026-10-08T10:14:24.232243Z  INFO nanospam::setup::node_config_factory: Creating directory "/var/folders/1y/px089b2s6f9d893xp1p4c7wh0000gn/T/rai-gate-b-2wdm4ugu/pr5"
2026-10-08T10:14:24.232280Z  INFO nanospam::setup::node_config_factory: Creating node config file: "/var/folders/1y/px089b2s6f9d893xp1p4c7wh0000gn/T/rai-gate-b-2wdm4ugu/pr5/config-node.toml"
2026-10-08T10:14:24.232350Z  INFO nanospam::setup::node_config_factory: Creating rpc config file: "/var/folders/1y/px089b2s6f9d893xp1p4c7wh0000gn/T/rai-gate-b-2wdm4ugu/pr5/config-rpc.toml"
2026-10-08T10:14:24.232440Z  INFO nanospam::setup::node_launcher: Starting node: NANO_TEST_GENESIS_BLOCK="{\n    \"type\": \"open\",\n    \"account\": \"nano_3nroioygg54nusrmyun4woimqex36sp3drnctdt5955uqu47fxbkrxk7n7ne\",\n    \"source\": \"D315857CE70C54DE713F6E82E5613BB3A1266C15E28AD2F4338C7BBEC456F532\",\n    \"representative\": \"nano_3nroioygg54nusrmyun4woimqex36sp3drnctdt5955uqu47fxbkrxk7n7ne\",\n    \"signature\": \"3F6792C2DC623DF2E8643777160AB983B66B337E2478E13D2C3448126A8F4CD8DCCD19803C158A057FA44060AE0EFC09B1C311CB4FBF42F8D240610B38F56E08\",\n    \"work\": \"70FEF01F7EC45DEC\"\n    }" NANO_TEST_GENESIS_PRV ="49643F9B10CA1AA34F9AF8ED4AABD29F436104CCC375974B108534A48EAE3FE1" "rsnano" "--network" "test" "--data-path" "/var/folders/1y/px089b2s6f9d893xp1p4c7wh0000gn/T/rai-gate-b-2wdm4ugu/pr0" "node" "run"
2026-10-08T10:14:24.233001Z  INFO nanospam::setup::node_launcher: Waiting for RPC...
2026-10-08T10:14:24.336200Z  INFO nanospam::setup::node_launcher: Starting node: NANO_TEST_GENESIS_BLOCK="{\n    \"type\": \"open\",\n    \"account\": \"nano_3nroioygg54nusrmyun4woimqex36sp3drnctdt5955uqu47fxbkrxk7n7ne\",\n    \"source\": \"D315857CE70C54DE713F6E82E5613BB3A1266C15E28AD2F4338C7BBEC456F532\",\n    \"representative\": \"nano_3nroioygg54nusrmyun4woimqex36sp3drnctdt5955uqu47fxbkrxk7n7ne\",\n    \"signature\": \"3F6792C2DC623DF2E8643777160AB983B66B337E2478E13D2C3448126A8F4CD8DCCD19803C158A057FA44060AE0EFC09B1C311CB4FBF42F8D240610B38F56E08\",\n    \"work\": \"70FEF01F7EC45DEC\"\n    }" NANO_TEST_GENESIS_PRV ="49643F9B10CA1AA34F9AF8ED4AABD29F436104CCC375974B108534A48EAE3FE1" "rsnano" "--network" "test" "--data-path" "/var/folders/1y/px089b2s6f9d893xp1p4c7wh0000gn/T/rai-gate-b-2wdm4ugu/pr1" "node" "run"
2026-10-08T10:14:24.336892Z  INFO nanospam::setup::node_launcher: Waiting for RPC...
2026-10-08T10:14:24.440001Z  INFO nanospam::setup::node_launcher: Starting node: NANO_TEST_GENESIS_BLOCK="{\n    \"type\": \"open\",\n    \"account\": \"nano_3nroioygg54nusrmyun4woimqex36sp3drnctdt5955uqu47fxbkrxk7n7ne\",\n    \"source\": \"D315857CE70C54DE713F6E82E5613BB3A1266C15E28AD2F4338C7BBEC456F532\",\n    \"representative\": \"nano_3nroioygg54nusrmyun4woimqex36sp3drnctdt5955uqu47fxbkrxk7n7ne\",\n    \"signature\": \"3F6792C2DC623DF2E8643777160AB983B66B337E2478E13D2C3448126A8F4CD8DCCD19803C158A057FA44060AE0EFC09B1C311CB4FBF42F8D240610B38F56E08\",\n    \"work\": \"70FEF01F7EC45DEC\"\n    }" NANO_TEST_GENESIS_PRV ="49643F9B10CA1AA34F9AF8ED4AABD29F436104CCC375974B108534A48EAE3FE1" "rsnano" "--network" "test" "--data-path" "/var/folders/1y/px089b2s6f9d893xp1p4c7wh0000gn/T/rai-gate-b-2wdm4ugu/pr2" "node" "run"
2026-10-08T10:14:24.440979Z  INFO nanospam::setup::node_launcher: Waiting for RPC...
2026-10-08T10:14:24.544383Z  INFO nanospam::setup::node_launcher: Starting node: NANO_TEST_GENESIS_BLOCK="{\n    \"type\": \"open\",\n    \"account\": \"nano_3nroioygg54nusrmyun4woimqex36sp3drnctdt5955uqu47fxbkrxk7n7ne\",\n    \"source\": \"D315857CE70C54DE713F6E82E5613BB3A1266C15E28AD2F4338C7BBEC456F532\",\n    \"representative\": \"nano_3nroioygg54nusrmyun4woimqex36sp3drnctdt5955uqu47fxbkrxk7n7ne\",\n    \"signature\": \"3F6792C2DC623DF2E8643777160AB983B66B337E2478E13D2C3448126A8F4CD8DCCD19803C158A057FA44060AE0EFC09B1C311CB4FBF42F8D240610B38F56E08\",\n    \"work\": \"70FEF01F7EC45DEC\"\n    }" NANO_TEST_GENESIS_PRV ="49643F9B10CA1AA34F9AF8ED4AABD29F436104CCC375974B108534A48EAE3FE1" "rsnano" "--network" "test" "--data-path" "/var/folders/1y/px089b2s6f9d893xp1p4c7wh0000gn/T/rai-gate-b-2wdm4ugu/pr3" "node" "run"
2026-10-08T10:14:24.545606Z  INFO nanospam::setup::node_launcher: Waiting for RPC...
2026-10-08T10:14:24.648909Z  INFO nanospam::setup::node_launcher: Starting node: NANO_TEST_GENESIS_BLOCK="{\n    \"type\": \"open\",\n    \"account\": \"nano_3nroioygg54nusrmyun4woimqex36sp3drnctdt5955uqu47fxbkrxk7n7ne\",\n    \"source\": \"D315857CE70C54DE713F6E82E5613BB3A1266C15E28AD2F4338C7BBEC456F532\",\n    \"representative\": \"nano_3nroioygg54nusrmyun4woimqex36sp3drnctdt5955uqu47fxbkrxk7n7ne\",\n    \"signature\": \"3F6792C2DC623DF2E8643777160AB983B66B337E2478E13D2C3448126A8F4CD8DCCD19803C158A057FA44060AE0EFC09B1C311CB4FBF42F8D240610B38F56E08\",\n    \"work\": \"70FEF01F7EC45DEC\"\n    }" NANO_TEST_GENESIS_PRV ="49643F9B10CA1AA34F9AF8ED4AABD29F436104CCC375974B108534A48EAE3FE1" "rsnano" "--network" "test" "--data-path" "/var/folders/1y/px089b2s6f9d893xp1p4c7wh0000gn/T/rai-gate-b-2wdm4ugu/pr4" "node" "run"
2026-10-08T10:14:24.650284Z  INFO nanospam::setup::node_launcher: Waiting for RPC...
2026-10-08T10:14:24.753853Z  INFO nanospam::setup::node_launcher: Starting node: NANO_TEST_GENESIS_BLOCK="{\n    \"type\": \"open\",\n    \"account\": \"nano_3nroioygg54nusrmyun4woimqex36sp3drnctdt5955uqu47fxbkrxk7n7ne\",\n    \"source\": \"D315857CE70C54DE713F6E82E5613BB3A1266C15E28AD2F4338C7BBEC456F532\",\n    \"representative\": \"nano_3nroioygg54nusrmyun4woimqex36sp3drnctdt5955uqu47fxbkrxk7n7ne\",\n    \"signature\": \"3F6792C2DC623DF2E8643777160AB983B66B337E2478E13D2C3448126A8F4CD8DCCD19803C158A057FA44060AE0EFC09B1C311CB4FBF42F8D240610B38F56E08\",\n    \"work\": \"70FEF01F7EC45DEC\"\n    }" NANO_TEST_GENESIS_PRV ="49643F9B10CA1AA34F9AF8ED4AABD29F436104CCC375974B108534A48EAE3FE1" "rsnano" "--network" "test" "--data-path" "/var/folders/1y/px089b2s6f9d893xp1p4c7wh0000gn/T/rai-gate-b-2wdm4ugu/pr5" "node" "run"
2026-10-08T10:14:24.755308Z  INFO nanospam::setup::node_launcher: Waiting for RPC...
2026-10-08T10:14:24.858994Z  INFO nanospam::wallets_factory: Creating wallet...
2026-10-08T10:14:24.921413Z  INFO nanospam::wallets_factory: Setting default representative...
2026-10-08T10:14:24.921694Z  INFO nanospam::wallets_factory: Creating wallet...
2026-10-08T10:14:24.964602Z  INFO nanospam::wallets_factory: Setting default representative...
2026-10-08T10:14:24.964809Z  INFO nanospam::wallets_factory: Sending Ӿ56,547,061 to PR1 wallet nano_3atmwjh8t11psdqf3qx6xjfiei94oajch6zsyauowxzjogbbgz168g5mp8f1 ...
2026-10-08T10:14:24.965176Z  INFO nanospam::wallets_factory: Waiting for confirmation for 70B574FB519B8DEA27D8F4952C2E7B0378B009608D6FC967984D3C83440C9C3D
2026-10-08T10:14:40.157527Z  INFO nanospam::wallets_factory: Receiving...
2026-10-08T10:14:40.159926Z  INFO nanospam::wallets_factory: Waiting for confirmation for 011C6AC2721054F46B03A50885AF48083A4A685154A55D85116DBCE413673F86
2026-10-08T10:14:40.262627Z  INFO nanospam::wallets_factory: DONE
2026-10-08T10:14:40.262802Z  INFO nanospam::wallets_factory: ********************************************************************************
2026-10-08T10:14:40.262830Z  INFO nanospam::wallets_factory: Creating wallet...
2026-10-08T10:14:40.344018Z  INFO nanospam::wallets_factory: Setting default representative...
2026-10-08T10:14:40.344285Z  INFO nanospam::wallets_factory: Sending Ӿ56,547,061 to PR2 wallet nano_36asm8scxymtsjmgqp14per3zxpgaec1c65qb9en1buscq7qzqa93tfyyzs3 ...
2026-10-08T10:14:40.344734Z  INFO nanospam::wallets_factory: Waiting for confirmation for 76B3937072C015B69E45D5458B47CF52A54A38F8ED441B0E21561A3048243E90
2026-10-08T10:14:44.137829Z  INFO nanospam::wallets_factory: Receiving...
2026-10-08T10:14:44.139798Z  INFO nanospam::wallets_factory: Waiting for confirmation for 402DCF4725254BECF5C5CB5F707C169725EE114819D289F8A5477C2FFF19BDC0
2026-10-08T10:14:44.448942Z  INFO nanospam::wallets_factory: DONE
2026-10-08T10:14:44.449150Z  INFO nanospam::wallets_factory: ********************************************************************************
2026-10-08T10:14:44.449172Z  INFO nanospam::wallets_factory: Creating wallet...
2026-10-08T10:14:44.523742Z  INFO nanospam::wallets_factory: Setting default representative...
2026-10-08T10:14:44.524121Z  INFO nanospam::wallets_factory: Sending Ӿ56,547,061 to PR3 wallet nano_1sfb11jzfi8k51fcnrzi1qe3qh1e1jkic3h45oak9yfg5yhbkczzxfwtat7m ...
2026-10-08T10:14:44.524519Z  INFO nanospam::wallets_factory: Waiting for confirmation for FF4589BE1759B38CC94ABA0AE4FE6644845FE957C02EA9CEA669A28C8D1ADE97
2026-10-08T10:14:44.934622Z  INFO nanospam::wallets_factory: Receiving...
2026-10-08T10:14:44.935521Z  INFO nanospam::wallets_factory: Waiting for confirmation for 1210B877FF188F4FF352C0EDE856AA702A1D6763EFA96EA84BB10519898BE6D0
2026-10-08T10:14:45.141178Z  INFO nanospam::wallets_factory: DONE
2026-10-08T10:14:45.141274Z  INFO nanospam::wallets_factory: ********************************************************************************
2026-10-08T10:14:45.141289Z  INFO nanospam::wallets_factory: Creating wallet...
2026-10-08T10:14:45.220623Z  INFO nanospam::wallets_factory: Setting default representative...
2026-10-08T10:14:45.220839Z  INFO nanospam::wallets_factory: Sending Ӿ56,547,061 to PR4 wallet nano_1rsxmoinip7d4wafdp855194n43fs7s1jgne6tx8ruatiu6g89815pddzijp ...
2026-10-08T10:14:45.221218Z  INFO nanospam::wallets_factory: Waiting for confirmation for 23D89F3531AC5EE2378D3606C70B24D2A7B9016B8ADB1A970E6B1D9E7576186D
2026-10-08T10:14:45.529251Z  INFO nanospam::wallets_factory: Receiving...
2026-10-08T10:14:45.531111Z  INFO nanospam::wallets_factory: Waiting for confirmation for 8D401F6072C9B3A9EFBA68DA33CC97FF1D15EEB9F09CE4731C1A7614578C3E56
2026-10-08T10:14:45.840342Z  INFO nanospam::wallets_factory: DONE
2026-10-08T10:14:45.840409Z  INFO nanospam::wallets_factory: ********************************************************************************
2026-10-08T10:14:45.840431Z  INFO nanospam::wallets_factory: Creating wallet...
2026-10-08T10:14:45.921207Z  INFO nanospam::wallets_factory: Setting default representative...
2026-10-08T10:14:45.921597Z  INFO nanospam::wallets_factory: Sending Ӿ56,547,061 to PR5 wallet nano_1wtzwadxk9naxc356m4rienp93ht131w7ypadk39qck8uah3bg3zohsmj9th ...
2026-10-08T10:14:45.922020Z  INFO nanospam::wallets_factory: Waiting for confirmation for A5666BC59C8DD98A7E52D6F61006629E4EDB37063C12A73BFB41D35538B371CA
2026-10-08T10:15:01.120007Z  INFO nanospam::wallets_factory: Receiving...
2026-10-08T10:15:01.122684Z  INFO nanospam::wallets_factory: Waiting for confirmation for 49EEF9EFFD843E7FE6FB8D0DE0A19E8B88DBE91F26F5FDDB0E8862DEF7553864
2026-10-08T10:15:01.227471Z  INFO nanospam::wallets_factory: DONE
2026-10-08T10:15:01.227560Z  INFO nanospam::wallets_factory: ********************************************************************************
2026-10-08T10:15:01.227581Z  INFO nanospam::wallets_factory: Sending initial spam amount...
2026-10-08T10:15:01.228928Z  INFO nanospam::wallets_factory: Waiting for confirmation for E8B0A760E2296E03FCD4195A62F9443E1705FA8F02900DCF053DC93AC38ED5DB
2026-10-08T10:15:01.539114Z  INFO nanospam::wallets_factory: Receiving initial spam amount...
2026-10-08T10:15:01.540557Z  INFO nanospam::wallets_factory: Waiting for confirmation for 0F14842D8ED8BF8119D50B9ED403C98E077E96F1EC13DA4FFE480A182CEC05C4
2026-10-08T10:15:01.747729Z  INFO nanospam::wallets_factory: Seeding Ӿ142,857 to nano_1b39nair1w8w4ych9sab45hyx8z7kh8tk6c7y3mbuew5emog3jhghj8ogk7o for representative D315857CE70C54DE713F6E82E5613BB3A1266C15E28AD2F4338C7BBEC456F532
2026-10-08T10:15:01.748797Z  INFO nanospam::wallets_factory: Waiting for confirmation for 8F1EE8388C211FFE9BAEFAE3D2C3386B15EAEB00A84048F457F71BCF83BF471C
2026-10-08T10:15:01.955449Z  INFO nanospam::wallets_factory: Waiting for confirmation for 66A88FB5BB8C1BB16626125742EAD130112F2CE4F592F91DA7A5D79B9869AEF8
2026-10-08T10:15:02.059234Z  INFO nanospam::wallets_factory: Seeding Ӿ142,857 to nano_1egeneojnhpqsy4h1e66jjx8zdctcf79f8bpeu6u7so8ngmnyaxisz6zmody for representative A353E45E6D0016CAEED0DFA4EC5B0640E2AA22A793F9F2375E77F1AB92977C04
2026-10-08T10:15:02.060302Z  INFO nanospam::wallets_factory: Waiting for confirmation for 3C0670F5E3E635921244B17D66D23D94B3AA71BEC4D8909B978CC04C80BCDA34
2026-10-08T10:15:02.267466Z  INFO nanospam::wallets_factory: Waiting for confirmation for C5D5D891FFBA8A518B660149B350134489F67118E12E577891863DBFA3777702
2026-10-08T10:15:02.473256Z  INFO nanospam::wallets_factory: Seeding Ӿ142,857 to nano_1tk84bwaseyhuor3qruooogtcay1fn85xmuuzkc7zzn1igw5ukj5roct9wpo for representative 911999B2AEFA7ACC66EBD802B3301FF6CE431405107749D940277955CB7FDD07
2026-10-08T10:15:02.474649Z  INFO nanospam::wallets_factory: Waiting for confirmation for 43038C5D8B0D1F00455A632683E8E0BE9023034BA06A8A054034510FDC0410EB
2026-10-08T10:15:02.682469Z  INFO nanospam::wallets_factory: Waiting for confirmation for FE7DB92196E559E20264B36B600C7086BFABBF7445F89667E4652E14C4E8FAC7
2026-10-08T10:15:02.889588Z  INFO nanospam::wallets_factory: Seeding Ӿ142,857 to nano_36rh75qf6qq6xkunern9azmdfxwg6pn7jkc7fxysgejei4cfoncrq6xkncrh for representative 65A90023F6C0D2181AAA63F005D81BBC0C04650505E21D5123F9AE1F9E992BFF
2026-10-08T10:15:02.890996Z  INFO nanospam::wallets_factory: Waiting for confirmation for 4B079CC9A8F688172CF1A05F7C33D36F03279C96E288366432AF71200FE1E7A9
2026-10-08T10:15:03.099090Z  INFO nanospam::wallets_factory: Waiting for confirmation for 5F4C36739B504CDDDA6B1E68A666EF3A50A023655F368205822249423261256E
2026-10-08T10:15:03.305308Z  INFO nanospam::wallets_factory: Seeding Ӿ142,857 to nano_145gounx6cq1bbms367gzgii4ypg47wiqppruty8hs99qpjmwzoiqmsyjq3d for representative 633D9D614858AB1710D5D8C3180E2A082DC97208BA8C26BA6C6D1A86C8E31CC0
2026-10-08T10:15:03.306270Z  INFO nanospam::wallets_factory: Waiting for confirmation for 6450AE965A515CC2AF9EDCE693D5B0EE6C86A85A3E0ED07C5CF6C7693D6FA388
2026-10-08T10:15:03.514732Z  INFO nanospam::wallets_factory: Waiting for confirmation for 841D9A041C1558A969E12CDA3B24E7DCD484E62896441C7D08E8B35DC22E9016
2026-10-08T10:15:03.721503Z  INFO nanospam::wallets_factory: Seeding Ӿ142,857 to nano_3gfn61ejuunijknofn6376c47msmor333m7znw4jw956oo95yfj3uhatw9ga for representative 735FE217D91E88EA82324C5883296385FA0041C2FAC85C827BAA46DA1E14B83F
2026-10-08T10:15:03.722424Z  INFO nanospam::wallets_factory: Waiting for confirmation for B81854CB927FF2E14D06D8BCADB49C951AC0F45A3FABCAE3B40696E4E56CE0F1
2026-10-08T10:15:03.928349Z  INFO nanospam::wallets_factory: Waiting for confirmation for 41E475D6FD69E0D16093CA0EA8D903C63CF862F8C647A23A720A2B0F1F0E80FD
2026-10-08T10:15:04.135160Z  INFO nanospam::high_prio_check: Creating high priority accounts...
2026-10-08T10:15:04.160509Z  INFO nanospam::high_prio_check: Waiting for confirmations...
2026-10-08T10:15:06.510197Z  INFO nanospam::app: Waiting for all PRs to see the full quorum...
2026-10-08T10:15:16.683900Z  INFO nanospam::app: Republished the genesis chain to all PRs
2026-10-08T10:15:21.590393Z  INFO nanospam::app: Republished the genesis chain to all PRs
2026-10-08T10:15:26.699073Z  INFO nanospam::app: Republished the genesis chain to all PRs
2026-10-08T10:15:31.619295Z  INFO nanospam::app: Republished the genesis chain to all PRs
2026-10-08T10:15:36.745835Z  INFO nanospam::app: Republished the genesis chain to all PRs
2026-10-08T10:15:39.392386Z  INFO nanospam::app: All PRs see the full quorum after 32.882976292s
2026-10-08T10:15:39.392499Z  INFO nanospam::app: Waiting for all PRs to hold the same cemented ledger...
2026-10-08T10:15:39.393996Z  INFO nanospam::app: All PRs hold the same ledger of 65 blocks after 1.46975ms
EPOCH_COMMITTEE derived_by=genesis members=6 accounts=33 n=6 digest=95D409445152DD075E6A4799205DFA5689496EB8EE1A22AC2A200B9DBC2DCF27 shares=["A353E45E:16.7%", "65A90023:16.7%", "D315857C:16.7%", "911999B2:16.7%", "633D9D61:16.7%", "735FE217:16.7%"] t=1791454539394
EPOCH_START epoch=0 elections=0 t=1791454539394
EPOCH_COMMITTEE derived_by=genesis members=6 accounts=33 n=6 digest=95D409445152DD075E6A4799205DFA5689496EB8EE1A22AC2A200B9DBC2DCF27 shares=["A353E45E:16.7%", "65A90023:16.7%", "D315857C:16.7%", "911999B2:16.7%", "633D9D61:16.7%", "735FE217:16.7%"] t=1791454539395
EPOCH_START epoch=0 elections=0 t=1791454539395
EPOCH_COMMITTEE derived_by=genesis members=6 accounts=33 n=6 digest=95D409445152DD075E6A4799205DFA5689496EB8EE1A22AC2A200B9DBC2DCF27 shares=["A353E45E:16.7%", "65A90023:16.7%", "D315857C:16.7%", "911999B2:16.7%", "633D9D61:16.7%", "735FE217:16.7%"] t=1791454539395
EPOCH_START epoch=0 elections=0 t=1791454539395
EPOCH_COMMITTEE derived_by=genesis members=6 accounts=33 n=6 digest=95D409445152DD075E6A4799205DFA5689496EB8EE1A22AC2A200B9DBC2DCF27 shares=["A353E45E:16.7%", "65A90023:16.7%", "D315857C:16.7%", "911999B2:16.7%", "633D9D61:16.7%", "735FE217:16.7%"] t=1791454539396
EPOCH_START epoch=0 elections=0 t=1791454539396
EPOCH_COMMITTEE derived_by=genesis members=6 accounts=33 n=6 digest=95D409445152DD075E6A4799205DFA5689496EB8EE1A22AC2A200B9DBC2DCF27 shares=["A353E45E:16.7%", "65A90023:16.7%", "D315857C:16.7%", "911999B2:16.7%", "633D9D61:16.7%", "735FE217:16.7%"] t=1791454539396
EPOCH_START epoch=0 elections=0 t=1791454539396
EPOCH_COMMITTEE derived_by=genesis members=6 accounts=33 n=6 digest=95D409445152DD075E6A4799205DFA5689496EB8EE1A22AC2A200B9DBC2DCF27 shares=["A353E45E:16.7%", "65A90023:16.7%", "D315857C:16.7%", "911999B2:16.7%", "633D9D61:16.7%", "735FE217:16.7%"] t=1791454539397
EPOCH_START epoch=0 elections=0 t=1791454539397
2026-10-08T10:15:39.397421Z  INFO nanospam::app: Started the epochs on every PR
2026-10-08T10:15:39.397437Z  INFO nanospam::app: Connecting to node PR0... peer_addr=[::1]:17075
2026-10-08T10:15:39.397877Z  INFO nanospam::app: Performing handshake...
2026-10-08T10:15:39.398541Z  INFO nanospam::app: Performing handshake...
2026-10-08T10:15:39.409593Z  INFO nanospam::app: Performing handshake...
2026-10-08T10:15:39.420938Z  INFO nanospam::app: Performing handshake...
2026-10-08T10:15:39.431611Z  INFO nanospam::app: Connecting to node PR1... peer_addr=[::1]:17085
2026-10-08T10:15:39.431923Z  INFO nanospam::app: Performing handshake...
2026-10-08T10:15:39.432602Z  INFO nanospam::app: Performing handshake...
2026-10-08T10:15:39.444182Z  INFO nanospam::app: Performing handshake...
2026-10-08T10:15:39.455540Z  INFO nanospam::app: Performing handshake...
2026-10-08T10:15:39.466735Z  INFO nanospam::app: Connecting to node PR2... peer_addr=[::1]:17095
2026-10-08T10:15:39.467217Z  INFO nanospam::app: Performing handshake...
2026-10-08T10:15:39.468132Z  INFO nanospam::app: Performing handshake...
2026-10-08T10:15:39.479147Z  INFO nanospam::app: Performing handshake...
2026-10-08T10:15:39.490436Z  INFO nanospam::app: Performing handshake...
2026-10-08T10:15:39.501476Z  INFO nanospam::app: Connecting to node PR3... peer_addr=[::1]:17105
2026-10-08T10:15:39.501733Z  INFO nanospam::app: Performing handshake...
2026-10-08T10:15:39.502687Z  INFO nanospam::app: Performing handshake...
2026-10-08T10:15:39.514233Z  INFO nanospam::app: Performing handshake...
2026-10-08T10:15:39.525643Z  INFO nanospam::app: Performing handshake...
2026-10-08T10:15:39.537031Z  INFO nanospam::app: Connecting to node PR4... peer_addr=[::1]:17115
2026-10-08T10:15:39.537430Z  INFO nanospam::app: Performing handshake...
2026-10-08T10:15:39.538339Z  INFO nanospam::app: Performing handshake...
2026-10-08T10:15:39.549961Z  INFO nanospam::app: Performing handshake...
2026-10-08T10:15:39.561338Z  INFO nanospam::app: Performing handshake...
2026-10-08T10:15:39.572433Z  INFO nanospam::app: Connecting to node PR5... peer_addr=[::1]:17125
2026-10-08T10:15:39.572695Z  INFO nanospam::app: Performing handshake...
2026-10-08T10:15:39.573615Z  INFO nanospam::app: Performing handshake...
2026-10-08T10:15:39.585620Z  INFO nanospam::app: Performing handshake...
2026-10-08T10:15:39.597068Z  INFO nanospam::app: Performing handshake...
2026-10-08T10:15:39.608116Z  INFO nanospam::app: Connecting to websocket...
2026-10-08T10:15:39.609061Z  INFO nanospam::app: Starting with 2000 BPS
2026-10-08T10:15:40.610531Z  INFO nanospam::app: Confirmed 1,232 blocks | 2,000 bps | 1,283 cps | avg conf time: 88 ms
2026-10-08T10:15:41.611236Z  INFO nanospam::app: Confirmed 4,646 blocks | 2,000 bps | 3,411 cps | avg conf time: 191 ms
2026-10-08T10:15:42.612397Z  INFO nanospam::app: Confirmed 6,653 blocks | 2,000 bps | 2,004 cps | avg conf time: 94 ms
2026-10-08T10:15:43.613173Z  INFO nanospam::app: Confirmed 8,608 blocks | 2,000 bps | 1,953 cps | avg conf time: 96 ms
2026-10-08T10:15:44.614169Z  INFO nanospam::app: Confirmed 10,534 blocks | 2,000 bps | 1,924 cps | avg conf time: 98 ms
2026-10-08T10:15:45.615142Z  INFO nanospam::app: Confirmed 12,496 blocks | 2,000 bps | 1,960 cps | avg conf time: 100 ms
2026-10-08T10:15:46.616245Z  INFO nanospam::app: Confirmed 14,474 blocks | 2,000 bps | 1,975 cps | avg conf time: 95 ms
EPOCH_ENDED epoch=0 elections=231 active=185 t=1791454547397
EPOCH_ENDED epoch=0 elections=231 active=185 t=1791454547398
EPOCH_ENDED epoch=0 elections=232 active=186 t=1791454547398
EPOCH_ENDED epoch=0 elections=232 active=186 t=1791454547398
EPOCH_ENDED epoch=0 elections=232 active=186 t=1791454547398
EPOCH_ENDED epoch=0 elections=231 active=185 t=1791454547398
EPOCH_CARRIED epoch=0 instances=231 split=0 t=1791454547419
EPOCH_ADVANCED epoch=1 elections=462 active=416 vote_records=189059 t=1791454547419
EPOCH_CARRIED epoch=0 instances=232 split=0 t=1791454547420
EPOCH_ADVANCED epoch=1 elections=464 active=418 vote_records=189059 t=1791454547420
EPOCH_CARRIED epoch=0 instances=232 split=0 t=1791454547430
EPOCH_ADVANCED epoch=1 elections=464 active=418 vote_records=189059 t=1791454547430
EPOCH_CARRIED epoch=0 instances=232 split=0 t=1791454547430
EPOCH_ADVANCED epoch=1 elections=464 active=418 vote_records=189062 t=1791454547430
EPOCH_CARRIED epoch=0 instances=231 split=0 t=1791454547436
EPOCH_ADVANCED epoch=1 elections=462 active=416 vote_records=189059 t=1791454547436
EPOCH_CARRIED epoch=0 instances=231 split=0 t=1791454547436
EPOCH_ADVANCED epoch=1 elections=462 active=416 vote_records=189059 t=1791454547436
EPOCH_CLOSE_UNREADY epoch=0 short_of=reports usable=0 weight=0 required=5 held=0 theirs=[] t=1791454547447
EPOCH_REPORT epoch=0 certified=16052 residual=138 root=140907D07DBA238332F8201ED738E64D48EC561DB068F010089A53994D53F917 reports=1 t=1791454547513
EPOCH_REPORT epoch=0 certified=16052 residual=172 root=140907D07DBA238332F8201ED738E64D48EC561DB068F010089A53994D53F917 reports=1 t=1791454547515
EPOCH_REPORT epoch=0 certified=16052 residual=167 root=140907D07DBA238332F8201ED738E64D48EC561DB068F010089A53994D53F917 reports=1 t=1791454547517
EPOCH_RECONCILED epoch=0 reporter=911999B2AEFA7ACC66EBD802B3301FF6CE431405107749D940277955CB7FDD07 complete=false entries=0 total=16052 symbols=0 dropped=false t=1791454547558
EPOCH_CLOSE_UNREADY epoch=0 short_of=reports usable=1 weight=1 required=5 held=0 theirs=[] t=1791454547561
EPOCH_CLOSE_UNREADY epoch=0 short_of=reports usable=1 weight=1 required=5 held=0 theirs=[] t=1791454547561
EPOCH_REPORT epoch=0 certified=16052 residual=162 root=140907D07DBA238332F8201ED738E64D48EC561DB068F010089A53994D53F917 reports=1 t=1791454547563
EPOCH_REPORT epoch=0 certified=16052 residual=162 root=140907D07DBA238332F8201ED738E64D48EC561DB068F010089A53994D53F917 reports=1 t=1791454547563
EPOCH_RECONCILED epoch=0 reporter=911999B2AEFA7ACC66EBD802B3301FF6CE431405107749D940277955CB7FDD07 complete=true entries=172 total=172 symbols=0 dropped=false t=1791454547565
EPOCH_RECONCILED epoch=0 reporter=D315857CE70C54DE713F6E82E5613BB3A1266C15E28AD2F4338C7BBEC456F532 complete=false entries=0 total=16052 symbols=0 dropped=false t=1791454547566
EPOCH_RECONCILED epoch=0 reporter=D315857CE70C54DE713F6E82E5613BB3A1266C15E28AD2F4338C7BBEC456F532 complete=true entries=138 total=138 symbols=0 dropped=false t=1791454547571
EPOCH_REPORT epoch=0 certified=16052 residual=143 root=140907D07DBA238332F8201ED738E64D48EC561DB068F010089A53994D53F917 reports=1 t=1791454547587
EPOCH_CLOSE_UNREADY epoch=0 short_of=reports usable=3 weight=3 required=5 held=5 theirs=["65A90023:140907D0:045E6314", "735FE217:140907D0:94235C30", "911999B2:140907D0:BD77BB39", "A353E45E:140907D0:045E6314", "D315857C:140907D0:E2FB284B"] t=1791454547607
2026-10-08T10:15:47.617245Z  INFO nanospam::app: Confirmed 16,177 blocks | 2,000 bps | 1,701 cps | avg conf time: 113 ms
EPOCH_RECONCILED epoch=0 reporter=A353E45E6D0016CAEED0DFA4EC5B0640E2AA22A793F9F2375E77F1AB92977C04 complete=false entries=0 total=16052 symbols=0 dropped=false t=1791454547643
EPOCH_RECONCILED epoch=0 reporter=A353E45E6D0016CAEED0DFA4EC5B0640E2AA22A793F9F2375E77F1AB92977C04 complete=true entries=162 total=162 symbols=0 dropped=false t=1791454547646
EPOCH_RECONCILED epoch=0 reporter=633D9D614858AB1710D5D8C3180E2A082DC97208BA8C26BA6C6D1A86C8E31CC0 complete=false entries=0 total=16052 symbols=0 dropped=false t=1791454547647
EPOCH_RECONCILED epoch=0 reporter=911999B2AEFA7ACC66EBD802B3301FF6CE431405107749D940277955CB7FDD07 complete=false entries=0 total=16052 symbols=0 dropped=false t=1791454547652
EPOCH_RECONCILED epoch=0 reporter=911999B2AEFA7ACC66EBD802B3301FF6CE431405107749D940277955CB7FDD07 complete=true entries=172 total=172 symbols=0 dropped=false t=1791454547655
EPOCH_RECONCILED epoch=0 reporter=A353E45E6D0016CAEED0DFA4EC5B0640E2AA22A793F9F2375E77F1AB92977C04 complete=false entries=0 total=16052 symbols=0 dropped=false t=1791454547658
EPOCH_RECONCILED epoch=0 reporter=633D9D614858AB1710D5D8C3180E2A082DC97208BA8C26BA6C6D1A86C8E31CC0 complete=true entries=167 total=167 symbols=0 dropped=false t=1791454547668
EPOCH_RECONCILED epoch=0 reporter=A353E45E6D0016CAEED0DFA4EC5B0640E2AA22A793F9F2375E77F1AB92977C04 complete=true entries=162 total=162 symbols=0 dropped=false t=1791454547673
EPOCH_RECONCILED epoch=0 reporter=65A90023F6C0D2181AAA63F005D81BBC0C04650505E21D5123F9AE1F9E992BFF complete=false entries=0 total=16052 symbols=0 dropped=false t=1791454547674
EPOCH_RECONCILED epoch=0 reporter=D315857CE70C54DE713F6E82E5613BB3A1266C15E28AD2F4338C7BBEC456F532 complete=false entries=0 total=16052 symbols=0 dropped=false t=1791454547676
EPOCH_RECONCILED epoch=0 reporter=65A90023F6C0D2181AAA63F005D81BBC0C04650505E21D5123F9AE1F9E992BFF complete=true entries=162 total=162 symbols=0 dropped=false t=1791454547682
EPOCH_RECONCILED epoch=0 reporter=735FE217D91E88EA82324C5883296385FA0041C2FAC85C827BAA46DA1E14B83F complete=false entries=0 total=16052 symbols=0 dropped=false t=1791454547685
EPOCH_RECONCILED epoch=0 reporter=D315857CE70C54DE713F6E82E5613BB3A1266C15E28AD2F4338C7BBEC456F532 complete=true entries=138 total=138 symbols=0 dropped=false t=1791454547690
EPOCH_RECONCILED epoch=0 reporter=65A90023F6C0D2181AAA63F005D81BBC0C04650505E21D5123F9AE1F9E992BFF complete=false entries=0 total=16052 symbols=0 dropped=false t=1791454547692
EPOCH_RECONCILED epoch=0 reporter=735FE217D91E88EA82324C5883296385FA0041C2FAC85C827BAA46DA1E14B83F complete=true entries=143 total=143 symbols=0 dropped=false t=1791454547696
EPOCH_RECONCILED epoch=0 reporter=D315857CE70C54DE713F6E82E5613BB3A1266C15E28AD2F4338C7BBEC456F532 complete=false entries=0 total=16052 symbols=0 dropped=false t=1791454547697
EPOCH_RECONCILED epoch=0 reporter=65A90023F6C0D2181AAA63F005D81BBC0C04650505E21D5123F9AE1F9E992BFF complete=true entries=162 total=162 symbols=0 dropped=false t=1791454547701
EPOCH_RECONCILED epoch=0 reporter=633D9D614858AB1710D5D8C3180E2A082DC97208BA8C26BA6C6D1A86C8E31CC0 complete=false entries=0 total=16052 symbols=0 dropped=false t=1791454547703
EPOCH_RECONCILED epoch=0 reporter=D315857CE70C54DE713F6E82E5613BB3A1266C15E28AD2F4338C7BBEC456F532 complete=true entries=138 total=138 symbols=0 dropped=false t=1791454547705
EPOCH_RECONCILED epoch=0 reporter=633D9D614858AB1710D5D8C3180E2A082DC97208BA8C26BA6C6D1A86C8E31CC0 complete=true entries=167 total=167 symbols=0 dropped=false t=1791454547717
EPOCH_RECONCILED epoch=0 reporter=65A90023F6C0D2181AAA63F005D81BBC0C04650505E21D5123F9AE1F9E992BFF complete=false entries=0 total=16052 symbols=0 dropped=false t=1791454547738
EPOCH_RECONCILED epoch=0 reporter=65A90023F6C0D2181AAA63F005D81BBC0C04650505E21D5123F9AE1F9E992BFF complete=true entries=162 total=162 symbols=0 dropped=false t=1791454547745
EPOCH_RECONCILED epoch=0 reporter=633D9D614858AB1710D5D8C3180E2A082DC97208BA8C26BA6C6D1A86C8E31CC0 complete=false entries=0 total=16052 symbols=0 dropped=false t=1791454547748
EPOCH_RECONCILED epoch=0 reporter=633D9D614858AB1710D5D8C3180E2A082DC97208BA8C26BA6C6D1A86C8E31CC0 complete=true entries=167 total=167 symbols=0 dropped=false t=1791454547756
EPOCH_RECONCILED epoch=0 reporter=A353E45E6D0016CAEED0DFA4EC5B0640E2AA22A793F9F2375E77F1AB92977C04 complete=false entries=0 total=16052 symbols=0 dropped=false t=1791454547761
EPOCH_RECONCILED epoch=0 reporter=911999B2AEFA7ACC66EBD802B3301FF6CE431405107749D940277955CB7FDD07 complete=false entries=0 total=16052 symbols=0 dropped=false t=1791454547761
EPOCH_RECONCILED epoch=0 reporter=A353E45E6D0016CAEED0DFA4EC5B0640E2AA22A793F9F2375E77F1AB92977C04 complete=true entries=162 total=162 symbols=0 dropped=false t=1791454547764
EPOCH_RECONCILED epoch=0 reporter=911999B2AEFA7ACC66EBD802B3301FF6CE431405107749D940277955CB7FDD07 complete=false entries=0 total=16052 symbols=0 dropped=false t=1791454547766
EPOCH_RECONCILED epoch=0 reporter=911999B2AEFA7ACC66EBD802B3301FF6CE431405107749D940277955CB7FDD07 complete=true entries=172 total=172 symbols=0 dropped=false t=1791454547775
EPOCH_RECONCILED epoch=0 reporter=633D9D614858AB1710D5D8C3180E2A082DC97208BA8C26BA6C6D1A86C8E31CC0 complete=false entries=0 total=16052 symbols=0 dropped=false t=1791454547777
EPOCH_RECONCILED epoch=0 reporter=633D9D614858AB1710D5D8C3180E2A082DC97208BA8C26BA6C6D1A86C8E31CC0 complete=true entries=167 total=167 symbols=0 dropped=false t=1791454547786
EPOCH_RECONCILED epoch=0 reporter=D315857CE70C54DE713F6E82E5613BB3A1266C15E28AD2F4338C7BBEC456F532 complete=false entries=0 total=16052 symbols=0 dropped=false t=1791454547789
EPOCH_RECONCILED epoch=0 reporter=911999B2AEFA7ACC66EBD802B3301FF6CE431405107749D940277955CB7FDD07 complete=true entries=172 total=172 symbols=0 dropped=false t=1791454547797
EPOCH_RECONCILED epoch=0 reporter=D315857CE70C54DE713F6E82E5613BB3A1266C15E28AD2F4338C7BBEC456F532 complete=true entries=138 total=138 symbols=0 dropped=false t=1791454547801
EPOCH_RECONCILED epoch=0 reporter=A353E45E6D0016CAEED0DFA4EC5B0640E2AA22A793F9F2375E77F1AB92977C04 complete=false entries=0 total=16052 symbols=0 dropped=false t=1791454547801
EPOCH_RECONCILED epoch=0 reporter=735FE217D91E88EA82324C5883296385FA0041C2FAC85C827BAA46DA1E14B83F complete=false entries=0 total=16052 symbols=0 dropped=false t=1791454547802
EPOCH_RECONCILED epoch=0 reporter=A353E45E6D0016CAEED0DFA4EC5B0640E2AA22A793F9F2375E77F1AB92977C04 complete=true entries=162 total=162 symbols=0 dropped=false t=1791454547805
EPOCH_RECONCILED epoch=0 reporter=735FE217D91E88EA82324C5883296385FA0041C2FAC85C827BAA46DA1E14B83F complete=false entries=0 total=16052 symbols=0 dropped=false t=1791454547806
EPOCH_RECONCILED epoch=0 reporter=735FE217D91E88EA82324C5883296385FA0041C2FAC85C827BAA46DA1E14B83F complete=true entries=143 total=143 symbols=0 dropped=false t=1791454547808
EPOCH_RECONCILED epoch=0 reporter=911999B2AEFA7ACC66EBD802B3301FF6CE431405107749D940277955CB7FDD07 complete=false entries=0 total=16052 symbols=0 dropped=false t=1791454547809
EPOCH_RECONCILED epoch=0 reporter=735FE217D91E88EA82324C5883296385FA0041C2FAC85C827BAA46DA1E14B83F complete=true entries=143 total=143 symbols=0 dropped=false t=1791454547810
EPOCH_RECONCILED epoch=0 reporter=911999B2AEFA7ACC66EBD802B3301FF6CE431405107749D940277955CB7FDD07 complete=true entries=172 total=172 symbols=0 dropped=false t=1791454547812
EPOCH_RECONCILED epoch=0 reporter=735FE217D91E88EA82324C5883296385FA0041C2FAC85C827BAA46DA1E14B83F complete=false entries=0 total=16052 symbols=0 dropped=false t=1791454547813
EPOCH_RECONCILED epoch=0 reporter=735FE217D91E88EA82324C5883296385FA0041C2FAC85C827BAA46DA1E14B83F complete=true entries=143 total=143 symbols=0 dropped=false t=1791454547818
EPOCH_RECONCILED epoch=0 reporter=D315857CE70C54DE713F6E82E5613BB3A1266C15E28AD2F4338C7BBEC456F532 complete=false entries=0 total=16052 symbols=0 dropped=false t=1791454547819
EPOCH_RECONCILED epoch=0 reporter=D315857CE70C54DE713F6E82E5613BB3A1266C15E28AD2F4338C7BBEC456F532 complete=true entries=138 total=138 symbols=0 dropped=false t=1791454547822
EPOCH_RECONCILED epoch=0 reporter=65A90023F6C0D2181AAA63F005D81BBC0C04650505E21D5123F9AE1F9E992BFF complete=false entries=0 total=16052 symbols=0 dropped=false t=1791454547823
EPOCH_RECONCILED epoch=0 reporter=65A90023F6C0D2181AAA63F005D81BBC0C04650505E21D5123F9AE1F9E992BFF complete=true entries=162 total=162 symbols=0 dropped=false t=1791454547826
EPOCH_RECONCILED epoch=0 reporter=633D9D614858AB1710D5D8C3180E2A082DC97208BA8C26BA6C6D1A86C8E31CC0 complete=false entries=0 total=16052 symbols=0 dropped=false t=1791454547827
EPOCH_RECONCILED epoch=0 reporter=633D9D614858AB1710D5D8C3180E2A082DC97208BA8C26BA6C6D1A86C8E31CC0 complete=true entries=167 total=167 symbols=0 dropped=false t=1791454547831
EPOCH_CLOSE_READY epoch=0 t=1791454547842
EPOCH_CLOSE_READY epoch=0 t=1791454547847
EPOCH_RECONCILED epoch=0 reporter=65A90023F6C0D2181AAA63F005D81BBC0C04650505E21D5123F9AE1F9E992BFF complete=false entries=0 total=16052 symbols=0 dropped=false t=1791454547863
EPOCH_RECONCILED epoch=0 reporter=65A90023F6C0D2181AAA63F005D81BBC0C04650505E21D5123F9AE1F9E992BFF complete=true entries=162 total=162 symbols=0 dropped=false t=1791454547867
EPOCH_RECONCILED epoch=0 reporter=735FE217D91E88EA82324C5883296385FA0041C2FAC85C827BAA46DA1E14B83F complete=false entries=0 total=16052 symbols=0 dropped=false t=1791454547868
EPOCH_RECONCILED epoch=0 reporter=735FE217D91E88EA82324C5883296385FA0041C2FAC85C827BAA46DA1E14B83F complete=true entries=143 total=143 symbols=0 dropped=false t=1791454547872
EPOCH_RECONCILED epoch=0 reporter=A353E45E6D0016CAEED0DFA4EC5B0640E2AA22A793F9F2375E77F1AB92977C04 complete=false entries=0 total=16052 symbols=0 dropped=false t=1791454547873
EPOCH_RECONCILED epoch=0 reporter=A353E45E6D0016CAEED0DFA4EC5B0640E2AA22A793F9F2375E77F1AB92977C04 complete=true entries=162 total=162 symbols=0 dropped=false t=1791454547876
EPOCH_CLOSE_READY epoch=0 t=1791454547888
EPOCH_CLOSE_READY epoch=0 t=1791454547891
EPOCH_CLOSE_READY epoch=0 t=1791454547900
EPOCH_CLOSE_READY epoch=0 t=1791454547916
EPOCH_CLOSE_ROUND epoch=0 round=0 leader=633D9D614858AB1710D5D8C3180E2A082DC97208BA8C26BA6C6D1A86C8E31CC0 leads=false t=1791454547935
EPOCH_CLOSE_ROUND epoch=0 round=0 leader=633D9D614858AB1710D5D8C3180E2A082DC97208BA8C26BA6C6D1A86C8E31CC0 leads=false t=1791454547940
EPOCH_CLOSE_ROUND epoch=0 round=0 leader=633D9D614858AB1710D5D8C3180E2A082DC97208BA8C26BA6C6D1A86C8E31CC0 leads=false t=1791454548022
EPOCH_CLOSE_ROUND epoch=0 round=0 leader=633D9D614858AB1710D5D8C3180E2A082DC97208BA8C26BA6C6D1A86C8E31CC0 leads=false t=1791454548048
EPOCH_PROPOSED epoch=0 round=0 value=6D88B18E67503F338425C3A94BBAC81F72F64E9D80EF77A4263EE01F524FC33E state=45E874EF0EADA021D5C7CC88E408E0F685A53ABCCE196BE0640C805F56C6DA00 reports=5 t=1791454548089
EPOCH_VALUE epoch=0 value=6D88B18E67503F338425C3A94BBAC81F72F64E9D80EF77A4263EE01F524FC33E state=45E874EF0EADA021D5C7CC88E408E0F685A53ABCCE196BE0640C805F56C6DA00 t=1791454548089
EPOCH_CLOSE_ROUND epoch=0 round=0 leader=633D9D614858AB1710D5D8C3180E2A082DC97208BA8C26BA6C6D1A86C8E31CC0 leads=false t=1791454548096
EPOCH_CLOSE_ROUND epoch=0 round=0 leader=633D9D614858AB1710D5D8C3180E2A082DC97208BA8C26BA6C6D1A86C8E31CC0 leads=true t=1791454548153
EPOCH_VALUE epoch=0 value=6D88B18E67503F338425C3A94BBAC81F72F64E9D80EF77A4263EE01F524FC33E state=45E874EF0EADA021D5C7CC88E408E0F685A53ABCCE196BE0640C805F56C6DA00 t=1791454548163
EPOCH_VALUE epoch=0 value=6D88B18E67503F338425C3A94BBAC81F72F64E9D80EF77A4263EE01F524FC33E state=45E874EF0EADA021D5C7CC88E408E0F685A53ABCCE196BE0640C805F56C6DA00 t=1791454548165
EPOCH_VALUE epoch=0 value=6D88B18E67503F338425C3A94BBAC81F72F64E9D80EF77A4263EE01F524FC33E state=45E874EF0EADA021D5C7CC88E408E0F685A53ABCCE196BE0640C805F56C6DA00 t=1791454548170
EPOCH_VALUE epoch=0 value=6D88B18E67503F338425C3A94BBAC81F72F64E9D80EF77A4263EE01F524FC33E state=45E874EF0EADA021D5C7CC88E408E0F685A53ABCCE196BE0640C805F56C6DA00 t=1791454548172
EPOCH_VALUE epoch=0 value=6D88B18E67503F338425C3A94BBAC81F72F64E9D80EF77A4263EE01F524FC33E state=45E874EF0EADA021D5C7CC88E408E0F685A53ABCCE196BE0640C805F56C6DA00 t=1791454548174
EPOCH_INSTALL epoch=0 finalized=15987 instances_confirmed=0 t=1791454548478
EPOCH_INSTALL epoch=0 finalized=15987 instances_confirmed=0 t=1791454548478
EPOCH_INSTALL epoch=0 finalized=15987 instances_confirmed=0 t=1791454548478
EPOCH_INSTALL epoch=0 finalized=15987 instances_confirmed=0 t=1791454548479
EPOCH_LATE_NOTAR epoch=0 blocks=1999 notarized=1818 cast=2000 t=1791454548479
EPOCH_LATE_NOTAR epoch=0 blocks=1999 notarized=1818 cast=1969 t=1791454548479
EPOCH_LATE_NOTAR epoch=0 blocks=1999 notarized=1818 cast=2005 t=1791454548479
EPOCH_GATE epoch=1 released=242 finalized=0 t=1791454548479
EPOCH_GATE epoch=1 released=242 finalized=0 t=1791454548479
EPOCH_LATE_NOTAR epoch=0 blocks=1999 notarized=1818 cast=1967 t=1791454548479
EPOCH_GATE epoch=1 released=242 finalized=0 t=1791454548479
EPOCH_GATE epoch=1 released=242 finalized=0 t=1791454548479
EPOCH_INSTALL epoch=0 finalized=15987 instances_confirmed=0 t=1791454548484
EPOCH_INSTALL epoch=0 finalized=15987 instances_confirmed=0 t=1791454548485
EPOCH_LATE_NOTAR epoch=0 blocks=1999 notarized=1818 cast=1994 t=1791454548485
EPOCH_GATE epoch=1 released=242 finalized=0 t=1791454548485
EPOCH_LATE_NOTAR epoch=0 blocks=1999 notarized=1818 cast=1980 t=1791454548485
EPOCH_GATE epoch=1 released=242 finalized=0 t=1791454548486
EPOCH_COMMITTEE derived_by=0 members=6 accounts=7282 n=6 digest=95D409445152DD075E6A4799205DFA5689496EB8EE1A22AC2A200B9DBC2DCF27 shares=["A353E45E:16.7%", "735FE217:16.7%", "D315857C:16.7%", "911999B2:16.7%", "633D9D61:16.7%", "65A90023:16.7%"] t=1791454548502
EPOCH_LOCKS epoch=0 continued=0 kinds={"locks=1 kind=Some(Recovery) nc_here=true saved=true": 19} t=1791454548502
EPOCH_OMITTED epoch=0 instances=24 retained=19 t=1791454548502
EPOCH_CLOSED epoch=0 round=0 value=6D88B18E67503F338425C3A94BBAC81F72F64E9D80EF77A4263EE01F524FC33E state=45E874EF0EADA021D5C7CC88E408E0F685A53ABCCE196BE0640C805F56C6DA00 t=1791454548502
EPOCH_COMMITTEE derived_by=0 members=6 accounts=7282 n=6 digest=95D409445152DD075E6A4799205DFA5689496EB8EE1A22AC2A200B9DBC2DCF27 shares=["A353E45E:16.7%", "735FE217:16.7%", "D315857C:16.7%", "911999B2:16.7%", "633D9D61:16.7%", "65A90023:16.7%"] t=1791454548507
EPOCH_LOCKS epoch=0 continued=0 kinds={"locks=1 kind=Some(Recovery) nc_here=true saved=true": 19} t=1791454548508
EPOCH_OMITTED epoch=0 instances=24 retained=19 t=1791454548508
EPOCH_CLOSED epoch=0 round=0 value=6D88B18E67503F338425C3A94BBAC81F72F64E9D80EF77A4263EE01F524FC33E state=45E874EF0EADA021D5C7CC88E408E0F685A53ABCCE196BE0640C805F56C6DA00 t=1791454548508
EPOCH_COMMITTEE derived_by=0 members=6 accounts=7282 n=6 digest=95D409445152DD075E6A4799205DFA5689496EB8EE1A22AC2A200B9DBC2DCF27 shares=["A353E45E:16.7%", "735FE217:16.7%", "D315857C:16.7%", "911999B2:16.7%", "633D9D61:16.7%", "65A90023:16.7%"] t=1791454548508
EPOCH_LOCKS epoch=0 continued=0 kinds={"locks=1 kind=Some(Recovery) nc_here=true saved=true": 19} t=1791454548508
EPOCH_OMITTED epoch=0 instances=24 retained=19 t=1791454548508
EPOCH_CLOSED epoch=0 round=0 value=6D88B18E67503F338425C3A94BBAC81F72F64E9D80EF77A4263EE01F524FC33E state=45E874EF0EADA021D5C7CC88E408E0F685A53ABCCE196BE0640C805F56C6DA00 t=1791454548508
EPOCH_COMMITTEE derived_by=0 members=6 accounts=7282 n=6 digest=95D409445152DD075E6A4799205DFA5689496EB8EE1A22AC2A200B9DBC2DCF27 shares=["A353E45E:16.7%", "735FE217:16.7%", "D315857C:16.7%", "911999B2:16.7%", "633D9D61:16.7%", "65A90023:16.7%"] t=1791454548513
EPOCH_COMMITTEE derived_by=0 members=6 accounts=7282 n=6 digest=95D409445152DD075E6A4799205DFA5689496EB8EE1A22AC2A200B9DBC2DCF27 shares=["A353E45E:16.7%", "735FE217:16.7%", "D315857C:16.7%", "911999B2:16.7%", "633D9D61:16.7%", "65A90023:16.7%"] t=1791454548513
EPOCH_LOCKS epoch=0 continued=0 kinds={"locks=1 kind=Some(Recovery) nc_here=true saved=true": 19} t=1791454548513
EPOCH_OMITTED epoch=0 instances=24 retained=19 t=1791454548513
EPOCH_CLOSED epoch=0 round=0 value=6D88B18E67503F338425C3A94BBAC81F72F64E9D80EF77A4263EE01F524FC33E state=45E874EF0EADA021D5C7CC88E408E0F685A53ABCCE196BE0640C805F56C6DA00 t=1791454548513
EPOCH_LOCKS epoch=0 continued=0 kinds={"locks=1 kind=Some(Recovery) nc_here=true saved=true": 19} t=1791454548513
EPOCH_OMITTED epoch=0 instances=24 retained=19 t=1791454548513
EPOCH_CLOSED epoch=0 round=0 value=6D88B18E67503F338425C3A94BBAC81F72F64E9D80EF77A4263EE01F524FC33E state=45E874EF0EADA021D5C7CC88E408E0F685A53ABCCE196BE0640C805F56C6DA00 t=1791454548513
EPOCH_COMMITTEE derived_by=0 members=6 accounts=7282 n=6 digest=95D409445152DD075E6A4799205DFA5689496EB8EE1A22AC2A200B9DBC2DCF27 shares=["A353E45E:16.7%", "735FE217:16.7%", "D315857C:16.7%", "911999B2:16.7%", "633D9D61:16.7%", "65A90023:16.7%"] t=1791454548515
EPOCH_LOCKS epoch=0 continued=0 kinds={"locks=1 kind=Some(Recovery) nc_here=true saved=true": 19} t=1791454548515
EPOCH_OMITTED epoch=0 instances=24 retained=19 t=1791454548515
EPOCH_CLOSED epoch=0 round=0 value=6D88B18E67503F338425C3A94BBAC81F72F64E9D80EF77A4263EE01F524FC33E state=45E874EF0EADA021D5C7CC88E408E0F685A53ABCCE196BE0640C805F56C6DA00 t=1791454548515
EPOCH_INSTALLED epoch=0 finalized=15987 cemented=15987 queued=0 missing=0 t=1791454548549
EPOCH_RETAINED epoch=0 retained=162 held=162 missing=0 t=1791454548549
EPOCH_INSTALLED epoch=0 finalized=15987 cemented=15987 queued=0 missing=0 t=1791454548551
EPOCH_INSTALLED epoch=0 finalized=15987 cemented=15987 queued=0 missing=0 t=1791454548555
EPOCH_EVIDENCE_RELEASED epoch=0 t=1791454548558
EPOCH_EVIDENCE_RELEASED epoch=0 t=1791454548561
EPOCH_EVIDENCE_RELEASED epoch=0 t=1791454548562
EPOCH_EVIDENCE_RELEASED epoch=0 t=1791454548563
EPOCH_EVIDENCE_RELEASED epoch=0 t=1791454548572
EPOCH_EVIDENCE_RELEASED epoch=0 t=1791454548575
EPOCH_RETAINED epoch=0 retained=162 held=162 missing=0 t=1791454548576
EPOCH_RETAINED epoch=0 retained=162 held=162 missing=0 t=1791454548578
EPOCH_INSTALLED epoch=0 finalized=15987 cemented=15987 queued=0 missing=0 t=1791454548583
EPOCH_RETAINED epoch=0 retained=162 held=162 missing=0 t=1791454548583
2026-10-08T10:15:48.618090Z  INFO nanospam::app: Confirmed 18,168 blocks | 2,000 bps | 1,989 cps | avg conf time: 129 ms
EPOCH_INSTALLED epoch=0 finalized=15987 cemented=15987 queued=0 missing=0 t=1791454548623
EPOCH_RETAINED epoch=0 retained=162 held=162 missing=0 t=1791454548624
EPOCH_INSTALLED epoch=0 finalized=15987 cemented=15987 queued=0 missing=0 t=1791454548642
EPOCH_RETAINED epoch=0 retained=162 held=162 missing=0 t=1791454548642
2026-10-08T10:15:49.619119Z  INFO nanospam::app: Confirmed 20,227 blocks | 2,000 bps | 2,056 cps | avg conf time: 101 ms
2026-10-08T10:15:50.620045Z  INFO nanospam::app: Confirmed 22,112 blocks | 2,000 bps | 1,883 cps | avg conf time: 97 ms
2026-10-08T10:15:51.620970Z  INFO nanospam::app: Confirmed 24,068 blocks | 2,000 bps | 1,954 cps | avg conf time: 93 ms
2026-10-08T10:15:52.622196Z  INFO nanospam::app: Confirmed 26,067 blocks | 2,000 bps | 1,996 cps | avg conf time: 90 ms
2026-10-08T10:15:53.622918Z  INFO nanospam::app: Confirmed 27,901 blocks | 2,000 bps | 1,832 cps | avg conf time: 89 ms
2026-10-08T10:15:54.624841Z  INFO nanospam::app: Confirmed 29,865 blocks | 2,000 bps | 1,960 cps | avg conf time: 93 ms
EPOCH_ENDED epoch=1 elections=198 active=174 t=1791454555427
EPOCH_ENDED epoch=1 elections=209 active=185 t=1791454555433
EPOCH_ENDED epoch=1 elections=210 active=186 t=1791454555434
EPOCH_ENDED epoch=1 elections=210 active=186 t=1791454555434
EPOCH_ENDED epoch=1 elections=210 active=186 t=1791454555434
EPOCH_ENDED epoch=1 elections=210 active=186 t=1791454555434
EPOCH_CARRIED epoch=1 instances=191 split=0 t=1791454555477
EPOCH_ADVANCED epoch=2 elections=401 active=377 vote_records=375166 t=1791454555477
EPOCH_CARRIED epoch=1 instances=190 split=0 t=1791454555478
EPOCH_ADVANCED epoch=2 elections=399 active=375 vote_records=375166 t=1791454555478
EPOCH_CARRIED epoch=1 instances=191 split=0 t=1791454555479
EPOCH_ADVANCED epoch=2 elections=401 active=377 vote_records=375169 t=1791454555479
EPOCH_CARRIED epoch=1 instances=191 split=0 t=1791454555482
EPOCH_ADVANCED epoch=2 elections=401 active=377 vote_records=375166 t=1791454555482
EPOCH_CARRIED epoch=1 instances=191 split=0 t=1791454555486
EPOCH_ADVANCED epoch=2 elections=401 active=377 vote_records=375166 t=1791454555486
EPOCH_CARRIED epoch=1 instances=179 split=0 t=1791454555488
EPOCH_ADVANCED epoch=2 elections=377 active=353 vote_records=375166 t=1791454555488
EPOCH_CLOSE_UNREADY epoch=1 short_of=reports usable=0 weight=0 required=5 held=0 theirs=[] t=1791454555492
EPOCH_REPORT epoch=1 certified=31519 residual=149 root=5BBD39BC5919D9862DF322B254FB38263E6A870088CB255D4CEBF786F162C4D6 reports=1 t=1791454555560
EPOCH_CLOSE_UNREADY epoch=1 short_of=reports usable=1 weight=1 required=5 held=0 theirs=[] t=1791454555564
EPOCH_REPORT epoch=1 certified=31519 residual=185 root=5BBD39BC5919D9862DF322B254FB38263E6A870088CB255D4CEBF786F162C4D6 reports=1 t=1791454555583
EPOCH_REPORT epoch=1 certified=31519 residual=158 root=5BBD39BC5919D9862DF322B254FB38263E6A870088CB255D4CEBF786F162C4D6 reports=1 t=1791454555586
EPOCH_REPORT epoch=1 certified=31519 residual=155 root=5BBD39BC5919D9862DF322B254FB38263E6A870088CB255D4CEBF786F162C4D6 reports=1 t=1791454555588
EPOCH_REPORT epoch=1 certified=31519 residual=148 root=5BBD39BC5919D9862DF322B254FB38263E6A870088CB255D4CEBF786F162C4D6 reports=1 t=1791454555597
2026-10-08T10:15:55.625921Z  INFO nanospam::app: Confirmed 31,449 blocks | 2,000 bps | 1,582 cps | avg conf time: 96 ms
EPOCH_RECONCILED epoch=1 reporter=A353E45E6D0016CAEED0DFA4EC5B0640E2AA22A793F9F2375E77F1AB92977C04 complete=false entries=0 total=31519 symbols=0 dropped=false t=1791454555673
EPOCH_REPORT epoch=1 certified=31519 residual=174 root=5BBD39BC5919D9862DF322B254FB38263E6A870088CB255D4CEBF786F162C4D6 reports=1 t=1791454555679
EPOCH_RECONCILED epoch=1 reporter=65A90023F6C0D2181AAA63F005D81BBC0C04650505E21D5123F9AE1F9E992BFF complete=false entries=0 total=31519 symbols=0 dropped=false t=1791454555700
EPOCH_RECONCILED epoch=1 reporter=633D9D614858AB1710D5D8C3180E2A082DC97208BA8C26BA6C6D1A86C8E31CC0 complete=false entries=0 total=31519 symbols=0 dropped=false t=1791454555701
EPOCH_RECONCILED epoch=1 reporter=65A90023F6C0D2181AAA63F005D81BBC0C04650505E21D5123F9AE1F9E992BFF complete=true entries=185 total=185 symbols=0 dropped=false t=1791454555704
EPOCH_RECONCILED epoch=1 reporter=633D9D614858AB1710D5D8C3180E2A082DC97208BA8C26BA6C6D1A86C8E31CC0 complete=true entries=148 total=148 symbols=0 dropped=false t=1791454555705
EPOCH_RECONCILED epoch=1 reporter=911999B2AEFA7ACC66EBD802B3301FF6CE431405107749D940277955CB7FDD07 complete=false entries=0 total=31519 symbols=0 dropped=false t=1791454555706
EPOCH_RECONCILED epoch=1 reporter=735FE217D91E88EA82324C5883296385FA0041C2FAC85C827BAA46DA1E14B83F complete=false entries=0 total=31519 symbols=0 dropped=false t=1791454555706
EPOCH_RECONCILED epoch=1 reporter=911999B2AEFA7ACC66EBD802B3301FF6CE431405107749D940277955CB7FDD07 complete=true entries=149 total=149 symbols=0 dropped=false t=1791454555710
EPOCH_RECONCILED epoch=1 reporter=735FE217D91E88EA82324C5883296385FA0041C2FAC85C827BAA46DA1E14B83F complete=true entries=158 total=158 symbols=0 dropped=false t=1791454555710
EPOCH_RECONCILED epoch=1 reporter=633D9D614858AB1710D5D8C3180E2A082DC97208BA8C26BA6C6D1A86C8E31CC0 complete=false entries=0 total=31519 symbols=0 dropped=false t=1791454555711
EPOCH_RECONCILED epoch=1 reporter=65A90023F6C0D2181AAA63F005D81BBC0C04650505E21D5123F9AE1F9E992BFF complete=false entries=0 total=31519 symbols=0 dropped=false t=1791454555712
EPOCH_RECONCILED epoch=1 reporter=65A90023F6C0D2181AAA63F005D81BBC0C04650505E21D5123F9AE1F9E992BFF complete=true entries=185 total=185 symbols=0 dropped=false t=1791454555716
EPOCH_RECONCILED epoch=1 reporter=911999B2AEFA7ACC66EBD802B3301FF6CE431405107749D940277955CB7FDD07 complete=false entries=0 total=31519 symbols=0 dropped=false t=1791454555763
EPOCH_RECONCILED epoch=1 reporter=A353E45E6D0016CAEED0DFA4EC5B0640E2AA22A793F9F2375E77F1AB92977C04 complete=true entries=155 total=155 symbols=0 dropped=false t=1791454555804
EPOCH_RECONCILED epoch=1 reporter=911999B2AEFA7ACC66EBD802B3301FF6CE431405107749D940277955CB7FDD07 complete=true entries=149 total=149 symbols=0 dropped=false t=1791454555810
EPOCH_RECONCILED epoch=1 reporter=735FE217D91E88EA82324C5883296385FA0041C2FAC85C827BAA46DA1E14B83F complete=false entries=0 total=31519 symbols=0 dropped=false t=1791454555813
EPOCH_RECONCILED epoch=1 reporter=735FE217D91E88EA82324C5883296385FA0041C2FAC85C827BAA46DA1E14B83F complete=true entries=158 total=158 symbols=0 dropped=false t=1791454555826
EPOCH_RECONCILED epoch=1 reporter=911999B2AEFA7ACC66EBD802B3301FF6CE431405107749D940277955CB7FDD07 complete=false entries=0 total=31519 symbols=0 dropped=false t=1791454555832
EPOCH_RECONCILED epoch=1 reporter=911999B2AEFA7ACC66EBD802B3301FF6CE431405107749D940277955CB7FDD07 complete=true entries=149 total=149 symbols=0 dropped=false t=1791454555845
EPOCH_RECONCILED epoch=1 reporter=633D9D614858AB1710D5D8C3180E2A082DC97208BA8C26BA6C6D1A86C8E31CC0 complete=false entries=0 total=31519 symbols=0 dropped=false t=1791454555848
EPOCH_RECONCILED epoch=1 reporter=911999B2AEFA7ACC66EBD802B3301FF6CE431405107749D940277955CB7FDD07 complete=false entries=0 total=31519 symbols=0 dropped=false t=1791454555856
EPOCH_RECONCILED epoch=1 reporter=911999B2AEFA7ACC66EBD802B3301FF6CE431405107749D940277955CB7FDD07 complete=true entries=149 total=149 symbols=0 dropped=false t=1791454555860
EPOCH_RECONCILED epoch=1 reporter=633D9D614858AB1710D5D8C3180E2A082DC97208BA8C26BA6C6D1A86C8E31CC0 complete=true entries=148 total=148 symbols=0 dropped=false t=1791454555866
EPOCH_RECONCILED epoch=1 reporter=A353E45E6D0016CAEED0DFA4EC5B0640E2AA22A793F9F2375E77F1AB92977C04 complete=false entries=0 total=31519 symbols=0 dropped=false t=1791454555869
EPOCH_RECONCILED epoch=1 reporter=65A90023F6C0D2181AAA63F005D81BBC0C04650505E21D5123F9AE1F9E992BFF complete=false entries=0 total=31519 symbols=0 dropped=false t=1791454555869
EPOCH_RECONCILED epoch=1 reporter=633D9D614858AB1710D5D8C3180E2A082DC97208BA8C26BA6C6D1A86C8E31CC0 complete=true entries=148 total=148 symbols=0 dropped=false t=1791454555892
EPOCH_CLOSE_UNREADY epoch=1 short_of=reports usable=2 weight=2 required=5 held=5 theirs=["A353E45E:5BBD39BC:78DEBA79", "D315857C:5BBD39BC:189B1246", "633D9D61:5BBD39BC:BCFADFA3", "65A90023:5BBD39BC:53E5ABD9", "911999B2:5BBD39BC:B038AAB7"] t=1791454555893
EPOCH_RECONCILED epoch=1 reporter=D315857CE70C54DE713F6E82E5613BB3A1266C15E28AD2F4338C7BBEC456F532 complete=false entries=0 total=31519 symbols=0 dropped=false t=1791454555893
EPOCH_RECONCILED epoch=1 reporter=A353E45E6D0016CAEED0DFA4EC5B0640E2AA22A793F9F2375E77F1AB92977C04 complete=false entries=0 total=31519 symbols=0 dropped=false t=1791454555904
EPOCH_RECONCILED epoch=1 reporter=A353E45E6D0016CAEED0DFA4EC5B0640E2AA22A793F9F2375E77F1AB92977C04 complete=true entries=155 total=155 symbols=0 dropped=false t=1791454555908
EPOCH_RECONCILED epoch=1 reporter=633D9D614858AB1710D5D8C3180E2A082DC97208BA8C26BA6C6D1A86C8E31CC0 complete=false entries=0 total=31519 symbols=0 dropped=false t=1791454555909
EPOCH_RECONCILED epoch=1 reporter=A353E45E6D0016CAEED0DFA4EC5B0640E2AA22A793F9F2375E77F1AB92977C04 complete=true entries=155 total=155 symbols=0 dropped=false t=1791454555893
EPOCH_RECONCILED epoch=1 reporter=633D9D614858AB1710D5D8C3180E2A082DC97208BA8C26BA6C6D1A86C8E31CC0 complete=true entries=148 total=148 symbols=0 dropped=false t=1791454555913
EPOCH_RECONCILED epoch=1 reporter=911999B2AEFA7ACC66EBD802B3301FF6CE431405107749D940277955CB7FDD07 complete=false entries=0 total=31519 symbols=0 dropped=false t=1791454555914
EPOCH_RECONCILED epoch=1 reporter=735FE217D91E88EA82324C5883296385FA0041C2FAC85C827BAA46DA1E14B83F complete=false entries=0 total=31519 symbols=0 dropped=false t=1791454555914
EPOCH_RECONCILED epoch=1 reporter=65A90023F6C0D2181AAA63F005D81BBC0C04650505E21D5123F9AE1F9E992BFF complete=true entries=185 total=185 symbols=0 dropped=false t=1791454555925
EPOCH_RECONCILED epoch=1 reporter=D315857CE70C54DE713F6E82E5613BB3A1266C15E28AD2F4338C7BBEC456F532 complete=true entries=174 total=174 symbols=0 dropped=false t=1791454555925
EPOCH_RECONCILED epoch=1 reporter=A353E45E6D0016CAEED0DFA4EC5B0640E2AA22A793F9F2375E77F1AB92977C04 complete=false entries=0 total=31519 symbols=0 dropped=false t=1791454555926
EPOCH_RECONCILED epoch=1 reporter=735FE217D91E88EA82324C5883296385FA0041C2FAC85C827BAA46DA1E14B83F complete=false entries=0 total=31519 symbols=0 dropped=false t=1791454555926
EPOCH_RECONCILED epoch=1 reporter=735FE217D91E88EA82324C5883296385FA0041C2FAC85C827BAA46DA1E14B83F complete=true entries=158 total=158 symbols=0 dropped=false t=1791454555930
EPOCH_RECONCILED epoch=1 reporter=911999B2AEFA7ACC66EBD802B3301FF6CE431405107749D940277955CB7FDD07 complete=true entries=149 total=149 symbols=0 dropped=false t=1791454555936
EPOCH_RECONCILED epoch=1 reporter=735FE217D91E88EA82324C5883296385FA0041C2FAC85C827BAA46DA1E14B83F complete=true entries=158 total=158 symbols=0 dropped=false t=1791454555937
EPOCH_RECONCILED epoch=1 reporter=65A90023F6C0D2181AAA63F005D81BBC0C04650505E21D5123F9AE1F9E992BFF complete=false entries=0 total=31519 symbols=0 dropped=false t=1791454555938
EPOCH_RECONCILED epoch=1 reporter=65A90023F6C0D2181AAA63F005D81BBC0C04650505E21D5123F9AE1F9E992BFF complete=true entries=185 total=185 symbols=0 dropped=false t=1791454555942
EPOCH_RECONCILED epoch=1 reporter=A353E45E6D0016CAEED0DFA4EC5B0640E2AA22A793F9F2375E77F1AB92977C04 complete=true entries=155 total=155 symbols=0 dropped=false t=1791454555951
EPOCH_RECONCILED epoch=1 reporter=D315857CE70C54DE713F6E82E5613BB3A1266C15E28AD2F4338C7BBEC456F532 complete=false entries=0 total=31519 symbols=0 dropped=false t=1791454555952
EPOCH_RECONCILED epoch=1 reporter=D315857CE70C54DE713F6E82E5613BB3A1266C15E28AD2F4338C7BBEC456F532 complete=false entries=0 total=31519 symbols=0 dropped=false t=1791454555953
EPOCH_RECONCILED epoch=1 reporter=D315857CE70C54DE713F6E82E5613BB3A1266C15E28AD2F4338C7BBEC456F532 complete=true entries=174 total=174 symbols=0 dropped=false t=1791454555957
EPOCH_RECONCILED epoch=1 reporter=735FE217D91E88EA82324C5883296385FA0041C2FAC85C827BAA46DA1E14B83F complete=false entries=0 total=31519 symbols=0 dropped=false t=1791454555961
EPOCH_RECONCILED epoch=1 reporter=735FE217D91E88EA82324C5883296385FA0041C2FAC85C827BAA46DA1E14B83F complete=true entries=158 total=158 symbols=0 dropped=false t=1791454555965
EPOCH_RECONCILED epoch=1 reporter=A353E45E6D0016CAEED0DFA4EC5B0640E2AA22A793F9F2375E77F1AB92977C04 complete=false entries=0 total=31519 symbols=0 dropped=false t=1791454555966
EPOCH_RECONCILED epoch=1 reporter=A353E45E6D0016CAEED0DFA4EC5B0640E2AA22A793F9F2375E77F1AB92977C04 complete=true entries=155 total=155 symbols=0 dropped=false t=1791454555970
EPOCH_RECONCILED epoch=1 reporter=D315857CE70C54DE713F6E82E5613BB3A1266C15E28AD2F4338C7BBEC456F532 complete=false entries=0 total=31519 symbols=0 dropped=false t=1791454556027
EPOCH_RECONCILED epoch=1 reporter=D315857CE70C54DE713F6E82E5613BB3A1266C15E28AD2F4338C7BBEC456F532 complete=true entries=174 total=174 symbols=0 dropped=false t=1791454556031
EPOCH_RECONCILED epoch=1 reporter=633D9D614858AB1710D5D8C3180E2A082DC97208BA8C26BA6C6D1A86C8E31CC0 complete=false entries=0 total=31519 symbols=0 dropped=false t=1791454556032
EPOCH_RECONCILED epoch=1 reporter=633D9D614858AB1710D5D8C3180E2A082DC97208BA8C26BA6C6D1A86C8E31CC0 complete=true entries=148 total=148 symbols=0 dropped=false t=1791454556036
EPOCH_RECONCILED epoch=1 reporter=65A90023F6C0D2181AAA63F005D81BBC0C04650505E21D5123F9AE1F9E992BFF complete=false entries=0 total=31519 symbols=0 dropped=false t=1791454556040
EPOCH_RECONCILED epoch=1 reporter=D315857CE70C54DE713F6E82E5613BB3A1266C15E28AD2F4338C7BBEC456F532 complete=true entries=174 total=174 symbols=0 dropped=false t=1791454556040
EPOCH_RECONCILED epoch=1 reporter=65A90023F6C0D2181AAA63F005D81BBC0C04650505E21D5123F9AE1F9E992BFF complete=true entries=185 total=185 symbols=0 dropped=false t=1791454556052
EPOCH_CLOSE_READY epoch=1 t=1791454556128
EPOCH_CLOSE_READY epoch=1 t=1791454556245
EPOCH_CLOSE_ROUND epoch=1 round=0 leader=65A90023F6C0D2181AAA63F005D81BBC0C04650505E21D5123F9AE1F9E992BFF leads=false t=1791454556245
EPOCH_CLOSE_READY epoch=1 t=1791454556345
EPOCH_CLOSE_ROUND epoch=1 round=0 leader=65A90023F6C0D2181AAA63F005D81BBC0C04650505E21D5123F9AE1F9E992BFF leads=false t=1791454556345
EPOCH_CLOSE_READY epoch=1 t=1791454556425
EPOCH_CLOSE_ROUND epoch=1 round=0 leader=65A90023F6C0D2181AAA63F005D81BBC0C04650505E21D5123F9AE1F9E992BFF leads=false t=1791454556425
EPOCH_CLOSE_READY epoch=1 t=1791454556425
EPOCH_CLOSE_ROUND epoch=1 round=0 leader=65A90023F6C0D2181AAA63F005D81BBC0C04650505E21D5123F9AE1F9E992BFF leads=false t=1791454556425
EPOCH_CLOSE_READY epoch=1 t=1791454556437
EPOCH_CLOSE_ROUND epoch=1 round=0 leader=65A90023F6C0D2181AAA63F005D81BBC0C04650505E21D5123F9AE1F9E992BFF leads=false t=1791454556439
2026-10-08T10:15:56.627489Z  INFO nanospam::app: Confirmed 33,731 blocks | 2,000 bps | 2,278 cps | avg conf time: 148 ms
EPOCH_PROPOSED epoch=1 round=0 value=67270663ECB0CA961747E89E95D194FC1621D35176F41194625A12E7550F6F6C state=DFC63FC57C9BDE48BED48679E541523E0CC61B0EB9D7ABDF8FA72A7F9259A12E reports=5 t=1791454556783
EPOCH_VALUE epoch=1 value=67270663ECB0CA961747E89E95D194FC1621D35176F41194625A12E7550F6F6C state=DFC63FC57C9BDE48BED48679E541523E0CC61B0EB9D7ABDF8FA72A7F9259A12E t=1791454556783
EPOCH_CLOSE_ROUND epoch=1 round=0 leader=65A90023F6C0D2181AAA63F005D81BBC0C04650505E21D5123F9AE1F9E992BFF leads=true t=1791454556793
EPOCH_RECONCILED epoch=1 reporter=D315857CE70C54DE713F6E82E5613BB3A1266C15E28AD2F4338C7BBEC456F532 complete=false entries=0 total=31519 symbols=0 dropped=false t=1791454557039
EPOCH_RECONCILED epoch=1 reporter=D315857CE70C54DE713F6E82E5613BB3A1266C15E28AD2F4338C7BBEC456F532 complete=true entries=174 total=174 symbols=0 dropped=false t=1791454557043
EPOCH_VALUE epoch=1 value=67270663ECB0CA961747E89E95D194FC1621D35176F41194625A12E7550F6F6C state=DFC63FC57C9BDE48BED48679E541523E0CC61B0EB9D7ABDF8FA72A7F9259A12E t=1791454557187
EPOCH_VALUE epoch=1 value=67270663ECB0CA961747E89E95D194FC1621D35176F41194625A12E7550F6F6C state=DFC63FC57C9BDE48BED48679E541523E0CC61B0EB9D7ABDF8FA72A7F9259A12E t=1791454557217
EPOCH_VALUE epoch=1 value=67270663ECB0CA961747E89E95D194FC1621D35176F41194625A12E7550F6F6C state=DFC63FC57C9BDE48BED48679E541523E0CC61B0EB9D7ABDF8FA72A7F9259A12E t=1791454557376
EPOCH_VALUE epoch=1 value=67270663ECB0CA961747E89E95D194FC1621D35176F41194625A12E7550F6F6C state=DFC63FC57C9BDE48BED48679E541523E0CC61B0EB9D7ABDF8FA72A7F9259A12E t=1791454557377
EPOCH_VALUE epoch=1 value=67270663ECB0CA961747E89E95D194FC1621D35176F41194625A12E7550F6F6C state=DFC63FC57C9BDE48BED48679E541523E0CC61B0EB9D7ABDF8FA72A7F9259A12E t=1791454557428
EPOCH_INSTALL epoch=1 finalized=15467 instances_confirmed=19 t=1791454557557
EPOCH_LATE_NOTAR epoch=1 blocks=3916 notarized=3742 cast=5909 t=1791454557558
EPOCH_GATE epoch=2 released=249 finalized=0 t=1791454557559
EPOCH_INSTALL epoch=1 finalized=15467 instances_confirmed=19 t=1791454557563
EPOCH_LATE_NOTAR epoch=1 blocks=3916 notarized=3742 cast=5934 t=1791454557564
EPOCH_GATE epoch=2 released=249 finalized=0 t=1791454557564
EPOCH_INSTALL epoch=1 finalized=15467 instances_confirmed=19 t=1791454557566
EPOCH_INSTALL epoch=1 finalized=15467 instances_confirmed=19 t=1791454557567
EPOCH_INSTALL epoch=1 finalized=15467 instances_confirmed=19 t=1791454557568
EPOCH_LATE_NOTAR epoch=1 blocks=3916 notarized=3742 cast=5619 t=1791454557568
EPOCH_GATE epoch=2 released=249 finalized=0 t=1791454557569
EPOCH_LATE_NOTAR epoch=1 blocks=3916 notarized=3742 cast=5885 t=1791454557570
EPOCH_GATE epoch=2 released=249 finalized=0 t=1791454557571
EPOCH_LATE_NOTAR epoch=1 blocks=3916 notarized=3742 cast=5776 t=1791454557571
EPOCH_INSTALL epoch=1 finalized=15467 instances_confirmed=19 t=1791454557572
EPOCH_GATE epoch=2 released=249 finalized=0 t=1791454557573
EPOCH_LATE_NOTAR epoch=1 blocks=3916 notarized=3742 cast=5812 t=1791454557577
EPOCH_GATE epoch=2 released=249 finalized=0 t=1791454557578
EPOCH_COMMITTEE derived_by=1 members=6 accounts=13332 n=6 digest=95D409445152DD075E6A4799205DFA5689496EB8EE1A22AC2A200B9DBC2DCF27 shares=["65A90023:16.7%", "A353E45E:16.7%", "D315857C:16.7%", "911999B2:16.7%", "633D9D61:16.7%", "735FE217:16.7%"] t=1791454557599
EPOCH_LOCKS epoch=1 continued=0 kinds={"locks=1 kind=Some(Recovery) nc_here=true saved=true": 6} t=1791454557599
EPOCH_OMITTED epoch=1 instances=31 retained=6 t=1791454557599
EPOCH_CLOSED epoch=1 round=0 value=67270663ECB0CA961747E89E95D194FC1621D35176F41194625A12E7550F6F6C state=DFC63FC57C9BDE48BED48679E541523E0CC61B0EB9D7ABDF8FA72A7F9259A12E t=1791454557599
EPOCH_COMMITTEE derived_by=1 members=6 accounts=13332 n=6 digest=95D409445152DD075E6A4799205DFA5689496EB8EE1A22AC2A200B9DBC2DCF27 shares=["65A90023:16.7%", "A353E45E:16.7%", "D315857C:16.7%", "911999B2:16.7%", "633D9D61:16.7%", "735FE217:16.7%"] t=1791454557602
EPOCH_LOCKS epoch=1 continued=0 kinds={"locks=1 kind=Some(Recovery) nc_here=true saved=true": 6} t=1791454557602
EPOCH_OMITTED epoch=1 instances=31 retained=6 t=1791454557602
EPOCH_CLOSED epoch=1 round=0 value=67270663ECB0CA961747E89E95D194FC1621D35176F41194625A12E7550F6F6C state=DFC63FC57C9BDE48BED48679E541523E0CC61B0EB9D7ABDF8FA72A7F9259A12E t=1791454557602
EPOCH_COMMITTEE derived_by=1 members=6 accounts=13332 n=6 digest=95D409445152DD075E6A4799205DFA5689496EB8EE1A22AC2A200B9DBC2DCF27 shares=["65A90023:16.7%", "A353E45E:16.7%", "D315857C:16.7%", "911999B2:16.7%", "633D9D61:16.7%", "735FE217:16.7%"] t=1791454557603
EPOCH_LOCKS epoch=1 continued=0 kinds={"locks=1 kind=Some(Recovery) nc_here=true saved=true": 6} t=1791454557603
EPOCH_OMITTED epoch=1 instances=31 retained=6 t=1791454557603
EPOCH_CLOSED epoch=1 round=0 value=67270663ECB0CA961747E89E95D194FC1621D35176F41194625A12E7550F6F6C state=DFC63FC57C9BDE48BED48679E541523E0CC61B0EB9D7ABDF8FA72A7F9259A12E t=1791454557603
EPOCH_COMMITTEE derived_by=1 members=6 accounts=13332 n=6 digest=95D409445152DD075E6A4799205DFA5689496EB8EE1A22AC2A200B9DBC2DCF27 shares=["65A90023:16.7%", "A353E45E:16.7%", "D315857C:16.7%", "911999B2:16.7%", "633D9D61:16.7%", "735FE217:16.7%"] t=1791454557610
EPOCH_LOCKS epoch=1 continued=0 kinds={"locks=1 kind=Some(Recovery) nc_here=true saved=true": 6} t=1791454557610
EPOCH_OMITTED epoch=1 instances=31 retained=6 t=1791454557610
EPOCH_CLOSED epoch=1 round=0 value=67270663ECB0CA961747E89E95D194FC1621D35176F41194625A12E7550F6F6C state=DFC63FC57C9BDE48BED48679E541523E0CC61B0EB9D7ABDF8FA72A7F9259A12E t=1791454557610
2026-10-08T10:15:57.627956Z  INFO nanospam::app: Confirmed 35,315 blocks | 2,000 bps | 1,583 cps | avg conf time: 108 ms
EPOCH_COMMITTEE derived_by=1 members=6 accounts=13332 n=6 digest=95D409445152DD075E6A4799205DFA5689496EB8EE1A22AC2A200B9DBC2DCF27 shares=["65A90023:16.7%", "A353E45E:16.7%", "D315857C:16.7%", "911999B2:16.7%", "633D9D61:16.7%", "735FE217:16.7%"] t=1791454557670
EPOCH_LOCKS epoch=1 continued=0 kinds={"locks=1 kind=Some(Recovery) nc_here=true saved=true": 6} t=1791454557670
EPOCH_OMITTED epoch=1 instances=31 retained=6 t=1791454557670
EPOCH_CLOSED epoch=1 round=0 value=67270663ECB0CA961747E89E95D194FC1621D35176F41194625A12E7550F6F6C state=DFC63FC57C9BDE48BED48679E541523E0CC61B0EB9D7ABDF8FA72A7F9259A12E t=1791454557670
EPOCH_INSTALLED epoch=1 finalized=15467 cemented=15467 queued=0 missing=0 t=1791454557675
EPOCH_RETAINED epoch=1 retained=155 held=155 missing=0 t=1791454557675
EPOCH_INSTALLED epoch=1 finalized=15467 cemented=15467 queued=0 missing=0 t=1791454557702
EPOCH_RETAINED epoch=1 retained=155 held=155 missing=0 t=1791454557702
EPOCH_COMMITTEE derived_by=1 members=6 accounts=13332 n=6 digest=95D409445152DD075E6A4799205DFA5689496EB8EE1A22AC2A200B9DBC2DCF27 shares=["65A90023:16.7%", "A353E45E:16.7%", "D315857C:16.7%", "911999B2:16.7%", "633D9D61:16.7%", "735FE217:16.7%"] t=1791454557708
EPOCH_LOCKS epoch=1 continued=0 kinds={"locks=1 kind=Some(Recovery) nc_here=true saved=true": 6} t=1791454557708
EPOCH_OMITTED epoch=1 instances=31 retained=6 t=1791454557708
EPOCH_CLOSED epoch=1 round=0 value=67270663ECB0CA961747E89E95D194FC1621D35176F41194625A12E7550F6F6C state=DFC63FC57C9BDE48BED48679E541523E0CC61B0EB9D7ABDF8FA72A7F9259A12E t=1791454557708
EPOCH_INSTALLED epoch=1 finalized=15467 cemented=15467 queued=0 missing=0 t=1791454557746
EPOCH_RETAINED epoch=1 retained=155 held=155 missing=0 t=1791454557747
EPOCH_INSTALLED epoch=1 finalized=15467 cemented=15467 queued=0 missing=0 t=1791454557806
EPOCH_RETAINED epoch=1 retained=155 held=155 missing=0 t=1791454557807
EPOCH_EVIDENCE_RELEASED epoch=1 t=1791454558429
EPOCH_EVIDENCE_RELEASED epoch=1 t=1791454558447
EPOCH_EVIDENCE_RELEASED epoch=1 t=1791454558468
EPOCH_INSTALLED epoch=1 finalized=15467 cemented=15467 queued=0 missing=0 t=1791454558484
EPOCH_RETAINED epoch=1 retained=155 held=155 missing=0 t=1791454558485
EPOCH_EVIDENCE_RELEASED epoch=1 t=1791454558551
EPOCH_EVIDENCE_RELEASED epoch=1 t=1791454558614
2026-10-08T10:15:58.628847Z  INFO nanospam::app: Confirmed 35,315 blocks | 2,000 bps | 0 cps | avg conf time: 0 ms
EPOCH_EVIDENCE_RELEASED epoch=1 t=1791454558722
EPOCH_INSTALLED epoch=1 finalized=15467 cemented=15467 queued=0 missing=0 t=1791454558749
EPOCH_RETAINED epoch=1 retained=155 held=155 missing=0 t=1791454558749
2026-10-08T10:15:59.629940Z  INFO nanospam::app: Confirmed 39,431 blocks | 2,000 bps | 4,111 cps | avg conf time: 483 ms
2026-10-08T10:16:00.630797Z  INFO nanospam::app: Confirmed 41,274 blocks | 2,000 bps | 1,841 cps | avg conf time: 94 ms
2026-10-08T10:16:01.631845Z  INFO nanospam::app: Confirmed 43,257 blocks | 2,000 bps | 1,980 cps | avg conf time: 94 ms
2026-10-08T10:16:02.613797Z  INFO nanospam::app: Confirming 45000 blocks took 23.01s
2026-10-08T10:16:02.613871Z  INFO nanospam::app: Confirmation rate: 1956 cps
2026-10-08T10:16:02.613897Z  INFO nanospam::app: Average conf time: 143 ms
2026-10-08T10:16:02.613938Z  INFO nanospam::app: Non-fork confirmation rate: 1956 cps (45000 of 45000 non-fork blocks, 0 of 0 forks)
2026-10-08T10:16:02.614157Z  INFO nanospam::app: RAI_BENCH_METRICS {"created":45000,"confirmed":45000,"duration_secs":23.005326208,"confirmation_unit":"primary publication or its confirmed fork alternative","alternative_confirmed":0,"confirmation_histogram_ms":{"35":1,"36":6,"37":4,"38":12,"39":13,"40":15,"41":14,"42":17,"43":30,"44":34,"45":51,"46":64,"47":65,"48":95,"49":78,"50":90,"51":95,"52":104,"53":114,"54":132,"55":143,"56":169,"57":173,"58":181,"59":179,"60":208,"61":204,"62":226,"63":241,"64":267,"65":322,"66":310,"67":281,"68":315,"69":308,"70":312,"71":326,"72":343,"73":339,"74":390,"75":386,"76":403,"77":416,"78":418,"79":433,"80":501,"81":509,"82":502,"83":565,"84":568,"85":583,"86":620,"87":637,"88":667,"89":697,"90":695,"91":717,"92":734,"93":753,"94":776,"95":793,"96":775,"97":855,"98":807,"99":783,"100":832,"101":783,"102":838,"103":788,"104":801,"105":799,"106":779,"107":718,"108":695,"109":690,"110":680,"111":664,"112":619,"113":607,"114":563,"115":575,"116":538,"117":501,"118":470,"119":453,"120":394,"121":373,"122":345,"123":303,"124":266,"125":239,"126":227,"127":186,"128":157,"129":144,"130":136,"131":144,"132":119,"133":118,"134":110,"135":104,"136":87,"137":71,"138":64,"139":49,"140":44,"141":40,"142":29,"143":34,"144":37,"145":26,"146":37,"147":32,"148":30,"149":29,"150":41,"151":36,"152":43,"153":50,"154":45,"155":41,"156":48,"157":30,"158":22,"159":17,"160":27,"161":31,"162":23,"163":29,"164":19,"165":23,"166":20,"167":15,"168":19,"169":19,"170":16,"171":23,"172":19,"173":21,"174":19,"175":24,"176":14,"177":23,"178":20,"179":14,"180":18,"181":16,"182":17,"183":21,"184":13,"185":16,"186":16,"187":18,"188":13,"189":17,"190":14,"191":10,"192":16,"193":17,"194":19,"195":17,"196":20,"197":19,"198":19,"199":18,"200":18,"201":15,"202":18,"203":18,"204":21,"205":20,"206":27,"207":33,"208":28,"209":15,"210":21,"211":13,"212":14,"213":14,"214":9,"215":19,"216":14,"217":16,"218":16,"219":22,"220":11,"221":13,"222":18,"223":35,"224":19,"225":10,"226":7,"227":8,"228":8,"229":9,"230":5,"231":5,"232":14,"233":12,"234":5,"235":10,"236":8,"237":9,"238":10,"239":13,"240":11,"241":8,"242":10,"243":5,"244":8,"245":8,"246":11,"247":9,"248":11,"249":10,"250":11,"251":12,"252":14,"253":9,"254":12,"255":14,"256":13,"257":14,"258":19,"259":15,"260":9,"261":6,"262":8,"263":9,"264":10,"265":13,"266":14,"267":14,"268":15,"269":16,"270":10,"271":10,"272":6,"273":10,"274":11,"275":9,"276":19,"277":18,"278":21,"279":21,"280":15,"281":26,"282":18,"283":20,"284":20,"285":12,"286":33,"287":16,"288":42,"289":36,"290":33,"291":21,"292":7,"293":7,"294":7,"295":12,"296":9,"297":22,"298":12,"299":9,"300":8,"301":6,"302":10,"303":24,"304":19,"305":23,"306":23,"307":31,"308":14,"309":39,"310":58,"311":56,"312":62,"313":41,"314":43,"315":41,"316":52,"317":28,"318":12,"319":12,"320":7,"321":10,"322":13,"323":15,"324":8,"325":6,"326":6,"327":8,"328":11,"329":17,"330":15,"331":9,"332":5,"333":8,"334":3,"335":3,"336":5,"337":5,"338":5,"339":6,"340":8,"341":12,"342":5,"343":2,"344":6,"345":3,"346":4,"347":5,"348":5,"349":3,"350":2,"351":3,"352":2,"353":3,"354":3,"355":5,"356":3,"357":10,"358":7,"359":10,"360":14,"361":5,"362":13,"363":14,"364":16,"365":11,"366":6,"367":8,"368":9,"369":8,"370":5,"371":16,"372":12,"373":9,"374":11,"375":8,"376":25,"377":13,"378":27,"379":14,"380":4,"381":3,"382":5,"383":12,"384":12,"385":19,"386":13,"387":8,"388":4,"389":12,"390":7,"391":7,"392":8,"393":9,"394":7,"395":8,"396":8,"397":9,"398":2,"399":3,"400":8,"401":6,"402":5,"403":7,"404":4,"405":1,"406":3,"407":6,"408":1,"413":2,"416":2,"417":1,"418":2,"419":2,"420":2,"421":2,"422":3,"423":1,"424":1,"425":2,"426":2,"427":2,"428":2,"429":2,"430":2,"431":2,"432":2,"433":2,"434":2,"435":2,"436":2,"437":2,"438":2,"439":2,"440":2,"441":1,"442":2,"443":4,"445":2,"446":2,"447":1,"448":1,"449":2,"450":1,"451":4,"452":2,"453":4,"454":2,"455":1,"456":2,"458":1,"459":1,"460":1,"461":2,"462":5,"463":5,"464":4,"468":1,"469":1,"470":2,"471":1,"472":2,"473":2,"474":2,"475":2,"476":2,"477":2,"478":2,"479":2,"480":2,"481":2,"482":2,"483":2,"484":2,"485":1,"486":2,"487":2,"488":2,"489":2,"490":2,"491":2,"492":2,"493":2,"494":2,"495":2,"496":2,"497":3,"498":1,"499":4,"500":1,"501":1,"502":2,"503":2,"504":2,"505":2,"506":1,"507":2,"508":3,"509":2,"510":2,"511":1,"512":3,"513":4,"515":1,"516":2,"517":2,"518":3,"519":1,"520":1,"521":2,"522":3,"523":1,"524":2,"525":2,"526":3,"527":2,"528":2,"529":2,"530":6,"531":1,"534":2,"535":2,"536":2,"537":2,"539":4,"540":2,"541":2,"542":2,"543":3,"545":2,"546":2,"547":5,"548":7,"549":3,"550":2,"555":1,"556":1,"557":2,"558":2,"559":2,"560":1,"561":3,"562":1,"563":2,"564":3,"565":3,"567":1,"568":3,"569":1,"570":3,"572":3,"573":3,"574":2,"575":2,"576":1,"577":2,"578":2,"579":2,"580":3,"581":1,"582":2,"583":3,"584":1,"585":1,"586":5,"587":1,"589":2,"591":2,"592":2,"593":1,"594":3,"595":3,"597":3,"598":1,"599":1,"600":2,"601":2,"602":3,"603":1,"604":4,"605":1,"606":1,"607":2,"608":4,"609":1,"610":4,"611":1,"612":4,"613":5,"614":4,"615":1,"617":2,"618":4,"619":6,"620":7,"621":12,"622":10,"623":10,"624":6,"625":11,"626":10,"627":12,"628":8,"629":11,"630":11,"631":9,"632":11,"633":8,"634":4,"635":9,"636":8,"637":14,"638":12,"639":3,"640":4,"641":8,"642":3,"643":2,"644":1,"645":1,"647":1,"648":1,"649":2,"650":1,"652":2,"654":1,"655":2,"656":1,"658":1,"659":1,"661":1,"663":1,"665":1,"668":1,"669":1,"671":1,"672":1,"673":1,"677":1,"681":1,"684":2,"688":1,"693":1,"699":1,"702":1,"704":1,"711":1,"713":1,"715":1,"716":1,"717":1,"724":1,"728":1,"730":2,"731":1,"732":2,"733":1,"734":1,"737":1,"738":1,"739":2,"740":1,"741":1,"742":1,"743":1,"744":1,"746":1,"747":2,"748":2,"749":1,"750":1,"751":1,"753":1,"755":1,"756":1,"758":1,"759":1,"760":1,"762":1,"767":2,"768":2,"769":1,"770":3,"771":1,"772":3,"773":1,"774":2,"775":2,"776":3,"777":1,"778":2,"779":2,"780":2,"781":2,"782":2,"783":1,"784":2,"785":2,"786":2,"787":2,"788":1,"789":3,"790":2,"791":2,"792":2,"793":4,"794":1,"795":3,"796":1,"797":1,"798":2,"799":3,"800":1,"801":3,"802":2,"803":1,"804":2,"805":2,"806":1,"807":4,"808":1,"809":1,"810":3,"811":1,"812":1,"813":3,"814":1,"815":3,"816":2,"817":1,"818":3,"819":2,"820":2,"821":2,"822":1,"823":2,"824":3,"825":1,"826":2,"827":2,"828":2,"829":2,"830":2,"831":2,"832":2,"833":2,"834":2,"835":2,"836":2,"837":2,"838":3,"839":1,"840":3,"841":2,"842":1,"843":3,"844":2,"845":1,"846":3,"847":2,"848":1,"849":2,"850":2,"851":2,"852":2,"853":2,"854":2,"855":2,"856":2,"857":2,"858":1,"859":3,"860":2,"861":2,"862":2,"863":1,"864":3,"865":2,"866":2,"867":2,"868":2,"869":1,"870":2,"871":2,"872":2,"873":2,"874":2,"875":2,"876":2,"877":2,"878":1,"879":1,"880":2,"881":2,"882":2,"883":2,"884":1,"885":2,"886":2,"887":2,"888":2,"889":3,"890":1,"891":2,"892":2,"893":2,"894":2,"895":2,"896":2,"897":2,"898":2,"899":2,"900":1,"901":2,"902":2,"903":2,"904":2,"905":2,"906":2,"907":2,"908":2,"909":2,"910":2,"911":3,"912":2,"913":2,"914":1,"915":3,"916":1,"917":2,"918":3,"919":2,"920":1,"921":1,"922":3,"923":2,"924":1,"925":2,"926":2,"927":1,"928":3,"929":1,"930":2,"931":1,"932":3,"933":3,"934":1,"935":3,"936":3,"937":1,"938":1,"939":3,"940":1,"941":2,"942":2,"943":3,"944":1,"945":2,"946":2,"947":1,"948":3,"949":2,"950":1,"951":2,"952":4,"953":1,"954":2,"955":1,"956":3,"957":1,"958":3,"959":1,"960":3,"961":2,"962":2,"963":2,"964":1,"965":1,"966":3,"967":2,"968":2,"969":1,"970":2,"971":1,"972":3,"973":2,"974":1,"975":2,"976":2,"977":5,"979":1,"980":2,"981":2,"982":2,"983":2,"984":2,"985":2,"986":2,"987":1,"988":2,"989":2,"990":2,"991":2,"992":2,"993":2,"994":2,"995":2,"996":2,"997":2,"998":2,"999":3,"1001":2,"1002":4,"1003":2,"1004":1,"1005":3,"1006":1,"1007":2,"1008":2,"1009":2,"1010":3,"1011":2,"1012":1,"1013":2,"1014":3,"1015":1,"1017":4,"1018":1,"1019":3,"1020":1,"1021":2,"1022":4,"1023":1,"1024":1,"1025":2,"1026":2,"1027":2,"1028":2,"1030":4,"1031":1,"1032":2,"1033":2,"1034":2,"1035":2,"1036":1,"1037":3,"1038":3,"1040":2,"1041":3,"1042":2,"1043":1,"1044":2,"1045":3,"1046":3,"1047":2,"1048":2,"1049":2,"1050":2,"1051":2,"1052":1,"1053":2,"1054":2,"1055":2,"1056":2,"1057":9,"1058":6,"1059":5,"1060":1,"1063":4,"1064":3,"1065":2,"1066":3,"1067":2,"1068":1,"1069":2,"1070":1,"1071":2,"1072":2,"1073":1,"1074":1,"1075":1,"1077":2,"1078":2,"1079":2,"1080":1,"1081":2,"1082":3,"1083":1,"1084":2,"1085":1,"1086":2,"1087":1,"1088":2,"1089":2,"1090":2,"1091":3,"1092":1,"1093":1,"1094":2,"1095":2,"1096":1,"1097":2,"1098":1,"1099":3,"1100":1,"1101":2,"1102":3,"1103":1,"1104":2,"1105":3,"1106":5,"1107":1,"1110":2,"1111":2,"1112":6,"1113":1,"1114":2,"1117":4,"1118":1,"1119":1,"1120":2,"1121":1,"1122":5,"1123":2,"1124":6,"1125":2,"1126":1,"1127":4,"1129":6,"1130":3,"1131":1,"1134":1,"1139":1,"1140":1,"1141":1,"1143":1,"1144":1,"1145":4,"1146":1,"1148":2,"1149":3,"1150":5,"1151":4,"1152":1,"1153":1,"1154":2,"1156":2,"1157":4,"1158":1,"1159":3,"1160":4,"1161":3,"1162":1,"1163":1,"1164":2,"1165":2,"1166":3,"1168":2,"1169":1,"1170":3,"1171":1,"1172":2,"1174":2,"1177":3,"1178":2,"1179":1,"1180":2,"1181":2,"1182":1,"1183":3,"1184":1,"1185":3,"1186":2,"1188":4,"1189":3,"1191":4,"1192":5,"1193":2,"1194":10,"1195":3,"1196":1,"1197":1,"1201":2,"1202":1,"1205":1,"1206":5,"1207":3,"1208":1,"1209":5,"1210":4,"1211":4,"1212":2,"1213":2,"1214":1,"1216":2,"1217":1,"1220":2,"1221":2,"1222":8,"1223":4,"1224":1,"1227":1,"1228":2,"1230":1,"1231":5,"1232":5,"1233":5,"1234":5,"1240":1,"1242":8,"1243":3,"1244":3,"1245":6,"1246":1,"1249":1,"1253":3,"1254":1,"1255":3,"1256":3,"1259":2,"1260":1,"1261":6,"1262":3,"1263":1,"1264":3,"1265":3,"1266":3,"1267":5,"1268":1,"1269":3,"1270":4,"1271":2,"1272":3,"1273":1,"1274":3,"1275":3,"1276":3,"1277":5,"1278":4,"1279":2,"1280":2,"1281":3,"1282":3,"1283":2,"1284":4,"1286":2,"1288":2,"1289":1,"1290":2,"1291":3,"1292":6,"1293":5,"1294":4,"1295":2,"1296":2,"1297":1,"1298":6,"1299":2,"1300":2,"1301":7,"1302":3,"1303":5,"1304":7,"1305":4,"1306":8,"1307":4,"1308":6,"1309":6,"1310":2,"1311":3,"1314":6,"1315":1,"1316":4,"1317":2,"1319":1,"1320":1,"1321":3,"1322":3,"1323":4,"1324":4,"1325":1,"1326":5,"1327":1,"1328":2,"1329":5,"1330":2,"1331":1,"1333":2,"1334":1,"1335":2,"1336":2,"1337":2,"1338":4,"1339":1,"1340":1,"1341":2,"1342":4,"1343":1,"1344":1,"1345":1,"1346":1,"1347":2,"1348":2,"1349":2,"1350":2,"1351":2,"1352":4,"1353":3,"1356":2},"nonfork_created":45000,"nonfork_confirmed":45000,"nonfork_histogram_ms":{"35":1,"36":6,"37":4,"38":12,"39":13,"40":15,"41":14,"42":17,"43":30,"44":34,"45":51,"46":64,"47":65,"48":95,"49":78,"50":90,"51":95,"52":104,"53":114,"54":132,"55":143,"56":169,"57":173,"58":181,"59":179,"60":208,"61":204,"62":226,"63":241,"64":267,"65":322,"66":310,"67":281,"68":315,"69":308,"70":312,"71":326,"72":343,"73":339,"74":390,"75":386,"76":403,"77":416,"78":418,"79":433,"80":501,"81":509,"82":502,"83":565,"84":568,"85":583,"86":620,"87":637,"88":667,"89":697,"90":695,"91":717,"92":734,"93":753,"94":776,"95":793,"96":775,"97":855,"98":807,"99":783,"100":832,"101":783,"102":838,"103":788,"104":801,"105":799,"106":779,"107":718,"108":695,"109":690,"110":680,"111":664,"112":619,"113":607,"114":563,"115":575,"116":538,"117":501,"118":470,"119":453,"120":394,"121":373,"122":345,"123":303,"124":266,"125":239,"126":227,"127":186,"128":157,"129":144,"130":136,"131":144,"132":119,"133":118,"134":110,"135":104,"136":87,"137":71,"138":64,"139":49,"140":44,"141":40,"142":29,"143":34,"144":37,"145":26,"146":37,"147":32,"148":30,"149":29,"150":41,"151":36,"152":43,"153":50,"154":45,"155":41,"156":48,"157":30,"158":22,"159":17,"160":27,"161":31,"162":23,"163":29,"164":19,"165":23,"166":20,"167":15,"168":19,"169":19,"170":16,"171":23,"172":19,"173":21,"174":19,"175":24,"176":14,"177":23,"178":20,"179":14,"180":18,"181":16,"182":17,"183":21,"184":13,"185":16,"186":16,"187":18,"188":13,"189":17,"190":14,"191":10,"192":16,"193":17,"194":19,"195":17,"196":20,"197":19,"198":19,"199":18,"200":18,"201":15,"202":18,"203":18,"204":21,"205":20,"206":27,"207":33,"208":28,"209":15,"210":21,"211":13,"212":14,"213":14,"214":9,"215":19,"216":14,"217":16,"218":16,"219":22,"220":11,"221":13,"222":18,"223":35,"224":19,"225":10,"226":7,"227":8,"228":8,"229":9,"230":5,"231":5,"232":14,"233":12,"234":5,"235":10,"236":8,"237":9,"238":10,"239":13,"240":11,"241":8,"242":10,"243":5,"244":8,"245":8,"246":11,"247":9,"248":11,"249":10,"250":11,"251":12,"252":14,"253":9,"254":12,"255":14,"256":13,"257":14,"258":19,"259":15,"260":9,"261":6,"262":8,"263":9,"264":10,"265":13,"266":14,"267":14,"268":15,"269":16,"270":10,"271":10,"272":6,"273":10,"274":11,"275":9,"276":19,"277":18,"278":21,"279":21,"280":15,"281":26,"282":18,"283":20,"284":20,"285":12,"286":33,"287":16,"288":42,"289":36,"290":33,"291":21,"292":7,"293":7,"294":7,"295":12,"296":9,"297":22,"298":12,"299":9,"300":8,"301":6,"302":10,"303":24,"304":19,"305":23,"306":23,"307":31,"308":14,"309":39,"310":58,"311":56,"312":62,"313":41,"314":43,"315":41,"316":52,"317":28,"318":12,"319":12,"320":7,"321":10,"322":13,"323":15,"324":8,"325":6,"326":6,"327":8,"328":11,"329":17,"330":15,"331":9,"332":5,"333":8,"334":3,"335":3,"336":5,"337":5,"338":5,"339":6,"340":8,"341":12,"342":5,"343":2,"344":6,"345":3,"346":4,"347":5,"348":5,"349":3,"350":2,"351":3,"352":2,"353":3,"354":3,"355":5,"356":3,"357":10,"358":7,"359":10,"360":14,"361":5,"362":13,"363":14,"364":16,"365":11,"366":6,"367":8,"368":9,"369":8,"370":5,"371":16,"372":12,"373":9,"374":11,"375":8,"376":25,"377":13,"378":27,"379":14,"380":4,"381":3,"382":5,"383":12,"384":12,"385":19,"386":13,"387":8,"388":4,"389":12,"390":7,"391":7,"392":8,"393":9,"394":7,"395":8,"396":8,"397":9,"398":2,"399":3,"400":8,"401":6,"402":5,"403":7,"404":4,"405":1,"406":3,"407":6,"408":1,"413":2,"416":2,"417":1,"418":2,"419":2,"420":2,"421":2,"422":3,"423":1,"424":1,"425":2,"426":2,"427":2,"428":2,"429":2,"430":2,"431":2,"432":2,"433":2,"434":2,"435":2,"436":2,"437":2,"438":2,"439":2,"440":2,"441":1,"442":2,"443":4,"445":2,"446":2,"447":1,"448":1,"449":2,"450":1,"451":4,"452":2,"453":4,"454":2,"455":1,"456":2,"458":1,"459":1,"460":1,"461":2,"462":5,"463":5,"464":4,"468":1,"469":1,"470":2,"471":1,"472":2,"473":2,"474":2,"475":2,"476":2,"477":2,"478":2,"479":2,"480":2,"481":2,"482":2,"483":2,"484":2,"485":1,"486":2,"487":2,"488":2,"489":2,"490":2,"491":2,"492":2,"493":2,"494":2,"495":2,"496":2,"497":3,"498":1,"499":4,"500":1,"501":1,"502":2,"503":2,"504":2,"505":2,"506":1,"507":2,"508":3,"509":2,"510":2,"511":1,"512":3,"513":4,"515":1,"516":2,"517":2,"518":3,"519":1,"520":1,"521":2,"522":3,"523":1,"524":2,"525":2,"526":3,"527":2,"528":2,"529":2,"530":6,"531":1,"534":2,"535":2,"536":2,"537":2,"539":4,"540":2,"541":2,"542":2,"543":3,"545":2,"546":2,"547":5,"548":7,"549":3,"550":2,"555":1,"556":1,"557":2,"558":2,"559":2,"560":1,"561":3,"562":1,"563":2,"564":3,"565":3,"567":1,"568":3,"569":1,"570":3,"572":3,"573":3,"574":2,"575":2,"576":1,"577":2,"578":2,"579":2,"580":3,"581":1,"582":2,"583":3,"584":1,"585":1,"586":5,"587":1,"589":2,"591":2,"592":2,"593":1,"594":3,"595":3,"597":3,"598":1,"599":1,"600":2,"601":2,"602":3,"603":1,"604":4,"605":1,"606":1,"607":2,"608":4,"609":1,"610":4,"611":1,"612":4,"613":5,"614":4,"615":1,"617":2,"618":4,"619":6,"620":7,"621":12,"622":10,"623":10,"624":6,"625":11,"626":10,"627":12,"628":8,"629":11,"630":11,"631":9,"632":11,"633":8,"634":4,"635":9,"636":8,"637":14,"638":12,"639":3,"640":4,"641":8,"642":3,"643":2,"644":1,"645":1,"647":1,"648":1,"649":2,"650":1,"652":2,"654":1,"655":2,"656":1,"658":1,"659":1,"661":1,"663":1,"665":1,"668":1,"669":1,"671":1,"672":1,"673":1,"677":1,"681":1,"684":2,"688":1,"693":1,"699":1,"702":1,"704":1,"711":1,"713":1,"715":1,"716":1,"717":1,"724":1,"728":1,"730":2,"731":1,"732":2,"733":1,"734":1,"737":1,"738":1,"739":2,"740":1,"741":1,"742":1,"743":1,"744":1,"746":1,"747":2,"748":2,"749":1,"750":1,"751":1,"753":1,"755":1,"756":1,"758":1,"759":1,"760":1,"762":1,"767":2,"768":2,"769":1,"770":3,"771":1,"772":3,"773":1,"774":2,"775":2,"776":3,"777":1,"778":2,"779":2,"780":2,"781":2,"782":2,"783":1,"784":2,"785":2,"786":2,"787":2,"788":1,"789":3,"790":2,"791":2,"792":2,"793":4,"794":1,"795":3,"796":1,"797":1,"798":2,"799":3,"800":1,"801":3,"802":2,"803":1,"804":2,"805":2,"806":1,"807":4,"808":1,"809":1,"810":3,"811":1,"812":1,"813":3,"814":1,"815":3,"816":2,"817":1,"818":3,"819":2,"820":2,"821":2,"822":1,"823":2,"824":3,"825":1,"826":2,"827":2,"828":2,"829":2,"830":2,"831":2,"832":2,"833":2,"834":2,"835":2,"836":2,"837":2,"838":3,"839":1,"840":3,"841":2,"842":1,"843":3,"844":2,"845":1,"846":3,"847":2,"848":1,"849":2,"850":2,"851":2,"852":2,"853":2,"854":2,"855":2,"856":2,"857":2,"858":1,"859":3,"860":2,"861":2,"862":2,"863":1,"864":3,"865":2,"866":2,"867":2,"868":2,"869":1,"870":2,"871":2,"872":2,"873":2,"874":2,"875":2,"876":2,"877":2,"878":1,"879":1,"880":2,"881":2,"882":2,"883":2,"884":1,"885":2,"886":2,"887":2,"888":2,"889":3,"890":1,"891":2,"892":2,"893":2,"894":2,"895":2,"896":2,"897":2,"898":2,"899":2,"900":1,"901":2,"902":2,"903":2,"904":2,"905":2,"906":2,"907":2,"908":2,"909":2,"910":2,"911":3,"912":2,"913":2,"914":1,"915":3,"916":1,"917":2,"918":3,"919":2,"920":1,"921":1,"922":3,"923":2,"924":1,"925":2,"926":2,"927":1,"928":3,"929":1,"930":2,"931":1,"932":3,"933":3,"934":1,"935":3,"936":3,"937":1,"938":1,"939":3,"940":1,"941":2,"942":2,"943":3,"944":1,"945":2,"946":2,"947":1,"948":3,"949":2,"950":1,"951":2,"952":4,"953":1,"954":2,"955":1,"956":3,"957":1,"958":3,"959":1,"960":3,"961":2,"962":2,"963":2,"964":1,"965":1,"966":3,"967":2,"968":2,"969":1,"970":2,"971":1,"972":3,"973":2,"974":1,"975":2,"976":2,"977":5,"979":1,"980":2,"981":2,"982":2,"983":2,"984":2,"985":2,"986":2,"987":1,"988":2,"989":2,"990":2,"991":2,"992":2,"993":2,"994":2,"995":2,"996":2,"997":2,"998":2,"999":3,"1001":2,"1002":4,"1003":2,"1004":1,"1005":3,"1006":1,"1007":2,"1008":2,"1009":2,"1010":3,"1011":2,"1012":1,"1013":2,"1014":3,"1015":1,"1017":4,"1018":1,"1019":3,"1020":1,"1021":2,"1022":4,"1023":1,"1024":1,"1025":2,"1026":2,"1027":2,"1028":2,"1030":4,"1031":1,"1032":2,"1033":2,"1034":2,"1035":2,"1036":1,"1037":3,"1038":3,"1040":2,"1041":3,"1042":2,"1043":1,"1044":2,"1045":3,"1046":3,"1047":2,"1048":2,"1049":2,"1050":2,"1051":2,"1052":1,"1053":2,"1054":2,"1055":2,"1056":2,"1057":9,"1058":6,"1059":5,"1060":1,"1063":4,"1064":3,"1065":2,"1066":3,"1067":2,"1068":1,"1069":2,"1070":1,"1071":2,"1072":2,"1073":1,"1074":1,"1075":1,"1077":2,"1078":2,"1079":2,"1080":1,"1081":2,"1082":3,"1083":1,"1084":2,"1085":1,"1086":2,"1087":1,"1088":2,"1089":2,"1090":2,"1091":3,"1092":1,"1093":1,"1094":2,"1095":2,"1096":1,"1097":2,"1098":1,"1099":3,"1100":1,"1101":2,"1102":3,"1103":1,"1104":2,"1105":3,"1106":5,"1107":1,"1110":2,"1111":2,"1112":6,"1113":1,"1114":2,"1117":4,"1118":1,"1119":1,"1120":2,"1121":1,"1122":5,"1123":2,"1124":6,"1125":2,"1126":1,"1127":4,"1129":6,"1130":3,"1131":1,"1134":1,"1139":1,"1140":1,"1141":1,"1143":1,"1144":1,"1145":4,"1146":1,"1148":2,"1149":3,"1150":5,"1151":4,"1152":1,"1153":1,"1154":2,"1156":2,"1157":4,"1158":1,"1159":3,"1160":4,"1161":3,"1162":1,"1163":1,"1164":2,"1165":2,"1166":3,"1168":2,"1169":1,"1170":3,"1171":1,"1172":2,"1174":2,"1177":3,"1178":2,"1179":1,"1180":2,"1181":2,"1182":1,"1183":3,"1184":1,"1185":3,"1186":2,"1188":4,"1189":3,"1191":4,"1192":5,"1193":2,"1194":10,"1195":3,"1196":1,"1197":1,"1201":2,"1202":1,"1205":1,"1206":5,"1207":3,"1208":1,"1209":5,"1210":4,"1211":4,"1212":2,"1213":2,"1214":1,"1216":2,"1217":1,"1220":2,"1221":2,"1222":8,"1223":4,"1224":1,"1227":1,"1228":2,"1230":1,"1231":5,"1232":5,"1233":5,"1234":5,"1240":1,"1242":8,"1243":3,"1244":3,"1245":6,"1246":1,"1249":1,"1253":3,"1254":1,"1255":3,"1256":3,"1259":2,"1260":1,"1261":6,"1262":3,"1263":1,"1264":3,"1265":3,"1266":3,"1267":5,"1268":1,"1269":3,"1270":4,"1271":2,"1272":3,"1273":1,"1274":3,"1275":3,"1276":3,"1277":5,"1278":4,"1279":2,"1280":2,"1281":3,"1282":3,"1283":2,"1284":4,"1286":2,"1288":2,"1289":1,"1290":2,"1291":3,"1292":6,"1293":5,"1294":4,"1295":2,"1296":2,"1297":1,"1298":6,"1299":2,"1300":2,"1301":7,"1302":3,"1303":5,"1304":7,"1305":4,"1306":8,"1307":4,"1308":6,"1309":6,"1310":2,"1311":3,"1314":6,"1315":1,"1316":4,"1317":2,"1319":1,"1320":1,"1321":3,"1322":3,"1323":4,"1324":4,"1325":1,"1326":5,"1327":1,"1328":2,"1329":5,"1330":2,"1331":1,"1333":2,"1334":1,"1335":2,"1336":2,"1337":2,"1338":4,"1339":1,"1340":1,"1341":2,"1342":4,"1343":1,"1344":1,"1345":1,"1346":1,"1347":2,"1348":2,"1349":2,"1350":2,"1351":2,"1352":4,"1353":3,"1356":2},"fork_created":0,"fork_confirmed":0,"fork_unresolved_at_end":0}
EPOCH_ENDED epoch=2 elections=6 active=0 t=1791454563453
EPOCH_ADVANCED epoch=3 elections=6 active=0 vote_records=538333 t=1791454563514
EPOCH_CLOSE_UNREADY epoch=2 short_of=reports usable=0 weight=0 required=5 held=0 theirs=[] t=1791454563521
EPOCH_ENDED epoch=2 elections=6 active=0 t=1791454563553
EPOCH_ENDED epoch=2 elections=6 active=0 t=1791454563585
EPOCH_ENDED epoch=2 elections=6 active=0 t=1791454563589
EPOCH_ADVANCED epoch=3 elections=6 active=0 vote_records=538333 t=1791454563590
EPOCH_REPORT epoch=2 certified=45065 residual=0 root=B9C791A64039594C77C6690C80E6F1C014D35AB4C2CF8C36258C3934B684E3D4 reports=1 t=1791454563591
EPOCH_CLOSE_UNREADY epoch=2 short_of=reports usable=0 weight=0 required=5 held=1 theirs=["735FE217:B9C791A6:D7A011D4"] t=1791454563595
EPOCH_ENDED epoch=2 elections=6 active=0 t=1791454563613
EPOCH_ADVANCED epoch=3 elections=6 active=0 vote_records=538333 t=1791454563627
EPOCH_ADVANCED epoch=3 elections=6 active=0 vote_records=538333 t=1791454563636
EPOCH_ADVANCED epoch=3 elections=6 active=0 vote_records=538333 t=1791454563661
EPOCH_ENDED epoch=2 elections=6 active=0 t=1791454563690
EPOCH_REPORT epoch=2 certified=45065 residual=0 root=B9C791A64039594C77C6690C80E6F1C014D35AB4C2CF8C36258C3934B684E3D4 reports=1 t=1791454563693
EPOCH_RECONCILED epoch=2 reporter=735FE217D91E88EA82324C5883296385FA0041C2FAC85C827BAA46DA1E14B83F complete=true entries=0 total=45065 symbols=0 dropped=false t=1791454563704
EPOCH_RECONCILED epoch=2 reporter=735FE217D91E88EA82324C5883296385FA0041C2FAC85C827BAA46DA1E14B83F complete=true entries=0 total=45065 symbols=0 dropped=false t=1791454563716
EPOCH_REPORT epoch=2 certified=45065 residual=0 root=B9C791A64039594C77C6690C80E6F1C014D35AB4C2CF8C36258C3934B684E3D4 reports=1 t=1791454563724
EPOCH_CLOSE_UNREADY epoch=2 short_of=reports usable=2 weight=2 required=5 held=2 theirs=["735FE217:B9C791A6:D7A011D4", "65A90023:B9C791A6:D7A011D4"] t=1791454563735
EPOCH_REPORT epoch=2 certified=45065 residual=0 root=B9C791A64039594C77C6690C80E6F1C014D35AB4C2CF8C36258C3934B684E3D4 reports=1 t=1791454563736
EPOCH_RECONCILED epoch=2 reporter=735FE217D91E88EA82324C5883296385FA0041C2FAC85C827BAA46DA1E14B83F complete=true entries=0 total=45065 symbols=0 dropped=false t=1791454563741
EPOCH_ADVANCED epoch=3 elections=6 active=0 vote_records=538336 t=1791454563749
EPOCH_CLOSE_UNREADY epoch=2 short_of=reports usable=2 weight=2 required=5 held=3 theirs=["735FE217:B9C791A6:D7A011D4", "65A90023:B9C791A6:D7A011D4", "D315857C:B9C791A6:D7A011D4"] t=1791454563750
EPOCH_REPORT epoch=2 certified=45065 residual=0 root=B9C791A64039594C77C6690C80E6F1C014D35AB4C2CF8C36258C3934B684E3D4 reports=1 t=1791454563753
EPOCH_CLOSE_UNREADY epoch=2 short_of=reports usable=2 weight=2 required=5 held=4 theirs=["D315857C:B9C791A6:D7A011D4", "735FE217:B9C791A6:D7A011D4", "A353E45E:B9C791A6:D7A011D4", "65A90023:B9C791A6:D7A011D4"] t=1791454563768
EPOCH_RECONCILED epoch=2 reporter=633D9D614858AB1710D5D8C3180E2A082DC97208BA8C26BA6C6D1A86C8E31CC0 complete=true entries=0 total=45065 symbols=0 dropped=false t=1791454563794
EPOCH_RECONCILED epoch=2 reporter=65A90023F6C0D2181AAA63F005D81BBC0C04650505E21D5123F9AE1F9E992BFF complete=true entries=0 total=45065 symbols=0 dropped=false t=1791454563797
EPOCH_RECONCILED epoch=2 reporter=D315857CE70C54DE713F6E82E5613BB3A1266C15E28AD2F4338C7BBEC456F532 complete=true entries=0 total=45065 symbols=0 dropped=false t=1791454563799
EPOCH_RECONCILED epoch=2 reporter=A353E45E6D0016CAEED0DFA4EC5B0640E2AA22A793F9F2375E77F1AB92977C04 complete=true entries=0 total=45065 symbols=0 dropped=false t=1791454563802
EPOCH_RECONCILED epoch=2 reporter=735FE217D91E88EA82324C5883296385FA0041C2FAC85C827BAA46DA1E14B83F complete=true entries=0 total=45065 symbols=0 dropped=false t=1791454563807
EPOCH_RECONCILED epoch=2 reporter=D315857CE70C54DE713F6E82E5613BB3A1266C15E28AD2F4338C7BBEC456F532 complete=true entries=0 total=45065 symbols=0 dropped=false t=1791454563818
EPOCH_REPORT epoch=2 certified=45065 residual=0 root=B9C791A64039594C77C6690C80E6F1C014D35AB4C2CF8C36258C3934B684E3D4 reports=1 t=1791454563820
EPOCH_RECONCILED epoch=2 reporter=A353E45E6D0016CAEED0DFA4EC5B0640E2AA22A793F9F2375E77F1AB92977C04 complete=true entries=0 total=45065 symbols=0 dropped=false t=1791454563820
EPOCH_RECONCILED epoch=2 reporter=65A90023F6C0D2181AAA63F005D81BBC0C04650505E21D5123F9AE1F9E992BFF complete=true entries=0 total=45065 symbols=0 dropped=false t=1791454563823
EPOCH_CLOSE_READY epoch=2 t=1791454563854
EPOCH_CLOSE_READY epoch=2 t=1791454563873
EPOCH_RECONCILED epoch=2 reporter=911999B2AEFA7ACC66EBD802B3301FF6CE431405107749D940277955CB7FDD07 complete=true entries=0 total=45065 symbols=0 dropped=false t=1791454563898
EPOCH_RECONCILED epoch=2 reporter=735FE217D91E88EA82324C5883296385FA0041C2FAC85C827BAA46DA1E14B83F complete=true entries=0 total=45065 symbols=0 dropped=false t=1791454563901
EPOCH_RECONCILED epoch=2 reporter=A353E45E6D0016CAEED0DFA4EC5B0640E2AA22A793F9F2375E77F1AB92977C04 complete=true entries=0 total=45065 symbols=0 dropped=false t=1791454563903
EPOCH_RECONCILED epoch=2 reporter=D315857CE70C54DE713F6E82E5613BB3A1266C15E28AD2F4338C7BBEC456F532 complete=true entries=0 total=45065 symbols=0 dropped=false t=1791454563906
EPOCH_RECONCILED epoch=2 reporter=633D9D614858AB1710D5D8C3180E2A082DC97208BA8C26BA6C6D1A86C8E31CC0 complete=true entries=0 total=45065 symbols=0 dropped=false t=1791454563909
EPOCH_RECONCILED epoch=2 reporter=633D9D614858AB1710D5D8C3180E2A082DC97208BA8C26BA6C6D1A86C8E31CC0 complete=true entries=0 total=45065 symbols=0 dropped=false t=1791454563932
EPOCH_RECONCILED epoch=2 reporter=911999B2AEFA7ACC66EBD802B3301FF6CE431405107749D940277955CB7FDD07 complete=true entries=0 total=45065 symbols=0 dropped=false t=1791454563934
EPOCH_RECONCILED epoch=2 reporter=A353E45E6D0016CAEED0DFA4EC5B0640E2AA22A793F9F2375E77F1AB92977C04 complete=true entries=0 total=45065 symbols=0 dropped=false t=1791454563937
EPOCH_RECONCILED epoch=2 reporter=65A90023F6C0D2181AAA63F005D81BBC0C04650505E21D5123F9AE1F9E992BFF complete=true entries=0 total=45065 symbols=0 dropped=false t=1791454563941
EPOCH_RECONCILED epoch=2 reporter=65A90023F6C0D2181AAA63F005D81BBC0C04650505E21D5123F9AE1F9E992BFF complete=true entries=0 total=45065 symbols=0 dropped=false t=1791454563947
EPOCH_RECONCILED epoch=2 reporter=911999B2AEFA7ACC66EBD802B3301FF6CE431405107749D940277955CB7FDD07 complete=true entries=0 total=45065 symbols=0 dropped=false t=1791454563950
EPOCH_RECONCILED epoch=2 reporter=D315857CE70C54DE713F6E82E5613BB3A1266C15E28AD2F4338C7BBEC456F532 complete=true entries=0 total=45065 symbols=0 dropped=false t=1791454563952
EPOCH_RECONCILED epoch=2 reporter=633D9D614858AB1710D5D8C3180E2A082DC97208BA8C26BA6C6D1A86C8E31CC0 complete=true entries=0 total=45065 symbols=0 dropped=false t=1791454563955
EPOCH_RECONCILED epoch=2 reporter=D315857CE70C54DE713F6E82E5613BB3A1266C15E28AD2F4338C7BBEC456F532 complete=true entries=0 total=45065 symbols=0 dropped=false t=1791454563965
EPOCH_RECONCILED epoch=2 reporter=A353E45E6D0016CAEED0DFA4EC5B0640E2AA22A793F9F2375E77F1AB92977C04 complete=true entries=0 total=45065 symbols=0 dropped=false t=1791454563968
EPOCH_RECONCILED epoch=2 reporter=65A90023F6C0D2181AAA63F005D81BBC0C04650505E21D5123F9AE1F9E992BFF complete=true entries=0 total=45065 symbols=0 dropped=false t=1791454563972
EPOCH_RECONCILED epoch=2 reporter=911999B2AEFA7ACC66EBD802B3301FF6CE431405107749D940277955CB7FDD07 complete=true entries=0 total=45065 symbols=0 dropped=false t=1791454563975
EPOCH_CLOSE_ROUND epoch=2 round=0 leader=735FE217D91E88EA82324C5883296385FA0041C2FAC85C827BAA46DA1E14B83F leads=false t=1791454563995
EPOCH_CLOSE_READY epoch=2 t=1791454563999
EPOCH_CLOSE_READY epoch=2 t=1791454564016
EPOCH_CLOSE_READY epoch=2 t=1791454564032
EPOCH_RECONCILED epoch=2 reporter=633D9D614858AB1710D5D8C3180E2A082DC97208BA8C26BA6C6D1A86C8E31CC0 complete=true entries=0 total=45065 symbols=0 dropped=false t=1791454564037
EPOCH_CLOSE_READY epoch=2 t=1791454564039
EPOCH_PROPOSED epoch=2 round=0 value=8A9D209EA971B43503E5B38996E4A1947114E547AD4BE4B5F01802C03B2E1C88 state=52FB64A76F8469297823912BA15D3A6CD3A647E6BE261AD97F65A6FE3B923B68 reports=5 t=1791454564067
EPOCH_VALUE epoch=2 value=8A9D209EA971B43503E5B38996E4A1947114E547AD4BE4B5F01802C03B2E1C88 state=52FB64A76F8469297823912BA15D3A6CD3A647E6BE261AD97F65A6FE3B923B68 t=1791454564067
EPOCH_CLOSE_ROUND epoch=2 round=0 leader=735FE217D91E88EA82324C5883296385FA0041C2FAC85C827BAA46DA1E14B83F leads=true t=1791454564067
EPOCH_RECONCILED epoch=2 reporter=911999B2AEFA7ACC66EBD802B3301FF6CE431405107749D940277955CB7FDD07 complete=true entries=0 total=45065 symbols=0 dropped=false t=1791454564109
EPOCH_CLOSE_ROUND epoch=2 round=0 leader=735FE217D91E88EA82324C5883296385FA0041C2FAC85C827BAA46DA1E14B83F leads=false t=1791454564159
EPOCH_CLOSE_ROUND epoch=2 round=0 leader=735FE217D91E88EA82324C5883296385FA0041C2FAC85C827BAA46DA1E14B83F leads=false t=1791454564195
EPOCH_CLOSE_ROUND epoch=2 round=0 leader=735FE217D91E88EA82324C5883296385FA0041C2FAC85C827BAA46DA1E14B83F leads=false t=1791454564198
EPOCH_CLOSE_ROUND epoch=2 round=0 leader=735FE217D91E88EA82324C5883296385FA0041C2FAC85C827BAA46DA1E14B83F leads=false t=1791454564222
EPOCH_VALUE epoch=2 value=8A9D209EA971B43503E5B38996E4A1947114E547AD4BE4B5F01802C03B2E1C88 state=52FB64A76F8469297823912BA15D3A6CD3A647E6BE261AD97F65A6FE3B923B68 t=1791454564298
EPOCH_VALUE epoch=2 value=8A9D209EA971B43503E5B38996E4A1947114E547AD4BE4B5F01802C03B2E1C88 state=52FB64A76F8469297823912BA15D3A6CD3A647E6BE261AD97F65A6FE3B923B68 t=1791454564300
EPOCH_VALUE epoch=2 value=8A9D209EA971B43503E5B38996E4A1947114E547AD4BE4B5F01802C03B2E1C88 state=52FB64A76F8469297823912BA15D3A6CD3A647E6BE261AD97F65A6FE3B923B68 t=1791454564300
EPOCH_VALUE epoch=2 value=8A9D209EA971B43503E5B38996E4A1947114E547AD4BE4B5F01802C03B2E1C88 state=52FB64A76F8469297823912BA15D3A6CD3A647E6BE261AD97F65A6FE3B923B68 t=1791454564301
EPOCH_VALUE epoch=2 value=8A9D209EA971B43503E5B38996E4A1947114E547AD4BE4B5F01802C03B2E1C88 state=52FB64A76F8469297823912BA15D3A6CD3A647E6BE261AD97F65A6FE3B923B68 t=1791454564302
EPOCH_CLOSE_ROUND epoch=2 round=1 leader=911999B2AEFA7ACC66EBD802B3301FF6CE431405107749D940277955CB7FDD07 leads=false t=1791454564372
EPOCH_INSTALL epoch=2 finalized=13546 instances_confirmed=6 t=1791454564413
EPOCH_INSTALL epoch=2 finalized=13546 instances_confirmed=6 t=1791454564417
EPOCH_INSTALL epoch=2 finalized=13546 instances_confirmed=6 t=1791454564421
EPOCH_INSTALL epoch=2 finalized=13546 instances_confirmed=6 t=1791454564422
EPOCH_INSTALL epoch=2 finalized=13546 instances_confirmed=6 t=1791454564427
EPOCH_INSTALL epoch=2 finalized=13546 instances_confirmed=6 t=1791454564428
EPOCH_COMMITTEE derived_by=2 members=6 accounts=17738 n=6 digest=95D409445152DD075E6A4799205DFA5689496EB8EE1A22AC2A200B9DBC2DCF27 shares=["65A90023:16.7%", "A353E45E:16.7%", "D315857C:16.7%", "911999B2:16.7%", "633D9D61:16.7%", "735FE217:16.7%"] t=1791454564446
EPOCH_CLOSED epoch=2 round=0 value=8A9D209EA971B43503E5B38996E4A1947114E547AD4BE4B5F01802C03B2E1C88 state=52FB64A76F8469297823912BA15D3A6CD3A647E6BE261AD97F65A6FE3B923B68 t=1791454564446
EPOCH_COMMITTEE derived_by=2 members=6 accounts=17738 n=6 digest=95D409445152DD075E6A4799205DFA5689496EB8EE1A22AC2A200B9DBC2DCF27 shares=["65A90023:16.7%", "A353E45E:16.7%", "D315857C:16.7%", "911999B2:16.7%", "633D9D61:16.7%", "735FE217:16.7%"] t=1791454564449
EPOCH_CLOSED epoch=2 round=0 value=8A9D209EA971B43503E5B38996E4A1947114E547AD4BE4B5F01802C03B2E1C88 state=52FB64A76F8469297823912BA15D3A6CD3A647E6BE261AD97F65A6FE3B923B68 t=1791454564449
EPOCH_COMMITTEE derived_by=2 members=6 accounts=17738 n=6 digest=95D409445152DD075E6A4799205DFA5689496EB8EE1A22AC2A200B9DBC2DCF27 shares=["65A90023:16.7%", "A353E45E:16.7%", "D315857C:16.7%", "911999B2:16.7%", "633D9D61:16.7%", "735FE217:16.7%"] t=1791454564454
EPOCH_CLOSED epoch=2 round=0 value=8A9D209EA971B43503E5B38996E4A1947114E547AD4BE4B5F01802C03B2E1C88 state=52FB64A76F8469297823912BA15D3A6CD3A647E6BE261AD97F65A6FE3B923B68 t=1791454564454
EPOCH_COMMITTEE derived_by=2 members=6 accounts=17738 n=6 digest=95D409445152DD075E6A4799205DFA5689496EB8EE1A22AC2A200B9DBC2DCF27 shares=["65A90023:16.7%", "A353E45E:16.7%", "D315857C:16.7%", "911999B2:16.7%", "633D9D61:16.7%", "735FE217:16.7%"] t=1791454564455
EPOCH_CLOSED epoch=2 round=0 value=8A9D209EA971B43503E5B38996E4A1947114E547AD4BE4B5F01802C03B2E1C88 state=52FB64A76F8469297823912BA15D3A6CD3A647E6BE261AD97F65A6FE3B923B68 t=1791454564455
EPOCH_COMMITTEE derived_by=2 members=6 accounts=17738 n=6 digest=95D409445152DD075E6A4799205DFA5689496EB8EE1A22AC2A200B9DBC2DCF27 shares=["65A90023:16.7%", "A353E45E:16.7%", "D315857C:16.7%", "911999B2:16.7%", "633D9D61:16.7%", "735FE217:16.7%"] t=1791454564459
EPOCH_CLOSED epoch=2 round=0 value=8A9D209EA971B43503E5B38996E4A1947114E547AD4BE4B5F01802C03B2E1C88 state=52FB64A76F8469297823912BA15D3A6CD3A647E6BE261AD97F65A6FE3B923B68 t=1791454564459
EPOCH_COMMITTEE derived_by=2 members=6 accounts=17738 n=6 digest=95D409445152DD075E6A4799205DFA5689496EB8EE1A22AC2A200B9DBC2DCF27 shares=["65A90023:16.7%", "A353E45E:16.7%", "D315857C:16.7%", "911999B2:16.7%", "633D9D61:16.7%", "735FE217:16.7%"] t=1791454564470
EPOCH_CLOSED epoch=2 round=0 value=8A9D209EA971B43503E5B38996E4A1947114E547AD4BE4B5F01802C03B2E1C88 state=52FB64A76F8469297823912BA15D3A6CD3A647E6BE261AD97F65A6FE3B923B68 t=1791454564470
EPOCH_INSTALLED epoch=2 finalized=13546 cemented=13546 queued=0 missing=0 t=1791454564528
EPOCH_INSTALLED epoch=2 finalized=13546 cemented=13546 queued=0 missing=0 t=1791454564530
EPOCH_EVIDENCE_RELEASED epoch=2 t=1791454564534
EPOCH_EVIDENCE_RELEASED epoch=2 t=1791454564535
EPOCH_INSTALLED epoch=2 finalized=13546 cemented=13546 queued=0 missing=0 t=1791454564550
EPOCH_INSTALLED epoch=2 finalized=13546 cemented=13546 queued=0 missing=0 t=1791454564553
EPOCH_EVIDENCE_RELEASED epoch=2 t=1791454564558
EPOCH_INSTALLED epoch=2 finalized=13546 cemented=13546 queued=0 missing=0 t=1791454564560
EPOCH_INSTALLED epoch=2 finalized=13546 cemented=13546 queued=0 missing=0 t=1791454564568
EPOCH_EVIDENCE_RELEASED epoch=2 t=1791454564590
EPOCH_EVIDENCE_RELEASED epoch=2 t=1791454564597
EPOCH_EVIDENCE_RELEASED epoch=2 t=1791454564606
