2026-10-07T14:05:47.570825Z  INFO nanospam::setup::account_map_factory: Creating account keys file with 45000 keys: "/var/folders/1y/px089b2s6f9d893xp1p4c7wh0000gn/T/rai-gate-b-fafxlcl5/account_keys.txt"
2026-10-07T14:05:48.289907Z  INFO nanospam::setup::node_config_factory: ********************************************************************************
2026-10-07T14:05:48.289920Z  INFO nanospam::setup::node_config_factory: Setting up node PR0...
2026-10-07T14:05:48.289924Z  INFO nanospam::setup::node_config_factory: Creating directory "/var/folders/1y/px089b2s6f9d893xp1p4c7wh0000gn/T/rai-gate-b-fafxlcl5/pr0"
2026-10-07T14:05:48.290015Z  INFO nanospam::setup::node_config_factory: Creating node config file: "/var/folders/1y/px089b2s6f9d893xp1p4c7wh0000gn/T/rai-gate-b-fafxlcl5/pr0/config-node.toml"
2026-10-07T14:05:48.290144Z  INFO nanospam::setup::node_config_factory: Creating rpc config file: "/var/folders/1y/px089b2s6f9d893xp1p4c7wh0000gn/T/rai-gate-b-fafxlcl5/pr0/config-rpc.toml"
2026-10-07T14:05:48.290214Z  INFO nanospam::setup::node_config_factory: ********************************************************************************
2026-10-07T14:05:48.290218Z  INFO nanospam::setup::node_config_factory: Setting up node PR1...
2026-10-07T14:05:48.290222Z  INFO nanospam::setup::node_config_factory: Creating directory "/var/folders/1y/px089b2s6f9d893xp1p4c7wh0000gn/T/rai-gate-b-fafxlcl5/pr1"
2026-10-07T14:05:48.290265Z  INFO nanospam::setup::node_config_factory: Creating node config file: "/var/folders/1y/px089b2s6f9d893xp1p4c7wh0000gn/T/rai-gate-b-fafxlcl5/pr1/config-node.toml"
2026-10-07T14:05:48.290354Z  INFO nanospam::setup::node_config_factory: Creating rpc config file: "/var/folders/1y/px089b2s6f9d893xp1p4c7wh0000gn/T/rai-gate-b-fafxlcl5/pr1/config-rpc.toml"
2026-10-07T14:05:48.290431Z  INFO nanospam::setup::node_config_factory: ********************************************************************************
2026-10-07T14:05:48.290435Z  INFO nanospam::setup::node_config_factory: Setting up node PR2...
2026-10-07T14:05:48.290439Z  INFO nanospam::setup::node_config_factory: Creating directory "/var/folders/1y/px089b2s6f9d893xp1p4c7wh0000gn/T/rai-gate-b-fafxlcl5/pr2"
2026-10-07T14:05:48.290484Z  INFO nanospam::setup::node_config_factory: Creating node config file: "/var/folders/1y/px089b2s6f9d893xp1p4c7wh0000gn/T/rai-gate-b-fafxlcl5/pr2/config-node.toml"
2026-10-07T14:05:48.290551Z  INFO nanospam::setup::node_config_factory: Creating rpc config file: "/var/folders/1y/px089b2s6f9d893xp1p4c7wh0000gn/T/rai-gate-b-fafxlcl5/pr2/config-rpc.toml"
2026-10-07T14:05:48.290608Z  INFO nanospam::setup::node_config_factory: ********************************************************************************
2026-10-07T14:05:48.290611Z  INFO nanospam::setup::node_config_factory: Setting up node PR3...
2026-10-07T14:05:48.290615Z  INFO nanospam::setup::node_config_factory: Creating directory "/var/folders/1y/px089b2s6f9d893xp1p4c7wh0000gn/T/rai-gate-b-fafxlcl5/pr3"
2026-10-07T14:05:48.290657Z  INFO nanospam::setup::node_config_factory: Creating node config file: "/var/folders/1y/px089b2s6f9d893xp1p4c7wh0000gn/T/rai-gate-b-fafxlcl5/pr3/config-node.toml"
2026-10-07T14:05:48.290734Z  INFO nanospam::setup::node_config_factory: Creating rpc config file: "/var/folders/1y/px089b2s6f9d893xp1p4c7wh0000gn/T/rai-gate-b-fafxlcl5/pr3/config-rpc.toml"
2026-10-07T14:05:48.290792Z  INFO nanospam::setup::node_config_factory: ********************************************************************************
2026-10-07T14:05:48.290798Z  INFO nanospam::setup::node_config_factory: Setting up node PR4...
2026-10-07T14:05:48.290801Z  INFO nanospam::setup::node_config_factory: Creating directory "/var/folders/1y/px089b2s6f9d893xp1p4c7wh0000gn/T/rai-gate-b-fafxlcl5/pr4"
2026-10-07T14:05:48.290844Z  INFO nanospam::setup::node_config_factory: Creating node config file: "/var/folders/1y/px089b2s6f9d893xp1p4c7wh0000gn/T/rai-gate-b-fafxlcl5/pr4/config-node.toml"
2026-10-07T14:05:48.290910Z  INFO nanospam::setup::node_config_factory: Creating rpc config file: "/var/folders/1y/px089b2s6f9d893xp1p4c7wh0000gn/T/rai-gate-b-fafxlcl5/pr4/config-rpc.toml"
2026-10-07T14:05:48.290974Z  INFO nanospam::setup::node_config_factory: ********************************************************************************
2026-10-07T14:05:48.290977Z  INFO nanospam::setup::node_config_factory: Setting up node PR5...
2026-10-07T14:05:48.290979Z  INFO nanospam::setup::node_config_factory: Creating directory "/var/folders/1y/px089b2s6f9d893xp1p4c7wh0000gn/T/rai-gate-b-fafxlcl5/pr5"
2026-10-07T14:05:48.291016Z  INFO nanospam::setup::node_config_factory: Creating node config file: "/var/folders/1y/px089b2s6f9d893xp1p4c7wh0000gn/T/rai-gate-b-fafxlcl5/pr5/config-node.toml"
2026-10-07T14:05:48.291082Z  INFO nanospam::setup::node_config_factory: Creating rpc config file: "/var/folders/1y/px089b2s6f9d893xp1p4c7wh0000gn/T/rai-gate-b-fafxlcl5/pr5/config-rpc.toml"
2026-10-07T14:05:48.291191Z  INFO nanospam::setup::node_launcher: Starting node: NANO_TEST_GENESIS_BLOCK="{\n    \"type\": \"open\",\n    \"account\": \"nano_3nroioygg54nusrmyun4woimqex36sp3drnctdt5955uqu47fxbkrxk7n7ne\",\n    \"source\": \"D315857CE70C54DE713F6E82E5613BB3A1266C15E28AD2F4338C7BBEC456F532\",\n    \"representative\": \"nano_3nroioygg54nusrmyun4woimqex36sp3drnctdt5955uqu47fxbkrxk7n7ne\",\n    \"signature\": \"3F6792C2DC623DF2E8643777160AB983B66B337E2478E13D2C3448126A8F4CD8DCCD19803C158A057FA44060AE0EFC09B1C311CB4FBF42F8D240610B38F56E08\",\n    \"work\": \"70FEF01F7EC45DEC\"\n    }" NANO_TEST_GENESIS_PRV ="49643F9B10CA1AA34F9AF8ED4AABD29F436104CCC375974B108534A48EAE3FE1" "rsnano" "--network" "test" "--data-path" "/var/folders/1y/px089b2s6f9d893xp1p4c7wh0000gn/T/rai-gate-b-fafxlcl5/pr0" "node" "run"
2026-10-07T14:05:48.291760Z  INFO nanospam::setup::node_launcher: Waiting for RPC...
2026-10-07T14:05:48.395008Z  INFO nanospam::setup::node_launcher: Starting node: NANO_TEST_GENESIS_BLOCK="{\n    \"type\": \"open\",\n    \"account\": \"nano_3nroioygg54nusrmyun4woimqex36sp3drnctdt5955uqu47fxbkrxk7n7ne\",\n    \"source\": \"D315857CE70C54DE713F6E82E5613BB3A1266C15E28AD2F4338C7BBEC456F532\",\n    \"representative\": \"nano_3nroioygg54nusrmyun4woimqex36sp3drnctdt5955uqu47fxbkrxk7n7ne\",\n    \"signature\": \"3F6792C2DC623DF2E8643777160AB983B66B337E2478E13D2C3448126A8F4CD8DCCD19803C158A057FA44060AE0EFC09B1C311CB4FBF42F8D240610B38F56E08\",\n    \"work\": \"70FEF01F7EC45DEC\"\n    }" NANO_TEST_GENESIS_PRV ="49643F9B10CA1AA34F9AF8ED4AABD29F436104CCC375974B108534A48EAE3FE1" "rsnano" "--network" "test" "--data-path" "/var/folders/1y/px089b2s6f9d893xp1p4c7wh0000gn/T/rai-gate-b-fafxlcl5/pr1" "node" "run"
2026-10-07T14:05:48.395646Z  INFO nanospam::setup::node_launcher: Waiting for RPC...
2026-10-07T14:05:48.499637Z  INFO nanospam::setup::node_launcher: Starting node: NANO_TEST_GENESIS_BLOCK="{\n    \"type\": \"open\",\n    \"account\": \"nano_3nroioygg54nusrmyun4woimqex36sp3drnctdt5955uqu47fxbkrxk7n7ne\",\n    \"source\": \"D315857CE70C54DE713F6E82E5613BB3A1266C15E28AD2F4338C7BBEC456F532\",\n    \"representative\": \"nano_3nroioygg54nusrmyun4woimqex36sp3drnctdt5955uqu47fxbkrxk7n7ne\",\n    \"signature\": \"3F6792C2DC623DF2E8643777160AB983B66B337E2478E13D2C3448126A8F4CD8DCCD19803C158A057FA44060AE0EFC09B1C311CB4FBF42F8D240610B38F56E08\",\n    \"work\": \"70FEF01F7EC45DEC\"\n    }" NANO_TEST_GENESIS_PRV ="49643F9B10CA1AA34F9AF8ED4AABD29F436104CCC375974B108534A48EAE3FE1" "rsnano" "--network" "test" "--data-path" "/var/folders/1y/px089b2s6f9d893xp1p4c7wh0000gn/T/rai-gate-b-fafxlcl5/pr2" "node" "run"
2026-10-07T14:05:48.500411Z  INFO nanospam::setup::node_launcher: Waiting for RPC...
2026-10-07T14:05:48.603457Z  INFO nanospam::setup::node_launcher: Starting node: NANO_TEST_GENESIS_BLOCK="{\n    \"type\": \"open\",\n    \"account\": \"nano_3nroioygg54nusrmyun4woimqex36sp3drnctdt5955uqu47fxbkrxk7n7ne\",\n    \"source\": \"D315857CE70C54DE713F6E82E5613BB3A1266C15E28AD2F4338C7BBEC456F532\",\n    \"representative\": \"nano_3nroioygg54nusrmyun4woimqex36sp3drnctdt5955uqu47fxbkrxk7n7ne\",\n    \"signature\": \"3F6792C2DC623DF2E8643777160AB983B66B337E2478E13D2C3448126A8F4CD8DCCD19803C158A057FA44060AE0EFC09B1C311CB4FBF42F8D240610B38F56E08\",\n    \"work\": \"70FEF01F7EC45DEC\"\n    }" NANO_TEST_GENESIS_PRV ="49643F9B10CA1AA34F9AF8ED4AABD29F436104CCC375974B108534A48EAE3FE1" "rsnano" "--network" "test" "--data-path" "/var/folders/1y/px089b2s6f9d893xp1p4c7wh0000gn/T/rai-gate-b-fafxlcl5/pr3" "node" "run"
2026-10-07T14:05:48.604503Z  INFO nanospam::setup::node_launcher: Waiting for RPC...
2026-10-07T14:05:48.708199Z  INFO nanospam::setup::node_launcher: Starting node: NANO_TEST_GENESIS_BLOCK="{\n    \"type\": \"open\",\n    \"account\": \"nano_3nroioygg54nusrmyun4woimqex36sp3drnctdt5955uqu47fxbkrxk7n7ne\",\n    \"source\": \"D315857CE70C54DE713F6E82E5613BB3A1266C15E28AD2F4338C7BBEC456F532\",\n    \"representative\": \"nano_3nroioygg54nusrmyun4woimqex36sp3drnctdt5955uqu47fxbkrxk7n7ne\",\n    \"signature\": \"3F6792C2DC623DF2E8643777160AB983B66B337E2478E13D2C3448126A8F4CD8DCCD19803C158A057FA44060AE0EFC09B1C311CB4FBF42F8D240610B38F56E08\",\n    \"work\": \"70FEF01F7EC45DEC\"\n    }" NANO_TEST_GENESIS_PRV ="49643F9B10CA1AA34F9AF8ED4AABD29F436104CCC375974B108534A48EAE3FE1" "rsnano" "--network" "test" "--data-path" "/var/folders/1y/px089b2s6f9d893xp1p4c7wh0000gn/T/rai-gate-b-fafxlcl5/pr4" "node" "run"
2026-10-07T14:05:48.709792Z  INFO nanospam::setup::node_launcher: Waiting for RPC...
2026-10-07T14:05:48.813449Z  INFO nanospam::setup::node_launcher: Starting node: NANO_TEST_GENESIS_BLOCK="{\n    \"type\": \"open\",\n    \"account\": \"nano_3nroioygg54nusrmyun4woimqex36sp3drnctdt5955uqu47fxbkrxk7n7ne\",\n    \"source\": \"D315857CE70C54DE713F6E82E5613BB3A1266C15E28AD2F4338C7BBEC456F532\",\n    \"representative\": \"nano_3nroioygg54nusrmyun4woimqex36sp3drnctdt5955uqu47fxbkrxk7n7ne\",\n    \"signature\": \"3F6792C2DC623DF2E8643777160AB983B66B337E2478E13D2C3448126A8F4CD8DCCD19803C158A057FA44060AE0EFC09B1C311CB4FBF42F8D240610B38F56E08\",\n    \"work\": \"70FEF01F7EC45DEC\"\n    }" NANO_TEST_GENESIS_PRV ="49643F9B10CA1AA34F9AF8ED4AABD29F436104CCC375974B108534A48EAE3FE1" "rsnano" "--network" "test" "--data-path" "/var/folders/1y/px089b2s6f9d893xp1p4c7wh0000gn/T/rai-gate-b-fafxlcl5/pr5" "node" "run"
2026-10-07T14:05:48.814679Z  INFO nanospam::setup::node_launcher: Waiting for RPC...
2026-10-07T14:05:48.917605Z  INFO nanospam::wallets_factory: Creating wallet...
2026-10-07T14:05:48.995628Z  INFO nanospam::wallets_factory: Setting default representative...
2026-10-07T14:05:48.995960Z  INFO nanospam::wallets_factory: Creating wallet...
2026-10-07T14:05:49.040687Z  INFO nanospam::wallets_factory: Setting default representative...
2026-10-07T14:05:49.041008Z  INFO nanospam::wallets_factory: Sending Ӿ56,547,061 to PR1 wallet nano_3atmwjh8t11psdqf3qx6xjfiei94oajch6zsyauowxzjogbbgz168g5mp8f1 ...
2026-10-07T14:05:49.041416Z  INFO nanospam::wallets_factory: Waiting for confirmation for 70B574FB519B8DEA27D8F4952C2E7B0378B009608D6FC967984D3C83440C9C3D
2026-10-07T14:06:04.143419Z  INFO nanospam::wallets_factory: Receiving...
2026-10-07T14:06:04.145721Z  INFO nanospam::wallets_factory: Waiting for confirmation for 011C6AC2721054F46B03A50885AF48083A4A685154A55D85116DBCE413673F86
2026-10-07T14:06:04.248909Z  INFO nanospam::wallets_factory: DONE
2026-10-07T14:06:04.249008Z  INFO nanospam::wallets_factory: ********************************************************************************
2026-10-07T14:06:04.249043Z  INFO nanospam::wallets_factory: Creating wallet...
2026-10-07T14:06:04.328535Z  INFO nanospam::wallets_factory: Setting default representative...
2026-10-07T14:06:04.328924Z  INFO nanospam::wallets_factory: Sending Ӿ56,547,061 to PR2 wallet nano_36asm8scxymtsjmgqp14per3zxpgaec1c65qb9en1buscq7qzqa93tfyyzs3 ...
2026-10-07T14:06:04.329427Z  INFO nanospam::wallets_factory: Waiting for confirmation for 76B3937072C015B69E45D5458B47CF52A54A38F8ED441B0E21561A3048243E90
2026-10-07T14:06:04.637039Z  INFO nanospam::wallets_factory: Receiving...
2026-10-07T14:06:04.639617Z  INFO nanospam::wallets_factory: Waiting for confirmation for 402DCF4725254BECF5C5CB5F707C169725EE114819D289F8A5477C2FFF19BDC0
2026-10-07T14:06:04.844939Z  INFO nanospam::wallets_factory: DONE
2026-10-07T14:06:04.845247Z  INFO nanospam::wallets_factory: ********************************************************************************
2026-10-07T14:06:04.845269Z  INFO nanospam::wallets_factory: Creating wallet...
2026-10-07T14:06:04.927219Z  INFO nanospam::wallets_factory: Setting default representative...
2026-10-07T14:06:04.927574Z  INFO nanospam::wallets_factory: Sending Ӿ56,547,061 to PR3 wallet nano_1sfb11jzfi8k51fcnrzi1qe3qh1e1jkic3h45oak9yfg5yhbkczzxfwtat7m ...
2026-10-07T14:06:04.927997Z  INFO nanospam::wallets_factory: Waiting for confirmation for FF4589BE1759B38CC94ABA0AE4FE6644845FE957C02EA9CEA669A28C8D1ADE97
2026-10-07T14:06:20.227960Z  INFO nanospam::wallets_factory: Receiving...
2026-10-07T14:06:20.230081Z  INFO nanospam::wallets_factory: Waiting for confirmation for 1210B877FF188F4FF352C0EDE856AA702A1D6763EFA96EA84BB10519898BE6D0
2026-10-07T14:06:20.333150Z  INFO nanospam::wallets_factory: DONE
2026-10-07T14:06:20.333254Z  INFO nanospam::wallets_factory: ********************************************************************************
2026-10-07T14:06:20.333267Z  INFO nanospam::wallets_factory: Creating wallet...
2026-10-07T14:06:20.411085Z  INFO nanospam::wallets_factory: Setting default representative...
2026-10-07T14:06:20.411464Z  INFO nanospam::wallets_factory: Sending Ӿ56,547,061 to PR4 wallet nano_1rsxmoinip7d4wafdp855194n43fs7s1jgne6tx8ruatiu6g89815pddzijp ...
2026-10-07T14:06:20.411935Z  INFO nanospam::wallets_factory: Waiting for confirmation for 23D89F3531AC5EE2378D3606C70B24D2A7B9016B8ADB1A970E6B1D9E7576186D
2026-10-07T14:06:20.617410Z  INFO nanospam::wallets_factory: Receiving...
2026-10-07T14:06:20.619387Z  INFO nanospam::wallets_factory: Waiting for confirmation for 8D401F6072C9B3A9EFBA68DA33CC97FF1D15EEB9F09CE4731C1A7614578C3E56
2026-10-07T14:06:20.825183Z  INFO nanospam::wallets_factory: DONE
2026-10-07T14:06:20.825307Z  INFO nanospam::wallets_factory: ********************************************************************************
2026-10-07T14:06:20.825332Z  INFO nanospam::wallets_factory: Creating wallet...
2026-10-07T14:06:20.906047Z  INFO nanospam::wallets_factory: Setting default representative...
2026-10-07T14:06:20.906419Z  INFO nanospam::wallets_factory: Sending Ӿ56,547,061 to PR5 wallet nano_1wtzwadxk9naxc356m4rienp93ht131w7ypadk39qck8uah3bg3zohsmj9th ...
2026-10-07T14:06:20.906848Z  INFO nanospam::wallets_factory: Waiting for confirmation for A5666BC59C8DD98A7E52D6F61006629E4EDB37063C12A73BFB41D35538B371CA
2026-10-07T14:06:36.110355Z  INFO nanospam::wallets_factory: Receiving...
2026-10-07T14:06:36.113131Z  INFO nanospam::wallets_factory: Waiting for confirmation for 49EEF9EFFD843E7FE6FB8D0DE0A19E8B88DBE91F26F5FDDB0E8862DEF7553864
2026-10-07T14:06:36.318369Z  INFO nanospam::wallets_factory: DONE
2026-10-07T14:06:36.318529Z  INFO nanospam::wallets_factory: ********************************************************************************
2026-10-07T14:06:36.318561Z  INFO nanospam::wallets_factory: Sending initial spam amount...
2026-10-07T14:06:36.320355Z  INFO nanospam::wallets_factory: Waiting for confirmation for 1CECC65ABA9D816F6E87CFC7A5C2F32329FD34C268ECCFDDEBE06E3C21F3CA8A
2026-10-07T14:06:36.527156Z  INFO nanospam::wallets_factory: Receiving initial spam amount...
2026-10-07T14:06:36.528227Z  INFO nanospam::wallets_factory: Waiting for confirmation for F80A390DB30CB5F47929521F0F598C73A45283BC67A88CFC5D1072BCA2488D94
2026-10-07T14:06:36.735104Z  INFO nanospam::wallets_factory: Seeding Ӿ142,857 to nano_186zhwwfx6uixtn5ai4xk8b3j4iuqkgzd4zrzgxmirccoek6swaywmjj96d1 for representative D315857CE70C54DE713F6E82E5613BB3A1266C15E28AD2F4338C7BBEC456F532
2026-10-07T14:06:36.736558Z  INFO nanospam::wallets_factory: Waiting for confirmation for 75F374B5FE0119AC80772D5BE133503D7A98F0AC942111F170D7F86B4BE5ED62
2026-10-07T14:06:36.945203Z  INFO nanospam::wallets_factory: Waiting for confirmation for 305E94E8A2022823443C5B5D6D11197CF747016F5B1EDA98D683F6315E2EB890
2026-10-07T14:06:37.151342Z  INFO nanospam::wallets_factory: Seeding Ӿ142,857 to nano_1brf6o683cyc1u796ry1c9k4t8m8t8oqdej6cfwu5zpn83iqujk55jch3fbr for representative A353E45E6D0016CAEED0DFA4EC5B0640E2AA22A793F9F2375E77F1AB92977C04
2026-10-07T14:06:37.152435Z  INFO nanospam::wallets_factory: Waiting for confirmation for C36C7A59E977EDD0B81B205965978FCC5809A59042B66BA3703CE6216C198309
2026-10-07T14:06:37.256946Z  INFO nanospam::wallets_factory: Waiting for confirmation for 38FD136250861193A59F0129E7FC916359651CD6D89DB195167440160923DA8B
2026-10-07T14:06:37.464039Z  INFO nanospam::wallets_factory: Seeding Ӿ142,857 to nano_144d68qfztsp7bjrg3ntpza4ehisy348w3m6b46eop3pcxuyw1abg133jks4 for representative 911999B2AEFA7ACC66EBD802B3301FF6CE431405107749D940277955CB7FDD07
2026-10-07T14:06:37.464961Z  INFO nanospam::wallets_factory: Waiting for confirmation for 26952DC80C620F79BCF33B51B6377CB8320C9AA4B1E7E91708D939CB845BFB70
2026-10-07T14:06:37.672850Z  INFO nanospam::wallets_factory: Waiting for confirmation for 7A6A28D912A10355E7C15E3F1D2C3E29964AFDE1CFC79B7E689D74D361B35540
2026-10-07T14:06:37.776999Z  INFO nanospam::wallets_factory: Seeding Ӿ142,857 to nano_3mw3q6znkixn8mskq3q1okmdwhee5cr7c6tt1tmpqaowcoy4yyo3g417pi5h for representative 65A90023F6C0D2181AAA63F005D81BBC0C04650505E21D5123F9AE1F9E992BFF
2026-10-07T14:06:37.778423Z  INFO nanospam::wallets_factory: Waiting for confirmation for A6BE275FB3783293176FE24F09EC2D6F287FCC4D04DE67E508C02370C1242E6D
2026-10-07T14:06:37.984652Z  INFO nanospam::wallets_factory: Waiting for confirmation for B1520F57751E46DA7D1AE45E3777DDB82328FB9D6734E8DEEF4A6CC981C220A8
2026-10-07T14:06:38.190071Z  INFO nanospam::wallets_factory: Seeding Ӿ142,857 to nano_3u1gat19a1e1bkrjkmutuc1qasppryo8ioinijewqtx3kmw8c75qp3ux51is for representative 633D9D614858AB1710D5D8C3180E2A082DC97208BA8C26BA6C6D1A86C8E31CC0
2026-10-07T14:06:38.191556Z  INFO nanospam::wallets_factory: Waiting for confirmation for E8EBB54B431A408BD151625B91E2C07233F3FF22412D6AFDE398A98A14A7227F
2026-10-07T14:06:38.400491Z  INFO nanospam::wallets_factory: Waiting for confirmation for 85F4DBB44AC13A363179F4EB8C71002C70B3CCE6594EDC803A4142088A708E8C
2026-10-07T14:06:38.608179Z  INFO nanospam::wallets_factory: Seeding Ӿ142,857 to nano_1pycygct3bz45n1w3xk9qnw1yfyu6f5sq734gz4hxrbi13qg7mqigr8x79cd for representative 735FE217D91E88EA82324C5883296385FA0041C2FAC85C827BAA46DA1E14B83F
2026-10-07T14:06:38.609681Z  INFO nanospam::wallets_factory: Waiting for confirmation for 00F818D600D4FC767857B74117FFD1EBD08C4A418B0EA0EE9286DDBBD5EA4BD1
2026-10-07T14:06:38.818284Z  INFO nanospam::wallets_factory: Waiting for confirmation for 1B35BA901FB097E3D54C697FDB314244AE268F46597042A7EEFE434A09B44CBE
2026-10-07T14:06:39.026688Z  INFO nanospam::high_prio_check: Creating high priority accounts...
2026-10-07T14:06:39.053475Z  INFO nanospam::high_prio_check: Waiting for confirmations...
2026-10-07T14:06:41.156236Z  INFO nanospam::app: Waiting for all PRs to see the full quorum...
2026-10-07T14:06:51.334833Z  INFO nanospam::app: Republished the genesis chain to all PRs
2026-10-07T14:06:56.235663Z  INFO nanospam::app: Republished the genesis chain to all PRs
2026-10-07T14:07:01.347355Z  INFO nanospam::app: Republished the genesis chain to all PRs
2026-10-07T14:07:06.255751Z  INFO nanospam::app: Republished the genesis chain to all PRs
2026-10-07T14:07:06.663176Z  INFO nanospam::app: All PRs see the full quorum after 25.507597333s
2026-10-07T14:07:06.663334Z  INFO nanospam::app: Waiting for all PRs to hold the same cemented ledger...
2026-10-07T14:07:06.664548Z  INFO nanospam::app: All PRs hold the same ledger of 65 blocks after 1.194875ms
EPOCH_COMMITTEE derived_by=genesis members=6 accounts=33 n=6 digest=95D409445152DD075E6A4799205DFA5689496EB8EE1A22AC2A200B9DBC2DCF27 shares=["A353E45E:16.7%", "65A90023:16.7%", "D315857C:16.7%", "911999B2:16.7%", "633D9D61:16.7%", "735FE217:16.7%"] t=1791382026664
EPOCH_START epoch=0 elections=0 t=1791382026665
EPOCH_COMMITTEE derived_by=genesis members=6 accounts=33 n=6 digest=95D409445152DD075E6A4799205DFA5689496EB8EE1A22AC2A200B9DBC2DCF27 shares=["A353E45E:16.7%", "65A90023:16.7%", "D315857C:16.7%", "911999B2:16.7%", "633D9D61:16.7%", "735FE217:16.7%"] t=1791382026665
EPOCH_START epoch=0 elections=0 t=1791382026665
EPOCH_COMMITTEE derived_by=genesis members=6 accounts=33 n=6 digest=95D409445152DD075E6A4799205DFA5689496EB8EE1A22AC2A200B9DBC2DCF27 shares=["A353E45E:16.7%", "65A90023:16.7%", "D315857C:16.7%", "911999B2:16.7%", "633D9D61:16.7%", "735FE217:16.7%"] t=1791382026665
EPOCH_START epoch=0 elections=0 t=1791382026665
EPOCH_COMMITTEE derived_by=genesis members=6 accounts=33 n=6 digest=95D409445152DD075E6A4799205DFA5689496EB8EE1A22AC2A200B9DBC2DCF27 shares=["A353E45E:16.7%", "65A90023:16.7%", "D315857C:16.7%", "911999B2:16.7%", "633D9D61:16.7%", "735FE217:16.7%"] t=1791382026666
EPOCH_START epoch=0 elections=0 t=1791382026666
EPOCH_COMMITTEE derived_by=genesis members=6 accounts=33 n=6 digest=95D409445152DD075E6A4799205DFA5689496EB8EE1A22AC2A200B9DBC2DCF27 shares=["A353E45E:16.7%", "65A90023:16.7%", "D315857C:16.7%", "911999B2:16.7%", "633D9D61:16.7%", "735FE217:16.7%"] t=1791382026667
EPOCH_START epoch=0 elections=0 t=1791382026667
EPOCH_COMMITTEE derived_by=genesis members=6 accounts=33 n=6 digest=95D409445152DD075E6A4799205DFA5689496EB8EE1A22AC2A200B9DBC2DCF27 shares=["A353E45E:16.7%", "65A90023:16.7%", "D315857C:16.7%", "911999B2:16.7%", "633D9D61:16.7%", "735FE217:16.7%"] t=1791382026667
EPOCH_START epoch=0 elections=0 t=1791382026667
2026-10-07T14:07:06.668126Z  INFO nanospam::app: Started the epochs on every PR
2026-10-07T14:07:06.668153Z  INFO nanospam::app: Connecting to node PR0... peer_addr=[::1]:17075
2026-10-07T14:07:06.668619Z  INFO nanospam::app: Performing handshake...
2026-10-07T14:07:06.669365Z  INFO nanospam::app: Performing handshake...
2026-10-07T14:07:06.680258Z  INFO nanospam::app: Performing handshake...
2026-10-07T14:07:06.691236Z  INFO nanospam::app: Performing handshake...
2026-10-07T14:07:06.702009Z  INFO nanospam::app: Connecting to node PR1... peer_addr=[::1]:17085
2026-10-07T14:07:06.702243Z  INFO nanospam::app: Performing handshake...
2026-10-07T14:07:06.703043Z  INFO nanospam::app: Performing handshake...
2026-10-07T14:07:06.714124Z  INFO nanospam::app: Performing handshake...
2026-10-07T14:07:06.725111Z  INFO nanospam::app: Performing handshake...
2026-10-07T14:07:06.735673Z  INFO nanospam::app: Connecting to node PR2... peer_addr=[::1]:17095
2026-10-07T14:07:06.735935Z  INFO nanospam::app: Performing handshake...
2026-10-07T14:07:06.736941Z  INFO nanospam::app: Performing handshake...
2026-10-07T14:07:06.748406Z  INFO nanospam::app: Performing handshake...
2026-10-07T14:07:06.760828Z  INFO nanospam::app: Performing handshake...
2026-10-07T14:07:06.771861Z  INFO nanospam::app: Connecting to node PR3... peer_addr=[::1]:17105
2026-10-07T14:07:06.772106Z  INFO nanospam::app: Performing handshake...
2026-10-07T14:07:06.773025Z  INFO nanospam::app: Performing handshake...
2026-10-07T14:07:06.784475Z  INFO nanospam::app: Performing handshake...
2026-10-07T14:07:06.795926Z  INFO nanospam::app: Performing handshake...
2026-10-07T14:07:06.807672Z  INFO nanospam::app: Connecting to node PR4... peer_addr=[::1]:17115
2026-10-07T14:07:06.808015Z  INFO nanospam::app: Performing handshake...
2026-10-07T14:07:06.808512Z  INFO nanospam::app: Performing handshake...
2026-10-07T14:07:06.819720Z  INFO nanospam::app: Performing handshake...
2026-10-07T14:07:06.831009Z  INFO nanospam::app: Performing handshake...
2026-10-07T14:07:06.842173Z  INFO nanospam::app: Connecting to node PR5... peer_addr=[::1]:17125
2026-10-07T14:07:06.842479Z  INFO nanospam::app: Performing handshake...
2026-10-07T14:07:06.843426Z  INFO nanospam::app: Performing handshake...
2026-10-07T14:07:06.854933Z  INFO nanospam::app: Performing handshake...
2026-10-07T14:07:06.865485Z  INFO nanospam::app: Performing handshake...
2026-10-07T14:07:06.876415Z  INFO nanospam::app: Connecting to websocket...
2026-10-07T14:07:06.877305Z  INFO nanospam::app: Starting with 2000 BPS
2026-10-07T14:07:07.878246Z  INFO nanospam::app: Confirmed 653 blocks | 2,000 bps | 724 cps | avg conf time: 96 ms
2026-10-07T14:07:08.879063Z  INFO nanospam::app: Confirmed 3,777 blocks | 2,000 bps | 3,121 cps | avg conf time: 148 ms
2026-10-07T14:07:09.880246Z  INFO nanospam::app: Confirmed 6,159 blocks | 2,000 bps | 2,379 cps | avg conf time: 139 ms
2026-10-07T14:07:10.881142Z  INFO nanospam::app: Confirmed 7,957 blocks | 2,000 bps | 1,796 cps | avg conf time: 92 ms
2026-10-07T14:07:11.882083Z  INFO nanospam::app: Confirmed 9,820 blocks | 2,000 bps | 1,861 cps | avg conf time: 95 ms
2026-10-07T14:07:12.882926Z  INFO nanospam::app: Confirmed 11,672 blocks | 2,000 bps | 1,850 cps | avg conf time: 97 ms
2026-10-07T14:07:13.883957Z  INFO nanospam::app: Confirmed 13,493 blocks | 2,000 bps | 1,819 cps | avg conf time: 94 ms
EPOCH_ENDED epoch=0 elections=971 active=211 t=1791382034672
EPOCH_ENDED epoch=0 elections=971 active=195 t=1791382034672
EPOCH_ENDED epoch=0 elections=971 active=218 t=1791382034672
EPOCH_ENDED epoch=0 elections=971 active=209 t=1791382034672
EPOCH_ENDED epoch=0 elections=972 active=217 t=1791382034672
EPOCH_ENDED epoch=0 elections=972 active=217 t=1791382034672
EPOCH_ADVANCED epoch=1 elections=971 active=218 vote_records=177299 t=1791382034693
EPOCH_ADVANCED epoch=1 elections=971 active=195 vote_records=177278 t=1791382034695
EPOCH_ADVANCED epoch=1 elections=972 active=217 vote_records=177295 t=1791382034699
EPOCH_REPORT epoch=0 certified=14985 residual=997 root=8F055E59D45D21779BFBD6FC04A82A0613017CEC289CE7D5A9DCC441708B51EE reports=1 t=1791382034699
EPOCH_REPORT epoch=0 certified=14985 residual=943 root=8F055E59D45D21779BFBD6FC04A82A0613017CEC289CE7D5A9DCC441708B51EE reports=1 t=1791382034702
EPOCH_ADVANCED epoch=1 elections=971 active=209 vote_records=177292 t=1791382034704
EPOCH_REPORT epoch=0 certified=14985 residual=970 root=8F055E59D45D21779BFBD6FC04A82A0613017CEC289CE7D5A9DCC441708B51EE reports=1 t=1791382034710
EPOCH_REPORT epoch=0 certified=14985 residual=990 root=8F055E59D45D21779BFBD6FC04A82A0613017CEC289CE7D5A9DCC441708B51EE reports=1 t=1791382034715
EPOCH_ADVANCED epoch=1 elections=971 active=211 vote_records=177288 t=1791382034715
EPOCH_REPORT epoch=0 certified=14985 residual=963 root=8F055E59D45D21779BFBD6FC04A82A0613017CEC289CE7D5A9DCC441708B51EE reports=1 t=1791382034722
EPOCH_ADVANCED epoch=1 elections=972 active=217 vote_records=177271 t=1791382034733
EPOCH_RECONCILED epoch=0 reporter=D315857CE70C54DE713F6E82E5613BB3A1266C15E28AD2F4338C7BBEC456F532 complete=false entries=0 total=14985 symbols=0 dropped=false t=1791382034735
EPOCH_RECONCILED epoch=0 reporter=D315857CE70C54DE713F6E82E5613BB3A1266C15E28AD2F4338C7BBEC456F532 complete=false entries=965 total=965 symbols=0 dropped=false t=1791382034738
EPOCH_RECONCILED epoch=0 reporter=633D9D614858AB1710D5D8C3180E2A082DC97208BA8C26BA6C6D1A86C8E31CC0 complete=false entries=0 total=14985 symbols=0 dropped=false t=1791382034739
EPOCH_RECONCILED epoch=0 reporter=633D9D614858AB1710D5D8C3180E2A082DC97208BA8C26BA6C6D1A86C8E31CC0 complete=false entries=938 total=938 symbols=0 dropped=false t=1791382034742
EPOCH_RECONCILED epoch=0 reporter=65A90023F6C0D2181AAA63F005D81BBC0C04650505E21D5123F9AE1F9E992BFF complete=false entries=0 total=14985 symbols=0 dropped=false t=1791382034743
EPOCH_RECONCILED epoch=0 reporter=65A90023F6C0D2181AAA63F005D81BBC0C04650505E21D5123F9AE1F9E992BFF complete=false entries=985 total=985 symbols=0 dropped=false t=1791382034746
EPOCH_RECONCILED epoch=0 reporter=735FE217D91E88EA82324C5883296385FA0041C2FAC85C827BAA46DA1E14B83F complete=false entries=0 total=14985 symbols=0 dropped=false t=1791382034746
EPOCH_REPORT epoch=0 certified=14985 residual=956 root=8F055E59D45D21779BFBD6FC04A82A0613017CEC289CE7D5A9DCC441708B51EE reports=1 t=1791382034749
EPOCH_RECONCILED epoch=0 reporter=735FE217D91E88EA82324C5883296385FA0041C2FAC85C827BAA46DA1E14B83F complete=false entries=948 total=948 symbols=0 dropped=false t=1791382034749
EPOCH_CLOSE_UNREADY epoch=0 short_of=reports usable=1 weight=1 required=5 held=4 theirs=["D315857C:8F055E59:891FD70F", "633D9D61:8F055E59:FDE249D6", "65A90023:8F055E59:DCBE6143", "735FE217:8F055E59:2E00BB4B"] t=1791382034749
EPOCH_RECONCILED epoch=0 reporter=65A90023F6C0D2181AAA63F005D81BBC0C04650505E21D5123F9AE1F9E992BFF complete=true entries=12 total=997 symbols=16 dropped=false t=1791382034752
EPOCH_RECONCILED epoch=0 reporter=633D9D614858AB1710D5D8C3180E2A082DC97208BA8C26BA6C6D1A86C8E31CC0 complete=true entries=5 total=943 symbols=16 dropped=false t=1791382034753
EPOCH_RECONCILED epoch=0 reporter=D315857CE70C54DE713F6E82E5613BB3A1266C15E28AD2F4338C7BBEC456F532 complete=true entries=5 total=970 symbols=16 dropped=false t=1791382034753
EPOCH_RECONCILED epoch=0 reporter=735FE217D91E88EA82324C5883296385FA0041C2FAC85C827BAA46DA1E14B83F complete=true entries=15 total=963 symbols=32 dropped=false t=1791382034754
EPOCH_RECONCILED epoch=0 reporter=A353E45E6D0016CAEED0DFA4EC5B0640E2AA22A793F9F2375E77F1AB92977C04 complete=false entries=0 total=14985 symbols=0 dropped=false t=1791382034778
EPOCH_RECONCILED epoch=0 reporter=A353E45E6D0016CAEED0DFA4EC5B0640E2AA22A793F9F2375E77F1AB92977C04 complete=false entries=946 total=946 symbols=0 dropped=false t=1791382034782
EPOCH_RECONCILED epoch=0 reporter=911999B2AEFA7ACC66EBD802B3301FF6CE431405107749D940277955CB7FDD07 complete=false entries=0 total=14985 symbols=0 dropped=false t=1791382034782
EPOCH_RECONCILED epoch=0 reporter=911999B2AEFA7ACC66EBD802B3301FF6CE431405107749D940277955CB7FDD07 complete=false entries=888 total=888 symbols=0 dropped=false t=1791382034785
EPOCH_RECONCILED epoch=0 reporter=65A90023F6C0D2181AAA63F005D81BBC0C04650505E21D5123F9AE1F9E992BFF complete=false entries=0 total=14985 symbols=0 dropped=false t=1791382034786
EPOCH_RECONCILED epoch=0 reporter=65A90023F6C0D2181AAA63F005D81BBC0C04650505E21D5123F9AE1F9E992BFF complete=false entries=987 total=987 symbols=0 dropped=false t=1791382034789
EPOCH_RECONCILED epoch=0 reporter=633D9D614858AB1710D5D8C3180E2A082DC97208BA8C26BA6C6D1A86C8E31CC0 complete=false entries=0 total=14985 symbols=0 dropped=false t=1791382034800
EPOCH_RECONCILED epoch=0 reporter=633D9D614858AB1710D5D8C3180E2A082DC97208BA8C26BA6C6D1A86C8E31CC0 complete=false entries=884 total=884 symbols=0 dropped=false t=1791382034805
EPOCH_RECONCILED epoch=0 reporter=D315857CE70C54DE713F6E82E5613BB3A1266C15E28AD2F4338C7BBEC456F532 complete=false entries=0 total=14985 symbols=0 dropped=false t=1791382034806
EPOCH_RECONCILED epoch=0 reporter=633D9D614858AB1710D5D8C3180E2A082DC97208BA8C26BA6C6D1A86C8E31CC0 complete=false entries=0 total=14985 symbols=0 dropped=false t=1791382034825
EPOCH_RECONCILED epoch=0 reporter=735FE217D91E88EA82324C5883296385FA0041C2FAC85C827BAA46DA1E14B83F complete=false entries=0 total=14985 symbols=0 dropped=false t=1791382034831
EPOCH_RECONCILED epoch=0 reporter=735FE217D91E88EA82324C5883296385FA0041C2FAC85C827BAA46DA1E14B83F complete=false entries=939 total=939 symbols=0 dropped=false t=1791382034835
EPOCH_RECONCILED epoch=0 reporter=A353E45E6D0016CAEED0DFA4EC5B0640E2AA22A793F9F2375E77F1AB92977C04 complete=false entries=0 total=14985 symbols=0 dropped=false t=1791382034835
EPOCH_RECONCILED epoch=0 reporter=A353E45E6D0016CAEED0DFA4EC5B0640E2AA22A793F9F2375E77F1AB92977C04 complete=false entries=950 total=950 symbols=0 dropped=false t=1791382034839
EPOCH_RECONCILED epoch=0 reporter=633D9D614858AB1710D5D8C3180E2A082DC97208BA8C26BA6C6D1A86C8E31CC0 complete=false entries=0 total=14985 symbols=0 dropped=false t=1791382034839
EPOCH_RECONCILED epoch=0 reporter=633D9D614858AB1710D5D8C3180E2A082DC97208BA8C26BA6C6D1A86C8E31CC0 complete=true entries=943 total=943 symbols=0 dropped=false t=1791382034842
EPOCH_RECONCILED epoch=0 reporter=911999B2AEFA7ACC66EBD802B3301FF6CE431405107749D940277955CB7FDD07 complete=false entries=0 total=14985 symbols=0 dropped=false t=1791382034842
EPOCH_RECONCILED epoch=0 reporter=911999B2AEFA7ACC66EBD802B3301FF6CE431405107749D940277955CB7FDD07 complete=true entries=990 total=990 symbols=0 dropped=false t=1791382034845
EPOCH_RECONCILED epoch=0 reporter=633D9D614858AB1710D5D8C3180E2A082DC97208BA8C26BA6C6D1A86C8E31CC0 complete=false entries=940 total=940 symbols=0 dropped=false t=1791382034855
EPOCH_RECONCILED epoch=0 reporter=D315857CE70C54DE713F6E82E5613BB3A1266C15E28AD2F4338C7BBEC456F532 complete=false entries=0 total=14985 symbols=0 dropped=false t=1791382034856
EPOCH_RECONCILED epoch=0 reporter=D315857CE70C54DE713F6E82E5613BB3A1266C15E28AD2F4338C7BBEC456F532 complete=false entries=947 total=947 symbols=0 dropped=false t=1791382034858
EPOCH_RECONCILED epoch=0 reporter=D315857CE70C54DE713F6E82E5613BB3A1266C15E28AD2F4338C7BBEC456F532 complete=false entries=943 total=943 symbols=0 dropped=false t=1791382034867
EPOCH_RECONCILED epoch=0 reporter=65A90023F6C0D2181AAA63F005D81BBC0C04650505E21D5123F9AE1F9E992BFF complete=false entries=0 total=14985 symbols=0 dropped=false t=1791382034868
EPOCH_RECONCILED epoch=0 reporter=A353E45E6D0016CAEED0DFA4EC5B0640E2AA22A793F9F2375E77F1AB92977C04 complete=false entries=0 total=14985 symbols=0 dropped=false t=1791382034869
EPOCH_RECONCILED epoch=0 reporter=A353E45E6D0016CAEED0DFA4EC5B0640E2AA22A793F9F2375E77F1AB92977C04 complete=true entries=10 total=956 symbols=32 dropped=false t=1791382034875
EPOCH_RECONCILED epoch=0 reporter=65A90023F6C0D2181AAA63F005D81BBC0C04650505E21D5123F9AE1F9E992BFF complete=true entries=10 total=997 symbols=32 dropped=false t=1791382034875
EPOCH_RECONCILED epoch=0 reporter=D315857CE70C54DE713F6E82E5613BB3A1266C15E28AD2F4338C7BBEC456F532 complete=true entries=23 total=970 symbols=48 dropped=false t=1791382034875
EPOCH_RECONCILED epoch=0 reporter=633D9D614858AB1710D5D8C3180E2A082DC97208BA8C26BA6C6D1A86C8E31CC0 complete=true entries=59 total=943 symbols=108 dropped=false t=1791382034876
EPOCH_RECONCILED epoch=0 reporter=911999B2AEFA7ACC66EBD802B3301FF6CE431405107749D940277955CB7FDD07 complete=true entries=102 total=990 symbols=162 dropped=false t=1791382034876
EPOCH_RECONCILED epoch=0 reporter=A353E45E6D0016CAEED0DFA4EC5B0640E2AA22A793F9F2375E77F1AB92977C04 complete=true entries=956 total=956 symbols=0 dropped=false t=1791382034882
EPOCH_RECONCILED epoch=0 reporter=735FE217D91E88EA82324C5883296385FA0041C2FAC85C827BAA46DA1E14B83F complete=false entries=0 total=14985 symbols=0 dropped=false t=1791382034884
2026-10-07T14:07:14.885958Z  INFO nanospam::app: Confirmed 15,081 blocks | 2,000 bps | 1,584 cps | avg conf time: 93 ms
EPOCH_RECONCILED epoch=0 reporter=65A90023F6C0D2181AAA63F005D81BBC0C04650505E21D5123F9AE1F9E992BFF complete=false entries=991 total=991 symbols=0 dropped=false t=1791382034887
EPOCH_RECONCILED epoch=0 reporter=735FE217D91E88EA82324C5883296385FA0041C2FAC85C827BAA46DA1E14B83F complete=true entries=963 total=963 symbols=0 dropped=false t=1791382034890
EPOCH_RECONCILED epoch=0 reporter=911999B2AEFA7ACC66EBD802B3301FF6CE431405107749D940277955CB7FDD07 complete=false entries=0 total=14985 symbols=0 dropped=false t=1791382034891
EPOCH_RECONCILED epoch=0 reporter=911999B2AEFA7ACC66EBD802B3301FF6CE431405107749D940277955CB7FDD07 complete=true entries=990 total=990 symbols=0 dropped=false t=1791382034895
EPOCH_RECONCILED epoch=0 reporter=A353E45E6D0016CAEED0DFA4EC5B0640E2AA22A793F9F2375E77F1AB92977C04 complete=true entries=6 total=956 symbols=16 dropped=false t=1791382034919
EPOCH_RECONCILED epoch=0 reporter=65A90023F6C0D2181AAA63F005D81BBC0C04650505E21D5123F9AE1F9E992BFF complete=true entries=6 total=997 symbols=16 dropped=false t=1791382034919
EPOCH_RECONCILED epoch=0 reporter=735FE217D91E88EA82324C5883296385FA0041C2FAC85C827BAA46DA1E14B83F complete=true entries=24 total=963 symbols=48 dropped=false t=1791382034920
EPOCH_CLOSE_UNREADY epoch=0 short_of=reports usable=3 weight=3 required=5 held=5 theirs=["735FE217:8F055E59:2E00BB4B", "A353E45E:8F055E59:346E82B1", "633D9D61:8F055E59:FDE249D6", "911999B2:8F055E59:4AF9153E", "65A90023:8F055E59:DCBE6143"] t=1791382034922
EPOCH_RECONCILED epoch=0 reporter=911999B2AEFA7ACC66EBD802B3301FF6CE431405107749D940277955CB7FDD07 complete=false entries=0 total=14985 symbols=0 dropped=false t=1791382034937
EPOCH_RECONCILED epoch=0 reporter=911999B2AEFA7ACC66EBD802B3301FF6CE431405107749D940277955CB7FDD07 complete=false entries=972 total=972 symbols=0 dropped=false t=1791382034941
EPOCH_RECONCILED epoch=0 reporter=633D9D614858AB1710D5D8C3180E2A082DC97208BA8C26BA6C6D1A86C8E31CC0 complete=false entries=0 total=14985 symbols=0 dropped=false t=1791382034941
EPOCH_RECONCILED epoch=0 reporter=633D9D614858AB1710D5D8C3180E2A082DC97208BA8C26BA6C6D1A86C8E31CC0 complete=false entries=941 total=941 symbols=0 dropped=false t=1791382034944
EPOCH_RECONCILED epoch=0 reporter=735FE217D91E88EA82324C5883296385FA0041C2FAC85C827BAA46DA1E14B83F complete=false entries=0 total=14985 symbols=0 dropped=false t=1791382034945
EPOCH_RECONCILED epoch=0 reporter=65A90023F6C0D2181AAA63F005D81BBC0C04650505E21D5123F9AE1F9E992BFF complete=false entries=0 total=14985 symbols=0 dropped=false t=1791382034946
EPOCH_RECONCILED epoch=0 reporter=735FE217D91E88EA82324C5883296385FA0041C2FAC85C827BAA46DA1E14B83F complete=false entries=962 total=962 symbols=0 dropped=false t=1791382034957
EPOCH_RECONCILED epoch=0 reporter=A353E45E6D0016CAEED0DFA4EC5B0640E2AA22A793F9F2375E77F1AB92977C04 complete=false entries=0 total=14985 symbols=0 dropped=false t=1791382034959
EPOCH_RECONCILED epoch=0 reporter=65A90023F6C0D2181AAA63F005D81BBC0C04650505E21D5123F9AE1F9E992BFF complete=false entries=981 total=981 symbols=0 dropped=false t=1791382034959
EPOCH_RECONCILED epoch=0 reporter=D315857CE70C54DE713F6E82E5613BB3A1266C15E28AD2F4338C7BBEC456F532 complete=false entries=0 total=14985 symbols=0 dropped=false t=1791382034961
EPOCH_RECONCILED epoch=0 reporter=A353E45E6D0016CAEED0DFA4EC5B0640E2AA22A793F9F2375E77F1AB92977C04 complete=false entries=950 total=950 symbols=0 dropped=false t=1791382034964
EPOCH_RECONCILED epoch=0 reporter=65A90023F6C0D2181AAA63F005D81BBC0C04650505E21D5123F9AE1F9E992BFF complete=false entries=0 total=14985 symbols=0 dropped=false t=1791382034964
EPOCH_RECONCILED epoch=0 reporter=D315857CE70C54DE713F6E82E5613BB3A1266C15E28AD2F4338C7BBEC456F532 complete=false entries=964 total=964 symbols=0 dropped=false t=1791382034965
EPOCH_RECONCILED epoch=0 reporter=735FE217D91E88EA82324C5883296385FA0041C2FAC85C827BAA46DA1E14B83F complete=false entries=0 total=14985 symbols=0 dropped=false t=1791382034966
EPOCH_RECONCILED epoch=0 reporter=65A90023F6C0D2181AAA63F005D81BBC0C04650505E21D5123F9AE1F9E992BFF complete=false entries=991 total=991 symbols=0 dropped=false t=1791382034968
EPOCH_RECONCILED epoch=0 reporter=D315857CE70C54DE713F6E82E5613BB3A1266C15E28AD2F4338C7BBEC456F532 complete=false entries=0 total=14985 symbols=0 dropped=false t=1791382034968
EPOCH_RECONCILED epoch=0 reporter=735FE217D91E88EA82324C5883296385FA0041C2FAC85C827BAA46DA1E14B83F complete=false entries=947 total=947 symbols=0 dropped=false t=1791382034969
EPOCH_CLOSE_UNREADY epoch=0 short_of=reports usable=1 weight=1 required=5 held=5 theirs=["911999B2:8F055E59:4AF9153E", "633D9D61:8F055E59:FDE249D6", "65A90023:8F055E59:DCBE6143", "D315857C:8F055E59:891FD70F", "735FE217:8F055E59:2E00BB4B"] t=1791382034969
EPOCH_RECONCILED epoch=0 reporter=633D9D614858AB1710D5D8C3180E2A082DC97208BA8C26BA6C6D1A86C8E31CC0 complete=true entries=2 total=943 symbols=16 dropped=false t=1791382034970
EPOCH_RECONCILED epoch=0 reporter=D315857CE70C54DE713F6E82E5613BB3A1266C15E28AD2F4338C7BBEC456F532 complete=true entries=6 total=970 symbols=16 dropped=false t=1791382034971
EPOCH_RECONCILED epoch=0 reporter=911999B2AEFA7ACC66EBD802B3301FF6CE431405107749D940277955CB7FDD07 complete=true entries=18 total=990 symbols=32 dropped=false t=1791382034971
EPOCH_RECONCILED epoch=0 reporter=735FE217D91E88EA82324C5883296385FA0041C2FAC85C827BAA46DA1E14B83F complete=true entries=16 total=963 symbols=32 dropped=false t=1791382034972
EPOCH_RECONCILED epoch=0 reporter=D315857CE70C54DE713F6E82E5613BB3A1266C15E28AD2F4338C7BBEC456F532 complete=false entries=951 total=951 symbols=0 dropped=false t=1791382034973
EPOCH_RECONCILED epoch=0 reporter=65A90023F6C0D2181AAA63F005D81BBC0C04650505E21D5123F9AE1F9E992BFF complete=true entries=16 total=997 symbols=32 dropped=false t=1791382034973
EPOCH_RECONCILED epoch=0 reporter=911999B2AEFA7ACC66EBD802B3301FF6CE431405107749D940277955CB7FDD07 complete=false entries=0 total=14985 symbols=0 dropped=false t=1791382034974
EPOCH_RECONCILED epoch=0 reporter=633D9D614858AB1710D5D8C3180E2A082DC97208BA8C26BA6C6D1A86C8E31CC0 complete=true entries=3 total=943 symbols=16 dropped=false t=1791382034977
EPOCH_RECONCILED epoch=0 reporter=911999B2AEFA7ACC66EBD802B3301FF6CE431405107749D940277955CB7FDD07 complete=false entries=971 total=971 symbols=0 dropped=false t=1791382034977
EPOCH_CLOSE_UNREADY epoch=0 short_of=reports usable=1 weight=1 required=5 held=5 theirs=["735FE217:8F055E59:2E00BB4B", "A353E45E:8F055E59:346E82B1", "65A90023:8F055E59:DCBE6143", "D315857C:8F055E59:891FD70F", "911999B2:8F055E59:4AF9153E"] t=1791382034977
EPOCH_RECONCILED epoch=0 reporter=735FE217D91E88EA82324C5883296385FA0041C2FAC85C827BAA46DA1E14B83F complete=true entries=1 total=963 symbols=16 dropped=false t=1791382034979
EPOCH_RECONCILED epoch=0 reporter=A353E45E6D0016CAEED0DFA4EC5B0640E2AA22A793F9F2375E77F1AB92977C04 complete=true entries=6 total=956 symbols=16 dropped=false t=1791382034980
EPOCH_RECONCILED epoch=0 reporter=65A90023F6C0D2181AAA63F005D81BBC0C04650505E21D5123F9AE1F9E992BFF complete=true entries=6 total=997 symbols=16 dropped=false t=1791382034980
EPOCH_RECONCILED epoch=0 reporter=D315857CE70C54DE713F6E82E5613BB3A1266C15E28AD2F4338C7BBEC456F532 complete=true entries=19 total=970 symbols=48 dropped=false t=1791382034984
EPOCH_RECONCILED epoch=0 reporter=911999B2AEFA7ACC66EBD802B3301FF6CE431405107749D940277955CB7FDD07 complete=true entries=19 total=990 symbols=48 dropped=false t=1791382034984
EPOCH_RECONCILED epoch=0 reporter=D315857CE70C54DE713F6E82E5613BB3A1266C15E28AD2F4338C7BBEC456F532 complete=true entries=27 total=970 symbols=72 dropped=false t=1791382034985
EPOCH_CLOSE_UNREADY epoch=0 short_of=reports usable=4 weight=4 required=5 held=5 theirs=["633D9D61:8F055E59:FDE249D6", "D315857C:8F055E59:891FD70F", "A353E45E:8F055E59:346E82B1", "735FE217:8F055E59:2E00BB4B", "911999B2:8F055E59:4AF9153E"] t=1791382034988
EPOCH_CLOSE_READY epoch=0 t=1791382035010
EPOCH_RECONCILED epoch=0 reporter=A353E45E6D0016CAEED0DFA4EC5B0640E2AA22A793F9F2375E77F1AB92977C04 complete=false entries=0 total=14985 symbols=0 dropped=false t=1791382035045
EPOCH_RECONCILED epoch=0 reporter=A353E45E6D0016CAEED0DFA4EC5B0640E2AA22A793F9F2375E77F1AB92977C04 complete=false entries=950 total=950 symbols=0 dropped=false t=1791382035049
EPOCH_RECONCILED epoch=0 reporter=A353E45E6D0016CAEED0DFA4EC5B0640E2AA22A793F9F2375E77F1AB92977C04 complete=true entries=6 total=956 symbols=16 dropped=false t=1791382035050
EPOCH_CLOSE_ROUND epoch=0 round=0 leader=633D9D614858AB1710D5D8C3180E2A082DC97208BA8C26BA6C6D1A86C8E31CC0 leads=false t=1791382035066
EPOCH_CLOSE_READY epoch=0 t=1791382035175
EPOCH_CLOSE_READY epoch=0 t=1791382035195
EPOCH_CLOSE_READY epoch=0 t=1791382035217
EPOCH_CLOSE_READY epoch=0 t=1791382035293
EPOCH_CLOSE_READY epoch=0 t=1791382035294
EPOCH_CLOSE_ROUND epoch=0 round=0 leader=633D9D614858AB1710D5D8C3180E2A082DC97208BA8C26BA6C6D1A86C8E31CC0 leads=false t=1791382035327
EPOCH_CLOSE_ROUND epoch=0 round=0 leader=633D9D614858AB1710D5D8C3180E2A082DC97208BA8C26BA6C6D1A86C8E31CC0 leads=false t=1791382035413
EPOCH_PROPOSED epoch=0 round=0 value=7FB0BEC5A99A2AB84A06818A11FA9EFB61E4AE40A4092597C074F890DA9E8BF6 state=816A1D12A6A869322CDD1BE9E45FB36F431D2F644AC5751F82248D5D9865F3E4 reports=5 t=1791382035419
EPOCH_CLOSE_ROUND epoch=0 round=0 leader=633D9D614858AB1710D5D8C3180E2A082DC97208BA8C26BA6C6D1A86C8E31CC0 leads=false t=1791382035422
EPOCH_VALUE epoch=0 value=7FB0BEC5A99A2AB84A06818A11FA9EFB61E4AE40A4092597C074F890DA9E8BF6 state=816A1D12A6A869322CDD1BE9E45FB36F431D2F644AC5751F82248D5D9865F3E4 t=1791382035424
EPOCH_CLOSE_ROUND epoch=0 round=0 leader=633D9D614858AB1710D5D8C3180E2A082DC97208BA8C26BA6C6D1A86C8E31CC0 leads=false t=1791382035527
EPOCH_CLOSE_ROUND epoch=0 round=0 leader=633D9D614858AB1710D5D8C3180E2A082DC97208BA8C26BA6C6D1A86C8E31CC0 leads=true t=1791382035536
EPOCH_VALUE epoch=0 value=7FB0BEC5A99A2AB84A06818A11FA9EFB61E4AE40A4092597C074F890DA9E8BF6 state=816A1D12A6A869322CDD1BE9E45FB36F431D2F644AC5751F82248D5D9865F3E4 t=1791382035702
EPOCH_VALUE epoch=0 value=7FB0BEC5A99A2AB84A06818A11FA9EFB61E4AE40A4092597C074F890DA9E8BF6 state=816A1D12A6A869322CDD1BE9E45FB36F431D2F644AC5751F82248D5D9865F3E4 t=1791382035732
EPOCH_VALUE epoch=0 value=7FB0BEC5A99A2AB84A06818A11FA9EFB61E4AE40A4092597C074F890DA9E8BF6 state=816A1D12A6A869322CDD1BE9E45FB36F431D2F644AC5751F82248D5D9865F3E4 t=1791382035753
EPOCH_VALUE epoch=0 value=7FB0BEC5A99A2AB84A06818A11FA9EFB61E4AE40A4092597C074F890DA9E8BF6 state=816A1D12A6A869322CDD1BE9E45FB36F431D2F644AC5751F82248D5D9865F3E4 t=1791382035763
EPOCH_VALUE epoch=0 value=7FB0BEC5A99A2AB84A06818A11FA9EFB61E4AE40A4092597C074F890DA9E8BF6 state=816A1D12A6A869322CDD1BE9E45FB36F431D2F644AC5751F82248D5D9865F3E4 t=1791382035836
2026-10-07T14:07:15.886862Z  INFO nanospam::app: Confirmed 15,081 blocks | 2,000 bps | 0 cps | avg conf time: 0 ms
EPOCH_INSTALL epoch=0 finalized=15885 instances_confirmed=804 t=1791382035980
EPOCH_INSTALL epoch=0 finalized=15885 instances_confirmed=804 t=1791382035983
EPOCH_CLOSE_ROUND epoch=0 round=1 leader=65A90023F6C0D2181AAA63F005D81BBC0C04650505E21D5123F9AE1F9E992BFF leads=false t=1791382035986
EPOCH_INSTALL epoch=0 finalized=15885 instances_confirmed=804 t=1791382035988
EPOCH_INSTALL epoch=0 finalized=15885 instances_confirmed=804 t=1791382035992
EPOCH_INSTALL epoch=0 finalized=15885 instances_confirmed=804 t=1791382035995
EPOCH_INSTALL epoch=0 finalized=15885 instances_confirmed=804 t=1791382036003
EPOCH_COMMITTEE derived_by=0 members=6 accounts=7162 n=6 digest=95D409445152DD075E6A4799205DFA5689496EB8EE1A22AC2A200B9DBC2DCF27 shares=["735FE217:16.7%", "65A90023:16.7%", "D315857C:16.7%", "911999B2:16.7%", "633D9D61:16.7%", "A353E45E:16.7%"] t=1791382036243
EPOCH_OMITTED epoch=0 instances=1 retained=1 t=1791382036243
EPOCH_COMMITTEE derived_by=0 members=6 accounts=7162 n=6 digest=95D409445152DD075E6A4799205DFA5689496EB8EE1A22AC2A200B9DBC2DCF27 shares=["735FE217:16.7%", "65A90023:16.7%", "D315857C:16.7%", "911999B2:16.7%", "633D9D61:16.7%", "A353E45E:16.7%"] t=1791382036245
EPOCH_OMITTED epoch=0 instances=1 retained=1 t=1791382036245
EPOCH_COMMITTEE derived_by=0 members=6 accounts=7162 n=6 digest=95D409445152DD075E6A4799205DFA5689496EB8EE1A22AC2A200B9DBC2DCF27 shares=["735FE217:16.7%", "65A90023:16.7%", "D315857C:16.7%", "911999B2:16.7%", "633D9D61:16.7%", "A353E45E:16.7%"] t=1791382036253
EPOCH_OMITTED epoch=0 instances=1 retained=1 t=1791382036253
EPOCH_COMMITTEE derived_by=0 members=6 accounts=7162 n=6 digest=95D409445152DD075E6A4799205DFA5689496EB8EE1A22AC2A200B9DBC2DCF27 shares=["735FE217:16.7%", "65A90023:16.7%", "D315857C:16.7%", "911999B2:16.7%", "633D9D61:16.7%", "A353E45E:16.7%"] t=1791382036261
EPOCH_OMITTED epoch=0 instances=1 retained=1 t=1791382036261
EPOCH_COMMITTEE derived_by=0 members=6 accounts=7162 n=6 digest=95D409445152DD075E6A4799205DFA5689496EB8EE1A22AC2A200B9DBC2DCF27 shares=["735FE217:16.7%", "65A90023:16.7%", "D315857C:16.7%", "911999B2:16.7%", "633D9D61:16.7%", "A353E45E:16.7%"] t=1791382036261
EPOCH_OMITTED epoch=0 instances=1 retained=1 t=1791382036261
EPOCH_GATE epoch=1 released=2457 finalized=2129 t=1791382036264
EPOCH_CLOSED epoch=0 round=0 value=7FB0BEC5A99A2AB84A06818A11FA9EFB61E4AE40A4092597C074F890DA9E8BF6 state=816A1D12A6A869322CDD1BE9E45FB36F431D2F644AC5751F82248D5D9865F3E4 t=1791382036264
EPOCH_GATE epoch=1 released=2457 finalized=2129 t=1791382036271
EPOCH_CLOSED epoch=0 round=0 value=7FB0BEC5A99A2AB84A06818A11FA9EFB61E4AE40A4092597C074F890DA9E8BF6 state=816A1D12A6A869322CDD1BE9E45FB36F431D2F644AC5751F82248D5D9865F3E4 t=1791382036271
EPOCH_GATE epoch=1 released=2450 finalized=2129 t=1791382036277
EPOCH_CLOSED epoch=0 round=0 value=7FB0BEC5A99A2AB84A06818A11FA9EFB61E4AE40A4092597C074F890DA9E8BF6 state=816A1D12A6A869322CDD1BE9E45FB36F431D2F644AC5751F82248D5D9865F3E4 t=1791382036277
EPOCH_INSTALLED epoch=0 finalized=15885 cemented=15098 queued=17 missing=770 t=1791382036306
EPOCH_INSTALLED epoch=0 finalized=15885 cemented=15159 queued=726 missing=0 t=1791382036320
EPOCH_INSTALLED epoch=0 finalized=15885 cemented=15081 queued=25 missing=779 t=1791382036344
EPOCH_GATE epoch=1 released=2457 finalized=2129 t=1791382036387
EPOCH_CLOSED epoch=0 round=0 value=7FB0BEC5A99A2AB84A06818A11FA9EFB61E4AE40A4092597C074F890DA9E8BF6 state=816A1D12A6A869322CDD1BE9E45FB36F431D2F644AC5751F82248D5D9865F3E4 t=1791382036387
EPOCH_INSTALLED epoch=0 finalized=15885 cemented=15088 queued=797 missing=0 t=1791382036438
EPOCH_FOLLOW cemented=797 cementing=0 requested=0 pending=0 t=1791382036545
EPOCH_GATE epoch=1 released=2456 finalized=2129 t=1791382036548
EPOCH_CLOSED epoch=0 round=0 value=7FB0BEC5A99A2AB84A06818A11FA9EFB61E4AE40A4092597C074F890DA9E8BF6 state=816A1D12A6A869322CDD1BE9E45FB36F431D2F644AC5751F82248D5D9865F3E4 t=1791382036548
EPOCH_INSTALLED epoch=0 finalized=15885 cemented=15096 queued=11 missing=778 t=1791382036622
EPOCH_COMMITTEE derived_by=0 members=6 accounts=7162 n=6 digest=95D409445152DD075E6A4799205DFA5689496EB8EE1A22AC2A200B9DBC2DCF27 shares=["735FE217:16.7%", "65A90023:16.7%", "D315857C:16.7%", "911999B2:16.7%", "633D9D61:16.7%", "A353E45E:16.7%"] t=1791382036632
EPOCH_OMITTED epoch=0 instances=1 retained=1 t=1791382036632
EPOCH_FOLLOW cemented=787 cementing=0 requested=0 pending=0 t=1791382036640
EPOCH_GATE epoch=1 released=2455 finalized=2129 t=1791382036657
EPOCH_CLOSED epoch=0 round=0 value=7FB0BEC5A99A2AB84A06818A11FA9EFB61E4AE40A4092597C074F890DA9E8BF6 state=816A1D12A6A869322CDD1BE9E45FB36F431D2F644AC5751F82248D5D9865F3E4 t=1791382036657
EPOCH_INSTALLED epoch=0 finalized=15885 cemented=15720 queued=164 missing=1 t=1791382036718
EPOCH_FOLLOW cemented=726 cementing=0 requested=0 pending=0 t=1791382036747
2026-10-07T14:07:16.888206Z  INFO nanospam::app: Confirmed 18,212 blocks | 2,000 bps | 3,126 cps | avg conf time: 2302 ms
EPOCH_FOLLOW cemented=804 cementing=0 requested=0 pending=0 t=1791382037272
EPOCH_FOLLOW cemented=165 cementing=0 requested=0 pending=0 t=1791382037336
EPOCH_FOLLOW cemented=789 cementing=0 requested=0 pending=0 t=1791382037459
2026-10-07T14:07:17.889074Z  INFO nanospam::app: Confirmed 21,498 blocks | 2,000 bps | 3,283 cps | avg conf time: 338 ms
2026-10-07T14:07:18.890442Z  INFO nanospam::app: Confirmed 23,272 blocks | 2,000 bps | 1,771 cps | avg conf time: 98 ms
2026-10-07T14:07:19.890824Z  INFO nanospam::app: Confirmed 25,125 blocks | 2,000 bps | 1,852 cps | avg conf time: 102 ms
2026-10-07T14:07:20.891882Z  INFO nanospam::app: Confirmed 26,956 blocks | 2,000 bps | 1,829 cps | avg conf time: 98 ms
2026-10-07T14:07:21.892705Z  INFO nanospam::app: Confirmed 28,812 blocks | 2,000 bps | 1,854 cps | avg conf time: 98 ms
EPOCH_ENDED epoch=1 elections=905 active=181 t=1791382042665
EPOCH_ENDED epoch=1 elections=899 active=175 t=1791382042665
EPOCH_ENDED epoch=1 elections=879 active=184 t=1791382042666
EPOCH_ADVANCED epoch=2 elections=899 active=175 vote_records=353463 t=1791382042685
EPOCH_ADVANCED epoch=2 elections=905 active=181 vote_records=353396 t=1791382042685
EPOCH_ENDED epoch=1 elections=920 active=225 t=1791382042687
EPOCH_ENDED epoch=1 elections=919 active=215 t=1791382042687
EPOCH_ENDED epoch=1 elections=919 active=227 t=1791382042687
EPOCH_REPORT epoch=1 certified=14288 residual=862 root=0F11DF24C368E9EB008394FCC45E502A8F6F4DB5B39A424D6CD8E6599D6B01C9 reports=1 t=1791382042695
EPOCH_CLOSE_UNREADY epoch=1 short_of=reports usable=1 weight=1 required=5 held=0 theirs=[] t=1791382042699
EPOCH_REPORT epoch=1 certified=14288 residual=860 root=0F11DF24C368E9EB008394FCC45E502A8F6F4DB5B39A424D6CD8E6599D6B01C9 reports=1 t=1791382042706
EPOCH_ADVANCED epoch=2 elections=919 active=227 vote_records=353616 t=1791382042708
EPOCH_ADVANCED epoch=2 elections=920 active=225 vote_records=353640 t=1791382042709
EPOCH_ADVANCED epoch=2 elections=879 active=184 vote_records=353615 t=1791382042714
EPOCH_REPORT epoch=1 certified=14288 residual=897 root=ED94C1DB70E65423CD376D64790BB6BC983AC3D46576C1A1DE5112573C41C19D reports=1 t=1791382042718
EPOCH_REPORT epoch=1 certified=14288 residual=901 root=ED94C1DB70E65423CD376D64790BB6BC983AC3D46576C1A1DE5112573C41C19D reports=1 t=1791382042718
EPOCH_ADVANCED epoch=2 elections=919 active=215 vote_records=353635 t=1791382042719
EPOCH_REPORT epoch=1 certified=14288 residual=846 root=ED94C1DB70E65423CD376D64790BB6BC983AC3D46576C1A1DE5112573C41C19D reports=1 t=1791382042726
EPOCH_REPORT epoch=1 certified=14288 residual=924 root=ED94C1DB70E65423CD376D64790BB6BC983AC3D46576C1A1DE5112573C41C19D reports=1 t=1791382042736
EPOCH_RECONCILED epoch=1 reporter=D315857CE70C54DE713F6E82E5613BB3A1266C15E28AD2F4338C7BBEC456F532 complete=false entries=0 total=14288 symbols=0 dropped=false t=1791382042745
EPOCH_RECONCILED epoch=1 reporter=D315857CE70C54DE713F6E82E5613BB3A1266C15E28AD2F4338C7BBEC456F532 complete=false entries=842 total=842 symbols=0 dropped=false t=1791382042749
EPOCH_RECONCILED epoch=1 reporter=735FE217D91E88EA82324C5883296385FA0041C2FAC85C827BAA46DA1E14B83F complete=false entries=0 total=14288 symbols=0 dropped=false t=1791382042777
EPOCH_RECONCILED epoch=1 reporter=735FE217D91E88EA82324C5883296385FA0041C2FAC85C827BAA46DA1E14B83F complete=true entries=924 total=924 symbols=0 dropped=false t=1791382042781
EPOCH_RECONCILED epoch=1 reporter=633D9D614858AB1710D5D8C3180E2A082DC97208BA8C26BA6C6D1A86C8E31CC0 complete=false entries=0 total=14288 symbols=0 dropped=false t=1791382042782
EPOCH_RECONCILED epoch=1 reporter=633D9D614858AB1710D5D8C3180E2A082DC97208BA8C26BA6C6D1A86C8E31CC0 complete=false entries=896 total=896 symbols=0 dropped=false t=1791382042784
EPOCH_RECONCILED epoch=1 reporter=D315857CE70C54DE713F6E82E5613BB3A1266C15E28AD2F4338C7BBEC456F532 complete=true entries=20 total=862 symbols=32 dropped=false t=1791382042788
EPOCH_RECONCILED epoch=1 reporter=633D9D614858AB1710D5D8C3180E2A082DC97208BA8C26BA6C6D1A86C8E31CC0 complete=false entries=130 total=14288 symbols=243 dropped=false t=1791382042821
EPOCH_RECONCILED epoch=1 reporter=65A90023F6C0D2181AAA63F005D81BBC0C04650505E21D5123F9AE1F9E992BFF complete=false entries=130 total=14288 symbols=243 dropped=false t=1791382042821
EPOCH_RECONCILED epoch=1 reporter=911999B2AEFA7ACC66EBD802B3301FF6CE431405107749D940277955CB7FDD07 complete=false entries=130 total=14288 symbols=243 dropped=false t=1791382042821
EPOCH_RECONCILED epoch=1 reporter=911999B2AEFA7ACC66EBD802B3301FF6CE431405107749D940277955CB7FDD07 complete=false entries=0 total=14288 symbols=0 dropped=false t=1791382042832
EPOCH_RECONCILED epoch=1 reporter=911999B2AEFA7ACC66EBD802B3301FF6CE431405107749D940277955CB7FDD07 complete=true entries=846 total=846 symbols=0 dropped=false t=1791382042835
EPOCH_RECONCILED epoch=1 reporter=735FE217D91E88EA82324C5883296385FA0041C2FAC85C827BAA46DA1E14B83F complete=false entries=0 total=14288 symbols=0 dropped=false t=1791382042835
EPOCH_RECONCILED epoch=1 reporter=735FE217D91E88EA82324C5883296385FA0041C2FAC85C827BAA46DA1E14B83F complete=false entries=922 total=922 symbols=0 dropped=false t=1791382042838
EPOCH_CLOSE_UNREADY epoch=1 short_of=reports usable=1 weight=1 required=5 held=5 theirs=["633D9D61:ED94C1DB:46B80235", "D315857C:0F11DF24:07C363A3", "65A90023:ED94C1DB:DE98CDD1", "911999B2:ED94C1DB:9E08EFDC", "735FE217:ED94C1DB:C3A77C06"] t=1791382042840
EPOCH_RECONCILED epoch=1 reporter=911999B2AEFA7ACC66EBD802B3301FF6CE431405107749D940277955CB7FDD07 complete=false entries=0 total=14288 symbols=0 dropped=false t=1791382042841
EPOCH_RECONCILED epoch=1 reporter=65A90023F6C0D2181AAA63F005D81BBC0C04650505E21D5123F9AE1F9E992BFF complete=false entries=0 total=14288 symbols=0 dropped=false t=1791382042843
EPOCH_RECONCILED epoch=1 reporter=65A90023F6C0D2181AAA63F005D81BBC0C04650505E21D5123F9AE1F9E992BFF complete=true entries=901 total=901 symbols=0 dropped=false t=1791382042846
EPOCH_RECONCILED epoch=1 reporter=911999B2AEFA7ACC66EBD802B3301FF6CE431405107749D940277955CB7FDD07 complete=true entries=846 total=846 symbols=0 dropped=false t=1791382042871
EPOCH_RECONCILED epoch=1 reporter=735FE217D91E88EA82324C5883296385FA0041C2FAC85C827BAA46DA1E14B83F complete=true entries=2 total=924 symbols=16 dropped=false t=1791382042883
EPOCH_CLOSE_UNREADY epoch=1 short_of=reports usable=3 weight=3 required=5 held=5 theirs=["911999B2:ED94C1DB:9E08EFDC", "735FE217:ED94C1DB:C3A77C06", "D315857C:0F11DF24:07C363A3", "65A90023:ED94C1DB:DE98CDD1", "A353E45E:0F11DF24:216D08AF"] t=1791382042891
2026-10-07T14:07:22.893643Z  INFO nanospam::app: Confirmed 30,303 blocks | 2,000 bps | 1,489 cps | avg conf time: 101 ms
EPOCH_RECONCILED epoch=1 reporter=633D9D614858AB1710D5D8C3180E2A082DC97208BA8C26BA6C6D1A86C8E31CC0 complete=true entries=1 total=897 symbols=16 dropped=false t=1791382042906
EPOCH_RECONCILED epoch=1 reporter=D315857CE70C54DE713F6E82E5613BB3A1266C15E28AD2F4338C7BBEC456F532 complete=false entries=202 total=14288 symbols=364 dropped=false t=1791382042915
EPOCH_RECONCILED epoch=1 reporter=A353E45E6D0016CAEED0DFA4EC5B0640E2AA22A793F9F2375E77F1AB92977C04 complete=false entries=202 total=14288 symbols=364 dropped=false t=1791382042915
EPOCH_CLOSE_UNREADY epoch=1 short_of=reports usable=3 weight=3 required=5 held=5 theirs=["735FE217:ED94C1DB:C3A77C06", "633D9D61:ED94C1DB:46B80235", "D315857C:0F11DF24:07C363A3", "A353E45E:0F11DF24:216D08AF", "911999B2:ED94C1DB:9E08EFDC"] t=1791382042916
EPOCH_RECONCILED epoch=1 reporter=D315857CE70C54DE713F6E82E5613BB3A1266C15E28AD2F4338C7BBEC456F532 complete=false entries=188 total=14288 symbols=364 dropped=false t=1791382042929
EPOCH_RECONCILED epoch=1 reporter=A353E45E6D0016CAEED0DFA4EC5B0640E2AA22A793F9F2375E77F1AB92977C04 complete=false entries=188 total=14288 symbols=364 dropped=false t=1791382042929
EPOCH_RECONCILED epoch=1 reporter=633D9D614858AB1710D5D8C3180E2A082DC97208BA8C26BA6C6D1A86C8E31CC0 complete=false entries=0 total=14288 symbols=0 dropped=false t=1791382042961
EPOCH_RECONCILED epoch=1 reporter=633D9D614858AB1710D5D8C3180E2A082DC97208BA8C26BA6C6D1A86C8E31CC0 complete=true entries=897 total=897 symbols=0 dropped=false t=1791382042964
EPOCH_RECONCILED epoch=1 reporter=65A90023F6C0D2181AAA63F005D81BBC0C04650505E21D5123F9AE1F9E992BFF complete=false entries=0 total=14288 symbols=0 dropped=false t=1791382042966
EPOCH_RECONCILED epoch=1 reporter=65A90023F6C0D2181AAA63F005D81BBC0C04650505E21D5123F9AE1F9E992BFF complete=false entries=895 total=895 symbols=0 dropped=false t=1791382042969
EPOCH_RECONCILED epoch=1 reporter=65A90023F6C0D2181AAA63F005D81BBC0C04650505E21D5123F9AE1F9E992BFF complete=false entries=0 total=14288 symbols=0 dropped=false t=1791382042969
EPOCH_RECONCILED epoch=1 reporter=65A90023F6C0D2181AAA63F005D81BBC0C04650505E21D5123F9AE1F9E992BFF complete=true entries=901 total=901 symbols=0 dropped=false t=1791382042972
EPOCH_RECONCILED epoch=1 reporter=633D9D614858AB1710D5D8C3180E2A082DC97208BA8C26BA6C6D1A86C8E31CC0 complete=false entries=0 total=14288 symbols=0 dropped=false t=1791382042974
EPOCH_RECONCILED epoch=1 reporter=911999B2AEFA7ACC66EBD802B3301FF6CE431405107749D940277955CB7FDD07 complete=false entries=0 total=14288 symbols=0 dropped=false t=1791382042977
EPOCH_RECONCILED epoch=1 reporter=633D9D614858AB1710D5D8C3180E2A082DC97208BA8C26BA6C6D1A86C8E31CC0 complete=false entries=888 total=888 symbols=0 dropped=false t=1791382042977
EPOCH_RECONCILED epoch=1 reporter=735FE217D91E88EA82324C5883296385FA0041C2FAC85C827BAA46DA1E14B83F complete=false entries=0 total=14288 symbols=0 dropped=false t=1791382042978
EPOCH_RECONCILED epoch=1 reporter=735FE217D91E88EA82324C5883296385FA0041C2FAC85C827BAA46DA1E14B83F complete=false entries=921 total=921 symbols=0 dropped=false t=1791382042981
EPOCH_RECONCILED epoch=1 reporter=911999B2AEFA7ACC66EBD802B3301FF6CE431405107749D940277955CB7FDD07 complete=true entries=846 total=846 symbols=0 dropped=false t=1791382042984
EPOCH_RECONCILED epoch=1 reporter=65A90023F6C0D2181AAA63F005D81BBC0C04650505E21D5123F9AE1F9E992BFF complete=true entries=6 total=901 symbols=16 dropped=false t=1791382042999
EPOCH_RECONCILED epoch=1 reporter=A353E45E6D0016CAEED0DFA4EC5B0640E2AA22A793F9F2375E77F1AB92977C04 complete=false entries=0 total=14288 symbols=0 dropped=false t=1791382043002
EPOCH_RECONCILED epoch=1 reporter=633D9D614858AB1710D5D8C3180E2A082DC97208BA8C26BA6C6D1A86C8E31CC0 complete=true entries=9 total=897 symbols=16 dropped=false t=1791382043004
EPOCH_RECONCILED epoch=1 reporter=A353E45E6D0016CAEED0DFA4EC5B0640E2AA22A793F9F2375E77F1AB92977C04 complete=true entries=860 total=860 symbols=0 dropped=false t=1791382043005
EPOCH_RECONCILED epoch=1 reporter=735FE217D91E88EA82324C5883296385FA0041C2FAC85C827BAA46DA1E14B83F complete=true entries=3 total=924 symbols=16 dropped=false t=1791382043007
EPOCH_RECONCILED epoch=1 reporter=D315857CE70C54DE713F6E82E5613BB3A1266C15E28AD2F4338C7BBEC456F532 complete=false entries=202 total=14288 symbols=364 dropped=false t=1791382043025
EPOCH_RECONCILED epoch=1 reporter=A353E45E6D0016CAEED0DFA4EC5B0640E2AA22A793F9F2375E77F1AB92977C04 complete=false entries=202 total=14288 symbols=364 dropped=false t=1791382043025
EPOCH_CLOSE_UNREADY epoch=1 short_of=reports usable=1 weight=1 required=5 held=5 theirs=["65A90023:ED94C1DB:DE98CDD1", "D315857C:0F11DF24:07C363A3", "633D9D61:ED94C1DB:46B80235", "735FE217:ED94C1DB:C3A77C06", "A353E45E:0F11DF24:216D08AF"] t=1791382043027
EPOCH_RECONCILED epoch=1 reporter=633D9D614858AB1710D5D8C3180E2A082DC97208BA8C26BA6C6D1A86C8E31CC0 complete=false entries=888 total=888 symbols=0 dropped=false t=1791382043069
EPOCH_RECONCILED epoch=1 reporter=911999B2AEFA7ACC66EBD802B3301FF6CE431405107749D940277955CB7FDD07 complete=false entries=144 total=14288 symbols=243 dropped=false t=1791382043072
EPOCH_RECONCILED epoch=1 reporter=735FE217D91E88EA82324C5883296385FA0041C2FAC85C827BAA46DA1E14B83F complete=false entries=144 total=14288 symbols=243 dropped=false t=1791382043072
EPOCH_RECONCILED epoch=1 reporter=633D9D614858AB1710D5D8C3180E2A082DC97208BA8C26BA6C6D1A86C8E31CC0 complete=false entries=144 total=14288 symbols=243 dropped=false t=1791382043072
EPOCH_RECONCILED epoch=1 reporter=65A90023F6C0D2181AAA63F005D81BBC0C04650505E21D5123F9AE1F9E992BFF complete=false entries=144 total=14288 symbols=243 dropped=false t=1791382043072
EPOCH_RECONCILED epoch=1 reporter=65A90023F6C0D2181AAA63F005D81BBC0C04650505E21D5123F9AE1F9E992BFF complete=false entries=885 total=885 symbols=0 dropped=false t=1791382043072
EPOCH_RECONCILED epoch=1 reporter=911999B2AEFA7ACC66EBD802B3301FF6CE431405107749D940277955CB7FDD07 complete=true entries=846 total=846 symbols=0 dropped=false t=1791382043078
EPOCH_RECONCILED epoch=1 reporter=735FE217D91E88EA82324C5883296385FA0041C2FAC85C827BAA46DA1E14B83F complete=false entries=0 total=14288 symbols=0 dropped=false t=1791382043079
EPOCH_RECONCILED epoch=1 reporter=735FE217D91E88EA82324C5883296385FA0041C2FAC85C827BAA46DA1E14B83F complete=false entries=908 total=908 symbols=0 dropped=false t=1791382043082
EPOCH_RECONCILED epoch=1 reporter=A353E45E6D0016CAEED0DFA4EC5B0640E2AA22A793F9F2375E77F1AB92977C04 complete=false entries=202 total=14288 symbols=364 dropped=false t=1791382043090
EPOCH_RECONCILED epoch=1 reporter=D315857CE70C54DE713F6E82E5613BB3A1266C15E28AD2F4338C7BBEC456F532 complete=false entries=202 total=14288 symbols=364 dropped=false t=1791382043090
EPOCH_RECONCILED epoch=1 reporter=D315857CE70C54DE713F6E82E5613BB3A1266C15E28AD2F4338C7BBEC456F532 complete=false entries=854 total=854 symbols=0 dropped=false t=1791382043106
EPOCH_CLOSE_UNREADY epoch=1 short_of=reports usable=4 weight=4 required=5 held=5 theirs=["633D9D61:ED94C1DB:46B80235", "A353E45E:0F11DF24:216D08AF", "65A90023:ED94C1DB:DE98CDD1", "D315857C:0F11DF24:07C363A3", "911999B2:ED94C1DB:9E08EFDC"] t=1791382043107
EPOCH_RECONCILED epoch=1 reporter=A353E45E6D0016CAEED0DFA4EC5B0640E2AA22A793F9F2375E77F1AB92977C04 complete=true entries=860 total=860 symbols=0 dropped=false t=1791382043109
EPOCH_RECONCILED epoch=1 reporter=633D9D614858AB1710D5D8C3180E2A082DC97208BA8C26BA6C6D1A86C8E31CC0 complete=true entries=9 total=897 symbols=32 dropped=false t=1791382043120
EPOCH_RECONCILED epoch=1 reporter=735FE217D91E88EA82324C5883296385FA0041C2FAC85C827BAA46DA1E14B83F complete=true entries=16 total=924 symbols=32 dropped=false t=1791382043121
EPOCH_RECONCILED epoch=1 reporter=65A90023F6C0D2181AAA63F005D81BBC0C04650505E21D5123F9AE1F9E992BFF complete=true entries=16 total=901 symbols=32 dropped=false t=1791382043121
EPOCH_RECONCILED epoch=1 reporter=D315857CE70C54DE713F6E82E5613BB3A1266C15E28AD2F4338C7BBEC456F532 complete=true entries=8 total=862 symbols=16 dropped=false t=1791382043157
EPOCH_RECONCILED epoch=1 reporter=D315857CE70C54DE713F6E82E5613BB3A1266C15E28AD2F4338C7BBEC456F532 complete=true entries=862 total=862 symbols=0 dropped=false t=1791382043160
EPOCH_CLOSE_READY epoch=1 t=1791382043165
EPOCH_RECONCILED epoch=1 reporter=A353E45E6D0016CAEED0DFA4EC5B0640E2AA22A793F9F2375E77F1AB92977C04 complete=false entries=848 total=848 symbols=0 dropped=false t=1791382043166
EPOCH_RECONCILED epoch=1 reporter=A353E45E6D0016CAEED0DFA4EC5B0640E2AA22A793F9F2375E77F1AB92977C04 complete=true entries=12 total=860 symbols=16 dropped=false t=1791382043168
EPOCH_CLOSE_READY epoch=1 t=1791382043238
EPOCH_RECONCILED epoch=1 reporter=D315857CE70C54DE713F6E82E5613BB3A1266C15E28AD2F4338C7BBEC456F532 complete=false entries=853 total=853 symbols=0 dropped=false t=1791382043277
EPOCH_RECONCILED epoch=1 reporter=A353E45E6D0016CAEED0DFA4EC5B0640E2AA22A793F9F2375E77F1AB92977C04 complete=true entries=860 total=860 symbols=0 dropped=false t=1791382043288
EPOCH_RECONCILED epoch=1 reporter=A353E45E6D0016CAEED0DFA4EC5B0640E2AA22A793F9F2375E77F1AB92977C04 complete=true entries=860 total=860 symbols=0 dropped=false t=1791382043306
EPOCH_RECONCILED epoch=1 reporter=D315857CE70C54DE713F6E82E5613BB3A1266C15E28AD2F4338C7BBEC456F532 complete=true entries=862 total=862 symbols=0 dropped=false t=1791382043310
EPOCH_RECONCILED epoch=1 reporter=911999B2AEFA7ACC66EBD802B3301FF6CE431405107749D940277955CB7FDD07 complete=true entries=846 total=846 symbols=0 dropped=false t=1791382043320
EPOCH_RECONCILED epoch=1 reporter=735FE217D91E88EA82324C5883296385FA0041C2FAC85C827BAA46DA1E14B83F complete=true entries=924 total=924 symbols=0 dropped=false t=1791382043329
EPOCH_RECONCILED epoch=1 reporter=633D9D614858AB1710D5D8C3180E2A082DC97208BA8C26BA6C6D1A86C8E31CC0 complete=true entries=897 total=897 symbols=0 dropped=false t=1791382043332
EPOCH_RECONCILED epoch=1 reporter=65A90023F6C0D2181AAA63F005D81BBC0C04650505E21D5123F9AE1F9E992BFF complete=false entries=892 total=892 symbols=0 dropped=false t=1791382043336
EPOCH_RECONCILED epoch=1 reporter=D315857CE70C54DE713F6E82E5613BB3A1266C15E28AD2F4338C7BBEC456F532 complete=true entries=9 total=862 symbols=16 dropped=false t=1791382043357
EPOCH_CLOSE_READY epoch=1 t=1791382043358
EPOCH_CLOSE_READY epoch=1 t=1791382043360
EPOCH_CLOSE_READY epoch=1 t=1791382043372
EPOCH_RECONCILED epoch=1 reporter=65A90023F6C0D2181AAA63F005D81BBC0C04650505E21D5123F9AE1F9E992BFF complete=true entries=9 total=901 symbols=32 dropped=false t=1791382043373
EPOCH_CLOSE_READY epoch=1 t=1791382043382
EPOCH_PROPOSED epoch=1 round=0 value=C9C698FFFEAE416BB79FB0C9FA88C515BAC814262AD98473B2844CBC4B808FA0 state=3E6ED3F3FCA1B8B1D6272C073332306EF9A2A71B57B23358EA167365532315D6 reports=5 t=1791382043386
EPOCH_VALUE epoch=1 value=C9C698FFFEAE416BB79FB0C9FA88C515BAC814262AD98473B2844CBC4B808FA0 state=3E6ED3F3FCA1B8B1D6272C073332306EF9A2A71B57B23358EA167365532315D6 t=1791382043386
EPOCH_CLOSE_ROUND epoch=1 round=0 leader=65A90023F6C0D2181AAA63F005D81BBC0C04650505E21D5123F9AE1F9E992BFF leads=true t=1791382043386
EPOCH_CLOSE_ROUND epoch=1 round=0 leader=65A90023F6C0D2181AAA63F005D81BBC0C04650505E21D5123F9AE1F9E992BFF leads=false t=1791382043426
EPOCH_VALUE epoch=1 value=C9C698FFFEAE416BB79FB0C9FA88C515BAC814262AD98473B2844CBC4B808FA0 state=3E6ED3F3FCA1B8B1D6272C073332306EF9A2A71B57B23358EA167365532315D6 t=1791382043501
EPOCH_VALUE epoch=1 value=C9C698FFFEAE416BB79FB0C9FA88C515BAC814262AD98473B2844CBC4B808FA0 state=3E6ED3F3FCA1B8B1D6272C073332306EF9A2A71B57B23358EA167365532315D6 t=1791382043504
EPOCH_CLOSE_ROUND epoch=1 round=0 leader=65A90023F6C0D2181AAA63F005D81BBC0C04650505E21D5123F9AE1F9E992BFF leads=false t=1791382043542
EPOCH_CLOSE_ROUND epoch=1 round=0 leader=65A90023F6C0D2181AAA63F005D81BBC0C04650505E21D5123F9AE1F9E992BFF leads=false t=1791382043544
EPOCH_CLOSE_ROUND epoch=1 round=0 leader=65A90023F6C0D2181AAA63F005D81BBC0C04650505E21D5123F9AE1F9E992BFF leads=false t=1791382043582
EPOCH_VALUE epoch=1 value=C9C698FFFEAE416BB79FB0C9FA88C515BAC814262AD98473B2844CBC4B808FA0 state=3E6ED3F3FCA1B8B1D6272C073332306EF9A2A71B57B23358EA167365532315D6 t=1791382043618
EPOCH_VALUE epoch=1 value=C9C698FFFEAE416BB79FB0C9FA88C515BAC814262AD98473B2844CBC4B808FA0 state=3E6ED3F3FCA1B8B1D6272C073332306EF9A2A71B57B23358EA167365532315D6 t=1791382043632
EPOCH_CLOSE_ROUND epoch=1 round=0 leader=65A90023F6C0D2181AAA63F005D81BBC0C04650505E21D5123F9AE1F9E992BFF leads=false t=1791382043639
EPOCH_INSTALL epoch=1 finalized=15185 instances_confirmed=767 t=1791382043847
EPOCH_INSTALL epoch=1 finalized=15185 instances_confirmed=767 t=1791382043849
EPOCH_INSTALL epoch=1 finalized=15185 instances_confirmed=767 t=1791382043849
EPOCH_INSTALL epoch=1 finalized=15185 instances_confirmed=767 t=1791382043850
EPOCH_INSTALL epoch=1 finalized=15185 instances_confirmed=767 t=1791382043854
2026-10-07T14:07:23.895635Z  INFO nanospam::app: Confirmed 30,303 blocks | 2,000 bps | 0 cps | avg conf time: 0 ms
EPOCH_VALUE epoch=1 value=C9C698FFFEAE416BB79FB0C9FA88C515BAC814262AD98473B2844CBC4B808FA0 state=3E6ED3F3FCA1B8B1D6272C073332306EF9A2A71B57B23358EA167365532315D6 t=1791382043931
EPOCH_INSTALL epoch=1 finalized=15185 instances_confirmed=767 t=1791382043948
EPOCH_COMMITTEE derived_by=1 members=6 accounts=13035 n=6 digest=95D409445152DD075E6A4799205DFA5689496EB8EE1A22AC2A200B9DBC2DCF27 shares=["735FE217:16.7%", "65A90023:16.7%", "D315857C:16.7%", "911999B2:16.7%", "633D9D61:16.7%", "A353E45E:16.7%"] t=1791382044076
EPOCH_OMITTED epoch=1 instances=21 retained=1 t=1791382044076
EPOCH_COMMITTEE derived_by=1 members=6 accounts=13035 n=6 digest=95D409445152DD075E6A4799205DFA5689496EB8EE1A22AC2A200B9DBC2DCF27 shares=["735FE217:16.7%", "65A90023:16.7%", "D315857C:16.7%", "911999B2:16.7%", "633D9D61:16.7%", "A353E45E:16.7%"] t=1791382044088
EPOCH_OMITTED epoch=1 instances=21 retained=1 t=1791382044088
EPOCH_GATE epoch=2 released=2232 finalized=1832 t=1791382044091
EPOCH_CLOSED epoch=1 round=0 value=C9C698FFFEAE416BB79FB0C9FA88C515BAC814262AD98473B2844CBC4B808FA0 state=3E6ED3F3FCA1B8B1D6272C073332306EF9A2A71B57B23358EA167365532315D6 t=1791382044091
EPOCH_COMMITTEE derived_by=1 members=6 accounts=13035 n=6 digest=95D409445152DD075E6A4799205DFA5689496EB8EE1A22AC2A200B9DBC2DCF27 shares=["735FE217:16.7%", "65A90023:16.7%", "D315857C:16.7%", "911999B2:16.7%", "633D9D61:16.7%", "A353E45E:16.7%"] t=1791382044096
EPOCH_OMITTED epoch=1 instances=21 retained=1 t=1791382044096
EPOCH_COMMITTEE derived_by=1 members=6 accounts=13035 n=6 digest=95D409445152DD075E6A4799205DFA5689496EB8EE1A22AC2A200B9DBC2DCF27 shares=["735FE217:16.7%", "65A90023:16.7%", "D315857C:16.7%", "911999B2:16.7%", "633D9D61:16.7%", "A353E45E:16.7%"] t=1791382044099
EPOCH_OMITTED epoch=1 instances=21 retained=1 t=1791382044099
EPOCH_GATE epoch=2 released=2232 finalized=1832 t=1791382044112
EPOCH_CLOSED epoch=1 round=0 value=C9C698FFFEAE416BB79FB0C9FA88C515BAC814262AD98473B2844CBC4B808FA0 state=3E6ED3F3FCA1B8B1D6272C073332306EF9A2A71B57B23358EA167365532315D6 t=1791382044112
EPOCH_GATE epoch=2 released=2232 finalized=1832 t=1791382044112
EPOCH_CLOSED epoch=1 round=0 value=C9C698FFFEAE416BB79FB0C9FA88C515BAC814262AD98473B2844CBC4B808FA0 state=3E6ED3F3FCA1B8B1D6272C073332306EF9A2A71B57B23358EA167365532315D6 t=1791382044112
EPOCH_COMMITTEE derived_by=1 members=6 accounts=13035 n=6 digest=95D409445152DD075E6A4799205DFA5689496EB8EE1A22AC2A200B9DBC2DCF27 shares=["735FE217:16.7%", "65A90023:16.7%", "D315857C:16.7%", "911999B2:16.7%", "633D9D61:16.7%", "A353E45E:16.7%"] t=1791382044156
EPOCH_OMITTED epoch=1 instances=21 retained=1 t=1791382044156
EPOCH_INSTALLED epoch=1 finalized=15185 cemented=14553 queued=632 missing=0 t=1791382044158
EPOCH_INSTALLED epoch=1 finalized=15185 cemented=14418 queued=62 missing=705 t=1791382044159
EPOCH_INSTALLED epoch=1 finalized=15185 cemented=14418 queued=51 missing=716 t=1791382044195
EPOCH_GATE epoch=2 released=2232 finalized=1832 t=1791382044221
EPOCH_CLOSED epoch=1 round=0 value=C9C698FFFEAE416BB79FB0C9FA88C515BAC814262AD98473B2844CBC4B808FA0 state=3E6ED3F3FCA1B8B1D6272C073332306EF9A2A71B57B23358EA167365532315D6 t=1791382044221
EPOCH_INSTALLED epoch=1 finalized=15185 cemented=14424 queued=761 missing=0 t=1791382044279
EPOCH_GATE epoch=2 released=2229 finalized=1832 t=1791382044343
EPOCH_CLOSED epoch=1 round=0 value=C9C698FFFEAE416BB79FB0C9FA88C515BAC814262AD98473B2844CBC4B808FA0 state=3E6ED3F3FCA1B8B1D6272C073332306EF9A2A71B57B23358EA167365532315D6 t=1791382044343
EPOCH_INSTALLED epoch=1 finalized=15185 cemented=14441 queued=732 missing=12 t=1791382044405
EPOCH_FOLLOW cemented=744 cementing=0 requested=0 pending=0 t=1791382044565
EPOCH_FOLLOW cemented=767 cementing=0 requested=0 pending=0 t=1791382044660
EPOCH_COMMITTEE derived_by=1 members=6 accounts=13035 n=6 digest=95D409445152DD075E6A4799205DFA5689496EB8EE1A22AC2A200B9DBC2DCF27 shares=["735FE217:16.7%", "65A90023:16.7%", "D315857C:16.7%", "911999B2:16.7%", "633D9D61:16.7%", "A353E45E:16.7%"] t=1791382044696
EPOCH_OMITTED epoch=1 instances=21 retained=1 t=1791382044697
EPOCH_GATE epoch=2 released=2394 finalized=1832 t=1791382044713
EPOCH_CLOSED epoch=1 round=0 value=C9C698FFFEAE416BB79FB0C9FA88C515BAC814262AD98473B2844CBC4B808FA0 state=3E6ED3F3FCA1B8B1D6272C073332306EF9A2A71B57B23358EA167365532315D6 t=1791382044713
EPOCH_INSTALLED epoch=1 finalized=15185 cemented=14442 queued=44 missing=699 t=1791382044761
EPOCH_FOLLOW cemented=632 cementing=0 requested=0 pending=0 t=1791382044796
EPOCH_FOLLOW cemented=767 cementing=0 requested=0 pending=0 t=1791382044874
2026-10-07T14:07:24.896782Z  INFO nanospam::app: Confirmed 33,023 blocks | 2,000 bps | 2,716 cps | avg conf time: 2738 ms
EPOCH_FOLLOW cemented=761 cementing=0 requested=0 pending=0 t=1791382044997
EPOCH_FOLLOW cemented=743 cementing=0 requested=0 pending=0 t=1791382045519
2026-10-07T14:07:25.897842Z  INFO nanospam::app: Confirmed 36,746 blocks | 2,000 bps | 3,718 cps | avg conf time: 418 ms
2026-10-07T14:07:26.898679Z  INFO nanospam::app: Confirmed 38,581 blocks | 2,000 bps | 1,833 cps | avg conf time: 93 ms
2026-10-07T14:07:27.899555Z  INFO nanospam::app: Confirmed 40,332 blocks | 2,000 bps | 1,749 cps | avg conf time: 88 ms
2026-10-07T14:07:28.900568Z  INFO nanospam::app: Confirmed 42,282 blocks | 2,000 bps | 1,947 cps | avg conf time: 90 ms
2026-10-07T14:07:29.901686Z  INFO nanospam::app: Confirmed 44,108 blocks | 2,000 bps | 1,823 cps | avg conf time: 88 ms
2026-10-07T14:07:30.169989Z  INFO nanospam::app: Confirming 45000 blocks took 23.29s
2026-10-07T14:07:30.170029Z  INFO nanospam::app: Confirmation rate: 1931 cps
2026-10-07T14:07:30.170035Z  INFO nanospam::app: Average conf time: 457 ms
2026-10-07T14:07:30.170041Z  INFO nanospam::app: Non-fork confirmation rate: 1836 cps (42781 of 42781 non-fork blocks, 1621 of 2219 forks)
2026-10-07T14:07:30.170545Z  INFO nanospam::app: RAI_BENCH_METRICS {"created":45000,"confirmed":44402,"duration_secs":23.293378791,"confirmation_unit":"primary publication or its confirmed fork alternative","alternative_confirmed":81,"confirmation_histogram_ms":{"32":9,"33":10,"34":2,"37":1,"39":1,"40":6,"41":8,"42":6,"43":7,"44":12,"45":16,"46":9,"47":9,"48":17,"49":19,"50":29,"51":22,"52":36,"53":31,"54":47,"55":50,"56":58,"57":70,"58":101,"59":138,"60":156,"61":203,"62":206,"63":211,"64":230,"65":252,"66":274,"67":311,"68":357,"69":353,"70":333,"71":343,"72":340,"73":370,"74":375,"75":381,"76":384,"77":402,"78":444,"79":434,"80":466,"81":454,"82":459,"83":507,"84":544,"85":528,"86":538,"87":550,"88":563,"89":563,"90":589,"91":568,"92":593,"93":655,"94":616,"95":632,"96":672,"97":649,"98":641,"99":675,"100":634,"101":655,"102":631,"103":682,"104":638,"105":618,"106":620,"107":621,"108":603,"109":632,"110":618,"111":614,"112":587,"113":523,"114":547,"115":439,"116":449,"117":453,"118":392,"119":376,"120":302,"121":286,"122":238,"123":245,"124":239,"125":188,"126":147,"127":184,"128":169,"129":140,"130":123,"131":107,"132":98,"133":85,"134":79,"135":67,"136":54,"137":44,"138":34,"139":38,"140":53,"141":58,"142":45,"143":39,"144":52,"145":23,"146":19,"147":29,"148":23,"149":35,"150":17,"151":29,"152":40,"153":31,"154":37,"155":28,"156":21,"157":31,"158":19,"159":10,"160":14,"161":17,"162":19,"163":16,"164":18,"165":16,"166":20,"167":19,"168":15,"169":9,"170":25,"171":20,"172":15,"173":13,"174":12,"175":13,"176":9,"177":22,"178":13,"179":24,"180":16,"181":26,"182":33,"183":9,"184":22,"185":10,"186":9,"187":15,"188":10,"189":12,"190":7,"191":9,"192":6,"193":3,"194":2,"195":15,"196":10,"197":9,"198":17,"199":13,"200":8,"201":23,"202":39,"203":19,"204":8,"205":6,"206":4,"207":8,"208":6,"209":12,"210":11,"211":7,"212":2,"213":9,"214":10,"215":12,"216":6,"217":4,"218":5,"219":2,"220":8,"221":18,"222":6,"223":14,"224":14,"225":25,"226":18,"227":17,"228":4,"230":8,"231":10,"232":33,"233":33,"234":60,"235":69,"236":52,"237":40,"238":21,"239":28,"240":25,"241":23,"242":9,"243":20,"244":3,"245":12,"246":5,"247":3,"248":9,"249":7,"250":1,"251":6,"252":46,"253":30,"254":5,"255":12,"256":14,"257":11,"258":5,"259":4,"260":24,"261":18,"262":13,"263":13,"264":14,"265":16,"266":8,"267":15,"268":10,"269":8,"270":7,"271":6,"272":3,"273":13,"274":8,"275":8,"276":9,"277":7,"278":3,"279":10,"280":15,"281":9,"282":9,"283":7,"284":16,"285":16,"286":10,"287":9,"288":14,"289":12,"290":10,"291":11,"292":3,"293":12,"294":6,"295":3,"296":8,"297":5,"298":4,"299":4,"300":1,"301":5,"302":12,"303":7,"304":3,"305":3,"306":3,"307":1,"308":5,"309":1,"310":4,"311":4,"312":5,"313":5,"314":12,"315":11,"316":20,"317":20,"318":28,"319":13,"320":6,"321":19,"322":4,"323":3,"324":6,"325":17,"326":8,"327":8,"328":6,"329":11,"330":6,"331":5,"332":6,"333":5,"334":6,"335":3,"336":11,"337":7,"338":10,"339":8,"340":3,"341":7,"342":6,"343":5,"344":2,"345":4,"346":4,"347":2,"348":8,"349":5,"350":7,"351":7,"352":4,"353":7,"354":3,"355":3,"356":4,"357":5,"358":9,"359":7,"360":3,"361":2,"362":5,"363":2,"364":2,"365":3,"366":7,"367":6,"368":8,"369":6,"370":3,"371":2,"372":2,"373":2,"374":1,"375":5,"376":3,"377":3,"378":2,"379":5,"380":4,"381":3,"382":3,"383":2,"384":3,"385":4,"386":2,"387":7,"388":2,"390":1,"391":5,"392":1,"393":4,"394":2,"396":1,"397":2,"398":2,"399":4,"400":2,"401":10,"402":4,"403":3,"405":2,"406":2,"407":4,"408":3,"409":3,"410":4,"411":5,"412":4,"413":4,"414":2,"415":5,"416":1,"417":3,"418":5,"419":7,"420":3,"421":7,"422":3,"424":5,"425":3,"426":4,"427":5,"428":6,"429":3,"430":6,"431":4,"432":3,"433":7,"434":4,"435":6,"436":7,"437":3,"438":7,"439":4,"440":14,"441":15,"442":3,"443":5,"444":7,"445":10,"446":9,"447":6,"448":9,"449":6,"450":7,"451":5,"452":6,"453":11,"454":3,"455":3,"456":9,"457":15,"458":8,"459":1,"460":1,"461":5,"462":2,"463":2,"464":5,"465":10,"466":13,"467":16,"468":10,"469":5,"470":3,"471":3,"472":2,"473":5,"474":2,"475":2,"476":4,"477":19,"478":10,"479":8,"481":2,"482":2,"483":2,"484":5,"485":4,"486":6,"487":6,"488":8,"489":8,"490":3,"491":7,"492":7,"493":6,"494":5,"495":3,"496":6,"497":8,"498":6,"499":7,"500":5,"501":5,"502":8,"503":3,"504":9,"505":6,"506":6,"507":2,"508":6,"509":4,"510":5,"511":9,"512":3,"513":3,"514":7,"515":5,"516":1,"517":4,"518":4,"519":2,"520":3,"521":4,"522":8,"523":3,"524":4,"525":5,"526":3,"527":9,"528":9,"529":8,"530":7,"531":5,"532":3,"533":1,"534":1,"535":2,"537":2,"538":4,"539":4,"540":2,"541":3,"542":3,"543":5,"544":6,"545":4,"546":1,"547":3,"548":4,"549":4,"550":3,"551":4,"552":3,"553":2,"554":4,"555":4,"556":6,"557":5,"558":12,"559":6,"560":9,"561":13,"562":7,"563":5,"564":4,"565":3,"566":1,"567":4,"569":1,"570":2,"571":1,"573":2,"574":5,"575":1,"576":1,"578":1,"579":2,"581":1,"583":1,"584":2,"585":5,"586":6,"587":4,"588":2,"589":2,"590":4,"591":1,"592":3,"593":3,"594":3,"595":1,"596":2,"597":3,"598":3,"599":4,"600":1,"601":5,"602":2,"603":5,"604":7,"605":11,"606":5,"607":2,"608":3,"609":7,"610":9,"611":3,"612":4,"613":1,"614":6,"615":6,"616":4,"617":3,"618":3,"619":5,"620":7,"621":3,"622":5,"624":2,"625":3,"626":3,"627":4,"628":3,"629":1,"631":6,"632":4,"633":6,"634":2,"635":6,"636":5,"637":5,"638":6,"639":8,"640":4,"641":7,"642":5,"643":7,"644":9,"645":5,"646":2,"647":5,"648":6,"649":6,"650":4,"651":5,"652":4,"653":6,"654":3,"655":7,"656":8,"657":6,"658":7,"659":2,"660":6,"661":7,"662":1,"663":8,"664":4,"665":5,"666":3,"667":4,"668":8,"669":7,"670":10,"671":2,"672":4,"673":4,"674":7,"675":1,"676":5,"677":3,"678":7,"679":8,"680":9,"681":3,"682":6,"683":9,"684":3,"685":6,"686":10,"687":3,"688":6,"689":5,"690":8,"691":5,"692":10,"693":4,"694":8,"695":4,"696":7,"697":6,"698":9,"699":10,"700":12,"701":7,"702":6,"703":6,"704":8,"705":2,"706":5,"707":6,"708":3,"709":3,"710":4,"711":10,"712":7,"713":5,"714":6,"715":5,"716":9,"717":7,"718":4,"719":5,"720":14,"721":10,"722":7,"723":6,"724":7,"725":8,"726":11,"727":8,"728":5,"729":7,"730":10,"731":6,"732":3,"733":4,"734":4,"735":9,"736":5,"737":5,"738":5,"739":7,"740":8,"741":9,"742":5,"743":7,"744":10,"745":8,"746":6,"747":7,"748":8,"749":3,"750":5,"751":7,"752":4,"753":11,"754":11,"755":4,"756":9,"757":9,"758":10,"759":2,"760":7,"761":9,"762":11,"763":4,"764":2,"765":7,"766":7,"767":6,"768":8,"769":9,"770":14,"771":17,"772":5,"773":6,"774":9,"775":6,"776":5,"777":4,"778":7,"779":4,"780":5,"781":3,"782":8,"783":2,"784":9,"785":6,"786":3,"787":5,"788":7,"789":6,"790":2,"791":6,"792":5,"793":4,"794":6,"795":4,"796":6,"797":7,"798":7,"799":8,"800":4,"801":5,"802":7,"803":6,"804":6,"805":7,"806":4,"807":2,"808":7,"809":8,"810":4,"811":5,"812":5,"813":8,"814":3,"815":6,"816":2,"817":6,"818":4,"819":2,"820":3,"821":3,"822":8,"823":10,"824":3,"825":4,"826":6,"827":5,"828":9,"829":4,"830":9,"831":5,"832":1,"833":4,"834":6,"835":2,"836":5,"837":7,"838":6,"839":5,"840":7,"841":6,"842":2,"843":8,"844":5,"845":4,"846":3,"847":3,"848":4,"849":3,"850":3,"851":1,"852":4,"853":5,"854":7,"855":4,"856":4,"857":2,"858":4,"859":5,"860":1,"861":6,"862":6,"863":5,"864":6,"865":5,"866":3,"867":5,"868":4,"870":4,"871":3,"872":5,"873":6,"874":4,"875":4,"876":5,"877":4,"878":9,"879":7,"880":7,"881":4,"882":9,"883":4,"884":4,"885":5,"886":6,"887":6,"888":4,"889":4,"890":5,"891":5,"892":6,"893":8,"894":3,"895":6,"896":5,"897":5,"898":3,"899":4,"900":4,"901":7,"902":3,"903":7,"904":8,"905":5,"906":10,"907":5,"908":8,"909":7,"910":7,"911":9,"912":6,"913":7,"914":5,"915":12,"916":8,"917":10,"918":5,"919":8,"920":6,"921":10,"922":7,"923":13,"924":6,"925":2,"926":8,"927":10,"928":7,"929":8,"930":7,"931":10,"932":6,"933":7,"934":7,"935":6,"936":10,"937":7,"938":10,"939":5,"940":7,"941":5,"942":6,"943":9,"944":7,"945":4,"946":1,"947":4,"948":5,"949":8,"950":5,"951":8,"952":6,"953":5,"954":2,"955":4,"956":3,"957":5,"958":7,"959":4,"960":3,"961":4,"962":4,"963":1,"964":5,"965":3,"966":6,"967":3,"968":4,"969":4,"970":5,"972":4,"973":1,"974":4,"975":5,"976":7,"977":6,"978":4,"979":6,"980":3,"981":1,"982":4,"983":2,"984":5,"985":2,"986":1,"987":4,"988":6,"989":2,"990":4,"991":2,"992":6,"993":3,"994":2,"995":1,"996":3,"997":2,"998":1,"999":8,"1000":6,"1001":6,"1002":5,"1003":7,"1004":6,"1005":3,"1006":9,"1007":3,"1008":7,"1009":6,"1010":3,"1011":5,"1012":7,"1013":2,"1014":3,"1015":3,"1016":7,"1017":5,"1018":4,"1019":4,"1020":8,"1021":3,"1022":4,"1023":6,"1024":3,"1025":4,"1026":8,"1027":5,"1029":1,"1030":2,"1031":1,"1032":3,"1033":2,"1034":6,"1035":2,"1036":1,"1037":5,"1038":7,"1039":3,"1040":4,"1041":5,"1042":1,"1043":5,"1044":1,"1045":5,"1046":6,"1047":4,"1048":3,"1049":6,"1050":7,"1051":3,"1052":1,"1053":7,"1054":6,"1055":6,"1056":8,"1057":2,"1058":4,"1059":1,"1060":5,"1061":5,"1062":7,"1063":1,"1064":3,"1065":5,"1066":4,"1067":3,"1068":2,"1069":2,"1070":2,"1071":5,"1072":3,"1073":2,"1074":5,"1075":2,"1076":2,"1077":4,"1078":5,"1079":4,"1080":2,"1081":1,"1082":2,"1083":2,"1084":3,"1085":3,"1086":4,"1087":4,"1088":2,"1089":3,"1090":9,"1091":4,"1092":2,"1093":5,"1094":4,"1095":5,"1096":5,"1097":4,"1098":4,"1099":5,"1100":6,"1101":3,"1102":2,"1103":7,"1104":3,"1105":5,"1106":3,"1107":6,"1108":4,"1109":5,"1110":5,"1111":5,"1112":5,"1113":5,"1114":1,"1115":8,"1116":10,"1117":8,"1118":5,"1119":8,"1120":3,"1121":5,"1122":5,"1123":3,"1124":5,"1125":6,"1126":6,"1127":7,"1128":5,"1129":13,"1130":3,"1131":6,"1132":6,"1133":3,"1134":10,"1135":6,"1136":6,"1137":7,"1138":8,"1139":3,"1140":9,"1141":6,"1142":12,"1143":6,"1144":7,"1145":3,"1146":6,"1147":7,"1148":7,"1149":7,"1150":6,"1151":11,"1152":11,"1153":8,"1154":6,"1155":7,"1156":7,"1157":9,"1158":4,"1159":3,"1160":4,"1161":6,"1162":3,"1163":9,"1164":5,"1165":8,"1166":4,"1167":7,"1168":6,"1169":2,"1170":4,"1171":2,"1172":6,"1173":6,"1174":3,"1175":3,"1176":3,"1177":3,"1178":2,"1179":4,"1180":1,"1182":5,"1183":6,"1184":3,"1185":3,"1186":1,"1187":6,"1188":3,"1189":3,"1190":1,"1191":5,"1192":4,"1193":4,"1194":9,"1195":6,"1196":3,"1197":2,"1198":3,"1199":9,"1201":1,"1202":3,"1203":3,"1204":2,"1205":4,"1206":6,"1207":2,"1208":5,"1209":3,"1210":2,"1212":11,"1213":5,"1214":7,"1215":4,"1216":4,"1217":3,"1218":2,"1219":2,"1220":4,"1221":5,"1222":3,"1223":4,"1224":1,"1225":4,"1226":4,"1227":2,"1228":6,"1229":6,"1230":2,"1231":1,"1232":7,"1233":2,"1234":3,"1235":4,"1236":2,"1237":5,"1238":5,"1239":3,"1240":1,"1241":3,"1242":5,"1243":2,"1244":3,"1245":4,"1246":5,"1247":2,"1248":4,"1249":4,"1250":3,"1251":6,"1252":5,"1253":2,"1254":6,"1255":2,"1256":4,"1258":2,"1259":6,"1260":6,"1261":1,"1262":2,"1263":5,"1264":3,"1265":1,"1266":6,"1267":5,"1268":4,"1269":4,"1270":2,"1271":3,"1272":2,"1273":3,"1274":2,"1275":2,"1276":5,"1277":6,"1278":5,"1279":7,"1280":6,"1281":1,"1282":2,"1283":6,"1284":3,"1285":2,"1286":5,"1287":7,"1288":4,"1289":4,"1290":1,"1291":4,"1292":1,"1293":4,"1294":6,"1295":2,"1296":7,"1297":6,"1298":5,"1299":1,"1300":4,"1301":9,"1302":4,"1303":1,"1304":2,"1305":1,"1306":3,"1307":4,"1308":3,"1309":1,"1310":3,"1311":7,"1312":2,"1313":4,"1314":2,"1315":5,"1316":3,"1317":5,"1318":3,"1319":5,"1320":3,"1321":9,"1322":3,"1323":7,"1324":8,"1325":3,"1326":3,"1327":6,"1328":6,"1329":2,"1330":2,"1331":1,"1332":4,"1333":5,"1335":1,"1336":7,"1337":6,"1338":1,"1339":4,"1340":2,"1341":2,"1342":3,"1343":2,"1344":3,"1345":3,"1346":4,"1347":3,"1348":1,"1349":3,"1350":2,"1352":1,"1353":3,"1354":3,"1355":2,"1356":4,"1357":2,"1359":3,"1360":1,"1361":1,"1362":1,"1363":3,"1365":2,"1366":3,"1367":4,"1368":6,"1369":3,"1370":4,"1371":5,"1372":4,"1373":5,"1374":8,"1375":15,"1376":2,"1377":11,"1378":5,"1379":11,"1380":9,"1381":3,"1382":9,"1383":9,"1384":3,"1385":8,"1386":6,"1387":7,"1388":7,"1389":4,"1390":2,"1391":3,"1392":3,"1393":2,"1394":1,"1395":3,"1397":3,"1398":2,"1399":2,"1400":1,"1401":1,"1402":2,"1403":2,"1405":2,"1406":5,"1407":2,"1408":4,"1409":3,"1410":1,"1411":3,"1412":4,"1413":1,"1414":5,"1415":2,"1416":2,"1417":3,"1418":1,"1419":1,"1420":2,"1421":3,"1422":4,"1423":1,"1424":2,"1425":5,"1426":2,"1427":2,"1428":1,"1430":1,"1431":3,"1432":2,"1433":3,"1434":1,"1435":3,"1436":1,"1439":2,"1440":4,"1441":2,"1442":2,"1443":1,"1444":3,"1445":3,"1446":7,"1447":7,"1448":5,"1449":3,"1450":3,"1451":1,"1452":3,"1453":4,"1454":9,"1456":5,"1457":8,"1458":8,"1459":9,"1460":3,"1461":6,"1462":2,"1463":3,"1464":8,"1465":5,"1466":8,"1467":3,"1468":10,"1469":9,"1470":4,"1471":8,"1472":9,"1473":9,"1474":6,"1475":2,"1477":4,"1478":6,"1479":3,"1480":2,"1481":5,"1482":5,"1483":6,"1484":7,"1485":9,"1486":6,"1487":6,"1488":10,"1489":4,"1490":2,"1491":4,"1492":5,"1493":1,"1494":4,"1495":2,"1496":2,"1497":1,"1498":3,"1499":3,"1500":2,"1501":3,"1502":5,"1503":4,"1504":1,"1505":3,"1506":3,"1507":5,"1508":1,"1509":6,"1510":6,"1511":5,"1512":2,"1513":2,"1514":2,"1515":2,"1516":1,"1517":4,"1518":4,"1519":5,"1520":3,"1521":3,"1522":3,"1523":3,"1524":9,"1525":5,"1526":2,"1527":3,"1528":3,"1529":6,"1530":5,"1531":4,"1532":3,"1533":3,"1534":4,"1535":5,"1536":2,"1537":2,"1538":3,"1539":4,"1540":3,"1541":1,"1542":1,"1543":2,"1544":5,"1545":6,"1546":7,"1547":2,"1548":1,"1549":8,"1550":3,"1551":3,"1552":2,"1553":4,"1554":1,"1555":4,"1556":3,"1557":1,"1558":4,"1559":2,"1560":1,"1561":4,"1562":3,"1563":7,"1564":2,"1565":2,"1566":6,"1567":5,"1568":7,"1569":7,"1570":5,"1571":5,"1572":1,"1573":7,"1574":7,"1575":3,"1576":7,"1577":7,"1578":4,"1579":2,"1581":3,"1582":3,"1583":5,"1584":2,"1585":4,"1586":3,"1587":1,"1588":7,"1589":5,"1590":2,"1591":3,"1593":1,"1594":4,"1595":3,"1596":2,"1597":3,"1598":1,"1599":7,"1600":2,"1601":5,"1602":3,"1603":4,"1604":2,"1605":3,"1606":5,"1607":4,"1608":1,"1609":5,"1610":5,"1611":5,"1612":4,"1613":3,"1614":3,"1615":4,"1616":4,"1617":4,"1618":6,"1619":7,"1620":7,"1621":6,"1622":1,"1623":4,"1624":8,"1625":4,"1626":2,"1627":3,"1628":2,"1629":6,"1630":3,"1631":2,"1632":1,"1633":5,"1634":2,"1635":2,"1636":5,"1637":4,"1638":5,"1639":3,"1640":3,"1641":3,"1642":4,"1643":5,"1644":3,"1645":3,"1646":2,"1647":1,"1648":2,"1649":3,"1650":3,"1651":3,"1652":7,"1653":3,"1654":7,"1655":5,"1656":3,"1657":1,"1658":5,"1659":4,"1660":3,"1661":7,"1662":2,"1663":4,"1664":11,"1665":3,"1666":3,"1667":5,"1668":6,"1669":7,"1670":6,"1671":5,"1672":2,"1673":4,"1674":5,"1675":4,"1676":2,"1677":5,"1678":4,"1679":2,"1680":5,"1681":11,"1682":2,"1683":8,"1684":3,"1685":2,"1686":5,"1687":5,"1688":4,"1690":2,"1691":3,"1692":3,"1693":6,"1694":6,"1695":1,"1696":6,"1697":9,"1698":2,"1699":1,"1700":4,"1701":4,"1703":1,"1704":4,"1705":3,"1706":4,"1707":4,"1709":3,"1710":5,"1712":2,"1713":1,"1714":4,"1715":1,"1716":7,"1717":2,"1718":2,"1719":5,"1720":4,"1721":2,"1722":4,"1723":5,"1724":2,"1725":2,"1726":3,"1727":4,"1728":7,"1729":4,"1730":2,"1731":2,"1732":3,"1733":6,"1734":3,"1735":4,"1736":8,"1737":8,"1738":3,"1739":5,"1740":2,"1741":4,"1742":6,"1743":6,"1744":5,"1745":3,"1746":4,"1747":5,"1748":2,"1749":9,"1750":2,"1751":4,"1752":4,"1753":2,"1754":5,"1755":4,"1756":2,"1757":8,"1758":5,"1759":1,"1760":1,"1761":3,"1762":5,"1763":7,"1764":4,"1765":3,"1766":1,"1767":3,"1768":5,"1769":2,"1770":7,"1771":6,"1772":1,"1773":4,"1774":3,"1775":2,"1776":4,"1777":3,"1778":4,"1779":2,"1780":1,"1781":3,"1782":4,"1783":4,"1784":2,"1785":1,"1786":4,"1787":5,"1788":2,"1789":2,"1790":10,"1791":4,"1792":2,"1793":2,"1794":2,"1795":5,"1796":1,"1797":5,"1798":3,"1799":3,"1800":7,"1801":2,"1802":8,"1803":5,"1804":1,"1805":2,"1806":6,"1807":2,"1808":5,"1809":2,"1810":3,"1811":4,"1812":5,"1814":3,"1815":9,"1816":9,"1817":5,"1818":9,"1819":4,"1820":1,"1821":6,"1822":4,"1823":6,"1824":6,"1825":3,"1826":6,"1827":6,"1828":4,"1829":7,"1830":2,"1831":1,"1832":9,"1833":3,"1834":5,"1835":4,"1836":6,"1837":6,"1838":12,"1839":6,"1840":5,"1841":3,"1842":6,"1843":2,"1844":8,"1845":3,"1846":4,"1847":2,"1848":2,"1849":7,"1850":3,"1851":2,"1852":3,"1853":3,"1854":1,"1855":3,"1856":1,"1858":1,"1860":1,"1864":1,"1866":1,"1869":1,"1871":2,"1872":3,"1873":2,"1874":3,"1875":1,"1876":4,"1877":2,"1878":1,"1880":3,"1881":2,"1882":2,"1883":4,"1884":2,"1885":1,"1886":2,"1887":1,"1888":2,"1889":3,"1890":1,"1893":3,"1896":1,"1897":1,"1899":1,"1902":1,"1903":1,"1904":1,"1905":2,"1907":1,"1909":2,"1911":3,"1912":1,"1913":1,"1914":2,"1915":2,"1916":2,"1917":3,"1918":3,"1919":2,"1920":1,"1921":2,"1922":3,"1923":3,"1924":1,"1925":1,"1926":3,"1928":2,"1929":4,"1930":3,"1931":1,"1933":2,"1934":1,"1935":3,"1936":2,"1937":2,"1938":5,"1939":1,"1940":2,"1941":1,"1942":2,"1943":2,"1944":1,"1945":2,"1946":4,"1947":1,"1948":2,"1949":2,"1950":1,"1951":5,"1952":1,"1953":1,"1954":2,"1956":1,"1957":2,"1958":7,"1960":4,"1962":2,"1963":5,"1964":5,"1965":2,"1966":3,"1967":1,"1968":1,"1969":1,"1970":4,"1972":4,"1973":3,"1974":1,"1975":2,"1977":4,"1978":1,"1979":2,"1980":2,"1981":2,"1982":3,"1983":4,"1984":1,"1985":3,"1986":4,"1987":5,"1988":5,"1989":3,"1990":1,"1991":5,"1992":4,"1993":3,"1994":2,"1995":5,"1997":3,"1998":3,"1999":5,"2000":4,"2001":1,"2002":2,"2003":2,"2005":2,"2007":1,"2008":1,"2009":2,"2010":1,"2011":3,"2012":3,"2013":5,"2014":4,"2015":3,"2016":8,"2017":5,"2018":1,"2019":1,"2020":3,"2021":4,"2022":4,"2023":2,"2024":1,"2025":4,"2026":6,"2027":1,"2028":1,"2029":2,"2031":3,"2032":3,"2033":3,"2034":4,"2035":7,"2036":5,"2038":1,"2039":4,"2040":3,"2041":6,"2042":4,"2043":4,"2044":3,"2045":2,"2046":3,"2047":7,"2048":6,"2049":6,"2050":5,"2051":3,"2052":3,"2053":1,"2054":6,"2055":5,"2056":3,"2059":1,"2060":5,"2061":2,"2062":1,"2069":1,"2077":1,"2082":1,"2093":2,"2098":1,"2100":1,"2104":1,"2105":1,"2107":1,"2109":1,"2110":2,"2111":2,"2112":3,"2113":1,"2114":2,"2115":2,"2116":2,"2117":1,"2118":3,"2119":1,"2120":1,"2121":3,"2122":2,"2123":1,"2124":2,"2125":3,"2126":3,"2128":5,"2129":1,"2130":1,"2131":4,"2132":2,"2133":4,"2134":1,"2135":3,"2136":5,"2137":3,"2138":3,"2139":2,"2140":3,"2141":4,"2142":2,"2143":3,"2144":2,"2145":2,"2146":1,"2147":1,"2148":4,"2149":2,"2150":2,"2151":3,"2152":2,"2153":7,"2154":3,"2155":1,"2156":5,"2157":2,"2158":2,"2159":2,"2160":2,"2161":4,"2162":4,"2163":4,"2164":1,"2165":2,"2181":2,"2194":2,"2206":1,"2207":1,"2208":1,"2209":1,"2221":1,"2223":1,"2232":1,"2238":1,"2243":1,"2257":1,"2264":1,"2265":1,"2267":1,"2271":1,"2281":1,"2283":1,"2286":1,"2287":1,"2290":1,"2295":1,"2308":1,"2312":1,"2318":1,"2321":1,"2340":1,"2343":1,"2360":1,"2367":1,"2370":1,"2372":1,"2373":1,"2379":1,"2382":1,"2384":1,"2385":1,"2390":1,"2393":1,"2401":1,"2402":1,"2406":1,"2407":1,"2412":1,"2413":1,"2425":1,"2430":1,"2445":1,"2459":1,"2468":1,"2470":1,"2476":1,"2493":1,"2501":1,"2504":1,"2508":1,"2516":1,"2522":1,"2530":1,"2535":2,"2575":2,"2577":1,"2582":1,"2588":1,"2589":1,"2595":1,"2597":1,"2602":1,"2606":1,"2607":1,"2618":1,"2620":1,"2621":1,"2624":1,"2625":1,"2626":2,"2628":1,"2638":1,"2645":1,"2647":1,"2652":1,"2655":1,"2657":1,"2665":1,"2666":1,"2672":1,"2674":1,"2681":1,"2683":1,"2686":1,"2694":1,"2702":1,"2709":1,"2712":2,"2715":1,"2716":1,"2718":1,"2730":1,"2731":1,"2742":1,"2756":1,"2757":1,"2763":1,"2768":1,"2770":1,"2779":1,"2785":1,"2786":1,"2788":1,"2795":1,"2798":1,"2803":1,"2809":1,"2810":1,"2811":1,"2813":2,"2831":1,"2832":1,"2836":2,"2858":1,"2869":1,"2870":1,"2871":1,"2872":1,"2876":2,"2881":1,"2883":1,"2884":1,"2889":1,"2896":1,"2897":1,"2898":1,"2901":1,"2904":1,"2911":2,"2912":1,"2924":1,"2927":1,"2928":1,"2932":1,"2934":1,"2946":1,"2949":1,"2952":1,"2964":1,"2968":1,"2976":1,"2983":1,"2988":1,"3017":1,"3018":1,"3022":1,"3027":1,"3049":1,"3051":2,"3052":1,"3059":1,"3065":1,"3069":1,"3070":1,"3079":1,"3084":1,"3097":1,"3101":1,"3103":3,"3114":1,"3123":1,"3141":1,"3149":2,"3150":1,"3153":2,"3155":1,"3156":1,"3163":1,"3164":1,"3166":1,"3172":1,"3179":1,"3182":1,"3192":1,"3199":1,"3202":1,"3211":1,"3219":1,"3224":1,"3227":2,"3230":1,"3231":1,"3237":1,"3250":1,"3256":1,"3259":1,"3261":1,"3264":1,"3269":1,"3272":1,"3273":1,"3275":1,"3278":1,"3280":1,"3283":1,"3285":2,"3287":1,"3290":1,"3296":1,"3297":1,"3298":1,"3302":2,"3316":1,"3321":1,"3325":1,"3328":1,"3331":1,"3335":1,"3336":1,"3338":1,"3342":1,"3348":1,"3354":1,"3357":1,"3362":1,"3363":2,"3364":1,"3366":1,"3377":1,"3380":1,"3385":1,"3388":1,"3391":1,"3394":1,"3397":1,"3404":1,"3409":1,"3413":1,"3414":1,"3422":1,"3426":1,"3439":1,"3443":1,"3455":1,"3461":1,"3472":1,"3483":1,"3486":2,"3492":1,"3494":1,"3496":1,"3500":1,"3502":1,"3503":1,"3506":1,"3513":1,"3515":1,"3519":1,"3521":1,"3522":1,"3536":1,"3546":1,"3553":1,"3570":1,"3576":1,"3583":1,"3585":1,"3592":1,"3597":1,"3625":1,"3626":1,"3627":1,"3633":1,"3641":1,"3642":1,"3650":2,"3655":1,"3657":1,"3661":1,"3672":1,"3673":1,"3679":1,"3682":1,"3690":1,"3706":1,"3707":1,"3718":1,"3720":1,"3723":1,"3729":1,"3737":1,"3739":1,"3741":1,"3747":1,"3748":1,"3751":1,"3754":1,"3762":1,"3767":1,"3769":1,"3770":1,"3772":1,"3773":1,"3775":1,"3780":1,"3789":2,"3792":1,"3796":1,"3802":1,"3804":1,"3810":1,"3814":1,"3818":1,"3826":1,"3842":1,"3845":1,"3857":1,"3858":1,"3859":1,"3862":1,"3866":1,"3872":1,"3874":2,"3876":1,"3880":1,"3885":1,"3891":1,"3894":1,"3899":1,"3901":1,"3902":1,"3906":1,"3910":1,"3916":1,"3917":1,"3926":1,"3929":3,"3931":1,"3936":1,"3943":1,"3945":1,"3950":1,"3956":1,"3958":1,"3961":1,"3963":1,"3965":2,"3967":2,"3969":1,"3980":1,"3981":1,"3988":2,"3989":1,"3992":1,"3994":1,"3996":2,"3998":1,"3999":1,"4018":1,"4020":1,"4027":1,"4041":1,"4045":1,"4055":1,"4058":1,"4063":1,"4074":1,"4078":1,"4079":1,"4082":1,"4097":1,"4104":1,"4113":1,"4116":1,"4119":1,"4128":1,"4130":1,"4135":1,"4137":1,"4146":1,"4147":1,"4155":1,"4158":1,"4162":2,"4168":1,"4186":1,"4187":1,"4188":1,"4190":1,"4203":1,"4205":1,"4207":1,"4209":1,"4211":1,"4215":1,"4220":2,"4223":1,"4224":1,"4225":1,"4227":1,"4228":1,"4230":1,"4231":1,"4233":1,"4237":1,"4238":1,"4241":1,"4248":1,"4261":1,"4279":1,"4281":1,"4290":1,"4299":2,"4316":1,"4318":1,"4319":1,"4322":1,"4329":1,"4331":1,"4333":1,"4335":1,"4339":2,"4340":1,"4345":1,"4348":1,"4354":1,"4365":1,"4367":1,"4372":1,"4386":1,"4387":1,"4388":1,"4398":1,"4401":1,"4410":1,"4414":1,"4415":1,"4420":1,"4429":1,"4431":1,"4433":1,"4435":1,"4442":1,"4444":1,"4458":1,"4461":1,"4463":1,"4465":1,"4470":2,"4477":1,"4479":1,"4492":1,"4497":1,"4500":1,"4504":1,"4510":1,"4516":1,"4517":1,"4522":1,"4523":1,"4528":1,"4531":1,"4532":1,"4534":1,"4536":1,"4549":2,"4554":1,"4555":1,"4565":1,"4570":1,"4573":1,"4581":1,"4582":1,"4584":2,"4586":1,"4593":1,"4602":1,"4603":1,"4608":1,"4615":1,"4631":1,"4632":2,"4635":1,"4640":1,"4644":1,"4653":1,"4655":1,"4664":1,"4667":1,"4672":2,"4678":1,"4684":1,"4696":1,"4705":1,"4713":1,"4716":1,"4717":2,"4724":1,"4731":1,"4742":1,"4744":1,"4749":1,"4756":1,"4757":1,"4759":1,"4760":2,"4766":1,"4774":3,"4776":1,"4782":1,"4786":1,"4788":1,"4793":1,"4798":1,"4814":1,"4817":1,"4841":1,"4843":1,"4844":1,"4851":1,"4853":1,"4856":1,"4858":2,"4863":1,"4868":1,"4870":1,"4881":1,"4887":1,"4892":1,"4894":1,"4898":1,"4902":1,"4903":1,"4909":1,"4922":1,"4923":1,"4934":1,"4966":1,"4976":1,"4981":1,"4994":1,"4995":1,"4999":1,"5003":1,"5007":1,"5009":1,"5017":1,"5036":1,"5037":1,"5038":1,"5047":1,"5056":1,"5062":1,"5074":2,"5088":1,"5093":1,"5104":1,"5116":1,"5117":1,"5123":1,"5125":1,"5126":1,"5134":1,"5136":1,"5144":1,"5148":1,"5150":1,"5159":1,"5161":1,"5163":1,"5167":1,"5170":1,"5173":1,"5174":1,"5179":1,"5183":2,"5185":1,"5186":1,"5194":1,"5212":1,"5213":1,"5219":1,"5229":2,"5241":1,"5242":1,"5251":1,"5259":1,"5272":1,"5280":1,"5281":1,"5284":1,"5285":1,"5291":1,"5294":1,"5297":1,"5308":1,"5326":2,"5336":1,"5344":1,"5345":1,"5347":1,"5352":2,"5371":1,"5373":1,"5374":1,"5379":1,"5380":1,"5384":1,"5387":1,"5388":1,"5389":1,"5395":1,"5407":1,"5409":1,"5411":1,"5413":1,"5416":1,"5421":1,"5424":1,"5443":1,"5444":1,"5445":1,"5468":1,"5472":1,"5483":1,"5485":1,"5486":2,"5494":1,"5498":1,"5502":1,"5509":1,"5517":1,"5518":1,"5520":1,"5522":1,"5530":1,"5532":1,"5533":1,"5543":1,"5546":1,"5548":1,"5550":2,"5551":1,"5555":1,"5556":1,"5557":2,"5558":1,"5585":1,"5590":1,"5593":2,"5605":1,"5614":1,"5641":1,"5644":1,"5650":1,"5657":1,"5660":1,"5662":1,"5668":1,"5670":1,"5673":2,"5674":1,"5676":1,"5685":2,"5691":2,"5703":2,"5705":1,"5707":1,"5708":1,"5711":1,"5722":1,"5724":1,"5728":1,"5733":1,"5737":1,"5746":1,"5750":1,"5755":1,"5760":1,"5774":1,"5785":1,"5798":1,"5799":1,"5800":1,"5802":1,"5803":2,"5806":1,"5811":1,"5836":1,"5837":1,"5838":1,"5842":1,"5850":1,"5852":1,"5863":1,"5865":1,"5869":1,"5871":2,"5875":1,"5876":1,"5878":1,"5892":1,"5897":2,"5898":1,"5899":1,"5922":1,"5924":1,"5947":1,"5949":1,"5952":1,"5965":1,"5968":1,"5969":1,"5985":1,"5986":2,"5989":1,"5993":1,"6000":1,"6024":1,"6025":1,"6040":1,"6042":1,"6046":3,"6048":1,"6051":1,"6068":1,"6080":1,"6084":1,"6090":1,"6092":1,"6093":1,"6104":1,"6109":1,"6110":2,"6111":1,"6118":1,"6122":1,"6128":1,"6137":1,"6138":1,"6143":1,"6150":2,"6156":1,"6169":1,"6170":2,"6171":1,"6199":1,"6206":1,"6229":1,"6235":1,"6236":1,"6244":2,"6254":1,"6256":1,"6257":1,"6260":1,"6268":1,"6277":2,"6280":1,"6293":1,"6298":1,"6301":1,"6304":1,"6306":1,"6310":1,"6315":1,"6320":1,"6326":1,"6327":1,"6335":1,"6342":1,"6345":1,"6346":1,"6358":1,"6360":2,"6378":1,"6380":1,"6381":1,"6386":1,"6390":1,"6407":1,"6411":1,"6412":1,"6414":1,"6416":1,"6420":3,"6422":1,"6425":1,"6430":1,"6433":1,"6435":1,"6438":1,"6448":1,"6461":1,"6468":1,"6470":1,"6478":1,"6481":1,"6483":1,"6489":1,"6493":1,"6501":1,"6512":1,"6524":1,"6526":1,"6528":1,"6530":1,"6533":1,"6536":1,"6538":1,"6549":2,"6551":1,"6554":1,"6563":1,"6574":1,"6575":1,"6576":1,"6584":1,"6600":1,"6603":1,"6604":1,"6613":1,"6623":1,"6625":1,"6626":1,"6628":1,"6647":1,"6652":1,"6663":2,"6671":2,"6688":1,"6700":2,"6702":1,"6704":1,"6705":1,"6706":1,"6709":1,"6716":1,"6725":1,"6731":1,"6746":1,"6747":1,"6754":2,"6755":1,"6762":1,"6770":1,"6783":1,"6791":1,"6793":1,"6802":1,"6804":1,"6811":1,"6813":1,"6814":1,"6829":1,"6851":1,"6852":1,"6866":1,"6868":1,"6869":1,"6880":2,"6883":1,"6885":2,"6886":1,"6897":1,"6901":1,"6903":1,"6906":1,"6919":1,"6920":1,"6927":1,"6928":1,"6929":1,"6934":1,"6938":1,"6954":1,"6958":1,"6961":1,"6968":1,"6973":2,"6976":1,"6978":1,"6992":1,"6993":1,"6995":1,"7000":1,"7004":1,"7005":1,"7021":3,"7024":1,"7028":1,"7041":1,"7042":1,"7044":3,"7045":1,"7052":1,"7054":1,"7059":1,"7071":1,"7072":1,"7079":1,"7080":1,"7091":1,"7092":1,"7101":1,"7104":1,"7107":1,"7115":1,"7135":1,"7137":1,"7141":1,"7145":1,"7146":1,"7153":1,"7159":1,"7160":1,"7168":1,"7175":1,"7178":1,"7183":1,"7184":1,"7185":1,"7187":1,"7191":1,"7199":1,"7204":1,"7210":1,"7212":1,"7216":1,"7222":1,"7223":1,"7231":1,"7241":1,"7263":1,"7273":1,"7276":1,"7277":1,"7281":1,"7282":1,"7283":1,"7284":1,"7293":1,"7298":1,"7303":1,"7306":1,"7310":1,"7313":2,"7324":1,"7329":2,"7338":1,"7344":1,"7349":1,"7364":1,"7365":1,"7369":1,"7374":1,"7381":2,"7383":2,"7389":1,"7409":1,"7413":2,"7423":1,"7425":1,"7427":1,"7432":1,"7433":1,"7436":1,"7437":2,"7438":2,"7441":2,"7444":1,"7445":1,"7450":1,"7457":1,"7460":1,"7461":1,"7462":1,"7464":1,"7465":1,"7466":1,"7467":1,"7480":1,"7482":2,"7483":1,"7504":1,"7511":1,"7513":1,"7539":1,"7558":1,"7560":1,"7565":1,"7566":1,"7567":1,"7588":1,"7604":1,"7608":1,"7621":1,"7622":1,"7625":1,"7647":2,"7663":1,"7673":1,"7675":1,"7676":1,"7678":1,"7683":1,"7687":1,"7689":1,"7692":1,"7693":1,"7717":1,"7718":1,"7720":1,"7723":2,"7725":1,"7729":1,"7741":1,"7742":1,"7747":1,"7756":1,"7760":1,"7767":1,"7773":3,"7774":1,"7776":1,"7778":1,"7780":1,"7783":1,"7789":1,"7790":1,"7803":1,"7805":1,"7806":1,"7807":2,"7809":1,"7812":1,"7813":1,"7817":1,"7819":1,"7831":2,"7832":1,"7841":1,"7843":1,"7844":1,"7845":1,"7847":2,"7849":1,"7850":1,"7856":1,"7862":1,"7864":1,"7873":2,"7882":1,"7899":1,"7900":1,"7920":1,"7936":1,"7941":1,"7947":1,"7966":1,"7977":1,"7980":1,"7986":1,"7987":1,"8001":1,"8003":1,"8011":1,"8013":1,"8017":1,"8028":1,"8030":1,"8034":1,"8035":1,"8044":1,"8054":1,"8086":1,"8105":1,"8106":1,"8107":3,"8109":1,"8110":1,"8113":1,"8119":1,"8120":1,"8121":1,"8122":3,"8123":2,"8128":1,"8130":1,"8148":1,"8152":1,"8153":1,"8157":1,"8161":2,"8164":2,"8166":2,"8170":1,"8178":1,"8203":1,"8210":1,"8231":1,"8233":1,"8259":1,"8269":1,"8277":1,"8311":1,"8313":1,"8320":1,"8324":2,"8326":1,"8328":2,"8329":2,"8331":1,"8332":4,"8334":1,"8336":2,"8338":1,"8354":1,"8355":1,"8358":1,"8359":1,"8360":2,"8361":1,"8365":2,"8366":1,"8367":3,"8369":1,"8370":1,"8373":1,"8377":1,"8379":1,"8381":1,"8384":1,"8385":1,"8403":1,"8404":2,"8408":1,"8410":1,"8412":1,"8413":1,"8421":1,"8424":3,"8425":2,"8428":1,"8430":1,"8433":1,"8441":2,"8458":1,"8459":1,"8461":1,"8489":1,"8500":1,"8505":1,"8510":1,"8512":1,"8537":1,"8544":1,"8552":1,"8556":1,"8574":3,"8586":1,"8589":1,"8594":1,"8600":1,"8602":1,"8607":1,"8609":1,"8613":1,"8617":1,"8624":2,"8626":1,"8634":1,"8641":2,"8647":1,"8652":2,"8670":1,"8671":1,"8681":1,"8685":1,"8686":1,"8687":2,"8690":1,"8696":1,"8701":1,"8703":1,"8707":1,"8757":1,"8782":1,"8783":2,"8788":1,"8791":1,"8792":1,"8803":1,"8814":1,"8820":1,"8828":1,"8836":1,"8839":2,"8871":1,"8872":1,"8876":1,"8878":1,"8884":1,"8890":1,"8906":1,"8915":1,"8916":1,"8919":1,"8928":1,"8929":1,"8930":1,"8933":1,"8941":1,"8953":1,"8962":1,"8972":1,"8973":1,"8989":2,"8990":1,"8993":1,"8997":1,"9013":1,"9038":1,"9062":1,"9076":1,"9089":1,"9093":1,"9100":1,"9109":1,"9122":1,"9124":1,"9126":1,"9135":1,"9136":1,"9150":1,"9151":1,"9153":2,"9157":1,"9179":2,"9180":1,"9187":1,"9189":1,"9202":1,"9210":1,"9213":1,"9217":1,"9227":1,"9234":1,"9240":1,"9247":1,"9248":1,"9264":1,"9269":1,"9310":1,"9315":1,"9323":1,"9324":1,"9345":1,"9349":1,"9355":1,"9363":1,"9367":1,"9375":1,"9380":1,"9414":1,"9419":1,"9421":1,"9451":1,"9458":1,"9467":1,"9544":1,"9563":1,"9578":1,"9581":1,"9593":1,"9607":1,"9639":1,"9647":1,"9657":1,"9674":1,"9686":1,"9693":1,"9696":1,"9700":1,"9732":1,"9740":2,"9747":1,"9749":1,"9751":1,"9768":1,"9774":1,"9777":1,"9796":1,"9807":1,"9811":1,"9817":1,"9822":1,"9832":1,"9865":1,"9871":1,"9888":1,"9896":1,"9906":1,"9909":1,"9927":1,"9963":1,"9969":1,"9979":1,"9984":1,"9989":1,"10003":1,"10011":2,"10012":1,"10039":1,"10053":1,"10054":1,"10060":2,"10084":1,"10089":1,"10092":1,"10094":1,"10098":1,"10101":1,"10102":1,"10114":1,"10121":1,"10173":1},"nonfork_created":42781,"nonfork_confirmed":42781,"nonfork_histogram_ms":{"32":9,"33":10,"34":2,"37":1,"39":1,"40":6,"41":8,"42":6,"43":7,"44":12,"45":16,"46":9,"47":9,"48":17,"49":19,"50":29,"51":22,"52":36,"53":31,"54":47,"55":50,"56":58,"57":70,"58":101,"59":138,"60":156,"61":203,"62":206,"63":211,"64":230,"65":252,"66":274,"67":311,"68":357,"69":353,"70":333,"71":343,"72":340,"73":370,"74":375,"75":381,"76":384,"77":402,"78":444,"79":434,"80":466,"81":454,"82":459,"83":507,"84":544,"85":528,"86":538,"87":550,"88":563,"89":563,"90":589,"91":568,"92":593,"93":655,"94":616,"95":632,"96":672,"97":649,"98":641,"99":675,"100":634,"101":655,"102":631,"103":682,"104":638,"105":618,"106":620,"107":621,"108":603,"109":632,"110":618,"111":614,"112":587,"113":523,"114":547,"115":439,"116":449,"117":453,"118":392,"119":376,"120":302,"121":286,"122":238,"123":245,"124":239,"125":188,"126":147,"127":184,"128":169,"129":140,"130":123,"131":107,"132":98,"133":85,"134":79,"135":67,"136":54,"137":44,"138":34,"139":38,"140":53,"141":58,"142":45,"143":39,"144":52,"145":23,"146":19,"147":29,"148":23,"149":35,"150":17,"151":29,"152":40,"153":31,"154":37,"155":28,"156":21,"157":31,"158":19,"159":10,"160":14,"161":17,"162":19,"163":16,"164":18,"165":16,"166":20,"167":19,"168":15,"169":9,"170":25,"171":20,"172":15,"173":13,"174":12,"175":13,"176":9,"177":22,"178":13,"179":24,"180":16,"181":26,"182":33,"183":9,"184":22,"185":10,"186":9,"187":15,"188":10,"189":12,"190":7,"191":9,"192":6,"193":3,"194":2,"195":15,"196":10,"197":9,"198":17,"199":13,"200":8,"201":23,"202":39,"203":19,"204":7,"205":4,"206":4,"207":5,"208":5,"209":12,"210":10,"211":6,"213":9,"214":10,"215":12,"216":6,"217":4,"218":5,"219":2,"220":8,"221":18,"222":6,"223":14,"224":14,"225":25,"226":18,"227":16,"228":4,"230":8,"231":10,"232":33,"233":33,"234":60,"235":69,"236":52,"237":40,"238":21,"239":28,"240":25,"241":23,"242":9,"243":20,"244":3,"245":12,"246":5,"247":3,"248":9,"249":7,"250":1,"251":6,"252":46,"253":30,"254":5,"255":12,"256":14,"257":11,"258":5,"259":3,"260":24,"261":18,"262":13,"263":13,"264":14,"265":16,"266":8,"267":15,"268":10,"269":8,"270":7,"271":6,"272":3,"273":13,"274":8,"275":8,"276":9,"277":7,"278":3,"279":10,"280":15,"281":9,"282":8,"283":7,"284":15,"285":16,"286":10,"287":9,"288":14,"289":12,"290":8,"291":11,"292":3,"293":12,"294":6,"295":3,"296":8,"297":5,"298":4,"299":4,"300":1,"301":4,"302":11,"303":7,"304":3,"305":3,"306":3,"307":1,"308":3,"309":1,"310":4,"311":3,"312":2,"313":3,"314":12,"315":11,"316":20,"317":19,"318":25,"319":7,"320":4,"321":19,"322":3,"323":2,"324":6,"325":17,"326":8,"327":8,"328":5,"329":11,"330":6,"331":5,"332":6,"333":5,"334":5,"335":3,"336":11,"337":7,"338":10,"339":8,"340":3,"341":7,"342":6,"343":5,"344":2,"345":4,"346":4,"347":2,"348":8,"349":5,"350":7,"351":7,"352":4,"353":7,"354":3,"355":2,"356":4,"357":5,"358":9,"359":7,"360":3,"361":2,"362":5,"363":2,"364":2,"365":3,"366":7,"367":6,"368":8,"369":6,"370":3,"371":2,"372":2,"373":2,"374":1,"375":5,"376":3,"377":3,"378":2,"379":5,"380":4,"381":3,"382":3,"383":2,"384":2,"385":4,"386":2,"387":6,"388":2,"390":1,"391":5,"392":1,"393":4,"394":2,"396":1,"397":2,"398":2,"399":4,"400":2,"401":9,"402":3,"403":3,"405":2,"406":2,"407":4,"408":3,"409":3,"410":3,"411":5,"412":4,"413":4,"414":2,"415":5,"416":1,"417":3,"418":5,"419":7,"420":3,"421":6,"422":3,"424":5,"425":3,"426":4,"427":5,"428":6,"429":3,"430":6,"431":4,"432":3,"433":7,"434":4,"435":6,"436":7,"437":3,"438":6,"439":4,"440":14,"441":15,"442":3,"443":5,"444":7,"445":10,"446":9,"447":6,"448":9,"449":6,"450":7,"451":5,"452":6,"453":11,"454":3,"455":3,"456":9,"457":15,"458":8,"459":1,"460":1,"461":5,"462":2,"463":2,"464":5,"465":10,"466":13,"467":16,"468":10,"469":5,"470":3,"471":3,"472":2,"473":3,"474":2,"475":2,"476":4,"477":19,"478":10,"479":8,"481":2,"482":2,"483":2,"484":5,"485":4,"486":6,"487":6,"488":8,"489":8,"490":3,"491":5,"492":7,"493":6,"494":5,"495":3,"496":6,"497":8,"498":6,"499":7,"500":5,"501":3,"502":8,"503":3,"504":9,"505":6,"506":6,"507":2,"508":6,"509":4,"510":5,"511":9,"512":3,"513":2,"514":7,"515":5,"516":1,"517":4,"518":4,"519":2,"520":3,"521":4,"522":8,"523":3,"524":4,"525":5,"526":3,"527":9,"528":8,"529":8,"530":7,"531":5,"532":3,"533":1,"534":1,"535":2,"537":1,"538":4,"539":4,"540":2,"541":3,"542":3,"543":5,"544":6,"545":4,"546":1,"547":3,"548":4,"549":4,"550":3,"551":4,"552":3,"553":2,"554":4,"555":4,"556":6,"557":5,"558":12,"559":6,"560":9,"561":13,"562":7,"563":5,"564":4,"565":3,"566":1,"567":4,"569":1,"570":2,"571":1,"573":2,"574":5,"575":1,"576":1,"578":1,"579":2,"581":1,"583":1,"584":2,"585":5,"586":6,"587":4,"588":2,"589":2,"590":4,"591":1,"592":3,"593":3,"594":3,"595":1,"596":2,"597":3,"598":3,"599":4,"600":1,"601":5,"602":2,"603":5,"604":7,"605":11,"606":5,"607":2,"608":3,"609":7,"610":9,"611":3,"612":4,"613":1,"614":5,"615":6,"616":4,"617":2,"618":3,"619":5,"620":7,"621":3,"622":5,"624":2,"625":2,"626":3,"627":4,"628":3,"629":1,"631":4,"632":4,"633":6,"634":2,"635":6,"636":4,"637":5,"638":6,"639":8,"640":4,"641":7,"642":5,"643":7,"644":9,"645":5,"646":1,"647":5,"648":6,"649":6,"650":4,"651":5,"652":4,"653":6,"654":3,"655":7,"656":8,"657":6,"658":7,"659":2,"660":6,"661":6,"662":1,"663":8,"664":4,"665":5,"666":3,"667":3,"668":7,"669":7,"670":10,"671":2,"672":4,"673":4,"674":7,"675":1,"676":5,"677":3,"678":7,"679":8,"680":9,"681":3,"682":5,"683":9,"684":3,"685":6,"686":10,"687":3,"688":5,"689":5,"690":8,"691":5,"692":10,"693":4,"694":8,"695":4,"696":7,"697":6,"698":9,"699":10,"700":12,"701":7,"702":6,"703":6,"704":8,"705":2,"706":5,"707":6,"708":3,"709":3,"710":4,"711":10,"712":7,"713":5,"714":6,"715":5,"716":9,"717":7,"718":4,"719":5,"720":14,"721":10,"722":7,"723":5,"724":7,"725":8,"726":11,"727":8,"728":5,"729":7,"730":10,"731":6,"732":3,"733":4,"734":4,"735":9,"736":5,"737":5,"738":5,"739":7,"740":8,"741":8,"742":5,"743":7,"744":10,"745":8,"746":6,"747":7,"748":8,"749":3,"750":5,"751":7,"752":4,"753":11,"754":11,"755":4,"756":8,"757":9,"758":10,"759":2,"760":7,"761":8,"762":11,"763":4,"764":2,"765":6,"766":7,"767":6,"768":8,"769":9,"770":14,"771":17,"772":5,"773":6,"774":9,"775":6,"776":5,"777":4,"778":6,"779":4,"780":5,"781":3,"782":8,"783":2,"784":9,"785":5,"786":3,"787":5,"788":6,"789":6,"790":2,"791":5,"792":5,"793":4,"794":6,"795":4,"796":6,"797":7,"798":7,"799":8,"800":4,"801":5,"802":7,"803":6,"804":6,"805":7,"806":4,"807":2,"808":7,"809":8,"810":4,"811":5,"812":5,"813":8,"814":3,"815":6,"816":2,"817":6,"818":4,"819":2,"820":3,"821":3,"822":8,"823":10,"824":3,"825":4,"826":6,"827":5,"828":9,"829":4,"830":9,"831":5,"832":1,"833":4,"834":5,"835":2,"836":5,"837":7,"838":6,"839":5,"840":7,"841":6,"842":2,"843":8,"844":5,"845":4,"846":3,"847":3,"848":4,"849":2,"850":3,"851":1,"852":4,"853":5,"854":6,"855":4,"856":4,"857":2,"858":4,"859":5,"860":1,"861":5,"862":6,"863":5,"864":6,"865":5,"866":3,"867":5,"868":4,"870":4,"871":3,"872":5,"873":6,"874":4,"875":4,"876":5,"877":4,"878":9,"879":7,"880":7,"881":4,"882":8,"883":3,"884":4,"885":5,"886":6,"887":6,"888":4,"889":4,"890":4,"891":5,"892":6,"893":8,"894":3,"895":6,"896":5,"897":5,"898":3,"899":4,"900":4,"901":6,"902":3,"903":7,"904":8,"905":5,"906":10,"907":5,"908":7,"909":7,"910":7,"911":9,"912":6,"913":7,"914":5,"915":11,"916":8,"917":9,"918":4,"919":8,"920":6,"921":10,"922":7,"923":13,"924":4,"925":2,"926":8,"927":10,"928":7,"929":8,"930":6,"931":10,"932":6,"933":7,"934":7,"935":3,"936":10,"937":7,"938":10,"939":5,"940":7,"941":5,"942":5,"943":9,"944":7,"945":4,"946":1,"947":4,"948":4,"949":7,"950":5,"951":8,"952":5,"953":4,"954":2,"955":4,"956":3,"957":5,"958":7,"959":4,"960":3,"961":4,"962":3,"963":1,"964":5,"965":3,"966":6,"967":2,"968":4,"969":4,"970":5,"972":4,"973":1,"974":4,"975":5,"976":7,"977":5,"978":4,"979":6,"980":3,"981":1,"982":4,"983":2,"984":4,"985":1,"986":1,"987":4,"988":6,"989":2,"990":4,"991":2,"992":6,"993":3,"994":2,"995":1,"996":3,"997":2,"998":1,"999":8,"1000":5,"1001":6,"1002":5,"1003":7,"1004":6,"1005":2,"1006":9,"1007":3,"1008":4,"1009":6,"1010":3,"1011":5,"1012":7,"1013":2,"1014":3,"1015":3,"1016":7,"1017":5,"1018":4,"1019":4,"1020":8,"1021":3,"1022":4,"1023":6,"1024":3,"1025":4,"1026":8,"1027":5,"1029":1,"1030":1,"1031":1,"1032":3,"1033":2,"1034":6,"1035":2,"1036":1,"1037":5,"1038":7,"1039":3,"1040":4,"1041":5,"1042":1,"1043":5,"1044":1,"1045":5,"1046":6,"1047":3,"1048":3,"1049":6,"1050":7,"1051":3,"1052":1,"1053":7,"1054":6,"1055":6,"1056":8,"1057":2,"1058":4,"1059":1,"1060":5,"1061":4,"1062":7,"1063":1,"1064":3,"1065":4,"1066":4,"1067":3,"1068":2,"1069":2,"1070":2,"1071":5,"1072":3,"1073":2,"1074":5,"1075":2,"1076":2,"1077":4,"1078":5,"1079":4,"1080":2,"1081":1,"1082":2,"1083":2,"1084":3,"1085":3,"1086":4,"1087":4,"1088":2,"1089":3,"1090":9,"1091":4,"1092":2,"1093":5,"1094":4,"1095":5,"1096":5,"1097":4,"1098":4,"1099":5,"1100":6,"1101":3,"1102":2,"1103":7,"1104":3,"1105":5,"1106":3,"1107":6,"1108":4,"1109":5,"1110":5,"1111":5,"1112":5,"1113":5,"1114":1,"1115":8,"1116":10,"1117":8,"1118":5,"1119":8,"1120":3,"1121":5,"1122":5,"1123":3,"1124":5,"1125":6,"1126":6,"1127":7,"1128":5,"1129":13,"1130":3,"1131":6,"1132":6,"1133":3,"1134":10,"1135":6,"1136":6,"1137":7,"1138":8,"1139":3,"1140":9,"1141":6,"1142":12,"1143":6,"1144":7,"1145":3,"1146":6,"1147":7,"1148":7,"1149":7,"1150":6,"1151":11,"1152":11,"1153":8,"1154":6,"1155":7,"1156":7,"1157":9,"1158":4,"1159":3,"1160":4,"1161":6,"1162":3,"1163":9,"1164":5,"1165":8,"1166":4,"1167":7,"1168":6,"1169":2,"1170":4,"1171":2,"1172":6,"1173":6,"1174":3,"1175":3,"1176":3,"1177":3,"1178":2,"1179":4,"1180":1,"1182":5,"1183":6,"1184":3,"1185":3,"1186":1,"1187":6,"1188":3,"1189":3,"1190":1,"1191":5,"1192":4,"1193":4,"1194":9,"1195":6,"1196":3,"1197":2,"1198":3,"1199":9,"1201":1,"1202":3,"1203":3,"1204":2,"1205":4,"1206":6,"1207":2,"1208":5,"1209":3,"1210":2,"1212":11,"1213":5,"1214":7,"1215":4,"1216":4,"1217":3,"1218":2,"1219":2,"1220":4,"1221":5,"1222":3,"1223":4,"1224":1,"1225":4,"1226":4,"1227":2,"1228":6,"1229":6,"1230":2,"1231":1,"1232":7,"1233":2,"1234":3,"1235":4,"1236":2,"1237":5,"1238":5,"1239":3,"1240":1,"1241":3,"1242":5,"1243":2,"1244":3,"1245":4,"1246":5,"1247":2,"1248":4,"1249":4,"1250":3,"1251":6,"1252":5,"1253":2,"1254":6,"1255":2,"1256":4,"1258":2,"1259":6,"1260":6,"1261":1,"1262":2,"1263":5,"1264":3,"1265":1,"1266":6,"1267":5,"1268":4,"1269":4,"1270":2,"1271":3,"1272":2,"1273":3,"1274":2,"1275":2,"1276":5,"1277":6,"1278":5,"1279":7,"1280":6,"1281":1,"1282":2,"1283":6,"1284":3,"1285":2,"1286":5,"1287":7,"1288":4,"1289":4,"1290":1,"1291":4,"1292":1,"1293":4,"1294":6,"1295":2,"1296":7,"1297":6,"1298":5,"1299":1,"1300":4,"1301":9,"1302":4,"1303":1,"1304":2,"1305":1,"1306":3,"1307":4,"1308":3,"1309":1,"1310":3,"1311":7,"1312":2,"1313":4,"1314":2,"1315":5,"1316":3,"1317":5,"1318":3,"1319":5,"1320":3,"1321":9,"1322":3,"1323":7,"1324":8,"1325":3,"1326":3,"1327":6,"1328":6,"1329":2,"1330":2,"1331":1,"1332":4,"1333":5,"1335":1,"1336":7,"1337":6,"1338":1,"1339":4,"1340":2,"1341":2,"1342":3,"1343":2,"1344":3,"1345":3,"1346":4,"1347":3,"1348":1,"1349":3,"1350":2,"1352":1,"1353":3,"1354":3,"1355":2,"1356":4,"1357":2,"1359":3,"1360":1,"1361":1,"1362":1,"1363":3,"1365":2,"1366":3,"1367":4,"1368":6,"1369":3,"1370":4,"1371":5,"1372":4,"1373":5,"1374":8,"1375":15,"1376":2,"1377":11,"1378":5,"1379":11,"1380":9,"1381":3,"1382":9,"1383":9,"1384":3,"1385":8,"1386":6,"1387":7,"1388":7,"1389":4,"1390":2,"1391":3,"1392":3,"1393":2,"1394":1,"1395":3,"1397":3,"1398":2,"1399":2,"1400":1,"1401":1,"1402":2,"1403":2,"1405":2,"1406":5,"1407":2,"1408":4,"1409":3,"1410":1,"1411":3,"1412":4,"1413":1,"1414":5,"1415":2,"1416":2,"1417":3,"1418":1,"1419":1,"1420":2,"1421":3,"1422":4,"1423":1,"1424":2,"1425":5,"1426":2,"1427":2,"1428":1,"1430":1,"1431":3,"1432":2,"1433":3,"1434":1,"1435":3,"1436":1,"1439":2,"1440":4,"1441":2,"1442":2,"1443":1,"1444":3,"1445":3,"1446":7,"1447":7,"1448":5,"1449":3,"1450":3,"1451":1,"1452":3,"1453":4,"1454":9,"1456":5,"1457":8,"1458":8,"1459":9,"1460":3,"1461":6,"1462":2,"1463":3,"1464":8,"1465":5,"1466":8,"1467":3,"1468":10,"1469":9,"1470":4,"1471":8,"1472":9,"1473":9,"1474":6,"1475":2,"1477":4,"1478":6,"1479":3,"1480":2,"1481":5,"1482":5,"1483":6,"1484":7,"1485":9,"1486":6,"1487":6,"1488":10,"1489":4,"1490":2,"1491":4,"1492":5,"1493":1,"1494":4,"1495":2,"1496":2,"1497":1,"1498":3,"1499":3,"1500":2,"1501":3,"1502":5,"1503":4,"1504":1,"1505":3,"1506":3,"1507":5,"1508":1,"1509":6,"1510":6,"1511":5,"1512":2,"1513":2,"1514":2,"1515":2,"1516":1,"1517":4,"1518":4,"1519":5,"1520":3,"1521":3,"1522":3,"1523":3,"1524":9,"1525":5,"1526":2,"1527":3,"1528":3,"1529":6,"1530":5,"1531":4,"1532":3,"1533":3,"1534":4,"1535":5,"1536":2,"1537":2,"1538":3,"1539":4,"1540":3,"1541":1,"1542":1,"1543":2,"1544":5,"1545":6,"1546":7,"1547":2,"1548":1,"1549":8,"1550":3,"1551":3,"1552":2,"1553":4,"1554":1,"1555":4,"1556":3,"1557":1,"1558":4,"1559":2,"1560":1,"1561":4,"1562":3,"1563":7,"1564":2,"1565":2,"1566":6,"1567":5,"1568":7,"1569":7,"1570":5,"1571":5,"1572":1,"1573":7,"1574":7,"1575":3,"1576":7,"1577":7,"1578":4,"1579":2,"1581":3,"1582":3,"1583":5,"1584":2,"1585":4,"1586":3,"1587":1,"1588":7,"1589":5,"1590":2,"1591":3,"1593":1,"1594":4,"1595":3,"1596":2,"1597":3,"1598":1,"1599":7,"1600":2,"1601":5,"1602":3,"1603":4,"1604":2,"1605":3,"1606":5,"1607":4,"1608":1,"1609":5,"1610":5,"1611":5,"1612":4,"1613":3,"1614":3,"1615":4,"1616":4,"1617":4,"1618":6,"1619":7,"1620":7,"1621":6,"1622":1,"1623":4,"1624":8,"1625":4,"1626":2,"1627":3,"1628":2,"1629":6,"1630":3,"1631":2,"1632":1,"1633":5,"1634":2,"1635":2,"1636":5,"1637":4,"1638":5,"1639":3,"1640":3,"1641":3,"1642":4,"1643":5,"1644":3,"1645":3,"1646":2,"1647":1,"1648":2,"1649":3,"1650":3,"1651":3,"1652":7,"1653":3,"1654":7,"1655":5,"1656":3,"1657":1,"1658":5,"1659":4,"1660":3,"1661":7,"1662":2,"1663":4,"1664":11,"1665":3,"1666":3,"1667":5,"1668":6,"1669":7,"1670":6,"1671":5,"1672":2,"1673":4,"1674":5,"1675":4,"1676":2,"1677":5,"1678":4,"1679":2,"1680":5,"1681":11,"1682":2,"1683":8,"1684":3,"1685":2,"1686":5,"1687":5,"1688":4,"1690":2,"1691":3,"1692":3,"1693":6,"1694":6,"1695":1,"1696":6,"1697":9,"1698":2,"1699":1,"1700":4,"1701":4,"1703":1,"1704":4,"1705":3,"1706":4,"1707":4,"1709":3,"1710":5,"1712":2,"1713":1,"1714":4,"1715":1,"1716":7,"1717":2,"1718":2,"1719":5,"1720":4,"1721":2,"1722":4,"1723":5,"1724":2,"1725":2,"1726":3,"1727":4,"1728":7,"1729":4,"1730":2,"1731":2,"1732":3,"1733":6,"1734":3,"1735":4,"1736":8,"1737":8,"1738":3,"1739":5,"1740":2,"1741":4,"1742":6,"1743":6,"1744":5,"1745":3,"1746":4,"1747":5,"1748":2,"1749":9,"1750":2,"1751":4,"1752":4,"1753":2,"1754":5,"1755":4,"1756":2,"1757":8,"1758":5,"1759":1,"1760":1,"1761":3,"1762":5,"1763":7,"1764":4,"1765":3,"1766":1,"1767":3,"1768":5,"1769":2,"1770":7,"1771":6,"1772":1,"1773":4,"1774":3,"1775":2,"1776":4,"1777":3,"1778":4,"1779":2,"1780":1,"1781":3,"1782":4,"1783":4,"1784":2,"1785":1,"1786":4,"1787":5,"1788":2,"1789":2,"1790":10,"1791":4,"1792":2,"1793":2,"1794":2,"1795":5,"1796":1,"1797":5,"1798":3,"1799":3,"1800":7,"1801":2,"1802":8,"1803":5,"1804":1,"1805":2,"1806":6,"1807":2,"1808":5,"1809":2,"1810":3,"1811":4,"1812":5,"1814":3,"1815":9,"1816":9,"1817":5,"1818":9,"1819":4,"1820":1,"1821":6,"1822":4,"1823":6,"1824":6,"1825":3,"1826":6,"1827":6,"1828":4,"1829":7,"1830":2,"1831":1,"1832":9,"1833":3,"1834":5,"1835":4,"1836":6,"1837":6,"1838":12,"1839":6,"1840":5,"1841":3,"1842":6,"1843":2,"1844":8,"1845":3,"1846":4,"1847":2,"1848":2,"1849":6,"1850":3,"1851":2,"1852":3,"1853":3,"1854":1,"1855":3,"1856":1,"1858":1,"1864":1,"1866":1,"1869":1,"1871":2,"1872":3,"1873":2,"1874":3,"1875":1,"1876":4,"1877":2,"1878":1,"1880":3,"1881":2,"1882":2,"1883":4,"1884":2,"1885":1,"1886":2,"1887":1,"1888":2,"1889":3,"1890":1,"1893":3,"1899":1,"1902":1,"1903":1,"1904":1,"1905":2,"1907":1,"1909":1,"1911":3,"1912":1,"1913":1,"1914":1,"1915":2,"1916":2,"1917":3,"1918":3,"1919":1,"1920":1,"1921":2,"1922":3,"1923":3,"1924":1,"1925":1,"1926":3,"1928":2,"1929":4,"1930":3,"1931":1,"1933":2,"1934":1,"1935":1,"1936":2,"1937":1,"1938":4,"1939":1,"1940":2,"1941":1,"1942":1,"1943":2,"1944":1,"1945":2,"1946":4,"1947":1,"1948":2,"1949":2,"1950":1,"1951":5,"1952":1,"1953":1,"1954":2,"1956":1,"1957":2,"1958":6,"1960":4,"1962":2,"1963":4,"1964":4,"1965":2,"1966":3,"1967":1,"1968":1,"1969":1,"1970":4,"1972":3,"1973":3,"1974":1,"1975":2,"1977":4,"1978":1,"1979":2,"1980":2,"1981":2,"1982":3,"1983":4,"1984":1,"1985":3,"1986":3,"1987":5,"1988":5,"1989":2,"1990":1,"1991":5,"1992":4,"1993":3,"1994":2,"1995":5,"1997":3,"1998":3,"1999":5,"2000":4,"2001":1,"2002":2,"2003":2,"2005":2,"2007":1,"2008":1,"2009":2,"2010":1,"2011":3,"2012":3,"2013":5,"2014":4,"2015":3,"2016":7,"2017":5,"2018":1,"2019":1,"2020":3,"2021":3,"2022":4,"2023":2,"2024":1,"2025":4,"2026":6,"2027":1,"2028":1,"2029":2,"2031":3,"2032":3,"2033":2,"2034":3,"2035":6,"2036":5,"2038":1,"2039":4,"2040":3,"2041":6,"2042":4,"2043":3,"2044":3,"2045":2,"2046":3,"2047":7,"2048":6,"2049":6,"2050":5,"2051":3,"2052":3,"2053":1,"2054":6,"2055":4,"2056":3,"2059":1,"2060":5,"2061":2,"2062":1,"2104":1,"2109":1,"2110":2,"2111":2,"2112":3,"2113":1,"2114":2,"2115":2,"2116":2,"2117":1,"2118":2,"2119":1,"2120":1,"2121":3,"2122":1,"2123":1,"2124":1,"2125":3,"2126":3,"2128":5,"2129":1,"2130":1,"2131":4,"2132":2,"2133":4,"2134":1,"2135":3,"2136":5,"2137":3,"2138":3,"2139":1,"2140":3,"2141":3,"2142":2,"2143":2,"2144":2,"2145":2,"2147":1,"2148":4,"2149":2,"2150":2,"2151":2,"2152":2,"2153":7,"2154":3,"2155":1,"2156":5,"2157":2,"2158":2,"2159":2,"2160":2,"2161":4,"2162":4,"2163":4,"2164":1,"2165":1},"fork_created":2219,"fork_confirmed":1621,"fork_unresolved_at_end":598}
EPOCH_ENDED epoch=2 elections=599 active=12 t=1791382050669
EPOCH_ADVANCED epoch=3 elections=599 active=12 vote_records=517300 t=1791382050702
EPOCH_REPORT epoch=2 certified=13332 residual=652 root=DBEFCA9032F9D99B38562638ACEADCE53861506AFCEF28AB1764B701FAD95EE5 reports=1 t=1791382050719
EPOCH_CLOSE_UNREADY epoch=2 short_of=reports usable=1 weight=1 required=5 held=0 theirs=[] t=1791382050719
EPOCH_ENDED epoch=2 elections=599 active=2 t=1791382050736
EPOCH_ADVANCED epoch=3 elections=599 active=2 vote_records=517187 t=1791382050757
EPOCH_REPORT epoch=2 certified=13332 residual=629 root=DBEFCA9032F9D99B38562638ACEADCE53861506AFCEF28AB1764B701FAD95EE5 reports=1 t=1791382050769
EPOCH_ENDED epoch=2 elections=600 active=5 t=1791382050771
EPOCH_RECONCILED epoch=2 reporter=65A90023F6C0D2181AAA63F005D81BBC0C04650505E21D5123F9AE1F9E992BFF complete=false entries=0 total=13332 symbols=0 dropped=false t=1791382050772
EPOCH_RECONCILED epoch=2 reporter=65A90023F6C0D2181AAA63F005D81BBC0C04650505E21D5123F9AE1F9E992BFF complete=false entries=629 total=629 symbols=0 dropped=false t=1791382050774
EPOCH_RECONCILED epoch=2 reporter=65A90023F6C0D2181AAA63F005D81BBC0C04650505E21D5123F9AE1F9E992BFF complete=true entries=27 total=652 symbols=48 dropped=false t=1791382050776
EPOCH_CLOSE_UNREADY epoch=2 short_of=reports usable=1 weight=1 required=5 held=1 theirs=["65A90023:DBEFCA90:93DD0AC7"] t=1791382050780
EPOCH_ADVANCED epoch=3 elections=600 active=5 vote_records=517301 t=1791382050785
EPOCH_REPORT epoch=2 certified=13332 residual=625 root=DBEFCA9032F9D99B38562638ACEADCE53861506AFCEF28AB1764B701FAD95EE5 reports=1 t=1791382050795
EPOCH_RECONCILED epoch=2 reporter=A353E45E6D0016CAEED0DFA4EC5B0640E2AA22A793F9F2375E77F1AB92977C04 complete=false entries=0 total=13332 symbols=0 dropped=false t=1791382050797
EPOCH_RECONCILED epoch=2 reporter=A353E45E6D0016CAEED0DFA4EC5B0640E2AA22A793F9F2375E77F1AB92977C04 complete=false entries=628 total=628 symbols=0 dropped=false t=1791382050799
EPOCH_RECONCILED epoch=2 reporter=65A90023F6C0D2181AAA63F005D81BBC0C04650505E21D5123F9AE1F9E992BFF complete=false entries=0 total=13332 symbols=0 dropped=false t=1791382050799
EPOCH_RECONCILED epoch=2 reporter=65A90023F6C0D2181AAA63F005D81BBC0C04650505E21D5123F9AE1F9E992BFF complete=false entries=649 total=649 symbols=0 dropped=false t=1791382050801
EPOCH_RECONCILED epoch=2 reporter=65A90023F6C0D2181AAA63F005D81BBC0C04650505E21D5123F9AE1F9E992BFF complete=true entries=9 total=652 symbols=16 dropped=false t=1791382050802
EPOCH_RECONCILED epoch=2 reporter=A353E45E6D0016CAEED0DFA4EC5B0640E2AA22A793F9F2375E77F1AB92977C04 complete=true entries=3 total=629 symbols=16 dropped=false t=1791382050802
EPOCH_CLOSE_UNREADY epoch=2 short_of=reports usable=1 weight=1 required=5 held=2 theirs=["A353E45E:DBEFCA90:4674AF3B", "65A90023:DBEFCA90:93DD0AC7"] t=1791382050806
EPOCH_ENDED epoch=2 elections=600 active=7 t=1791382050819
EPOCH_ENDED epoch=2 elections=600 active=3 t=1791382050829
EPOCH_ADVANCED epoch=3 elections=600 active=7 vote_records=517281 t=1791382050833
EPOCH_REPORT epoch=2 certified=13332 residual=624 root=DBEFCA9032F9D99B38562638ACEADCE53861506AFCEF28AB1764B701FAD95EE5 reports=1 t=1791382050844
EPOCH_ADVANCED epoch=3 elections=600 active=3 vote_records=517284 t=1791382050845
EPOCH_RECONCILED epoch=2 reporter=65A90023F6C0D2181AAA63F005D81BBC0C04650505E21D5123F9AE1F9E992BFF complete=false entries=0 total=13332 symbols=0 dropped=false t=1791382050846
EPOCH_RECONCILED epoch=2 reporter=65A90023F6C0D2181AAA63F005D81BBC0C04650505E21D5123F9AE1F9E992BFF complete=false entries=647 total=647 symbols=0 dropped=false t=1791382050850
EPOCH_RECONCILED epoch=2 reporter=A353E45E6D0016CAEED0DFA4EC5B0640E2AA22A793F9F2375E77F1AB92977C04 complete=false entries=0 total=13332 symbols=0 dropped=false t=1791382050851
EPOCH_RECONCILED epoch=2 reporter=A353E45E6D0016CAEED0DFA4EC5B0640E2AA22A793F9F2375E77F1AB92977C04 complete=false entries=628 total=628 symbols=0 dropped=false t=1791382050853
EPOCH_RECONCILED epoch=2 reporter=D315857CE70C54DE713F6E82E5613BB3A1266C15E28AD2F4338C7BBEC456F532 complete=false entries=0 total=13332 symbols=0 dropped=false t=1791382050854
EPOCH_RECONCILED epoch=2 reporter=D315857CE70C54DE713F6E82E5613BB3A1266C15E28AD2F4338C7BBEC456F532 complete=true entries=625 total=625 symbols=0 dropped=false t=1791382050856
EPOCH_REPORT epoch=2 certified=13332 residual=625 root=DBEFCA9032F9D99B38562638ACEADCE53861506AFCEF28AB1764B701FAD95EE5 reports=1 t=1791382050860
EPOCH_RECONCILED epoch=2 reporter=65A90023F6C0D2181AAA63F005D81BBC0C04650505E21D5123F9AE1F9E992BFF complete=false entries=0 total=13332 symbols=0 dropped=false t=1791382050862
EPOCH_RECONCILED epoch=2 reporter=A353E45E6D0016CAEED0DFA4EC5B0640E2AA22A793F9F2375E77F1AB92977C04 complete=true entries=3 total=629 symbols=16 dropped=false t=1791382050864
EPOCH_RECONCILED epoch=2 reporter=65A90023F6C0D2181AAA63F005D81BBC0C04650505E21D5123F9AE1F9E992BFF complete=true entries=11 total=652 symbols=32 dropped=false t=1791382050864
EPOCH_RECONCILED epoch=2 reporter=65A90023F6C0D2181AAA63F005D81BBC0C04650505E21D5123F9AE1F9E992BFF complete=false entries=651 total=651 symbols=0 dropped=false t=1791382050865
EPOCH_RECONCILED epoch=2 reporter=A353E45E6D0016CAEED0DFA4EC5B0640E2AA22A793F9F2375E77F1AB92977C04 complete=false entries=0 total=13332 symbols=0 dropped=false t=1791382050865
EPOCH_RECONCILED epoch=2 reporter=A353E45E6D0016CAEED0DFA4EC5B0640E2AA22A793F9F2375E77F1AB92977C04 complete=false entries=628 total=628 symbols=0 dropped=false t=1791382050868
EPOCH_RECONCILED epoch=2 reporter=D315857CE70C54DE713F6E82E5613BB3A1266C15E28AD2F4338C7BBEC456F532 complete=false entries=0 total=13332 symbols=0 dropped=false t=1791382050868
EPOCH_CLOSE_UNREADY epoch=2 short_of=reports usable=2 weight=2 required=5 held=4 theirs=["A353E45E:DBEFCA90:4674AF3B", "911999B2:DBEFCA90:1C4DA4AA", "65A90023:DBEFCA90:93DD0AC7", "D315857C:DBEFCA90:1C4DA4AA"] t=1791382050868
EPOCH_RECONCILED epoch=2 reporter=D315857CE70C54DE713F6E82E5613BB3A1266C15E28AD2F4338C7BBEC456F532 complete=true entries=625 total=625 symbols=0 dropped=false t=1791382050870
EPOCH_RECONCILED epoch=2 reporter=633D9D614858AB1710D5D8C3180E2A082DC97208BA8C26BA6C6D1A86C8E31CC0 complete=false entries=0 total=13332 symbols=0 dropped=false t=1791382050871
EPOCH_RECONCILED epoch=2 reporter=633D9D614858AB1710D5D8C3180E2A082DC97208BA8C26BA6C6D1A86C8E31CC0 complete=false entries=624 total=624 symbols=0 dropped=false t=1791382050873
EPOCH_RECONCILED epoch=2 reporter=65A90023F6C0D2181AAA63F005D81BBC0C04650505E21D5123F9AE1F9E992BFF complete=true entries=7 total=652 symbols=16 dropped=false t=1791382050879
EPOCH_RECONCILED epoch=2 reporter=A353E45E6D0016CAEED0DFA4EC5B0640E2AA22A793F9F2375E77F1AB92977C04 complete=true entries=3 total=629 symbols=16 dropped=false t=1791382050880
EPOCH_RECONCILED epoch=2 reporter=633D9D614858AB1710D5D8C3180E2A082DC97208BA8C26BA6C6D1A86C8E31CC0 complete=true entries=4 total=624 symbols=16 dropped=false t=1791382050880
EPOCH_CLOSE_UNREADY epoch=2 short_of=reports usable=2 weight=2 required=5 held=4 theirs=["65A90023:DBEFCA90:93DD0AC7", "A353E45E:DBEFCA90:4674AF3B", "D315857C:DBEFCA90:1C4DA4AA", "633D9D61:DBEFCA90:636369CB"] t=1791382050884
EPOCH_ENDED epoch=2 elections=599 active=12 t=1791382050889
EPOCH_ADVANCED epoch=3 elections=599 active=12 vote_records=517287 t=1791382050904
EPOCH_REPORT epoch=2 certified=13332 residual=647 root=DBEFCA9032F9D99B38562638ACEADCE53861506AFCEF28AB1764B701FAD95EE5 reports=1 t=1791382050914
EPOCH_RECONCILED epoch=2 reporter=65A90023F6C0D2181AAA63F005D81BBC0C04650505E21D5123F9AE1F9E992BFF complete=false entries=0 total=13332 symbols=0 dropped=false t=1791382050915
EPOCH_RECONCILED epoch=2 reporter=65A90023F6C0D2181AAA63F005D81BBC0C04650505E21D5123F9AE1F9E992BFF complete=false entries=648 total=648 symbols=0 dropped=false t=1791382050918
EPOCH_RECONCILED epoch=2 reporter=633D9D614858AB1710D5D8C3180E2A082DC97208BA8C26BA6C6D1A86C8E31CC0 complete=false entries=0 total=13332 symbols=0 dropped=false t=1791382050918
EPOCH_RECONCILED epoch=2 reporter=633D9D614858AB1710D5D8C3180E2A082DC97208BA8C26BA6C6D1A86C8E31CC0 complete=false entries=614 total=614 symbols=0 dropped=false t=1791382050920
EPOCH_RECONCILED epoch=2 reporter=911999B2AEFA7ACC66EBD802B3301FF6CE431405107749D940277955CB7FDD07 complete=false entries=0 total=13332 symbols=0 dropped=false t=1791382050921
EPOCH_RECONCILED epoch=2 reporter=911999B2AEFA7ACC66EBD802B3301FF6CE431405107749D940277955CB7FDD07 complete=true entries=625 total=625 symbols=0 dropped=false t=1791382050923
EPOCH_RECONCILED epoch=2 reporter=A353E45E6D0016CAEED0DFA4EC5B0640E2AA22A793F9F2375E77F1AB92977C04 complete=false entries=0 total=13332 symbols=0 dropped=false t=1791382050923
EPOCH_RECONCILED epoch=2 reporter=A353E45E6D0016CAEED0DFA4EC5B0640E2AA22A793F9F2375E77F1AB92977C04 complete=false entries=625 total=625 symbols=0 dropped=false t=1791382050926
EPOCH_RECONCILED epoch=2 reporter=D315857CE70C54DE713F6E82E5613BB3A1266C15E28AD2F4338C7BBEC456F532 complete=false entries=0 total=13332 symbols=0 dropped=false t=1791382050926
EPOCH_RECONCILED epoch=2 reporter=D315857CE70C54DE713F6E82E5613BB3A1266C15E28AD2F4338C7BBEC456F532 complete=true entries=625 total=625 symbols=0 dropped=false t=1791382050928
EPOCH_RECONCILED epoch=2 reporter=A353E45E6D0016CAEED0DFA4EC5B0640E2AA22A793F9F2375E77F1AB92977C04 complete=true entries=4 total=629 symbols=16 dropped=false t=1791382050941
EPOCH_RECONCILED epoch=2 reporter=65A90023F6C0D2181AAA63F005D81BBC0C04650505E21D5123F9AE1F9E992BFF complete=true entries=8 total=652 symbols=48 dropped=false t=1791382050941
EPOCH_RECONCILED epoch=2 reporter=633D9D614858AB1710D5D8C3180E2A082DC97208BA8C26BA6C6D1A86C8E31CC0 complete=true entries=14 total=624 symbols=32 dropped=false t=1791382050941
EPOCH_CLOSE_UNREADY epoch=2 short_of=reports usable=3 weight=3 required=5 held=5 theirs=["65A90023:DBEFCA90:93DD0AC7", "633D9D61:DBEFCA90:636369CB", "911999B2:DBEFCA90:1C4DA4AA", "A353E45E:DBEFCA90:4674AF3B", "D315857C:DBEFCA90:1C4DA4AA"] t=1791382050945
EPOCH_RECONCILED epoch=2 reporter=735FE217D91E88EA82324C5883296385FA0041C2FAC85C827BAA46DA1E14B83F complete=false entries=0 total=13332 symbols=0 dropped=false t=1791382050983
EPOCH_RECONCILED epoch=2 reporter=735FE217D91E88EA82324C5883296385FA0041C2FAC85C827BAA46DA1E14B83F complete=false entries=647 total=647 symbols=0 dropped=false t=1791382050986
EPOCH_RECONCILED epoch=2 reporter=633D9D614858AB1710D5D8C3180E2A082DC97208BA8C26BA6C6D1A86C8E31CC0 complete=false entries=0 total=13332 symbols=0 dropped=false t=1791382050986
EPOCH_RECONCILED epoch=2 reporter=633D9D614858AB1710D5D8C3180E2A082DC97208BA8C26BA6C6D1A86C8E31CC0 complete=false entries=614 total=614 symbols=0 dropped=false t=1791382050989
EPOCH_RECONCILED epoch=2 reporter=911999B2AEFA7ACC66EBD802B3301FF6CE431405107749D940277955CB7FDD07 complete=false entries=0 total=13332 symbols=0 dropped=false t=1791382050989
EPOCH_RECONCILED epoch=2 reporter=911999B2AEFA7ACC66EBD802B3301FF6CE431405107749D940277955CB7FDD07 complete=true entries=625 total=625 symbols=0 dropped=false t=1791382050992
EPOCH_RECONCILED epoch=2 reporter=D315857CE70C54DE713F6E82E5613BB3A1266C15E28AD2F4338C7BBEC456F532 complete=false entries=0 total=13332 symbols=0 dropped=false t=1791382050992
EPOCH_RECONCILED epoch=2 reporter=D315857CE70C54DE713F6E82E5613BB3A1266C15E28AD2F4338C7BBEC456F532 complete=true entries=625 total=625 symbols=0 dropped=false t=1791382050994
EPOCH_RECONCILED epoch=2 reporter=A353E45E6D0016CAEED0DFA4EC5B0640E2AA22A793F9F2375E77F1AB92977C04 complete=false entries=0 total=13332 symbols=0 dropped=false t=1791382050994
EPOCH_RECONCILED epoch=2 reporter=A353E45E6D0016CAEED0DFA4EC5B0640E2AA22A793F9F2375E77F1AB92977C04 complete=true entries=629 total=629 symbols=0 dropped=false t=1791382050997
EPOCH_RECONCILED epoch=2 reporter=633D9D614858AB1710D5D8C3180E2A082DC97208BA8C26BA6C6D1A86C8E31CC0 complete=true entries=14 total=624 symbols=48 dropped=false t=1791382051013
EPOCH_RECONCILED epoch=2 reporter=735FE217D91E88EA82324C5883296385FA0041C2FAC85C827BAA46DA1E14B83F complete=true entries=36 total=647 symbols=72 dropped=false t=1791382051013
EPOCH_RECONCILED epoch=2 reporter=735FE217D91E88EA82324C5883296385FA0041C2FAC85C827BAA46DA1E14B83F complete=false entries=0 total=13332 symbols=0 dropped=false t=1791382051051
EPOCH_RECONCILED epoch=2 reporter=735FE217D91E88EA82324C5883296385FA0041C2FAC85C827BAA46DA1E14B83F complete=false entries=624 total=624 symbols=0 dropped=false t=1791382051053
EPOCH_RECONCILED epoch=2 reporter=D315857CE70C54DE713F6E82E5613BB3A1266C15E28AD2F4338C7BBEC456F532 complete=false entries=0 total=13332 symbols=0 dropped=false t=1791382051054
EPOCH_RECONCILED epoch=2 reporter=D315857CE70C54DE713F6E82E5613BB3A1266C15E28AD2F4338C7BBEC456F532 complete=true entries=625 total=625 symbols=0 dropped=false t=1791382051056
EPOCH_RECONCILED epoch=2 reporter=911999B2AEFA7ACC66EBD802B3301FF6CE431405107749D940277955CB7FDD07 complete=false entries=0 total=13332 symbols=0 dropped=false t=1791382051056
EPOCH_RECONCILED epoch=2 reporter=911999B2AEFA7ACC66EBD802B3301FF6CE431405107749D940277955CB7FDD07 complete=true entries=625 total=625 symbols=0 dropped=false t=1791382051059
EPOCH_RECONCILED epoch=2 reporter=633D9D614858AB1710D5D8C3180E2A082DC97208BA8C26BA6C6D1A86C8E31CC0 complete=false entries=0 total=13332 symbols=0 dropped=false t=1791382051059
EPOCH_RECONCILED epoch=2 reporter=633D9D614858AB1710D5D8C3180E2A082DC97208BA8C26BA6C6D1A86C8E31CC0 complete=false entries=624 total=624 symbols=0 dropped=false t=1791382051062
EPOCH_RECONCILED epoch=2 reporter=633D9D614858AB1710D5D8C3180E2A082DC97208BA8C26BA6C6D1A86C8E31CC0 complete=true entries=4 total=624 symbols=16 dropped=false t=1791382051079
EPOCH_RECONCILED epoch=2 reporter=735FE217D91E88EA82324C5883296385FA0041C2FAC85C827BAA46DA1E14B83F complete=true entries=59 total=647 symbols=108 dropped=false t=1791382051080
EPOCH_RECONCILED epoch=2 reporter=911999B2AEFA7ACC66EBD802B3301FF6CE431405107749D940277955CB7FDD07 complete=false entries=0 total=13332 symbols=0 dropped=false t=1791382051085
EPOCH_RECONCILED epoch=2 reporter=911999B2AEFA7ACC66EBD802B3301FF6CE431405107749D940277955CB7FDD07 complete=true entries=625 total=625 symbols=0 dropped=false t=1791382051087
EPOCH_RECONCILED epoch=2 reporter=735FE217D91E88EA82324C5883296385FA0041C2FAC85C827BAA46DA1E14B83F complete=false entries=0 total=13332 symbols=0 dropped=false t=1791382051088
EPOCH_RECONCILED epoch=2 reporter=735FE217D91E88EA82324C5883296385FA0041C2FAC85C827BAA46DA1E14B83F complete=false entries=648 total=648 symbols=0 dropped=false t=1791382051090
EPOCH_RECONCILED epoch=2 reporter=633D9D614858AB1710D5D8C3180E2A082DC97208BA8C26BA6C6D1A86C8E31CC0 complete=false entries=0 total=13332 symbols=0 dropped=false t=1791382051090
EPOCH_RECONCILED epoch=2 reporter=633D9D614858AB1710D5D8C3180E2A082DC97208BA8C26BA6C6D1A86C8E31CC0 complete=false entries=624 total=624 symbols=0 dropped=false t=1791382051093
EPOCH_RECONCILED epoch=2 reporter=633D9D614858AB1710D5D8C3180E2A082DC97208BA8C26BA6C6D1A86C8E31CC0 complete=true entries=4 total=624 symbols=16 dropped=false t=1791382051109
EPOCH_RECONCILED epoch=2 reporter=735FE217D91E88EA82324C5883296385FA0041C2FAC85C827BAA46DA1E14B83F complete=true entries=37 total=647 symbols=72 dropped=false t=1791382051110
EPOCH_RECONCILED epoch=2 reporter=911999B2AEFA7ACC66EBD802B3301FF6CE431405107749D940277955CB7FDD07 complete=false entries=0 total=13332 symbols=0 dropped=false t=1791382051133
EPOCH_RECONCILED epoch=2 reporter=911999B2AEFA7ACC66EBD802B3301FF6CE431405107749D940277955CB7FDD07 complete=true entries=625 total=625 symbols=0 dropped=false t=1791382051135
EPOCH_RECONCILED epoch=2 reporter=735FE217D91E88EA82324C5883296385FA0041C2FAC85C827BAA46DA1E14B83F complete=false entries=0 total=13332 symbols=0 dropped=false t=1791382051136
EPOCH_RECONCILED epoch=2 reporter=735FE217D91E88EA82324C5883296385FA0041C2FAC85C827BAA46DA1E14B83F complete=false entries=648 total=648 symbols=0 dropped=false t=1791382051138
EPOCH_RECONCILED epoch=2 reporter=735FE217D91E88EA82324C5883296385FA0041C2FAC85C827BAA46DA1E14B83F complete=false entries=0 total=13332 symbols=0 dropped=false t=1791382051143
EPOCH_RECONCILED epoch=2 reporter=735FE217D91E88EA82324C5883296385FA0041C2FAC85C827BAA46DA1E14B83F complete=false entries=648 total=648 symbols=0 dropped=false t=1791382051145
EPOCH_RECONCILED epoch=2 reporter=735FE217D91E88EA82324C5883296385FA0041C2FAC85C827BAA46DA1E14B83F complete=true entries=37 total=647 symbols=72 dropped=false t=1791382051158
EPOCH_CLOSE_READY epoch=2 t=1791382051162
EPOCH_RECONCILED epoch=2 reporter=735FE217D91E88EA82324C5883296385FA0041C2FAC85C827BAA46DA1E14B83F complete=true entries=37 total=647 symbols=72 dropped=false t=1791382051165
EPOCH_CLOSE_READY epoch=2 t=1791382051169
EPOCH_CLOSE_READY epoch=2 t=1791382051226
EPOCH_PROPOSED epoch=2 round=0 value=A15FFDF5FB753B2A84ED7CEC6350CFA08BBB272146CC55DE07DFC48F9598CFFE state=CBC09EB53884A41455A9463AA8C27E253FE7BEA2FA55C3DDB82CFE1A83E0395D reports=5 t=1791382051299
EPOCH_VALUE epoch=2 value=A15FFDF5FB753B2A84ED7CEC6350CFA08BBB272146CC55DE07DFC48F9598CFFE state=CBC09EB53884A41455A9463AA8C27E253FE7BEA2FA55C3DDB82CFE1A83E0395D t=1791382051299
EPOCH_CLOSE_READY epoch=2 t=1791382051372
EPOCH_VALUE epoch=2 value=A15FFDF5FB753B2A84ED7CEC6350CFA08BBB272146CC55DE07DFC48F9598CFFE state=CBC09EB53884A41455A9463AA8C27E253FE7BEA2FA55C3DDB82CFE1A83E0395D t=1791382051373
EPOCH_CLOSE_READY epoch=2 t=1791382051407
EPOCH_CLOSE_ROUND epoch=2 round=0 leader=735FE217D91E88EA82324C5883296385FA0041C2FAC85C827BAA46DA1E14B83F leads=false t=1791382051424
EPOCH_CLOSE_ROUND epoch=2 round=0 leader=735FE217D91E88EA82324C5883296385FA0041C2FAC85C827BAA46DA1E14B83F leads=false t=1791382051439
EPOCH_CLOSE_READY epoch=2 t=1791382051448
EPOCH_CLOSE_ROUND epoch=2 round=0 leader=735FE217D91E88EA82324C5883296385FA0041C2FAC85C827BAA46DA1E14B83F leads=true t=1791382051498
EPOCH_CLOSE_ROUND epoch=2 round=0 leader=735FE217D91E88EA82324C5883296385FA0041C2FAC85C827BAA46DA1E14B83F leads=false t=1791382051580
EPOCH_VALUE epoch=2 value=A15FFDF5FB753B2A84ED7CEC6350CFA08BBB272146CC55DE07DFC48F9598CFFE state=CBC09EB53884A41455A9463AA8C27E253FE7BEA2FA55C3DDB82CFE1A83E0395D t=1791382051601
EPOCH_VALUE epoch=2 value=A15FFDF5FB753B2A84ED7CEC6350CFA08BBB272146CC55DE07DFC48F9598CFFE state=CBC09EB53884A41455A9463AA8C27E253FE7BEA2FA55C3DDB82CFE1A83E0395D t=1791382051602
EPOCH_VALUE epoch=2 value=A15FFDF5FB753B2A84ED7CEC6350CFA08BBB272146CC55DE07DFC48F9598CFFE state=CBC09EB53884A41455A9463AA8C27E253FE7BEA2FA55C3DDB82CFE1A83E0395D t=1791382051603
EPOCH_VALUE epoch=2 value=A15FFDF5FB753B2A84ED7CEC6350CFA08BBB272146CC55DE07DFC48F9598CFFE state=CBC09EB53884A41455A9463AA8C27E253FE7BEA2FA55C3DDB82CFE1A83E0395D t=1791382051605
EPOCH_CLOSE_ROUND epoch=2 round=0 leader=735FE217D91E88EA82324C5883296385FA0041C2FAC85C827BAA46DA1E14B83F leads=false t=1791382051649
EPOCH_CLOSE_ROUND epoch=2 round=0 leader=735FE217D91E88EA82324C5883296385FA0041C2FAC85C827BAA46DA1E14B83F leads=false t=1791382051684
EPOCH_INSTALL epoch=2 finalized=13929 instances_confirmed=597 t=1791382051694
EPOCH_CLOSE_ROUND epoch=2 round=1 leader=911999B2AEFA7ACC66EBD802B3301FF6CE431405107749D940277955CB7FDD07 leads=false t=1791382051729
EPOCH_CLOSE_ROUND epoch=2 round=1 leader=911999B2AEFA7ACC66EBD802B3301FF6CE431405107749D940277955CB7FDD07 leads=true t=1791382051744
EPOCH_INSTALL epoch=2 finalized=13929 instances_confirmed=597 t=1791382051753
EPOCH_INSTALL epoch=2 finalized=13929 instances_confirmed=597 t=1791382051753
EPOCH_INSTALL epoch=2 finalized=13929 instances_confirmed=597 t=1791382051755
EPOCH_INSTALL epoch=2 finalized=13929 instances_confirmed=597 t=1791382051759
EPOCH_INSTALL epoch=2 finalized=13929 instances_confirmed=597 t=1791382051760
EPOCH_COMMITTEE derived_by=2 members=6 accounts=17679 n=6 digest=95D409445152DD075E6A4799205DFA5689496EB8EE1A22AC2A200B9DBC2DCF27 shares=["735FE217:16.7%", "65A90023:16.7%", "D315857C:16.7%", "911999B2:16.7%", "633D9D61:16.7%", "A353E45E:16.7%"] t=1791382051870
EPOCH_CLOSED epoch=2 round=0 value=A15FFDF5FB753B2A84ED7CEC6350CFA08BBB272146CC55DE07DFC48F9598CFFE state=CBC09EB53884A41455A9463AA8C27E253FE7BEA2FA55C3DDB82CFE1A83E0395D t=1791382051870
EPOCH_INSTALLED epoch=2 finalized=13929 cemented=13333 queued=0 missing=596 t=1791382051911
EPOCH_COMMITTEE derived_by=2 members=6 accounts=17679 n=6 digest=95D409445152DD075E6A4799205DFA5689496EB8EE1A22AC2A200B9DBC2DCF27 shares=["735FE217:16.7%", "65A90023:16.7%", "D315857C:16.7%", "911999B2:16.7%", "633D9D61:16.7%", "A353E45E:16.7%"] t=1791382051931
EPOCH_CLOSED epoch=2 round=0 value=A15FFDF5FB753B2A84ED7CEC6350CFA08BBB272146CC55DE07DFC48F9598CFFE state=CBC09EB53884A41455A9463AA8C27E253FE7BEA2FA55C3DDB82CFE1A83E0395D t=1791382051932
EPOCH_COMMITTEE derived_by=2 members=6 accounts=17679 n=6 digest=95D409445152DD075E6A4799205DFA5689496EB8EE1A22AC2A200B9DBC2DCF27 shares=["735FE217:16.7%", "65A90023:16.7%", "D315857C:16.7%", "911999B2:16.7%", "633D9D61:16.7%", "A353E45E:16.7%"] t=1791382051939
EPOCH_CLOSED epoch=2 round=0 value=A15FFDF5FB753B2A84ED7CEC6350CFA08BBB272146CC55DE07DFC48F9598CFFE state=CBC09EB53884A41455A9463AA8C27E253FE7BEA2FA55C3DDB82CFE1A83E0395D t=1791382051939
EPOCH_COMMITTEE derived_by=2 members=6 accounts=17679 n=6 digest=95D409445152DD075E6A4799205DFA5689496EB8EE1A22AC2A200B9DBC2DCF27 shares=["735FE217:16.7%", "65A90023:16.7%", "D315857C:16.7%", "911999B2:16.7%", "633D9D61:16.7%", "A353E45E:16.7%"] t=1791382051944
EPOCH_CLOSED epoch=2 round=0 value=A15FFDF5FB753B2A84ED7CEC6350CFA08BBB272146CC55DE07DFC48F9598CFFE state=CBC09EB53884A41455A9463AA8C27E253FE7BEA2FA55C3DDB82CFE1A83E0395D t=1791382051944
EPOCH_COMMITTEE derived_by=2 members=6 accounts=17679 n=6 digest=95D409445152DD075E6A4799205DFA5689496EB8EE1A22AC2A200B9DBC2DCF27 shares=["735FE217:16.7%", "65A90023:16.7%", "D315857C:16.7%", "911999B2:16.7%", "633D9D61:16.7%", "A353E45E:16.7%"] t=1791382051959
EPOCH_CLOSED epoch=2 round=0 value=A15FFDF5FB753B2A84ED7CEC6350CFA08BBB272146CC55DE07DFC48F9598CFFE state=CBC09EB53884A41455A9463AA8C27E253FE7BEA2FA55C3DDB82CFE1A83E0395D t=1791382051959
EPOCH_COMMITTEE derived_by=2 members=6 accounts=17679 n=6 digest=95D409445152DD075E6A4799205DFA5689496EB8EE1A22AC2A200B9DBC2DCF27 shares=["735FE217:16.7%", "65A90023:16.7%", "D315857C:16.7%", "911999B2:16.7%", "633D9D61:16.7%", "A353E45E:16.7%"] t=1791382051967
EPOCH_CLOSED epoch=2 round=0 value=A15FFDF5FB753B2A84ED7CEC6350CFA08BBB272146CC55DE07DFC48F9598CFFE state=CBC09EB53884A41455A9463AA8C27E253FE7BEA2FA55C3DDB82CFE1A83E0395D t=1791382051967
EPOCH_INSTALLED epoch=2 finalized=13929 cemented=13693 queued=236 missing=0 t=1791382051970
EPOCH_INSTALLED epoch=2 finalized=13929 cemented=13768 queued=161 missing=0 t=1791382051975
EPOCH_INSTALLED epoch=2 finalized=13929 cemented=13654 queued=274 missing=1 t=1791382051975
EPOCH_INSTALLED epoch=2 finalized=13929 cemented=13332 queued=2 missing=595 t=1791382052005
EPOCH_INSTALLED epoch=2 finalized=13929 cemented=13332 queued=1 missing=596 t=1791382052008
EPOCH_FOLLOW cemented=161 cementing=0 requested=0 pending=0 t=1791382052022
EPOCH_FOLLOW cemented=597 cementing=0 requested=0 pending=0 t=1791382052078
EPOCH_FOLLOW cemented=275 cementing=0 requested=0 pending=0 t=1791382052221
EPOCH_FOLLOW cemented=595 cementing=0 requested=1 pending=1 t=1791382052745
EPOCH_FOLLOW cemented=236 cementing=0 requested=0 pending=0 t=1791382052858
EPOCH_FOLLOW cemented=597 cementing=0 requested=0 pending=0 t=1791382052915
