2026-10-08T19:28:01.020889Z  INFO nanospam::setup::account_map_factory: Creating account keys file with 45000 keys: "/var/folders/1y/px089b2s6f9d893xp1p4c7wh0000gn/T/rai-gate-b-ubipfo8j/account_keys.txt"
2026-10-08T19:28:01.751925Z  INFO nanospam::setup::node_config_factory: ********************************************************************************
2026-10-08T19:28:01.751943Z  INFO nanospam::setup::node_config_factory: Setting up node PR0...
2026-10-08T19:28:01.751947Z  INFO nanospam::setup::node_config_factory: Creating directory "/var/folders/1y/px089b2s6f9d893xp1p4c7wh0000gn/T/rai-gate-b-ubipfo8j/pr0"
2026-10-08T19:28:01.752039Z  INFO nanospam::setup::node_config_factory: Creating node config file: "/var/folders/1y/px089b2s6f9d893xp1p4c7wh0000gn/T/rai-gate-b-ubipfo8j/pr0/config-node.toml"
2026-10-08T19:28:01.752174Z  INFO nanospam::setup::node_config_factory: Creating rpc config file: "/var/folders/1y/px089b2s6f9d893xp1p4c7wh0000gn/T/rai-gate-b-ubipfo8j/pr0/config-rpc.toml"
2026-10-08T19:28:01.752245Z  INFO nanospam::setup::node_config_factory: ********************************************************************************
2026-10-08T19:28:01.752249Z  INFO nanospam::setup::node_config_factory: Setting up node PR1...
2026-10-08T19:28:01.752252Z  INFO nanospam::setup::node_config_factory: Creating directory "/var/folders/1y/px089b2s6f9d893xp1p4c7wh0000gn/T/rai-gate-b-ubipfo8j/pr1"
2026-10-08T19:28:01.752300Z  INFO nanospam::setup::node_config_factory: Creating node config file: "/var/folders/1y/px089b2s6f9d893xp1p4c7wh0000gn/T/rai-gate-b-ubipfo8j/pr1/config-node.toml"
2026-10-08T19:28:01.752377Z  INFO nanospam::setup::node_config_factory: Creating rpc config file: "/var/folders/1y/px089b2s6f9d893xp1p4c7wh0000gn/T/rai-gate-b-ubipfo8j/pr1/config-rpc.toml"
2026-10-08T19:28:01.752443Z  INFO nanospam::setup::node_config_factory: ********************************************************************************
2026-10-08T19:28:01.752448Z  INFO nanospam::setup::node_config_factory: Setting up node PR2...
2026-10-08T19:28:01.752451Z  INFO nanospam::setup::node_config_factory: Creating directory "/var/folders/1y/px089b2s6f9d893xp1p4c7wh0000gn/T/rai-gate-b-ubipfo8j/pr2"
2026-10-08T19:28:01.752497Z  INFO nanospam::setup::node_config_factory: Creating node config file: "/var/folders/1y/px089b2s6f9d893xp1p4c7wh0000gn/T/rai-gate-b-ubipfo8j/pr2/config-node.toml"
2026-10-08T19:28:01.752575Z  INFO nanospam::setup::node_config_factory: Creating rpc config file: "/var/folders/1y/px089b2s6f9d893xp1p4c7wh0000gn/T/rai-gate-b-ubipfo8j/pr2/config-rpc.toml"
2026-10-08T19:28:01.752639Z  INFO nanospam::setup::node_config_factory: ********************************************************************************
2026-10-08T19:28:01.752643Z  INFO nanospam::setup::node_config_factory: Setting up node PR3...
2026-10-08T19:28:01.752646Z  INFO nanospam::setup::node_config_factory: Creating directory "/var/folders/1y/px089b2s6f9d893xp1p4c7wh0000gn/T/rai-gate-b-ubipfo8j/pr3"
2026-10-08T19:28:01.752687Z  INFO nanospam::setup::node_config_factory: Creating node config file: "/var/folders/1y/px089b2s6f9d893xp1p4c7wh0000gn/T/rai-gate-b-ubipfo8j/pr3/config-node.toml"
2026-10-08T19:28:01.752771Z  INFO nanospam::setup::node_config_factory: Creating rpc config file: "/var/folders/1y/px089b2s6f9d893xp1p4c7wh0000gn/T/rai-gate-b-ubipfo8j/pr3/config-rpc.toml"
2026-10-08T19:28:01.752834Z  INFO nanospam::setup::node_config_factory: ********************************************************************************
2026-10-08T19:28:01.752838Z  INFO nanospam::setup::node_config_factory: Setting up node PR4...
2026-10-08T19:28:01.752841Z  INFO nanospam::setup::node_config_factory: Creating directory "/var/folders/1y/px089b2s6f9d893xp1p4c7wh0000gn/T/rai-gate-b-ubipfo8j/pr4"
2026-10-08T19:28:01.752886Z  INFO nanospam::setup::node_config_factory: Creating node config file: "/var/folders/1y/px089b2s6f9d893xp1p4c7wh0000gn/T/rai-gate-b-ubipfo8j/pr4/config-node.toml"
2026-10-08T19:28:01.752960Z  INFO nanospam::setup::node_config_factory: Creating rpc config file: "/var/folders/1y/px089b2s6f9d893xp1p4c7wh0000gn/T/rai-gate-b-ubipfo8j/pr4/config-rpc.toml"
2026-10-08T19:28:01.753028Z  INFO nanospam::setup::node_config_factory: ********************************************************************************
2026-10-08T19:28:01.753031Z  INFO nanospam::setup::node_config_factory: Setting up node PR5...
2026-10-08T19:28:01.753034Z  INFO nanospam::setup::node_config_factory: Creating directory "/var/folders/1y/px089b2s6f9d893xp1p4c7wh0000gn/T/rai-gate-b-ubipfo8j/pr5"
2026-10-08T19:28:01.753075Z  INFO nanospam::setup::node_config_factory: Creating node config file: "/var/folders/1y/px089b2s6f9d893xp1p4c7wh0000gn/T/rai-gate-b-ubipfo8j/pr5/config-node.toml"
2026-10-08T19:28:01.753142Z  INFO nanospam::setup::node_config_factory: Creating rpc config file: "/var/folders/1y/px089b2s6f9d893xp1p4c7wh0000gn/T/rai-gate-b-ubipfo8j/pr5/config-rpc.toml"
2026-10-08T19:28:01.753250Z  INFO nanospam::setup::node_launcher: Starting node: NANO_TEST_GENESIS_BLOCK="{\n    \"type\": \"open\",\n    \"account\": \"nano_3nroioygg54nusrmyun4woimqex36sp3drnctdt5955uqu47fxbkrxk7n7ne\",\n    \"source\": \"D315857CE70C54DE713F6E82E5613BB3A1266C15E28AD2F4338C7BBEC456F532\",\n    \"representative\": \"nano_3nroioygg54nusrmyun4woimqex36sp3drnctdt5955uqu47fxbkrxk7n7ne\",\n    \"signature\": \"3F6792C2DC623DF2E8643777160AB983B66B337E2478E13D2C3448126A8F4CD8DCCD19803C158A057FA44060AE0EFC09B1C311CB4FBF42F8D240610B38F56E08\",\n    \"work\": \"70FEF01F7EC45DEC\"\n    }" NANO_TEST_GENESIS_PRV ="49643F9B10CA1AA34F9AF8ED4AABD29F436104CCC375974B108534A48EAE3FE1" "rsnano" "--network" "test" "--data-path" "/var/folders/1y/px089b2s6f9d893xp1p4c7wh0000gn/T/rai-gate-b-ubipfo8j/pr0" "node" "run"
2026-10-08T19:28:01.753873Z  INFO nanospam::setup::node_launcher: Waiting for RPC...
2026-10-08T19:28:01.856002Z  INFO nanospam::setup::node_launcher: Starting node: NANO_TEST_GENESIS_BLOCK="{\n    \"type\": \"open\",\n    \"account\": \"nano_3nroioygg54nusrmyun4woimqex36sp3drnctdt5955uqu47fxbkrxk7n7ne\",\n    \"source\": \"D315857CE70C54DE713F6E82E5613BB3A1266C15E28AD2F4338C7BBEC456F532\",\n    \"representative\": \"nano_3nroioygg54nusrmyun4woimqex36sp3drnctdt5955uqu47fxbkrxk7n7ne\",\n    \"signature\": \"3F6792C2DC623DF2E8643777160AB983B66B337E2478E13D2C3448126A8F4CD8DCCD19803C158A057FA44060AE0EFC09B1C311CB4FBF42F8D240610B38F56E08\",\n    \"work\": \"70FEF01F7EC45DEC\"\n    }" NANO_TEST_GENESIS_PRV ="49643F9B10CA1AA34F9AF8ED4AABD29F436104CCC375974B108534A48EAE3FE1" "rsnano" "--network" "test" "--data-path" "/var/folders/1y/px089b2s6f9d893xp1p4c7wh0000gn/T/rai-gate-b-ubipfo8j/pr1" "node" "run"
2026-10-08T19:28:01.856587Z  INFO nanospam::setup::node_launcher: Waiting for RPC...
2026-10-08T19:28:01.959832Z  INFO nanospam::setup::node_launcher: Starting node: NANO_TEST_GENESIS_BLOCK="{\n    \"type\": \"open\",\n    \"account\": \"nano_3nroioygg54nusrmyun4woimqex36sp3drnctdt5955uqu47fxbkrxk7n7ne\",\n    \"source\": \"D315857CE70C54DE713F6E82E5613BB3A1266C15E28AD2F4338C7BBEC456F532\",\n    \"representative\": \"nano_3nroioygg54nusrmyun4woimqex36sp3drnctdt5955uqu47fxbkrxk7n7ne\",\n    \"signature\": \"3F6792C2DC623DF2E8643777160AB983B66B337E2478E13D2C3448126A8F4CD8DCCD19803C158A057FA44060AE0EFC09B1C311CB4FBF42F8D240610B38F56E08\",\n    \"work\": \"70FEF01F7EC45DEC\"\n    }" NANO_TEST_GENESIS_PRV ="49643F9B10CA1AA34F9AF8ED4AABD29F436104CCC375974B108534A48EAE3FE1" "rsnano" "--network" "test" "--data-path" "/var/folders/1y/px089b2s6f9d893xp1p4c7wh0000gn/T/rai-gate-b-ubipfo8j/pr2" "node" "run"
2026-10-08T19:28:01.960824Z  INFO nanospam::setup::node_launcher: Waiting for RPC...
2026-10-08T19:28:02.064425Z  INFO nanospam::setup::node_launcher: Starting node: NANO_TEST_GENESIS_BLOCK="{\n    \"type\": \"open\",\n    \"account\": \"nano_3nroioygg54nusrmyun4woimqex36sp3drnctdt5955uqu47fxbkrxk7n7ne\",\n    \"source\": \"D315857CE70C54DE713F6E82E5613BB3A1266C15E28AD2F4338C7BBEC456F532\",\n    \"representative\": \"nano_3nroioygg54nusrmyun4woimqex36sp3drnctdt5955uqu47fxbkrxk7n7ne\",\n    \"signature\": \"3F6792C2DC623DF2E8643777160AB983B66B337E2478E13D2C3448126A8F4CD8DCCD19803C158A057FA44060AE0EFC09B1C311CB4FBF42F8D240610B38F56E08\",\n    \"work\": \"70FEF01F7EC45DEC\"\n    }" NANO_TEST_GENESIS_PRV ="49643F9B10CA1AA34F9AF8ED4AABD29F436104CCC375974B108534A48EAE3FE1" "rsnano" "--network" "test" "--data-path" "/var/folders/1y/px089b2s6f9d893xp1p4c7wh0000gn/T/rai-gate-b-ubipfo8j/pr3" "node" "run"
2026-10-08T19:28:02.065957Z  INFO nanospam::setup::node_launcher: Waiting for RPC...
2026-10-08T19:28:02.169100Z  INFO nanospam::setup::node_launcher: Starting node: NANO_TEST_GENESIS_BLOCK="{\n    \"type\": \"open\",\n    \"account\": \"nano_3nroioygg54nusrmyun4woimqex36sp3drnctdt5955uqu47fxbkrxk7n7ne\",\n    \"source\": \"D315857CE70C54DE713F6E82E5613BB3A1266C15E28AD2F4338C7BBEC456F532\",\n    \"representative\": \"nano_3nroioygg54nusrmyun4woimqex36sp3drnctdt5955uqu47fxbkrxk7n7ne\",\n    \"signature\": \"3F6792C2DC623DF2E8643777160AB983B66B337E2478E13D2C3448126A8F4CD8DCCD19803C158A057FA44060AE0EFC09B1C311CB4FBF42F8D240610B38F56E08\",\n    \"work\": \"70FEF01F7EC45DEC\"\n    }" NANO_TEST_GENESIS_PRV ="49643F9B10CA1AA34F9AF8ED4AABD29F436104CCC375974B108534A48EAE3FE1" "rsnano" "--network" "test" "--data-path" "/var/folders/1y/px089b2s6f9d893xp1p4c7wh0000gn/T/rai-gate-b-ubipfo8j/pr4" "node" "run"
2026-10-08T19:28:02.170024Z  INFO nanospam::setup::node_launcher: Waiting for RPC...
2026-10-08T19:28:02.273573Z  INFO nanospam::setup::node_launcher: Starting node: NANO_TEST_GENESIS_BLOCK="{\n    \"type\": \"open\",\n    \"account\": \"nano_3nroioygg54nusrmyun4woimqex36sp3drnctdt5955uqu47fxbkrxk7n7ne\",\n    \"source\": \"D315857CE70C54DE713F6E82E5613BB3A1266C15E28AD2F4338C7BBEC456F532\",\n    \"representative\": \"nano_3nroioygg54nusrmyun4woimqex36sp3drnctdt5955uqu47fxbkrxk7n7ne\",\n    \"signature\": \"3F6792C2DC623DF2E8643777160AB983B66B337E2478E13D2C3448126A8F4CD8DCCD19803C158A057FA44060AE0EFC09B1C311CB4FBF42F8D240610B38F56E08\",\n    \"work\": \"70FEF01F7EC45DEC\"\n    }" NANO_TEST_GENESIS_PRV ="49643F9B10CA1AA34F9AF8ED4AABD29F436104CCC375974B108534A48EAE3FE1" "rsnano" "--network" "test" "--data-path" "/var/folders/1y/px089b2s6f9d893xp1p4c7wh0000gn/T/rai-gate-b-ubipfo8j/pr5" "node" "run"
2026-10-08T19:28:02.274979Z  INFO nanospam::setup::node_launcher: Waiting for RPC...
2026-10-08T19:28:02.378887Z  INFO nanospam::wallets_factory: Creating wallet...
2026-10-08T19:28:02.454539Z  INFO nanospam::wallets_factory: Setting default representative...
2026-10-08T19:28:02.454835Z  INFO nanospam::wallets_factory: Creating wallet...
2026-10-08T19:28:02.499513Z  INFO nanospam::wallets_factory: Setting default representative...
2026-10-08T19:28:02.499768Z  INFO nanospam::wallets_factory: Sending Ӿ56,547,061 to PR1 wallet nano_3atmwjh8t11psdqf3qx6xjfiei94oajch6zsyauowxzjogbbgz168g5mp8f1 ...
2026-10-08T19:28:02.500129Z  INFO nanospam::wallets_factory: Waiting for confirmation for 70B574FB519B8DEA27D8F4952C2E7B0378B009608D6FC967984D3C83440C9C3D
2026-10-08T19:28:17.591647Z  INFO nanospam::wallets_factory: Receiving...
2026-10-08T19:28:17.594203Z  INFO nanospam::wallets_factory: Waiting for confirmation for 011C6AC2721054F46B03A50885AF48083A4A685154A55D85116DBCE413673F86
2026-10-08T19:28:17.696567Z  INFO nanospam::wallets_factory: DONE
2026-10-08T19:28:17.696702Z  INFO nanospam::wallets_factory: ********************************************************************************
2026-10-08T19:28:17.696727Z  INFO nanospam::wallets_factory: Creating wallet...
2026-10-08T19:28:17.776499Z  INFO nanospam::wallets_factory: Setting default representative...
2026-10-08T19:28:17.776895Z  INFO nanospam::wallets_factory: Sending Ӿ56,547,061 to PR2 wallet nano_36asm8scxymtsjmgqp14per3zxpgaec1c65qb9en1buscq7qzqa93tfyyzs3 ...
2026-10-08T19:28:17.777381Z  INFO nanospam::wallets_factory: Waiting for confirmation for 76B3937072C015B69E45D5458B47CF52A54A38F8ED441B0E21561A3048243E90
2026-10-08T19:28:17.982252Z  INFO nanospam::wallets_factory: Receiving...
2026-10-08T19:28:17.984361Z  INFO nanospam::wallets_factory: Waiting for confirmation for 402DCF4725254BECF5C5CB5F707C169725EE114819D289F8A5477C2FFF19BDC0
2026-10-08T19:28:18.190677Z  INFO nanospam::wallets_factory: DONE
2026-10-08T19:28:18.190891Z  INFO nanospam::wallets_factory: ********************************************************************************
2026-10-08T19:28:18.190910Z  INFO nanospam::wallets_factory: Creating wallet...
2026-10-08T19:28:18.259862Z  INFO nanospam::wallets_factory: Setting default representative...
2026-10-08T19:28:18.260178Z  INFO nanospam::wallets_factory: Sending Ӿ56,547,061 to PR3 wallet nano_1sfb11jzfi8k51fcnrzi1qe3qh1e1jkic3h45oak9yfg5yhbkczzxfwtat7m ...
2026-10-08T19:28:18.260617Z  INFO nanospam::wallets_factory: Waiting for confirmation for FF4589BE1759B38CC94ABA0AE4FE6644845FE957C02EA9CEA669A28C8D1ADE97
2026-10-08T19:28:34.990625Z  INFO nanospam::wallets_factory: Receiving...
2026-10-08T19:28:34.992978Z  INFO nanospam::wallets_factory: Waiting for confirmation for 1210B877FF188F4FF352C0EDE856AA702A1D6763EFA96EA84BB10519898BE6D0
2026-10-08T19:28:35.198589Z  INFO nanospam::wallets_factory: DONE
2026-10-08T19:28:35.198694Z  INFO nanospam::wallets_factory: ********************************************************************************
2026-10-08T19:28:35.198727Z  INFO nanospam::wallets_factory: Creating wallet...
2026-10-08T19:28:35.246938Z  INFO nanospam::wallets_factory: Setting default representative...
2026-10-08T19:28:35.247253Z  INFO nanospam::wallets_factory: Sending Ӿ56,547,061 to PR4 wallet nano_1rsxmoinip7d4wafdp855194n43fs7s1jgne6tx8ruatiu6g89815pddzijp ...
2026-10-08T19:28:35.247737Z  INFO nanospam::wallets_factory: Waiting for confirmation for 23D89F3531AC5EE2378D3606C70B24D2A7B9016B8ADB1A970E6B1D9E7576186D
2026-10-08T19:28:35.453834Z  INFO nanospam::wallets_factory: Receiving...
2026-10-08T19:28:35.456476Z  INFO nanospam::wallets_factory: Waiting for confirmation for 8D401F6072C9B3A9EFBA68DA33CC97FF1D15EEB9F09CE4731C1A7614578C3E56
2026-10-08T19:28:35.662140Z  INFO nanospam::wallets_factory: DONE
2026-10-08T19:28:35.662281Z  INFO nanospam::wallets_factory: ********************************************************************************
2026-10-08T19:28:35.662309Z  INFO nanospam::wallets_factory: Creating wallet...
2026-10-08T19:28:35.741943Z  INFO nanospam::wallets_factory: Setting default representative...
2026-10-08T19:28:35.742319Z  INFO nanospam::wallets_factory: Sending Ӿ56,547,061 to PR5 wallet nano_1wtzwadxk9naxc356m4rienp93ht131w7ypadk39qck8uah3bg3zohsmj9th ...
2026-10-08T19:28:35.742735Z  INFO nanospam::wallets_factory: Waiting for confirmation for A5666BC59C8DD98A7E52D6F61006629E4EDB37063C12A73BFB41D35538B371CA
2026-10-08T19:28:51.039187Z  INFO nanospam::wallets_factory: Receiving...
2026-10-08T19:28:51.041441Z  INFO nanospam::wallets_factory: Waiting for confirmation for 49EEF9EFFD843E7FE6FB8D0DE0A19E8B88DBE91F26F5FDDB0E8862DEF7553864
2026-10-08T19:28:51.145186Z  INFO nanospam::wallets_factory: DONE
2026-10-08T19:28:51.145253Z  INFO nanospam::wallets_factory: ********************************************************************************
2026-10-08T19:28:51.145267Z  INFO nanospam::wallets_factory: Sending initial spam amount...
2026-10-08T19:28:51.146114Z  INFO nanospam::wallets_factory: Waiting for confirmation for 0293DB5EF472152062CB42525E01C1CFB3D82F515990EFAAE707E29F36FF0D69
2026-10-08T19:28:51.249219Z  INFO nanospam::wallets_factory: Receiving initial spam amount...
2026-10-08T19:28:51.249725Z  INFO nanospam::wallets_factory: Waiting for confirmation for 89C62ECA6D7F172FBD309D36516FD08890E9F0D13BED5D13505E368216B58072
2026-10-08T19:28:51.353371Z  INFO nanospam::wallets_factory: Seeding Ӿ142,857 to nano_378npk3e8a7acx6pip48isto87uwamg5og811ptwfggw96qd765fojmss3e5 for representative D315857CE70C54DE713F6E82E5613BB3A1266C15E28AD2F4338C7BBEC456F532
2026-10-08T19:28:51.354676Z  INFO nanospam::wallets_factory: Waiting for confirmation for E660C0877690D91D48108E8CDE6A92F1F485F2E98637C65C368DC300B6C42B9E
2026-10-08T19:28:51.460006Z  INFO nanospam::wallets_factory: Waiting for confirmation for 511C09639C8EDE4A811E93578A0D5011EE04B6FA6A612711974C9F1493CADC1C
2026-10-08T19:28:51.563927Z  INFO nanospam::wallets_factory: Seeding Ӿ142,857 to nano_3cy9oyifr5jrx4mxtu99dgn5jby4oubdzyahfgrtmqfhcro7xyzc4dsbzkac for representative A353E45E6D0016CAEED0DFA4EC5B0640E2AA22A793F9F2375E77F1AB92977C04
2026-10-08T19:28:51.564792Z  INFO nanospam::wallets_factory: Waiting for confirmation for 2DA41589C729BE8ECFDB7D7957C0FBBB927A689D4D736FD6B642D432A0198338
2026-10-08T19:28:51.669276Z  INFO nanospam::wallets_factory: Waiting for confirmation for 2314B50CED26C432A85A45FB4EFFF20259AD53FE2DC87E9A68F122639D3C8656
2026-10-08T19:28:51.774024Z  INFO nanospam::wallets_factory: Seeding Ӿ142,857 to nano_1s867pno6dcxf4i45nbru6nqzqe3613nwkutwne7zk99e81e1qqzex55mrif for representative 911999B2AEFA7ACC66EBD802B3301FF6CE431405107749D940277955CB7FDD07
2026-10-08T19:28:51.775645Z  INFO nanospam::wallets_factory: Waiting for confirmation for 1241D21CC47C9C28F5E196BCEEB9AF5C7EDAC85CD5C36CF5051BCA901B050C49
2026-10-08T19:28:51.880784Z  INFO nanospam::wallets_factory: Waiting for confirmation for 6D73EDC0990BA78FE1A41A9AEC6C5B8FEF24744A73B5FBFF6E20792757C20AB0
2026-10-08T19:28:51.984703Z  INFO nanospam::wallets_factory: Seeding Ӿ142,857 to nano_1cynixopbgkgiz53xuah5bsjz6f3nbpzdw3r4354do69uzedmqxbkje9smhb for representative 65A90023F6C0D2181AAA63F005D81BBC0C04650505E21D5123F9AE1F9E992BFF
2026-10-08T19:28:51.985595Z  INFO nanospam::wallets_factory: Waiting for confirmation for 5E55DA1F75D26BEBAA15E21D80B48D764FA0BACDAFF002769E50F89B1992BACF
2026-10-08T19:28:52.091441Z  INFO nanospam::wallets_factory: Waiting for confirmation for ACB522CE99F16AAAC848F3847FE1A64AAEB996145C6F608FD219D9D47F6B1D1F
2026-10-08T19:28:52.195211Z  INFO nanospam::wallets_factory: Seeding Ӿ142,857 to nano_3n6mfcf1tqhmn8dyhnhq51669p5uihhqxsdsfs76ga4ercfkyqq45fnp78rz for representative 633D9D614858AB1710D5D8C3180E2A082DC97208BA8C26BA6C6D1A86C8E31CC0
2026-10-08T19:28:52.196160Z  INFO nanospam::wallets_factory: Waiting for confirmation for 31EB95529EC9565EFA22B6C7819C0D32A7D322FA3CF1573E829BE31BFC97DB7E
2026-10-08T19:28:52.300743Z  INFO nanospam::wallets_factory: Waiting for confirmation for CCD689167218B7F645E6900A453878825D8396B270D65AE2BFBCFBD0C2B25F44
2026-10-08T19:28:52.404966Z  INFO nanospam::wallets_factory: Seeding Ӿ142,857 to nano_3ey1hroaihbrs4tgsa587bxioo6s4psx6ipky3tpjsii4mxnn7m38e7s1d5t for representative 735FE217D91E88EA82324C5883296385FA0041C2FAC85C827BAA46DA1E14B83F
2026-10-08T19:28:52.406236Z  INFO nanospam::wallets_factory: Waiting for confirmation for 83AAAD39944928731DCE4F4F294EBE085225620371758974AA376FD2A5E15ECC
2026-10-08T19:28:52.511986Z  INFO nanospam::wallets_factory: Waiting for confirmation for 3A2EF907915814FD4A3C3B2A7AFF5E45BDF8FF800CF301CE82F2AFD455067A31
2026-10-08T19:28:52.618334Z  INFO nanospam::high_prio_check: Creating high priority accounts...
2026-10-08T19:28:52.647051Z  INFO nanospam::high_prio_check: Waiting for confirmations...
2026-10-08T19:28:54.757188Z  INFO nanospam::app: Waiting for all PRs to see the full quorum...
2026-10-08T19:29:04.933507Z  INFO nanospam::app: Republished the genesis chain to all PRs
2026-10-08T19:29:09.825186Z  INFO nanospam::app: Republished the genesis chain to all PRs
2026-10-08T19:29:14.918965Z  INFO nanospam::app: Republished the genesis chain to all PRs
2026-10-08T19:29:19.826014Z  INFO nanospam::app: Republished the genesis chain to all PRs
2026-10-08T19:29:20.031189Z  INFO nanospam::app: All PRs see the full quorum after 25.274350084s
2026-10-08T19:29:20.031372Z  INFO nanospam::app: Waiting for all PRs to hold the same cemented ledger...
2026-10-08T19:29:20.032656Z  INFO nanospam::app: All PRs hold the same ledger of 65 blocks after 1.26325ms
EPOCH_COMMITTEE derived_by=genesis members=6 accounts=33 n=6 digest=95D409445152DD075E6A4799205DFA5689496EB8EE1A22AC2A200B9DBC2DCF27 shares=["A353E45E:16.7%", "65A90023:16.7%", "D315857C:16.7%", "911999B2:16.7%", "633D9D61:16.7%", "735FE217:16.7%"] t=1791487760033
EPOCH_START epoch=0 elections=0 t=1791487760033
EPOCH_COMMITTEE derived_by=genesis members=6 accounts=33 n=6 digest=95D409445152DD075E6A4799205DFA5689496EB8EE1A22AC2A200B9DBC2DCF27 shares=["A353E45E:16.7%", "65A90023:16.7%", "D315857C:16.7%", "911999B2:16.7%", "633D9D61:16.7%", "735FE217:16.7%"] t=1791487760033
EPOCH_START epoch=0 elections=0 t=1791487760033
EPOCH_COMMITTEE derived_by=genesis members=6 accounts=33 n=6 digest=95D409445152DD075E6A4799205DFA5689496EB8EE1A22AC2A200B9DBC2DCF27 shares=["A353E45E:16.7%", "65A90023:16.7%", "D315857C:16.7%", "911999B2:16.7%", "633D9D61:16.7%", "735FE217:16.7%"] t=1791487760034
EPOCH_START epoch=0 elections=0 t=1791487760034
EPOCH_COMMITTEE derived_by=genesis members=6 accounts=33 n=6 digest=95D409445152DD075E6A4799205DFA5689496EB8EE1A22AC2A200B9DBC2DCF27 shares=["A353E45E:16.7%", "65A90023:16.7%", "D315857C:16.7%", "911999B2:16.7%", "633D9D61:16.7%", "735FE217:16.7%"] t=1791487760035
EPOCH_START epoch=0 elections=0 t=1791487760035
EPOCH_COMMITTEE derived_by=genesis members=6 accounts=33 n=6 digest=95D409445152DD075E6A4799205DFA5689496EB8EE1A22AC2A200B9DBC2DCF27 shares=["A353E45E:16.7%", "65A90023:16.7%", "D315857C:16.7%", "911999B2:16.7%", "633D9D61:16.7%", "735FE217:16.7%"] t=1791487760036
EPOCH_START epoch=0 elections=0 t=1791487760036
EPOCH_COMMITTEE derived_by=genesis members=6 accounts=33 n=6 digest=95D409445152DD075E6A4799205DFA5689496EB8EE1A22AC2A200B9DBC2DCF27 shares=["A353E45E:16.7%", "65A90023:16.7%", "D315857C:16.7%", "911999B2:16.7%", "633D9D61:16.7%", "735FE217:16.7%"] t=1791487760036
EPOCH_START epoch=0 elections=0 t=1791487760036
2026-10-08T19:29:20.037097Z  INFO nanospam::app: Started the epochs on every PR
2026-10-08T19:29:20.037143Z  INFO nanospam::app: Connecting to node PR0... peer_addr=[::1]:17075
2026-10-08T19:29:20.037608Z  INFO nanospam::app: Performing handshake...
2026-10-08T19:29:20.038473Z  INFO nanospam::app: Performing handshake...
2026-10-08T19:29:20.049613Z  INFO nanospam::app: Performing handshake...
2026-10-08T19:29:20.061846Z  INFO nanospam::app: Performing handshake...
2026-10-08T19:29:20.073854Z  INFO nanospam::app: Connecting to node PR1... peer_addr=[::1]:17085
2026-10-08T19:29:20.074171Z  INFO nanospam::app: Performing handshake...
2026-10-08T19:29:20.074941Z  INFO nanospam::app: Performing handshake...
2026-10-08T19:29:20.087207Z  INFO nanospam::app: Performing handshake...
2026-10-08T19:29:20.099626Z  INFO nanospam::app: Performing handshake...
2026-10-08T19:29:20.110719Z  INFO nanospam::app: Connecting to node PR2... peer_addr=[::1]:17095
2026-10-08T19:29:20.111082Z  INFO nanospam::app: Performing handshake...
2026-10-08T19:29:20.112047Z  INFO nanospam::app: Performing handshake...
2026-10-08T19:29:20.123524Z  INFO nanospam::app: Performing handshake...
2026-10-08T19:29:20.134932Z  INFO nanospam::app: Performing handshake...
2026-10-08T19:29:20.147215Z  INFO nanospam::app: Connecting to node PR3... peer_addr=[::1]:17105
2026-10-08T19:29:20.147493Z  INFO nanospam::app: Performing handshake...
2026-10-08T19:29:20.148483Z  INFO nanospam::app: Performing handshake...
2026-10-08T19:29:20.159641Z  INFO nanospam::app: Performing handshake...
2026-10-08T19:29:20.170461Z  INFO nanospam::app: Performing handshake...
2026-10-08T19:29:20.181380Z  INFO nanospam::app: Connecting to node PR4... peer_addr=[::1]:17115
2026-10-08T19:29:20.181675Z  INFO nanospam::app: Performing handshake...
2026-10-08T19:29:20.182603Z  INFO nanospam::app: Performing handshake...
2026-10-08T19:29:20.194000Z  INFO nanospam::app: Performing handshake...
2026-10-08T19:29:20.206098Z  INFO nanospam::app: Performing handshake...
2026-10-08T19:29:20.217038Z  INFO nanospam::app: Connecting to node PR5... peer_addr=[::1]:17125
2026-10-08T19:29:20.217371Z  INFO nanospam::app: Performing handshake...
2026-10-08T19:29:20.218263Z  INFO nanospam::app: Performing handshake...
2026-10-08T19:29:20.229365Z  INFO nanospam::app: Performing handshake...
2026-10-08T19:29:20.240586Z  INFO nanospam::app: Performing handshake...
2026-10-08T19:29:20.251065Z  INFO nanospam::app: Connecting to websocket...
2026-10-08T19:29:20.251815Z  INFO nanospam::app: Starting with 2000 BPS
2026-10-08T19:29:21.257957Z  INFO nanospam::app: Confirmed 766 blocks | 2,000 bps | 840 cps | avg conf time: 92 ms
2026-10-08T19:29:22.259304Z  INFO nanospam::app: Confirmed 3,012 blocks | 2,000 bps | 2,230 cps | avg conf time: 131 ms
2026-10-08T19:29:23.260115Z  INFO nanospam::app: Confirmed 6,269 blocks | 2,000 bps | 3,254 cps | avg conf time: 364 ms
2026-10-08T19:29:24.261434Z  INFO nanospam::app: Confirmed 7,979 blocks | 2,000 bps | 1,707 cps | avg conf time: 103 ms
2026-10-08T19:29:25.262373Z  INFO nanospam::app: Confirmed 9,896 blocks | 2,000 bps | 1,915 cps | avg conf time: 92 ms
2026-10-08T19:29:26.263312Z  INFO nanospam::app: Confirmed 11,711 blocks | 2,000 bps | 1,813 cps | avg conf time: 99 ms
2026-10-08T19:29:27.264035Z  INFO nanospam::app: Confirmed 13,562 blocks | 2,000 bps | 1,849 cps | avg conf time: 104 ms
EPOCH_ENDED epoch=0 elections=938 active=226 t=1791487768035
EPOCH_ENDED epoch=0 elections=935 active=218 t=1791487768036
EPOCH_ENDED epoch=0 elections=938 active=216 t=1791487768036
EPOCH_ENDED epoch=0 elections=912 active=188 t=1791487768036
EPOCH_ENDED epoch=0 elections=937 active=222 t=1791487768036
EPOCH_ENDED epoch=0 elections=925 active=94 t=1791487768038
EPOCH_CARRIED epoch=0 instances=222 split=716 t=1791487768061
EPOCH_ADVANCED epoch=1 elections=1160 active=448 vote_records=178631 t=1791487768062
EPOCH_CARRIED epoch=0 instances=209 split=716 t=1791487768062
EPOCH_ADVANCED epoch=1 elections=1134 active=303 vote_records=178841 t=1791487768062
EPOCH_CARRIED epoch=0 instances=221 split=716 t=1791487768067
EPOCH_ADVANCED epoch=1 elections=1158 active=443 vote_records=178609 t=1791487768067
EPOCH_CARRIED epoch=0 instances=196 split=716 t=1791487768077
EPOCH_ADVANCED epoch=1 elections=1108 active=384 vote_records=178645 t=1791487768077
EPOCH_CARRIED epoch=0 instances=219 split=716 t=1791487768084
EPOCH_ADVANCED epoch=1 elections=1154 active=437 vote_records=178622 t=1791487768084
EPOCH_CARRIED epoch=0 instances=222 split=716 t=1791487768106
EPOCH_ADVANCED epoch=1 elections=1160 active=438 vote_records=178642 t=1791487768106
EPOCH_CLOSE_UNREADY epoch=0 short_of=reports usable=0 weight=0 required=5 held=0 theirs=[] t=1791487768136
EPOCH_CLOSE_UNREADY epoch=0 short_of=reports usable=1 weight=1 required=5 held=0 theirs=[] t=1791487768173
EPOCH_REPORT epoch=0 certified=14962 residual=893 root=70779C2EB953ECF67F5826CD4919BFE8C9F1A796D03CC905A722CA86C201F346 reports=1 t=1791487768185
EPOCH_REPORT epoch=0 certified=15077 residual=786 root=5C66139F6A1072572282D28DEAB199436EFA6286C420F8AF10A39F7155E4A203 reports=1 t=1791487768194
EPOCH_REPORT epoch=0 certified=14962 residual=906 root=70779C2EB953ECF67F5826CD4919BFE8C9F1A796D03CC905A722CA86C201F346 reports=1 t=1791487768198
EPOCH_CLOSE_UNREADY epoch=0 short_of=reports usable=1 weight=1 required=5 held=2 theirs=["911999B2:70779C2E:066D8EAC", "633D9D61:70779C2E:5FBA6A57"] t=1791487768234
EPOCH_REPORT epoch=0 certified=14962 residual=892 root=70779C2EB953ECF67F5826CD4919BFE8C9F1A796D03CC905A722CA86C201F346 reports=1 t=1791487768236
EPOCH_REPORT epoch=0 certified=14962 residual=882 root=70779C2EB953ECF67F5826CD4919BFE8C9F1A796D03CC905A722CA86C201F346 reports=1 t=1791487768254
2026-10-08T19:29:28.265001Z  INFO nanospam::app: Confirmed 14,889 blocks | 2,000 bps | 1,325 cps | avg conf time: 108 ms
EPOCH_RECONCILED epoch=0 reporter=633D9D614858AB1710D5D8C3180E2A082DC97208BA8C26BA6C6D1A86C8E31CC0 complete=false entries=179 total=14962 symbols=364 dropped=false t=1791487768281
EPOCH_RECONCILED epoch=0 reporter=A353E45E6D0016CAEED0DFA4EC5B0640E2AA22A793F9F2375E77F1AB92977C04 complete=false entries=0 total=14962 symbols=0 dropped=false t=1791487768300
EPOCH_RECONCILED epoch=0 reporter=633D9D614858AB1710D5D8C3180E2A082DC97208BA8C26BA6C6D1A86C8E31CC0 complete=false entries=0 total=14962 symbols=0 dropped=false t=1791487768301
EPOCH_RECONCILED epoch=0 reporter=633D9D614858AB1710D5D8C3180E2A082DC97208BA8C26BA6C6D1A86C8E31CC0 complete=false entries=892 total=892 symbols=0 dropped=false t=1791487768315
EPOCH_CLOSE_UNREADY epoch=0 short_of=reports usable=1 weight=1 required=5 held=4 theirs=["735FE217:5C66139F:71B86D78", "A353E45E:70779C2E:9B69F05C", "65A90023:70779C2E:F2E1FAF7", "633D9D61:70779C2E:5FBA6A57"] t=1791487768315
EPOCH_RECONCILED epoch=0 reporter=633D9D614858AB1710D5D8C3180E2A082DC97208BA8C26BA6C6D1A86C8E31CC0 complete=true entries=1 total=893 symbols=16 dropped=false t=1791487768317
EPOCH_RECONCILED epoch=0 reporter=A353E45E6D0016CAEED0DFA4EC5B0640E2AA22A793F9F2375E77F1AB92977C04 complete=false entries=890 total=890 symbols=0 dropped=false t=1791487768340
EPOCH_RECONCILED epoch=0 reporter=911999B2AEFA7ACC66EBD802B3301FF6CE431405107749D940277955CB7FDD07 complete=false entries=0 total=14962 symbols=0 dropped=false t=1791487768341
EPOCH_REPORT epoch=0 certified=14962 residual=930 root=70779C2EB953ECF67F5826CD4919BFE8C9F1A796D03CC905A722CA86C201F346 reports=1 t=1791487768348
EPOCH_RECONCILED epoch=0 reporter=735FE217D91E88EA82324C5883296385FA0041C2FAC85C827BAA46DA1E14B83F complete=false entries=278 total=15077 symbols=546 dropped=false t=1791487768362
EPOCH_RECONCILED epoch=0 reporter=633D9D614858AB1710D5D8C3180E2A082DC97208BA8C26BA6C6D1A86C8E31CC0 complete=false entries=0 total=14962 symbols=0 dropped=false t=1791487768378
EPOCH_RECONCILED epoch=0 reporter=911999B2AEFA7ACC66EBD802B3301FF6CE431405107749D940277955CB7FDD07 complete=false entries=895 total=895 symbols=0 dropped=false t=1791487768380
EPOCH_RECONCILED epoch=0 reporter=633D9D614858AB1710D5D8C3180E2A082DC97208BA8C26BA6C6D1A86C8E31CC0 complete=false entries=0 total=14962 symbols=0 dropped=false t=1791487768401
EPOCH_RECONCILED epoch=0 reporter=633D9D614858AB1710D5D8C3180E2A082DC97208BA8C26BA6C6D1A86C8E31CC0 complete=true entries=893 total=893 symbols=0 dropped=false t=1791487768401
EPOCH_RECONCILED epoch=0 reporter=911999B2AEFA7ACC66EBD802B3301FF6CE431405107749D940277955CB7FDD07 complete=false entries=0 total=14962 symbols=0 dropped=false t=1791487768407
EPOCH_RECONCILED epoch=0 reporter=633D9D614858AB1710D5D8C3180E2A082DC97208BA8C26BA6C6D1A86C8E31CC0 complete=false entries=886 total=886 symbols=0 dropped=false t=1791487768408
EPOCH_RECONCILED epoch=0 reporter=633D9D614858AB1710D5D8C3180E2A082DC97208BA8C26BA6C6D1A86C8E31CC0 complete=true entries=7 total=893 symbols=16 dropped=false t=1791487768414
EPOCH_RECONCILED epoch=0 reporter=A353E45E6D0016CAEED0DFA4EC5B0640E2AA22A793F9F2375E77F1AB92977C04 complete=true entries=2 total=892 symbols=16 dropped=false t=1791487768414
EPOCH_RECONCILED epoch=0 reporter=911999B2AEFA7ACC66EBD802B3301FF6CE431405107749D940277955CB7FDD07 complete=true entries=11 total=906 symbols=32 dropped=false t=1791487768421
EPOCH_RECONCILED epoch=0 reporter=735FE217D91E88EA82324C5883296385FA0041C2FAC85C827BAA46DA1E14B83F complete=false entries=278 total=15077 symbols=546 dropped=false t=1791487768429
EPOCH_CLOSE_UNREADY epoch=0 short_of=reports usable=1 weight=1 required=5 held=5 theirs=["A353E45E:70779C2E:9B69F05C", "911999B2:70779C2E:066D8EAC", "735FE217:5C66139F:71B86D78", "D315857C:70779C2E:416C2CE3", "633D9D61:70779C2E:5FBA6A57"] t=1791487768434
EPOCH_RECONCILED epoch=0 reporter=A353E45E6D0016CAEED0DFA4EC5B0640E2AA22A793F9F2375E77F1AB92977C04 complete=false entries=0 total=14962 symbols=0 dropped=false t=1791487768443
EPOCH_RECONCILED epoch=0 reporter=A353E45E6D0016CAEED0DFA4EC5B0640E2AA22A793F9F2375E77F1AB92977C04 complete=true entries=892 total=892 symbols=0 dropped=false t=1791487768494
EPOCH_RECONCILED epoch=0 reporter=911999B2AEFA7ACC66EBD802B3301FF6CE431405107749D940277955CB7FDD07 complete=false entries=0 total=14962 symbols=0 dropped=false t=1791487768495
EPOCH_RECONCILED epoch=0 reporter=65A90023F6C0D2181AAA63F005D81BBC0C04650505E21D5123F9AE1F9E992BFF complete=false entries=0 total=14962 symbols=0 dropped=false t=1791487768496
EPOCH_RECONCILED epoch=0 reporter=65A90023F6C0D2181AAA63F005D81BBC0C04650505E21D5123F9AE1F9E992BFF complete=false entries=872 total=872 symbols=0 dropped=false t=1791487768508
EPOCH_RECONCILED epoch=0 reporter=D315857CE70C54DE713F6E82E5613BB3A1266C15E28AD2F4338C7BBEC456F532 complete=false entries=0 total=14962 symbols=0 dropped=false t=1791487768509
EPOCH_RECONCILED epoch=0 reporter=911999B2AEFA7ACC66EBD802B3301FF6CE431405107749D940277955CB7FDD07 complete=true entries=906 total=906 symbols=0 dropped=false t=1791487768512
EPOCH_RECONCILED epoch=0 reporter=A353E45E6D0016CAEED0DFA4EC5B0640E2AA22A793F9F2375E77F1AB92977C04 complete=false entries=0 total=14962 symbols=0 dropped=false t=1791487768512
EPOCH_RECONCILED epoch=0 reporter=A353E45E6D0016CAEED0DFA4EC5B0640E2AA22A793F9F2375E77F1AB92977C04 complete=true entries=892 total=892 symbols=0 dropped=false t=1791487768516
EPOCH_RECONCILED epoch=0 reporter=911999B2AEFA7ACC66EBD802B3301FF6CE431405107749D940277955CB7FDD07 complete=false entries=892 total=892 symbols=0 dropped=false t=1791487768516
EPOCH_RECONCILED epoch=0 reporter=65A90023F6C0D2181AAA63F005D81BBC0C04650505E21D5123F9AE1F9E992BFF complete=false entries=0 total=14962 symbols=0 dropped=false t=1791487768516
EPOCH_RECONCILED epoch=0 reporter=D315857CE70C54DE713F6E82E5613BB3A1266C15E28AD2F4338C7BBEC456F532 complete=false entries=0 total=14962 symbols=0 dropped=false t=1791487768517
EPOCH_RECONCILED epoch=0 reporter=65A90023F6C0D2181AAA63F005D81BBC0C04650505E21D5123F9AE1F9E992BFF complete=false entries=870 total=870 symbols=0 dropped=false t=1791487768520
EPOCH_RECONCILED epoch=0 reporter=D315857CE70C54DE713F6E82E5613BB3A1266C15E28AD2F4338C7BBEC456F532 complete=false entries=916 total=916 symbols=0 dropped=false t=1791487768521
EPOCH_RECONCILED epoch=0 reporter=911999B2AEFA7ACC66EBD802B3301FF6CE431405107749D940277955CB7FDD07 complete=false entries=0 total=14962 symbols=0 dropped=false t=1791487768522
EPOCH_RECONCILED epoch=0 reporter=911999B2AEFA7ACC66EBD802B3301FF6CE431405107749D940277955CB7FDD07 complete=true entries=906 total=906 symbols=0 dropped=false t=1791487768526
EPOCH_RECONCILED epoch=0 reporter=735FE217D91E88EA82324C5883296385FA0041C2FAC85C827BAA46DA1E14B83F complete=false entries=278 total=15077 symbols=546 dropped=false t=1791487768542
EPOCH_RECONCILED epoch=0 reporter=65A90023F6C0D2181AAA63F005D81BBC0C04650505E21D5123F9AE1F9E992BFF complete=true entries=12 total=882 symbols=32 dropped=false t=1791487768544
EPOCH_RECONCILED epoch=0 reporter=633D9D614858AB1710D5D8C3180E2A082DC97208BA8C26BA6C6D1A86C8E31CC0 complete=true entries=893 total=893 symbols=0 dropped=false t=1791487768566
EPOCH_RECONCILED epoch=0 reporter=A353E45E6D0016CAEED0DFA4EC5B0640E2AA22A793F9F2375E77F1AB92977C04 complete=false entries=0 total=14962 symbols=0 dropped=false t=1791487768570
EPOCH_RECONCILED epoch=0 reporter=D315857CE70C54DE713F6E82E5613BB3A1266C15E28AD2F4338C7BBEC456F532 complete=false entries=918 total=918 symbols=0 dropped=false t=1791487768654
EPOCH_RECONCILED epoch=0 reporter=65A90023F6C0D2181AAA63F005D81BBC0C04650505E21D5123F9AE1F9E992BFF complete=false entries=0 total=14962 symbols=0 dropped=false t=1791487768654
EPOCH_RECONCILED epoch=0 reporter=911999B2AEFA7ACC66EBD802B3301FF6CE431405107749D940277955CB7FDD07 complete=false entries=0 total=14962 symbols=0 dropped=false t=1791487768658
EPOCH_RECONCILED epoch=0 reporter=735FE217D91E88EA82324C5883296385FA0041C2FAC85C827BAA46DA1E14B83F complete=false entries=776 total=776 symbols=0 dropped=false t=1791487768701
EPOCH_RECONCILED epoch=0 reporter=65A90023F6C0D2181AAA63F005D81BBC0C04650505E21D5123F9AE1F9E992BFF complete=false entries=872 total=872 symbols=0 dropped=false t=1791487768701
EPOCH_RECONCILED epoch=0 reporter=A353E45E6D0016CAEED0DFA4EC5B0640E2AA22A793F9F2375E77F1AB92977C04 complete=false entries=0 total=14962 symbols=0 dropped=false t=1791487768702
EPOCH_RECONCILED epoch=0 reporter=A353E45E6D0016CAEED0DFA4EC5B0640E2AA22A793F9F2375E77F1AB92977C04 complete=true entries=892 total=892 symbols=0 dropped=false t=1791487768703
EPOCH_RECONCILED epoch=0 reporter=65A90023F6C0D2181AAA63F005D81BBC0C04650505E21D5123F9AE1F9E992BFF complete=false entries=0 total=14962 symbols=0 dropped=false t=1791487768703
EPOCH_RECONCILED epoch=0 reporter=A353E45E6D0016CAEED0DFA4EC5B0640E2AA22A793F9F2375E77F1AB92977C04 complete=false entries=891 total=891 symbols=0 dropped=false t=1791487768705
EPOCH_RECONCILED epoch=0 reporter=65A90023F6C0D2181AAA63F005D81BBC0C04650505E21D5123F9AE1F9E992BFF complete=false entries=0 total=14962 symbols=0 dropped=false t=1791487768706
EPOCH_RECONCILED epoch=0 reporter=911999B2AEFA7ACC66EBD802B3301FF6CE431405107749D940277955CB7FDD07 complete=true entries=14 total=906 symbols=32 dropped=false t=1791487768713
EPOCH_RECONCILED epoch=0 reporter=911999B2AEFA7ACC66EBD802B3301FF6CE431405107749D940277955CB7FDD07 complete=true entries=906 total=906 symbols=0 dropped=false t=1791487768718
EPOCH_RECONCILED epoch=0 reporter=633D9D614858AB1710D5D8C3180E2A082DC97208BA8C26BA6C6D1A86C8E31CC0 complete=false entries=0 total=14962 symbols=0 dropped=false t=1791487768724
EPOCH_RECONCILED epoch=0 reporter=65A90023F6C0D2181AAA63F005D81BBC0C04650505E21D5123F9AE1F9E992BFF complete=true entries=882 total=882 symbols=0 dropped=false t=1791487768725
EPOCH_RECONCILED epoch=0 reporter=D315857CE70C54DE713F6E82E5613BB3A1266C15E28AD2F4338C7BBEC456F532 complete=false entries=0 total=14962 symbols=0 dropped=false t=1791487768726
EPOCH_RECONCILED epoch=0 reporter=633D9D614858AB1710D5D8C3180E2A082DC97208BA8C26BA6C6D1A86C8E31CC0 complete=false entries=886 total=886 symbols=0 dropped=false t=1791487768727
EPOCH_RECONCILED epoch=0 reporter=D315857CE70C54DE713F6E82E5613BB3A1266C15E28AD2F4338C7BBEC456F532 complete=true entries=930 total=930 symbols=0 dropped=false t=1791487768730
EPOCH_RECONCILED epoch=0 reporter=65A90023F6C0D2181AAA63F005D81BBC0C04650505E21D5123F9AE1F9E992BFF complete=true entries=10 total=882 symbols=32 dropped=false t=1791487768735
EPOCH_RECONCILED epoch=0 reporter=633D9D614858AB1710D5D8C3180E2A082DC97208BA8C26BA6C6D1A86C8E31CC0 complete=true entries=7 total=893 symbols=16 dropped=false t=1791487768736
EPOCH_RECONCILED epoch=0 reporter=D315857CE70C54DE713F6E82E5613BB3A1266C15E28AD2F4338C7BBEC456F532 complete=true entries=12 total=930 symbols=32 dropped=false t=1791487768741
EPOCH_RECONCILED epoch=0 reporter=65A90023F6C0D2181AAA63F005D81BBC0C04650505E21D5123F9AE1F9E992BFF complete=false entries=860 total=860 symbols=0 dropped=false t=1791487768748
EPOCH_RECONCILED epoch=0 reporter=D315857CE70C54DE713F6E82E5613BB3A1266C15E28AD2F4338C7BBEC456F532 complete=false entries=0 total=14962 symbols=0 dropped=false t=1791487768749
EPOCH_RECONCILED epoch=0 reporter=65A90023F6C0D2181AAA63F005D81BBC0C04650505E21D5123F9AE1F9E992BFF complete=true entries=10 total=882 symbols=32 dropped=false t=1791487768756
EPOCH_RECONCILED epoch=0 reporter=735FE217D91E88EA82324C5883296385FA0041C2FAC85C827BAA46DA1E14B83F complete=false entries=278 total=15077 symbols=546 dropped=false t=1791487768756
EPOCH_RECONCILED epoch=0 reporter=D315857CE70C54DE713F6E82E5613BB3A1266C15E28AD2F4338C7BBEC456F532 complete=false entries=929 total=929 symbols=0 dropped=false t=1791487768758
EPOCH_RECONCILED epoch=0 reporter=A353E45E6D0016CAEED0DFA4EC5B0640E2AA22A793F9F2375E77F1AB92977C04 complete=true entries=1 total=892 symbols=16 dropped=false t=1791487768761
EPOCH_RECONCILED epoch=0 reporter=D315857CE70C54DE713F6E82E5613BB3A1266C15E28AD2F4338C7BBEC456F532 complete=true entries=14 total=930 symbols=32 dropped=false t=1791487768761
EPOCH_RECONCILED epoch=0 reporter=D315857CE70C54DE713F6E82E5613BB3A1266C15E28AD2F4338C7BBEC456F532 complete=true entries=1 total=930 symbols=16 dropped=false t=1791487768762
EPOCH_RECONCILED epoch=0 reporter=735FE217D91E88EA82324C5883296385FA0041C2FAC85C827BAA46DA1E14B83F complete=true entries=10 total=786 symbols=32 dropped=false t=1791487768763
EPOCH_RECONCILED epoch=0 reporter=65A90023F6C0D2181AAA63F005D81BBC0C04650505E21D5123F9AE1F9E992BFF complete=true entries=22 total=882 symbols=48 dropped=false t=1791487768763
EPOCH_RECONCILED epoch=0 reporter=735FE217D91E88EA82324C5883296385FA0041C2FAC85C827BAA46DA1E14B83F complete=false entries=278 total=15077 symbols=546 dropped=false t=1791487768776
EPOCH_CLOSE_UNREADY epoch=0 short_of=reports usable=4 weight=4 required=5 held=5 theirs=["633D9D61:70779C2E:5FBA6A57", "735FE217:5C66139F:71B86D78", "911999B2:70779C2E:066D8EAC", "A353E45E:70779C2E:9B69F05C", "65A90023:70779C2E:F2E1FAF7"] t=1791487768783
EPOCH_RECONCILED epoch=0 reporter=735FE217D91E88EA82324C5883296385FA0041C2FAC85C827BAA46DA1E14B83F complete=false entries=784 total=784 symbols=0 dropped=false t=1791487768788
EPOCH_RECONCILED epoch=0 reporter=D315857CE70C54DE713F6E82E5613BB3A1266C15E28AD2F4338C7BBEC456F532 complete=false entries=0 total=14962 symbols=0 dropped=false t=1791487768788
EPOCH_RECONCILED epoch=0 reporter=D315857CE70C54DE713F6E82E5613BB3A1266C15E28AD2F4338C7BBEC456F532 complete=true entries=930 total=930 symbols=0 dropped=false t=1791487768792
EPOCH_RECONCILED epoch=0 reporter=735FE217D91E88EA82324C5883296385FA0041C2FAC85C827BAA46DA1E14B83F complete=true entries=2 total=786 symbols=16 dropped=false t=1791487768793
EPOCH_RECONCILED epoch=0 reporter=735FE217D91E88EA82324C5883296385FA0041C2FAC85C827BAA46DA1E14B83F complete=false entries=776 total=776 symbols=0 dropped=false t=1791487768968
EPOCH_RECONCILED epoch=0 reporter=735FE217D91E88EA82324C5883296385FA0041C2FAC85C827BAA46DA1E14B83F complete=true entries=10 total=786 symbols=32 dropped=false t=1791487768970
EPOCH_RECONCILED epoch=0 reporter=735FE217D91E88EA82324C5883296385FA0041C2FAC85C827BAA46DA1E14B83F complete=false entries=776 total=776 symbols=0 dropped=false t=1791487768988
EPOCH_RECONCILED epoch=0 reporter=735FE217D91E88EA82324C5883296385FA0041C2FAC85C827BAA46DA1E14B83F complete=true entries=10 total=786 symbols=32 dropped=false t=1791487768991
EPOCH_RECONCILED epoch=0 reporter=735FE217D91E88EA82324C5883296385FA0041C2FAC85C827BAA46DA1E14B83F complete=false entries=767 total=767 symbols=0 dropped=false t=1791487769024
EPOCH_RECONCILED epoch=0 reporter=735FE217D91E88EA82324C5883296385FA0041C2FAC85C827BAA46DA1E14B83F complete=true entries=19 total=786 symbols=32 dropped=false t=1791487769025
EPOCH_CLOSE_READY epoch=0 t=1791487769034
EPOCH_CLOSE_READY epoch=0 t=1791487769107
EPOCH_CLOSE_ROUND epoch=0 round=0 leader=633D9D614858AB1710D5D8C3180E2A082DC97208BA8C26BA6C6D1A86C8E31CC0 leads=false t=1791487769108
EPOCH_CLOSE_ROUND epoch=0 round=0 leader=633D9D614858AB1710D5D8C3180E2A082DC97208BA8C26BA6C6D1A86C8E31CC0 leads=false t=1791487769121
2026-10-08T19:29:29.266100Z  INFO nanospam::app: Confirmed 16,902 blocks | 2,000 bps | 2,010 cps | avg conf time: 362 ms
EPOCH_CLOSE_READY epoch=0 t=1791487769338
EPOCH_CLOSE_ROUND epoch=0 round=0 leader=633D9D614858AB1710D5D8C3180E2A082DC97208BA8C26BA6C6D1A86C8E31CC0 leads=false t=1791487769342
EPOCH_CLOSE_READY epoch=0 t=1791487769366
EPOCH_CLOSE_ROUND epoch=0 round=0 leader=633D9D614858AB1710D5D8C3180E2A082DC97208BA8C26BA6C6D1A86C8E31CC0 leads=false t=1791487769366
EPOCH_CLOSE_READY epoch=0 t=1791487769379
EPOCH_CLOSE_READY epoch=0 t=1791487769561
EPOCH_CLOSE_ROUND epoch=0 round=0 leader=633D9D614858AB1710D5D8C3180E2A082DC97208BA8C26BA6C6D1A86C8E31CC0 leads=false t=1791487769562
EPOCH_DERIVE_TIMING epoch=0 claims=16566 claim_ms=226 manifest_ms=241 build_ms=158 t=1791487770128
EPOCH_PROPOSED epoch=0 round=0 value=4A190C0A237993593C32278E4A1E2755F59EE1345EF0229BAE4A9B8F9C25346E state=43DB3A863919BCD11D4FF37F596C1BB307AC2AFAF341F20B1814964D3E9CDF12 reports=5 t=1791487770129
EPOCH_VALUE epoch=0 value=4A190C0A237993593C32278E4A1E2755F59EE1345EF0229BAE4A9B8F9C25346E state=43DB3A863919BCD11D4FF37F596C1BB307AC2AFAF341F20B1814964D3E9CDF12 t=1791487770129
EPOCH_CLOSE_ROUND epoch=0 round=0 leader=633D9D614858AB1710D5D8C3180E2A082DC97208BA8C26BA6C6D1A86C8E31CC0 leads=true t=1791487770130
EPOCH_VALIDATE_TIMING epoch=0 evidence_ms=65 build_ms=66 t=1791487770262
EPOCH_VALUE epoch=0 value=4A190C0A237993593C32278E4A1E2755F59EE1345EF0229BAE4A9B8F9C25346E state=43DB3A863919BCD11D4FF37F596C1BB307AC2AFAF341F20B1814964D3E9CDF12 t=1791487770265
2026-10-08T19:29:30.266962Z  INFO nanospam::app: Confirmed 18,596 blocks | 2,000 bps | 1,692 cps | avg conf time: 209 ms
EPOCH_VALIDATE_TIMING epoch=0 evidence_ms=50 build_ms=90 t=1791487770270
EPOCH_VALUE epoch=0 value=4A190C0A237993593C32278E4A1E2755F59EE1345EF0229BAE4A9B8F9C25346E state=43DB3A863919BCD11D4FF37F596C1BB307AC2AFAF341F20B1814964D3E9CDF12 t=1791487770271
EPOCH_VALIDATE_TIMING epoch=0 evidence_ms=61 build_ms=95 t=1791487770288
EPOCH_VALUE epoch=0 value=4A190C0A237993593C32278E4A1E2755F59EE1345EF0229BAE4A9B8F9C25346E state=43DB3A863919BCD11D4FF37F596C1BB307AC2AFAF341F20B1814964D3E9CDF12 t=1791487770288
EPOCH_VALIDATE_TIMING epoch=0 evidence_ms=69 build_ms=119 t=1791487770319
EPOCH_VALUE epoch=0 value=4A190C0A237993593C32278E4A1E2755F59EE1345EF0229BAE4A9B8F9C25346E state=43DB3A863919BCD11D4FF37F596C1BB307AC2AFAF341F20B1814964D3E9CDF12 t=1791487770320
EPOCH_VALIDATE_TIMING epoch=0 evidence_ms=72 build_ms=122 t=1791487770326
EPOCH_VALUE epoch=0 value=4A190C0A237993593C32278E4A1E2755F59EE1345EF0229BAE4A9B8F9C25346E state=43DB3A863919BCD11D4FF37F596C1BB307AC2AFAF341F20B1814964D3E9CDF12 t=1791487770326
EPOCH_INSTALL epoch=0 finalized=14897 instances_confirmed=0 t=1791487770396
EPOCH_LATE_NOTAR epoch=0 blocks=4398 notarized=3998 cast=4109 t=1791487770398
EPOCH_GATE epoch=1 released=481 finalized=0 t=1791487770399
EPOCH_CLOSE_ROUND epoch=0 round=1 leader=65A90023F6C0D2181AAA63F005D81BBC0C04650505E21D5123F9AE1F9E992BFF leads=false t=1791487770435
EPOCH_INSTALL epoch=0 finalized=14897 instances_confirmed=0 t=1791487770464
EPOCH_INSTALL epoch=0 finalized=14897 instances_confirmed=0 t=1791487770466
EPOCH_INSTALL epoch=0 finalized=14897 instances_confirmed=0 t=1791487770466
EPOCH_LATE_NOTAR epoch=0 blocks=4679 notarized=4122 cast=4499 t=1791487770466
EPOCH_LATE_NOTAR epoch=0 blocks=4679 notarized=4122 cast=4228 t=1791487770468
EPOCH_LATE_NOTAR epoch=0 blocks=4679 notarized=4122 cast=4133 t=1791487770468
EPOCH_GATE epoch=1 released=727 finalized=0 t=1791487770470
EPOCH_INSTALL epoch=0 finalized=14897 instances_confirmed=0 t=1791487770472
EPOCH_GATE epoch=1 released=816 finalized=0 t=1791487770472
EPOCH_GATE epoch=1 released=790 finalized=0 t=1791487770474
EPOCH_INSTALL epoch=0 finalized=14897 instances_confirmed=0 t=1791487770476
EPOCH_LATE_NOTAR epoch=0 blocks=4679 notarized=4122 cast=4196 t=1791487770476
EPOCH_LATE_NOTAR epoch=0 blocks=4679 notarized=4122 cast=4354 t=1791487770478
EPOCH_GATE epoch=1 released=824 finalized=0 t=1791487770480
EPOCH_GATE epoch=1 released=758 finalized=0 t=1791487770481
EPOCH_COMMITTEE derived_by=0 members=6 accounts=6694 n=6 digest=95D409445152DD075E6A4799205DFA5689496EB8EE1A22AC2A200B9DBC2DCF27 shares=["65A90023:16.7%", "A353E45E:16.7%", "D315857C:16.7%", "911999B2:16.7%", "633D9D61:16.7%", "735FE217:16.7%"] t=1791487770488
EPOCH_LOCKS_CONTINUED epoch=0 instances=128 t=1791487770490
EPOCH_LOCKS epoch=0 continued=128 kinds={"locks=1 kind=Some(Recovery) nc_here=false saved=true": 729, "locks=1 kind=Some(Recovery) nc_here=true saved=true": 1} t=1791487770491
EPOCH_OMITTED epoch=0 instances=38 retained=730 t=1791487770491
EPOCH_CLOSED epoch=0 round=0 value=4A190C0A237993593C32278E4A1E2755F59EE1345EF0229BAE4A9B8F9C25346E state=43DB3A863919BCD11D4FF37F596C1BB307AC2AFAF341F20B1814964D3E9CDF12 t=1791487770491
EPOCH_COMMITTEE derived_by=0 members=6 accounts=6694 n=6 digest=95D409445152DD075E6A4799205DFA5689496EB8EE1A22AC2A200B9DBC2DCF27 shares=["65A90023:16.7%", "A353E45E:16.7%", "D315857C:16.7%", "911999B2:16.7%", "633D9D61:16.7%", "735FE217:16.7%"] t=1791487770492
EPOCH_COMMITTEE derived_by=0 members=6 accounts=6694 n=6 digest=95D409445152DD075E6A4799205DFA5689496EB8EE1A22AC2A200B9DBC2DCF27 shares=["65A90023:16.7%", "A353E45E:16.7%", "D315857C:16.7%", "911999B2:16.7%", "633D9D61:16.7%", "735FE217:16.7%"] t=1791487770510
EPOCH_LOCKS_CONTINUED epoch=0 instances=128 t=1791487770511
EPOCH_LOCKS epoch=0 continued=128 kinds={"locks=1 kind=Some(Recovery) nc_here=false saved=true": 729, "locks=1 kind=Some(Recovery) nc_here=true saved=true": 1} t=1791487770512
EPOCH_OMITTED epoch=0 instances=38 retained=730 t=1791487770512
EPOCH_CLOSED epoch=0 round=0 value=4A190C0A237993593C32278E4A1E2755F59EE1345EF0229BAE4A9B8F9C25346E state=43DB3A863919BCD11D4FF37F596C1BB307AC2AFAF341F20B1814964D3E9CDF12 t=1791487770512
EPOCH_LOCKS epoch=0 continued=0 kinds={"locks=1 kind=Some(Recovery) nc_here=false saved=false": 727, "locks=1 kind=Some(Recovery) nc_here=false saved=true": 2, "locks=1 kind=Some(Recovery) nc_here=true saved=true": 1} t=1791487770525
EPOCH_OMITTED epoch=0 instances=38 retained=730 t=1791487770527
EPOCH_CLOSED epoch=0 round=0 value=4A190C0A237993593C32278E4A1E2755F59EE1345EF0229BAE4A9B8F9C25346E state=43DB3A863919BCD11D4FF37F596C1BB307AC2AFAF341F20B1814964D3E9CDF12 t=1791487770528
EPOCH_COMMITTEE derived_by=0 members=6 accounts=6694 n=6 digest=95D409445152DD075E6A4799205DFA5689496EB8EE1A22AC2A200B9DBC2DCF27 shares=["65A90023:16.7%", "A353E45E:16.7%", "D315857C:16.7%", "911999B2:16.7%", "633D9D61:16.7%", "735FE217:16.7%"] t=1791487770580
EPOCH_LOCKS epoch=0 continued=0 kinds={"locks=1 kind=Some(Recovery) nc_here=false saved=false": 727, "locks=1 kind=Some(Recovery) nc_here=false saved=true": 2, "locks=1 kind=Some(Recovery) nc_here=true saved=true": 1} t=1791487770582
EPOCH_OMITTED epoch=0 instances=38 retained=730 t=1791487770582
EPOCH_CLOSED epoch=0 round=0 value=4A190C0A237993593C32278E4A1E2755F59EE1345EF0229BAE4A9B8F9C25346E state=43DB3A863919BCD11D4FF37F596C1BB307AC2AFAF341F20B1814964D3E9CDF12 t=1791487770582
EPOCH_COMMITTEE derived_by=0 members=6 accounts=6694 n=6 digest=95D409445152DD075E6A4799205DFA5689496EB8EE1A22AC2A200B9DBC2DCF27 shares=["65A90023:16.7%", "A353E45E:16.7%", "D315857C:16.7%", "911999B2:16.7%", "633D9D61:16.7%", "735FE217:16.7%"] t=1791487770591
EPOCH_LOCKS_CONTINUED epoch=0 instances=128 t=1791487770593
EPOCH_INSTALLED epoch=0 finalized=14897 cemented=14897 queued=0 missing=0 t=1791487770610
EPOCH_RETAINED epoch=0 retained=892 held=892 missing=0 t=1791487770610
EPOCH_INSTALLED epoch=0 finalized=14897 cemented=14897 queued=0 missing=0 t=1791487770628
EPOCH_INSTALLED epoch=0 finalized=14897 cemented=14897 queued=0 missing=0 t=1791487770628
EPOCH_RETAINED epoch=0 retained=892 held=165 missing=727 t=1791487770629
EPOCH_RETAINED epoch=0 retained=892 held=165 missing=727 t=1791487770629
EPOCH_INSTALLED epoch=0 finalized=14897 cemented=14897 queued=0 missing=0 t=1791487770630
EPOCH_RETAINED epoch=0 retained=892 held=892 missing=0 t=1791487770630
EPOCH_LOCKS epoch=0 continued=128 kinds={"locks=1 kind=Some(Recovery) nc_here=false saved=true": 729, "locks=1 kind=Some(Recovery) nc_here=true saved=true": 1} t=1791487770659
EPOCH_OMITTED epoch=0 instances=38 retained=730 t=1791487770659
EPOCH_CLOSED epoch=0 round=0 value=4A190C0A237993593C32278E4A1E2755F59EE1345EF0229BAE4A9B8F9C25346E state=43DB3A863919BCD11D4FF37F596C1BB307AC2AFAF341F20B1814964D3E9CDF12 t=1791487770659
EPOCH_LOCKS_CONTINUED epoch=0 instances=128 t=1791487770664
EPOCH_LOCKS_CONTINUED epoch=0 instances=128 t=1791487770670
EPOCH_COMMITTEE derived_by=0 members=6 accounts=6694 n=6 digest=95D409445152DD075E6A4799205DFA5689496EB8EE1A22AC2A200B9DBC2DCF27 shares=["65A90023:16.7%", "A353E45E:16.7%", "D315857C:16.7%", "911999B2:16.7%", "633D9D61:16.7%", "735FE217:16.7%"] t=1791487770682
EPOCH_LOCKS epoch=0 continued=0 kinds={"locks=1 kind=Some(Recovery) nc_here=false saved=false": 727, "locks=1 kind=Some(Recovery) nc_here=false saved=true": 2, "locks=1 kind=Some(Recovery) nc_here=true saved=true": 1} t=1791487770684
EPOCH_OMITTED epoch=0 instances=38 retained=730 t=1791487770684
EPOCH_CLOSED epoch=0 round=0 value=4A190C0A237993593C32278E4A1E2755F59EE1345EF0229BAE4A9B8F9C25346E state=43DB3A863919BCD11D4FF37F596C1BB307AC2AFAF341F20B1814964D3E9CDF12 t=1791487770684
EPOCH_EVIDENCE_RELEASED epoch=0 t=1791487770715
EPOCH_EVIDENCE_RELEASED epoch=0 t=1791487770724
EPOCH_EVIDENCE_RELEASED epoch=0 t=1791487770724
EPOCH_EVIDENCE_RELEASED epoch=0 t=1791487770728
EPOCH_EVIDENCE_RELEASED epoch=0 t=1791487770730
EPOCH_EVIDENCE_RELEASED epoch=0 t=1791487770738
EPOCH_LOCKS_CONTINUED epoch=0 instances=128 t=1791487770792
EPOCH_LOCKS_CONTINUED epoch=0 instances=128 t=1791487770793
EPOCH_INSTALLED epoch=0 finalized=14897 cemented=14897 queued=0 missing=0 t=1791487770810
EPOCH_RETAINED epoch=0 retained=892 held=165 missing=727 t=1791487770811
EPOCH_FOLLOW cemented=4 cementing=0 requested=723 pending=723 t=1791487770855
EPOCH_INSTALLED epoch=0 finalized=14897 cemented=14897 queued=0 missing=0 t=1791487770957
EPOCH_RETAINED epoch=0 retained=892 held=892 missing=0 t=1791487770958
EPOCH_LOCKS_CONTINUED epoch=0 instances=128 t=1791487770979
EPOCH_LOCKS_CONTINUED epoch=0 instances=128 t=1791487771050
EPOCH_LOCKS_CONTINUED epoch=0 instances=104 t=1791487771098
EPOCH_FOLLOW cemented=0 cementing=0 requested=727 pending=727 t=1791487771191
EPOCH_FOLLOW cemented=4 cementing=0 requested=723 pending=723 t=1791487771196
2026-10-08T19:29:31.275004Z  INFO nanospam::app: Confirmed 19,886 blocks | 2,000 bps | 1,288 cps | avg conf time: 656 ms
EPOCH_FOLLOW cemented=246 cementing=0 requested=477 pending=477 t=1791487771885
EPOCH_FOLLOW cemented=322 cementing=0 requested=405 pending=405 t=1791487772247
EPOCH_FOLLOW cemented=284 cementing=0 requested=439 pending=439 t=1791487772247
2026-10-08T19:29:32.276683Z  INFO nanospam::app: Confirmed 22,847 blocks | 2,000 bps | 2,935 cps | avg conf time: 1721 ms
EPOCH_FOLLOW cemented=392 cementing=0 requested=0 pending=85 t=1791487772924
2026-10-08T19:29:33.277163Z  INFO nanospam::app: Confirmed 24,849 blocks | 2,000 bps | 2,000 cps | avg conf time: 625 ms
EPOCH_FOLLOW cemented=262 cementing=0 requested=0 pending=177 t=1791487773295
EPOCH_FOLLOW cemented=262 cementing=0 requested=0 pending=143 t=1791487773305
EPOCH_FOLLOW cemented=0 cementing=0 requested=85 pending=85 t=1791487773970
2026-10-08T19:29:34.285185Z  INFO nanospam::app: Confirmed 26,603 blocks | 2,000 bps | 1,751 cps | avg conf time: 176 ms
EPOCH_FOLLOW cemented=0 cementing=0 requested=177 pending=177 t=1791487774342
EPOCH_FOLLOW cemented=1 cementing=0 requested=142 pending=142 t=1791487774363
EPOCH_FOLLOW cemented=79 cementing=0 requested=0 pending=6 t=1791487775007
2026-10-08T19:29:35.287299Z  INFO nanospam::app: Confirmed 28,446 blocks | 2,000 bps | 1,828 cps | avg conf time: 156 ms
EPOCH_FOLLOW cemented=95 cementing=0 requested=0 pending=47 t=1791487775404
EPOCH_FOLLOW cemented=131 cementing=0 requested=0 pending=46 t=1791487775409
EPOCH_ENDED epoch=1 elections=1599 active=122 t=1791487776032
EPOCH_ENDED epoch=1 elections=1626 active=126 t=1791487776042
EPOCH_ENDED epoch=1 elections=1626 active=126 t=1791487776042
EPOCH_ENDED epoch=1 elections=1627 active=129 t=1791487776042
EPOCH_ENDED epoch=1 elections=1631 active=130 t=1791487776043
EPOCH_ENDED epoch=1 elections=1627 active=138 t=1791487776043
EPOCH_CARRIED epoch=1 instances=123 split=746 t=1791487776082
EPOCH_ADVANCED epoch=2 elections=1722 active=245 vote_records=352188 t=1791487776082
EPOCH_CARRIED epoch=1 instances=152 split=749 t=1791487776087
EPOCH_ADVANCED epoch=2 elections=1783 active=282 vote_records=352290 t=1791487776087
EPOCH_CARRIED epoch=1 instances=148 split=749 t=1791487776089
EPOCH_ADVANCED epoch=2 elections=1775 active=277 vote_records=352300 t=1791487776089
EPOCH_CARRIED epoch=1 instances=148 split=749 t=1791487776100
EPOCH_ADVANCED epoch=2 elections=1775 active=286 vote_records=352313 t=1791487776100
EPOCH_CLOSE_UNREADY epoch=1 short_of=reports usable=0 weight=0 required=5 held=0 theirs=[] t=1791487776105
EPOCH_CLOSE_UNREADY epoch=1 short_of=reports usable=0 weight=0 required=5 held=0 theirs=[] t=1791487776132
EPOCH_CARRIED epoch=1 instances=147 split=749 t=1791487776152
EPOCH_ADVANCED epoch=2 elections=1773 active=273 vote_records=352774 t=1791487776152
EPOCH_CARRIED epoch=1 instances=147 split=749 t=1791487776164
EPOCH_ADVANCED epoch=2 elections=1773 active=273 vote_records=352334 t=1791487776164
EPOCH_LOCKS_CONTINUED epoch=0 instances=11 t=1791487776166
EPOCH_LOCKS_CONTINUED epoch=0 instances=11 t=1791487776220
EPOCH_CLOSE_UNREADY epoch=1 short_of=reports usable=0 weight=0 required=5 held=0 theirs=[] t=1791487776241
2026-10-08T19:29:36.287912Z  INFO nanospam::app: Confirmed 29,745 blocks | 2,000 bps | 1,297 cps | avg conf time: 95 ms
EPOCH_CLOSE_UNREADY epoch=1 short_of=reports usable=0 weight=0 required=5 held=0 theirs=[] t=1791487776350
EPOCH_REPORT epoch=1 certified=29851 residual=831 root=ADBA64BCCCE2A15729271DABC6A01C27477AAEBE8DBFA3DC1B40B0821D70EBDA reports=1 t=1791487776564
EPOCH_CLOSE_UNREADY epoch=1 short_of=reports usable=0 weight=0 required=5 held=0 theirs=[] t=1791487776619
EPOCH_REPORT epoch=1 certified=29853 residual=841 root=CACE7AF43C1CE844A44D1133326A3E75B7B5BF21EE84D40558235B3FA8AFBF18 reports=1 t=1791487776643
EPOCH_REPORT epoch=1 certified=29827 residual=831 root=FFE8E1407E1FE3DD82DEFB42141663471580EE8E541AEBC2795969E84FA6D142 reports=1 t=1791487776699
EPOCH_REPORT epoch=1 certified=29853 residual=844 root=1760410F614B3FE4505DF80041A3E055AEDBA0897185DF6D548D168684568E0D reports=1 t=1791487776754
EPOCH_REPORT epoch=1 certified=29853 residual=867 root=3948388F0DC32FF8471173F3E772574BD19EA1C2609DD7588D3A754047BBD757 reports=1 t=1791487776759
EPOCH_REPORT epoch=1 certified=29853 residual=836 root=3948388F0DC32FF8471173F3E772574BD19EA1C2609DD7588D3A754047BBD757 reports=1 t=1791487776762
EPOCH_RECONCILED epoch=1 reporter=735FE217D91E88EA82324C5883296385FA0041C2FAC85C827BAA46DA1E14B83F complete=false entries=228 total=29851 symbols=364 dropped=false t=1791487776810
EPOCH_RECONCILED epoch=1 reporter=735FE217D91E88EA82324C5883296385FA0041C2FAC85C827BAA46DA1E14B83F complete=false entries=216 total=29851 symbols=364 dropped=false t=1791487776816
EPOCH_RECONCILED epoch=1 reporter=633D9D614858AB1710D5D8C3180E2A082DC97208BA8C26BA6C6D1A86C8E31CC0 complete=false entries=130 total=29853 symbols=243 dropped=false t=1791487777263
EPOCH_CLOSE_UNREADY epoch=1 short_of=reports usable=1 weight=1 required=5 held=5 theirs=["65A90023:1760410F:73B77F46", "911999B2:3948388F:99113509", "735FE217:ADBA64BC:4320EBA5", "D315857C:FFE8E140:9D9BF943", "633D9D61:3948388F:EE811E87"] t=1791487777264
2026-10-08T19:29:37.289533Z  INFO nanospam::app: Confirmed 30,730 blocks | 2,000 bps | 983 cps | avg conf time: 706 ms
EPOCH_RECONCILED epoch=1 reporter=735FE217D91E88EA82324C5883296385FA0041C2FAC85C827BAA46DA1E14B83F complete=false entries=216 total=29851 symbols=364 dropped=false t=1791487777359
EPOCH_RECONCILED epoch=1 reporter=633D9D614858AB1710D5D8C3180E2A082DC97208BA8C26BA6C6D1A86C8E31CC0 complete=false entries=0 total=29853 symbols=0 dropped=false t=1791487777362
EPOCH_RECONCILED epoch=1 reporter=633D9D614858AB1710D5D8C3180E2A082DC97208BA8C26BA6C6D1A86C8E31CC0 complete=false entries=118 total=29853 symbols=162 dropped=false t=1791487777365
EPOCH_CLOSE_UNREADY epoch=1 short_of=reports usable=1 weight=1 required=5 held=5 theirs=["65A90023:1760410F:73B77F46", "911999B2:3948388F:99113509", "735FE217:ADBA64BC:4320EBA5", "A353E45E:CACE7AF4:D319C53A", "633D9D61:3948388F:EE811E87"] t=1791487777371
EPOCH_RECONCILED epoch=1 reporter=633D9D614858AB1710D5D8C3180E2A082DC97208BA8C26BA6C6D1A86C8E31CC0 complete=true entries=836 total=836 symbols=0 dropped=false t=1791487777481
EPOCH_CLOSE_UNREADY epoch=1 short_of=reports usable=1 weight=1 required=5 held=5 theirs=["A353E45E:CACE7AF4:D319C53A", "D315857C:FFE8E140:9D9BF943", "633D9D61:3948388F:EE811E87", "911999B2:3948388F:99113509", "65A90023:1760410F:73B77F46"] t=1791487777641
EPOCH_RECONCILED epoch=1 reporter=735FE217D91E88EA82324C5883296385FA0041C2FAC85C827BAA46DA1E14B83F complete=false entries=216 total=29851 symbols=364 dropped=false t=1791487777696
EPOCH_RECONCILED epoch=1 reporter=633D9D614858AB1710D5D8C3180E2A082DC97208BA8C26BA6C6D1A86C8E31CC0 complete=false entries=212 total=29853 symbols=364 dropped=false t=1791487777699
EPOCH_RECONCILED epoch=1 reporter=735FE217D91E88EA82324C5883296385FA0041C2FAC85C827BAA46DA1E14B83F complete=false entries=830 total=830 symbols=0 dropped=false t=1791487777811
EPOCH_RECONCILED epoch=1 reporter=735FE217D91E88EA82324C5883296385FA0041C2FAC85C827BAA46DA1E14B83F complete=false entries=254 total=29851 symbols=364 dropped=false t=1791487777932
EPOCH_CLOSE_UNREADY epoch=1 short_of=reports usable=1 weight=1 required=5 held=5 theirs=["911999B2:3948388F:99113509", "633D9D61:3948388F:EE811E87", "735FE217:ADBA64BC:4320EBA5", "A353E45E:CACE7AF4:D319C53A", "D315857C:FFE8E140:9D9BF943"] t=1791487777936
EPOCH_RECONCILED epoch=1 reporter=911999B2AEFA7ACC66EBD802B3301FF6CE431405107749D940277955CB7FDD07 complete=false entries=0 total=29853 symbols=0 dropped=false t=1791487777989
EPOCH_RECONCILED epoch=1 reporter=911999B2AEFA7ACC66EBD802B3301FF6CE431405107749D940277955CB7FDD07 complete=false entries=0 total=29853 symbols=0 dropped=false t=1791487778004
EPOCH_RECONCILED epoch=1 reporter=A353E45E6D0016CAEED0DFA4EC5B0640E2AA22A793F9F2375E77F1AB92977C04 complete=false entries=130 total=29853 symbols=243 dropped=false t=1791487778031
EPOCH_RECONCILED epoch=1 reporter=911999B2AEFA7ACC66EBD802B3301FF6CE431405107749D940277955CB7FDD07 complete=true entries=867 total=867 symbols=0 dropped=false t=1791487778032
EPOCH_RECONCILED epoch=1 reporter=911999B2AEFA7ACC66EBD802B3301FF6CE431405107749D940277955CB7FDD07 complete=false entries=208 total=29853 symbols=364 dropped=false t=1791487778039
EPOCH_RECONCILED epoch=1 reporter=633D9D614858AB1710D5D8C3180E2A082DC97208BA8C26BA6C6D1A86C8E31CC0 complete=false entries=208 total=29853 symbols=364 dropped=false t=1791487778039
EPOCH_RECONCILED epoch=1 reporter=735FE217D91E88EA82324C5883296385FA0041C2FAC85C827BAA46DA1E14B83F complete=true entries=1 total=831 symbols=16 dropped=false t=1791487778043
EPOCH_RECONCILED epoch=1 reporter=A353E45E6D0016CAEED0DFA4EC5B0640E2AA22A793F9F2375E77F1AB92977C04 complete=false entries=224 total=29853 symbols=364 dropped=false t=1791487778059
EPOCH_RECONCILED epoch=1 reporter=A353E45E6D0016CAEED0DFA4EC5B0640E2AA22A793F9F2375E77F1AB92977C04 complete=false entries=130 total=29853 symbols=243 dropped=false t=1791487778095
EPOCH_FOLLOW cemented=0 cementing=0 requested=6 pending=6 t=1791487778115
EPOCH_RECONCILED epoch=1 reporter=911999B2AEFA7ACC66EBD802B3301FF6CE431405107749D940277955CB7FDD07 complete=true entries=867 total=867 symbols=0 dropped=false t=1791487778124
EPOCH_RECONCILED epoch=1 reporter=735FE217D91E88EA82324C5883296385FA0041C2FAC85C827BAA46DA1E14B83F complete=false entries=829 total=829 symbols=0 dropped=false t=1791487778132
EPOCH_RECONCILED epoch=1 reporter=A353E45E6D0016CAEED0DFA4EC5B0640E2AA22A793F9F2375E77F1AB92977C04 complete=false entries=200 total=29853 symbols=364 dropped=false t=1791487778145
EPOCH_RECONCILED epoch=1 reporter=A353E45E6D0016CAEED0DFA4EC5B0640E2AA22A793F9F2375E77F1AB92977C04 complete=false entries=130 total=29853 symbols=243 dropped=false t=1791487778222
EPOCH_CLOSE_UNREADY epoch=1 short_of=reports usable=2 weight=2 required=5 held=5 theirs=["A353E45E:CACE7AF4:D319C53A", "65A90023:1760410F:73B77F46", "735FE217:ADBA64BC:4320EBA5", "D315857C:FFE8E140:9D9BF943", "911999B2:3948388F:99113509"] t=1791487778252
EPOCH_RECONCILED epoch=1 reporter=D315857CE70C54DE713F6E82E5613BB3A1266C15E28AD2F4338C7BBEC456F532 complete=false entries=198 total=29827 symbols=364 dropped=false t=1791487778280
EPOCH_RECONCILED epoch=1 reporter=911999B2AEFA7ACC66EBD802B3301FF6CE431405107749D940277955CB7FDD07 complete=false entries=0 total=29853 symbols=0 dropped=false t=1791487778284
EPOCH_RECONCILED epoch=1 reporter=A353E45E6D0016CAEED0DFA4EC5B0640E2AA22A793F9F2375E77F1AB92977C04 complete=false entries=824 total=824 symbols=0 dropped=false t=1791487778286
2026-10-08T19:29:38.289799Z  INFO nanospam::app: Confirmed 32,157 blocks | 2,000 bps | 1,426 cps | avg conf time: 617 ms
EPOCH_RECONCILED epoch=1 reporter=D315857CE70C54DE713F6E82E5613BB3A1266C15E28AD2F4338C7BBEC456F532 complete=true entries=831 total=831 symbols=0 dropped=false t=1791487778290
EPOCH_RECONCILED epoch=1 reporter=633D9D614858AB1710D5D8C3180E2A082DC97208BA8C26BA6C6D1A86C8E31CC0 complete=true entries=836 total=836 symbols=0 dropped=false t=1791487778333
EPOCH_RECONCILED epoch=1 reporter=911999B2AEFA7ACC66EBD802B3301FF6CE431405107749D940277955CB7FDD07 complete=true entries=867 total=867 symbols=0 dropped=false t=1791487778334
EPOCH_RECONCILED epoch=1 reporter=911999B2AEFA7ACC66EBD802B3301FF6CE431405107749D940277955CB7FDD07 complete=false entries=0 total=29853 symbols=0 dropped=false t=1791487778338
EPOCH_RECONCILED epoch=1 reporter=735FE217D91E88EA82324C5883296385FA0041C2FAC85C827BAA46DA1E14B83F complete=false entries=830 total=830 symbols=0 dropped=false t=1791487778345
EPOCH_RECONCILED epoch=1 reporter=A353E45E6D0016CAEED0DFA4EC5B0640E2AA22A793F9F2375E77F1AB92977C04 complete=true entries=841 total=841 symbols=0 dropped=false t=1791487778358
EPOCH_RECONCILED epoch=1 reporter=65A90023F6C0D2181AAA63F005D81BBC0C04650505E21D5123F9AE1F9E992BFF complete=false entries=208 total=29853 symbols=364 dropped=false t=1791487778369
EPOCH_RECONCILED epoch=1 reporter=911999B2AEFA7ACC66EBD802B3301FF6CE431405107749D940277955CB7FDD07 complete=true entries=867 total=867 symbols=0 dropped=false t=1791487778447
EPOCH_RECONCILED epoch=1 reporter=D315857CE70C54DE713F6E82E5613BB3A1266C15E28AD2F4338C7BBEC456F532 complete=false entries=104 total=29827 symbols=162 dropped=false t=1791487778469
EPOCH_RECONCILED epoch=1 reporter=633D9D614858AB1710D5D8C3180E2A082DC97208BA8C26BA6C6D1A86C8E31CC0 complete=false entries=834 total=834 symbols=0 dropped=false t=1791487778495
EPOCH_RECONCILED epoch=1 reporter=911999B2AEFA7ACC66EBD802B3301FF6CE431405107749D940277955CB7FDD07 complete=true entries=867 total=867 symbols=0 dropped=false t=1791487778503
EPOCH_RECONCILED epoch=1 reporter=633D9D614858AB1710D5D8C3180E2A082DC97208BA8C26BA6C6D1A86C8E31CC0 complete=true entries=836 total=836 symbols=0 dropped=false t=1791487778505
EPOCH_CLOSE_UNREADY epoch=1 short_of=reports usable=2 weight=2 required=5 held=5 theirs=["D315857C:FFE8E140:9D9BF943", "735FE217:ADBA64BC:4320EBA5", "65A90023:1760410F:73B77F46", "633D9D61:3948388F:EE811E87", "A353E45E:CACE7AF4:D319C53A"] t=1791487778512
EPOCH_RECONCILED epoch=1 reporter=633D9D614858AB1710D5D8C3180E2A082DC97208BA8C26BA6C6D1A86C8E31CC0 complete=true entries=2 total=836 symbols=16 dropped=false t=1791487778518
EPOCH_FOLLOW cemented=0 cementing=0 requested=47 pending=47 t=1791487778524
EPOCH_FOLLOW cemented=1 cementing=0 requested=45 pending=45 t=1791487778527
EPOCH_RECONCILED epoch=1 reporter=65A90023F6C0D2181AAA63F005D81BBC0C04650505E21D5123F9AE1F9E992BFF complete=false entries=208 total=29853 symbols=364 dropped=false t=1791487778535
EPOCH_RECONCILED epoch=1 reporter=D315857CE70C54DE713F6E82E5613BB3A1266C15E28AD2F4338C7BBEC456F532 complete=false entries=194 total=29827 symbols=364 dropped=false t=1791487778564
EPOCH_RECONCILED epoch=1 reporter=65A90023F6C0D2181AAA63F005D81BBC0C04650505E21D5123F9AE1F9E992BFF complete=false entries=208 total=29853 symbols=364 dropped=false t=1791487778581
EPOCH_RECONCILED epoch=1 reporter=633D9D614858AB1710D5D8C3180E2A082DC97208BA8C26BA6C6D1A86C8E31CC0 complete=true entries=836 total=836 symbols=0 dropped=false t=1791487778584
EPOCH_RECONCILED epoch=1 reporter=735FE217D91E88EA82324C5883296385FA0041C2FAC85C827BAA46DA1E14B83F complete=false entries=828 total=828 symbols=0 dropped=false t=1791487778587
EPOCH_RECONCILED epoch=1 reporter=A353E45E6D0016CAEED0DFA4EC5B0640E2AA22A793F9F2375E77F1AB92977C04 complete=false entries=836 total=836 symbols=0 dropped=false t=1791487778614
EPOCH_RECONCILED epoch=1 reporter=735FE217D91E88EA82324C5883296385FA0041C2FAC85C827BAA46DA1E14B83F complete=true entries=2 total=831 symbols=16 dropped=false t=1791487778715
EPOCH_RECONCILED epoch=1 reporter=735FE217D91E88EA82324C5883296385FA0041C2FAC85C827BAA46DA1E14B83F complete=true entries=1 total=831 symbols=16 dropped=false t=1791487778716
EPOCH_RECONCILED epoch=1 reporter=A353E45E6D0016CAEED0DFA4EC5B0640E2AA22A793F9F2375E77F1AB92977C04 complete=true entries=17 total=841 symbols=32 dropped=false t=1791487778732
EPOCH_RECONCILED epoch=1 reporter=D315857CE70C54DE713F6E82E5613BB3A1266C15E28AD2F4338C7BBEC456F532 complete=false entries=116 total=29827 symbols=162 dropped=false t=1791487778760
EPOCH_RECONCILED epoch=1 reporter=65A90023F6C0D2181AAA63F005D81BBC0C04650505E21D5123F9AE1F9E992BFF complete=false entries=200 total=29853 symbols=364 dropped=false t=1791487778767
EPOCH_RECONCILED epoch=1 reporter=65A90023F6C0D2181AAA63F005D81BBC0C04650505E21D5123F9AE1F9E992BFF complete=false entries=250 total=29853 symbols=364 dropped=false t=1791487778771
EPOCH_RECONCILED epoch=1 reporter=D315857CE70C54DE713F6E82E5613BB3A1266C15E28AD2F4338C7BBEC456F532 complete=true entries=831 total=831 symbols=0 dropped=false t=1791487778817
EPOCH_RECONCILED epoch=1 reporter=735FE217D91E88EA82324C5883296385FA0041C2FAC85C827BAA46DA1E14B83F complete=true entries=3 total=831 symbols=16 dropped=false t=1791487778817
EPOCH_RECONCILED epoch=1 reporter=A353E45E6D0016CAEED0DFA4EC5B0640E2AA22A793F9F2375E77F1AB92977C04 complete=true entries=5 total=841 symbols=16 dropped=false t=1791487778818
EPOCH_RECONCILED epoch=1 reporter=D315857CE70C54DE713F6E82E5613BB3A1266C15E28AD2F4338C7BBEC456F532 complete=false entries=104 total=29827 symbols=162 dropped=false t=1791487778956
EPOCH_RECONCILED epoch=1 reporter=A353E45E6D0016CAEED0DFA4EC5B0640E2AA22A793F9F2375E77F1AB92977C04 complete=false entries=839 total=839 symbols=0 dropped=false t=1791487778967
EPOCH_RECONCILED epoch=1 reporter=65A90023F6C0D2181AAA63F005D81BBC0C04650505E21D5123F9AE1F9E992BFF complete=false entries=843 total=843 symbols=0 dropped=false t=1791487778975
EPOCH_RECONCILED epoch=1 reporter=D315857CE70C54DE713F6E82E5613BB3A1266C15E28AD2F4338C7BBEC456F532 complete=true entries=831 total=831 symbols=0 dropped=false t=1791487778982
EPOCH_RECONCILED epoch=1 reporter=A353E45E6D0016CAEED0DFA4EC5B0640E2AA22A793F9F2375E77F1AB92977C04 complete=true entries=2 total=841 symbols=16 dropped=false t=1791487778982
EPOCH_RECONCILED epoch=1 reporter=65A90023F6C0D2181AAA63F005D81BBC0C04650505E21D5123F9AE1F9E992BFF complete=true entries=1 total=844 symbols=16 dropped=false t=1791487778984
EPOCH_RECONCILED epoch=1 reporter=D315857CE70C54DE713F6E82E5613BB3A1266C15E28AD2F4338C7BBEC456F532 complete=true entries=831 total=831 symbols=0 dropped=false t=1791487779036
EPOCH_RECONCILED epoch=1 reporter=735FE217D91E88EA82324C5883296385FA0041C2FAC85C827BAA46DA1E14B83F complete=false entries=830 total=830 symbols=0 dropped=false t=1791487779045
EPOCH_RECONCILED epoch=1 reporter=65A90023F6C0D2181AAA63F005D81BBC0C04650505E21D5123F9AE1F9E992BFF complete=false entries=843 total=843 symbols=0 dropped=false t=1791487779057
EPOCH_RECONCILED epoch=1 reporter=A353E45E6D0016CAEED0DFA4EC5B0640E2AA22A793F9F2375E77F1AB92977C04 complete=true entries=841 total=841 symbols=0 dropped=false t=1791487779083
EPOCH_RECONCILED epoch=1 reporter=735FE217D91E88EA82324C5883296385FA0041C2FAC85C827BAA46DA1E14B83F complete=true entries=1 total=831 symbols=16 dropped=false t=1791487779084
EPOCH_RECONCILED epoch=1 reporter=65A90023F6C0D2181AAA63F005D81BBC0C04650505E21D5123F9AE1F9E992BFF complete=true entries=1 total=844 symbols=16 dropped=false t=1791487779084
EPOCH_CLOSE_UNREADY epoch=1 short_of=reports usable=4 weight=4 required=5 held=5 theirs=["65A90023:1760410F:73B77F46", "911999B2:3948388F:99113509", "735FE217:ADBA64BC:4320EBA5", "A353E45E:CACE7AF4:D319C53A", "633D9D61:3948388F:EE811E87"] t=1791487779152
EPOCH_FOLLOW cemented=6 cementing=0 requested=0 pending=0 t=1791487779167
EPOCH_CLOSE_UNREADY epoch=1 short_of=reports usable=2 weight=2 required=5 held=5 theirs=["65A90023:1760410F:73B77F46", "911999B2:3948388F:99113509", "735FE217:ADBA64BC:4320EBA5", "D315857C:FFE8E140:9D9BF943", "633D9D61:3948388F:EE811E87"] t=1791487779291
2026-10-08T19:29:39.291667Z  INFO nanospam::app: Confirmed 34,382 blocks | 2,000 bps | 2,220 cps | avg conf time: 905 ms
EPOCH_CLOSE_UNREADY epoch=1 short_of=reports usable=4 weight=4 required=5 held=5 theirs=["A353E45E:CACE7AF4:D319C53A", "D315857C:FFE8E140:9D9BF943", "633D9D61:3948388F:EE811E87", "911999B2:3948388F:99113509", "65A90023:1760410F:73B77F46"] t=1791487779328
EPOCH_CLOSE_UNREADY epoch=1 short_of=reports usable=4 weight=4 required=5 held=5 theirs=["D315857C:FFE8E140:9D9BF943", "735FE217:ADBA64BC:4320EBA5", "65A90023:1760410F:73B77F46", "633D9D61:3948388F:EE811E87", "A353E45E:CACE7AF4:D319C53A"] t=1791487779569
EPOCH_FOLLOW cemented=45 cementing=0 requested=0 pending=0 t=1791487779579
EPOCH_FOLLOW cemented=47 cementing=0 requested=0 pending=0 t=1791487779579
EPOCH_CLOSE_UNREADY epoch=1 short_of=reports usable=4 weight=4 required=5 held=5 theirs=["A353E45E:CACE7AF4:D319C53A", "65A90023:1760410F:73B77F46", "735FE217:ADBA64BC:4320EBA5", "D315857C:FFE8E140:9D9BF943", "911999B2:3948388F:99113509"] t=1791487779590
EPOCH_RECONCILED epoch=1 reporter=65A90023F6C0D2181AAA63F005D81BBC0C04650505E21D5123F9AE1F9E992BFF complete=false entries=842 total=842 symbols=0 dropped=false t=1791487779662
EPOCH_RECONCILED epoch=1 reporter=D315857CE70C54DE713F6E82E5613BB3A1266C15E28AD2F4338C7BBEC456F532 complete=false entries=821 total=821 symbols=0 dropped=false t=1791487779666
EPOCH_RECONCILED epoch=1 reporter=65A90023F6C0D2181AAA63F005D81BBC0C04650505E21D5123F9AE1F9E992BFF complete=true entries=2 total=844 symbols=16 dropped=false t=1791487779668
EPOCH_RECONCILED epoch=1 reporter=D315857CE70C54DE713F6E82E5613BB3A1266C15E28AD2F4338C7BBEC456F532 complete=true entries=10 total=831 symbols=32 dropped=false t=1791487779669
EPOCH_CLOSE_READY epoch=1 t=1791487779815
EPOCH_RECONCILED epoch=1 reporter=65A90023F6C0D2181AAA63F005D81BBC0C04650505E21D5123F9AE1F9E992BFF complete=false entries=829 total=829 symbols=0 dropped=false t=1791487780033
EPOCH_RECONCILED epoch=1 reporter=65A90023F6C0D2181AAA63F005D81BBC0C04650505E21D5123F9AE1F9E992BFF complete=true entries=15 total=844 symbols=32 dropped=false t=1791487780034
EPOCH_RECONCILED epoch=1 reporter=65A90023F6C0D2181AAA63F005D81BBC0C04650505E21D5123F9AE1F9E992BFF complete=false entries=843 total=843 symbols=0 dropped=false t=1791487780067
EPOCH_RECONCILED epoch=1 reporter=65A90023F6C0D2181AAA63F005D81BBC0C04650505E21D5123F9AE1F9E992BFF complete=true entries=1 total=844 symbols=16 dropped=false t=1791487780076
2026-10-08T19:29:40.294915Z  INFO nanospam::app: Confirmed 36,363 blocks | 2,000 bps | 1,978 cps | avg conf time: 479 ms
EPOCH_CLOSE_READY epoch=1 t=1791487780322
EPOCH_CLOSE_ROUND epoch=1 round=0 leader=65A90023F6C0D2181AAA63F005D81BBC0C04650505E21D5123F9AE1F9E992BFF leads=false t=1791487780323
EPOCH_CLOSE_READY epoch=1 t=1791487780497
EPOCH_CLOSE_ROUND epoch=1 round=0 leader=65A90023F6C0D2181AAA63F005D81BBC0C04650505E21D5123F9AE1F9E992BFF leads=false t=1791487780500
EPOCH_CLOSE_READY epoch=1 t=1791487780639
EPOCH_CLOSE_ROUND epoch=1 round=0 leader=65A90023F6C0D2181AAA63F005D81BBC0C04650505E21D5123F9AE1F9E992BFF leads=false t=1791487780640
EPOCH_CLOSE_READY epoch=1 t=1791487780850
EPOCH_CLOSE_ROUND epoch=1 round=0 leader=65A90023F6C0D2181AAA63F005D81BBC0C04650505E21D5123F9AE1F9E992BFF leads=false t=1791487780860
EPOCH_CLOSE_READY epoch=1 t=1791487781012
EPOCH_CLOSE_ROUND epoch=1 round=0 leader=65A90023F6C0D2181AAA63F005D81BBC0C04650505E21D5123F9AE1F9E992BFF leads=false t=1791487781060
2026-10-08T19:29:41.296204Z  INFO nanospam::app: Confirmed 38,483 blocks | 2,000 bps | 2,112 cps | avg conf time: 376 ms
EPOCH_DERIVE_TIMING epoch=1 claims=31395 claim_ms=559 manifest_ms=153 build_ms=906 t=1791487781872
EPOCH_PROPOSED epoch=1 round=0 value=3EABF05CA87D5E7436B3920DC4CD880AABBB61F05F4FF9AEB709A103DA8975B5 state=0A2AC4192DB2CF3F6223B11ADE95CBDCBB2712E115AD60AFC95611A0D15D238A reports=5 t=1791487781873
EPOCH_VALUE epoch=1 value=3EABF05CA87D5E7436B3920DC4CD880AABBB61F05F4FF9AEB709A103DA8975B5 state=0A2AC4192DB2CF3F6223B11ADE95CBDCBB2712E115AD60AFC95611A0D15D238A t=1791487781873
EPOCH_CLOSE_ROUND epoch=1 round=0 leader=65A90023F6C0D2181AAA63F005D81BBC0C04650505E21D5123F9AE1F9E992BFF leads=true t=1791487781874
2026-10-08T19:29:42.298065Z  INFO nanospam::app: Confirmed 39,844 blocks | 2,000 bps | 1,358 cps | avg conf time: 395 ms
2026-10-08T19:29:43.299246Z  INFO nanospam::app: Confirmed 41,851 blocks | 2,000 bps | 2,004 cps | avg conf time: 513 ms
EPOCH_VALIDATE_TIMING epoch=1 evidence_ms=623 build_ms=876 t=1791487783380
EPOCH_VALIDATE_TIMING epoch=1 evidence_ms=333 build_ms=1179 t=1791487783396
EPOCH_VALUE epoch=1 value=3EABF05CA87D5E7436B3920DC4CD880AABBB61F05F4FF9AEB709A103DA8975B5 state=0A2AC4192DB2CF3F6223B11ADE95CBDCBB2712E115AD60AFC95611A0D15D238A t=1791487783397
EPOCH_VALUE epoch=1 value=3EABF05CA87D5E7436B3920DC4CD880AABBB61F05F4FF9AEB709A103DA8975B5 state=0A2AC4192DB2CF3F6223B11ADE95CBDCBB2712E115AD60AFC95611A0D15D238A t=1791487783455
EPOCH_VALIDATE_TIMING epoch=1 evidence_ms=670 build_ms=933 t=1791487783490
EPOCH_VALUE epoch=1 value=3EABF05CA87D5E7436B3920DC4CD880AABBB61F05F4FF9AEB709A103DA8975B5 state=0A2AC4192DB2CF3F6223B11ADE95CBDCBB2712E115AD60AFC95611A0D15D238A t=1791487783491
EPOCH_VALIDATE_TIMING epoch=1 evidence_ms=497 build_ms=1211 t=1791487783589
EPOCH_VALIDATE_TIMING epoch=1 evidence_ms=551 build_ms=1160 t=1791487783591
EPOCH_VALUE epoch=1 value=3EABF05CA87D5E7436B3920DC4CD880AABBB61F05F4FF9AEB709A103DA8975B5 state=0A2AC4192DB2CF3F6223B11ADE95CBDCBB2712E115AD60AFC95611A0D15D238A t=1791487783593
EPOCH_VALUE epoch=1 value=3EABF05CA87D5E7436B3920DC4CD880AABBB61F05F4FF9AEB709A103DA8975B5 state=0A2AC4192DB2CF3F6223B11ADE95CBDCBB2712E115AD60AFC95611A0D15D238A t=1791487783593
EPOCH_INSTALL epoch=1 finalized=14880 instances_confirmed=719 t=1791487783675
EPOCH_LATE_NOTAR epoch=1 blocks=14720 notarized=13034 cast=17447 t=1791487783681
EPOCH_GATE epoch=2 released=1232 finalized=0 t=1791487783685
EPOCH_INSTALL epoch=1 finalized=14880 instances_confirmed=719 t=1791487783703
EPOCH_LATE_NOTAR epoch=1 blocks=14720 notarized=13034 cast=16582 t=1791487783709
EPOCH_COMMITTEE derived_by=1 members=6 accounts=12036 n=6 digest=95D409445152DD075E6A4799205DFA5689496EB8EE1A22AC2A200B9DBC2DCF27 shares=["A353E45E:16.7%", "65A90023:16.7%", "D315857C:16.7%", "911999B2:16.7%", "633D9D61:16.7%", "735FE217:16.7%"] t=1791487783711
EPOCH_LOCKS epoch=1 continued=0 kinds={"locks=1 kind=Some(Recovery) nc_here=false saved=false": 746, "locks=1 kind=Some(Recovery) nc_here=false saved=true": 13, "locks=1 kind=Some(Recovery) nc_here=true saved=true": 5} t=1791487783713
EPOCH_OMITTED epoch=1 instances=48 retained=764 t=1791487783713
EPOCH_CLOSED epoch=1 round=0 value=3EABF05CA87D5E7436B3920DC4CD880AABBB61F05F4FF9AEB709A103DA8975B5 state=0A2AC4192DB2CF3F6223B11ADE95CBDCBB2712E115AD60AFC95611A0D15D238A t=1791487783713
EPOCH_INSTALL epoch=1 finalized=14880 instances_confirmed=719 t=1791487783715
EPOCH_LATE_NOTAR epoch=1 blocks=14598 notarized=13033 cast=17471 t=1791487783721
EPOCH_GATE epoch=2 released=1162 finalized=0 t=1791487783722
EPOCH_INSTALL epoch=1 finalized=14880 instances_confirmed=719 t=1791487783724
EPOCH_GATE epoch=2 released=948 finalized=0 t=1791487783724
EPOCH_LATE_NOTAR epoch=1 blocks=14720 notarized=13034 cast=17795 t=1791487783731
EPOCH_GATE epoch=2 released=1162 finalized=0 t=1791487783734
EPOCH_COMMITTEE derived_by=1 members=6 accounts=12036 n=6 digest=95D409445152DD075E6A4799205DFA5689496EB8EE1A22AC2A200B9DBC2DCF27 shares=["A353E45E:16.7%", "65A90023:16.7%", "D315857C:16.7%", "911999B2:16.7%", "633D9D61:16.7%", "735FE217:16.7%"] t=1791487783767
EPOCH_LOCKS_CONTINUED epoch=1 instances=128 t=1791487783769
EPOCH_LOCKS epoch=1 continued=128 kinds={"locks=1 kind=Some(Recovery) nc_here=false saved=false": 11, "locks=1 kind=Some(Recovery) nc_here=false saved=true": 748, "locks=1 kind=Some(Recovery) nc_here=true saved=true": 5} t=1791487783769
EPOCH_OMITTED epoch=1 instances=48 retained=764 t=1791487783769
EPOCH_CLOSED epoch=1 round=0 value=3EABF05CA87D5E7436B3920DC4CD880AABBB61F05F4FF9AEB709A103DA8975B5 state=0A2AC4192DB2CF3F6223B11ADE95CBDCBB2712E115AD60AFC95611A0D15D238A t=1791487783769
EPOCH_COMMITTEE derived_by=1 members=6 accounts=12036 n=6 digest=95D409445152DD075E6A4799205DFA5689496EB8EE1A22AC2A200B9DBC2DCF27 shares=["A353E45E:16.7%", "65A90023:16.7%", "D315857C:16.7%", "911999B2:16.7%", "633D9D61:16.7%", "735FE217:16.7%"] t=1791487783792
EPOCH_LOCKS epoch=1 continued=0 kinds={"locks=1 kind=Some(Recovery) nc_here=false saved=false": 746, "locks=1 kind=Some(Recovery) nc_here=false saved=true": 13, "locks=1 kind=Some(Recovery) nc_here=true saved=true": 5} t=1791487783799
EPOCH_OMITTED epoch=1 instances=48 retained=764 t=1791487783799
EPOCH_CLOSED epoch=1 round=0 value=3EABF05CA87D5E7436B3920DC4CD880AABBB61F05F4FF9AEB709A103DA8975B5 state=0A2AC4192DB2CF3F6223B11ADE95CBDCBB2712E115AD60AFC95611A0D15D238A t=1791487783799
EPOCH_COMMITTEE derived_by=1 members=6 accounts=12036 n=6 digest=95D409445152DD075E6A4799205DFA5689496EB8EE1A22AC2A200B9DBC2DCF27 shares=["A353E45E:16.7%", "65A90023:16.7%", "D315857C:16.7%", "911999B2:16.7%", "633D9D61:16.7%", "735FE217:16.7%"] t=1791487783881
EPOCH_LOCKS_CONTINUED epoch=1 instances=128 t=1791487783883
EPOCH_LOCKS epoch=1 continued=128 kinds={"locks=1 kind=Some(Recovery) nc_here=false saved=false": 11, "locks=1 kind=Some(Recovery) nc_here=false saved=true": 748, "locks=1 kind=Some(Recovery) nc_here=true saved=true": 5} t=1791487783883
EPOCH_OMITTED epoch=1 instances=48 retained=764 t=1791487783883
EPOCH_CLOSED epoch=1 round=0 value=3EABF05CA87D5E7436B3920DC4CD880AABBB61F05F4FF9AEB709A103DA8975B5 state=0A2AC4192DB2CF3F6223B11ADE95CBDCBB2712E115AD60AFC95611A0D15D238A t=1791487783883
EPOCH_INSTALLED epoch=1 finalized=14880 cemented=14880 queued=0 missing=0 t=1791487783902
EPOCH_RETAINED epoch=1 retained=825 held=825 missing=0 t=1791487783903
EPOCH_INSTALLED epoch=1 finalized=14880 cemented=14880 queued=0 missing=0 t=1791487783903
EPOCH_RETAINED epoch=1 retained=825 held=79 missing=746 t=1791487783907
EPOCH_LOCKS_CONTINUED epoch=1 instances=128 t=1791487783910
EPOCH_LOCKS_CONTINUED epoch=1 instances=128 t=1791487783916
EPOCH_INSTALLED epoch=1 finalized=14880 cemented=14880 queued=0 missing=0 t=1791487783995
EPOCH_RETAINED epoch=1 retained=825 held=79 missing=746 t=1791487783996
EPOCH_INSTALLED epoch=1 finalized=14880 cemented=14880 queued=0 missing=0 t=1791487784011
EPOCH_RETAINED epoch=1 retained=825 held=825 missing=0 t=1791487784012
EPOCH_ENDED epoch=2 elections=1926 active=134 t=1791487784034
EPOCH_ENDED epoch=2 elections=2183 active=388 t=1791487784034
EPOCH_ENDED epoch=2 elections=2183 active=383 t=1791487784035
EPOCH_VALIDATE_TIMING epoch=1 evidence_ms=330 build_ms=351 t=1791487784069
EPOCH_ENDED epoch=2 elections=1927 active=130 t=1791487784069
EPOCH_ENDED epoch=2 elections=2653 active=218 t=1791487784071
EPOCH_CARRIED epoch=2 instances=531 split=620 t=1791487784087
EPOCH_ADVANCED epoch=3 elections=2457 active=665 vote_records=507301 t=1791487784087
EPOCH_DRAIN_WAIT epoch=2 unterminated=177 previous_closed=false first=["31305BAFC288D9E83DF36960B9D10D6779916D13E029EB3235A4BC7581F728B1:passive:1:3", "567042019AEC6D0AF5C3865E562C64841EA1AB3DFDC66E91FD57BA5204E2DADB:active:1:3", "B36C95F7A8992E67EF63AA8EB5B0BAE3B2891336F35A90B4A6663D95013D35C0:active:2:3"] t=1791487784088
EPOCH_CARRIED epoch=2 instances=790 split=618 t=1791487784095
EPOCH_ADVANCED epoch=3 elections=2973 active=1173 vote_records=507247 t=1791487784095
EPOCH_LOCKS_CONTINUED epoch=1 instances=128 t=1791487784104
EPOCH_VALIDATE_TIMING epoch=1 evidence_ms=311 build_ms=195 t=1791487784105
EPOCH_ENDED epoch=2 elections=2466 active=203 t=1791487784107
EPOCH_CARRIED epoch=2 instances=788 split=620 t=1791487784113
EPOCH_ADVANCED epoch=3 elections=2971 active=1176 vote_records=507262 t=1791487784113
EPOCH_DRAIN_WAIT epoch=2 unterminated=136 previous_closed=false first=["35757EE3A0CCB52EEB4681EF92B44DB18F1275637C9E4F6B9E847C6C24D3B6D8:active:1:3", "567042019AEC6D0AF5C3865E562C64841EA1AB3DFDC66E91FD57BA5204E2DADB:active:1:3", "2D6CC56344BD349A5CCAA83660F03E3C0ED7DB547122C228081EF24DFF4D27F8:active:1:3"] t=1791487784118
EPOCH_CLOSE_UNREADY epoch=2 short_of=reports usable=0 weight=0 required=5 held=0 theirs=[] t=1791487784178
EPOCH_INSTALL epoch=1 finalized=14880 instances_confirmed=719 t=1791487784207
EPOCH_LATE_NOTAR epoch=1 blocks=14417 notarized=13033 cast=16998 t=1791487784213
EPOCH_GATE epoch=2 released=1220 finalized=0 t=1791487784216
EPOCH_LOCKS_CONTINUED epoch=1 instances=128 t=1791487784229
EPOCH_CARRIED epoch=2 instances=532 split=620 t=1791487784236
EPOCH_ADVANCED epoch=3 elections=2459 active=662 vote_records=507318 t=1791487784236
EPOCH_INSTALL epoch=1 finalized=14880 instances_confirmed=719 t=1791487784244
EPOCH_LATE_NOTAR epoch=1 blocks=14798 notarized=12704 cast=16194 t=1791487784250
EPOCH_GATE epoch=2 released=1741 finalized=51 t=1791487784255
EPOCH_CLOSE_UNREADY epoch=2 short_of=reports usable=0 weight=0 required=5 held=0 theirs=[] t=1791487784281
2026-10-08T19:29:44.300616Z  INFO nanospam::app: Confirmed 42,200 blocks | 2,000 bps | 348 cps | avg conf time: 710 ms
EPOCH_COMMITTEE derived_by=1 members=6 accounts=12036 n=6 digest=95D409445152DD075E6A4799205DFA5689496EB8EE1A22AC2A200B9DBC2DCF27 shares=["A353E45E:16.7%", "65A90023:16.7%", "D315857C:16.7%", "911999B2:16.7%", "633D9D61:16.7%", "735FE217:16.7%"] t=1791487784307
EPOCH_LOCKS epoch=1 continued=0 kinds={"locks=1 kind=Some(Recovery) nc_here=false saved=false": 746, "locks=1 kind=Some(Recovery) nc_here=false saved=true": 13, "locks=1 kind=Some(Recovery) nc_here=true saved=true": 5} t=1791487784309
EPOCH_OMITTED epoch=1 instances=48 retained=764 t=1791487784309
EPOCH_CLOSED epoch=1 round=0 value=3EABF05CA87D5E7436B3920DC4CD880AABBB61F05F4FF9AEB709A103DA8975B5 state=0A2AC4192DB2CF3F6223B11ADE95CBDCBB2712E115AD60AFC95611A0D15D238A t=1791487784309
EPOCH_COMMITTEE derived_by=1 members=6 accounts=12036 n=6 digest=95D409445152DD075E6A4799205DFA5689496EB8EE1A22AC2A200B9DBC2DCF27 shares=["A353E45E:16.7%", "65A90023:16.7%", "D315857C:16.7%", "911999B2:16.7%", "633D9D61:16.7%", "735FE217:16.7%"] t=1791487784313
EPOCH_LOCKS_CONTINUED epoch=1 instances=128 t=1791487784315
EPOCH_LOCKS epoch=1 continued=128 kinds={"locks=1 kind=Some(Recovery) nc_here=false saved=false": 11, "locks=1 kind=Some(Recovery) nc_here=false saved=true": 748, "locks=1 kind=Some(Recovery) nc_here=true saved=true": 5} t=1791487784315
EPOCH_OMITTED epoch=1 instances=48 retained=764 t=1791487784315
EPOCH_CLOSED epoch=1 round=0 value=3EABF05CA87D5E7436B3920DC4CD880AABBB61F05F4FF9AEB709A103DA8975B5 state=0A2AC4192DB2CF3F6223B11ADE95CBDCBB2712E115AD60AFC95611A0D15D238A t=1791487784315
EPOCH_CLOSE_UNREADY epoch=2 short_of=reports usable=0 weight=0 required=5 held=0 theirs=[] t=1791487784329
EPOCH_EVIDENCE_RELEASED epoch=1 t=1791487784382
EPOCH_EVIDENCE_RELEASED epoch=1 t=1791487784384
EPOCH_INSTALLED epoch=1 finalized=14880 cemented=14880 queued=0 missing=0 t=1791487784396
EPOCH_EVIDENCE_RELEASED epoch=1 t=1791487784396
EPOCH_RETAINED epoch=1 retained=825 held=825 missing=0 t=1791487784396
EPOCH_LOCKS_CONTINUED epoch=1 instances=128 t=1791487784406
EPOCH_EVIDENCE_RELEASED epoch=1 t=1791487784466
EPOCH_CARRIED epoch=2 instances=817 split=581 t=1791487784468
EPOCH_ADVANCED epoch=3 elections=2734 active=1098 vote_records=506096 t=1791487784468
EPOCH_CLOSE_UNREADY epoch=2 short_of=reports usable=0 weight=0 required=5 held=0 theirs=[] t=1791487784473
EPOCH_LOCKS_CONTINUED epoch=1 instances=106 t=1791487784521
EPOCH_INSTALLED epoch=1 finalized=14880 cemented=14880 queued=0 missing=0 t=1791487784556
EPOCH_LOCKS_CONTINUED epoch=1 instances=128 t=1791487784600
EPOCH_RETAINED epoch=1 retained=825 held=79 missing=746 t=1791487784625
EPOCH_CARRIED epoch=2 instances=1232 split=621 t=1791487784659
EPOCH_ADVANCED epoch=3 elections=3860 active=2163 vote_records=508871 t=1791487784659
EPOCH_FOLLOW cemented=105 cementing=0 requested=641 pending=641 t=1791487784674
EPOCH_CLOSE_UNREADY epoch=2 short_of=reports usable=0 weight=0 required=5 held=0 theirs=[] t=1791487784674
EPOCH_FOLLOW cemented=98 cementing=0 requested=648 pending=648 t=1791487784745
EPOCH_EVIDENCE_RELEASED epoch=1 t=1791487784745
EPOCH_REPORT epoch=2 certified=44338 residual=1002 root=524D58454C6AB752801DF64A5F2B6FF2AB1EA215E5A2637A86D3164DE7EEC0E2 reports=1 t=1791487784804
EPOCH_REPORT epoch=2 certified=44340 residual=770 root=7410C24E1529F85E113E5E271CD14CF28293E8B6F9EC5499EB11330E70929C6C reports=1 t=1791487784807
EPOCH_REPORT epoch=2 certified=44337 residual=755 root=0A33070915F7129437E75053841B08424E9FB86B12E12006628914CDA7E4AEFB reports=1 t=1791487784865
EPOCH_REPORT epoch=2 certified=44340 residual=1023 root=7410C24E1529F85E113E5E271CD14CF28293E8B6F9EC5499EB11330E70929C6C reports=1 t=1791487785037
EPOCH_RECONCILED epoch=2 reporter=633D9D614858AB1710D5D8C3180E2A082DC97208BA8C26BA6C6D1A86C8E31CC0 complete=false entries=0 total=44340 symbols=0 dropped=false t=1791487785176
EPOCH_RECONCILED epoch=2 reporter=633D9D614858AB1710D5D8C3180E2A082DC97208BA8C26BA6C6D1A86C8E31CC0 complete=false entries=743 total=743 symbols=0 dropped=false t=1791487785285
2026-10-08T19:29:45.302874Z  INFO nanospam::app: Confirmed 42,200 blocks | 2,000 bps | 0 cps | avg conf time: 0 ms
EPOCH_RECONCILED epoch=2 reporter=633D9D614858AB1710D5D8C3180E2A082DC97208BA8C26BA6C6D1A86C8E31CC0 complete=false entries=841 total=44340 symbols=1228 dropped=false t=1791487785305
EPOCH_REPORT epoch=2 certified=43994 residual=952 root=4248EAC19B08C4D939A0F6FC0AC05076CF29503FFDF619A9FED4A8631A37943D reports=1 t=1791487785322
EPOCH_CLOSE_UNREADY epoch=2 short_of=reports usable=1 weight=1 required=5 held=4 theirs=["65A90023:524D5845:DB1980DE", "D315857C:4248EAC1:3BFAC292", "633D9D61:7410C24E:83F10A23", "911999B2:0A330709:9FC40E51"] t=1791487785337
EPOCH_RECONCILED epoch=2 reporter=633D9D614858AB1710D5D8C3180E2A082DC97208BA8C26BA6C6D1A86C8E31CC0 complete=true entries=27 total=770 symbols=48 dropped=false t=1791487785346
EPOCH_RECONCILED epoch=2 reporter=A353E45E6D0016CAEED0DFA4EC5B0640E2AA22A793F9F2375E77F1AB92977C04 complete=false entries=0 total=44340 symbols=0 dropped=false t=1791487785357
EPOCH_RECONCILED epoch=2 reporter=A353E45E6D0016CAEED0DFA4EC5B0640E2AA22A793F9F2375E77F1AB92977C04 complete=true entries=1023 total=1023 symbols=0 dropped=false t=1791487785370
EPOCH_CLOSE_UNREADY epoch=2 short_of=reports usable=0 weight=0 required=5 held=5 theirs=["633D9D61:7410C24E:83F10A23", "65A90023:524D5845:DB1980DE", "A353E45E:7410C24E:A039D956", "D315857C:4248EAC1:3BFAC292", "911999B2:0A330709:9FC40E51"] t=1791487785399
EPOCH_LOCKS_CONTINUED epoch=1 instances=69 t=1791487785401
EPOCH_RECONCILED epoch=2 reporter=633D9D614858AB1710D5D8C3180E2A082DC97208BA8C26BA6C6D1A86C8E31CC0 complete=false entries=841 total=44340 symbols=1228 dropped=false t=1791487785463
EPOCH_FOLLOW cemented=85 cementing=0 requested=661 pending=661 t=1791487785466
EPOCH_RECONCILED epoch=2 reporter=633D9D614858AB1710D5D8C3180E2A082DC97208BA8C26BA6C6D1A86C8E31CC0 complete=false entries=883 total=44340 symbols=1228 dropped=false t=1791487785486
EPOCH_RECONCILED epoch=2 reporter=A353E45E6D0016CAEED0DFA4EC5B0640E2AA22A793F9F2375E77F1AB92977C04 complete=false entries=0 total=44340 symbols=0 dropped=false t=1791487785528
EPOCH_REPORT epoch=2 certified=43872 residual=1414 root=9C0EA2D93BB3214DC9CB6CE3703E74D1015E74E8ADE8A84D8326D832E1E76060 reports=1 t=1791487785528
EPOCH_RECONCILED epoch=2 reporter=A353E45E6D0016CAEED0DFA4EC5B0640E2AA22A793F9F2375E77F1AB92977C04 complete=false entries=1002 total=1002 symbols=0 dropped=false t=1791487785533
EPOCH_RECONCILED epoch=2 reporter=65A90023F6C0D2181AAA63F005D81BBC0C04650505E21D5123F9AE1F9E992BFF complete=false entries=839 total=44338 symbols=1228 dropped=false t=1791487785597
EPOCH_RECONCILED epoch=2 reporter=65A90023F6C0D2181AAA63F005D81BBC0C04650505E21D5123F9AE1F9E992BFF complete=false entries=839 total=44338 symbols=1228 dropped=false t=1791487785605
EPOCH_RECONCILED epoch=2 reporter=633D9D614858AB1710D5D8C3180E2A082DC97208BA8C26BA6C6D1A86C8E31CC0 complete=false entries=761 total=761 symbols=0 dropped=false t=1791487785674
EPOCH_RECONCILED epoch=2 reporter=633D9D614858AB1710D5D8C3180E2A082DC97208BA8C26BA6C6D1A86C8E31CC0 complete=true entries=9 total=770 symbols=16 dropped=false t=1791487785677
EPOCH_CLOSE_UNREADY epoch=2 short_of=reports usable=1 weight=1 required=5 held=5 theirs=["633D9D61:7410C24E:83F10A23", "D315857C:4248EAC1:3BFAC292", "911999B2:0A330709:9FC40E51", "735FE217:9C0EA2D9:3CEAC598", "A353E45E:7410C24E:A039D956"] t=1791487785684
EPOCH_RECONCILED epoch=2 reporter=65A90023F6C0D2181AAA63F005D81BBC0C04650505E21D5123F9AE1F9E992BFF complete=false entries=653 total=44338 symbols=1228 dropped=false t=1791487785687
EPOCH_RECONCILED epoch=2 reporter=A353E45E6D0016CAEED0DFA4EC5B0640E2AA22A793F9F2375E77F1AB92977C04 complete=true entries=21 total=1023 symbols=48 dropped=false t=1791487785705
EPOCH_FOLLOW cemented=188 cementing=0 requested=453 pending=453 t=1791487785718
EPOCH_CLOSE_UNREADY epoch=2 short_of=reports usable=2 weight=2 required=5 held=5 theirs=["735FE217:9C0EA2D9:3CEAC598", "D315857C:4248EAC1:3BFAC292", "65A90023:524D5845:DB1980DE", "A353E45E:7410C24E:A039D956", "911999B2:0A330709:9FC40E51"] t=1791487785718
EPOCH_RECONCILED epoch=2 reporter=65A90023F6C0D2181AAA63F005D81BBC0C04650505E21D5123F9AE1F9E992BFF complete=false entries=883 total=44338 symbols=1228 dropped=false t=1791487785734
EPOCH_FOLLOW cemented=323 cementing=0 requested=325 pending=325 t=1791487785773
EPOCH_RECONCILED epoch=2 reporter=633D9D614858AB1710D5D8C3180E2A082DC97208BA8C26BA6C6D1A86C8E31CC0 complete=false entries=766 total=766 symbols=0 dropped=false t=1791487785781
EPOCH_RECONCILED epoch=2 reporter=A353E45E6D0016CAEED0DFA4EC5B0640E2AA22A793F9F2375E77F1AB92977C04 complete=false entries=0 total=44340 symbols=0 dropped=false t=1791487785783
EPOCH_RECONCILED epoch=2 reporter=911999B2AEFA7ACC66EBD802B3301FF6CE431405107749D940277955CB7FDD07 complete=false entries=886 total=44337 symbols=1228 dropped=false t=1791487785827
EPOCH_RECONCILED epoch=2 reporter=911999B2AEFA7ACC66EBD802B3301FF6CE431405107749D940277955CB7FDD07 complete=false entries=844 total=44337 symbols=1228 dropped=false t=1791487785841
EPOCH_RECONCILED epoch=2 reporter=911999B2AEFA7ACC66EBD802B3301FF6CE431405107749D940277955CB7FDD07 complete=false entries=844 total=44337 symbols=1228 dropped=false t=1791487785872
2026-10-08T19:29:45.897142Z  INFO nanospam::app: Confirming 45000 blocks took 25.65s
2026-10-08T19:29:45.897198Z  INFO nanospam::app: Confirmation rate: 1754 cps
2026-10-08T19:29:45.897216Z  INFO nanospam::app: Average conf time: 494 ms
2026-10-08T19:29:45.897265Z  INFO nanospam::app: Non-fork confirmation rate: 1666 cps (42741 of 42741 non-fork blocks, 890 of 2259 forks)
2026-10-08T19:29:45.897579Z  INFO nanospam::app: RAI_BENCH_METRICS {"created":45000,"confirmed":43631,"duration_secs":25.645779959,"confirmation_unit":"primary publication or its confirmed fork alternative","alternative_confirmed":801,"confirmation_histogram_ms":{"39":3,"40":3,"41":2,"42":1,"43":4,"44":3,"45":6,"46":5,"47":9,"48":11,"49":11,"50":16,"51":12,"52":17,"53":18,"54":14,"55":30,"56":31,"57":36,"58":42,"59":58,"60":48,"61":56,"62":71,"63":95,"64":85,"65":98,"66":91,"67":99,"68":120,"69":122,"70":121,"71":166,"72":141,"73":171,"74":165,"75":150,"76":153,"77":163,"78":186,"79":186,"80":205,"81":180,"82":199,"83":186,"84":199,"85":216,"86":188,"87":231,"88":244,"89":247,"90":236,"91":241,"92":291,"93":270,"94":291,"95":309,"96":290,"97":311,"98":290,"99":295,"100":309,"101":311,"102":354,"103":333,"104":302,"105":329,"106":303,"107":331,"108":298,"109":332,"110":287,"111":294,"112":330,"113":327,"114":280,"115":280,"116":263,"117":269,"118":298,"119":254,"120":265,"121":220,"122":204,"123":204,"124":209,"125":192,"126":193,"127":177,"128":163,"129":157,"130":155,"131":161,"132":136,"133":107,"134":111,"135":114,"136":99,"137":123,"138":101,"139":90,"140":75,"141":73,"142":64,"143":70,"144":69,"145":74,"146":69,"147":63,"148":49,"149":60,"150":64,"151":69,"152":79,"153":45,"154":64,"155":70,"156":60,"157":47,"158":33,"159":37,"160":33,"161":37,"162":35,"163":35,"164":34,"165":40,"166":42,"167":51,"168":45,"169":41,"170":37,"171":44,"172":42,"173":49,"174":63,"175":79,"176":66,"177":71,"178":60,"179":58,"180":59,"181":68,"182":64,"183":76,"184":80,"185":69,"186":46,"187":50,"188":31,"189":40,"190":39,"191":49,"192":57,"193":46,"194":53,"195":34,"196":32,"197":61,"198":92,"199":78,"200":51,"201":50,"202":42,"203":37,"204":27,"205":49,"206":35,"207":36,"208":37,"209":50,"210":43,"211":41,"212":38,"213":47,"214":40,"215":44,"216":48,"217":47,"218":48,"219":44,"220":47,"221":29,"222":32,"223":17,"224":30,"225":42,"226":50,"227":50,"228":39,"229":43,"230":31,"231":42,"232":38,"233":35,"234":53,"235":42,"236":41,"237":56,"238":36,"239":49,"240":41,"241":33,"242":32,"243":34,"244":36,"245":27,"246":39,"247":33,"248":33,"249":40,"250":34,"251":47,"252":46,"253":35,"254":35,"255":43,"256":35,"257":30,"258":23,"259":23,"260":25,"261":24,"262":28,"263":21,"264":26,"265":28,"266":25,"267":42,"268":14,"269":19,"270":17,"271":16,"272":18,"273":20,"274":27,"275":34,"276":36,"277":33,"278":36,"279":38,"280":23,"281":18,"282":14,"283":20,"284":37,"285":38,"286":32,"287":39,"288":45,"289":28,"290":26,"291":13,"292":21,"293":40,"294":42,"295":37,"296":39,"297":24,"298":33,"299":27,"300":36,"301":41,"302":58,"303":51,"304":74,"305":52,"306":25,"307":29,"308":19,"309":25,"310":15,"311":16,"312":25,"313":34,"314":25,"315":28,"316":29,"317":35,"318":30,"319":33,"320":36,"321":34,"322":60,"323":83,"324":53,"325":40,"326":66,"327":73,"328":58,"329":56,"330":68,"331":65,"332":38,"333":32,"334":41,"335":37,"336":33,"337":77,"338":57,"339":50,"340":53,"341":35,"342":34,"343":43,"344":69,"345":62,"346":59,"347":70,"348":60,"349":47,"350":31,"351":31,"352":39,"353":46,"354":73,"355":46,"356":52,"357":54,"358":62,"359":57,"360":38,"361":43,"362":38,"363":39,"364":41,"365":50,"366":42,"367":47,"368":44,"369":32,"370":31,"371":49,"372":36,"373":27,"374":29,"375":29,"376":37,"377":41,"378":67,"379":46,"380":53,"381":33,"382":30,"383":37,"384":32,"385":32,"386":27,"387":38,"388":46,"389":45,"390":46,"391":55,"392":34,"393":44,"394":28,"395":34,"396":29,"397":42,"398":45,"399":28,"400":36,"401":22,"402":34,"403":31,"404":28,"405":28,"406":44,"407":36,"408":50,"409":35,"410":28,"411":25,"412":22,"413":24,"414":26,"415":23,"416":29,"417":29,"418":36,"419":44,"420":50,"421":49,"422":47,"423":43,"424":49,"425":56,"426":59,"427":33,"428":32,"429":33,"430":29,"431":43,"432":40,"433":30,"434":45,"435":32,"436":19,"437":26,"438":35,"439":25,"440":31,"441":54,"442":40,"443":68,"444":52,"445":37,"446":29,"447":30,"448":34,"449":35,"450":41,"451":41,"452":41,"453":29,"454":80,"455":37,"456":29,"457":46,"458":32,"459":61,"460":62,"461":37,"462":46,"463":36,"464":32,"465":37,"466":44,"467":40,"468":41,"469":37,"470":34,"471":44,"472":36,"473":51,"474":43,"475":51,"476":64,"477":56,"478":49,"479":37,"480":42,"481":51,"482":39,"483":39,"484":22,"485":27,"486":39,"487":60,"488":44,"489":30,"490":37,"491":38,"492":42,"493":36,"494":21,"495":21,"496":19,"497":19,"498":31,"499":19,"500":21,"501":20,"502":26,"503":28,"504":29,"505":31,"506":28,"507":30,"508":17,"509":24,"510":29,"511":30,"512":27,"513":31,"514":37,"515":38,"516":31,"517":24,"518":18,"519":28,"520":40,"521":31,"522":23,"523":25,"524":19,"525":17,"526":34,"527":16,"528":43,"529":41,"530":23,"531":30,"532":33,"533":30,"534":31,"535":29,"536":41,"537":25,"538":31,"539":23,"540":30,"541":31,"542":38,"543":42,"544":26,"545":40,"546":32,"547":29,"548":35,"549":48,"550":55,"551":82,"552":86,"553":60,"554":99,"555":59,"556":81,"557":44,"558":32,"559":31,"560":43,"561":53,"562":71,"563":56,"564":33,"565":25,"566":49,"567":73,"568":52,"569":30,"570":24,"571":43,"572":62,"573":38,"574":31,"575":23,"576":31,"577":41,"578":31,"579":28,"580":29,"581":24,"582":26,"583":37,"584":30,"585":45,"586":35,"587":44,"588":25,"589":38,"590":56,"591":26,"592":29,"593":28,"594":28,"595":24,"596":22,"597":22,"598":21,"599":16,"600":14,"601":21,"602":23,"603":23,"604":17,"605":17,"606":28,"607":24,"608":27,"609":18,"610":20,"611":31,"612":71,"613":59,"614":44,"615":22,"616":28,"617":28,"618":42,"619":54,"620":34,"621":36,"622":35,"623":34,"624":26,"625":25,"626":26,"627":34,"628":22,"629":26,"630":27,"631":26,"632":30,"633":27,"634":25,"635":19,"636":11,"637":21,"638":20,"639":28,"640":35,"641":28,"642":18,"643":25,"644":24,"645":32,"646":43,"647":27,"648":30,"649":33,"650":26,"651":25,"652":23,"653":21,"654":22,"655":26,"656":27,"657":19,"658":22,"659":39,"660":36,"661":29,"662":27,"663":37,"664":20,"665":16,"666":19,"667":25,"668":24,"669":19,"670":15,"671":12,"672":25,"673":26,"674":23,"675":33,"676":21,"677":21,"678":19,"679":12,"680":11,"681":12,"682":12,"683":11,"684":14,"685":12,"686":16,"687":20,"688":15,"689":17,"690":19,"691":22,"692":11,"693":13,"694":18,"695":22,"696":19,"697":18,"698":20,"699":21,"700":30,"701":25,"702":16,"703":33,"704":33,"705":28,"706":24,"707":18,"708":20,"709":27,"710":26,"711":25,"712":20,"713":23,"714":30,"715":30,"716":29,"717":30,"718":24,"719":27,"720":28,"721":11,"722":9,"723":11,"724":16,"725":25,"726":15,"727":6,"728":12,"729":11,"730":14,"731":22,"732":23,"733":22,"734":19,"735":18,"736":31,"737":25,"738":25,"739":22,"740":30,"741":25,"742":26,"743":24,"744":15,"745":18,"746":23,"747":13,"748":16,"749":15,"750":14,"751":11,"752":8,"753":17,"754":21,"755":15,"756":8,"757":7,"758":7,"759":6,"760":7,"761":9,"762":8,"763":11,"764":9,"765":4,"766":12,"767":7,"768":7,"769":3,"770":7,"771":6,"772":8,"773":9,"774":9,"775":12,"776":15,"777":24,"778":17,"779":14,"780":16,"781":17,"782":20,"783":14,"784":18,"785":14,"786":16,"787":10,"788":10,"789":10,"790":4,"791":6,"792":2,"793":8,"794":7,"795":6,"796":6,"797":6,"798":4,"799":5,"800":2,"801":2,"802":2,"803":5,"804":1,"805":5,"806":4,"807":5,"808":4,"809":7,"810":2,"811":4,"812":5,"813":3,"814":6,"815":3,"816":3,"817":9,"818":5,"819":10,"820":3,"821":3,"822":2,"823":5,"824":5,"825":13,"826":11,"827":10,"828":13,"829":10,"830":12,"831":7,"832":11,"833":8,"834":6,"835":9,"836":5,"837":10,"838":17,"839":18,"840":12,"841":14,"842":13,"843":15,"844":12,"845":8,"846":8,"847":8,"848":11,"849":11,"850":11,"851":8,"852":6,"853":8,"854":11,"855":8,"856":11,"857":13,"858":6,"859":5,"860":8,"861":5,"862":6,"863":7,"864":10,"865":4,"866":6,"867":8,"868":2,"869":8,"870":6,"871":4,"872":5,"873":4,"874":4,"875":8,"876":6,"877":5,"878":6,"879":11,"880":4,"881":6,"882":2,"883":8,"884":8,"885":7,"886":4,"887":5,"888":8,"889":6,"890":5,"891":4,"892":13,"893":9,"894":5,"895":9,"896":7,"897":13,"898":4,"899":8,"900":9,"901":13,"902":4,"903":3,"904":3,"905":3,"906":2,"907":3,"908":4,"909":13,"910":20,"911":7,"912":6,"913":3,"914":5,"915":6,"916":4,"917":5,"918":8,"919":12,"920":10,"921":12,"922":13,"923":10,"924":10,"925":10,"926":9,"927":6,"928":4,"929":7,"930":5,"931":3,"932":2,"933":8,"934":1,"936":2,"938":4,"939":1,"942":1,"943":9,"944":4,"945":1,"946":1,"947":2,"948":4,"949":4,"950":11,"951":6,"952":10,"953":6,"955":1,"956":4,"957":5,"958":11,"959":13,"960":3,"961":2,"964":1,"965":1,"966":2,"967":1,"968":2,"969":4,"970":1,"971":2,"972":2,"973":3,"974":1,"975":3,"976":1,"977":4,"978":1,"979":3,"980":2,"981":1,"982":2,"984":3,"985":5,"986":4,"987":3,"989":2,"992":1,"996":1,"997":1,"998":3,"999":2,"1000":5,"1001":5,"1002":2,"1003":3,"1005":3,"1008":1,"1010":2,"1011":1,"1012":3,"1013":2,"1014":6,"1016":6,"1017":6,"1018":2,"1019":2,"1020":2,"1022":1,"1023":4,"1024":2,"1025":1,"1026":1,"1030":1,"1031":5,"1034":1,"1035":1,"1036":2,"1037":3,"1038":10,"1040":2,"1041":3,"1042":1,"1043":2,"1044":2,"1045":3,"1046":2,"1047":4,"1048":1,"1049":2,"1050":1,"1052":4,"1055":2,"1056":1,"1057":1,"1058":3,"1059":4,"1060":5,"1061":6,"1062":1,"1063":1,"1064":3,"1065":1,"1066":5,"1067":2,"1069":3,"1071":3,"1072":5,"1073":1,"1074":2,"1075":3,"1076":1,"1077":2,"1078":1,"1079":2,"1080":2,"1081":2,"1082":3,"1083":2,"1084":2,"1085":3,"1086":3,"1087":4,"1088":10,"1089":10,"1090":6,"1091":1,"1092":4,"1093":1,"1094":1,"1095":2,"1096":4,"1099":2,"1100":1,"1102":1,"1104":1,"1107":1,"1108":2,"1109":2,"1110":2,"1111":1,"1112":2,"1113":4,"1114":3,"1115":4,"1116":2,"1117":2,"1118":6,"1119":2,"1120":3,"1121":1,"1122":7,"1123":2,"1124":1,"1125":6,"1126":4,"1127":1,"1129":1,"1130":1,"1132":5,"1133":4,"1134":2,"1135":1,"1143":1,"1145":1,"1149":1,"1150":1,"1152":1,"1153":2,"1154":1,"1156":1,"1159":2,"1161":1,"1162":1,"1163":1,"1165":3,"1166":1,"1168":1,"1171":1,"1172":1,"1173":1,"1178":1,"1179":2,"1180":2,"1181":1,"1183":4,"1187":2,"1188":1,"1189":2,"1190":1,"1191":2,"1192":1,"1194":2,"1196":3,"1197":1,"1199":1,"1203":1,"1204":4,"1205":4,"1207":1,"1212":1,"1213":1,"1214":2,"1215":5,"1216":1,"1217":1,"1220":2,"1227":1,"1229":1,"1231":1,"1235":1,"1236":1,"1239":1,"1245":1,"1247":1,"1248":1,"1249":1,"1251":1,"1256":3,"1258":1,"1260":3,"1261":6,"1262":5,"1263":2,"1264":4,"1265":2,"1271":1,"1276":1,"1277":2,"1278":3,"1280":2,"1281":3,"1282":1,"1284":2,"1285":1,"1286":1,"1287":4,"1288":2,"1289":3,"1290":1,"1293":1,"1294":2,"1295":1,"1296":3,"1297":3,"1298":2,"1299":1,"1300":1,"1302":2,"1303":2,"1304":5,"1305":2,"1306":2,"1307":2,"1309":2,"1310":3,"1311":2,"1312":2,"1313":4,"1314":1,"1315":3,"1316":3,"1318":3,"1319":3,"1320":3,"1321":1,"1322":1,"1324":1,"1325":5,"1326":1,"1327":3,"1328":2,"1329":2,"1330":1,"1331":1,"1332":1,"1333":2,"1334":1,"1335":1,"1336":2,"1337":1,"1338":2,"1339":3,"1340":1,"1341":4,"1342":4,"1343":1,"1344":5,"1345":3,"1346":1,"1347":2,"1348":5,"1349":2,"1350":4,"1351":2,"1352":1,"1353":2,"1354":2,"1355":2,"1356":2,"1357":3,"1358":1,"1359":3,"1360":4,"1361":3,"1362":4,"1363":1,"1364":3,"1365":2,"1366":5,"1367":3,"1369":5,"1370":1,"1373":2,"1374":1,"1375":2,"1376":1,"1377":4,"1378":2,"1379":4,"1380":1,"1381":4,"1382":3,"1383":2,"1384":3,"1385":2,"1386":4,"1387":2,"1388":2,"1389":1,"1390":3,"1391":2,"1392":3,"1393":1,"1395":2,"1396":2,"1397":4,"1398":1,"1399":2,"1400":2,"1401":3,"1403":1,"1404":3,"1406":3,"1413":1,"1424":1,"1426":1,"1427":1,"1429":1,"1485":2,"1486":1,"1487":1,"1490":2,"1491":1,"1492":1,"1493":1,"1494":1,"1496":2,"1497":2,"1499":1,"1501":2,"1502":1,"1504":2,"1505":2,"1506":2,"1508":2,"1509":1,"1512":1,"1513":4,"1514":1,"1516":1,"1517":1,"1518":2,"1520":1,"1522":1,"1523":1,"1525":1,"1526":2,"1528":2,"1530":1,"1531":2,"1532":2,"1534":1,"1535":2,"1536":2,"1537":1,"1538":1,"1539":2,"1541":3,"1542":2,"1543":1,"1544":2,"1545":2,"1546":1,"1547":1,"1548":3,"1549":1,"1550":1,"1551":1,"1552":2,"1554":2,"1555":1,"1556":2,"1557":2,"1558":2,"1559":3,"1561":3,"1562":2,"1564":1,"1565":1,"1566":1,"1567":1,"1568":1,"1570":3,"1571":3,"1572":2,"1574":1,"1737":1,"1832":4,"1833":7,"1834":3,"1835":3,"1836":3,"1846":1,"1847":1,"1848":1,"1849":1,"1850":1,"1851":1,"1852":3,"1853":1,"1855":1,"1856":1,"1860":2,"1861":1,"1862":1,"1863":2,"1865":2,"1866":1,"1867":1,"1868":2,"1870":2,"1875":4,"1878":3,"1883":2,"1885":1,"1889":2,"1890":1,"1893":1,"1894":1,"1895":4,"1896":1,"1897":1,"1899":1,"1900":3,"1901":3,"1902":1,"1903":2,"1904":8,"1905":1,"1908":2,"1909":2,"1911":1,"1912":9,"1913":1,"1914":4,"1915":5,"1916":1,"1924":1,"1925":2,"1926":3,"1927":3,"1928":1,"1929":5,"1930":10,"1931":5,"1932":10,"1933":5,"1934":15,"1935":10,"1936":9,"1937":17,"1938":11,"1939":8,"1940":12,"1941":22,"1942":13,"1943":14,"1944":16,"1945":14,"1946":3,"1947":2,"1948":3,"1949":4,"1950":1,"1951":4,"1954":2,"1955":1,"1957":5,"1960":3,"1961":1,"1975":1,"1986":2,"1989":1,"1990":1,"1991":1,"1992":1,"1993":1,"1994":4,"1995":5,"1996":4,"1997":5,"1998":5,"1999":2,"2000":1,"2001":2,"2002":3,"2004":1,"2005":1,"2006":3,"2007":4,"2008":2,"2009":2,"2010":2,"2011":2,"2012":2,"2013":4,"2014":3,"2015":2,"2016":2,"2017":6,"2018":3,"2019":1,"2020":1,"2021":2,"2023":1,"2024":3,"2026":2,"2027":4,"2029":2,"2030":4,"2031":2,"2032":2,"2033":2,"2034":3,"2035":2,"2036":5,"2037":2,"2038":1,"2040":2,"2041":4,"2042":5,"2043":4,"2044":2,"2046":3,"2048":1,"2050":2,"2051":3,"2053":1,"2055":1,"2056":2,"2057":2,"2059":2,"2060":2,"2061":1,"2062":1,"2065":1,"2067":2,"2073":1,"2076":1,"2080":1,"2081":1,"2082":2,"2083":1,"2085":1,"2086":1,"2088":2,"2089":1,"2090":1,"2092":1,"2107":1,"2109":1,"2111":1,"2112":1,"2113":1,"2114":1,"2116":1,"2118":1,"2119":1,"2120":4,"2121":3,"2132":1,"2133":2,"2135":3,"2136":4,"2137":1,"2139":1,"2140":2,"2142":5,"2143":1,"2144":1,"2147":3,"2148":1,"2149":2,"2151":1,"2155":1,"2157":3,"2159":2,"2160":1,"2161":3,"2162":1,"2163":2,"2164":3,"2165":2,"2166":2,"2168":2,"2169":3,"2170":2,"2171":5,"2172":2,"2173":1,"2175":1,"2176":2,"2177":3,"2178":3,"2179":2,"2180":1,"2181":2,"2182":1,"2183":3,"2184":2,"2185":2,"2188":2,"2190":1,"2191":2,"2193":2,"2201":1,"2203":3,"2204":4,"2205":4,"2208":1,"2209":3,"2210":2,"2211":2,"2212":3,"2213":2,"2214":2,"2215":3,"2216":3,"2217":2,"2218":2,"2219":1,"2221":5,"2222":3,"2223":5,"2224":1,"2225":2,"2226":4,"2227":1,"2228":5,"2229":3,"2230":2,"2231":2,"2232":3,"2233":3,"2234":3,"2235":5,"2236":2,"2237":1,"2238":3,"2239":3,"2240":1,"2241":2,"2242":3,"2243":4,"2244":3,"2245":4,"2247":1,"2250":2,"2251":2,"2252":2,"2253":3,"2254":1,"2255":6,"2256":4,"2257":1,"2261":2,"2262":1,"2263":1,"2264":2,"2265":1,"2266":4,"2267":3,"2268":1,"2269":1,"2270":3,"2271":1,"2272":2,"2273":2,"2274":2,"2275":2,"2276":2,"2277":2,"2278":3,"2279":3,"2280":2,"2281":2,"2282":3,"2283":2,"2284":2,"2287":2,"2289":3,"2290":1,"2292":2,"2293":3,"2294":3,"2295":1,"2296":2,"2297":1,"2298":1,"2299":4,"2300":6,"2301":4,"2302":5,"2303":2,"2305":1,"2306":2,"2307":2,"2308":3,"2309":2,"2310":3,"2311":5,"2312":6,"2313":6,"2314":3,"2315":1,"2316":1,"2318":1,"2319":1,"2322":7,"2323":9,"2324":4,"2325":1,"2326":1,"2331":1,"2332":3,"2333":9,"2334":4,"2335":1,"2336":2,"2341":1,"2343":2,"2344":4,"2345":4,"2347":3,"2348":10,"2349":7,"2350":6,"2355":1,"2356":3,"2357":7,"2358":4,"2359":3,"2360":3,"2361":2,"2362":1,"2363":1,"2364":2,"2365":3,"2366":2,"2367":1,"2368":2,"2369":2,"2370":2,"2371":2,"2372":4,"2373":8,"2374":7,"2375":4,"2376":5,"2378":1,"2379":3,"2380":2,"2381":3,"2382":8,"2386":2,"2387":1,"2388":2,"2389":4,"2390":16,"2391":7,"2392":2,"2393":3,"2400":1,"2402":4,"2403":2,"2404":5,"2405":3,"2406":1,"2407":2,"2408":1,"2409":1,"2413":1,"2414":3,"2415":4,"2416":3,"2417":1,"2418":1,"2421":2,"2422":1,"2423":2,"2426":1,"2428":2,"2429":1,"2431":3,"2432":2,"2433":3,"2434":1,"2435":1,"2437":1,"2439":1,"2440":2,"2441":1,"2443":1,"2444":1,"2445":1,"2447":2,"2448":2,"2450":2,"2451":7,"2452":3,"2453":2,"2454":8,"2455":9,"2456":8,"2457":6,"2458":1,"2459":4,"2460":1,"2466":3,"2467":4,"2468":6,"2469":6,"2470":5,"2471":2,"2472":3,"2473":4,"2474":1,"2477":4,"2478":5,"2479":6,"2480":5,"2481":1,"2489":4,"2490":3,"2491":2,"2494":1,"2495":2,"2496":1,"2497":1,"2498":3,"2499":3,"2500":7,"2501":3,"2502":2,"2503":1,"2506":3,"2511":3,"2521":2,"2522":1,"2532":1,"2539":1,"2546":1,"2549":1,"2552":1,"2557":3,"2559":2,"2562":1,"2563":4,"2564":3,"2565":2,"2566":2,"2568":1,"2569":1,"2570":1,"2571":2,"2572":2,"2573":1,"2574":3,"2575":1,"2577":2,"2579":1,"2582":2,"2583":3,"2584":2,"2586":1,"2587":1,"2588":3,"2590":1,"2591":1,"2592":3,"2593":6,"2594":6,"2595":7,"2596":4,"2599":1,"2605":2,"2619":1,"3724":1,"3732":1,"3740":1,"3749":1,"3773":1,"3776":1,"3783":1,"3835":1,"3847":1,"3853":1,"3863":1,"3896":1,"3902":1,"3931":1,"3939":1,"3940":1,"3965":1,"4013":1,"4023":1,"4026":1,"4055":1,"4056":1,"4082":1,"4092":1,"4126":1,"4129":1,"4133":1,"4139":1,"4164":1,"4193":1,"4194":1,"4236":1,"4244":1,"4246":1,"4275":1,"4287":1,"4288":1,"4292":1,"4293":1,"4321":1,"4358":1,"4363":1,"4375":1,"4377":1,"4398":1,"4410":1,"4421":1,"4440":1,"4454":2,"4493":1,"4505":1,"4513":1,"4518":1,"4527":1,"4528":1,"4535":1,"4539":1,"4540":1,"4544":1,"4546":1,"4568":1,"4589":1,"4590":2,"4606":1,"4616":1,"4621":1,"4633":1,"4644":1,"4650":1,"4694":1,"4705":1,"4717":1,"4718":1,"4720":1,"4724":1,"4725":1,"4737":1,"4739":1,"4756":1,"4763":1,"4771":1,"4778":1,"4801":1,"4810":1,"4814":1,"4817":1,"4826":1,"4834":1,"4847":1,"4896":1,"4906":1,"4909":1,"4918":1,"4920":1,"4932":1,"4939":2,"4942":1,"4946":1,"4975":1,"4990":1,"4995":1,"5006":1,"5011":1,"5039":1,"5051":1,"5052":1,"5053":1,"5062":1,"5063":1,"5086":1,"5088":1,"5090":1,"5103":1,"5125":1,"5127":1,"5139":1,"5169":1,"5171":2,"5172":1,"5174":1,"5214":1,"5215":1,"5218":1,"5245":1,"5284":1,"5297":1,"5315":1,"5316":1,"5319":1,"5321":1,"5327":1,"5328":1,"5335":1,"5370":1,"5399":1,"5417":1,"5420":1,"5423":1,"5428":1,"5455":2,"5456":1,"5462":1,"5468":1,"5470":1,"5474":1,"5476":1,"5477":1,"5485":1,"5489":1,"5491":1,"5493":1,"5496":1,"5506":1,"5510":1,"5519":1,"5521":1,"5523":1,"5532":1,"5541":1,"5564":1,"5581":1,"5587":1,"5613":1,"5636":1,"5639":1,"5641":1,"5693":1,"5699":1,"5702":1,"5704":1,"5706":2,"5711":1,"5730":1,"5735":1,"5739":1,"5740":1,"5760":1,"5782":1,"5790":1,"5793":1,"5794":1,"5796":1,"5808":1,"5813":1,"5836":1,"5839":1,"5846":1,"5850":1,"5863":1,"5883":1,"5889":1,"5935":1,"5950":1,"5955":1,"5973":1,"5976":1,"6005":3,"6020":1,"6044":1,"6106":1,"6114":1,"6118":2,"6123":1,"6138":2,"6142":1,"6156":1,"6161":1,"6174":1,"6176":1,"6191":1,"6198":1,"6199":1,"6246":1,"6251":1,"6262":1,"6265":1,"6267":1,"6295":2,"6326":1,"6336":1,"6349":1,"6388":1,"6389":1,"6400":1,"6412":1,"6414":1,"6433":1,"6455":1,"6470":1,"6477":1,"6483":1,"6496":1,"6521":2,"6552":1,"6563":1,"6566":1,"6569":1,"6571":1,"6573":1,"6586":1,"6590":1,"6621":1,"6624":1,"6628":1,"6634":1,"6650":2,"6653":1,"6669":1,"6670":1,"6688":1,"6692":1,"6700":1,"6714":1,"6720":1,"6740":2,"6741":1,"6750":1,"6770":1,"6780":1,"6786":1,"6789":1,"6790":1,"6804":1,"6810":2,"6812":1,"6819":1,"6821":1,"6826":1,"6839":1,"6846":1,"6847":1,"6868":1,"6874":1,"6889":1,"6898":1,"6909":1,"6917":1,"6919":1,"6923":1,"6927":1,"6928":1,"6933":1,"6935":1,"6938":1,"6945":1,"6980":1,"6982":1,"6993":1,"6994":1,"7026":1,"7027":1,"7033":1,"7041":1,"7043":1,"7047":1,"7073":1,"7075":1,"7079":1,"7085":1,"7088":1,"7090":1,"7103":1,"7119":1,"7131":1,"7132":1,"7196":1,"7197":1,"7213":1,"7223":1,"7237":1,"7238":1,"7241":1,"7248":1,"7306":1,"7325":1,"7344":1,"7346":1,"7352":1,"7358":1,"7360":2,"7367":1,"7370":1,"7374":1,"7378":1,"7382":1,"7406":1,"7412":1,"7416":2,"7424":1,"7429":1,"7431":1,"7449":1,"7454":1,"7455":1,"7463":1,"7469":1,"7471":1,"7474":1,"7479":1,"7500":1,"7531":1,"7535":1,"7538":1,"7549":1,"7565":1,"7568":1,"7573":1,"7611":1,"7613":1,"7615":1,"7616":1,"7617":2,"7619":1,"7650":1,"7658":1,"7666":1,"7681":1,"7694":1,"7701":1,"7710":1,"7724":1,"7741":1,"7775":1,"7823":1,"7824":1,"7844":1,"7849":1,"7853":1,"7863":1,"7871":1,"7872":1,"7889":1,"7899":1,"7905":1,"7918":1,"7931":1,"7940":1,"7947":1,"7949":1,"7950":1,"7959":1,"7961":1,"7983":1,"8001":1,"8003":1,"8010":1,"8022":1,"8026":1,"8056":1,"8065":1,"8077":1,"8097":1,"8100":1,"8108":2,"8116":1,"8157":1,"8165":1,"8182":1,"8193":1,"8207":1,"8220":1,"8239":1,"8241":1,"8243":1,"8255":1,"8260":1,"8276":1,"8282":1,"8287":1,"8290":1,"8308":1,"8318":1,"8350":1,"8364":1,"8411":1,"8428":2,"8451":1,"8452":1,"8455":1,"8456":1,"8457":1,"8461":1,"8472":1,"8476":1,"8488":1,"8489":1,"8496":1,"8506":1,"8510":1,"8554":2,"8555":1,"8558":1,"8568":1,"8586":1,"8589":1,"8605":1,"8619":1,"8627":1,"8651":1,"8657":1,"8672":1,"8704":1,"8720":1,"8722":1,"8750":1,"8757":1,"8760":2,"8761":1,"8777":2,"8796":1,"8813":1,"8827":1,"8841":1,"8864":1,"8872":1,"8886":1,"8914":1,"8937":1,"8950":1,"8951":1,"8975":1,"8992":1,"8994":1,"9007":1,"9011":1,"9019":1,"9033":1,"9047":1,"9053":1,"9076":2,"9093":1,"9101":1,"9110":1,"9111":1,"9125":1,"9190":1,"9235":1,"9276":1,"9292":1,"9296":1,"9334":2,"9341":1,"9389":1,"9396":1,"9400":1,"9401":1,"9402":1,"9413":1,"9416":1,"9432":1,"9434":1,"9438":2,"9450":1,"9453":1,"9484":1,"9486":1,"9494":1,"9496":1,"9497":1,"9514":1,"9534":1,"9554":1,"9590":1,"9592":1,"9613":1,"9617":1,"9620":1,"9660":1,"9661":1,"9665":1,"9689":1,"9699":1,"9716":1,"9718":1,"9720":2,"9722":1,"9723":1,"9724":1,"9725":1,"9726":1,"9729":1,"9757":2,"9770":1,"9783":1,"9804":1,"9805":1,"9809":2,"9818":1,"9834":1,"9853":1,"9856":1,"9860":1,"9888":1,"9890":2,"9907":1,"9916":1,"9926":1,"9929":1,"9948":2,"9949":1,"9950":1,"9969":1,"9978":1,"9982":1,"9990":1,"10001":1,"10015":1,"10021":1,"10025":1,"10028":2,"10041":1,"10056":1,"10089":1,"10102":1,"10121":1,"10124":1,"10131":1,"10175":1,"10185":1,"10211":1,"10212":1,"10222":1,"10235":1,"10238":1,"10241":1,"10242":1,"10262":1,"10265":1,"10274":1,"10278":1,"10308":1,"10316":1,"10318":1,"10325":1,"10335":1,"10344":1,"10345":1,"10351":1,"10361":1,"10377":1,"10379":1,"10380":1,"10382":1,"10395":1,"10404":1,"10408":1,"10416":2,"10419":1,"10429":1,"10458":1,"10464":2,"10473":1,"10475":1,"10496":1,"10497":1,"10501":1,"10502":1,"10503":1,"10507":1,"10528":1,"10529":1,"10542":1,"10545":2,"10552":2,"10554":1,"10560":1,"10565":1,"10570":1,"10571":1,"10573":2,"10575":1,"10580":1,"10582":1,"10583":1,"10618":1,"10621":1,"10642":1,"10644":1,"10648":1,"10654":1,"10659":1,"10665":1,"10668":1,"10687":1,"10695":1,"10704":1,"10711":1,"10721":1,"10723":1,"10729":1,"10735":1,"10742":1,"10744":1,"10748":1,"10768":1,"10791":1,"10792":1,"10798":1,"10803":1,"10824":3,"10825":1,"10828":1,"10838":1,"10849":1,"10862":1,"10868":1,"10869":1,"10884":1,"10885":1,"10900":1,"10904":1,"10922":1,"10924":1,"10926":1,"10928":1,"10929":1,"10935":1,"10937":1,"10939":1,"10942":1,"10953":1,"10956":1,"10959":2,"10961":1,"10963":2,"10979":1,"10992":2,"11007":2,"11009":1,"11013":1,"11029":1,"11049":1,"11079":2,"11083":2,"11086":1,"11127":1,"11128":1,"11132":1,"11134":1,"11147":1,"11151":1,"11153":1,"11156":1,"11174":1,"11182":1,"11189":1,"11190":1,"11191":1,"11192":1,"11194":1,"11204":1,"11211":1,"11212":2,"11251":1,"11262":1,"11285":1,"11287":1,"11378":1,"11379":1,"11424":1,"11452":1,"11491":1,"11496":1,"11497":1,"11505":1,"11699":1,"11869":1,"11897":1,"11962":1,"12212":1,"13348":1,"17620":1,"17624":1,"17626":1,"17632":1,"17646":1,"17651":1,"17679":1,"17682":1,"17709":1,"17713":1,"17714":1},"nonfork_created":42741,"nonfork_confirmed":42741,"nonfork_histogram_ms":{"39":3,"40":3,"41":2,"42":1,"43":4,"44":3,"45":6,"46":5,"47":9,"48":11,"49":11,"50":16,"51":12,"52":17,"53":18,"54":14,"55":30,"56":31,"57":36,"58":42,"59":58,"60":48,"61":56,"62":71,"63":95,"64":85,"65":98,"66":91,"67":99,"68":120,"69":122,"70":121,"71":166,"72":141,"73":171,"74":165,"75":150,"76":153,"77":163,"78":186,"79":186,"80":205,"81":180,"82":199,"83":186,"84":199,"85":216,"86":188,"87":231,"88":244,"89":247,"90":236,"91":241,"92":291,"93":270,"94":291,"95":309,"96":290,"97":311,"98":290,"99":295,"100":309,"101":311,"102":354,"103":333,"104":302,"105":329,"106":303,"107":331,"108":298,"109":332,"110":287,"111":294,"112":330,"113":327,"114":280,"115":280,"116":263,"117":269,"118":298,"119":254,"120":265,"121":220,"122":204,"123":204,"124":209,"125":192,"126":193,"127":177,"128":163,"129":157,"130":155,"131":161,"132":136,"133":107,"134":111,"135":114,"136":99,"137":123,"138":101,"139":90,"140":75,"141":73,"142":64,"143":70,"144":69,"145":74,"146":69,"147":63,"148":49,"149":60,"150":64,"151":69,"152":79,"153":45,"154":64,"155":70,"156":60,"157":47,"158":33,"159":37,"160":33,"161":37,"162":35,"163":35,"164":34,"165":40,"166":42,"167":51,"168":45,"169":41,"170":37,"171":44,"172":42,"173":49,"174":63,"175":79,"176":66,"177":71,"178":60,"179":58,"180":59,"181":68,"182":64,"183":76,"184":80,"185":69,"186":46,"187":50,"188":31,"189":40,"190":39,"191":49,"192":57,"193":46,"194":53,"195":34,"196":32,"197":61,"198":92,"199":78,"200":51,"201":50,"202":42,"203":37,"204":27,"205":49,"206":35,"207":36,"208":37,"209":50,"210":43,"211":41,"212":38,"213":47,"214":40,"215":44,"216":48,"217":47,"218":48,"219":44,"220":47,"221":29,"222":32,"223":17,"224":30,"225":42,"226":50,"227":50,"228":39,"229":43,"230":31,"231":42,"232":38,"233":35,"234":53,"235":41,"236":40,"237":55,"238":36,"239":49,"240":41,"241":33,"242":32,"243":34,"244":36,"245":27,"246":39,"247":33,"248":33,"249":40,"250":34,"251":47,"252":46,"253":35,"254":35,"255":43,"256":35,"257":30,"258":23,"259":23,"260":25,"261":24,"262":28,"263":21,"264":26,"265":27,"266":25,"267":42,"268":14,"269":19,"270":17,"271":16,"272":18,"273":20,"274":27,"275":34,"276":36,"277":33,"278":36,"279":38,"280":23,"281":18,"282":14,"283":20,"284":37,"285":38,"286":32,"287":39,"288":45,"289":28,"290":26,"291":13,"292":21,"293":40,"294":42,"295":37,"296":38,"297":24,"298":33,"299":27,"300":34,"301":40,"302":58,"303":51,"304":74,"305":52,"306":25,"307":28,"308":19,"309":25,"310":15,"311":16,"312":25,"313":34,"314":25,"315":28,"316":29,"317":35,"318":30,"319":33,"320":36,"321":34,"322":60,"323":83,"324":53,"325":40,"326":65,"327":73,"328":58,"329":56,"330":68,"331":65,"332":38,"333":32,"334":41,"335":37,"336":33,"337":77,"338":57,"339":49,"340":51,"341":35,"342":34,"343":43,"344":69,"345":62,"346":59,"347":70,"348":60,"349":47,"350":31,"351":31,"352":39,"353":46,"354":73,"355":46,"356":52,"357":54,"358":62,"359":57,"360":38,"361":43,"362":38,"363":39,"364":41,"365":50,"366":42,"367":46,"368":44,"369":32,"370":31,"371":49,"372":35,"373":27,"374":29,"375":29,"376":37,"377":41,"378":67,"379":46,"380":53,"381":33,"382":30,"383":37,"384":32,"385":32,"386":27,"387":38,"388":46,"389":45,"390":44,"391":55,"392":34,"393":44,"394":28,"395":34,"396":29,"397":42,"398":45,"399":28,"400":36,"401":22,"402":34,"403":31,"404":28,"405":28,"406":44,"407":36,"408":49,"409":35,"410":28,"411":25,"412":22,"413":24,"414":26,"415":23,"416":29,"417":29,"418":36,"419":44,"420":50,"421":49,"422":47,"423":43,"424":49,"425":56,"426":59,"427":33,"428":32,"429":33,"430":29,"431":43,"432":39,"433":30,"434":45,"435":32,"436":19,"437":26,"438":35,"439":25,"440":30,"441":53,"442":40,"443":67,"444":51,"445":36,"446":29,"447":30,"448":34,"449":35,"450":41,"451":41,"452":41,"453":29,"454":80,"455":37,"456":29,"457":46,"458":32,"459":61,"460":62,"461":37,"462":46,"463":36,"464":32,"465":37,"466":44,"467":40,"468":41,"469":37,"470":34,"471":44,"472":36,"473":51,"474":43,"475":51,"476":64,"477":55,"478":49,"479":37,"480":42,"481":51,"482":38,"483":39,"484":22,"485":27,"486":39,"487":58,"488":44,"489":30,"490":37,"491":38,"492":42,"493":35,"494":21,"495":21,"496":19,"497":19,"498":31,"499":19,"500":21,"501":20,"502":26,"503":28,"504":29,"505":31,"506":28,"507":28,"508":17,"509":24,"510":29,"511":30,"512":27,"513":31,"514":37,"515":38,"516":31,"517":24,"518":18,"519":28,"520":40,"521":31,"522":23,"523":25,"524":19,"525":17,"526":34,"527":16,"528":43,"529":41,"530":23,"531":30,"532":33,"533":30,"534":31,"535":29,"536":41,"537":25,"538":31,"539":23,"540":30,"541":30,"542":38,"543":42,"544":26,"545":40,"546":32,"547":29,"548":35,"549":48,"550":55,"551":82,"552":86,"553":60,"554":99,"555":59,"556":81,"557":44,"558":32,"559":31,"560":43,"561":53,"562":71,"563":56,"564":33,"565":25,"566":49,"567":73,"568":52,"569":30,"570":24,"571":43,"572":62,"573":38,"574":31,"575":23,"576":31,"577":41,"578":31,"579":28,"580":29,"581":24,"582":26,"583":37,"584":30,"585":45,"586":35,"587":44,"588":25,"589":38,"590":56,"591":26,"592":29,"593":28,"594":28,"595":24,"596":21,"597":22,"598":20,"599":16,"600":14,"601":21,"602":23,"603":23,"604":17,"605":16,"606":28,"607":24,"608":27,"609":18,"610":20,"611":31,"612":71,"613":58,"614":44,"615":22,"616":25,"617":24,"618":42,"619":54,"620":33,"621":34,"622":35,"623":34,"624":26,"625":25,"626":26,"627":34,"628":21,"629":25,"630":27,"631":24,"632":30,"633":27,"634":25,"635":19,"636":11,"637":20,"638":19,"639":28,"640":35,"641":28,"642":16,"643":25,"644":24,"645":31,"646":43,"647":27,"648":29,"649":33,"650":26,"651":25,"652":23,"653":21,"654":21,"655":26,"656":27,"657":19,"658":21,"659":38,"660":36,"661":29,"662":27,"663":37,"664":20,"665":16,"666":19,"667":24,"668":24,"669":19,"670":15,"671":11,"672":25,"673":26,"674":23,"675":33,"676":21,"677":21,"678":18,"679":12,"680":11,"681":11,"682":12,"683":11,"684":14,"685":12,"686":16,"687":19,"688":15,"689":17,"690":19,"691":22,"692":11,"693":13,"694":18,"695":22,"696":19,"697":18,"698":20,"699":21,"700":30,"701":25,"702":16,"703":33,"704":33,"705":28,"706":24,"707":18,"708":20,"709":27,"710":26,"711":25,"712":20,"713":23,"714":30,"715":30,"716":29,"717":30,"718":24,"719":27,"720":28,"721":11,"722":9,"723":10,"724":16,"725":25,"726":15,"727":6,"728":12,"729":10,"730":14,"731":21,"732":23,"733":22,"734":19,"735":18,"736":31,"737":25,"738":25,"739":22,"740":30,"741":25,"742":26,"743":24,"744":15,"745":18,"746":23,"747":13,"748":16,"749":15,"750":14,"751":11,"752":8,"753":17,"754":21,"755":15,"756":8,"757":7,"758":7,"759":6,"760":7,"761":9,"762":8,"763":11,"764":9,"765":4,"766":12,"767":7,"768":7,"769":3,"770":7,"771":6,"772":8,"773":9,"774":9,"775":12,"776":15,"777":24,"778":17,"779":14,"780":16,"781":17,"782":20,"783":14,"784":18,"785":14,"786":16,"787":10,"788":10,"789":10,"790":4,"791":6,"792":2,"793":8,"794":7,"795":6,"796":6,"797":6,"798":4,"799":5,"800":2,"801":1,"802":2,"803":5,"804":1,"805":5,"806":4,"807":5,"808":4,"809":7,"810":2,"811":4,"812":5,"813":3,"814":6,"815":3,"816":3,"817":9,"818":5,"819":8,"820":3,"821":2,"822":2,"823":5,"824":5,"825":13,"826":11,"827":10,"828":13,"829":10,"830":12,"831":7,"832":11,"833":8,"834":6,"835":9,"836":5,"837":10,"838":16,"839":18,"840":11,"841":14,"842":13,"843":15,"844":12,"845":8,"846":8,"847":8,"848":11,"849":11,"850":11,"851":8,"852":6,"853":8,"854":11,"855":8,"856":10,"857":13,"858":6,"859":5,"860":8,"861":5,"862":6,"863":6,"864":10,"865":4,"866":6,"867":8,"868":2,"869":8,"870":6,"871":4,"872":5,"873":4,"874":4,"875":8,"876":6,"877":5,"878":6,"879":11,"880":4,"881":6,"882":2,"883":7,"884":8,"885":7,"886":4,"887":5,"888":8,"889":6,"890":5,"891":4,"892":13,"893":8,"894":5,"895":9,"896":7,"897":13,"898":4,"899":8,"900":9,"901":13,"902":4,"903":3,"904":3,"905":3,"906":2,"907":3,"908":4,"909":13,"910":20,"911":7,"912":6,"913":3,"914":5,"915":6,"916":4,"917":5,"918":8,"919":12,"920":9,"921":12,"922":13,"923":10,"924":10,"925":10,"926":9,"927":6,"928":4,"929":7,"930":5,"931":3,"932":2,"933":8,"934":1,"936":2,"938":4,"939":1,"942":1,"943":9,"944":4,"945":1,"946":1,"947":2,"948":4,"949":4,"950":11,"951":6,"952":10,"953":5,"955":1,"956":4,"957":5,"958":11,"959":12,"960":3,"961":1,"964":1,"965":1,"966":2,"967":1,"968":2,"969":4,"970":1,"971":2,"972":2,"973":3,"974":1,"975":3,"976":1,"977":3,"978":1,"979":3,"980":2,"981":1,"982":2,"984":3,"985":5,"986":4,"987":3,"989":2,"992":1,"997":1,"998":2,"999":2,"1000":5,"1001":4,"1002":2,"1003":2,"1005":2,"1010":2,"1012":2,"1013":2,"1014":6,"1016":6,"1017":6,"1018":2,"1019":2,"1020":2,"1022":1,"1023":4,"1024":2,"1025":1,"1026":1,"1030":1,"1031":5,"1035":1,"1036":2,"1037":3,"1038":9,"1040":2,"1041":3,"1042":1,"1043":2,"1044":2,"1045":3,"1046":2,"1047":4,"1048":1,"1049":2,"1050":1,"1052":4,"1055":2,"1056":1,"1057":1,"1058":3,"1059":4,"1060":5,"1061":6,"1062":1,"1063":1,"1064":3,"1065":1,"1066":5,"1067":2,"1069":3,"1071":3,"1072":5,"1073":1,"1074":2,"1075":3,"1076":1,"1077":2,"1078":1,"1079":2,"1080":2,"1081":2,"1082":2,"1083":2,"1084":2,"1085":3,"1086":3,"1087":4,"1088":10,"1089":9,"1090":6,"1091":1,"1092":3,"1093":1,"1094":1,"1095":1,"1096":2,"1099":2,"1100":1,"1102":1,"1104":1,"1107":1,"1108":1,"1109":1,"1110":2,"1111":1,"1112":2,"1113":4,"1114":3,"1115":3,"1116":2,"1117":2,"1118":5,"1119":2,"1120":3,"1121":1,"1122":7,"1123":2,"1124":1,"1125":6,"1126":4,"1127":1,"1129":1,"1130":1,"1132":4,"1133":4,"1134":1,"1135":1,"1143":1,"1145":1,"1149":1,"1150":1,"1152":1,"1153":2,"1154":1,"1156":1,"1159":2,"1161":1,"1162":1,"1163":1,"1165":3,"1166":1,"1168":1,"1171":1,"1172":1,"1173":1,"1178":1,"1179":2,"1180":2,"1181":1,"1183":3,"1187":2,"1188":1,"1189":2,"1190":1,"1191":2,"1192":1,"1194":2,"1196":3,"1197":1,"1199":1,"1203":1,"1204":4,"1205":4,"1207":1,"1212":1,"1213":1,"1214":2,"1215":5,"1216":1,"1217":1,"1220":2,"1227":1,"1229":1,"1231":1,"1236":1,"1239":1,"1245":1,"1247":1,"1248":1,"1249":1,"1251":1,"1258":1,"1260":3,"1261":6,"1262":5,"1263":2,"1264":4,"1265":2,"1271":1,"1276":1,"1277":2,"1278":3,"1280":1,"1281":1,"1282":1,"1284":2,"1285":1,"1286":1,"1287":4,"1288":2,"1289":3,"1290":1,"1293":1,"1294":2,"1295":1,"1296":3,"1297":3,"1298":2,"1299":1,"1300":1,"1302":2,"1303":2,"1304":5,"1305":2,"1306":2,"1307":2,"1309":2,"1310":3,"1311":2,"1312":2,"1313":4,"1314":1,"1315":3,"1316":3,"1318":3,"1319":3,"1320":3,"1321":1,"1322":1,"1324":1,"1325":5,"1326":1,"1327":3,"1328":2,"1329":2,"1330":1,"1331":1,"1332":1,"1333":2,"1334":1,"1335":1,"1336":2,"1337":1,"1338":1,"1339":2,"1340":1,"1341":4,"1342":3,"1343":1,"1344":4,"1345":3,"1346":1,"1347":2,"1348":4,"1349":2,"1350":4,"1351":2,"1352":1,"1353":2,"1354":2,"1355":2,"1356":2,"1357":2,"1358":1,"1359":3,"1360":3,"1361":3,"1362":4,"1363":1,"1364":3,"1365":2,"1366":5,"1367":3,"1369":5,"1370":1,"1373":2,"1374":1,"1375":2,"1376":1,"1377":4,"1378":2,"1379":4,"1381":3,"1382":3,"1383":2,"1384":3,"1385":2,"1386":4,"1387":2,"1388":2,"1389":1,"1390":3,"1391":2,"1392":3,"1393":1,"1395":2,"1396":2,"1397":4,"1398":1,"1399":1,"1400":2,"1401":2,"1403":1,"1404":3,"1406":3,"1413":1,"1424":1,"1426":1,"1427":1,"1429":1,"1485":2,"1486":1,"1487":1,"1490":2,"1491":1,"1492":1,"1493":1,"1494":1,"1496":2,"1497":2,"1499":1,"1501":2,"1502":1,"1504":2,"1505":2,"1506":2,"1508":2,"1509":1,"1512":1,"1513":4,"1514":1,"1516":1,"1517":1,"1518":2,"1520":1,"1522":1,"1523":1,"1525":1,"1526":2,"1528":2,"1530":1,"1531":2,"1532":2,"1534":1,"1535":2,"1536":2,"1537":1,"1538":1,"1539":2,"1541":3,"1542":2,"1543":1,"1544":2,"1545":2,"1546":1,"1547":1,"1548":3,"1549":1,"1550":1,"1551":1,"1552":2,"1554":2,"1555":1,"1556":2,"1557":2,"1558":2,"1559":3,"1561":3,"1562":2,"1564":1,"1565":1,"1566":1,"1567":1,"1568":1,"1570":3,"1571":3,"1572":2,"1574":1,"1737":1,"1832":4,"1833":7,"1834":3,"1835":3,"1836":3,"1846":1,"1847":1,"1848":1,"1849":1,"1850":1,"1851":1,"1852":3,"1853":1,"1855":1,"1856":1,"1860":2,"1861":1,"1862":1,"1863":2,"1865":2,"1866":1,"1867":1,"1868":2,"1870":2,"1875":4,"1878":3,"1883":2,"1885":1,"1889":2,"1890":1,"1893":1,"1894":1,"1895":4,"1896":1,"1897":1,"1899":1,"1900":3,"1901":3,"1902":1,"1903":2,"1904":8,"1905":1,"1908":2,"1909":2,"1911":1,"1912":9,"1913":1,"1914":4,"1915":5,"1916":1,"1924":1,"1925":2,"1926":3,"1927":3,"1928":1,"1929":5,"1930":10,"1931":5,"1932":10,"1933":5,"1934":15,"1935":10,"1936":9,"1937":17,"1938":11,"1939":8,"1940":12,"1941":22,"1942":13,"1943":14,"1944":16,"1945":14,"1946":3,"1947":2,"1948":3,"1949":4,"1950":1,"1951":4,"1954":2,"1955":1,"1957":5,"1960":3,"1961":1,"1975":1,"1986":2,"1989":1,"1990":1,"1991":1,"1992":1,"1993":1,"1994":4,"1995":5,"1996":4,"1997":5,"1998":5,"1999":2,"2000":1,"2001":2,"2002":3,"2004":1,"2005":1,"2006":3,"2007":4,"2008":2,"2009":2,"2010":2,"2011":2,"2012":2,"2013":4,"2014":3,"2015":2,"2016":2,"2017":6,"2018":3,"2019":1,"2020":1,"2021":2,"2023":1,"2024":3,"2026":2,"2027":4,"2029":2,"2030":4,"2031":2,"2032":2,"2033":2,"2034":3,"2035":2,"2036":5,"2037":2,"2038":1,"2040":2,"2041":4,"2042":5,"2043":4,"2044":2,"2046":3,"2048":1,"2050":2,"2051":3,"2053":1,"2055":1,"2056":2,"2057":2,"2059":2,"2060":2,"2061":1,"2062":1,"2065":1,"2067":2,"2073":1,"2076":1,"2080":1,"2081":1,"2082":2,"2083":1,"2085":1,"2086":1,"2088":2,"2089":1,"2090":1,"2092":1,"2107":1,"2109":1,"2111":1,"2112":1,"2113":1,"2114":1,"2116":1,"2118":1,"2119":1,"2120":4,"2121":3,"2132":1,"2133":2,"2135":3,"2136":4,"2137":1,"2139":1,"2140":2,"2142":5,"2143":1,"2144":1,"2147":3,"2148":1,"2149":2,"2151":1,"2155":1,"2157":3,"2159":2,"2160":1,"2161":3,"2162":1,"2163":2,"2164":3,"2165":2,"2166":2,"2168":2,"2169":3,"2170":2,"2171":5,"2172":2,"2173":1,"2175":1,"2176":2,"2177":3,"2178":3,"2179":2,"2180":1,"2181":2,"2182":1,"2183":3,"2184":2,"2185":2,"2188":2,"2190":1,"2191":2,"2193":2,"2201":1,"2203":3,"2204":4,"2205":4,"2208":1,"2209":3,"2210":2,"2211":2,"2212":3,"2213":2,"2214":2,"2215":3,"2216":3,"2217":2,"2218":2,"2219":1,"2221":5,"2222":3,"2223":5,"2224":1,"2225":2,"2226":4,"2227":1,"2228":5,"2229":3,"2230":2,"2231":2,"2232":3,"2233":3,"2234":3,"2235":5,"2236":2,"2237":1,"2238":3,"2239":3,"2240":1,"2241":2,"2242":3,"2243":4,"2244":3,"2245":4,"2247":1,"2250":2,"2251":2,"2252":2,"2253":3,"2254":1,"2255":6,"2256":4,"2257":1,"2261":2,"2262":1,"2263":1,"2264":2,"2265":1,"2266":4,"2267":3,"2268":1,"2269":1,"2270":3,"2271":1,"2272":2,"2273":2,"2274":2,"2275":2,"2276":2,"2277":2,"2278":3,"2279":3,"2280":2,"2281":2,"2282":3,"2283":2,"2284":2,"2287":2,"2289":3,"2290":1,"2292":2,"2293":3,"2294":3,"2295":1,"2296":2,"2297":1,"2298":1,"2299":4,"2300":6,"2301":4,"2302":5,"2303":2,"2305":1,"2306":2,"2307":2,"2308":3,"2309":2,"2310":3,"2311":5,"2312":6,"2313":6,"2314":3,"2315":1,"2316":1,"2318":1,"2319":1,"2322":7,"2323":9,"2324":4,"2325":1,"2326":1,"2331":1,"2332":3,"2333":9,"2334":4,"2335":1,"2336":2,"2341":1,"2343":2,"2344":4,"2345":4,"2347":3,"2348":10,"2349":7,"2350":6,"2355":1,"2356":3,"2357":7,"2358":4,"2359":3,"2360":3,"2361":2,"2362":1,"2363":1,"2364":2,"2365":3,"2366":2,"2367":1,"2368":2,"2369":2,"2370":2,"2371":2,"2372":4,"2373":8,"2374":7,"2375":4,"2376":5,"2378":1,"2379":3,"2380":2,"2381":3,"2382":8,"2386":2,"2387":1,"2388":2,"2389":4,"2390":16,"2391":7,"2392":2,"2393":3,"2400":1,"2402":4,"2403":2,"2404":5,"2405":3,"2406":1,"2407":2,"2408":1,"2409":1,"2413":1,"2414":3,"2415":4,"2416":3,"2417":1,"2418":1,"2421":2,"2422":1,"2423":2,"2426":1,"2428":2,"2429":1,"2431":3,"2432":2,"2433":3,"2434":1,"2435":1,"2437":1,"2439":1,"2440":2,"2441":1,"2443":1,"2444":1,"2445":1,"2447":2,"2448":2,"2450":2,"2451":7,"2452":3,"2453":2,"2454":8,"2455":9,"2456":8,"2457":6,"2458":1,"2459":4,"2460":1,"2466":3,"2467":4,"2468":6,"2469":6,"2470":5,"2471":2,"2472":3,"2473":4,"2474":1,"2477":4,"2478":5,"2479":6,"2480":5,"2481":1,"2489":4,"2490":3,"2491":2,"2494":1,"2495":2,"2496":1,"2497":1,"2498":3,"2499":3,"2500":7,"2501":3,"2502":2,"2503":1,"2506":3,"2511":3,"2521":2,"2522":1,"2532":1,"2539":1,"2546":1,"2549":1,"2552":1,"2557":3,"2559":2,"2562":1,"2563":4,"2564":3,"2565":2,"2566":2,"2568":1,"2569":1,"2570":1,"2571":2,"2572":2,"2573":1,"2574":3,"2575":1,"2577":2,"2579":1,"2582":2,"2583":3,"2584":2,"2586":1,"2587":1,"2588":3,"2590":1,"2591":1,"2592":3,"2593":6,"2594":6,"2595":7,"2596":4,"2599":1,"2605":2,"2619":1,"3724":1},"fork_created":2259,"fork_confirmed":890,"fork_unresolved_at_end":1369}
EPOCH_RECONCILED epoch=2 reporter=A353E45E6D0016CAEED0DFA4EC5B0640E2AA22A793F9F2375E77F1AB92977C04 complete=true entries=1023 total=1023 symbols=0 dropped=false t=1791487785906
EPOCH_RECONCILED epoch=2 reporter=65A90023F6C0D2181AAA63F005D81BBC0C04650505E21D5123F9AE1F9E992BFF complete=false entries=998 total=998 symbols=0 dropped=false t=1791487785910
EPOCH_RECONCILED epoch=2 reporter=911999B2AEFA7ACC66EBD802B3301FF6CE431405107749D940277955CB7FDD07 complete=false entries=654 total=44337 symbols=1228 dropped=false t=1791487786004
EPOCH_RECONCILED epoch=2 reporter=633D9D614858AB1710D5D8C3180E2A082DC97208BA8C26BA6C6D1A86C8E31CC0 complete=true entries=4 total=770 symbols=16 dropped=false t=1791487786018
EPOCH_CLOSE_UNREADY epoch=2 short_of=reports usable=2 weight=2 required=5 held=5 theirs=["633D9D61:7410C24E:83F10A23", "A353E45E:7410C24E:A039D956", "735FE217:9C0EA2D9:3CEAC598", "65A90023:524D5845:DB1980DE", "D315857C:4248EAC1:3BFAC292"] t=1791487786032
EPOCH_RECONCILED epoch=2 reporter=65A90023F6C0D2181AAA63F005D81BBC0C04650505E21D5123F9AE1F9E992BFF complete=false entries=997 total=997 symbols=0 dropped=false t=1791487786098
EPOCH_RECONCILED epoch=2 reporter=911999B2AEFA7ACC66EBD802B3301FF6CE431405107749D940277955CB7FDD07 complete=false entries=750 total=750 symbols=0 dropped=false t=1791487786120
EPOCH_RECONCILED epoch=2 reporter=911999B2AEFA7ACC66EBD802B3301FF6CE431405107749D940277955CB7FDD07 complete=true entries=5 total=755 symbols=16 dropped=false t=1791487786121
EPOCH_RECONCILED epoch=2 reporter=65A90023F6C0D2181AAA63F005D81BBC0C04650505E21D5123F9AE1F9E992BFF complete=true entries=5 total=1002 symbols=16 dropped=false t=1791487786146
EPOCH_RECONCILED epoch=2 reporter=65A90023F6C0D2181AAA63F005D81BBC0C04650505E21D5123F9AE1F9E992BFF complete=true entries=4 total=1002 symbols=16 dropped=false t=1791487786148
EPOCH_RECONCILED epoch=2 reporter=65A90023F6C0D2181AAA63F005D81BBC0C04650505E21D5123F9AE1F9E992BFF complete=false entries=997 total=997 symbols=0 dropped=false t=1791487786150
EPOCH_RECONCILED epoch=2 reporter=911999B2AEFA7ACC66EBD802B3301FF6CE431405107749D940277955CB7FDD07 complete=true entries=755 total=755 symbols=0 dropped=false t=1791487786155
EPOCH_RECONCILED epoch=2 reporter=65A90023F6C0D2181AAA63F005D81BBC0C04650505E21D5123F9AE1F9E992BFF complete=true entries=5 total=1002 symbols=16 dropped=false t=1791487786156
EPOCH_RECONCILED epoch=2 reporter=911999B2AEFA7ACC66EBD802B3301FF6CE431405107749D940277955CB7FDD07 complete=false entries=750 total=750 symbols=0 dropped=false t=1791487786177
EPOCH_RECONCILED epoch=2 reporter=911999B2AEFA7ACC66EBD802B3301FF6CE431405107749D940277955CB7FDD07 complete=true entries=5 total=755 symbols=16 dropped=false t=1791487786199
EPOCH_RECONCILED epoch=2 reporter=633D9D614858AB1710D5D8C3180E2A082DC97208BA8C26BA6C6D1A86C8E31CC0 complete=false entries=898 total=44340 symbols=1228 dropped=false t=1791487786233
EPOCH_RECONCILED epoch=2 reporter=A353E45E6D0016CAEED0DFA4EC5B0640E2AA22A793F9F2375E77F1AB92977C04 complete=false entries=898 total=44340 symbols=1228 dropped=false t=1791487786233
EPOCH_RECONCILED epoch=2 reporter=633D9D614858AB1710D5D8C3180E2A082DC97208BA8C26BA6C6D1A86C8E31CC0 complete=false entries=762 total=762 symbols=0 dropped=false t=1791487786268
EPOCH_RECONCILED epoch=2 reporter=65A90023F6C0D2181AAA63F005D81BBC0C04650505E21D5123F9AE1F9E992BFF complete=false entries=999 total=999 symbols=0 dropped=false t=1791487786272
EPOCH_RECONCILED epoch=2 reporter=A353E45E6D0016CAEED0DFA4EC5B0640E2AA22A793F9F2375E77F1AB92977C04 complete=false entries=0 total=44340 symbols=0 dropped=false t=1791487786293
EPOCH_RECONCILED epoch=2 reporter=A353E45E6D0016CAEED0DFA4EC5B0640E2AA22A793F9F2375E77F1AB92977C04 complete=false entries=1020 total=1020 symbols=0 dropped=false t=1791487786297
EPOCH_RECONCILED epoch=2 reporter=911999B2AEFA7ACC66EBD802B3301FF6CE431405107749D940277955CB7FDD07 complete=false entries=750 total=750 symbols=0 dropped=false t=1791487786352
EPOCH_RECONCILED epoch=2 reporter=633D9D614858AB1710D5D8C3180E2A082DC97208BA8C26BA6C6D1A86C8E31CC0 complete=true entries=8 total=770 symbols=16 dropped=false t=1791487786353
EPOCH_RECONCILED epoch=2 reporter=65A90023F6C0D2181AAA63F005D81BBC0C04650505E21D5123F9AE1F9E992BFF complete=true entries=3 total=1002 symbols=16 dropped=false t=1791487786367
EPOCH_RECONCILED epoch=2 reporter=A353E45E6D0016CAEED0DFA4EC5B0640E2AA22A793F9F2375E77F1AB92977C04 complete=true entries=3 total=1023 symbols=16 dropped=false t=1791487786368
EPOCH_RECONCILED epoch=2 reporter=911999B2AEFA7ACC66EBD802B3301FF6CE431405107749D940277955CB7FDD07 complete=true entries=5 total=755 symbols=16 dropped=false t=1791487786368
EPOCH_RECONCILED epoch=2 reporter=911999B2AEFA7ACC66EBD802B3301FF6CE431405107749D940277955CB7FDD07 complete=false entries=901 total=44337 symbols=1228 dropped=false t=1791487786511
EPOCH_FOLLOW cemented=377 cementing=0 requested=284 pending=284 t=1791487786517
EPOCH_CLOSE_UNREADY epoch=2 short_of=reports usable=4 weight=4 required=5 held=5 theirs=["65A90023:524D5845:DB1980DE", "735FE217:9C0EA2D9:3CEAC598", "D315857C:4248EAC1:3BFAC292", "633D9D61:7410C24E:83F10A23", "911999B2:0A330709:9FC40E51"] t=1791487786582
EPOCH_RECONCILED epoch=2 reporter=735FE217D91E88EA82324C5883296385FA0041C2FAC85C827BAA46DA1E14B83F complete=false entries=1181 total=43872 symbols=1728 dropped=false t=1791487786590
EPOCH_RECONCILED epoch=2 reporter=735FE217D91E88EA82324C5883296385FA0041C2FAC85C827BAA46DA1E14B83F complete=false entries=1181 total=43872 symbols=1728 dropped=false t=1791487786592
EPOCH_RECONCILED epoch=2 reporter=735FE217D91E88EA82324C5883296385FA0041C2FAC85C827BAA46DA1E14B83F complete=false entries=1181 total=43872 symbols=1728 dropped=false t=1791487786592
EPOCH_RECONCILED epoch=2 reporter=735FE217D91E88EA82324C5883296385FA0041C2FAC85C827BAA46DA1E14B83F complete=false entries=1181 total=43872 symbols=1728 dropped=false t=1791487786600
EPOCH_RECONCILED epoch=2 reporter=735FE217D91E88EA82324C5883296385FA0041C2FAC85C827BAA46DA1E14B83F complete=false entries=1409 total=1409 symbols=0 dropped=false t=1791487786681
EPOCH_CLOSE_UNREADY epoch=2 short_of=reports usable=1 weight=1 required=5 held=5 theirs=["911999B2:0A330709:9FC40E51", "65A90023:524D5845:DB1980DE", "633D9D61:7410C24E:83F10A23", "735FE217:9C0EA2D9:3CEAC598", "A353E45E:7410C24E:A039D956"] t=1791487786696
EPOCH_RECONCILED epoch=2 reporter=65A90023F6C0D2181AAA63F005D81BBC0C04650505E21D5123F9AE1F9E992BFF complete=false entries=898 total=44338 symbols=1228 dropped=false t=1791487786718
EPOCH_RECONCILED epoch=2 reporter=735FE217D91E88EA82324C5883296385FA0041C2FAC85C827BAA46DA1E14B83F complete=true entries=5 total=1414 symbols=16 dropped=false t=1791487786723
EPOCH_CLOSE_UNREADY epoch=2 short_of=reports usable=4 weight=4 required=5 held=5 theirs=["633D9D61:7410C24E:83F10A23", "D315857C:4248EAC1:3BFAC292", "911999B2:0A330709:9FC40E51", "735FE217:9C0EA2D9:3CEAC598", "A353E45E:7410C24E:A039D956"] t=1791487786729
EPOCH_RECONCILED epoch=2 reporter=735FE217D91E88EA82324C5883296385FA0041C2FAC85C827BAA46DA1E14B83F complete=false entries=1400 total=1400 symbols=0 dropped=false t=1791487786731
EPOCH_RECONCILED epoch=2 reporter=735FE217D91E88EA82324C5883296385FA0041C2FAC85C827BAA46DA1E14B83F complete=true entries=14 total=1414 symbols=32 dropped=false t=1791487786753
EPOCH_FOLLOW cemented=302 cementing=0 requested=0 pending=151 t=1791487786760
EPOCH_FOLLOW cemented=276 cementing=0 requested=0 pending=49 t=1791487786831
EPOCH_CLOSE_READY epoch=2 t=1791487786857
EPOCH_RECONCILED epoch=2 reporter=D315857CE70C54DE713F6E82E5613BB3A1266C15E28AD2F4338C7BBEC456F532 complete=false entries=998 total=43994 symbols=1728 dropped=false t=1791487786933
EPOCH_RECONCILED epoch=2 reporter=D315857CE70C54DE713F6E82E5613BB3A1266C15E28AD2F4338C7BBEC456F532 complete=false entries=1001 total=43994 symbols=1728 dropped=false t=1791487786936
EPOCH_RECONCILED epoch=2 reporter=D315857CE70C54DE713F6E82E5613BB3A1266C15E28AD2F4338C7BBEC456F532 complete=false entries=1001 total=43994 symbols=1728 dropped=false t=1791487786937
EPOCH_RECONCILED epoch=2 reporter=D315857CE70C54DE713F6E82E5613BB3A1266C15E28AD2F4338C7BBEC456F532 complete=false entries=1001 total=43994 symbols=1728 dropped=false t=1791487786943
EPOCH_RECONCILED epoch=2 reporter=911999B2AEFA7ACC66EBD802B3301FF6CE431405107749D940277955CB7FDD07 complete=false entries=750 total=750 symbols=0 dropped=false t=1791487786971
EPOCH_RECONCILED epoch=2 reporter=65A90023F6C0D2181AAA63F005D81BBC0C04650505E21D5123F9AE1F9E992BFF complete=false entries=993 total=993 symbols=0 dropped=false t=1791487786987
EPOCH_RECONCILED epoch=2 reporter=633D9D614858AB1710D5D8C3180E2A082DC97208BA8C26BA6C6D1A86C8E31CC0 complete=false entries=765 total=765 symbols=0 dropped=false t=1791487786999
EPOCH_RECONCILED epoch=2 reporter=D315857CE70C54DE713F6E82E5613BB3A1266C15E28AD2F4338C7BBEC456F532 complete=false entries=947 total=947 symbols=0 dropped=false t=1791487787001
EPOCH_RECONCILED epoch=2 reporter=735FE217D91E88EA82324C5883296385FA0041C2FAC85C827BAA46DA1E14B83F complete=false entries=1393 total=1393 symbols=0 dropped=false t=1791487787008
EPOCH_RECONCILED epoch=2 reporter=D315857CE70C54DE713F6E82E5613BB3A1266C15E28AD2F4338C7BBEC456F532 complete=true entries=5 total=952 symbols=16 dropped=false t=1791487787031
EPOCH_RECONCILED epoch=2 reporter=D315857CE70C54DE713F6E82E5613BB3A1266C15E28AD2F4338C7BBEC456F532 complete=false entries=949 total=949 symbols=0 dropped=false t=1791487787034
EPOCH_RECONCILED epoch=2 reporter=D315857CE70C54DE713F6E82E5613BB3A1266C15E28AD2F4338C7BBEC456F532 complete=false entries=949 total=949 symbols=0 dropped=false t=1791487787034
EPOCH_RECONCILED epoch=2 reporter=A353E45E6D0016CAEED0DFA4EC5B0640E2AA22A793F9F2375E77F1AB92977C04 complete=false entries=1021 total=1021 symbols=0 dropped=false t=1791487787036
EPOCH_RECONCILED epoch=2 reporter=735FE217D91E88EA82324C5883296385FA0041C2FAC85C827BAA46DA1E14B83F complete=true entries=21 total=1414 symbols=48 dropped=false t=1791487787036
EPOCH_RECONCILED epoch=2 reporter=D315857CE70C54DE713F6E82E5613BB3A1266C15E28AD2F4338C7BBEC456F532 complete=true entries=3 total=952 symbols=16 dropped=false t=1791487787036
EPOCH_RECONCILED epoch=2 reporter=911999B2AEFA7ACC66EBD802B3301FF6CE431405107749D940277955CB7FDD07 complete=true entries=5 total=755 symbols=16 dropped=false t=1791487787038
EPOCH_RECONCILED epoch=2 reporter=65A90023F6C0D2181AAA63F005D81BBC0C04650505E21D5123F9AE1F9E992BFF complete=true entries=9 total=1002 symbols=16 dropped=false t=1791487787038
EPOCH_RECONCILED epoch=2 reporter=633D9D614858AB1710D5D8C3180E2A082DC97208BA8C26BA6C6D1A86C8E31CC0 complete=true entries=5 total=770 symbols=16 dropped=false t=1791487787039
EPOCH_RECONCILED epoch=2 reporter=A353E45E6D0016CAEED0DFA4EC5B0640E2AA22A793F9F2375E77F1AB92977C04 complete=true entries=2 total=1023 symbols=16 dropped=false t=1791487787040
EPOCH_RECONCILED epoch=2 reporter=735FE217D91E88EA82324C5883296385FA0041C2FAC85C827BAA46DA1E14B83F complete=false entries=1407 total=1407 symbols=0 dropped=false t=1791487787041
EPOCH_RECONCILED epoch=2 reporter=D315857CE70C54DE713F6E82E5613BB3A1266C15E28AD2F4338C7BBEC456F532 complete=true entries=952 total=952 symbols=0 dropped=false t=1791487787045
EPOCH_RECONCILED epoch=2 reporter=735FE217D91E88EA82324C5883296385FA0041C2FAC85C827BAA46DA1E14B83F complete=true entries=7 total=1414 symbols=16 dropped=false t=1791487787051
EPOCH_CLOSE_UNREADY epoch=2 short_of=reports usable=1 weight=1 required=5 held=5 theirs=["911999B2:0A330709:9FC40E51", "65A90023:524D5845:DB1980DE", "633D9D61:7410C24E:83F10A23", "735FE217:9C0EA2D9:3CEAC598", "A353E45E:7410C24E:A039D956"] t=1791487787057
EPOCH_CLOSE_READY epoch=2 t=1791487787065
EPOCH_CLOSE_ROUND epoch=2 round=0 leader=735FE217D91E88EA82324C5883296385FA0041C2FAC85C827BAA46DA1E14B83F leads=false t=1791487787066
EPOCH_RECONCILED epoch=2 reporter=D315857CE70C54DE713F6E82E5613BB3A1266C15E28AD2F4338C7BBEC456F532 complete=true entries=3 total=952 symbols=16 dropped=false t=1791487787068
EPOCH_CLOSE_READY epoch=2 t=1791487787093
EPOCH_CLOSE_READY epoch=2 t=1791487787095
EPOCH_CLOSE_ROUND epoch=2 round=0 leader=735FE217D91E88EA82324C5883296385FA0041C2FAC85C827BAA46DA1E14B83F leads=false t=1791487787096
EPOCH_RECONCILED epoch=2 reporter=735FE217D91E88EA82324C5883296385FA0041C2FAC85C827BAA46DA1E14B83F complete=false entries=1181 total=43872 symbols=1728 dropped=false t=1791487787167
EPOCH_CLOSE_READY epoch=2 t=1791487787174
EPOCH_RECONCILED epoch=2 reporter=735FE217D91E88EA82324C5883296385FA0041C2FAC85C827BAA46DA1E14B83F complete=false entries=1411 total=1411 symbols=0 dropped=false t=1791487787176
EPOCH_RECONCILED epoch=2 reporter=735FE217D91E88EA82324C5883296385FA0041C2FAC85C827BAA46DA1E14B83F complete=true entries=3 total=1414 symbols=16 dropped=false t=1791487787177
EPOCH_CLOSE_ROUND epoch=2 round=0 leader=735FE217D91E88EA82324C5883296385FA0041C2FAC85C827BAA46DA1E14B83F leads=false t=1791487787203
EPOCH_CLOSE_READY epoch=2 t=1791487787246
EPOCH_DERIVE_TIMING epoch=2 claims=42325 claim_ms=84 manifest_ms=50 build_ms=148 t=1791487787296
EPOCH_PROPOSED epoch=2 round=0 value=B2A7083AADABF78D7D46F6208AF1AC25A5F29C1475D47B4C843412F13266F842 state=A61C91B7DF0C3A3A7D4BB514070A0BB0A393B746FEA83CE14DD0AAC9A2DF0791 reports=5 t=1791487787298
EPOCH_VALUE epoch=2 value=B2A7083AADABF78D7D46F6208AF1AC25A5F29C1475D47B4C843412F13266F842 state=A61C91B7DF0C3A3A7D4BB514070A0BB0A393B746FEA83CE14DD0AAC9A2DF0791 t=1791487787298
EPOCH_CLOSE_ROUND epoch=2 round=0 leader=735FE217D91E88EA82324C5883296385FA0041C2FAC85C827BAA46DA1E14B83F leads=true t=1791487787298
EPOCH_CLOSE_ROUND epoch=2 round=0 leader=735FE217D91E88EA82324C5883296385FA0041C2FAC85C827BAA46DA1E14B83F leads=false t=1791487787345
EPOCH_RECONCILED epoch=2 reporter=D315857CE70C54DE713F6E82E5613BB3A1266C15E28AD2F4338C7BBEC456F532 complete=false entries=1183 total=43994 symbols=1728 dropped=false t=1791487787358
EPOCH_CLOSE_ROUND epoch=2 round=0 leader=735FE217D91E88EA82324C5883296385FA0041C2FAC85C827BAA46DA1E14B83F leads=false t=1791487787388
EPOCH_RECONCILED epoch=2 reporter=D315857CE70C54DE713F6E82E5613BB3A1266C15E28AD2F4338C7BBEC456F532 complete=false entries=949 total=949 symbols=0 dropped=false t=1791487787469
EPOCH_RECONCILED epoch=2 reporter=D315857CE70C54DE713F6E82E5613BB3A1266C15E28AD2F4338C7BBEC456F532 complete=true entries=3 total=952 symbols=16 dropped=false t=1791487787476
EPOCH_MANIFEST_FETCHED epoch=2 manifest=BB6A5B5774F87D7E0E959FF932023B703D4F15DD4F1ED61FB348C58E3D8875D3 entries=28987 t=1791487787533
EPOCH_MANIFEST_FETCHED epoch=2 manifest=BB6A5B5774F87D7E0E959FF932023B703D4F15DD4F1ED61FB348C58E3D8875D3 entries=28987 t=1791487787581
EPOCH_MANIFEST_FETCHED epoch=2 manifest=BB6A5B5774F87D7E0E959FF932023B703D4F15DD4F1ED61FB348C58E3D8875D3 entries=28987 t=1791487787586
EPOCH_FOLLOW cemented=245 cementing=0 requested=0 pending=39 t=1791487787588
EPOCH_MANIFEST_VOTES_MISSING epoch=2 manifest=BB6A5B5774F87D7E0E959FF932023B703D4F15DD4F1ED61FB348C58E3D8875D3 hashes=30 t=1791487787674
EPOCH_MANIFEST_VOTES_MISSING epoch=2 manifest=BB6A5B5774F87D7E0E959FF932023B703D4F15DD4F1ED61FB348C58E3D8875D3 hashes=30 t=1791487787679
EPOCH_MANIFEST_VOTES_MISSING epoch=2 manifest=BB6A5B5774F87D7E0E959FF932023B703D4F15DD4F1ED61FB348C58E3D8875D3 hashes=30 t=1791487787681
EPOCH_MANIFEST_FETCHED epoch=2 manifest=BB6A5B5774F87D7E0E959FF932023B703D4F15DD4F1ED61FB348C58E3D8875D3 entries=28987 t=1791487787713
EPOCH_FOLLOW cemented=10 cementing=0 requested=141 pending=141 t=1791487787817
EPOCH_MANIFEST_VOTES_MISSING epoch=2 manifest=BB6A5B5774F87D7E0E959FF932023B703D4F15DD4F1ED61FB348C58E3D8875D3 hashes=30 t=1791487787867
EPOCH_FOLLOW cemented=9 cementing=0 requested=40 pending=40 t=1791487787877
EPOCH_MANIFEST_FETCHED epoch=2 manifest=BB6A5B5774F87D7E0E959FF932023B703D4F15DD4F1ED61FB348C58E3D8875D3 entries=28987 t=1791487787910
EPOCH_VALIDATE_TIMING epoch=2 evidence_ms=197 build_ms=220 t=1791487788117
EPOCH_VALUE epoch=2 value=B2A7083AADABF78D7D46F6208AF1AC25A5F29C1475D47B4C843412F13266F842 state=A61C91B7DF0C3A3A7D4BB514070A0BB0A393B746FEA83CE14DD0AAC9A2DF0791 t=1791487788118
EPOCH_MANIFEST_VOTES_MISSING epoch=2 manifest=BB6A5B5774F87D7E0E959FF932023B703D4F15DD4F1ED61FB348C58E3D8875D3 hashes=30 t=1791487788119
EPOCH_VALIDATE_TIMING epoch=2 evidence_ms=290 build_ms=208 t=1791487788197
EPOCH_VALUE epoch=2 value=B2A7083AADABF78D7D46F6208AF1AC25A5F29C1475D47B4C843412F13266F842 state=A61C91B7DF0C3A3A7D4BB514070A0BB0A393B746FEA83CE14DD0AAC9A2DF0791 t=1791487788199
EPOCH_VALIDATE_TIMING epoch=2 evidence_ms=288 build_ms=217 t=1791487788211
EPOCH_VALUE epoch=2 value=B2A7083AADABF78D7D46F6208AF1AC25A5F29C1475D47B4C843412F13266F842 state=A61C91B7DF0C3A3A7D4BB514070A0BB0A393B746FEA83CE14DD0AAC9A2DF0791 t=1791487788212
EPOCH_VALIDATE_TIMING epoch=2 evidence_ms=229 build_ms=161 t=1791487788338
EPOCH_VALUE epoch=2 value=B2A7083AADABF78D7D46F6208AF1AC25A5F29C1475D47B4C843412F13266F842 state=A61C91B7DF0C3A3A7D4BB514070A0BB0A393B746FEA83CE14DD0AAC9A2DF0791 t=1791487788339
EPOCH_INSTALL epoch=2 finalized=13769 instances_confirmed=64 t=1791487788444
EPOCH_INSTALL epoch=2 finalized=13769 instances_confirmed=64 t=1791487788444
EPOCH_INSTALL epoch=2 finalized=13769 instances_confirmed=64 t=1791487788445
EPOCH_INSTALL epoch=2 finalized=13769 instances_confirmed=64 t=1791487788445
EPOCH_INSTALL epoch=2 finalized=13769 instances_confirmed=64 t=1791487788446
EPOCH_LATE_NOTAR epoch=2 blocks=1545 notarized=1535 cast=17877 t=1791487788446
EPOCH_LATE_NOTAR epoch=2 blocks=1545 notarized=1535 cast=17625 t=1791487788446
EPOCH_GATE epoch=3 released=82 finalized=0 t=1791487788446
EPOCH_GATE epoch=3 released=82 finalized=0 t=1791487788446
EPOCH_LATE_NOTAR epoch=2 blocks=1545 notarized=1535 cast=17074 t=1791487788447
EPOCH_LATE_NOTAR epoch=2 blocks=1545 notarized=1535 cast=17952 t=1791487788447
EPOCH_GATE epoch=3 released=82 finalized=0 t=1791487788448
EPOCH_GATE epoch=3 released=82 finalized=0 t=1791487788448
EPOCH_LATE_NOTAR epoch=2 blocks=1545 notarized=1535 cast=18362 t=1791487788448
EPOCH_GATE epoch=3 released=82 finalized=0 t=1791487788449
EPOCH_COMMITTEE derived_by=2 members=6 accounts=14803 n=6 digest=95D409445152DD075E6A4799205DFA5689496EB8EE1A22AC2A200B9DBC2DCF27 shares=["735FE217:16.7%", "65A90023:16.7%", "D315857C:16.7%", "911999B2:16.7%", "633D9D61:16.7%", "A353E45E:16.7%"] t=1791487788473
EPOCH_COMMITTEE derived_by=2 members=6 accounts=14803 n=6 digest=95D409445152DD075E6A4799205DFA5689496EB8EE1A22AC2A200B9DBC2DCF27 shares=["735FE217:16.7%", "65A90023:16.7%", "D315857C:16.7%", "911999B2:16.7%", "633D9D61:16.7%", "A353E45E:16.7%"] t=1791487788473
EPOCH_LOCKS_CONTINUED epoch=2 instances=128 t=1791487788475
EPOCH_LOCKS_CONTINUED epoch=2 instances=128 t=1791487788475
EPOCH_LOCKS epoch=2 continued=128 kinds={"locks=1 kind=Some(Recovery) nc_here=false saved=false": 1, "locks=1 kind=Some(Recovery) nc_here=false saved=true": 1166, "locks=1 kind=Some(Recovery) nc_here=true saved=true": 13} t=1791487788476
EPOCH_OMITTED epoch=2 instances=2 retained=1180 t=1791487788476
EPOCH_CLOSED epoch=2 round=0 value=B2A7083AADABF78D7D46F6208AF1AC25A5F29C1475D47B4C843412F13266F842 state=A61C91B7DF0C3A3A7D4BB514070A0BB0A393B746FEA83CE14DD0AAC9A2DF0791 t=1791487788476
EPOCH_LOCKS epoch=2 continued=128 kinds={"locks=1 kind=Some(Recovery) nc_here=false saved=false": 18, "locks=1 kind=Some(Recovery) nc_here=false saved=true": 1149, "locks=1 kind=Some(Recovery) nc_here=true saved=false": 1, "locks=1 kind=Some(Recovery) nc_here=true saved=true": 12} t=1791487788476
EPOCH_OMITTED epoch=2 instances=2 retained=1180 t=1791487788477
EPOCH_CLOSED epoch=2 round=0 value=B2A7083AADABF78D7D46F6208AF1AC25A5F29C1475D47B4C843412F13266F842 state=A61C91B7DF0C3A3A7D4BB514070A0BB0A393B746FEA83CE14DD0AAC9A2DF0791 t=1791487788477
EPOCH_COMMITTEE derived_by=2 members=6 accounts=14803 n=6 digest=95D409445152DD075E6A4799205DFA5689496EB8EE1A22AC2A200B9DBC2DCF27 shares=["735FE217:16.7%", "65A90023:16.7%", "D315857C:16.7%", "911999B2:16.7%", "633D9D61:16.7%", "A353E45E:16.7%"] t=1791487788477
EPOCH_COMMITTEE derived_by=2 members=6 accounts=14803 n=6 digest=95D409445152DD075E6A4799205DFA5689496EB8EE1A22AC2A200B9DBC2DCF27 shares=["735FE217:16.7%", "65A90023:16.7%", "D315857C:16.7%", "911999B2:16.7%", "633D9D61:16.7%", "A353E45E:16.7%"] t=1791487788477
EPOCH_LOCKS epoch=2 continued=0 kinds={"locks=1 kind=Some(Recovery) nc_here=false saved=false": 636, "locks=1 kind=Some(Recovery) nc_here=false saved=true": 528, "locks=1 kind=Some(Recovery) nc_here=true saved=false": 6, "locks=1 kind=Some(Recovery) nc_here=true saved=true": 7} t=1791487788480
EPOCH_OMITTED epoch=2 instances=2 retained=1177 t=1791487788480
EPOCH_CLOSED epoch=2 round=0 value=B2A7083AADABF78D7D46F6208AF1AC25A5F29C1475D47B4C843412F13266F842 state=A61C91B7DF0C3A3A7D4BB514070A0BB0A393B746FEA83CE14DD0AAC9A2DF0791 t=1791487788480
EPOCH_LOCKS epoch=2 continued=0 kinds={"locks=1 kind=Some(Recovery) nc_here=false saved=false": 636, "locks=1 kind=Some(Recovery) nc_here=false saved=true": 530, "locks=1 kind=Some(Recovery) nc_here=true saved=false": 6, "locks=1 kind=Some(Recovery) nc_here=true saved=true": 7} t=1791487788480
EPOCH_OMITTED epoch=2 instances=2 retained=1179 t=1791487788480
EPOCH_CLOSED epoch=2 round=0 value=B2A7083AADABF78D7D46F6208AF1AC25A5F29C1475D47B4C843412F13266F842 state=A61C91B7DF0C3A3A7D4BB514070A0BB0A393B746FEA83CE14DD0AAC9A2DF0791 t=1791487788480
EPOCH_COMMITTEE derived_by=2 members=6 accounts=14803 n=6 digest=95D409445152DD075E6A4799205DFA5689496EB8EE1A22AC2A200B9DBC2DCF27 shares=["735FE217:16.7%", "65A90023:16.7%", "D315857C:16.7%", "911999B2:16.7%", "633D9D61:16.7%", "A353E45E:16.7%"] t=1791487788480
EPOCH_LOCKS_CONTINUED epoch=2 instances=128 t=1791487788483
EPOCH_LOCKS epoch=2 continued=128 kinds={"locks=1 kind=Some(Recovery) nc_here=false saved=false": 19, "locks=1 kind=Some(Recovery) nc_here=false saved=true": 1148, "locks=1 kind=Some(Recovery) nc_here=true saved=false": 1, "locks=1 kind=Some(Recovery) nc_here=true saved=true": 12} t=1791487788484
EPOCH_OMITTED epoch=2 instances=2 retained=1180 t=1791487788484
EPOCH_CLOSED epoch=2 round=0 value=B2A7083AADABF78D7D46F6208AF1AC25A5F29C1475D47B4C843412F13266F842 state=A61C91B7DF0C3A3A7D4BB514070A0BB0A393B746FEA83CE14DD0AAC9A2DF0791 t=1791487788484
EPOCH_INSTALLED epoch=2 finalized=13769 cemented=13769 queued=0 missing=0 t=1791487788522
EPOCH_INSTALLED epoch=2 finalized=13769 cemented=13769 queued=0 missing=0 t=1791487788524
EPOCH_RETAINED epoch=2 retained=1452 held=1451 missing=1 t=1791487788525
EPOCH_RETAINED epoch=2 retained=1452 held=1434 missing=18 t=1791487788536
EPOCH_INSTALLED epoch=2 finalized=13769 cemented=13769 queued=0 missing=0 t=1791487788542
EPOCH_RETAINED epoch=2 retained=1452 held=834 missing=618 t=1791487788543
EPOCH_INSTALLED epoch=2 finalized=13769 cemented=13769 queued=0 missing=0 t=1791487788547
EPOCH_RETAINED epoch=2 retained=1452 held=1433 missing=19 t=1791487788548
EPOCH_LOCKS_CONTINUED epoch=2 instances=128 t=1791487788549
EPOCH_LOCKS_CONTINUED epoch=2 instances=128 t=1791487788564
EPOCH_EVIDENCE_RELEASED epoch=2 t=1791487788579
EPOCH_EVIDENCE_RELEASED epoch=2 t=1791487788595
EPOCH_LOCKS_CONTINUED epoch=2 instances=128 t=1791487788603
EPOCH_EVIDENCE_RELEASED epoch=2 t=1791487788643
EPOCH_FOLLOW cemented=0 cementing=0 requested=18 pending=18 t=1791487788659
EPOCH_FOLLOW cemented=9 cementing=0 requested=30 pending=30 t=1791487788662
EPOCH_EVIDENCE_RELEASED epoch=2 t=1791487788700
EPOCH_INSTALLED epoch=2 finalized=13769 cemented=13769 queued=0 missing=0 t=1791487788718
EPOCH_RETAINED epoch=2 retained=1452 held=834 missing=618 t=1791487788719
EPOCH_EVIDENCE_RELEASED epoch=2 t=1791487788727
EPOCH_VALIDATE_TIMING epoch=2 evidence_ms=164 build_ms=395 t=1791487788813
EPOCH_LOCKS_CONTINUED epoch=2 instances=128 t=1791487788814
EPOCH_VALUE epoch=2 value=B2A7083AADABF78D7D46F6208AF1AC25A5F29C1475D47B4C843412F13266F842 state=A61C91B7DF0C3A3A7D4BB514070A0BB0A393B746FEA83CE14DD0AAC9A2DF0791 t=1791487788815
EPOCH_LOCKS_CONTINUED epoch=2 instances=56 t=1791487788827
EPOCH_FOLLOW cemented=392 cementing=0 requested=367 pending=367 t=1791487788876
EPOCH_INSTALL epoch=2 finalized=13769 instances_confirmed=64 t=1791487788891
EPOCH_LATE_NOTAR epoch=2 blocks=1545 notarized=1535 cast=17084 t=1791487788892
EPOCH_GATE epoch=3 released=466 finalized=83 t=1791487788894
EPOCH_COMMITTEE derived_by=2 members=6 accounts=14803 n=6 digest=95D409445152DD075E6A4799205DFA5689496EB8EE1A22AC2A200B9DBC2DCF27 shares=["735FE217:16.7%", "65A90023:16.7%", "D315857C:16.7%", "911999B2:16.7%", "633D9D61:16.7%", "A353E45E:16.7%"] t=1791487788915
EPOCH_LOCKS epoch=2 continued=0 kinds={"locks=1 kind=Some(Recovery) nc_here=false saved=false": 904, "locks=1 kind=Some(Recovery) nc_here=false saved=true": 258, "locks=1 kind=Some(Recovery) nc_here=true saved=true": 13} t=1791487788917
EPOCH_OMITTED epoch=2 instances=2 retained=1175 t=1791487788917
EPOCH_CLOSED epoch=2 round=0 value=B2A7083AADABF78D7D46F6208AF1AC25A5F29C1475D47B4C843412F13266F842 state=A61C91B7DF0C3A3A7D4BB514070A0BB0A393B746FEA83CE14DD0AAC9A2DF0791 t=1791487788917
EPOCH_FOLLOW cemented=42 cementing=0 requested=616 pending=616 t=1791487788923
EPOCH_INSTALLED epoch=2 finalized=13769 cemented=13769 queued=0 missing=0 t=1791487788971
EPOCH_RETAINED epoch=2 retained=1452 held=1064 missing=388 t=1791487788971
EPOCH_FOLLOW cemented=0 cementing=0 requested=1 pending=1 t=1791487789064
EPOCH_FOLLOW cemented=0 cementing=0 requested=19 pending=19 t=1791487789126
EPOCH_FOLLOW cemented=122 cementing=0 requested=296 pending=296 t=1791487789732
EPOCH_FOLLOW cemented=18 cementing=0 requested=0 pending=0 t=1791487789743
EPOCH_FOLLOW cemented=185 cementing=0 requested=182 pending=182 t=1791487789940
EPOCH_FOLLOW cemented=325 cementing=0 requested=291 pending=291 t=1791487789991
EPOCH_FOLLOW cemented=1 cementing=0 requested=0 pending=0 t=1791487790142
EPOCH_FOLLOW cemented=19 cementing=0 requested=0 pending=0 t=1791487790183
EPOCH_FOLLOW cemented=214 cementing=0 requested=82 pending=82 t=1791487790806
EPOCH_FOLLOW cemented=134 cementing=0 requested=0 pending=48 t=1791487791010
EPOCH_FOLLOW cemented=156 cementing=0 requested=0 pending=135 t=1791487791053
EPOCH_FOLLOW cemented=78 cementing=0 requested=0 pending=4 t=1791487791871
EPOCH_FOLLOW cemented=0 cementing=0 requested=48 pending=48 t=1791487792078
EPOCH_ENDED epoch=3 elections=1994 active=526 t=1791487792080
EPOCH_CARRIED epoch=3 instances=0 split=71 t=1791487792112
EPOCH_ADVANCED epoch=4 elections=1994 active=526 vote_records=534174 t=1791487792112
EPOCH_ENDED epoch=3 elections=1996 active=528 t=1791487792120
EPOCH_FOLLOW cemented=0 cementing=0 requested=135 pending=135 t=1791487792127
EPOCH_CARRIED epoch=3 instances=0 split=71 t=1791487792153
EPOCH_ADVANCED epoch=4 elections=1996 active=528 vote_records=534155 t=1791487792153
EPOCH_CLOSE_UNREADY epoch=3 short_of=reports usable=0 weight=0 required=5 held=0 theirs=[] t=1791487792178
EPOCH_ENDED epoch=3 elections=2009 active=540 t=1791487792201
EPOCH_LOCKS_CONTINUED epoch=2 instances=19 t=1791487792211
EPOCH_ENDED epoch=3 elections=2009 active=540 t=1791487792223
EPOCH_CARRIED epoch=3 instances=12 split=71 t=1791487792239
EPOCH_ADVANCED epoch=4 elections=2021 active=552 vote_records=534140 t=1791487792239
EPOCH_ENDED epoch=3 elections=2009 active=540 t=1791487792239
EPOCH_CLOSE_UNREADY epoch=3 short_of=reports usable=0 weight=0 required=5 held=0 theirs=[] t=1791487792241
EPOCH_CLOSE_UNREADY epoch=3 short_of=reports usable=0 weight=0 required=5 held=0 theirs=[] t=1791487792264
EPOCH_CARRIED epoch=3 instances=12 split=71 t=1791487792282
EPOCH_ADVANCED epoch=4 elections=2021 active=552 vote_records=534161 t=1791487792282
EPOCH_ENDED epoch=3 elections=2002 active=533 t=1791487792287
EPOCH_CLOSE_UNREADY epoch=3 short_of=reports usable=0 weight=0 required=5 held=0 theirs=[] t=1791487792318
EPOCH_CARRIED epoch=3 instances=12 split=71 t=1791487792324
EPOCH_ADVANCED epoch=4 elections=2021 active=552 vote_records=534147 t=1791487792324
EPOCH_CARRIED epoch=3 instances=10 split=71 t=1791487792327
EPOCH_ADVANCED epoch=4 elections=2002 active=533 vote_records=534165 t=1791487792327
EPOCH_REPORT epoch=3 certified=45063 residual=91 root=DE95F3A1A88EC3C4054661A7C68E17B0632491970F29C3BA3F932C12DE025F75 reports=1 t=1791487792391
EPOCH_REPORT epoch=3 certified=45063 residual=91 root=74A06FFD5AB6F73313959C79D83BFA1D4CD63EEC50DAED2B789C164772960B88 reports=1 t=1791487792493
EPOCH_LOCKS_CONTINUED epoch=2 instances=50 t=1791487792518
EPOCH_LOCKS_CONTINUED epoch=2 instances=50 t=1791487792571
EPOCH_REPORT epoch=3 certified=45063 residual=87 root=82149D9713BA564DE148AC79B484F63DB516107350B1F089B101CC54CA1F2564 reports=1 t=1791487792611
EPOCH_CLOSE_UNREADY epoch=3 short_of=reports usable=0 weight=0 required=5 held=3 theirs=["633D9D61:74A06FFD:DFD83055", "65A90023:82149D97:D4DF46CE", "911999B2:DE95F3A1:DFD83055"] t=1791487792663
EPOCH_REPORT epoch=3 certified=45063 residual=83 root=82149D9713BA564DE148AC79B484F63DB516107350B1F089B101CC54CA1F2564 reports=1 t=1791487792670
EPOCH_REPORT epoch=3 certified=45063 residual=455 root=82149D9713BA564DE148AC79B484F63DB516107350B1F089B101CC54CA1F2564 reports=1 t=1791487792672
EPOCH_REPORT epoch=3 certified=45063 residual=87 root=82149D9713BA564DE148AC79B484F63DB516107350B1F089B101CC54CA1F2564 reports=1 t=1791487792683
EPOCH_CLOSE_UNREADY epoch=3 short_of=reports usable=1 weight=1 required=5 held=5 theirs=["735FE217:82149D97:3C55D414", "633D9D61:74A06FFD:DFD83055", "65A90023:82149D97:D4DF46CE", "A353E45E:82149D97:0846C205", "911999B2:DE95F3A1:DFD83055"] t=1791487792688
EPOCH_RECONCILED epoch=3 reporter=D315857CE70C54DE713F6E82E5613BB3A1266C15E28AD2F4338C7BBEC456F532 complete=false entries=0 total=45063 symbols=0 dropped=false t=1791487792777
EPOCH_RECONCILED epoch=3 reporter=D315857CE70C54DE713F6E82E5613BB3A1266C15E28AD2F4338C7BBEC456F532 complete=true entries=455 total=455 symbols=0 dropped=false t=1791487792777
EPOCH_RECONCILED epoch=3 reporter=65A90023F6C0D2181AAA63F005D81BBC0C04650505E21D5123F9AE1F9E992BFF complete=false entries=0 total=45063 symbols=0 dropped=false t=1791487792780
EPOCH_RECONCILED epoch=3 reporter=65A90023F6C0D2181AAA63F005D81BBC0C04650505E21D5123F9AE1F9E992BFF complete=true entries=87 total=87 symbols=0 dropped=false t=1791487792781
EPOCH_RECONCILED epoch=3 reporter=65A90023F6C0D2181AAA63F005D81BBC0C04650505E21D5123F9AE1F9E992BFF complete=false entries=0 total=45063 symbols=0 dropped=false t=1791487792786
EPOCH_RECONCILED epoch=3 reporter=65A90023F6C0D2181AAA63F005D81BBC0C04650505E21D5123F9AE1F9E992BFF complete=true entries=87 total=87 symbols=0 dropped=false t=1791487792787
EPOCH_RECONCILED epoch=3 reporter=D315857CE70C54DE713F6E82E5613BB3A1266C15E28AD2F4338C7BBEC456F532 complete=false entries=0 total=45063 symbols=0 dropped=false t=1791487792790
EPOCH_RECONCILED epoch=3 reporter=911999B2AEFA7ACC66EBD802B3301FF6CE431405107749D940277955CB7FDD07 complete=false entries=52 total=45063 symbols=108 dropped=false t=1791487792799
EPOCH_RECONCILED epoch=3 reporter=911999B2AEFA7ACC66EBD802B3301FF6CE431405107749D940277955CB7FDD07 complete=false entries=52 total=45063 symbols=108 dropped=false t=1791487792800
EPOCH_RECONCILED epoch=3 reporter=735FE217D91E88EA82324C5883296385FA0041C2FAC85C827BAA46DA1E14B83F complete=false entries=0 total=45063 symbols=0 dropped=false t=1791487792808
EPOCH_RECONCILED epoch=3 reporter=735FE217D91E88EA82324C5883296385FA0041C2FAC85C827BAA46DA1E14B83F complete=false entries=0 total=45063 symbols=0 dropped=false t=1791487792813
EPOCH_RECONCILED epoch=3 reporter=735FE217D91E88EA82324C5883296385FA0041C2FAC85C827BAA46DA1E14B83F complete=true entries=83 total=83 symbols=0 dropped=false t=1791487792814
EPOCH_RECONCILED epoch=3 reporter=911999B2AEFA7ACC66EBD802B3301FF6CE431405107749D940277955CB7FDD07 complete=false entries=52 total=45063 symbols=108 dropped=false t=1791487792814
EPOCH_RECONCILED epoch=3 reporter=D315857CE70C54DE713F6E82E5613BB3A1266C15E28AD2F4338C7BBEC456F532 complete=true entries=455 total=455 symbols=0 dropped=false t=1791487792864
EPOCH_RECONCILED epoch=3 reporter=A353E45E6D0016CAEED0DFA4EC5B0640E2AA22A793F9F2375E77F1AB92977C04 complete=false entries=0 total=45063 symbols=0 dropped=false t=1791487792867
EPOCH_RECONCILED epoch=3 reporter=A353E45E6D0016CAEED0DFA4EC5B0640E2AA22A793F9F2375E77F1AB92977C04 complete=true entries=87 total=87 symbols=0 dropped=false t=1791487792869
EPOCH_RECONCILED epoch=3 reporter=911999B2AEFA7ACC66EBD802B3301FF6CE431405107749D940277955CB7FDD07 complete=false entries=52 total=45063 symbols=108 dropped=false t=1791487792875
EPOCH_RECONCILED epoch=3 reporter=735FE217D91E88EA82324C5883296385FA0041C2FAC85C827BAA46DA1E14B83F complete=true entries=83 total=83 symbols=0 dropped=false t=1791487792875
EPOCH_RECONCILED epoch=3 reporter=65A90023F6C0D2181AAA63F005D81BBC0C04650505E21D5123F9AE1F9E992BFF complete=false entries=0 total=45063 symbols=0 dropped=false t=1791487792894
EPOCH_RECONCILED epoch=3 reporter=65A90023F6C0D2181AAA63F005D81BBC0C04650505E21D5123F9AE1F9E992BFF complete=true entries=87 total=87 symbols=0 dropped=false t=1791487792935
EPOCH_FOLLOW cemented=3 cementing=0 requested=1 pending=1 t=1791487792948
EPOCH_RECONCILED epoch=3 reporter=A353E45E6D0016CAEED0DFA4EC5B0640E2AA22A793F9F2375E77F1AB92977C04 complete=false entries=0 total=45063 symbols=0 dropped=false t=1791487792954
EPOCH_RECONCILED epoch=3 reporter=A353E45E6D0016CAEED0DFA4EC5B0640E2AA22A793F9F2375E77F1AB92977C04 complete=true entries=87 total=87 symbols=0 dropped=false t=1791487792954
EPOCH_RECONCILED epoch=3 reporter=911999B2AEFA7ACC66EBD802B3301FF6CE431405107749D940277955CB7FDD07 complete=true entries=91 total=91 symbols=0 dropped=false t=1791487792955
EPOCH_RECONCILED epoch=3 reporter=911999B2AEFA7ACC66EBD802B3301FF6CE431405107749D940277955CB7FDD07 complete=true entries=91 total=91 symbols=0 dropped=false t=1791487792958
EPOCH_RECONCILED epoch=3 reporter=D315857CE70C54DE713F6E82E5613BB3A1266C15E28AD2F4338C7BBEC456F532 complete=false entries=0 total=45063 symbols=0 dropped=false t=1791487792967
EPOCH_RECONCILED epoch=3 reporter=D315857CE70C54DE713F6E82E5613BB3A1266C15E28AD2F4338C7BBEC456F532 complete=true entries=455 total=455 symbols=0 dropped=false t=1791487792967
EPOCH_RECONCILED epoch=3 reporter=A353E45E6D0016CAEED0DFA4EC5B0640E2AA22A793F9F2375E77F1AB92977C04 complete=false entries=0 total=45063 symbols=0 dropped=false t=1791487792971
EPOCH_RECONCILED epoch=3 reporter=A353E45E6D0016CAEED0DFA4EC5B0640E2AA22A793F9F2375E77F1AB92977C04 complete=true entries=87 total=87 symbols=0 dropped=false t=1791487792971
EPOCH_RECONCILED epoch=3 reporter=A353E45E6D0016CAEED0DFA4EC5B0640E2AA22A793F9F2375E77F1AB92977C04 complete=false entries=0 total=45063 symbols=0 dropped=false t=1791487792975
EPOCH_RECONCILED epoch=3 reporter=735FE217D91E88EA82324C5883296385FA0041C2FAC85C827BAA46DA1E14B83F complete=false entries=0 total=45063 symbols=0 dropped=false t=1791487792975
EPOCH_RECONCILED epoch=3 reporter=A353E45E6D0016CAEED0DFA4EC5B0640E2AA22A793F9F2375E77F1AB92977C04 complete=true entries=87 total=87 symbols=0 dropped=false t=1791487792976
EPOCH_RECONCILED epoch=3 reporter=735FE217D91E88EA82324C5883296385FA0041C2FAC85C827BAA46DA1E14B83F complete=true entries=83 total=83 symbols=0 dropped=false t=1791487792977
EPOCH_RECONCILED epoch=3 reporter=911999B2AEFA7ACC66EBD802B3301FF6CE431405107749D940277955CB7FDD07 complete=true entries=91 total=91 symbols=0 dropped=false t=1791487792978
EPOCH_RECONCILED epoch=3 reporter=D315857CE70C54DE713F6E82E5613BB3A1266C15E28AD2F4338C7BBEC456F532 complete=false entries=0 total=45063 symbols=0 dropped=false t=1791487792979
EPOCH_RECONCILED epoch=3 reporter=D315857CE70C54DE713F6E82E5613BB3A1266C15E28AD2F4338C7BBEC456F532 complete=true entries=455 total=455 symbols=0 dropped=false t=1791487792979
EPOCH_RECONCILED epoch=3 reporter=65A90023F6C0D2181AAA63F005D81BBC0C04650505E21D5123F9AE1F9E992BFF complete=false entries=0 total=45063 symbols=0 dropped=false t=1791487792983
EPOCH_RECONCILED epoch=3 reporter=65A90023F6C0D2181AAA63F005D81BBC0C04650505E21D5123F9AE1F9E992BFF complete=true entries=87 total=87 symbols=0 dropped=false t=1791487792983
EPOCH_RECONCILED epoch=3 reporter=735FE217D91E88EA82324C5883296385FA0041C2FAC85C827BAA46DA1E14B83F complete=false entries=0 total=45063 symbols=0 dropped=false t=1791487792986
EPOCH_RECONCILED epoch=3 reporter=735FE217D91E88EA82324C5883296385FA0041C2FAC85C827BAA46DA1E14B83F complete=true entries=83 total=83 symbols=0 dropped=false t=1791487792987
EPOCH_CLOSE_READY epoch=3 t=1791487793042
EPOCH_CLOSE_READY epoch=3 t=1791487793044
EPOCH_CLOSE_READY epoch=3 t=1791487793056
EPOCH_CLOSE_ROUND epoch=3 round=0 leader=911999B2AEFA7ACC66EBD802B3301FF6CE431405107749D940277955CB7FDD07 leads=false t=1791487793057
EPOCH_RECONCILED epoch=3 reporter=911999B2AEFA7ACC66EBD802B3301FF6CE431405107749D940277955CB7FDD07 complete=true entries=91 total=91 symbols=0 dropped=false t=1791487793103
EPOCH_RECONCILED epoch=3 reporter=911999B2AEFA7ACC66EBD802B3301FF6CE431405107749D940277955CB7FDD07 complete=false entries=154 total=45063 symbols=364 dropped=false t=1791487793105
EPOCH_CLOSE_READY epoch=3 t=1791487793106
EPOCH_CLOSE_ROUND epoch=3 round=0 leader=911999B2AEFA7ACC66EBD802B3301FF6CE431405107749D940277955CB7FDD07 leads=false t=1791487793108
EPOCH_CLOSE_ROUND epoch=3 round=0 leader=911999B2AEFA7ACC66EBD802B3301FF6CE431405107749D940277955CB7FDD07 leads=false t=1791487793115
EPOCH_CLOSE_READY epoch=3 t=1791487793121
EPOCH_FOLLOW cemented=48 cementing=0 requested=0 pending=0 t=1791487793125
EPOCH_RECONCILED epoch=3 reporter=633D9D614858AB1710D5D8C3180E2A082DC97208BA8C26BA6C6D1A86C8E31CC0 complete=false entries=216 total=45063 symbols=364 dropped=false t=1791487793180
EPOCH_CLOSE_ROUND epoch=3 round=0 leader=911999B2AEFA7ACC66EBD802B3301FF6CE431405107749D940277955CB7FDD07 leads=false t=1791487793187
EPOCH_FOLLOW cemented=75 cementing=0 requested=0 pending=60 t=1791487793209
EPOCH_RECONCILED epoch=3 reporter=735FE217D91E88EA82324C5883296385FA0041C2FAC85C827BAA46DA1E14B83F complete=false entries=110 total=45063 symbols=243 dropped=false t=1791487793235
EPOCH_RECONCILED epoch=3 reporter=D315857CE70C54DE713F6E82E5613BB3A1266C15E28AD2F4338C7BBEC456F532 complete=false entries=110 total=45063 symbols=243 dropped=false t=1791487793235
EPOCH_RECONCILED epoch=3 reporter=65A90023F6C0D2181AAA63F005D81BBC0C04650505E21D5123F9AE1F9E992BFF complete=false entries=110 total=45063 symbols=243 dropped=false t=1791487793235
EPOCH_RECONCILED epoch=3 reporter=A353E45E6D0016CAEED0DFA4EC5B0640E2AA22A793F9F2375E77F1AB92977C04 complete=false entries=110 total=45063 symbols=243 dropped=false t=1791487793235
EPOCH_RECONCILED epoch=3 reporter=911999B2AEFA7ACC66EBD802B3301FF6CE431405107749D940277955CB7FDD07 complete=true entries=91 total=91 symbols=0 dropped=false t=1791487793238
EPOCH_RECONCILED epoch=3 reporter=735FE217D91E88EA82324C5883296385FA0041C2FAC85C827BAA46DA1E14B83F complete=true entries=83 total=83 symbols=0 dropped=false t=1791487793239
EPOCH_RECONCILED epoch=3 reporter=D315857CE70C54DE713F6E82E5613BB3A1266C15E28AD2F4338C7BBEC456F532 complete=true entries=455 total=455 symbols=0 dropped=false t=1791487793243
EPOCH_RECONCILED epoch=3 reporter=65A90023F6C0D2181AAA63F005D81BBC0C04650505E21D5123F9AE1F9E992BFF complete=true entries=87 total=87 symbols=0 dropped=false t=1791487793244
EPOCH_RECONCILED epoch=3 reporter=633D9D614858AB1710D5D8C3180E2A082DC97208BA8C26BA6C6D1A86C8E31CC0 complete=true entries=91 total=91 symbols=0 dropped=false t=1791487793244
EPOCH_RECONCILED epoch=3 reporter=A353E45E6D0016CAEED0DFA4EC5B0640E2AA22A793F9F2375E77F1AB92977C04 complete=true entries=87 total=87 symbols=0 dropped=false t=1791487793246
EPOCH_RECONCILED epoch=3 reporter=633D9D614858AB1710D5D8C3180E2A082DC97208BA8C26BA6C6D1A86C8E31CC0 complete=false entries=216 total=45063 symbols=364 dropped=false t=1791487793269
EPOCH_RECONCILED epoch=3 reporter=633D9D614858AB1710D5D8C3180E2A082DC97208BA8C26BA6C6D1A86C8E31CC0 complete=false entries=216 total=45063 symbols=364 dropped=false t=1791487793271
EPOCH_RECONCILED epoch=3 reporter=633D9D614858AB1710D5D8C3180E2A082DC97208BA8C26BA6C6D1A86C8E31CC0 complete=false entries=216 total=45063 symbols=364 dropped=false t=1791487793278
EPOCH_CLOSE_READY epoch=3 t=1791487793299
EPOCH_DERIVE_TIMING epoch=3 claims=6513 claim_ms=75 manifest_ms=6 build_ms=141 t=1791487793343
EPOCH_PROPOSED epoch=3 round=0 value=C9D03F4B3B99820F497CE4D10F9DD7151DFAD59096F215E1AEE009EF228266FD state=276712384B7BF98A3D0344443A4B90E4EF1A4801396307840F4F41ECF1574C6B reports=5 t=1791487793344
EPOCH_VALUE epoch=3 value=C9D03F4B3B99820F497CE4D10F9DD7151DFAD59096F215E1AEE009EF228266FD state=276712384B7BF98A3D0344443A4B90E4EF1A4801396307840F4F41ECF1574C6B t=1791487793344
EPOCH_CLOSE_ROUND epoch=3 round=0 leader=911999B2AEFA7ACC66EBD802B3301FF6CE431405107749D940277955CB7FDD07 leads=true t=1791487793345
EPOCH_CLOSE_ROUND epoch=3 round=0 leader=911999B2AEFA7ACC66EBD802B3301FF6CE431405107749D940277955CB7FDD07 leads=false t=1791487793358
EPOCH_VALIDATE_TIMING epoch=3 evidence_ms=161 build_ms=212 t=1791487793726
EPOCH_VALUE epoch=3 value=C9D03F4B3B99820F497CE4D10F9DD7151DFAD59096F215E1AEE009EF228266FD state=276712384B7BF98A3D0344443A4B90E4EF1A4801396307840F4F41ECF1574C6B t=1791487793728
EPOCH_VALIDATE_TIMING epoch=3 evidence_ms=151 build_ms=216 t=1791487793729
EPOCH_VALUE epoch=3 value=C9D03F4B3B99820F497CE4D10F9DD7151DFAD59096F215E1AEE009EF228266FD state=276712384B7BF98A3D0344443A4B90E4EF1A4801396307840F4F41ECF1574C6B t=1791487793730
EPOCH_VALIDATE_TIMING epoch=3 evidence_ms=166 build_ms=220 t=1791487793739
EPOCH_VALUE epoch=3 value=C9D03F4B3B99820F497CE4D10F9DD7151DFAD59096F215E1AEE009EF228266FD state=276712384B7BF98A3D0344443A4B90E4EF1A4801396307840F4F41ECF1574C6B t=1791487793740
EPOCH_VALIDATE_TIMING epoch=3 evidence_ms=189 build_ms=201 t=1791487793753
EPOCH_VALUE epoch=3 value=C9D03F4B3B99820F497CE4D10F9DD7151DFAD59096F215E1AEE009EF228266FD state=276712384B7BF98A3D0344443A4B90E4EF1A4801396307840F4F41ECF1574C6B t=1791487793754
EPOCH_RECONCILED epoch=3 reporter=633D9D614858AB1710D5D8C3180E2A082DC97208BA8C26BA6C6D1A86C8E31CC0 complete=false entries=216 total=45063 symbols=364 dropped=false t=1791487793759
EPOCH_VALIDATE_TIMING epoch=3 evidence_ms=188 build_ms=260 t=1791487793808
EPOCH_VALUE epoch=3 value=C9D03F4B3B99820F497CE4D10F9DD7151DFAD59096F215E1AEE009EF228266FD state=276712384B7BF98A3D0344443A4B90E4EF1A4801396307840F4F41ECF1574C6B t=1791487793810
EPOCH_RECONCILED epoch=3 reporter=633D9D614858AB1710D5D8C3180E2A082DC97208BA8C26BA6C6D1A86C8E31CC0 complete=true entries=91 total=91 symbols=0 dropped=false t=1791487793834
EPOCH_CLOSE_ROUND epoch=3 round=1 leader=A353E45E6D0016CAEED0DFA4EC5B0640E2AA22A793F9F2375E77F1AB92977C04 leads=true t=1791487793851
EPOCH_RECONCILED epoch=3 reporter=633D9D614858AB1710D5D8C3180E2A082DC97208BA8C26BA6C6D1A86C8E31CC0 complete=true entries=91 total=91 symbols=0 dropped=false t=1791487793857
EPOCH_INSTALL epoch=3 finalized=1371 instances_confirmed=1322 t=1791487793891
EPOCH_LATE_NOTAR epoch=3 blocks=12 notarized=12 cast=18362 t=1791487793892
EPOCH_GATE epoch=4 released=63 finalized=0 t=1791487793892
EPOCH_INSTALL epoch=3 finalized=1371 instances_confirmed=1322 t=1791487793900
EPOCH_LATE_NOTAR epoch=3 blocks=12 notarized=12 cast=17952 t=1791487793900
EPOCH_GATE epoch=4 released=69 finalized=0 t=1791487793901
EPOCH_INSTALL epoch=3 finalized=1371 instances_confirmed=1322 t=1791487793908
EPOCH_LATE_NOTAR epoch=3 blocks=12 notarized=12 cast=17084 t=1791487793908
EPOCH_GATE epoch=4 released=69 finalized=0 t=1791487793909
EPOCH_INSTALL epoch=3 finalized=1371 instances_confirmed=1322 t=1791487793909
EPOCH_COMMITTEE derived_by=3 members=6 accounts=15144 n=6 digest=95D409445152DD075E6A4799205DFA5689496EB8EE1A22AC2A200B9DBC2DCF27 shares=["735FE217:16.7%", "65A90023:16.7%", "D315857C:16.7%", "911999B2:16.7%", "633D9D61:16.7%", "A353E45E:16.7%"] t=1791487793910
EPOCH_LATE_NOTAR epoch=3 blocks=12 notarized=12 cast=17889 t=1791487793910
EPOCH_LOCKS epoch=3 continued=0 kinds={"locks=1 kind=Some(Recovery) nc_here=false saved=false": 52, "locks=1 kind=Some(Recovery) nc_here=false saved=true": 31} t=1791487793910
EPOCH_OMITTED epoch=3 instances=0 retained=83 t=1791487793910
EPOCH_CLOSED epoch=3 round=0 value=C9D03F4B3B99820F497CE4D10F9DD7151DFAD59096F215E1AEE009EF228266FD state=276712384B7BF98A3D0344443A4B90E4EF1A4801396307840F4F41ECF1574C6B t=1791487793910
EPOCH_COMMITTEE derived_by=3 members=6 accounts=15144 n=6 digest=95D409445152DD075E6A4799205DFA5689496EB8EE1A22AC2A200B9DBC2DCF27 shares=["735FE217:16.7%", "65A90023:16.7%", "D315857C:16.7%", "911999B2:16.7%", "633D9D61:16.7%", "A353E45E:16.7%"] t=1791487793910
EPOCH_LOCKS_CONTINUED epoch=3 instances=2 t=1791487793911
EPOCH_GATE epoch=4 released=69 finalized=0 t=1791487793911
EPOCH_LOCKS epoch=3 continued=2 kinds={"locks=1 kind=Some(Recovery) nc_here=false saved=false": 18, "locks=1 kind=Some(Recovery) nc_here=false saved=true": 65} t=1791487793911
EPOCH_OMITTED epoch=3 instances=0 retained=83 t=1791487793911
EPOCH_CLOSED epoch=3 round=0 value=C9D03F4B3B99820F497CE4D10F9DD7151DFAD59096F215E1AEE009EF228266FD state=276712384B7BF98A3D0344443A4B90E4EF1A4801396307840F4F41ECF1574C6B t=1791487793911
EPOCH_INSTALL epoch=3 finalized=1371 instances_confirmed=1322 t=1791487793915
EPOCH_LATE_NOTAR epoch=3 blocks=12 notarized=12 cast=17074 t=1791487793915
EPOCH_GATE epoch=4 released=69 finalized=0 t=1791487793915
EPOCH_COMMITTEE derived_by=3 members=6 accounts=15144 n=6 digest=95D409445152DD075E6A4799205DFA5689496EB8EE1A22AC2A200B9DBC2DCF27 shares=["735FE217:16.7%", "65A90023:16.7%", "D315857C:16.7%", "911999B2:16.7%", "633D9D61:16.7%", "A353E45E:16.7%"] t=1791487793924
EPOCH_LOCKS_CONTINUED epoch=3 instances=2 t=1791487793924
EPOCH_LOCKS epoch=3 continued=2 kinds={"locks=1 kind=Some(Recovery) nc_here=false saved=false": 19, "locks=1 kind=Some(Recovery) nc_here=false saved=true": 64} t=1791487793924
EPOCH_OMITTED epoch=3 instances=0 retained=83 t=1791487793924
EPOCH_CLOSED epoch=3 round=0 value=C9D03F4B3B99820F497CE4D10F9DD7151DFAD59096F215E1AEE009EF228266FD state=276712384B7BF98A3D0344443A4B90E4EF1A4801396307840F4F41ECF1574C6B t=1791487793924
EPOCH_COMMITTEE derived_by=3 members=6 accounts=15144 n=6 digest=95D409445152DD075E6A4799205DFA5689496EB8EE1A22AC2A200B9DBC2DCF27 shares=["735FE217:16.7%", "65A90023:16.7%", "D315857C:16.7%", "911999B2:16.7%", "633D9D61:16.7%", "A353E45E:16.7%"] t=1791487793925
EPOCH_LOCKS epoch=3 continued=0 kinds={"locks=1 kind=Some(Recovery) nc_here=false saved=false": 52, "locks=1 kind=Some(Recovery) nc_here=false saved=true": 31} t=1791487793925
EPOCH_OMITTED epoch=3 instances=0 retained=83 t=1791487793925
EPOCH_CLOSED epoch=3 round=0 value=C9D03F4B3B99820F497CE4D10F9DD7151DFAD59096F215E1AEE009EF228266FD state=276712384B7BF98A3D0344443A4B90E4EF1A4801396307840F4F41ECF1574C6B t=1791487793925
EPOCH_COMMITTEE derived_by=3 members=6 accounts=15144 n=6 digest=95D409445152DD075E6A4799205DFA5689496EB8EE1A22AC2A200B9DBC2DCF27 shares=["735FE217:16.7%", "65A90023:16.7%", "D315857C:16.7%", "911999B2:16.7%", "633D9D61:16.7%", "A353E45E:16.7%"] t=1791487793927
EPOCH_LOCKS_CONTINUED epoch=3 instances=2 t=1791487793927
EPOCH_LOCKS epoch=3 continued=2 kinds={"locks=1 kind=Some(Recovery) nc_here=false saved=false": 79, "locks=1 kind=Some(Recovery) nc_here=false saved=true": 4} t=1791487793927
EPOCH_OMITTED epoch=3 instances=0 retained=83 t=1791487793927
EPOCH_CLOSED epoch=3 round=0 value=C9D03F4B3B99820F497CE4D10F9DD7151DFAD59096F215E1AEE009EF228266FD state=276712384B7BF98A3D0344443A4B90E4EF1A4801396307840F4F41ECF1574C6B t=1791487793927
EPOCH_INSTALL epoch=3 finalized=1371 instances_confirmed=1322 t=1791487793933
EPOCH_LATE_NOTAR epoch=3 blocks=12 notarized=12 cast=17625 t=1791487793933
EPOCH_GATE epoch=4 released=69 finalized=0 t=1791487793933
EPOCH_COMMITTEE derived_by=3 members=6 accounts=15144 n=6 digest=95D409445152DD075E6A4799205DFA5689496EB8EE1A22AC2A200B9DBC2DCF27 shares=["735FE217:16.7%", "65A90023:16.7%", "D315857C:16.7%", "911999B2:16.7%", "633D9D61:16.7%", "A353E45E:16.7%"] t=1791487793945
EPOCH_LOCKS epoch=3 continued=0 kinds={"locks=1 kind=Some(Recovery) nc_here=false saved=false": 3, "locks=1 kind=Some(Recovery) nc_here=false saved=true": 80} t=1791487793945
EPOCH_OMITTED epoch=3 instances=0 retained=83 t=1791487793945
EPOCH_CLOSED epoch=3 round=0 value=C9D03F4B3B99820F497CE4D10F9DD7151DFAD59096F215E1AEE009EF228266FD state=276712384B7BF98A3D0344443A4B90E4EF1A4801396307840F4F41ECF1574C6B t=1791487793945
EPOCH_RECONCILED epoch=3 reporter=633D9D614858AB1710D5D8C3180E2A082DC97208BA8C26BA6C6D1A86C8E31CC0 complete=true entries=91 total=91 symbols=0 dropped=false t=1791487793952
EPOCH_INSTALLED epoch=3 finalized=1371 cemented=1316 queued=17 missing=38 t=1791487793960
EPOCH_RETAINED epoch=3 retained=83 held=75 missing=8 t=1791487793960
EPOCH_INSTALLED epoch=3 finalized=1371 cemented=1371 queued=0 missing=0 t=1791487793963
EPOCH_RETAINED epoch=3 retained=83 held=83 missing=0 t=1791487793963
EPOCH_INSTALLED epoch=3 finalized=1371 cemented=1371 queued=0 missing=0 t=1791487793982
EPOCH_RETAINED epoch=3 retained=83 held=83 missing=0 t=1791487793983
EPOCH_INSTALLED epoch=3 finalized=1371 cemented=1371 queued=0 missing=0 t=1791487793992
EPOCH_RETAINED epoch=3 retained=83 held=83 missing=0 t=1791487793992
EPOCH_FOLLOW cemented=1 cementing=0 requested=0 pending=0 t=1791487794020
EPOCH_EVIDENCE_RELEASED epoch=3 t=1791487794026
EPOCH_INSTALLED epoch=3 finalized=1371 cemented=1371 queued=0 missing=0 t=1791487794029
EPOCH_RETAINED epoch=3 retained=83 held=81 missing=2 t=1791487794029
EPOCH_INSTALLED epoch=3 finalized=1371 cemented=1371 queued=0 missing=0 t=1791487794051
EPOCH_RETAINED epoch=3 retained=83 held=81 missing=2 t=1791487794051
EPOCH_EVIDENCE_RELEASED epoch=3 t=1791487794054
EPOCH_EVIDENCE_RELEASED epoch=3 t=1791487794055
EPOCH_EVIDENCE_RELEASED epoch=3 t=1791487794058
EPOCH_EVIDENCE_RELEASED epoch=3 t=1791487794061
EPOCH_EVIDENCE_RELEASED epoch=3 t=1791487794069
EPOCH_FOLLOW cemented=1 cementing=0 requested=1 pending=1 t=1791487794173
EPOCH_FOLLOW cemented=56 cementing=0 requested=1 pending=7 t=1791487794269
EPOCH_FOLLOW cemented=2 cementing=0 requested=0 pending=0 t=1791487794365
EPOCH_FOLLOW cemented=1 cementing=0 requested=0 pending=0 t=1791487795237
EPOCH_FOLLOW cemented=7 cementing=0 requested=0 pending=0 t=1791487795323
EPOCH_ENDED epoch=4 elections=164 active=20 t=1791487800043
EPOCH_ADVANCED epoch=5 elections=164 active=20 vote_records=535097 t=1791487800080
EPOCH_CLOSE_UNREADY epoch=4 short_of=reports usable=0 weight=0 required=5 held=0 theirs=[] t=1791487800090
EPOCH_ENDED epoch=4 elections=164 active=20 t=1791487800127
EPOCH_ENDED epoch=4 elections=164 active=20 t=1791487800141
EPOCH_ADVANCED epoch=5 elections=164 active=20 vote_records=535107 t=1791487800160
EPOCH_CLOSE_UNREADY epoch=4 short_of=reports usable=0 weight=0 required=5 held=0 theirs=[] t=1791487800168
EPOCH_ADVANCED epoch=5 elections=164 active=20 vote_records=535079 t=1791487800177
EPOCH_CLOSE_UNREADY epoch=4 short_of=reports usable=0 weight=0 required=5 held=0 theirs=[] t=1791487800185
EPOCH_ENDED epoch=4 elections=164 active=20 t=1791487800203
EPOCH_ADVANCED epoch=5 elections=164 active=20 vote_records=535072 t=1791487800235
EPOCH_ENDED epoch=4 elections=164 active=20 t=1791487800236
EPOCH_CLOSE_UNREADY epoch=4 short_of=reports usable=0 weight=0 required=5 held=0 theirs=[] t=1791487800250
EPOCH_REPORT epoch=4 certified=45065 residual=0 root=884E57085ADD102E126B7842CE747A8A0D910778A209B48CBAA002CDF53850CD reports=1 t=1791487800282
EPOCH_ADVANCED epoch=5 elections=164 active=20 vote_records=535088 t=1791487800287
EPOCH_ENDED epoch=4 elections=164 active=20 t=1791487800318
EPOCH_ADVANCED epoch=5 elections=164 active=20 vote_records=535093 t=1791487800363
EPOCH_CLOSE_UNREADY epoch=4 short_of=reports usable=0 weight=0 required=5 held=1 theirs=["D315857C:884E5708:D7A011D4"] t=1791487800404
EPOCH_REPORT epoch=4 certified=45065 residual=0 root=C0D9D127BE88B7B4E4692CBF2F21C50A069437476B665216DCFED2A91694E7A5 reports=1 t=1791487800408
EPOCH_REPORT epoch=4 certified=45065 residual=0 root=C0D9D127BE88B7B4E4692CBF2F21C50A069437476B665216DCFED2A91694E7A5 reports=1 t=1791487800415
EPOCH_REPORT epoch=4 certified=45065 residual=0 root=C0D9D127BE88B7B4E4692CBF2F21C50A069437476B665216DCFED2A91694E7A5 reports=1 t=1791487800463
EPOCH_RECONCILED epoch=4 reporter=D315857CE70C54DE713F6E82E5613BB3A1266C15E28AD2F4338C7BBEC456F532 complete=true entries=2 total=45065 symbols=16 dropped=false t=1791487800470
EPOCH_RECONCILED epoch=4 reporter=D315857CE70C54DE713F6E82E5613BB3A1266C15E28AD2F4338C7BBEC456F532 complete=true entries=2 total=45065 symbols=16 dropped=false t=1791487800490
EPOCH_CLOSE_UNREADY epoch=4 short_of=reports usable=0 weight=0 required=5 held=4 theirs=["735FE217:C0D9D127:D7A011D4", "911999B2:C0D9D127:D7A011D4", "D315857C:884E5708:D7A011D4", "65A90023:C0D9D127:D7A011D4"] t=1791487800490
EPOCH_RECONCILED epoch=4 reporter=735FE217D91E88EA82324C5883296385FA0041C2FAC85C827BAA46DA1E14B83F complete=true entries=0 total=45065 symbols=0 dropped=false t=1791487800511
EPOCH_REPORT epoch=4 certified=45065 residual=0 root=C0D9D127BE88B7B4E4692CBF2F21C50A069437476B665216DCFED2A91694E7A5 reports=1 t=1791487800517
EPOCH_RECONCILED epoch=4 reporter=911999B2AEFA7ACC66EBD802B3301FF6CE431405107749D940277955CB7FDD07 complete=true entries=0 total=45065 symbols=0 dropped=false t=1791487800519
EPOCH_RECONCILED epoch=4 reporter=D315857CE70C54DE713F6E82E5613BB3A1266C15E28AD2F4338C7BBEC456F532 complete=true entries=2 total=45065 symbols=16 dropped=false t=1791487800537
EPOCH_RECONCILED epoch=4 reporter=735FE217D91E88EA82324C5883296385FA0041C2FAC85C827BAA46DA1E14B83F complete=true entries=0 total=45065 symbols=0 dropped=false t=1791487800548
EPOCH_RECONCILED epoch=4 reporter=911999B2AEFA7ACC66EBD802B3301FF6CE431405107749D940277955CB7FDD07 complete=true entries=0 total=45065 symbols=0 dropped=false t=1791487800566
EPOCH_RECONCILED epoch=4 reporter=D315857CE70C54DE713F6E82E5613BB3A1266C15E28AD2F4338C7BBEC456F532 complete=true entries=2 total=45065 symbols=16 dropped=false t=1791487800575
EPOCH_RECONCILED epoch=4 reporter=65A90023F6C0D2181AAA63F005D81BBC0C04650505E21D5123F9AE1F9E992BFF complete=true entries=0 total=45065 symbols=0 dropped=false t=1791487800591
EPOCH_RECONCILED epoch=4 reporter=911999B2AEFA7ACC66EBD802B3301FF6CE431405107749D940277955CB7FDD07 complete=true entries=0 total=45065 symbols=0 dropped=false t=1791487800594
EPOCH_RECONCILED epoch=4 reporter=735FE217D91E88EA82324C5883296385FA0041C2FAC85C827BAA46DA1E14B83F complete=true entries=0 total=45065 symbols=0 dropped=false t=1791487800597
EPOCH_REPORT epoch=4 certified=45065 residual=0 root=C0D9D127BE88B7B4E4692CBF2F21C50A069437476B665216DCFED2A91694E7A5 reports=1 t=1791487800601
EPOCH_RECONCILED epoch=4 reporter=D315857CE70C54DE713F6E82E5613BB3A1266C15E28AD2F4338C7BBEC456F532 complete=true entries=2 total=45065 symbols=16 dropped=false t=1791487800603
EPOCH_CLOSE_READY epoch=4 t=1791487800628
EPOCH_RECONCILED epoch=4 reporter=735FE217D91E88EA82324C5883296385FA0041C2FAC85C827BAA46DA1E14B83F complete=true entries=0 total=45065 symbols=0 dropped=false t=1791487800658
EPOCH_RECONCILED epoch=4 reporter=911999B2AEFA7ACC66EBD802B3301FF6CE431405107749D940277955CB7FDD07 complete=true entries=0 total=45065 symbols=0 dropped=false t=1791487800661
EPOCH_RECONCILED epoch=4 reporter=633D9D614858AB1710D5D8C3180E2A082DC97208BA8C26BA6C6D1A86C8E31CC0 complete=true entries=0 total=45065 symbols=0 dropped=false t=1791487800664
EPOCH_RECONCILED epoch=4 reporter=65A90023F6C0D2181AAA63F005D81BBC0C04650505E21D5123F9AE1F9E992BFF complete=true entries=0 total=45065 symbols=0 dropped=false t=1791487800667
EPOCH_CLOSE_READY epoch=4 t=1791487800710
EPOCH_RECONCILED epoch=4 reporter=A353E45E6D0016CAEED0DFA4EC5B0640E2AA22A793F9F2375E77F1AB92977C04 complete=true entries=0 total=45065 symbols=0 dropped=false t=1791487800779
EPOCH_RECONCILED epoch=4 reporter=65A90023F6C0D2181AAA63F005D81BBC0C04650505E21D5123F9AE1F9E992BFF complete=true entries=0 total=45065 symbols=0 dropped=false t=1791487800822
EPOCH_RECONCILED epoch=4 reporter=633D9D614858AB1710D5D8C3180E2A082DC97208BA8C26BA6C6D1A86C8E31CC0 complete=true entries=0 total=45065 symbols=0 dropped=false t=1791487800825
EPOCH_RECONCILED epoch=4 reporter=633D9D614858AB1710D5D8C3180E2A082DC97208BA8C26BA6C6D1A86C8E31CC0 complete=true entries=0 total=45065 symbols=0 dropped=false t=1791487800826
EPOCH_RECONCILED epoch=4 reporter=A353E45E6D0016CAEED0DFA4EC5B0640E2AA22A793F9F2375E77F1AB92977C04 complete=true entries=0 total=45065 symbols=0 dropped=false t=1791487800828
EPOCH_RECONCILED epoch=4 reporter=65A90023F6C0D2181AAA63F005D81BBC0C04650505E21D5123F9AE1F9E992BFF complete=true entries=0 total=45065 symbols=0 dropped=false t=1791487800830
EPOCH_CLOSE_ROUND epoch=4 round=0 leader=A353E45E6D0016CAEED0DFA4EC5B0640E2AA22A793F9F2375E77F1AB92977C04 leads=false t=1791487800853
EPOCH_CLOSE_READY epoch=4 t=1791487800871
EPOCH_CLOSE_READY epoch=4 t=1791487800877
EPOCH_RECONCILED epoch=4 reporter=A353E45E6D0016CAEED0DFA4EC5B0640E2AA22A793F9F2375E77F1AB92977C04 complete=true entries=0 total=45065 symbols=0 dropped=false t=1791487800885
EPOCH_RECONCILED epoch=4 reporter=633D9D614858AB1710D5D8C3180E2A082DC97208BA8C26BA6C6D1A86C8E31CC0 complete=true entries=0 total=45065 symbols=0 dropped=false t=1791487800890
EPOCH_RECONCILED epoch=4 reporter=A353E45E6D0016CAEED0DFA4EC5B0640E2AA22A793F9F2375E77F1AB92977C04 complete=true entries=0 total=45065 symbols=0 dropped=false t=1791487800906
EPOCH_CLOSE_READY epoch=4 t=1791487800929
EPOCH_DERIVE_TIMING epoch=4 claims=332 claim_ms=41 manifest_ms=0 build_ms=143 t=1791487800934
EPOCH_PROPOSED epoch=4 round=0 value=7E2F6A11A13EB21CFD1E86D2A5191F8D0F900464B59D5CE6676C0CC30D34F60C state=16FFE8CCAD573594B9CE06D5476140A703C306D8325914C7B424B34BBA0619CC reports=5 t=1791487800936
EPOCH_VALUE epoch=4 value=7E2F6A11A13EB21CFD1E86D2A5191F8D0F900464B59D5CE6676C0CC30D34F60C state=16FFE8CCAD573594B9CE06D5476140A703C306D8325914C7B424B34BBA0619CC t=1791487800936
EPOCH_CLOSE_ROUND epoch=4 round=0 leader=A353E45E6D0016CAEED0DFA4EC5B0640E2AA22A793F9F2375E77F1AB92977C04 leads=true t=1791487800936
EPOCH_RECONCILED epoch=4 reporter=911999B2AEFA7ACC66EBD802B3301FF6CE431405107749D940277955CB7FDD07 complete=true entries=2 total=45065 symbols=16 dropped=false t=1791487800936
EPOCH_RECONCILED epoch=4 reporter=65A90023F6C0D2181AAA63F005D81BBC0C04650505E21D5123F9AE1F9E992BFF complete=true entries=2 total=45065 symbols=16 dropped=false t=1791487800936
EPOCH_RECONCILED epoch=4 reporter=633D9D614858AB1710D5D8C3180E2A082DC97208BA8C26BA6C6D1A86C8E31CC0 complete=true entries=2 total=45065 symbols=16 dropped=false t=1791487800936
EPOCH_RECONCILED epoch=4 reporter=A353E45E6D0016CAEED0DFA4EC5B0640E2AA22A793F9F2375E77F1AB92977C04 complete=true entries=2 total=45065 symbols=16 dropped=false t=1791487800936
EPOCH_RECONCILED epoch=4 reporter=735FE217D91E88EA82324C5883296385FA0041C2FAC85C827BAA46DA1E14B83F complete=true entries=2 total=45065 symbols=16 dropped=false t=1791487800936
EPOCH_CLOSE_ROUND epoch=4 round=0 leader=A353E45E6D0016CAEED0DFA4EC5B0640E2AA22A793F9F2375E77F1AB92977C04 leads=false t=1791487801046
EPOCH_CLOSE_READY epoch=4 t=1791487801058
EPOCH_CLOSE_ROUND epoch=4 round=0 leader=A353E45E6D0016CAEED0DFA4EC5B0640E2AA22A793F9F2375E77F1AB92977C04 leads=false t=1791487801063
EPOCH_CLOSE_ROUND epoch=4 round=0 leader=A353E45E6D0016CAEED0DFA4EC5B0640E2AA22A793F9F2375E77F1AB92977C04 leads=false t=1791487801121
EPOCH_VALIDATE_TIMING epoch=4 evidence_ms=92 build_ms=177 t=1791487801214
EPOCH_VALUE epoch=4 value=7E2F6A11A13EB21CFD1E86D2A5191F8D0F900464B59D5CE6676C0CC30D34F60C state=16FFE8CCAD573594B9CE06D5476140A703C306D8325914C7B424B34BBA0619CC t=1791487801215
EPOCH_VALIDATE_TIMING epoch=4 evidence_ms=121 build_ms=177 t=1791487801248
EPOCH_VALUE epoch=4 value=7E2F6A11A13EB21CFD1E86D2A5191F8D0F900464B59D5CE6676C0CC30D34F60C state=16FFE8CCAD573594B9CE06D5476140A703C306D8325914C7B424B34BBA0619CC t=1791487801249
EPOCH_VALIDATE_TIMING epoch=4 evidence_ms=112 build_ms=197 t=1791487801255
EPOCH_VALUE epoch=4 value=7E2F6A11A13EB21CFD1E86D2A5191F8D0F900464B59D5CE6676C0CC30D34F60C state=16FFE8CCAD573594B9CE06D5476140A703C306D8325914C7B424B34BBA0619CC t=1791487801256
EPOCH_VALIDATE_TIMING epoch=4 evidence_ms=128 build_ms=182 t=1791487801257
EPOCH_VALUE epoch=4 value=7E2F6A11A13EB21CFD1E86D2A5191F8D0F900464B59D5CE6676C0CC30D34F60C state=16FFE8CCAD573594B9CE06D5476140A703C306D8325914C7B424B34BBA0619CC t=1791487801258
EPOCH_CLOSE_ROUND epoch=4 round=0 leader=A353E45E6D0016CAEED0DFA4EC5B0640E2AA22A793F9F2375E77F1AB92977C04 leads=false t=1791487801278
EPOCH_CLOSE_ROUND epoch=4 round=1 leader=D315857CE70C54DE713F6E82E5613BB3A1266C15E28AD2F4338C7BBEC456F532 leads=false t=1791487801347
EPOCH_CLOSE_ROUND epoch=4 round=1 leader=D315857CE70C54DE713F6E82E5613BB3A1266C15E28AD2F4338C7BBEC456F532 leads=false t=1791487801363
EPOCH_INSTALL epoch=4 finalized=83 instances_confirmed=83 t=1791487801393
EPOCH_INSTALL epoch=4 finalized=83 instances_confirmed=83 t=1791487801396
EPOCH_COMMITTEE derived_by=4 members=6 accounts=15172 n=6 digest=95D409445152DD075E6A4799205DFA5689496EB8EE1A22AC2A200B9DBC2DCF27 shares=["735FE217:16.7%", "65A90023:16.7%", "D315857C:16.7%", "911999B2:16.7%", "633D9D61:16.7%", "A353E45E:16.7%"] t=1791487801398
EPOCH_CLOSED epoch=4 round=0 value=7E2F6A11A13EB21CFD1E86D2A5191F8D0F900464B59D5CE6676C0CC30D34F60C state=16FFE8CCAD573594B9CE06D5476140A703C306D8325914C7B424B34BBA0619CC t=1791487801398
EPOCH_COMMITTEE derived_by=4 members=6 accounts=15172 n=6 digest=95D409445152DD075E6A4799205DFA5689496EB8EE1A22AC2A200B9DBC2DCF27 shares=["735FE217:16.7%", "65A90023:16.7%", "D315857C:16.7%", "911999B2:16.7%", "633D9D61:16.7%", "A353E45E:16.7%"] t=1791487801402
EPOCH_CLOSED epoch=4 round=0 value=7E2F6A11A13EB21CFD1E86D2A5191F8D0F900464B59D5CE6676C0CC30D34F60C state=16FFE8CCAD573594B9CE06D5476140A703C306D8325914C7B424B34BBA0619CC t=1791487801402
EPOCH_INSTALL epoch=4 finalized=83 instances_confirmed=83 t=1791487801403
EPOCH_COMMITTEE derived_by=4 members=6 accounts=15172 n=6 digest=95D409445152DD075E6A4799205DFA5689496EB8EE1A22AC2A200B9DBC2DCF27 shares=["735FE217:16.7%", "65A90023:16.7%", "D315857C:16.7%", "911999B2:16.7%", "633D9D61:16.7%", "A353E45E:16.7%"] t=1791487801408
EPOCH_CLOSED epoch=4 round=0 value=7E2F6A11A13EB21CFD1E86D2A5191F8D0F900464B59D5CE6676C0CC30D34F60C state=16FFE8CCAD573594B9CE06D5476140A703C306D8325914C7B424B34BBA0619CC t=1791487801408
EPOCH_INSTALL epoch=4 finalized=83 instances_confirmed=83 t=1791487801414
EPOCH_INSTALL epoch=4 finalized=83 instances_confirmed=83 t=1791487801417
EPOCH_INSTALLED epoch=4 finalized=83 cemented=83 queued=0 missing=0 t=1791487801421
EPOCH_COMMITTEE derived_by=4 members=6 accounts=15172 n=6 digest=95D409445152DD075E6A4799205DFA5689496EB8EE1A22AC2A200B9DBC2DCF27 shares=["735FE217:16.7%", "65A90023:16.7%", "D315857C:16.7%", "911999B2:16.7%", "633D9D61:16.7%", "A353E45E:16.7%"] t=1791487801422
EPOCH_CLOSED epoch=4 round=0 value=7E2F6A11A13EB21CFD1E86D2A5191F8D0F900464B59D5CE6676C0CC30D34F60C state=16FFE8CCAD573594B9CE06D5476140A703C306D8325914C7B424B34BBA0619CC t=1791487801422
EPOCH_COMMITTEE derived_by=4 members=6 accounts=15172 n=6 digest=95D409445152DD075E6A4799205DFA5689496EB8EE1A22AC2A200B9DBC2DCF27 shares=["735FE217:16.7%", "65A90023:16.7%", "D315857C:16.7%", "911999B2:16.7%", "633D9D61:16.7%", "A353E45E:16.7%"] t=1791487801426
EPOCH_CLOSED epoch=4 round=0 value=7E2F6A11A13EB21CFD1E86D2A5191F8D0F900464B59D5CE6676C0CC30D34F60C state=16FFE8CCAD573594B9CE06D5476140A703C306D8325914C7B424B34BBA0619CC t=1791487801426
EPOCH_INSTALLED epoch=4 finalized=83 cemented=83 queued=0 missing=0 t=1791487801428
EPOCH_INSTALLED epoch=4 finalized=83 cemented=83 queued=0 missing=0 t=1791487801429
EPOCH_INSTALLED epoch=4 finalized=83 cemented=83 queued=0 missing=0 t=1791487801469
EPOCH_INSTALLED epoch=4 finalized=83 cemented=83 queued=0 missing=0 t=1791487801473
EPOCH_VALIDATE_TIMING epoch=4 evidence_ms=66 build_ms=150 t=1791487801479
EPOCH_VALUE epoch=4 value=7E2F6A11A13EB21CFD1E86D2A5191F8D0F900464B59D5CE6676C0CC30D34F60C state=16FFE8CCAD573594B9CE06D5476140A703C306D8325914C7B424B34BBA0619CC t=1791487801480
EPOCH_EVIDENCE_RELEASED epoch=4 t=1791487801497
EPOCH_EVIDENCE_RELEASED epoch=4 t=1791487801499
EPOCH_EVIDENCE_RELEASED epoch=4 t=1791487801504
EPOCH_EVIDENCE_RELEASED epoch=4 t=1791487801509
EPOCH_EVIDENCE_RELEASED epoch=4 t=1791487801512
EPOCH_INSTALL epoch=4 finalized=83 instances_confirmed=83 t=1791487801513
EPOCH_COMMITTEE derived_by=4 members=6 accounts=15172 n=6 digest=95D409445152DD075E6A4799205DFA5689496EB8EE1A22AC2A200B9DBC2DCF27 shares=["735FE217:16.7%", "65A90023:16.7%", "D315857C:16.7%", "911999B2:16.7%", "633D9D61:16.7%", "A353E45E:16.7%"] t=1791487801517
EPOCH_CLOSED epoch=4 round=0 value=7E2F6A11A13EB21CFD1E86D2A5191F8D0F900464B59D5CE6676C0CC30D34F60C state=16FFE8CCAD573594B9CE06D5476140A703C306D8325914C7B424B34BBA0619CC t=1791487801517
EPOCH_INSTALLED epoch=4 finalized=83 cemented=83 queued=0 missing=0 t=1791487801533
