2026-10-07T19:17:40.885099Z  INFO nanospam::setup::account_map_factory: Creating account keys file with 45000 keys: "/var/folders/1y/px089b2s6f9d893xp1p4c7wh0000gn/T/rai-gate-b-cw7mw9w4/account_keys.txt"
2026-10-07T19:17:41.609539Z  INFO nanospam::setup::node_config_factory: ********************************************************************************
2026-10-07T19:17:41.609552Z  INFO nanospam::setup::node_config_factory: Setting up node PR0...
2026-10-07T19:17:41.609556Z  INFO nanospam::setup::node_config_factory: Creating directory "/var/folders/1y/px089b2s6f9d893xp1p4c7wh0000gn/T/rai-gate-b-cw7mw9w4/pr0"
2026-10-07T19:17:41.609646Z  INFO nanospam::setup::node_config_factory: Creating node config file: "/var/folders/1y/px089b2s6f9d893xp1p4c7wh0000gn/T/rai-gate-b-cw7mw9w4/pr0/config-node.toml"
2026-10-07T19:17:41.609759Z  INFO nanospam::setup::node_config_factory: Creating rpc config file: "/var/folders/1y/px089b2s6f9d893xp1p4c7wh0000gn/T/rai-gate-b-cw7mw9w4/pr0/config-rpc.toml"
2026-10-07T19:17:41.609834Z  INFO nanospam::setup::node_config_factory: ********************************************************************************
2026-10-07T19:17:41.609838Z  INFO nanospam::setup::node_config_factory: Setting up node PR1...
2026-10-07T19:17:41.609842Z  INFO nanospam::setup::node_config_factory: Creating directory "/var/folders/1y/px089b2s6f9d893xp1p4c7wh0000gn/T/rai-gate-b-cw7mw9w4/pr1"
2026-10-07T19:17:41.609893Z  INFO nanospam::setup::node_config_factory: Creating node config file: "/var/folders/1y/px089b2s6f9d893xp1p4c7wh0000gn/T/rai-gate-b-cw7mw9w4/pr1/config-node.toml"
2026-10-07T19:17:41.609983Z  INFO nanospam::setup::node_config_factory: Creating rpc config file: "/var/folders/1y/px089b2s6f9d893xp1p4c7wh0000gn/T/rai-gate-b-cw7mw9w4/pr1/config-rpc.toml"
2026-10-07T19:17:41.610047Z  INFO nanospam::setup::node_config_factory: ********************************************************************************
2026-10-07T19:17:41.610051Z  INFO nanospam::setup::node_config_factory: Setting up node PR2...
2026-10-07T19:17:41.610054Z  INFO nanospam::setup::node_config_factory: Creating directory "/var/folders/1y/px089b2s6f9d893xp1p4c7wh0000gn/T/rai-gate-b-cw7mw9w4/pr2"
2026-10-07T19:17:41.610099Z  INFO nanospam::setup::node_config_factory: Creating node config file: "/var/folders/1y/px089b2s6f9d893xp1p4c7wh0000gn/T/rai-gate-b-cw7mw9w4/pr2/config-node.toml"
2026-10-07T19:17:41.610174Z  INFO nanospam::setup::node_config_factory: Creating rpc config file: "/var/folders/1y/px089b2s6f9d893xp1p4c7wh0000gn/T/rai-gate-b-cw7mw9w4/pr2/config-rpc.toml"
2026-10-07T19:17:41.610235Z  INFO nanospam::setup::node_config_factory: ********************************************************************************
2026-10-07T19:17:41.610239Z  INFO nanospam::setup::node_config_factory: Setting up node PR3...
2026-10-07T19:17:41.610242Z  INFO nanospam::setup::node_config_factory: Creating directory "/var/folders/1y/px089b2s6f9d893xp1p4c7wh0000gn/T/rai-gate-b-cw7mw9w4/pr3"
2026-10-07T19:17:41.610283Z  INFO nanospam::setup::node_config_factory: Creating node config file: "/var/folders/1y/px089b2s6f9d893xp1p4c7wh0000gn/T/rai-gate-b-cw7mw9w4/pr3/config-node.toml"
2026-10-07T19:17:41.610353Z  INFO nanospam::setup::node_config_factory: Creating rpc config file: "/var/folders/1y/px089b2s6f9d893xp1p4c7wh0000gn/T/rai-gate-b-cw7mw9w4/pr3/config-rpc.toml"
2026-10-07T19:17:41.610411Z  INFO nanospam::setup::node_config_factory: ********************************************************************************
2026-10-07T19:17:41.610415Z  INFO nanospam::setup::node_config_factory: Setting up node PR4...
2026-10-07T19:17:41.610418Z  INFO nanospam::setup::node_config_factory: Creating directory "/var/folders/1y/px089b2s6f9d893xp1p4c7wh0000gn/T/rai-gate-b-cw7mw9w4/pr4"
2026-10-07T19:17:41.610457Z  INFO nanospam::setup::node_config_factory: Creating node config file: "/var/folders/1y/px089b2s6f9d893xp1p4c7wh0000gn/T/rai-gate-b-cw7mw9w4/pr4/config-node.toml"
2026-10-07T19:17:41.610529Z  INFO nanospam::setup::node_config_factory: Creating rpc config file: "/var/folders/1y/px089b2s6f9d893xp1p4c7wh0000gn/T/rai-gate-b-cw7mw9w4/pr4/config-rpc.toml"
2026-10-07T19:17:41.610597Z  INFO nanospam::setup::node_config_factory: ********************************************************************************
2026-10-07T19:17:41.610600Z  INFO nanospam::setup::node_config_factory: Setting up node PR5...
2026-10-07T19:17:41.610602Z  INFO nanospam::setup::node_config_factory: Creating directory "/var/folders/1y/px089b2s6f9d893xp1p4c7wh0000gn/T/rai-gate-b-cw7mw9w4/pr5"
2026-10-07T19:17:41.610642Z  INFO nanospam::setup::node_config_factory: Creating node config file: "/var/folders/1y/px089b2s6f9d893xp1p4c7wh0000gn/T/rai-gate-b-cw7mw9w4/pr5/config-node.toml"
2026-10-07T19:17:41.610708Z  INFO nanospam::setup::node_config_factory: Creating rpc config file: "/var/folders/1y/px089b2s6f9d893xp1p4c7wh0000gn/T/rai-gate-b-cw7mw9w4/pr5/config-rpc.toml"
2026-10-07T19:17:41.610806Z  INFO nanospam::setup::node_launcher: Starting node: NANO_TEST_GENESIS_BLOCK="{\n    \"type\": \"open\",\n    \"account\": \"nano_3nroioygg54nusrmyun4woimqex36sp3drnctdt5955uqu47fxbkrxk7n7ne\",\n    \"source\": \"D315857CE70C54DE713F6E82E5613BB3A1266C15E28AD2F4338C7BBEC456F532\",\n    \"representative\": \"nano_3nroioygg54nusrmyun4woimqex36sp3drnctdt5955uqu47fxbkrxk7n7ne\",\n    \"signature\": \"3F6792C2DC623DF2E8643777160AB983B66B337E2478E13D2C3448126A8F4CD8DCCD19803C158A057FA44060AE0EFC09B1C311CB4FBF42F8D240610B38F56E08\",\n    \"work\": \"70FEF01F7EC45DEC\"\n    }" NANO_TEST_GENESIS_PRV ="49643F9B10CA1AA34F9AF8ED4AABD29F436104CCC375974B108534A48EAE3FE1" "rsnano" "--network" "test" "--data-path" "/var/folders/1y/px089b2s6f9d893xp1p4c7wh0000gn/T/rai-gate-b-cw7mw9w4/pr0" "node" "run"
2026-10-07T19:17:41.611354Z  INFO nanospam::setup::node_launcher: Waiting for RPC...
2026-10-07T19:17:41.714707Z  INFO nanospam::setup::node_launcher: Starting node: NANO_TEST_GENESIS_BLOCK="{\n    \"type\": \"open\",\n    \"account\": \"nano_3nroioygg54nusrmyun4woimqex36sp3drnctdt5955uqu47fxbkrxk7n7ne\",\n    \"source\": \"D315857CE70C54DE713F6E82E5613BB3A1266C15E28AD2F4338C7BBEC456F532\",\n    \"representative\": \"nano_3nroioygg54nusrmyun4woimqex36sp3drnctdt5955uqu47fxbkrxk7n7ne\",\n    \"signature\": \"3F6792C2DC623DF2E8643777160AB983B66B337E2478E13D2C3448126A8F4CD8DCCD19803C158A057FA44060AE0EFC09B1C311CB4FBF42F8D240610B38F56E08\",\n    \"work\": \"70FEF01F7EC45DEC\"\n    }" NANO_TEST_GENESIS_PRV ="49643F9B10CA1AA34F9AF8ED4AABD29F436104CCC375974B108534A48EAE3FE1" "rsnano" "--network" "test" "--data-path" "/var/folders/1y/px089b2s6f9d893xp1p4c7wh0000gn/T/rai-gate-b-cw7mw9w4/pr1" "node" "run"
2026-10-07T19:17:41.715435Z  INFO nanospam::setup::node_launcher: Waiting for RPC...
2026-10-07T19:17:41.818633Z  INFO nanospam::setup::node_launcher: Starting node: NANO_TEST_GENESIS_BLOCK="{\n    \"type\": \"open\",\n    \"account\": \"nano_3nroioygg54nusrmyun4woimqex36sp3drnctdt5955uqu47fxbkrxk7n7ne\",\n    \"source\": \"D315857CE70C54DE713F6E82E5613BB3A1266C15E28AD2F4338C7BBEC456F532\",\n    \"representative\": \"nano_3nroioygg54nusrmyun4woimqex36sp3drnctdt5955uqu47fxbkrxk7n7ne\",\n    \"signature\": \"3F6792C2DC623DF2E8643777160AB983B66B337E2478E13D2C3448126A8F4CD8DCCD19803C158A057FA44060AE0EFC09B1C311CB4FBF42F8D240610B38F56E08\",\n    \"work\": \"70FEF01F7EC45DEC\"\n    }" NANO_TEST_GENESIS_PRV ="49643F9B10CA1AA34F9AF8ED4AABD29F436104CCC375974B108534A48EAE3FE1" "rsnano" "--network" "test" "--data-path" "/var/folders/1y/px089b2s6f9d893xp1p4c7wh0000gn/T/rai-gate-b-cw7mw9w4/pr2" "node" "run"
2026-10-07T19:17:41.819494Z  INFO nanospam::setup::node_launcher: Waiting for RPC...
2026-10-07T19:17:41.922821Z  INFO nanospam::setup::node_launcher: Starting node: NANO_TEST_GENESIS_BLOCK="{\n    \"type\": \"open\",\n    \"account\": \"nano_3nroioygg54nusrmyun4woimqex36sp3drnctdt5955uqu47fxbkrxk7n7ne\",\n    \"source\": \"D315857CE70C54DE713F6E82E5613BB3A1266C15E28AD2F4338C7BBEC456F532\",\n    \"representative\": \"nano_3nroioygg54nusrmyun4woimqex36sp3drnctdt5955uqu47fxbkrxk7n7ne\",\n    \"signature\": \"3F6792C2DC623DF2E8643777160AB983B66B337E2478E13D2C3448126A8F4CD8DCCD19803C158A057FA44060AE0EFC09B1C311CB4FBF42F8D240610B38F56E08\",\n    \"work\": \"70FEF01F7EC45DEC\"\n    }" NANO_TEST_GENESIS_PRV ="49643F9B10CA1AA34F9AF8ED4AABD29F436104CCC375974B108534A48EAE3FE1" "rsnano" "--network" "test" "--data-path" "/var/folders/1y/px089b2s6f9d893xp1p4c7wh0000gn/T/rai-gate-b-cw7mw9w4/pr3" "node" "run"
2026-10-07T19:17:41.923871Z  INFO nanospam::setup::node_launcher: Waiting for RPC...
2026-10-07T19:17:42.027272Z  INFO nanospam::setup::node_launcher: Starting node: NANO_TEST_GENESIS_BLOCK="{\n    \"type\": \"open\",\n    \"account\": \"nano_3nroioygg54nusrmyun4woimqex36sp3drnctdt5955uqu47fxbkrxk7n7ne\",\n    \"source\": \"D315857CE70C54DE713F6E82E5613BB3A1266C15E28AD2F4338C7BBEC456F532\",\n    \"representative\": \"nano_3nroioygg54nusrmyun4woimqex36sp3drnctdt5955uqu47fxbkrxk7n7ne\",\n    \"signature\": \"3F6792C2DC623DF2E8643777160AB983B66B337E2478E13D2C3448126A8F4CD8DCCD19803C158A057FA44060AE0EFC09B1C311CB4FBF42F8D240610B38F56E08\",\n    \"work\": \"70FEF01F7EC45DEC\"\n    }" NANO_TEST_GENESIS_PRV ="49643F9B10CA1AA34F9AF8ED4AABD29F436104CCC375974B108534A48EAE3FE1" "rsnano" "--network" "test" "--data-path" "/var/folders/1y/px089b2s6f9d893xp1p4c7wh0000gn/T/rai-gate-b-cw7mw9w4/pr4" "node" "run"
2026-10-07T19:17:42.028460Z  INFO nanospam::setup::node_launcher: Waiting for RPC...
2026-10-07T19:17:42.132030Z  INFO nanospam::setup::node_launcher: Starting node: NANO_TEST_GENESIS_BLOCK="{\n    \"type\": \"open\",\n    \"account\": \"nano_3nroioygg54nusrmyun4woimqex36sp3drnctdt5955uqu47fxbkrxk7n7ne\",\n    \"source\": \"D315857CE70C54DE713F6E82E5613BB3A1266C15E28AD2F4338C7BBEC456F532\",\n    \"representative\": \"nano_3nroioygg54nusrmyun4woimqex36sp3drnctdt5955uqu47fxbkrxk7n7ne\",\n    \"signature\": \"3F6792C2DC623DF2E8643777160AB983B66B337E2478E13D2C3448126A8F4CD8DCCD19803C158A057FA44060AE0EFC09B1C311CB4FBF42F8D240610B38F56E08\",\n    \"work\": \"70FEF01F7EC45DEC\"\n    }" NANO_TEST_GENESIS_PRV ="49643F9B10CA1AA34F9AF8ED4AABD29F436104CCC375974B108534A48EAE3FE1" "rsnano" "--network" "test" "--data-path" "/var/folders/1y/px089b2s6f9d893xp1p4c7wh0000gn/T/rai-gate-b-cw7mw9w4/pr5" "node" "run"
2026-10-07T19:17:42.133285Z  INFO nanospam::setup::node_launcher: Waiting for RPC...
2026-10-07T19:17:42.236791Z  INFO nanospam::wallets_factory: Creating wallet...
2026-10-07T19:17:42.312847Z  INFO nanospam::wallets_factory: Setting default representative...
2026-10-07T19:17:42.313165Z  INFO nanospam::wallets_factory: Creating wallet...
2026-10-07T19:17:42.357496Z  INFO nanospam::wallets_factory: Setting default representative...
2026-10-07T19:17:42.357805Z  INFO nanospam::wallets_factory: Sending Ӿ56,547,061 to PR1 wallet nano_3atmwjh8t11psdqf3qx6xjfiei94oajch6zsyauowxzjogbbgz168g5mp8f1 ...
2026-10-07T19:17:42.358241Z  INFO nanospam::wallets_factory: Waiting for confirmation for 70B574FB519B8DEA27D8F4952C2E7B0378B009608D6FC967984D3C83440C9C3D
2026-10-07T19:17:57.450676Z  INFO nanospam::wallets_factory: Receiving...
2026-10-07T19:17:57.452930Z  INFO nanospam::wallets_factory: Waiting for confirmation for 011C6AC2721054F46B03A50885AF48083A4A685154A55D85116DBCE413673F86
2026-10-07T19:17:57.554378Z  INFO nanospam::wallets_factory: DONE
2026-10-07T19:17:57.554495Z  INFO nanospam::wallets_factory: ********************************************************************************
2026-10-07T19:17:57.554512Z  INFO nanospam::wallets_factory: Creating wallet...
2026-10-07T19:17:57.636759Z  INFO nanospam::wallets_factory: Setting default representative...
2026-10-07T19:17:57.637054Z  INFO nanospam::wallets_factory: Sending Ӿ56,547,061 to PR2 wallet nano_36asm8scxymtsjmgqp14per3zxpgaec1c65qb9en1buscq7qzqa93tfyyzs3 ...
2026-10-07T19:17:57.637515Z  INFO nanospam::wallets_factory: Waiting for confirmation for 76B3937072C015B69E45D5458B47CF52A54A38F8ED441B0E21561A3048243E90
2026-10-07T19:17:57.842975Z  INFO nanospam::wallets_factory: Receiving...
2026-10-07T19:17:57.845169Z  INFO nanospam::wallets_factory: Waiting for confirmation for 402DCF4725254BECF5C5CB5F707C169725EE114819D289F8A5477C2FFF19BDC0
2026-10-07T19:17:58.051641Z  INFO nanospam::wallets_factory: DONE
2026-10-07T19:17:58.051811Z  INFO nanospam::wallets_factory: ********************************************************************************
2026-10-07T19:17:58.051838Z  INFO nanospam::wallets_factory: Creating wallet...
2026-10-07T19:17:58.132168Z  INFO nanospam::wallets_factory: Setting default representative...
2026-10-07T19:17:58.132397Z  INFO nanospam::wallets_factory: Sending Ӿ56,547,061 to PR3 wallet nano_1sfb11jzfi8k51fcnrzi1qe3qh1e1jkic3h45oak9yfg5yhbkczzxfwtat7m ...
2026-10-07T19:17:58.132787Z  INFO nanospam::wallets_factory: Waiting for confirmation for FF4589BE1759B38CC94ABA0AE4FE6644845FE957C02EA9CEA669A28C8D1ADE97
2026-10-07T19:18:13.433552Z  INFO nanospam::wallets_factory: Receiving...
2026-10-07T19:18:13.436236Z  INFO nanospam::wallets_factory: Waiting for confirmation for 1210B877FF188F4FF352C0EDE856AA702A1D6763EFA96EA84BB10519898BE6D0
2026-10-07T19:18:13.642619Z  INFO nanospam::wallets_factory: DONE
2026-10-07T19:18:13.642793Z  INFO nanospam::wallets_factory: ********************************************************************************
2026-10-07T19:18:13.642821Z  INFO nanospam::wallets_factory: Creating wallet...
2026-10-07T19:18:13.722706Z  INFO nanospam::wallets_factory: Setting default representative...
2026-10-07T19:18:13.723105Z  INFO nanospam::wallets_factory: Sending Ӿ56,547,061 to PR4 wallet nano_1rsxmoinip7d4wafdp855194n43fs7s1jgne6tx8ruatiu6g89815pddzijp ...
2026-10-07T19:18:13.723601Z  INFO nanospam::wallets_factory: Waiting for confirmation for 23D89F3531AC5EE2378D3606C70B24D2A7B9016B8ADB1A970E6B1D9E7576186D
2026-10-07T19:18:14.031537Z  INFO nanospam::wallets_factory: Receiving...
2026-10-07T19:18:14.034113Z  INFO nanospam::wallets_factory: Waiting for confirmation for 8D401F6072C9B3A9EFBA68DA33CC97FF1D15EEB9F09CE4731C1A7614578C3E56
2026-10-07T19:18:14.342389Z  INFO nanospam::wallets_factory: DONE
2026-10-07T19:18:14.342533Z  INFO nanospam::wallets_factory: ********************************************************************************
2026-10-07T19:18:14.342563Z  INFO nanospam::wallets_factory: Creating wallet...
2026-10-07T19:18:14.423109Z  INFO nanospam::wallets_factory: Setting default representative...
2026-10-07T19:18:14.423491Z  INFO nanospam::wallets_factory: Sending Ӿ56,547,061 to PR5 wallet nano_1wtzwadxk9naxc356m4rienp93ht131w7ypadk39qck8uah3bg3zohsmj9th ...
2026-10-07T19:18:14.423927Z  INFO nanospam::wallets_factory: Waiting for confirmation for A5666BC59C8DD98A7E52D6F61006629E4EDB37063C12A73BFB41D35538B371CA
2026-10-07T19:18:29.631640Z  INFO nanospam::wallets_factory: Receiving...
2026-10-07T19:18:29.634261Z  INFO nanospam::wallets_factory: Waiting for confirmation for 49EEF9EFFD843E7FE6FB8D0DE0A19E8B88DBE91F26F5FDDB0E8862DEF7553864
2026-10-07T19:18:29.839469Z  INFO nanospam::wallets_factory: DONE
2026-10-07T19:18:29.839653Z  INFO nanospam::wallets_factory: ********************************************************************************
2026-10-07T19:18:29.839683Z  INFO nanospam::wallets_factory: Sending initial spam amount...
2026-10-07T19:18:29.841565Z  INFO nanospam::wallets_factory: Waiting for confirmation for 7DC01BA6B1B28836C7371DF843D432DEC598EFD147CA03A04C9456A85DEAFB43
2026-10-07T19:18:30.048346Z  INFO nanospam::wallets_factory: Receiving initial spam amount...
2026-10-07T19:18:30.049935Z  INFO nanospam::wallets_factory: Waiting for confirmation for 7A5A9E1D640DC41103DED7CD8E288C504449F6373394C60980F826D318AAC56E
2026-10-07T19:18:30.257143Z  INFO nanospam::wallets_factory: Seeding Ӿ142,857 to nano_3roiydox9jpctxwow1de8kscugczuzediys48k4reryk4xywaazt3j7wioy3 for representative D315857CE70C54DE713F6E82E5613BB3A1266C15E28AD2F4338C7BBEC456F532
2026-10-07T19:18:30.258563Z  INFO nanospam::wallets_factory: Waiting for confirmation for AB531133372F292EB8669D215C1861A1D6ABA6F49CF7230D33717A403E0A1822
2026-10-07T19:18:30.465678Z  INFO nanospam::wallets_factory: Waiting for confirmation for 7712553906BBF5ED651B03AC80CDC41615B78EA309665E902E7032FD51EA63C9
2026-10-07T19:18:30.671467Z  INFO nanospam::wallets_factory: Seeding Ӿ142,857 to nano_3wh6u7ucmju5q14ynxdiyetwcwi6i5nsda9ampjpzi8xxfywry7gq1czrx9w for representative A353E45E6D0016CAEED0DFA4EC5B0640E2AA22A793F9F2375E77F1AB92977C04
2026-10-07T19:18:30.672850Z  INFO nanospam::wallets_factory: Waiting for confirmation for 0E684434850DF895E981CF9F604E5911127AEDED84A2856E3563B0904783C6D8
2026-10-07T19:18:30.881285Z  INFO nanospam::wallets_factory: Waiting for confirmation for 4B33AFAE9548B5C9DB95AE22532C030CD999AEF22F650DD3295D146206759C18
2026-10-07T19:18:30.985272Z  INFO nanospam::wallets_factory: Seeding Ӿ142,857 to nano_3qo3jxhhgxryrgcxzugqae5g8987fwq98unc1uaor4933cur5ys9jc5r4h5j for representative 911999B2AEFA7ACC66EBD802B3301FF6CE431405107749D940277955CB7FDD07
2026-10-07T19:18:30.986324Z  INFO nanospam::wallets_factory: Waiting for confirmation for 4FE85EBA70482AF74F009557426712760C8C05080A45F9FBD8AC685CDD4F68BF
2026-10-07T19:18:31.193704Z  INFO nanospam::wallets_factory: Waiting for confirmation for 9E66E3BFB912FE064D8594DFB9742B0916ED12C0A9861F55BDEE36DAA75C0B89
2026-10-07T19:18:31.399929Z  INFO nanospam::wallets_factory: Seeding Ӿ142,857 to nano_38hsw34fsr313w4woo7k81k7pgriia1rtu7kfna4h7tmn1e4hf64c6k5qyd3 for representative 65A90023F6C0D2181AAA63F005D81BBC0C04650505E21D5123F9AE1F9E992BFF
2026-10-07T19:18:31.401257Z  INFO nanospam::wallets_factory: Waiting for confirmation for CFBA2A87C72E19CF51B2239C23C9DED66BDEE5F057852359B1F3AF388CF4C586
2026-10-07T19:18:31.506595Z  INFO nanospam::wallets_factory: Waiting for confirmation for 5CEBFFBE2DC743A7884DDF69670027B09BAB621925008B4285835344BFE478CF
2026-10-07T19:18:31.713691Z  INFO nanospam::wallets_factory: Seeding Ӿ142,857 to nano_3pmqs816mxidfk587pe9sjpofuj85yx3t16m555sutg4dph5e61xhdrxgt1n for representative 633D9D614858AB1710D5D8C3180E2A082DC97208BA8C26BA6C6D1A86C8E31CC0
2026-10-07T19:18:31.715089Z  INFO nanospam::wallets_factory: Waiting for confirmation for 73164E6829A9C154183FF79C4095A96320B8E3DA0B8DA618DAECC14989F2B357
2026-10-07T19:18:31.923487Z  INFO nanospam::wallets_factory: Waiting for confirmation for 7F24FFEECD6E6AD0129625E72B2BA59A8628D42B080DC866BE488F58685AC523
2026-10-07T19:18:32.130209Z  INFO nanospam::wallets_factory: Seeding Ӿ142,857 to nano_33azyo38jktjm4qwbran41ffuzhh7ts57neczkt6yqnunf4fpcot7a6qwokr for representative 735FE217D91E88EA82324C5883296385FA0041C2FAC85C827BAA46DA1E14B83F
2026-10-07T19:18:32.131575Z  INFO nanospam::wallets_factory: Waiting for confirmation for 74E50368E3D4675B145F3EFA93BC97B050415B93D18CAEAFF4E72A25C775F144
2026-10-07T19:18:32.339025Z  INFO nanospam::wallets_factory: Waiting for confirmation for 4C13877F49085359626D1B178F20FE432E166E18564DEB1F0D40568C0B389AB7
2026-10-07T19:18:32.445698Z  INFO nanospam::high_prio_check: Creating high priority accounts...
2026-10-07T19:18:32.473489Z  INFO nanospam::high_prio_check: Waiting for confirmations...
2026-10-07T19:18:34.541850Z  INFO nanospam::app: Waiting for all PRs to see the full quorum...
2026-10-07T19:18:44.709861Z  INFO nanospam::app: Republished the genesis chain to all PRs
2026-10-07T19:18:49.612807Z  INFO nanospam::app: Republished the genesis chain to all PRs
2026-10-07T19:18:54.719481Z  INFO nanospam::app: Republished the genesis chain to all PRs
2026-10-07T19:18:59.624756Z  INFO nanospam::app: Republished the genesis chain to all PRs
2026-10-07T19:18:59.829463Z  INFO nanospam::app: All PRs see the full quorum after 25.288130958s
2026-10-07T19:18:59.829569Z  INFO nanospam::app: Waiting for all PRs to hold the same cemented ledger...
2026-10-07T19:18:59.830962Z  INFO nanospam::app: All PRs hold the same ledger of 65 blocks after 1.365583ms
EPOCH_COMMITTEE derived_by=genesis members=6 accounts=33 n=6 digest=95D409445152DD075E6A4799205DFA5689496EB8EE1A22AC2A200B9DBC2DCF27 shares=["A353E45E:16.7%", "65A90023:16.7%", "D315857C:16.7%", "911999B2:16.7%", "633D9D61:16.7%", "735FE217:16.7%"] t=1791400739831
EPOCH_START epoch=0 elections=0 t=1791400739831
EPOCH_COMMITTEE derived_by=genesis members=6 accounts=33 n=6 digest=95D409445152DD075E6A4799205DFA5689496EB8EE1A22AC2A200B9DBC2DCF27 shares=["A353E45E:16.7%", "65A90023:16.7%", "D315857C:16.7%", "911999B2:16.7%", "633D9D61:16.7%", "735FE217:16.7%"] t=1791400739831
EPOCH_START epoch=0 elections=0 t=1791400739832
EPOCH_COMMITTEE derived_by=genesis members=6 accounts=33 n=6 digest=95D409445152DD075E6A4799205DFA5689496EB8EE1A22AC2A200B9DBC2DCF27 shares=["A353E45E:16.7%", "65A90023:16.7%", "D315857C:16.7%", "911999B2:16.7%", "633D9D61:16.7%", "735FE217:16.7%"] t=1791400739832
EPOCH_START epoch=0 elections=0 t=1791400739832
EPOCH_COMMITTEE derived_by=genesis members=6 accounts=33 n=6 digest=95D409445152DD075E6A4799205DFA5689496EB8EE1A22AC2A200B9DBC2DCF27 shares=["A353E45E:16.7%", "65A90023:16.7%", "D315857C:16.7%", "911999B2:16.7%", "633D9D61:16.7%", "735FE217:16.7%"] t=1791400739833
EPOCH_START epoch=0 elections=0 t=1791400739833
EPOCH_COMMITTEE derived_by=genesis members=6 accounts=33 n=6 digest=95D409445152DD075E6A4799205DFA5689496EB8EE1A22AC2A200B9DBC2DCF27 shares=["A353E45E:16.7%", "65A90023:16.7%", "D315857C:16.7%", "911999B2:16.7%", "633D9D61:16.7%", "735FE217:16.7%"] t=1791400739833
EPOCH_START epoch=0 elections=0 t=1791400739833
EPOCH_COMMITTEE derived_by=genesis members=6 accounts=33 n=6 digest=95D409445152DD075E6A4799205DFA5689496EB8EE1A22AC2A200B9DBC2DCF27 shares=["A353E45E:16.7%", "65A90023:16.7%", "D315857C:16.7%", "911999B2:16.7%", "633D9D61:16.7%", "735FE217:16.7%"] t=1791400739833
EPOCH_START epoch=0 elections=0 t=1791400739834
2026-10-07T19:18:59.834157Z  INFO nanospam::app: Started the epochs on every PR
2026-10-07T19:18:59.834172Z  INFO nanospam::app: Connecting to node PR0... peer_addr=[::1]:17075
2026-10-07T19:18:59.834639Z  INFO nanospam::app: Performing handshake...
2026-10-07T19:18:59.835566Z  INFO nanospam::app: Performing handshake...
2026-10-07T19:18:59.846523Z  INFO nanospam::app: Performing handshake...
2026-10-07T19:18:59.857475Z  INFO nanospam::app: Performing handshake...
2026-10-07T19:18:59.868391Z  INFO nanospam::app: Connecting to node PR1... peer_addr=[::1]:17085
2026-10-07T19:18:59.868692Z  INFO nanospam::app: Performing handshake...
2026-10-07T19:18:59.869439Z  INFO nanospam::app: Performing handshake...
2026-10-07T19:18:59.880877Z  INFO nanospam::app: Performing handshake...
2026-10-07T19:18:59.892118Z  INFO nanospam::app: Performing handshake...
2026-10-07T19:18:59.903245Z  INFO nanospam::app: Connecting to node PR2... peer_addr=[::1]:17095
2026-10-07T19:18:59.903590Z  INFO nanospam::app: Performing handshake...
2026-10-07T19:18:59.904503Z  INFO nanospam::app: Performing handshake...
2026-10-07T19:18:59.916033Z  INFO nanospam::app: Performing handshake...
2026-10-07T19:18:59.927892Z  INFO nanospam::app: Performing handshake...
2026-10-07T19:18:59.939069Z  INFO nanospam::app: Connecting to node PR3... peer_addr=[::1]:17105
2026-10-07T19:18:59.939331Z  INFO nanospam::app: Performing handshake...
2026-10-07T19:18:59.940302Z  INFO nanospam::app: Performing handshake...
2026-10-07T19:18:59.952361Z  INFO nanospam::app: Performing handshake...
2026-10-07T19:18:59.964193Z  INFO nanospam::app: Performing handshake...
2026-10-07T19:18:59.975360Z  INFO nanospam::app: Connecting to node PR4... peer_addr=[::1]:17115
2026-10-07T19:18:59.975669Z  INFO nanospam::app: Performing handshake...
2026-10-07T19:18:59.976589Z  INFO nanospam::app: Performing handshake...
2026-10-07T19:18:59.988076Z  INFO nanospam::app: Performing handshake...
2026-10-07T19:18:59.999501Z  INFO nanospam::app: Performing handshake...
2026-10-07T19:19:00.010734Z  INFO nanospam::app: Connecting to node PR5... peer_addr=[::1]:17125
2026-10-07T19:19:00.011222Z  INFO nanospam::app: Performing handshake...
2026-10-07T19:19:00.011927Z  INFO nanospam::app: Performing handshake...
2026-10-07T19:19:00.023716Z  INFO nanospam::app: Performing handshake...
2026-10-07T19:19:00.034980Z  INFO nanospam::app: Performing handshake...
2026-10-07T19:19:00.046205Z  INFO nanospam::app: Connecting to websocket...
2026-10-07T19:19:00.047272Z  INFO nanospam::app: Starting with 2000 BPS
2026-10-07T19:19:01.048036Z  INFO nanospam::app: Confirmed 1,071 blocks | 2,000 bps | 1,146 cps | avg conf time: 86 ms
2026-10-07T19:19:02.048991Z  INFO nanospam::app: Confirmed 4,523 blocks | 2,000 bps | 3,448 cps | avg conf time: 150 ms
2026-10-07T19:19:03.050183Z  INFO nanospam::app: Confirmed 6,648 blocks | 2,000 bps | 2,122 cps | avg conf time: 97 ms
2026-10-07T19:19:04.051250Z  INFO nanospam::app: Confirmed 8,577 blocks | 2,000 bps | 1,926 cps | avg conf time: 94 ms
2026-10-07T19:19:05.051962Z  INFO nanospam::app: Confirmed 10,549 blocks | 2,000 bps | 1,970 cps | avg conf time: 92 ms
2026-10-07T19:19:06.053420Z  INFO nanospam::app: Confirmed 12,429 blocks | 2,000 bps | 1,877 cps | avg conf time: 94 ms
2026-10-07T19:19:07.054263Z  INFO nanospam::app: Confirmed 14,413 blocks | 2,000 bps | 1,982 cps | avg conf time: 94 ms
EPOCH_ENDED epoch=0 elections=200 active=173 t=1791400747850
EPOCH_ENDED epoch=0 elections=200 active=173 t=1791400747850
EPOCH_ENDED epoch=0 elections=200 active=173 t=1791400747850
EPOCH_ENDED epoch=0 elections=200 active=173 t=1791400747850
EPOCH_ENDED epoch=0 elections=201 active=174 t=1791400747850
EPOCH_ENDED epoch=0 elections=201 active=174 t=1791400747850
EPOCH_CARRIED epoch=0 instances=200 t=1791400747877
EPOCH_ADVANCED epoch=1 elections=400 active=373 vote_records=188025 t=1791400747878
EPOCH_CARRIED epoch=0 instances=200 t=1791400747880
EPOCH_ADVANCED epoch=1 elections=400 active=373 vote_records=188024 t=1791400747880
EPOCH_CARRIED epoch=0 instances=201 t=1791400747883
EPOCH_ADVANCED epoch=1 elections=402 active=375 vote_records=188024 t=1791400747883
EPOCH_CARRIED epoch=0 instances=200 t=1791400747883
EPOCH_ADVANCED epoch=1 elections=400 active=373 vote_records=188024 t=1791400747883
EPOCH_CLOSE_UNREADY epoch=0 short_of=reports usable=0 weight=0 required=5 held=0 theirs=[] t=1791400747884
EPOCH_CLOSE_UNREADY epoch=0 short_of=reports usable=0 weight=0 required=5 held=0 theirs=[] t=1791400747885
EPOCH_CARRIED epoch=0 instances=201 t=1791400747898
EPOCH_ADVANCED epoch=1 elections=402 active=375 vote_records=188024 t=1791400747898
EPOCH_CARRIED epoch=0 instances=200 t=1791400747925
EPOCH_ADVANCED epoch=1 elections=400 active=373 vote_records=188024 t=1791400747925
EPOCH_REPORT epoch=0 certified=16041 residual=161 root=7369C6CD35824A5588DE210386BA662B2D5A88BEFF3B8D0BE1456A0EEB4E4460 reports=1 t=1791400747933
EPOCH_REPORT epoch=0 certified=16041 residual=135 root=7369C6CD35824A5588DE210386BA662B2D5A88BEFF3B8D0BE1456A0EEB4E4460 reports=1 t=1791400747939
EPOCH_REPORT epoch=0 certified=16041 residual=166 root=7369C6CD35824A5588DE210386BA662B2D5A88BEFF3B8D0BE1456A0EEB4E4460 reports=1 t=1791400747951
EPOCH_REPORT epoch=0 certified=16041 residual=152 root=7369C6CD35824A5588DE210386BA662B2D5A88BEFF3B8D0BE1456A0EEB4E4460 reports=1 t=1791400747959
EPOCH_REPORT epoch=0 certified=16041 residual=133 root=7369C6CD35824A5588DE210386BA662B2D5A88BEFF3B8D0BE1456A0EEB4E4460 reports=1 t=1791400747960
EPOCH_RECONCILED epoch=0 reporter=A353E45E6D0016CAEED0DFA4EC5B0640E2AA22A793F9F2375E77F1AB92977C04 complete=false entries=0 total=16041 symbols=0 dropped=false t=1791400747963
EPOCH_RECONCILED epoch=0 reporter=A353E45E6D0016CAEED0DFA4EC5B0640E2AA22A793F9F2375E77F1AB92977C04 complete=true entries=135 total=135 symbols=0 dropped=false t=1791400747967
EPOCH_RECONCILED epoch=0 reporter=633D9D614858AB1710D5D8C3180E2A082DC97208BA8C26BA6C6D1A86C8E31CC0 complete=false entries=0 total=16041 symbols=0 dropped=false t=1791400747983
EPOCH_RECONCILED epoch=0 reporter=633D9D614858AB1710D5D8C3180E2A082DC97208BA8C26BA6C6D1A86C8E31CC0 complete=true entries=152 total=152 symbols=0 dropped=false t=1791400747987
EPOCH_RECONCILED epoch=0 reporter=A353E45E6D0016CAEED0DFA4EC5B0640E2AA22A793F9F2375E77F1AB92977C04 complete=false entries=0 total=16041 symbols=0 dropped=false t=1791400747988
EPOCH_CLOSE_UNREADY epoch=0 short_of=reports usable=2 weight=2 required=5 held=4 theirs=["735FE217:7369C6CD:D25CB72F", "633D9D61:7369C6CD:99D8E15B", "65A90023:7369C6CD:4FE1F930", "A353E45E:7369C6CD:2E080914"] t=1791400747989
EPOCH_REPORT epoch=0 certified=16041 residual=142 root=7369C6CD35824A5588DE210386BA662B2D5A88BEFF3B8D0BE1456A0EEB4E4460 reports=1 t=1791400747992
EPOCH_RECONCILED epoch=0 reporter=A353E45E6D0016CAEED0DFA4EC5B0640E2AA22A793F9F2375E77F1AB92977C04 complete=true entries=135 total=135 symbols=0 dropped=false t=1791400747995
EPOCH_RECONCILED epoch=0 reporter=911999B2AEFA7ACC66EBD802B3301FF6CE431405107749D940277955CB7FDD07 complete=false entries=0 total=16041 symbols=0 dropped=false t=1791400747997
EPOCH_RECONCILED epoch=0 reporter=911999B2AEFA7ACC66EBD802B3301FF6CE431405107749D940277955CB7FDD07 complete=true entries=161 total=161 symbols=0 dropped=false t=1791400748001
EPOCH_RECONCILED epoch=0 reporter=65A90023F6C0D2181AAA63F005D81BBC0C04650505E21D5123F9AE1F9E992BFF complete=false entries=0 total=16041 symbols=0 dropped=false t=1791400748003
EPOCH_RECONCILED epoch=0 reporter=65A90023F6C0D2181AAA63F005D81BBC0C04650505E21D5123F9AE1F9E992BFF complete=true entries=133 total=133 symbols=0 dropped=false t=1791400748011
EPOCH_RECONCILED epoch=0 reporter=911999B2AEFA7ACC66EBD802B3301FF6CE431405107749D940277955CB7FDD07 complete=false entries=0 total=16041 symbols=0 dropped=false t=1791400748059
EPOCH_RECONCILED epoch=0 reporter=911999B2AEFA7ACC66EBD802B3301FF6CE431405107749D940277955CB7FDD07 complete=false entries=0 total=16041 symbols=0 dropped=false t=1791400748061
2026-10-07T19:19:08.061867Z  INFO nanospam::app: Confirmed 16,118 blocks | 2,000 bps | 1,703 cps | avg conf time: 108 ms
EPOCH_RECONCILED epoch=0 reporter=911999B2AEFA7ACC66EBD802B3301FF6CE431405107749D940277955CB7FDD07 complete=true entries=161 total=161 symbols=0 dropped=false t=1791400748064
EPOCH_RECONCILED epoch=0 reporter=A353E45E6D0016CAEED0DFA4EC5B0640E2AA22A793F9F2375E77F1AB92977C04 complete=false entries=0 total=16041 symbols=0 dropped=false t=1791400748066
EPOCH_RECONCILED epoch=0 reporter=911999B2AEFA7ACC66EBD802B3301FF6CE431405107749D940277955CB7FDD07 complete=true entries=161 total=161 symbols=0 dropped=false t=1791400748069
EPOCH_RECONCILED epoch=0 reporter=633D9D614858AB1710D5D8C3180E2A082DC97208BA8C26BA6C6D1A86C8E31CC0 complete=false entries=0 total=16041 symbols=0 dropped=false t=1791400748071
EPOCH_RECONCILED epoch=0 reporter=A353E45E6D0016CAEED0DFA4EC5B0640E2AA22A793F9F2375E77F1AB92977C04 complete=true entries=135 total=135 symbols=0 dropped=false t=1791400748072
EPOCH_RECONCILED epoch=0 reporter=633D9D614858AB1710D5D8C3180E2A082DC97208BA8C26BA6C6D1A86C8E31CC0 complete=false entries=0 total=16041 symbols=0 dropped=false t=1791400748073
EPOCH_RECONCILED epoch=0 reporter=633D9D614858AB1710D5D8C3180E2A082DC97208BA8C26BA6C6D1A86C8E31CC0 complete=true entries=152 total=152 symbols=0 dropped=false t=1791400748079
EPOCH_RECONCILED epoch=0 reporter=633D9D614858AB1710D5D8C3180E2A082DC97208BA8C26BA6C6D1A86C8E31CC0 complete=true entries=152 total=152 symbols=0 dropped=false t=1791400748080
EPOCH_RECONCILED epoch=0 reporter=735FE217D91E88EA82324C5883296385FA0041C2FAC85C827BAA46DA1E14B83F complete=false entries=0 total=16041 symbols=0 dropped=false t=1791400748080
EPOCH_RECONCILED epoch=0 reporter=A353E45E6D0016CAEED0DFA4EC5B0640E2AA22A793F9F2375E77F1AB92977C04 complete=false entries=0 total=16041 symbols=0 dropped=false t=1791400748082
EPOCH_RECONCILED epoch=0 reporter=735FE217D91E88EA82324C5883296385FA0041C2FAC85C827BAA46DA1E14B83F complete=true entries=166 total=166 symbols=0 dropped=false t=1791400748087
EPOCH_RECONCILED epoch=0 reporter=65A90023F6C0D2181AAA63F005D81BBC0C04650505E21D5123F9AE1F9E992BFF complete=false entries=0 total=16041 symbols=0 dropped=false t=1791400748087
EPOCH_RECONCILED epoch=0 reporter=A353E45E6D0016CAEED0DFA4EC5B0640E2AA22A793F9F2375E77F1AB92977C04 complete=true entries=135 total=135 symbols=0 dropped=false t=1791400748090
EPOCH_RECONCILED epoch=0 reporter=735FE217D91E88EA82324C5883296385FA0041C2FAC85C827BAA46DA1E14B83F complete=false entries=0 total=16041 symbols=0 dropped=false t=1791400748092
EPOCH_RECONCILED epoch=0 reporter=65A90023F6C0D2181AAA63F005D81BBC0C04650505E21D5123F9AE1F9E992BFF complete=true entries=133 total=133 symbols=0 dropped=false t=1791400748093
EPOCH_RECONCILED epoch=0 reporter=735FE217D91E88EA82324C5883296385FA0041C2FAC85C827BAA46DA1E14B83F complete=true entries=166 total=166 symbols=0 dropped=false t=1791400748107
EPOCH_RECONCILED epoch=0 reporter=D315857CE70C54DE713F6E82E5613BB3A1266C15E28AD2F4338C7BBEC456F532 complete=false entries=0 total=16041 symbols=0 dropped=false t=1791400748108
EPOCH_RECONCILED epoch=0 reporter=D315857CE70C54DE713F6E82E5613BB3A1266C15E28AD2F4338C7BBEC456F532 complete=true entries=142 total=142 symbols=0 dropped=false t=1791400748118
EPOCH_CLOSE_READY epoch=0 t=1791400748184
EPOCH_RECONCILED epoch=0 reporter=911999B2AEFA7ACC66EBD802B3301FF6CE431405107749D940277955CB7FDD07 complete=false entries=0 total=16041 symbols=0 dropped=false t=1791400748187
EPOCH_RECONCILED epoch=0 reporter=735FE217D91E88EA82324C5883296385FA0041C2FAC85C827BAA46DA1E14B83F complete=false entries=0 total=16041 symbols=0 dropped=false t=1791400748191
EPOCH_RECONCILED epoch=0 reporter=911999B2AEFA7ACC66EBD802B3301FF6CE431405107749D940277955CB7FDD07 complete=true entries=161 total=161 symbols=0 dropped=false t=1791400748194
EPOCH_RECONCILED epoch=0 reporter=65A90023F6C0D2181AAA63F005D81BBC0C04650505E21D5123F9AE1F9E992BFF complete=false entries=0 total=16041 symbols=0 dropped=false t=1791400748195
EPOCH_RECONCILED epoch=0 reporter=735FE217D91E88EA82324C5883296385FA0041C2FAC85C827BAA46DA1E14B83F complete=true entries=166 total=166 symbols=0 dropped=false t=1791400748198
EPOCH_RECONCILED epoch=0 reporter=65A90023F6C0D2181AAA63F005D81BBC0C04650505E21D5123F9AE1F9E992BFF complete=false entries=0 total=16041 symbols=0 dropped=false t=1791400748200
EPOCH_RECONCILED epoch=0 reporter=65A90023F6C0D2181AAA63F005D81BBC0C04650505E21D5123F9AE1F9E992BFF complete=true entries=133 total=133 symbols=0 dropped=false t=1791400748204
EPOCH_RECONCILED epoch=0 reporter=65A90023F6C0D2181AAA63F005D81BBC0C04650505E21D5123F9AE1F9E992BFF complete=true entries=133 total=133 symbols=0 dropped=false t=1791400748205
EPOCH_RECONCILED epoch=0 reporter=633D9D614858AB1710D5D8C3180E2A082DC97208BA8C26BA6C6D1A86C8E31CC0 complete=false entries=0 total=16041 symbols=0 dropped=false t=1791400748205
EPOCH_RECONCILED epoch=0 reporter=D315857CE70C54DE713F6E82E5613BB3A1266C15E28AD2F4338C7BBEC456F532 complete=false entries=0 total=16041 symbols=0 dropped=false t=1791400748207
EPOCH_RECONCILED epoch=0 reporter=633D9D614858AB1710D5D8C3180E2A082DC97208BA8C26BA6C6D1A86C8E31CC0 complete=true entries=152 total=152 symbols=0 dropped=false t=1791400748209
EPOCH_RECONCILED epoch=0 reporter=911999B2AEFA7ACC66EBD802B3301FF6CE431405107749D940277955CB7FDD07 complete=false entries=0 total=16041 symbols=0 dropped=false t=1791400748209
EPOCH_RECONCILED epoch=0 reporter=D315857CE70C54DE713F6E82E5613BB3A1266C15E28AD2F4338C7BBEC456F532 complete=true entries=142 total=142 symbols=0 dropped=false t=1791400748212
EPOCH_RECONCILED epoch=0 reporter=A353E45E6D0016CAEED0DFA4EC5B0640E2AA22A793F9F2375E77F1AB92977C04 complete=false entries=0 total=16041 symbols=0 dropped=false t=1791400748213
EPOCH_RECONCILED epoch=0 reporter=911999B2AEFA7ACC66EBD802B3301FF6CE431405107749D940277955CB7FDD07 complete=true entries=161 total=161 symbols=0 dropped=false t=1791400748213
EPOCH_RECONCILED epoch=0 reporter=D315857CE70C54DE713F6E82E5613BB3A1266C15E28AD2F4338C7BBEC456F532 complete=false entries=0 total=16041 symbols=0 dropped=false t=1791400748214
EPOCH_RECONCILED epoch=0 reporter=A353E45E6D0016CAEED0DFA4EC5B0640E2AA22A793F9F2375E77F1AB92977C04 complete=true entries=135 total=135 symbols=0 dropped=false t=1791400748216
EPOCH_RECONCILED epoch=0 reporter=735FE217D91E88EA82324C5883296385FA0041C2FAC85C827BAA46DA1E14B83F complete=false entries=0 total=16041 symbols=0 dropped=false t=1791400748219
EPOCH_RECONCILED epoch=0 reporter=D315857CE70C54DE713F6E82E5613BB3A1266C15E28AD2F4338C7BBEC456F532 complete=true entries=142 total=142 symbols=0 dropped=false t=1791400748220
EPOCH_RECONCILED epoch=0 reporter=735FE217D91E88EA82324C5883296385FA0041C2FAC85C827BAA46DA1E14B83F complete=true entries=166 total=166 symbols=0 dropped=false t=1791400748228
EPOCH_CLOSE_READY epoch=0 t=1791400748246
EPOCH_CLOSE_ROUND epoch=0 round=0 leader=633D9D614858AB1710D5D8C3180E2A082DC97208BA8C26BA6C6D1A86C8E31CC0 leads=false t=1791400748269
EPOCH_RECONCILED epoch=0 reporter=735FE217D91E88EA82324C5883296385FA0041C2FAC85C827BAA46DA1E14B83F complete=false entries=0 total=16041 symbols=0 dropped=false t=1791400748285
EPOCH_RECONCILED epoch=0 reporter=735FE217D91E88EA82324C5883296385FA0041C2FAC85C827BAA46DA1E14B83F complete=true entries=166 total=166 symbols=0 dropped=false t=1791400748293
EPOCH_RECONCILED epoch=0 reporter=633D9D614858AB1710D5D8C3180E2A082DC97208BA8C26BA6C6D1A86C8E31CC0 complete=false entries=0 total=16041 symbols=0 dropped=false t=1791400748295
EPOCH_RECONCILED epoch=0 reporter=633D9D614858AB1710D5D8C3180E2A082DC97208BA8C26BA6C6D1A86C8E31CC0 complete=true entries=152 total=152 symbols=0 dropped=false t=1791400748303
EPOCH_RECONCILED epoch=0 reporter=65A90023F6C0D2181AAA63F005D81BBC0C04650505E21D5123F9AE1F9E992BFF complete=false entries=0 total=16041 symbols=0 dropped=false t=1791400748305
EPOCH_RECONCILED epoch=0 reporter=65A90023F6C0D2181AAA63F005D81BBC0C04650505E21D5123F9AE1F9E992BFF complete=true entries=133 total=133 symbols=0 dropped=false t=1791400748313
EPOCH_RECONCILED epoch=0 reporter=D315857CE70C54DE713F6E82E5613BB3A1266C15E28AD2F4338C7BBEC456F532 complete=false entries=0 total=16041 symbols=0 dropped=false t=1791400748315
EPOCH_RECONCILED epoch=0 reporter=D315857CE70C54DE713F6E82E5613BB3A1266C15E28AD2F4338C7BBEC456F532 complete=false entries=0 total=16041 symbols=0 dropped=false t=1791400748320
EPOCH_RECONCILED epoch=0 reporter=D315857CE70C54DE713F6E82E5613BB3A1266C15E28AD2F4338C7BBEC456F532 complete=true entries=142 total=142 symbols=0 dropped=false t=1791400748320
EPOCH_CLOSE_ROUND epoch=0 round=0 leader=633D9D614858AB1710D5D8C3180E2A082DC97208BA8C26BA6C6D1A86C8E31CC0 leads=false t=1791400748327
EPOCH_RECONCILED epoch=0 reporter=D315857CE70C54DE713F6E82E5613BB3A1266C15E28AD2F4338C7BBEC456F532 complete=true entries=142 total=142 symbols=0 dropped=false t=1791400748329
EPOCH_CLOSE_READY epoch=0 t=1791400748345
EPOCH_CLOSE_ROUND epoch=0 round=0 leader=633D9D614858AB1710D5D8C3180E2A082DC97208BA8C26BA6C6D1A86C8E31CC0 leads=false t=1791400748347
EPOCH_CLOSE_READY epoch=0 t=1791400748412
EPOCH_CLOSE_READY epoch=0 t=1791400748423
EPOCH_CLOSE_READY epoch=0 t=1791400748434
EPOCH_CLOSE_ROUND epoch=0 round=0 leader=633D9D614858AB1710D5D8C3180E2A082DC97208BA8C26BA6C6D1A86C8E31CC0 leads=false t=1791400748475
EPOCH_PROPOSED epoch=0 round=0 value=79DD709EF270FBD8A796D4E5C1C7EE7ED5A87D72AF6083DDE9403181A97563DE state=F4E0D52B342052A40FFDB08CB0521A72A087E59C7AD097B0596302E3AF0AF330 reports=5 t=1791400748496
EPOCH_VALUE epoch=0 value=79DD709EF270FBD8A796D4E5C1C7EE7ED5A87D72AF6083DDE9403181A97563DE state=F4E0D52B342052A40FFDB08CB0521A72A087E59C7AD097B0596302E3AF0AF330 t=1791400748496
EPOCH_CLOSE_ROUND epoch=0 round=0 leader=633D9D614858AB1710D5D8C3180E2A082DC97208BA8C26BA6C6D1A86C8E31CC0 leads=true t=1791400748497
EPOCH_CLOSE_ROUND epoch=0 round=0 leader=633D9D614858AB1710D5D8C3180E2A082DC97208BA8C26BA6C6D1A86C8E31CC0 leads=false t=1791400748552
EPOCH_VALUE epoch=0 value=79DD709EF270FBD8A796D4E5C1C7EE7ED5A87D72AF6083DDE9403181A97563DE state=F4E0D52B342052A40FFDB08CB0521A72A087E59C7AD097B0596302E3AF0AF330 t=1791400748566
EPOCH_VALUE epoch=0 value=79DD709EF270FBD8A796D4E5C1C7EE7ED5A87D72AF6083DDE9403181A97563DE state=F4E0D52B342052A40FFDB08CB0521A72A087E59C7AD097B0596302E3AF0AF330 t=1791400748568
EPOCH_VALUE epoch=0 value=79DD709EF270FBD8A796D4E5C1C7EE7ED5A87D72AF6083DDE9403181A97563DE state=F4E0D52B342052A40FFDB08CB0521A72A087E59C7AD097B0596302E3AF0AF330 t=1791400748575
EPOCH_VALUE epoch=0 value=79DD709EF270FBD8A796D4E5C1C7EE7ED5A87D72AF6083DDE9403181A97563DE state=F4E0D52B342052A40FFDB08CB0521A72A087E59C7AD097B0596302E3AF0AF330 t=1791400748575
EPOCH_VALUE epoch=0 value=79DD709EF270FBD8A796D4E5C1C7EE7ED5A87D72AF6083DDE9403181A97563DE state=F4E0D52B342052A40FFDB08CB0521A72A087E59C7AD097B0596302E3AF0AF330 t=1791400748602
EPOCH_CLOSE_ROUND epoch=0 round=1 leader=65A90023F6C0D2181AAA63F005D81BBC0C04650505E21D5123F9AE1F9E992BFF leads=false t=1791400748801
EPOCH_INSTALL epoch=0 finalized=15976 instances_confirmed=0 t=1791400748843
EPOCH_INSTALL epoch=0 finalized=15976 instances_confirmed=0 t=1791400748843
EPOCH_INSTALL epoch=0 finalized=15976 instances_confirmed=0 t=1791400748844
EPOCH_INSTALL epoch=0 finalized=15976 instances_confirmed=0 t=1791400748844
EPOCH_INSTALL epoch=0 finalized=15976 instances_confirmed=0 t=1791400748849
EPOCH_INSTALL epoch=0 finalized=15976 instances_confirmed=0 t=1791400748849
2026-10-07T19:19:09.062832Z  INFO nanospam::app: Confirmed 16,118 blocks | 2,000 bps | 0 cps | avg conf time: 0 ms
EPOCH_COMMITTEE derived_by=0 members=6 accounts=7316 n=6 digest=95D409445152DD075E6A4799205DFA5689496EB8EE1A22AC2A200B9DBC2DCF27 shares=["735FE217:16.7%", "65A90023:16.7%", "D315857C:16.7%", "911999B2:16.7%", "633D9D61:16.7%", "A353E45E:16.7%"] t=1791400749142
EPOCH_LOCKS epoch=0 continued=0 kinds={"locks=1 kind=Some(Recovery) nc_here=false saved=true": 10, "locks=1 kind=Some(Recovery) nc_here=true saved=true": 7} t=1791400749142
EPOCH_OMITTED epoch=0 instances=22 retained=17 t=1791400749142
EPOCH_COMMITTEE derived_by=0 members=6 accounts=7316 n=6 digest=95D409445152DD075E6A4799205DFA5689496EB8EE1A22AC2A200B9DBC2DCF27 shares=["735FE217:16.7%", "65A90023:16.7%", "D315857C:16.7%", "911999B2:16.7%", "633D9D61:16.7%", "A353E45E:16.7%"] t=1791400749151
EPOCH_LOCKS epoch=0 continued=0 kinds={"locks=1 kind=Some(Recovery) nc_here=false saved=true": 10, "locks=1 kind=Some(Recovery) nc_here=true saved=true": 7} t=1791400749151
EPOCH_OMITTED epoch=0 instances=22 retained=17 t=1791400749151
EPOCH_COMMITTEE derived_by=0 members=6 accounts=7316 n=6 digest=95D409445152DD075E6A4799205DFA5689496EB8EE1A22AC2A200B9DBC2DCF27 shares=["735FE217:16.7%", "65A90023:16.7%", "D315857C:16.7%", "911999B2:16.7%", "633D9D61:16.7%", "A353E45E:16.7%"] t=1791400749151
EPOCH_LOCKS epoch=0 continued=0 kinds={"locks=1 kind=Some(Recovery) nc_here=false saved=true": 10, "locks=1 kind=Some(Recovery) nc_here=true saved=true": 7} t=1791400749152
EPOCH_OMITTED epoch=0 instances=22 retained=17 t=1791400749152
EPOCH_COMMITTEE derived_by=0 members=6 accounts=7316 n=6 digest=95D409445152DD075E6A4799205DFA5689496EB8EE1A22AC2A200B9DBC2DCF27 shares=["735FE217:16.7%", "65A90023:16.7%", "D315857C:16.7%", "911999B2:16.7%", "633D9D61:16.7%", "A353E45E:16.7%"] t=1791400749152
EPOCH_LOCKS epoch=0 continued=0 kinds={"locks=1 kind=Some(Recovery) nc_here=false saved=true": 10, "locks=1 kind=Some(Recovery) nc_here=true saved=true": 7} t=1791400749152
EPOCH_OMITTED epoch=0 instances=22 retained=17 t=1791400749152
EPOCH_GATE epoch=1 released=1892 finalized=1658 t=1791400749154
EPOCH_CLOSED epoch=0 round=0 value=79DD709EF270FBD8A796D4E5C1C7EE7ED5A87D72AF6083DDE9403181A97563DE state=F4E0D52B342052A40FFDB08CB0521A72A087E59C7AD097B0596302E3AF0AF330 t=1791400749154
EPOCH_COMMITTEE derived_by=0 members=6 accounts=7316 n=6 digest=95D409445152DD075E6A4799205DFA5689496EB8EE1A22AC2A200B9DBC2DCF27 shares=["735FE217:16.7%", "65A90023:16.7%", "D315857C:16.7%", "911999B2:16.7%", "633D9D61:16.7%", "A353E45E:16.7%"] t=1791400749154
EPOCH_LOCKS epoch=0 continued=0 kinds={"locks=1 kind=Some(Recovery) nc_here=false saved=true": 10, "locks=1 kind=Some(Recovery) nc_here=true saved=true": 7} t=1791400749155
EPOCH_OMITTED epoch=0 instances=22 retained=17 t=1791400749155
EPOCH_GATE epoch=1 released=1892 finalized=1658 t=1791400749163
EPOCH_CLOSED epoch=0 round=0 value=79DD709EF270FBD8A796D4E5C1C7EE7ED5A87D72AF6083DDE9403181A97563DE state=F4E0D52B342052A40FFDB08CB0521A72A087E59C7AD097B0596302E3AF0AF330 t=1791400749163
EPOCH_GATE epoch=1 released=1892 finalized=1658 t=1791400749164
EPOCH_CLOSED epoch=0 round=0 value=79DD709EF270FBD8A796D4E5C1C7EE7ED5A87D72AF6083DDE9403181A97563DE state=F4E0D52B342052A40FFDB08CB0521A72A087E59C7AD097B0596302E3AF0AF330 t=1791400749164
EPOCH_GATE epoch=1 released=1892 finalized=1658 t=1791400749166
EPOCH_CLOSED epoch=0 round=0 value=79DD709EF270FBD8A796D4E5C1C7EE7ED5A87D72AF6083DDE9403181A97563DE state=F4E0D52B342052A40FFDB08CB0521A72A087E59C7AD097B0596302E3AF0AF330 t=1791400749166
EPOCH_GATE epoch=1 released=1892 finalized=1658 t=1791400749169
EPOCH_CLOSED epoch=0 round=0 value=79DD709EF270FBD8A796D4E5C1C7EE7ED5A87D72AF6083DDE9403181A97563DE state=F4E0D52B342052A40FFDB08CB0521A72A087E59C7AD097B0596302E3AF0AF330 t=1791400749169
EPOCH_INSTALLED epoch=0 finalized=15976 cemented=15976 queued=0 missing=0 t=1791400749205
EPOCH_RETAINED epoch=0 retained=152 held=152 missing=0 t=1791400749205
EPOCH_INSTALLED epoch=0 finalized=15976 cemented=15976 queued=0 missing=0 t=1791400749209
EPOCH_RETAINED epoch=0 retained=152 held=152 missing=0 t=1791400749209
EPOCH_INSTALLED epoch=0 finalized=15976 cemented=15976 queued=0 missing=0 t=1791400749213
EPOCH_RETAINED epoch=0 retained=152 held=152 missing=0 t=1791400749213
EPOCH_EVIDENCE_RELEASED epoch=0 t=1791400749218
EPOCH_EVIDENCE_RELEASED epoch=0 t=1791400749225
EPOCH_EVIDENCE_RELEASED epoch=0 t=1791400749226
EPOCH_EVIDENCE_RELEASED epoch=0 t=1791400749230
EPOCH_INSTALLED epoch=0 finalized=15976 cemented=15976 queued=0 missing=0 t=1791400749274
EPOCH_RETAINED epoch=0 retained=152 held=152 missing=0 t=1791400749274
EPOCH_INSTALLED epoch=0 finalized=15976 cemented=15976 queued=0 missing=0 t=1791400749281
EPOCH_RETAINED epoch=0 retained=152 held=152 missing=0 t=1791400749281
EPOCH_EVIDENCE_RELEASED epoch=0 t=1791400749276
EPOCH_COMMITTEE derived_by=0 members=6 accounts=7316 n=6 digest=95D409445152DD075E6A4799205DFA5689496EB8EE1A22AC2A200B9DBC2DCF27 shares=["735FE217:16.7%", "65A90023:16.7%", "D315857C:16.7%", "911999B2:16.7%", "633D9D61:16.7%", "A353E45E:16.7%"] t=1791400749739
EPOCH_LOCKS epoch=0 continued=0 kinds={"locks=1 kind=Some(Recovery) nc_here=false saved=true": 10, "locks=1 kind=Some(Recovery) nc_here=true saved=true": 7} t=1791400749739
EPOCH_OMITTED epoch=0 instances=22 retained=17 t=1791400749739
EPOCH_GATE epoch=1 released=1892 finalized=1658 t=1791400749768
EPOCH_CLOSED epoch=0 round=0 value=79DD709EF270FBD8A796D4E5C1C7EE7ED5A87D72AF6083DDE9403181A97563DE state=F4E0D52B342052A40FFDB08CB0521A72A087E59C7AD097B0596302E3AF0AF330 t=1791400749768
EPOCH_EVIDENCE_RELEASED epoch=0 t=1791400749798
EPOCH_INSTALLED epoch=0 finalized=15976 cemented=15976 queued=0 missing=0 t=1791400749827
EPOCH_RETAINED epoch=0 retained=152 held=152 missing=0 t=1791400749828
2026-10-07T19:19:10.063805Z  INFO nanospam::app: Confirmed 17,144 blocks | 2,000 bps | 1,024 cps | avg conf time: 1739 ms
2026-10-07T19:19:11.064925Z  INFO nanospam::app: Confirmed 22,124 blocks | 2,000 bps | 4,974 cps | avg conf time: 747 ms
2026-10-07T19:19:12.065816Z  INFO nanospam::app: Confirmed 23,998 blocks | 2,000 bps | 1,872 cps | avg conf time: 94 ms
2026-10-07T19:19:13.067077Z  INFO nanospam::app: Confirmed 25,936 blocks | 2,000 bps | 1,935 cps | avg conf time: 96 ms
2026-10-07T19:19:14.068129Z  INFO nanospam::app: Confirmed 27,905 blocks | 2,000 bps | 1,966 cps | avg conf time: 97 ms
2026-10-07T19:19:15.068831Z  INFO nanospam::app: Confirmed 29,774 blocks | 2,000 bps | 1,867 cps | avg conf time: 98 ms
EPOCH_ENDED epoch=1 elections=214 active=178 t=1791400755842
EPOCH_ENDED epoch=1 elections=214 active=178 t=1791400755842
EPOCH_ENDED epoch=1 elections=214 active=178 t=1791400755842
EPOCH_ENDED epoch=1 elections=215 active=179 t=1791400755842
EPOCH_ENDED epoch=1 elections=214 active=178 t=1791400755842
EPOCH_ENDED epoch=1 elections=215 active=179 t=1791400755842
EPOCH_CARRIED epoch=1 instances=197 t=1791400755884
EPOCH_ADVANCED epoch=2 elections=411 active=375 vote_records=371690 t=1791400755884
EPOCH_CARRIED epoch=1 instances=198 t=1791400755891
EPOCH_ADVANCED epoch=2 elections=413 active=377 vote_records=371689 t=1791400755891
EPOCH_CARRIED epoch=1 instances=197 t=1791400755895
EPOCH_ADVANCED epoch=2 elections=411 active=375 vote_records=371689 t=1791400755896
EPOCH_CARRIED epoch=1 instances=197 t=1791400755904
EPOCH_ADVANCED epoch=2 elections=411 active=375 vote_records=371689 t=1791400755904
EPOCH_CARRIED epoch=1 instances=197 t=1791400755908
EPOCH_ADVANCED epoch=2 elections=411 active=375 vote_records=371689 t=1791400755908
EPOCH_CLOSE_UNREADY epoch=1 short_of=reports usable=0 weight=0 required=5 held=0 theirs=[] t=1791400755928
EPOCH_REPORT epoch=1 certified=31372 residual=157 root=728C5552EDE14F1788E095F4586D0F1B1E472A1D27856B378C28AB832238DCF5 reports=1 t=1791400755997
EPOCH_REPORT epoch=1 certified=31372 residual=146 root=728C5552EDE14F1788E095F4586D0F1B1E472A1D27856B378C28AB832238DCF5 reports=1 t=1791400756000
EPOCH_CARRIED epoch=1 instances=198 t=1791400756014
EPOCH_ADVANCED epoch=2 elections=413 active=377 vote_records=371689 t=1791400756014
EPOCH_REPORT epoch=1 certified=31372 residual=135 root=728C5552EDE14F1788E095F4586D0F1B1E472A1D27856B378C28AB832238DCF5 reports=1 t=1791400756054
2026-10-07T19:19:16.070469Z  INFO nanospam::app: Confirmed 31,278 blocks | 2,000 bps | 1,501 cps | avg conf time: 97 ms
EPOCH_RECONCILED epoch=1 reporter=911999B2AEFA7ACC66EBD802B3301FF6CE431405107749D940277955CB7FDD07 complete=false entries=0 total=31372 symbols=0 dropped=false t=1791400756082
EPOCH_RECONCILED epoch=1 reporter=65A90023F6C0D2181AAA63F005D81BBC0C04650505E21D5123F9AE1F9E992BFF complete=false entries=0 total=31372 symbols=0 dropped=false t=1791400756086
EPOCH_REPORT epoch=1 certified=31372 residual=133 root=728C5552EDE14F1788E095F4586D0F1B1E472A1D27856B378C28AB832238DCF5 reports=1 t=1791400756087
EPOCH_RECONCILED epoch=1 reporter=65A90023F6C0D2181AAA63F005D81BBC0C04650505E21D5123F9AE1F9E992BFF complete=true entries=157 total=157 symbols=0 dropped=false t=1791400756090
EPOCH_RECONCILED epoch=1 reporter=911999B2AEFA7ACC66EBD802B3301FF6CE431405107749D940277955CB7FDD07 complete=false entries=0 total=31372 symbols=0 dropped=false t=1791400756091
EPOCH_RECONCILED epoch=1 reporter=911999B2AEFA7ACC66EBD802B3301FF6CE431405107749D940277955CB7FDD07 complete=true entries=146 total=146 symbols=0 dropped=false t=1791400756097
EPOCH_RECONCILED epoch=1 reporter=65A90023F6C0D2181AAA63F005D81BBC0C04650505E21D5123F9AE1F9E992BFF complete=false entries=0 total=31372 symbols=0 dropped=false t=1791400756099
EPOCH_RECONCILED epoch=1 reporter=65A90023F6C0D2181AAA63F005D81BBC0C04650505E21D5123F9AE1F9E992BFF complete=true entries=157 total=157 symbols=0 dropped=false t=1791400756105
EPOCH_RECONCILED epoch=1 reporter=735FE217D91E88EA82324C5883296385FA0041C2FAC85C827BAA46DA1E14B83F complete=false entries=0 total=31372 symbols=0 dropped=false t=1791400756108
EPOCH_RECONCILED epoch=1 reporter=735FE217D91E88EA82324C5883296385FA0041C2FAC85C827BAA46DA1E14B83F complete=true entries=141 total=141 symbols=0 dropped=false t=1791400756115
EPOCH_RECONCILED epoch=1 reporter=735FE217D91E88EA82324C5883296385FA0041C2FAC85C827BAA46DA1E14B83F complete=false entries=0 total=31372 symbols=0 dropped=false t=1791400756125
EPOCH_RECONCILED epoch=1 reporter=911999B2AEFA7ACC66EBD802B3301FF6CE431405107749D940277955CB7FDD07 complete=true entries=146 total=146 symbols=0 dropped=false t=1791400756125
EPOCH_RECONCILED epoch=1 reporter=735FE217D91E88EA82324C5883296385FA0041C2FAC85C827BAA46DA1E14B83F complete=true entries=141 total=141 symbols=0 dropped=false t=1791400756142
EPOCH_REPORT epoch=1 certified=31372 residual=141 root=728C5552EDE14F1788E095F4586D0F1B1E472A1D27856B378C28AB832238DCF5 reports=1 t=1791400756144
EPOCH_RECONCILED epoch=1 reporter=A353E45E6D0016CAEED0DFA4EC5B0640E2AA22A793F9F2375E77F1AB92977C04 complete=false entries=0 total=31372 symbols=0 dropped=false t=1791400756145
EPOCH_RECONCILED epoch=1 reporter=A353E45E6D0016CAEED0DFA4EC5B0640E2AA22A793F9F2375E77F1AB92977C04 complete=true entries=133 total=133 symbols=0 dropped=false t=1791400756155
EPOCH_RECONCILED epoch=1 reporter=911999B2AEFA7ACC66EBD802B3301FF6CE431405107749D940277955CB7FDD07 complete=false entries=0 total=31372 symbols=0 dropped=false t=1791400756158
EPOCH_RECONCILED epoch=1 reporter=911999B2AEFA7ACC66EBD802B3301FF6CE431405107749D940277955CB7FDD07 complete=true entries=146 total=146 symbols=0 dropped=false t=1791400756166
EPOCH_RECONCILED epoch=1 reporter=65A90023F6C0D2181AAA63F005D81BBC0C04650505E21D5123F9AE1F9E992BFF complete=false entries=0 total=31372 symbols=0 dropped=false t=1791400756174
EPOCH_RECONCILED epoch=1 reporter=735FE217D91E88EA82324C5883296385FA0041C2FAC85C827BAA46DA1E14B83F complete=false entries=0 total=31372 symbols=0 dropped=false t=1791400756197
EPOCH_RECONCILED epoch=1 reporter=911999B2AEFA7ACC66EBD802B3301FF6CE431405107749D940277955CB7FDD07 complete=false entries=0 total=31372 symbols=0 dropped=false t=1791400756200
EPOCH_REPORT epoch=1 certified=31372 residual=154 root=728C5552EDE14F1788E095F4586D0F1B1E472A1D27856B378C28AB832238DCF5 reports=1 t=1791400756208
EPOCH_RECONCILED epoch=1 reporter=735FE217D91E88EA82324C5883296385FA0041C2FAC85C827BAA46DA1E14B83F complete=true entries=141 total=141 symbols=0 dropped=false t=1791400756217
EPOCH_RECONCILED epoch=1 reporter=A353E45E6D0016CAEED0DFA4EC5B0640E2AA22A793F9F2375E77F1AB92977C04 complete=false entries=0 total=31372 symbols=0 dropped=false t=1791400756221
EPOCH_RECONCILED epoch=1 reporter=911999B2AEFA7ACC66EBD802B3301FF6CE431405107749D940277955CB7FDD07 complete=true entries=146 total=146 symbols=0 dropped=false t=1791400756222
EPOCH_RECONCILED epoch=1 reporter=A353E45E6D0016CAEED0DFA4EC5B0640E2AA22A793F9F2375E77F1AB92977C04 complete=true entries=133 total=133 symbols=0 dropped=false t=1791400756259
EPOCH_RECONCILED epoch=1 reporter=65A90023F6C0D2181AAA63F005D81BBC0C04650505E21D5123F9AE1F9E992BFF complete=false entries=0 total=31372 symbols=0 dropped=false t=1791400756261
EPOCH_RECONCILED epoch=1 reporter=65A90023F6C0D2181AAA63F005D81BBC0C04650505E21D5123F9AE1F9E992BFF complete=true entries=157 total=157 symbols=0 dropped=false t=1791400756273
EPOCH_RECONCILED epoch=1 reporter=633D9D614858AB1710D5D8C3180E2A082DC97208BA8C26BA6C6D1A86C8E31CC0 complete=false entries=0 total=31372 symbols=0 dropped=false t=1791400756274
EPOCH_RECONCILED epoch=1 reporter=633D9D614858AB1710D5D8C3180E2A082DC97208BA8C26BA6C6D1A86C8E31CC0 complete=false entries=0 total=31372 symbols=0 dropped=false t=1791400756288
EPOCH_RECONCILED epoch=1 reporter=65A90023F6C0D2181AAA63F005D81BBC0C04650505E21D5123F9AE1F9E992BFF complete=false entries=78 total=31372 symbols=108 dropped=false t=1791400756291
EPOCH_RECONCILED epoch=1 reporter=633D9D614858AB1710D5D8C3180E2A082DC97208BA8C26BA6C6D1A86C8E31CC0 complete=true entries=135 total=135 symbols=0 dropped=false t=1791400756294
EPOCH_RECONCILED epoch=1 reporter=633D9D614858AB1710D5D8C3180E2A082DC97208BA8C26BA6C6D1A86C8E31CC0 complete=true entries=135 total=135 symbols=0 dropped=false t=1791400756296
EPOCH_RECONCILED epoch=1 reporter=65A90023F6C0D2181AAA63F005D81BBC0C04650505E21D5123F9AE1F9E992BFF complete=true entries=157 total=157 symbols=0 dropped=false t=1791400756296
EPOCH_RECONCILED epoch=1 reporter=911999B2AEFA7ACC66EBD802B3301FF6CE431405107749D940277955CB7FDD07 complete=false entries=0 total=31372 symbols=0 dropped=false t=1791400756296
EPOCH_RECONCILED epoch=1 reporter=911999B2AEFA7ACC66EBD802B3301FF6CE431405107749D940277955CB7FDD07 complete=true entries=146 total=146 symbols=0 dropped=false t=1791400756307
EPOCH_RECONCILED epoch=1 reporter=735FE217D91E88EA82324C5883296385FA0041C2FAC85C827BAA46DA1E14B83F complete=false entries=0 total=31372 symbols=0 dropped=false t=1791400756308
EPOCH_RECONCILED epoch=1 reporter=735FE217D91E88EA82324C5883296385FA0041C2FAC85C827BAA46DA1E14B83F complete=true entries=141 total=141 symbols=0 dropped=false t=1791400756318
EPOCH_RECONCILED epoch=1 reporter=A353E45E6D0016CAEED0DFA4EC5B0640E2AA22A793F9F2375E77F1AB92977C04 complete=false entries=0 total=31372 symbols=0 dropped=false t=1791400756336
EPOCH_CLOSE_UNREADY epoch=1 short_of=reports usable=2 weight=2 required=5 held=5 theirs=["A353E45E:728C5552:C4021C82", "65A90023:728C5552:C850489D", "633D9D61:728C5552:A21C70D0", "735FE217:728C5552:F4ABB398", "911999B2:728C5552:4BB52A41"] t=1791400756346
EPOCH_RECONCILED epoch=1 reporter=A353E45E6D0016CAEED0DFA4EC5B0640E2AA22A793F9F2375E77F1AB92977C04 complete=true entries=133 total=133 symbols=0 dropped=false t=1791400756347
EPOCH_RECONCILED epoch=1 reporter=D315857CE70C54DE713F6E82E5613BB3A1266C15E28AD2F4338C7BBEC456F532 complete=false entries=0 total=31372 symbols=0 dropped=false t=1791400756352
EPOCH_RECONCILED epoch=1 reporter=D315857CE70C54DE713F6E82E5613BB3A1266C15E28AD2F4338C7BBEC456F532 complete=true entries=154 total=154 symbols=0 dropped=false t=1791400756369
EPOCH_CLOSE_UNREADY epoch=1 short_of=reports usable=3 weight=3 required=5 held=5 theirs=["A353E45E:728C5552:C4021C82", "65A90023:728C5552:C850489D", "633D9D61:728C5552:A21C70D0", "D315857C:728C5552:9580AF65", "911999B2:728C5552:4BB52A41"] t=1791400756377
EPOCH_CLOSE_UNREADY epoch=1 short_of=reports usable=4 weight=4 required=5 held=5 theirs=["D315857C:728C5552:9580AF65", "633D9D61:728C5552:A21C70D0", "735FE217:728C5552:F4ABB398", "911999B2:728C5552:4BB52A41", "65A90023:728C5552:C850489D"] t=1791400756449
EPOCH_RECONCILED epoch=1 reporter=A353E45E6D0016CAEED0DFA4EC5B0640E2AA22A793F9F2375E77F1AB92977C04 complete=false entries=0 total=31372 symbols=0 dropped=false t=1791400756471
EPOCH_RECONCILED epoch=1 reporter=A353E45E6D0016CAEED0DFA4EC5B0640E2AA22A793F9F2375E77F1AB92977C04 complete=true entries=133 total=133 symbols=0 dropped=false t=1791400756486
EPOCH_RECONCILED epoch=1 reporter=A353E45E6D0016CAEED0DFA4EC5B0640E2AA22A793F9F2375E77F1AB92977C04 complete=false entries=0 total=31372 symbols=0 dropped=false t=1791400756502
EPOCH_RECONCILED epoch=1 reporter=65A90023F6C0D2181AAA63F005D81BBC0C04650505E21D5123F9AE1F9E992BFF complete=true entries=157 total=157 symbols=0 dropped=false t=1791400756508
EPOCH_RECONCILED epoch=1 reporter=A353E45E6D0016CAEED0DFA4EC5B0640E2AA22A793F9F2375E77F1AB92977C04 complete=true entries=133 total=133 symbols=0 dropped=false t=1791400756512
EPOCH_RECONCILED epoch=1 reporter=633D9D614858AB1710D5D8C3180E2A082DC97208BA8C26BA6C6D1A86C8E31CC0 complete=false entries=0 total=31372 symbols=0 dropped=false t=1791400756513
EPOCH_RECONCILED epoch=1 reporter=633D9D614858AB1710D5D8C3180E2A082DC97208BA8C26BA6C6D1A86C8E31CC0 complete=false entries=0 total=31372 symbols=0 dropped=false t=1791400756518
EPOCH_RECONCILED epoch=1 reporter=633D9D614858AB1710D5D8C3180E2A082DC97208BA8C26BA6C6D1A86C8E31CC0 complete=true entries=135 total=135 symbols=0 dropped=false t=1791400756526
EPOCH_RECONCILED epoch=1 reporter=633D9D614858AB1710D5D8C3180E2A082DC97208BA8C26BA6C6D1A86C8E31CC0 complete=true entries=135 total=135 symbols=0 dropped=false t=1791400756528
EPOCH_RECONCILED epoch=1 reporter=D315857CE70C54DE713F6E82E5613BB3A1266C15E28AD2F4338C7BBEC456F532 complete=false entries=0 total=31372 symbols=0 dropped=false t=1791400756529
EPOCH_RECONCILED epoch=1 reporter=735FE217D91E88EA82324C5883296385FA0041C2FAC85C827BAA46DA1E14B83F complete=false entries=0 total=31372 symbols=0 dropped=false t=1791400756531
EPOCH_RECONCILED epoch=1 reporter=D315857CE70C54DE713F6E82E5613BB3A1266C15E28AD2F4338C7BBEC456F532 complete=true entries=154 total=154 symbols=0 dropped=false t=1791400756542
EPOCH_RECONCILED epoch=1 reporter=735FE217D91E88EA82324C5883296385FA0041C2FAC85C827BAA46DA1E14B83F complete=true entries=141 total=141 symbols=0 dropped=false t=1791400756547
EPOCH_CLOSE_READY epoch=1 t=1791400756549
EPOCH_CLOSE_ROUND epoch=1 round=0 leader=65A90023F6C0D2181AAA63F005D81BBC0C04650505E21D5123F9AE1F9E992BFF leads=false t=1791400756552
EPOCH_CLOSE_READY epoch=1 t=1791400756570
EPOCH_CLOSE_ROUND epoch=1 round=0 leader=65A90023F6C0D2181AAA63F005D81BBC0C04650505E21D5123F9AE1F9E992BFF leads=false t=1791400756574
EPOCH_RECONCILED epoch=1 reporter=D315857CE70C54DE713F6E82E5613BB3A1266C15E28AD2F4338C7BBEC456F532 complete=false entries=0 total=31372 symbols=0 dropped=false t=1791400756607
EPOCH_RECONCILED epoch=1 reporter=D315857CE70C54DE713F6E82E5613BB3A1266C15E28AD2F4338C7BBEC456F532 complete=true entries=154 total=154 symbols=0 dropped=false t=1791400756622
EPOCH_RECONCILED epoch=1 reporter=633D9D614858AB1710D5D8C3180E2A082DC97208BA8C26BA6C6D1A86C8E31CC0 complete=false entries=0 total=31372 symbols=0 dropped=false t=1791400756625
EPOCH_RECONCILED epoch=1 reporter=633D9D614858AB1710D5D8C3180E2A082DC97208BA8C26BA6C6D1A86C8E31CC0 complete=true entries=135 total=135 symbols=0 dropped=false t=1791400756634
EPOCH_CLOSE_READY epoch=1 t=1791400756658
EPOCH_RECONCILED epoch=1 reporter=D315857CE70C54DE713F6E82E5613BB3A1266C15E28AD2F4338C7BBEC456F532 complete=false entries=0 total=31372 symbols=0 dropped=false t=1791400756712
EPOCH_CLOSE_READY epoch=1 t=1791400756721
EPOCH_RECONCILED epoch=1 reporter=D315857CE70C54DE713F6E82E5613BB3A1266C15E28AD2F4338C7BBEC456F532 complete=true entries=154 total=154 symbols=0 dropped=false t=1791400756731
EPOCH_CLOSE_ROUND epoch=1 round=0 leader=65A90023F6C0D2181AAA63F005D81BBC0C04650505E21D5123F9AE1F9E992BFF leads=false t=1791400756737
EPOCH_RECONCILED epoch=1 reporter=D315857CE70C54DE713F6E82E5613BB3A1266C15E28AD2F4338C7BBEC456F532 complete=false entries=0 total=31372 symbols=0 dropped=false t=1791400756745
EPOCH_RECONCILED epoch=1 reporter=D315857CE70C54DE713F6E82E5613BB3A1266C15E28AD2F4338C7BBEC456F532 complete=true entries=154 total=154 symbols=0 dropped=false t=1791400756780
EPOCH_CLOSE_READY epoch=1 t=1791400756786
EPOCH_CLOSE_ROUND epoch=1 round=0 leader=65A90023F6C0D2181AAA63F005D81BBC0C04650505E21D5123F9AE1F9E992BFF leads=false t=1791400756791
EPOCH_CLOSE_READY epoch=1 t=1791400756798
EPOCH_CLOSE_ROUND epoch=1 round=0 leader=65A90023F6C0D2181AAA63F005D81BBC0C04650505E21D5123F9AE1F9E992BFF leads=false t=1791400756806
2026-10-07T19:19:17.070946Z  INFO nanospam::app: Confirmed 31,448 blocks | 2,000 bps | 169 cps | avg conf time: 488 ms
EPOCH_PROPOSED epoch=1 round=0 value=BBD344566EF6D5BC2672A721998062A0A5EF79F7A071E3229C32E418C228A722 state=B23777EC15E3B8AB921629ED2D2EAF63A14AD513E381E49599A4ACDAE4FEED2E reports=5 t=1791400757196
EPOCH_VALUE epoch=1 value=BBD344566EF6D5BC2672A721998062A0A5EF79F7A071E3229C32E418C228A722 state=B23777EC15E3B8AB921629ED2D2EAF63A14AD513E381E49599A4ACDAE4FEED2E t=1791400757199
EPOCH_CLOSE_ROUND epoch=1 round=0 leader=65A90023F6C0D2181AAA63F005D81BBC0C04650505E21D5123F9AE1F9E992BFF leads=true t=1791400757255
EPOCH_VALUE epoch=1 value=BBD344566EF6D5BC2672A721998062A0A5EF79F7A071E3229C32E418C228A722 state=B23777EC15E3B8AB921629ED2D2EAF63A14AD513E381E49599A4ACDAE4FEED2E t=1791400757706
EPOCH_VALUE epoch=1 value=BBD344566EF6D5BC2672A721998062A0A5EF79F7A071E3229C32E418C228A722 state=B23777EC15E3B8AB921629ED2D2EAF63A14AD513E381E49599A4ACDAE4FEED2E t=1791400757710
EPOCH_VALUE epoch=1 value=BBD344566EF6D5BC2672A721998062A0A5EF79F7A071E3229C32E418C228A722 state=B23777EC15E3B8AB921629ED2D2EAF63A14AD513E381E49599A4ACDAE4FEED2E t=1791400757786
EPOCH_VALUE epoch=1 value=BBD344566EF6D5BC2672A721998062A0A5EF79F7A071E3229C32E418C228A722 state=B23777EC15E3B8AB921629ED2D2EAF63A14AD513E381E49599A4ACDAE4FEED2E t=1791400757788
EPOCH_VALUE epoch=1 value=BBD344566EF6D5BC2672A721998062A0A5EF79F7A071E3229C32E418C228A722 state=B23777EC15E3B8AB921629ED2D2EAF63A14AD513E381E49599A4ACDAE4FEED2E t=1791400757826
EPOCH_INSTALL epoch=1 finalized=15331 instances_confirmed=17 t=1791400758047
EPOCH_INSTALL epoch=1 finalized=15331 instances_confirmed=17 t=1791400758047
EPOCH_INSTALL epoch=1 finalized=15331 instances_confirmed=17 t=1791400758048
EPOCH_INSTALL epoch=1 finalized=15331 instances_confirmed=17 t=1791400758052
EPOCH_INSTALL epoch=1 finalized=15331 instances_confirmed=17 t=1791400758053
EPOCH_INSTALL epoch=1 finalized=15331 instances_confirmed=17 t=1791400758054
2026-10-07T19:19:18.072285Z  INFO nanospam::app: Confirmed 31,448 blocks | 2,000 bps | 0 cps | avg conf time: 0 ms
EPOCH_COMMITTEE derived_by=1 members=6 accounts=13198 n=6 digest=95D409445152DD075E6A4799205DFA5689496EB8EE1A22AC2A200B9DBC2DCF27 shares=["735FE217:16.7%", "65A90023:16.7%", "D315857C:16.7%", "911999B2:16.7%", "633D9D61:16.7%", "A353E45E:16.7%"] t=1791400758386
EPOCH_COMMITTEE derived_by=1 members=6 accounts=13198 n=6 digest=95D409445152DD075E6A4799205DFA5689496EB8EE1A22AC2A200B9DBC2DCF27 shares=["735FE217:16.7%", "65A90023:16.7%", "D315857C:16.7%", "911999B2:16.7%", "633D9D61:16.7%", "A353E45E:16.7%"] t=1791400758386
EPOCH_LOCKS epoch=1 continued=0 kinds={"locks=1 kind=Some(Recovery) nc_here=true saved=true": 6} t=1791400758386
EPOCH_OMITTED epoch=1 instances=28 retained=6 t=1791400758386
EPOCH_LOCKS epoch=1 continued=0 kinds={"locks=1 kind=Some(Recovery) nc_here=true saved=true": 6} t=1791400758387
EPOCH_OMITTED epoch=1 instances=28 retained=6 t=1791400758387
EPOCH_COMMITTEE derived_by=1 members=6 accounts=13198 n=6 digest=95D409445152DD075E6A4799205DFA5689496EB8EE1A22AC2A200B9DBC2DCF27 shares=["735FE217:16.7%", "65A90023:16.7%", "D315857C:16.7%", "911999B2:16.7%", "633D9D61:16.7%", "A353E45E:16.7%"] t=1791400758395
EPOCH_LOCKS epoch=1 continued=0 kinds={"locks=1 kind=Some(Recovery) nc_here=true saved=true": 6} t=1791400758396
EPOCH_OMITTED epoch=1 instances=28 retained=6 t=1791400758396
EPOCH_COMMITTEE derived_by=1 members=6 accounts=13198 n=6 digest=95D409445152DD075E6A4799205DFA5689496EB8EE1A22AC2A200B9DBC2DCF27 shares=["735FE217:16.7%", "65A90023:16.7%", "D315857C:16.7%", "911999B2:16.7%", "633D9D61:16.7%", "A353E45E:16.7%"] t=1791400758396
EPOCH_LOCKS epoch=1 continued=0 kinds={"locks=1 kind=Some(Recovery) nc_here=true saved=true": 6} t=1791400758396
EPOCH_OMITTED epoch=1 instances=28 retained=6 t=1791400758396
EPOCH_COMMITTEE derived_by=1 members=6 accounts=13198 n=6 digest=95D409445152DD075E6A4799205DFA5689496EB8EE1A22AC2A200B9DBC2DCF27 shares=["735FE217:16.7%", "65A90023:16.7%", "D315857C:16.7%", "911999B2:16.7%", "633D9D61:16.7%", "A353E45E:16.7%"] t=1791400758418
EPOCH_LOCKS epoch=1 continued=0 kinds={"locks=1 kind=Some(Recovery) nc_here=true saved=true": 6} t=1791400758418
EPOCH_OMITTED epoch=1 instances=28 retained=6 t=1791400758418
EPOCH_GATE epoch=2 released=4111 finalized=3837 t=1791400758419
EPOCH_CLOSED epoch=1 round=0 value=BBD344566EF6D5BC2672A721998062A0A5EF79F7A071E3229C32E418C228A722 state=B23777EC15E3B8AB921629ED2D2EAF63A14AD513E381E49599A4ACDAE4FEED2E t=1791400758419
EPOCH_GATE epoch=2 released=4111 finalized=3837 t=1791400758435
EPOCH_CLOSED epoch=1 round=0 value=BBD344566EF6D5BC2672A721998062A0A5EF79F7A071E3229C32E418C228A722 state=B23777EC15E3B8AB921629ED2D2EAF63A14AD513E381E49599A4ACDAE4FEED2E t=1791400758435
EPOCH_COMMITTEE derived_by=1 members=6 accounts=13198 n=6 digest=95D409445152DD075E6A4799205DFA5689496EB8EE1A22AC2A200B9DBC2DCF27 shares=["735FE217:16.7%", "65A90023:16.7%", "D315857C:16.7%", "911999B2:16.7%", "633D9D61:16.7%", "A353E45E:16.7%"] t=1791400758441
EPOCH_LOCKS epoch=1 continued=0 kinds={"locks=1 kind=Some(Recovery) nc_here=true saved=true": 6} t=1791400758442
EPOCH_OMITTED epoch=1 instances=28 retained=6 t=1791400758442
EPOCH_GATE epoch=2 released=4110 finalized=3837 t=1791400758455
EPOCH_CLOSED epoch=1 round=0 value=BBD344566EF6D5BC2672A721998062A0A5EF79F7A071E3229C32E418C228A722 state=B23777EC15E3B8AB921629ED2D2EAF63A14AD513E381E49599A4ACDAE4FEED2E t=1791400758455
EPOCH_GATE epoch=2 released=4103 finalized=3837 t=1791400758469
EPOCH_CLOSED epoch=1 round=0 value=BBD344566EF6D5BC2672A721998062A0A5EF79F7A071E3229C32E418C228A722 state=B23777EC15E3B8AB921629ED2D2EAF63A14AD513E381E49599A4ACDAE4FEED2E t=1791400758469
EPOCH_INSTALLED epoch=1 finalized=15331 cemented=15331 queued=0 missing=0 t=1791400758579
EPOCH_RETAINED epoch=1 retained=141 held=141 missing=0 t=1791400758582
EPOCH_INSTALLED epoch=1 finalized=15331 cemented=15331 queued=0 missing=0 t=1791400758583
EPOCH_RETAINED epoch=1 retained=141 held=141 missing=0 t=1791400758583
EPOCH_INSTALLED epoch=1 finalized=15331 cemented=15331 queued=0 missing=0 t=1791400758590
EPOCH_RETAINED epoch=1 retained=141 held=141 missing=0 t=1791400758591
EPOCH_INSTALLED epoch=1 finalized=15331 cemented=15331 queued=0 missing=0 t=1791400758645
EPOCH_RETAINED epoch=1 retained=141 held=141 missing=0 t=1791400758645
EPOCH_GATE epoch=2 released=4111 finalized=3837 t=1791400758809
EPOCH_CLOSED epoch=1 round=0 value=BBD344566EF6D5BC2672A721998062A0A5EF79F7A071E3229C32E418C228A722 state=B23777EC15E3B8AB921629ED2D2EAF63A14AD513E381E49599A4ACDAE4FEED2E t=1791400758809
EPOCH_EVIDENCE_RELEASED epoch=1 t=1791400758892
EPOCH_INSTALLED epoch=1 finalized=15331 cemented=15331 queued=0 missing=0 t=1791400758899
EPOCH_RETAINED epoch=1 retained=141 held=141 missing=0 t=1791400758900
EPOCH_GATE epoch=2 released=4111 finalized=3837 t=1791400758961
EPOCH_CLOSED epoch=1 round=0 value=BBD344566EF6D5BC2672A721998062A0A5EF79F7A071E3229C32E418C228A722 state=B23777EC15E3B8AB921629ED2D2EAF63A14AD513E381E49599A4ACDAE4FEED2E t=1791400758961
2026-10-07T19:19:19.073778Z  INFO nanospam::app: Confirmed 31,448 blocks | 2,000 bps | 0 cps | avg conf time: 0 ms
EPOCH_INSTALLED epoch=1 finalized=15331 cemented=15331 queued=0 missing=0 t=1791400759198
EPOCH_RETAINED epoch=1 retained=141 held=141 missing=0 t=1791400759198
EPOCH_EVIDENCE_RELEASED epoch=1 t=1791400759210
EPOCH_EVIDENCE_RELEASED epoch=1 t=1791400759403
EPOCH_EVIDENCE_RELEASED epoch=1 t=1791400759439
EPOCH_EVIDENCE_RELEASED epoch=1 t=1791400759639
EPOCH_EVIDENCE_RELEASED epoch=1 t=1791400759858
2026-10-07T19:19:20.075614Z  INFO nanospam::app: Confirmed 38,862 blocks | 2,000 bps | 7,400 cps | avg conf time: 1775 ms
2026-10-07T19:19:21.076592Z  INFO nanospam::app: Confirmed 41,007 blocks | 2,000 bps | 2,142 cps | avg conf time: 225 ms
2026-10-07T19:19:22.077564Z  INFO nanospam::app: Confirmed 42,937 blocks | 2,000 bps | 1,928 cps | avg conf time: 107 ms
2026-10-07T19:19:23.079713Z  INFO nanospam::app: Confirmed 44,883 blocks | 2,000 bps | 1,941 cps | avg conf time: 117 ms
2026-10-07T19:19:23.217749Z  INFO nanospam::app: Confirming 45000 blocks took 23.17s
2026-10-07T19:19:23.217857Z  INFO nanospam::app: Confirmation rate: 1942 cps
2026-10-07T19:19:23.217878Z  INFO nanospam::app: Average conf time: 495 ms
2026-10-07T19:19:23.217882Z  INFO nanospam::app: Non-fork confirmation rate: 1942 cps (45000 of 45000 non-fork blocks, 0 of 0 forks)
2026-10-07T19:19:23.218287Z  INFO nanospam::app: RAI_BENCH_METRICS {"created":45000,"confirmed":45000,"duration_secs":23.170952292,"confirmation_unit":"primary publication or its confirmed fork alternative","alternative_confirmed":0,"confirmation_histogram_ms":{"36":1,"37":2,"38":2,"39":2,"40":5,"41":2,"42":4,"43":5,"44":4,"45":6,"46":5,"47":13,"48":13,"49":11,"50":11,"51":24,"52":20,"53":16,"54":22,"55":19,"56":17,"57":22,"58":36,"59":40,"60":57,"61":55,"62":61,"63":76,"64":72,"65":82,"66":109,"67":99,"68":107,"69":119,"70":131,"71":139,"72":157,"73":165,"74":194,"75":226,"76":239,"77":294,"78":293,"79":342,"80":370,"81":435,"82":480,"83":530,"84":581,"85":583,"86":574,"87":656,"88":668,"89":668,"90":713,"91":763,"92":722,"93":716,"94":759,"95":795,"96":805,"97":800,"98":791,"99":794,"100":772,"101":751,"102":737,"103":741,"104":703,"105":669,"106":594,"107":614,"108":526,"109":501,"110":509,"111":442,"112":407,"113":353,"114":355,"115":331,"116":316,"117":277,"118":262,"119":239,"120":222,"121":206,"122":207,"123":166,"124":136,"125":157,"126":123,"127":107,"128":106,"129":104,"130":86,"131":98,"132":67,"133":86,"134":74,"135":56,"136":74,"137":66,"138":61,"139":51,"140":53,"141":55,"142":71,"143":66,"144":64,"145":54,"146":58,"147":39,"148":54,"149":47,"150":41,"151":45,"152":44,"153":40,"154":66,"155":63,"156":39,"157":45,"158":34,"159":29,"160":49,"161":38,"162":33,"163":46,"164":32,"165":28,"166":23,"167":20,"168":16,"169":18,"170":15,"171":26,"172":20,"173":20,"174":15,"175":12,"176":22,"177":19,"178":19,"179":27,"180":20,"181":16,"182":20,"183":20,"184":21,"185":26,"186":25,"187":26,"188":20,"189":26,"190":24,"191":21,"192":43,"193":62,"194":33,"195":24,"196":17,"197":17,"198":26,"199":16,"200":9,"201":22,"202":28,"203":30,"204":21,"205":14,"206":16,"207":14,"208":13,"209":8,"210":11,"211":19,"212":23,"213":24,"214":17,"215":17,"216":21,"217":44,"218":63,"219":37,"220":40,"221":50,"222":47,"223":39,"224":23,"225":15,"226":23,"227":14,"228":16,"229":6,"230":11,"231":9,"232":15,"233":9,"234":13,"235":13,"236":11,"237":18,"238":32,"239":15,"240":12,"241":13,"242":13,"243":23,"244":28,"245":24,"246":11,"247":12,"248":11,"249":13,"250":14,"251":14,"252":11,"253":13,"254":7,"255":10,"256":10,"257":12,"258":16,"259":15,"260":26,"261":14,"262":20,"263":19,"264":15,"265":15,"266":13,"267":23,"268":34,"269":53,"270":43,"271":34,"272":30,"273":33,"274":38,"275":17,"276":12,"277":12,"278":16,"279":12,"280":13,"281":17,"282":10,"283":10,"284":7,"285":20,"286":10,"287":10,"288":10,"289":14,"290":9,"291":9,"292":7,"293":9,"294":12,"295":13,"296":13,"297":16,"298":11,"299":15,"300":10,"301":11,"302":14,"303":12,"304":12,"305":14,"306":10,"307":7,"308":10,"309":9,"310":13,"311":7,"312":7,"313":9,"314":3,"315":8,"316":3,"317":10,"318":17,"319":12,"320":6,"321":13,"322":8,"323":5,"324":2,"325":8,"326":6,"327":6,"328":3,"329":3,"330":1,"331":7,"332":4,"333":3,"334":4,"335":4,"336":9,"337":7,"338":5,"339":8,"340":9,"341":17,"342":6,"343":6,"344":8,"345":15,"346":11,"347":13,"348":9,"349":14,"350":18,"351":11,"352":13,"353":8,"354":9,"355":13,"356":5,"357":12,"358":13,"359":17,"360":13,"361":13,"362":6,"363":8,"364":9,"365":6,"366":5,"367":8,"368":6,"369":7,"370":16,"371":10,"372":3,"373":8,"374":7,"375":6,"376":7,"377":16,"378":17,"379":8,"380":4,"381":4,"382":13,"383":10,"384":5,"385":6,"386":7,"387":4,"388":14,"389":15,"390":3,"391":5,"392":11,"393":13,"394":13,"395":8,"396":6,"397":6,"398":3,"399":6,"400":6,"401":1,"402":4,"403":9,"404":7,"405":8,"406":9,"407":11,"408":3,"409":5,"410":11,"411":10,"412":7,"413":18,"414":20,"415":16,"416":14,"417":22,"418":15,"419":16,"420":15,"421":11,"422":10,"423":12,"424":9,"425":19,"426":29,"427":22,"428":9,"429":10,"430":11,"431":9,"432":5,"433":6,"434":5,"435":11,"436":12,"437":7,"438":7,"439":7,"440":6,"441":7,"442":7,"443":8,"444":7,"445":3,"446":6,"447":13,"448":7,"449":19,"450":33,"451":21,"452":31,"453":16,"454":14,"455":9,"456":11,"457":8,"458":10,"459":9,"460":9,"461":5,"462":5,"463":4,"464":10,"465":15,"466":19,"467":15,"468":14,"469":8,"470":9,"471":9,"472":12,"473":11,"474":11,"475":7,"476":10,"477":10,"478":13,"479":14,"480":6,"481":6,"482":6,"483":7,"484":4,"485":15,"486":7,"487":9,"488":14,"489":10,"490":17,"491":18,"492":8,"493":4,"494":7,"495":5,"496":5,"497":5,"498":10,"499":7,"500":16,"501":14,"502":10,"503":4,"504":1,"505":5,"506":6,"507":11,"508":7,"509":16,"510":14,"511":8,"512":6,"513":4,"514":3,"515":2,"516":9,"517":9,"518":10,"519":11,"520":4,"521":12,"522":12,"523":5,"524":7,"525":2,"526":3,"527":6,"528":9,"529":7,"530":11,"531":21,"532":11,"533":18,"534":8,"535":6,"536":7,"537":10,"538":5,"539":7,"540":8,"541":12,"542":13,"543":11,"544":9,"545":8,"546":6,"547":7,"548":6,"549":5,"550":8,"551":8,"552":5,"553":7,"554":6,"555":7,"556":8,"557":6,"558":4,"559":4,"560":3,"561":2,"562":4,"563":4,"564":5,"565":2,"566":5,"569":7,"570":1,"571":1,"572":2,"573":1,"574":2,"575":3,"576":5,"577":4,"578":1,"579":4,"580":7,"581":7,"582":6,"583":8,"584":12,"585":11,"586":9,"587":5,"588":12,"589":7,"590":8,"591":6,"592":4,"593":2,"594":3,"595":3,"596":2,"597":3,"598":2,"599":6,"600":4,"601":4,"602":3,"603":8,"604":9,"605":13,"606":13,"607":15,"608":11,"609":6,"610":2,"611":8,"612":5,"613":5,"614":17,"615":42,"616":20,"617":12,"618":12,"619":24,"620":12,"621":20,"622":12,"623":3,"625":3,"626":2,"627":1,"628":5,"629":9,"630":2,"631":1,"632":3,"633":5,"634":4,"635":10,"636":17,"637":6,"638":4,"639":4,"640":8,"641":1,"642":3,"643":2,"654":2,"655":1,"656":1,"657":5,"658":1,"659":2,"660":5,"661":5,"662":2,"663":2,"664":4,"665":13,"666":4,"667":4,"668":4,"669":5,"670":3,"671":7,"672":3,"673":2,"674":2,"675":4,"676":10,"677":4,"678":4,"679":1,"680":4,"681":3,"682":7,"683":5,"684":5,"685":11,"686":7,"687":10,"688":4,"689":5,"690":9,"691":4,"693":2,"695":2,"697":2,"698":1,"702":2,"703":6,"704":3,"705":3,"706":3,"707":4,"708":4,"709":5,"710":6,"711":2,"712":4,"713":6,"714":5,"715":8,"716":8,"717":3,"718":5,"721":1,"724":1,"729":1,"732":7,"733":3,"734":4,"735":4,"736":1,"737":2,"738":4,"739":3,"740":2,"741":6,"742":3,"743":5,"744":7,"745":4,"746":3,"747":2,"748":3,"749":4,"750":5,"751":9,"752":10,"753":6,"754":13,"755":5,"756":2,"757":7,"758":2,"759":2,"761":2,"762":2,"763":1,"765":1,"767":1,"768":1,"769":1,"770":1,"772":6,"773":4,"774":5,"775":12,"776":5,"777":7,"778":3,"779":8,"780":3,"781":2,"785":2,"794":1,"795":2,"796":4,"797":5,"798":3,"799":1,"800":1,"801":4,"802":1,"803":4,"804":3,"805":4,"806":5,"807":3,"808":4,"809":3,"810":2,"811":4,"812":2,"813":5,"814":3,"815":3,"816":4,"818":4,"819":2,"820":2,"821":3,"822":6,"823":1,"824":3,"825":3,"826":3,"827":5,"828":4,"829":3,"830":6,"831":2,"832":3,"833":5,"834":3,"836":2,"837":4,"838":6,"839":1,"840":3,"841":5,"842":7,"843":5,"844":4,"845":5,"846":4,"847":3,"848":2,"849":2,"850":3,"851":1,"852":5,"853":5,"854":6,"855":5,"856":4,"857":2,"858":5,"859":1,"860":4,"861":4,"862":6,"863":1,"864":5,"865":7,"866":5,"867":5,"868":1,"869":4,"870":6,"871":4,"872":5,"873":2,"874":5,"875":6,"876":5,"877":7,"878":5,"879":2,"880":3,"881":1,"882":6,"883":4,"884":1,"885":4,"886":4,"887":2,"888":4,"889":4,"890":5,"891":3,"892":3,"894":1,"895":4,"896":3,"897":6,"898":7,"899":3,"900":5,"901":4,"902":4,"903":3,"904":4,"905":2,"906":3,"907":3,"908":3,"909":5,"910":6,"911":3,"912":8,"913":7,"914":4,"915":2,"916":5,"917":5,"918":2,"919":5,"920":3,"921":4,"922":2,"923":3,"924":7,"925":5,"926":2,"927":4,"928":1,"929":6,"930":3,"931":3,"932":3,"933":4,"934":2,"935":4,"936":2,"937":4,"938":5,"939":4,"940":2,"941":3,"942":2,"943":2,"944":1,"945":5,"946":3,"947":3,"948":3,"949":3,"950":1,"951":4,"952":8,"953":3,"954":3,"955":3,"956":3,"957":4,"958":4,"960":6,"961":4,"962":2,"963":5,"964":1,"965":3,"966":2,"967":4,"968":2,"969":5,"970":3,"971":4,"972":6,"974":1,"975":2,"976":2,"977":1,"979":3,"980":2,"983":1,"984":2,"985":3,"986":1,"987":1,"988":1,"991":3,"992":1,"993":2,"994":2,"997":1,"998":2,"1000":2,"1002":1,"1006":1,"1008":2,"1009":1,"1011":1,"1012":4,"1013":1,"1014":4,"1015":2,"1016":2,"1018":5,"1019":1,"1020":2,"1021":2,"1022":1,"1023":2,"1024":3,"1025":3,"1027":2,"1029":1,"1030":2,"1032":1,"1033":1,"1034":2,"1035":2,"1036":4,"1037":2,"1038":2,"1039":2,"1040":2,"1041":3,"1042":1,"1043":4,"1044":2,"1045":1,"1046":2,"1047":1,"1048":2,"1049":4,"1050":5,"1051":1,"1052":1,"1053":3,"1054":3,"1055":1,"1056":7,"1057":1,"1058":6,"1059":1,"1060":2,"1061":5,"1062":10,"1063":4,"1064":10,"1065":3,"1066":5,"1067":7,"1068":8,"1069":3,"1071":5,"1072":5,"1073":3,"1074":4,"1075":4,"1076":6,"1077":6,"1078":4,"1079":5,"1080":9,"1081":8,"1082":4,"1083":4,"1084":5,"1085":3,"1086":6,"1087":3,"1088":4,"1089":3,"1090":7,"1091":4,"1092":3,"1093":3,"1094":9,"1095":7,"1096":11,"1097":5,"1098":5,"1099":6,"1100":4,"1101":8,"1102":4,"1103":5,"1104":4,"1105":6,"1106":6,"1107":2,"1108":4,"1109":5,"1110":2,"1111":2,"1112":3,"1113":2,"1114":1,"1115":5,"1116":1,"1117":3,"1118":3,"1119":4,"1120":1,"1121":1,"1122":1,"1123":3,"1125":4,"1126":3,"1128":4,"1129":2,"1131":3,"1132":2,"1133":4,"1134":6,"1135":2,"1136":3,"1138":5,"1139":4,"1140":5,"1143":1,"1144":1,"1145":5,"1146":4,"1147":2,"1148":3,"1150":1,"1151":3,"1152":2,"1153":3,"1154":1,"1155":1,"1156":2,"1157":6,"1160":1,"1162":4,"1163":2,"1164":3,"1165":2,"1166":1,"1167":5,"1168":3,"1169":1,"1170":1,"1171":2,"1173":2,"1174":3,"1175":5,"1176":3,"1177":1,"1178":1,"1179":2,"1180":2,"1181":3,"1182":2,"1183":1,"1184":2,"1185":5,"1186":2,"1187":5,"1188":2,"1189":2,"1190":5,"1191":1,"1192":5,"1193":3,"1194":4,"1195":3,"1196":2,"1197":3,"1198":3,"1199":3,"1200":2,"1201":2,"1202":2,"1203":4,"1204":7,"1205":3,"1206":5,"1207":5,"1208":6,"1209":2,"1210":6,"1211":5,"1212":4,"1213":4,"1214":8,"1215":1,"1216":3,"1217":4,"1218":5,"1219":3,"1220":2,"1221":7,"1222":4,"1223":7,"1224":7,"1225":4,"1226":1,"1227":2,"1228":3,"1229":5,"1230":3,"1231":2,"1232":1,"1233":4,"1234":9,"1235":6,"1236":3,"1237":1,"1238":2,"1239":2,"1240":2,"1241":4,"1242":7,"1243":4,"1244":3,"1245":4,"1247":5,"1248":5,"1249":10,"1250":3,"1251":2,"1252":2,"1253":2,"1254":5,"1255":6,"1256":10,"1257":5,"1258":5,"1259":5,"1260":9,"1261":13,"1262":5,"1263":5,"1264":8,"1265":7,"1266":1,"1267":8,"1268":7,"1269":5,"1270":6,"1271":5,"1272":7,"1273":6,"1274":6,"1275":2,"1276":6,"1277":7,"1278":11,"1279":8,"1280":7,"1281":5,"1282":5,"1283":5,"1284":5,"1285":10,"1286":7,"1287":5,"1288":11,"1289":4,"1290":10,"1291":6,"1292":5,"1293":7,"1294":1,"1295":11,"1296":7,"1297":10,"1298":7,"1299":6,"1300":6,"1301":4,"1302":4,"1303":11,"1304":5,"1305":9,"1306":2,"1307":10,"1308":7,"1309":7,"1310":5,"1311":3,"1312":4,"1313":15,"1314":8,"1315":6,"1316":8,"1317":3,"1318":8,"1319":8,"1320":7,"1321":10,"1322":7,"1323":5,"1324":7,"1325":6,"1326":5,"1327":4,"1328":11,"1329":4,"1330":9,"1331":10,"1332":5,"1333":6,"1334":8,"1335":4,"1336":4,"1337":4,"1338":4,"1339":9,"1340":8,"1341":12,"1342":5,"1343":6,"1344":5,"1345":6,"1346":5,"1347":6,"1348":3,"1349":10,"1350":4,"1351":3,"1352":5,"1353":7,"1354":9,"1355":5,"1356":3,"1357":5,"1358":11,"1359":7,"1360":5,"1361":7,"1362":6,"1363":7,"1364":6,"1365":7,"1366":7,"1367":3,"1368":9,"1369":11,"1370":6,"1371":4,"1372":6,"1373":6,"1374":8,"1375":12,"1376":16,"1377":9,"1378":8,"1379":8,"1380":10,"1381":4,"1382":5,"1383":7,"1384":10,"1385":7,"1386":13,"1387":15,"1388":14,"1389":16,"1390":10,"1391":12,"1392":4,"1393":15,"1394":10,"1395":11,"1396":11,"1397":6,"1398":6,"1399":14,"1400":8,"1401":13,"1402":9,"1403":12,"1404":11,"1405":8,"1406":11,"1407":8,"1408":8,"1409":7,"1410":7,"1411":5,"1412":9,"1413":9,"1414":3,"1415":12,"1416":11,"1417":9,"1418":10,"1419":8,"1420":14,"1421":5,"1422":8,"1423":7,"1424":9,"1425":12,"1426":4,"1427":9,"1428":9,"1429":14,"1430":13,"1431":8,"1432":16,"1433":15,"1434":7,"1435":11,"1436":10,"1437":6,"1438":11,"1439":8,"1440":6,"1441":11,"1442":9,"1443":3,"1444":10,"1445":9,"1446":10,"1447":11,"1448":10,"1449":8,"1450":11,"1451":12,"1452":12,"1453":8,"1454":7,"1455":8,"1456":3,"1457":6,"1458":7,"1459":11,"1460":5,"1461":10,"1462":8,"1463":9,"1464":9,"1465":1,"1466":8,"1467":6,"1468":5,"1469":4,"1470":5,"1471":9,"1472":9,"1473":8,"1474":3,"1475":3,"1476":4,"1477":11,"1478":4,"1479":5,"1480":6,"1481":7,"1482":11,"1483":13,"1484":9,"1485":5,"1486":11,"1487":7,"1488":5,"1489":1,"1490":7,"1491":12,"1492":10,"1493":8,"1494":14,"1495":10,"1496":12,"1497":6,"1498":4,"1499":5,"1500":7,"1501":5,"1502":4,"1503":10,"1504":7,"1505":17,"1506":9,"1507":9,"1508":9,"1509":5,"1510":9,"1511":7,"1512":7,"1513":7,"1514":8,"1515":8,"1516":5,"1517":1,"1518":5,"1519":4,"1520":3,"1521":5,"1522":4,"1523":2,"1524":7,"1525":7,"1526":5,"1527":2,"1528":1,"1529":2,"1530":3,"1531":1,"1532":1,"1533":5,"1534":4,"1536":3,"1537":4,"1538":3,"1539":2,"1540":8,"1541":6,"1542":7,"1543":8,"1544":5,"1546":7,"1547":4,"1548":4,"1549":4,"1550":8,"1551":3,"1552":5,"1553":3,"1554":3,"1555":5,"1556":4,"1557":2,"1558":3,"1559":3,"1560":3,"1561":5,"1562":10,"1563":3,"1564":4,"1565":4,"1566":1,"1567":5,"1568":2,"1569":5,"1570":4,"1572":2,"1573":1,"1574":4,"1575":5,"1576":2,"1577":2,"1578":3,"1579":7,"1580":1,"1581":4,"1582":1,"1583":1,"1584":1,"1585":5,"1586":3,"1587":3,"1588":4,"1589":3,"1590":1,"1591":1,"1592":2,"1593":3,"1594":3,"1595":5,"1596":3,"1597":6,"1598":2,"1599":3,"1600":7,"1601":1,"1602":4,"1603":7,"1604":5,"1605":3,"1606":7,"1607":3,"1608":8,"1609":3,"1610":4,"1611":5,"1612":6,"1613":5,"1614":11,"1615":5,"1616":5,"1617":4,"1618":8,"1619":6,"1620":9,"1621":7,"1622":9,"1623":10,"1624":10,"1625":5,"1626":10,"1627":6,"1628":9,"1629":8,"1630":4,"1631":4,"1632":11,"1633":4,"1634":5,"1635":10,"1636":13,"1637":2,"1638":5,"1639":6,"1640":5,"1641":9,"1642":5,"1643":5,"1644":1,"1645":8,"1646":6,"1647":6,"1648":5,"1649":7,"1650":10,"1651":4,"1652":3,"1653":5,"1654":1,"1655":11,"1656":3,"1657":9,"1658":5,"1659":4,"1660":6,"1661":7,"1662":8,"1663":5,"1664":6,"1665":4,"1666":6,"1667":3,"1668":3,"1669":3,"1670":8,"1671":1,"1672":4,"1673":2,"1674":5,"1675":5,"1676":5,"1677":5,"1678":3,"1679":7,"1680":1,"1681":4,"1682":3,"1683":4,"1684":2,"1685":5,"1686":5,"1687":3,"1688":5,"1689":4,"1690":3,"1691":4,"1692":3,"1693":6,"1694":5,"1695":4,"1696":4,"1697":4,"1698":6,"1699":5,"1700":4,"1701":7,"1702":4,"1703":3,"1704":4,"1705":5,"1706":3,"1707":5,"1708":2,"1709":2,"1710":3,"1711":2,"1712":3,"1713":2,"1714":6,"1715":2,"1716":2,"1717":2,"1718":2,"1719":2,"1720":2,"1721":3,"1722":2,"1723":4,"1724":3,"1725":6,"1726":5,"1727":7,"1728":2,"1729":1,"1731":2,"1732":7,"1733":1,"1734":3,"1735":6,"1736":5,"1737":4,"1738":5,"1739":5,"1740":2,"1741":4,"1742":4,"1744":5,"1746":3,"1747":2,"1748":2,"1749":3,"1750":3,"1751":3,"1752":2,"1753":6,"1754":3,"1755":2,"1756":3,"1757":5,"1758":1,"1759":2,"1760":5,"1761":2,"1762":2,"1763":3,"1764":3,"1765":6,"1766":5,"1767":2,"1768":6,"1769":5,"1770":4,"1771":2,"1772":4,"1773":6,"1774":2,"1775":1,"1776":3,"1777":4,"1778":4,"1779":3,"1780":4,"1781":2,"1782":4,"1783":2,"1784":3,"1786":2,"1787":4,"1788":2,"1789":5,"1790":6,"1791":2,"1792":3,"1793":2,"1794":3,"1795":8,"1796":2,"1797":7,"1798":3,"1799":8,"1800":5,"1801":3,"1802":8,"1803":7,"1804":10,"1805":4,"1806":8,"1807":6,"1808":4,"1809":3,"1810":2,"1811":4,"1812":2,"1813":1,"1814":3,"1815":4,"1816":4,"1817":7,"1818":5,"1819":6,"1820":3,"1821":3,"1822":6,"1823":2,"1824":5,"1825":3,"1826":6,"1827":3,"1828":3,"1829":4,"1830":1,"1831":4,"1832":2,"1833":3,"1834":5,"1835":5,"1836":5,"1837":2,"1838":6,"1839":5,"1840":3,"1841":5,"1842":6,"1843":8,"1844":4,"1845":8,"1846":5,"1847":9,"1848":3,"1849":3,"1850":2,"1851":6,"1852":2,"1853":3,"1854":2,"1855":2,"1856":4,"1857":5,"1858":3,"1859":5,"1860":5,"1861":3,"1862":6,"1863":4,"1864":1,"1865":5,"1866":1,"1867":2,"1868":4,"1869":3,"1870":5,"1871":6,"1872":3,"1873":7,"1875":1,"1876":6,"1877":3,"1878":4,"1879":3,"1880":6,"1881":7,"1882":4,"1883":10,"1884":3,"1885":3,"1886":3,"1887":3,"1888":2,"1889":4,"1890":3,"1891":2,"1892":2,"1893":4,"1894":3,"1895":2,"1896":3,"1897":5,"1898":1,"1899":3,"1900":3,"1901":4,"1902":4,"1903":6,"1904":5,"1905":6,"1906":6,"1907":4,"1908":4,"1909":6,"1910":8,"1911":3,"1912":5,"1913":3,"1914":5,"1915":4,"1916":1,"1917":4,"1918":6,"1919":2,"1920":6,"1921":5,"1922":6,"1923":3,"1924":4,"1925":2,"1926":4,"1927":4,"1928":1,"1929":7,"1930":4,"1931":5,"1932":7,"1933":5,"1934":3,"1935":5,"1936":7,"1937":2,"1938":5,"1939":3,"1940":4,"1941":1,"1942":7,"1943":5,"1944":3,"1945":6,"1946":3,"1947":5,"1948":5,"1949":8,"1950":7,"1951":6,"1952":3,"1953":3,"1954":3,"1955":2,"1956":3,"1957":3,"1958":7,"1959":4,"1960":3,"1961":2,"1962":8,"1963":5,"1964":1,"1965":3,"1966":2,"1967":1,"1968":7,"1969":3,"1970":3,"1971":1,"1972":5,"1973":5,"1974":6,"1975":6,"1976":4,"1977":3,"1978":6,"1979":2,"1980":3,"1981":6,"1982":4,"1983":6,"1984":5,"1985":2,"1986":5,"1987":1,"1988":1,"1989":4,"1990":2,"1991":6,"1992":2,"1993":4,"1994":4,"1995":4,"1996":6,"1997":5,"1998":4,"1999":3,"2000":1,"2001":2,"2002":3,"2003":2,"2004":1,"2005":3,"2006":2,"2007":3,"2008":7,"2009":6,"2010":5,"2011":3,"2012":2,"2013":7,"2014":4,"2015":5,"2016":9,"2017":7,"2018":8,"2019":7,"2020":5,"2021":3,"2022":3,"2023":5,"2024":2,"2025":6,"2026":4,"2027":2,"2028":5,"2029":3,"2030":6,"2031":2,"2032":3,"2033":7,"2034":3,"2036":3,"2037":5,"2038":5,"2039":6,"2040":3,"2041":3,"2042":3,"2043":6,"2044":4,"2045":7,"2046":2,"2047":5,"2048":5,"2049":2,"2050":4,"2051":6,"2052":2,"2053":6,"2054":2,"2055":2,"2056":5,"2057":4,"2058":7,"2059":2,"2060":4,"2061":1,"2062":4,"2063":1,"2064":4,"2066":1,"2067":3,"2068":4,"2069":2,"2070":2,"2071":4,"2072":2,"2073":8,"2075":3,"2076":4,"2077":3,"2078":2,"2079":3,"2080":5,"2081":3,"2082":4,"2083":1,"2084":4,"2085":4,"2086":4,"2088":2,"2089":3,"2090":6,"2091":6,"2092":4,"2093":7,"2094":4,"2095":3,"2096":4,"2097":8,"2098":6,"2099":5,"2100":4,"2101":4,"2102":4,"2103":10,"2104":9,"2105":1,"2106":8,"2107":2,"2108":2,"2109":3,"2110":2,"2111":2,"2112":4,"2113":3,"2114":2,"2116":1,"2117":2,"2118":1,"2119":5,"2120":1,"2122":4,"2124":1,"2125":2,"2126":3,"2127":3,"2128":2,"2129":6,"2130":2,"2131":4,"2133":2,"2134":4,"2135":3,"2136":3,"2137":4,"2138":4,"2139":2,"2140":3,"2141":4,"2142":2,"2143":1,"2144":2,"2145":4,"2146":4,"2147":2,"2148":5,"2149":3,"2150":3,"2151":2,"2152":5,"2153":5,"2154":5,"2155":2,"2156":3,"2157":6,"2158":5,"2159":4,"2160":5,"2161":3,"2162":1,"2163":3,"2164":2,"2165":7,"2166":4,"2167":3,"2168":2,"2170":5,"2171":4,"2172":1,"2173":3,"2174":5,"2175":3,"2176":1,"2177":3,"2178":3,"2179":2,"2180":6,"2181":4,"2182":2,"2183":3,"2184":5,"2185":5,"2186":1,"2187":4,"2188":2,"2189":2,"2190":4,"2192":3,"2194":2,"2195":3,"2196":2,"2197":3,"2198":8,"2199":2,"2200":3,"2201":1,"2202":4,"2203":5,"2204":2,"2207":3,"2208":3,"2209":4,"2210":3,"2211":2,"2212":4,"2214":3,"2215":3,"2216":4,"2217":3,"2218":1,"2219":3,"2221":1,"2222":4,"2223":2,"2224":2,"2225":1,"2226":3,"2227":2,"2229":4,"2230":4,"2231":4,"2232":4,"2233":4,"2234":3,"2236":2,"2237":4,"2238":2,"2239":5,"2240":4,"2241":3,"2242":2,"2243":2,"2244":4,"2245":3,"2246":3,"2247":3,"2248":1,"2249":2,"2250":3,"2251":1,"2252":1,"2253":1,"2254":6,"2255":1,"2256":3,"2257":2,"2258":2,"2259":1,"2260":2,"2261":5,"2263":3,"2266":1,"2267":3,"2268":2,"2269":4,"2271":3,"2272":1,"2273":3,"2274":2,"2275":1,"2276":3,"2277":1,"2278":1,"2279":1,"2280":1,"2281":2,"2282":2,"2283":4,"2284":1,"2285":5,"2286":4,"2287":1,"2288":3,"2289":1,"2290":2,"2292":1,"2293":3,"2294":5,"2295":5,"2297":1,"2298":3,"2299":3,"2300":2,"2301":3,"2304":1,"2305":3,"2307":4,"2308":1,"2309":2,"2310":3,"2311":3,"2312":1,"2313":2,"2314":3,"2315":1,"2317":2,"2318":2,"2319":3,"2320":2,"2321":2,"2322":3,"2323":2,"2324":3,"2326":2,"2327":2,"2328":4,"2329":3,"2332":1,"2333":3,"2334":2,"2335":3,"2336":1,"2339":1,"2340":2,"2341":2,"2342":2,"2343":3,"2345":3,"2346":2,"2347":1,"2348":4,"2349":1,"2350":5,"2351":1,"2352":1,"2353":2,"2354":1,"2356":2,"2357":1,"2358":1,"2359":3,"2361":3,"2362":1,"2363":4,"2364":1,"2365":1,"2366":3,"2367":2,"2368":1,"2370":1,"2372":5,"2373":1,"2374":2,"2375":1,"2376":4,"2377":1,"2378":2,"2379":1,"2380":2,"2381":4,"2382":4,"2383":1,"2384":2,"2385":1,"2386":2,"2387":1,"2388":5,"2390":1,"2391":1,"2392":3,"2393":1,"2394":3,"2395":3,"2396":2,"2397":2,"2399":3,"2400":1,"2402":3,"2403":5,"2404":2,"2405":1,"2406":1,"2407":2,"2409":1,"2410":3,"2411":4,"2412":2,"2413":1,"2414":4,"2415":1,"2416":2,"2417":4,"2418":2,"2419":2,"2420":3,"2421":1,"2422":2,"2423":1,"2425":2,"2426":4,"2427":2,"2428":3,"2429":2,"2430":3,"2431":1,"2432":3,"2433":2,"2435":1,"2436":5,"2437":1,"2438":1,"2441":2,"2442":1,"2443":1,"2444":2,"2445":2,"2447":5,"2448":2,"2449":2,"2450":1,"2451":1,"2452":4,"2453":3,"2457":4,"2458":3,"2459":2,"2460":3,"2461":2,"2462":1,"2463":2,"2464":4,"2465":2,"2466":1,"2467":1,"2468":3,"2469":2,"2470":1,"2471":1,"2472":3,"2473":1,"2474":1,"2476":2,"2477":2,"2478":3,"2479":1,"2480":5,"2481":2,"2482":3,"2483":2,"2484":2,"2485":3,"2486":2,"2487":2,"2488":3,"2489":1,"2490":1,"2491":2,"2492":1,"2494":3,"2495":1,"2496":3,"2498":2,"2499":3,"2500":3,"2501":5,"2502":1,"2503":3,"2504":3,"2505":1,"2506":2,"2507":3,"2508":3,"2509":4,"2510":2,"2511":2,"2512":1,"2513":4,"2514":1,"2516":2,"2518":4,"2519":2,"2521":1,"2523":3,"2524":3,"2525":2,"2526":3,"2527":2,"2528":1,"2529":1,"2530":2,"2531":2,"2532":1,"2533":2,"2535":3,"2536":3,"2537":2,"2538":2,"2539":1,"2540":3,"2542":2,"2543":4,"2544":3,"2545":1,"2546":1,"2547":1,"2548":4,"2549":4,"2550":2,"2551":3,"2552":2,"2553":1,"2554":2,"2555":2,"2556":3,"2557":3,"2558":1,"2559":3,"2560":2,"2561":3,"2563":2,"2564":2,"2565":4,"2566":2,"2567":3,"2568":4,"2569":2,"2570":4,"2572":1,"2574":3,"2575":1,"2576":2,"2578":3,"2579":2,"2581":1,"2582":3,"2583":3,"2585":2,"2586":2,"2588":1,"2589":1,"2590":1,"2591":3,"2592":1,"2593":3,"2594":4,"2595":1,"2597":2,"2598":1,"2599":4,"2600":1,"2601":5,"2602":2,"2603":2,"2604":1,"2607":2,"2608":2,"2609":2,"2610":1,"2611":3,"2612":1,"2613":3,"2614":2,"2615":4,"2616":2,"2617":2,"2618":3,"2620":1,"2621":2,"2622":1,"2623":2,"2624":2,"2625":2,"2626":4,"2627":1,"2628":1,"2629":3,"2630":3,"2631":2,"2632":1,"2633":3,"2634":3,"2635":2,"2636":2,"2637":2,"2638":2,"2639":4,"2640":2,"2641":2,"2642":3,"2644":2,"2646":2,"2647":1,"2648":1,"2649":5,"2650":2,"2651":4,"2653":3,"2654":3,"2655":1,"2656":1,"2657":3,"2659":4,"2660":2,"2661":1,"2662":3,"2663":2,"2664":1,"2665":1,"2667":1,"2668":3,"2670":3,"2671":6,"2672":1,"2673":1,"2674":2,"2675":2,"2676":2,"2678":3,"2679":2,"2680":5,"2682":2,"2683":2,"2684":2,"2685":5,"2686":1,"2687":2,"2688":2,"2689":3,"2691":4,"2692":2,"2693":2,"2694":4,"2696":5,"2697":1,"2698":3,"2699":2,"2701":1,"2702":1,"2705":2,"2706":3,"2707":4,"2709":1,"2710":2,"2711":1,"2712":2,"2713":1,"2714":2,"2715":3,"2716":3,"2717":1,"2718":2,"2719":1,"2720":2,"2721":2,"2722":1,"2723":2,"2724":2,"2725":3,"2726":1,"2727":1,"2728":1,"2729":4,"2730":3,"2731":2,"2732":2,"2733":1,"2734":2,"2736":1,"2737":2,"2738":1,"2739":2,"2740":1,"2741":2,"2742":2,"2743":1,"2744":1,"2745":1,"2746":1,"2747":1,"2748":1,"2749":1,"2751":2,"2752":2,"2753":1,"2754":1,"2756":2,"2757":3,"2762":3,"2763":1,"2765":1,"2766":1,"2767":2,"2768":4,"2769":3,"2770":1,"2771":2,"2772":1,"2773":1,"2774":1,"2775":1,"2776":1,"2777":2,"2778":2,"2780":2,"2781":2,"2782":3,"2783":1,"2784":1,"2785":3,"2786":4,"2787":3,"2788":3,"2789":1,"2791":2,"2793":3,"2794":3,"2795":3,"2796":1,"2797":3,"2798":3,"2799":2,"2800":1,"2801":3,"2802":2,"2803":3,"2804":1,"2805":4,"2806":6,"2807":3,"2808":5,"2809":1,"2810":3,"2812":4,"2813":1,"2816":4,"2817":1,"2818":2,"2819":2,"2820":2,"2821":1,"2822":2,"2824":1,"2825":1,"2826":1,"2827":3,"2828":2,"2830":2,"2831":2,"2832":2,"2833":4,"2834":2,"2836":2,"2837":1,"2838":1,"2839":2,"2840":2,"2841":1,"2842":1,"2843":1,"2844":3,"2848":1,"2849":1,"2850":3,"2851":2,"2852":5,"2853":3,"2854":3,"2855":2,"2857":1,"2858":2,"2859":4,"2860":1,"2861":1,"2862":2,"2863":1,"2864":1,"2865":2,"2866":3,"2867":1,"2868":3,"2869":3,"2870":3,"2871":1,"2872":1,"2873":2,"2874":2,"2875":2,"2877":2,"2878":2,"2880":2,"2881":1,"2882":2,"2883":2,"2884":2,"2885":2,"2886":1,"2887":2,"2889":2,"2890":4,"2891":1,"2892":2,"2893":1,"2894":2,"2895":3,"2896":1,"2897":6,"2898":4,"2900":5,"2901":1,"2903":1,"2904":2,"2905":2,"2906":3,"2907":3,"2908":1,"2911":1,"2912":3,"2913":1,"2914":1,"2915":2,"2917":2,"2919":3,"2921":2,"2923":3,"2924":3,"2925":3,"2926":4,"2927":2,"2928":1,"2929":2,"2930":1,"2931":3,"2932":2,"2933":1,"2934":1,"2935":1,"2936":4,"2937":1,"2938":2,"2939":2,"2941":1,"2942":1,"2943":3,"2944":4,"2945":2,"2946":1,"2947":3,"2948":1,"2950":2,"2951":1,"2952":3,"2953":1,"2954":2,"2955":3,"2956":2,"2957":2,"2958":1,"2959":2,"2960":2,"2961":2,"2962":2,"2963":3,"2964":1,"2965":3,"2966":1,"2968":3,"2970":1,"2971":2,"2972":2,"2973":1,"2974":2,"2975":4,"2977":4,"2978":4,"2980":2,"2981":1,"2982":2,"2983":2,"2984":1,"2985":1,"2986":5,"2987":2,"2988":2,"2989":1,"2990":1,"2991":4,"2992":2,"2993":2,"2994":1,"2995":2,"2996":2,"2999":2,"3001":4,"3002":1,"3003":3,"3004":3,"3005":2,"3006":3,"3007":4,"3008":5,"3009":2,"3010":2,"3011":4,"3012":1,"3013":1,"3014":3,"3015":1,"3016":1,"3018":1,"3019":2,"3021":1,"3025":1,"3027":1,"3029":4,"3031":2,"3034":1,"3035":1,"3036":2,"3039":1,"3041":1,"3042":1,"3043":2,"3044":2,"3045":1,"3047":1,"3048":2,"3050":1,"3051":1,"3052":1,"3055":3,"3056":2,"3058":6,"3059":2,"3060":1,"3061":2,"3062":3,"3063":2,"3064":3,"3065":1,"3066":3,"3067":1,"3068":4,"3069":1,"3071":3,"3072":1,"3073":3,"3074":1,"3076":1,"3078":1,"3079":1,"3080":2,"3081":2,"3082":5,"3083":2,"3084":1,"3085":1,"3086":2,"3087":3,"3090":3,"3091":1,"3092":3,"3093":2,"3094":3,"3095":3,"3096":2,"3097":4,"3098":1,"3099":3,"3100":2,"3102":1,"3103":3,"3104":1,"3106":3,"3107":4,"3108":3,"3109":2,"3110":2,"3112":2,"3113":1,"3114":3,"3116":2,"3118":1,"3119":2,"3121":3,"3122":4,"3123":2,"3124":1,"3125":3,"3126":1,"3127":3,"3128":2,"3129":1,"3131":1,"3132":2,"3133":3,"3134":3,"3135":2,"3138":1,"3139":1,"3140":1,"3141":4,"3142":2,"3143":1,"3144":3,"3145":5,"3146":1,"3147":2,"3148":1,"3149":1,"3150":2,"3151":1,"3152":1,"3153":2,"3154":5,"3155":1,"3156":1,"3157":1,"3158":1,"3159":3,"3160":2,"3161":2,"3162":1,"3163":1,"3164":2,"3165":1,"3166":3,"3167":3,"3168":1,"3169":2,"3170":3,"3171":1,"3172":1,"3173":3,"3175":2,"3176":2,"3177":4,"3178":5,"3179":2,"3180":4,"3181":2,"3182":2,"3183":2,"3184":2,"3185":3,"3186":3,"3187":2,"3188":3,"3190":4,"3191":3,"3192":1,"3193":1,"3194":3,"3195":2,"3196":3,"3197":4,"3199":1,"3200":1,"3201":2,"3202":3,"3203":4,"3205":5,"3207":1,"3208":1,"3210":1,"3211":2,"3212":4,"3213":1,"3215":2,"3216":1,"3220":2,"3221":1,"3222":2,"3224":2,"3225":2,"3226":2,"3228":1,"3229":1,"3230":1,"3231":1,"3232":2,"3235":4,"3236":2,"3238":3,"3240":3,"3241":2,"3242":2,"3243":3,"3244":4,"3245":2,"3246":5,"3247":2,"3251":1,"3253":3,"3254":1,"3255":2,"3256":2,"3257":2,"3258":1,"3259":1,"3260":1,"3261":1,"3262":1,"3263":3,"3264":1,"3265":2,"3268":1,"3269":1,"3270":2,"3271":1,"3272":3,"3273":2,"3274":4,"3276":2,"3279":3,"3280":1,"3281":2,"3282":1,"3283":3,"3284":3,"3285":4,"3286":1,"3287":2,"3288":1,"3289":3,"3290":2,"3291":2,"3292":3,"3293":1,"3294":2,"3295":4,"3296":2,"3298":5,"3299":2,"3300":1,"3301":1,"3302":1,"3303":2,"3305":1,"3306":2,"3307":1,"3308":1,"3311":1,"3312":2,"3313":1,"3314":2,"3315":2,"3317":2,"3318":1,"3319":1,"3320":2,"3322":1,"3323":2,"3324":1,"3325":2,"3326":2,"3327":3,"3328":3,"3329":2,"3331":1,"3332":3,"3333":2,"3334":4,"3335":3,"3337":5,"3338":3,"3339":3,"3340":2,"3341":3,"3342":5,"3343":3,"3344":1,"3345":1,"3346":2,"3347":1,"3348":3,"3349":2,"3350":1,"3351":1,"3352":1,"3353":2,"3354":2,"3355":1,"3356":5,"3357":3,"3358":2,"3359":1,"3360":1,"3361":2,"3362":1,"3367":2,"3369":1,"3370":3,"3371":3,"3372":1,"3373":2,"3374":3,"3375":5,"3376":4,"3377":2,"3378":6,"3380":3,"3382":1,"3384":3,"3385":4,"3386":2,"3387":4,"3388":1,"3389":3,"3390":3,"3391":3,"3392":3,"3393":3,"3394":1,"3395":3,"3396":2,"3397":2,"3398":2,"3399":3,"3400":4,"3401":4,"3402":2,"3403":2,"3405":2,"3406":1,"3407":1,"3408":3,"3409":2,"3410":1,"3411":5,"3412":1,"3413":1,"3415":5,"3417":3,"3418":2,"3419":1,"3420":1,"3421":3,"3422":6,"3423":3,"3424":5,"3425":3,"3426":1,"3427":3,"3428":2,"3429":4,"3430":3,"3431":5,"3432":1,"3433":3,"3434":3,"3435":3,"3436":5,"3437":2,"3438":5,"3439":2,"3440":4,"3441":3,"3442":3,"3443":5,"3444":3,"3445":5,"3446":2,"3447":6,"3448":5,"3449":2,"3450":2,"3451":4,"3452":2,"3453":5,"3454":2,"3455":1,"3456":1,"3457":2,"3459":2,"3461":3,"3464":1,"3465":2,"3468":1,"3469":1,"3470":3,"3471":2,"3472":3,"3473":2,"3474":2,"3475":3,"3478":2,"3479":3,"3480":1,"3481":2,"3482":3,"3483":1,"3485":1,"3486":1,"3489":2,"3490":2,"3491":3,"3492":1,"3493":1,"3494":1,"3495":2,"3496":2,"3499":2,"3500":3,"3501":1,"3506":1,"3507":1,"3508":1,"3511":1,"3512":2,"3513":5,"3514":1,"3517":2,"3519":1,"3520":2,"3521":1,"3522":4,"3523":1,"3525":1,"3526":2,"3527":1,"3528":1,"3531":3,"3532":1,"3535":2,"3538":2,"3539":3,"3540":1,"3541":1,"3543":1,"3544":1,"3545":2,"3546":1,"3548":2,"3549":2,"3552":5,"3553":1,"3554":1,"3555":4,"3556":1,"3557":1,"3559":1,"3560":3,"3563":2,"3568":1,"3571":2,"3573":1,"3574":3,"3576":3,"3577":1,"3578":2,"3580":1,"3581":2,"3582":2,"3585":1,"3587":1,"3588":2,"3589":1,"3591":3,"3592":1,"3594":2,"3595":1,"3596":1,"3598":1,"3599":1,"3600":1,"3601":1,"3602":1,"3603":2,"3604":4,"3605":3,"3606":2,"3607":1,"3608":1,"3609":1,"3610":1,"3611":2,"3612":1,"3614":2,"3615":1,"3618":1,"3619":1,"3622":2,"3623":4,"3627":1,"3628":1,"3629":2,"3632":1,"3633":3,"3634":1,"3635":3,"3636":1,"3638":1,"3640":1,"3642":2,"3643":3,"3645":2,"3646":2,"3648":1,"3649":2,"3650":1,"3651":2,"3652":1,"3653":1,"3654":3,"3655":1,"3656":1,"3658":3,"3661":1,"3662":1,"3663":1,"3664":2,"3665":1,"3666":1,"3668":2,"3669":1,"3671":1,"3672":2,"3673":2,"3674":3,"3676":3,"3678":1,"3679":1,"3680":3,"3683":1,"3684":1,"3687":2,"3689":2,"3690":2,"3691":1,"3692":2,"3694":2,"3695":3,"3696":1,"3698":2,"3699":1,"3703":2,"3704":2,"3705":1,"3706":1,"3709":1,"3710":1,"3714":1,"3716":1},"nonfork_created":45000,"nonfork_confirmed":45000,"nonfork_histogram_ms":{"36":1,"37":2,"38":2,"39":2,"40":5,"41":2,"42":4,"43":5,"44":4,"45":6,"46":5,"47":13,"48":13,"49":11,"50":11,"51":24,"52":20,"53":16,"54":22,"55":19,"56":17,"57":22,"58":36,"59":40,"60":57,"61":55,"62":61,"63":76,"64":72,"65":82,"66":109,"67":99,"68":107,"69":119,"70":131,"71":139,"72":157,"73":165,"74":194,"75":226,"76":239,"77":294,"78":293,"79":342,"80":370,"81":435,"82":480,"83":530,"84":581,"85":583,"86":574,"87":656,"88":668,"89":668,"90":713,"91":763,"92":722,"93":716,"94":759,"95":795,"96":805,"97":800,"98":791,"99":794,"100":772,"101":751,"102":737,"103":741,"104":703,"105":669,"106":594,"107":614,"108":526,"109":501,"110":509,"111":442,"112":407,"113":353,"114":355,"115":331,"116":316,"117":277,"118":262,"119":239,"120":222,"121":206,"122":207,"123":166,"124":136,"125":157,"126":123,"127":107,"128":106,"129":104,"130":86,"131":98,"132":67,"133":86,"134":74,"135":56,"136":74,"137":66,"138":61,"139":51,"140":53,"141":55,"142":71,"143":66,"144":64,"145":54,"146":58,"147":39,"148":54,"149":47,"150":41,"151":45,"152":44,"153":40,"154":66,"155":63,"156":39,"157":45,"158":34,"159":29,"160":49,"161":38,"162":33,"163":46,"164":32,"165":28,"166":23,"167":20,"168":16,"169":18,"170":15,"171":26,"172":20,"173":20,"174":15,"175":12,"176":22,"177":19,"178":19,"179":27,"180":20,"181":16,"182":20,"183":20,"184":21,"185":26,"186":25,"187":26,"188":20,"189":26,"190":24,"191":21,"192":43,"193":62,"194":33,"195":24,"196":17,"197":17,"198":26,"199":16,"200":9,"201":22,"202":28,"203":30,"204":21,"205":14,"206":16,"207":14,"208":13,"209":8,"210":11,"211":19,"212":23,"213":24,"214":17,"215":17,"216":21,"217":44,"218":63,"219":37,"220":40,"221":50,"222":47,"223":39,"224":23,"225":15,"226":23,"227":14,"228":16,"229":6,"230":11,"231":9,"232":15,"233":9,"234":13,"235":13,"236":11,"237":18,"238":32,"239":15,"240":12,"241":13,"242":13,"243":23,"244":28,"245":24,"246":11,"247":12,"248":11,"249":13,"250":14,"251":14,"252":11,"253":13,"254":7,"255":10,"256":10,"257":12,"258":16,"259":15,"260":26,"261":14,"262":20,"263":19,"264":15,"265":15,"266":13,"267":23,"268":34,"269":53,"270":43,"271":34,"272":30,"273":33,"274":38,"275":17,"276":12,"277":12,"278":16,"279":12,"280":13,"281":17,"282":10,"283":10,"284":7,"285":20,"286":10,"287":10,"288":10,"289":14,"290":9,"291":9,"292":7,"293":9,"294":12,"295":13,"296":13,"297":16,"298":11,"299":15,"300":10,"301":11,"302":14,"303":12,"304":12,"305":14,"306":10,"307":7,"308":10,"309":9,"310":13,"311":7,"312":7,"313":9,"314":3,"315":8,"316":3,"317":10,"318":17,"319":12,"320":6,"321":13,"322":8,"323":5,"324":2,"325":8,"326":6,"327":6,"328":3,"329":3,"330":1,"331":7,"332":4,"333":3,"334":4,"335":4,"336":9,"337":7,"338":5,"339":8,"340":9,"341":17,"342":6,"343":6,"344":8,"345":15,"346":11,"347":13,"348":9,"349":14,"350":18,"351":11,"352":13,"353":8,"354":9,"355":13,"356":5,"357":12,"358":13,"359":17,"360":13,"361":13,"362":6,"363":8,"364":9,"365":6,"366":5,"367":8,"368":6,"369":7,"370":16,"371":10,"372":3,"373":8,"374":7,"375":6,"376":7,"377":16,"378":17,"379":8,"380":4,"381":4,"382":13,"383":10,"384":5,"385":6,"386":7,"387":4,"388":14,"389":15,"390":3,"391":5,"392":11,"393":13,"394":13,"395":8,"396":6,"397":6,"398":3,"399":6,"400":6,"401":1,"402":4,"403":9,"404":7,"405":8,"406":9,"407":11,"408":3,"409":5,"410":11,"411":10,"412":7,"413":18,"414":20,"415":16,"416":14,"417":22,"418":15,"419":16,"420":15,"421":11,"422":10,"423":12,"424":9,"425":19,"426":29,"427":22,"428":9,"429":10,"430":11,"431":9,"432":5,"433":6,"434":5,"435":11,"436":12,"437":7,"438":7,"439":7,"440":6,"441":7,"442":7,"443":8,"444":7,"445":3,"446":6,"447":13,"448":7,"449":19,"450":33,"451":21,"452":31,"453":16,"454":14,"455":9,"456":11,"457":8,"458":10,"459":9,"460":9,"461":5,"462":5,"463":4,"464":10,"465":15,"466":19,"467":15,"468":14,"469":8,"470":9,"471":9,"472":12,"473":11,"474":11,"475":7,"476":10,"477":10,"478":13,"479":14,"480":6,"481":6,"482":6,"483":7,"484":4,"485":15,"486":7,"487":9,"488":14,"489":10,"490":17,"491":18,"492":8,"493":4,"494":7,"495":5,"496":5,"497":5,"498":10,"499":7,"500":16,"501":14,"502":10,"503":4,"504":1,"505":5,"506":6,"507":11,"508":7,"509":16,"510":14,"511":8,"512":6,"513":4,"514":3,"515":2,"516":9,"517":9,"518":10,"519":11,"520":4,"521":12,"522":12,"523":5,"524":7,"525":2,"526":3,"527":6,"528":9,"529":7,"530":11,"531":21,"532":11,"533":18,"534":8,"535":6,"536":7,"537":10,"538":5,"539":7,"540":8,"541":12,"542":13,"543":11,"544":9,"545":8,"546":6,"547":7,"548":6,"549":5,"550":8,"551":8,"552":5,"553":7,"554":6,"555":7,"556":8,"557":6,"558":4,"559":4,"560":3,"561":2,"562":4,"563":4,"564":5,"565":2,"566":5,"569":7,"570":1,"571":1,"572":2,"573":1,"574":2,"575":3,"576":5,"577":4,"578":1,"579":4,"580":7,"581":7,"582":6,"583":8,"584":12,"585":11,"586":9,"587":5,"588":12,"589":7,"590":8,"591":6,"592":4,"593":2,"594":3,"595":3,"596":2,"597":3,"598":2,"599":6,"600":4,"601":4,"602":3,"603":8,"604":9,"605":13,"606":13,"607":15,"608":11,"609":6,"610":2,"611":8,"612":5,"613":5,"614":17,"615":42,"616":20,"617":12,"618":12,"619":24,"620":12,"621":20,"622":12,"623":3,"625":3,"626":2,"627":1,"628":5,"629":9,"630":2,"631":1,"632":3,"633":5,"634":4,"635":10,"636":17,"637":6,"638":4,"639":4,"640":8,"641":1,"642":3,"643":2,"654":2,"655":1,"656":1,"657":5,"658":1,"659":2,"660":5,"661":5,"662":2,"663":2,"664":4,"665":13,"666":4,"667":4,"668":4,"669":5,"670":3,"671":7,"672":3,"673":2,"674":2,"675":4,"676":10,"677":4,"678":4,"679":1,"680":4,"681":3,"682":7,"683":5,"684":5,"685":11,"686":7,"687":10,"688":4,"689":5,"690":9,"691":4,"693":2,"695":2,"697":2,"698":1,"702":2,"703":6,"704":3,"705":3,"706":3,"707":4,"708":4,"709":5,"710":6,"711":2,"712":4,"713":6,"714":5,"715":8,"716":8,"717":3,"718":5,"721":1,"724":1,"729":1,"732":7,"733":3,"734":4,"735":4,"736":1,"737":2,"738":4,"739":3,"740":2,"741":6,"742":3,"743":5,"744":7,"745":4,"746":3,"747":2,"748":3,"749":4,"750":5,"751":9,"752":10,"753":6,"754":13,"755":5,"756":2,"757":7,"758":2,"759":2,"761":2,"762":2,"763":1,"765":1,"767":1,"768":1,"769":1,"770":1,"772":6,"773":4,"774":5,"775":12,"776":5,"777":7,"778":3,"779":8,"780":3,"781":2,"785":2,"794":1,"795":2,"796":4,"797":5,"798":3,"799":1,"800":1,"801":4,"802":1,"803":4,"804":3,"805":4,"806":5,"807":3,"808":4,"809":3,"810":2,"811":4,"812":2,"813":5,"814":3,"815":3,"816":4,"818":4,"819":2,"820":2,"821":3,"822":6,"823":1,"824":3,"825":3,"826":3,"827":5,"828":4,"829":3,"830":6,"831":2,"832":3,"833":5,"834":3,"836":2,"837":4,"838":6,"839":1,"840":3,"841":5,"842":7,"843":5,"844":4,"845":5,"846":4,"847":3,"848":2,"849":2,"850":3,"851":1,"852":5,"853":5,"854":6,"855":5,"856":4,"857":2,"858":5,"859":1,"860":4,"861":4,"862":6,"863":1,"864":5,"865":7,"866":5,"867":5,"868":1,"869":4,"870":6,"871":4,"872":5,"873":2,"874":5,"875":6,"876":5,"877":7,"878":5,"879":2,"880":3,"881":1,"882":6,"883":4,"884":1,"885":4,"886":4,"887":2,"888":4,"889":4,"890":5,"891":3,"892":3,"894":1,"895":4,"896":3,"897":6,"898":7,"899":3,"900":5,"901":4,"902":4,"903":3,"904":4,"905":2,"906":3,"907":3,"908":3,"909":5,"910":6,"911":3,"912":8,"913":7,"914":4,"915":2,"916":5,"917":5,"918":2,"919":5,"920":3,"921":4,"922":2,"923":3,"924":7,"925":5,"926":2,"927":4,"928":1,"929":6,"930":3,"931":3,"932":3,"933":4,"934":2,"935":4,"936":2,"937":4,"938":5,"939":4,"940":2,"941":3,"942":2,"943":2,"944":1,"945":5,"946":3,"947":3,"948":3,"949":3,"950":1,"951":4,"952":8,"953":3,"954":3,"955":3,"956":3,"957":4,"958":4,"960":6,"961":4,"962":2,"963":5,"964":1,"965":3,"966":2,"967":4,"968":2,"969":5,"970":3,"971":4,"972":6,"974":1,"975":2,"976":2,"977":1,"979":3,"980":2,"983":1,"984":2,"985":3,"986":1,"987":1,"988":1,"991":3,"992":1,"993":2,"994":2,"997":1,"998":2,"1000":2,"1002":1,"1006":1,"1008":2,"1009":1,"1011":1,"1012":4,"1013":1,"1014":4,"1015":2,"1016":2,"1018":5,"1019":1,"1020":2,"1021":2,"1022":1,"1023":2,"1024":3,"1025":3,"1027":2,"1029":1,"1030":2,"1032":1,"1033":1,"1034":2,"1035":2,"1036":4,"1037":2,"1038":2,"1039":2,"1040":2,"1041":3,"1042":1,"1043":4,"1044":2,"1045":1,"1046":2,"1047":1,"1048":2,"1049":4,"1050":5,"1051":1,"1052":1,"1053":3,"1054":3,"1055":1,"1056":7,"1057":1,"1058":6,"1059":1,"1060":2,"1061":5,"1062":10,"1063":4,"1064":10,"1065":3,"1066":5,"1067":7,"1068":8,"1069":3,"1071":5,"1072":5,"1073":3,"1074":4,"1075":4,"1076":6,"1077":6,"1078":4,"1079":5,"1080":9,"1081":8,"1082":4,"1083":4,"1084":5,"1085":3,"1086":6,"1087":3,"1088":4,"1089":3,"1090":7,"1091":4,"1092":3,"1093":3,"1094":9,"1095":7,"1096":11,"1097":5,"1098":5,"1099":6,"1100":4,"1101":8,"1102":4,"1103":5,"1104":4,"1105":6,"1106":6,"1107":2,"1108":4,"1109":5,"1110":2,"1111":2,"1112":3,"1113":2,"1114":1,"1115":5,"1116":1,"1117":3,"1118":3,"1119":4,"1120":1,"1121":1,"1122":1,"1123":3,"1125":4,"1126":3,"1128":4,"1129":2,"1131":3,"1132":2,"1133":4,"1134":6,"1135":2,"1136":3,"1138":5,"1139":4,"1140":5,"1143":1,"1144":1,"1145":5,"1146":4,"1147":2,"1148":3,"1150":1,"1151":3,"1152":2,"1153":3,"1154":1,"1155":1,"1156":2,"1157":6,"1160":1,"1162":4,"1163":2,"1164":3,"1165":2,"1166":1,"1167":5,"1168":3,"1169":1,"1170":1,"1171":2,"1173":2,"1174":3,"1175":5,"1176":3,"1177":1,"1178":1,"1179":2,"1180":2,"1181":3,"1182":2,"1183":1,"1184":2,"1185":5,"1186":2,"1187":5,"1188":2,"1189":2,"1190":5,"1191":1,"1192":5,"1193":3,"1194":4,"1195":3,"1196":2,"1197":3,"1198":3,"1199":3,"1200":2,"1201":2,"1202":2,"1203":4,"1204":7,"1205":3,"1206":5,"1207":5,"1208":6,"1209":2,"1210":6,"1211":5,"1212":4,"1213":4,"1214":8,"1215":1,"1216":3,"1217":4,"1218":5,"1219":3,"1220":2,"1221":7,"1222":4,"1223":7,"1224":7,"1225":4,"1226":1,"1227":2,"1228":3,"1229":5,"1230":3,"1231":2,"1232":1,"1233":4,"1234":9,"1235":6,"1236":3,"1237":1,"1238":2,"1239":2,"1240":2,"1241":4,"1242":7,"1243":4,"1244":3,"1245":4,"1247":5,"1248":5,"1249":10,"1250":3,"1251":2,"1252":2,"1253":2,"1254":5,"1255":6,"1256":10,"1257":5,"1258":5,"1259":5,"1260":9,"1261":13,"1262":5,"1263":5,"1264":8,"1265":7,"1266":1,"1267":8,"1268":7,"1269":5,"1270":6,"1271":5,"1272":7,"1273":6,"1274":6,"1275":2,"1276":6,"1277":7,"1278":11,"1279":8,"1280":7,"1281":5,"1282":5,"1283":5,"1284":5,"1285":10,"1286":7,"1287":5,"1288":11,"1289":4,"1290":10,"1291":6,"1292":5,"1293":7,"1294":1,"1295":11,"1296":7,"1297":10,"1298":7,"1299":6,"1300":6,"1301":4,"1302":4,"1303":11,"1304":5,"1305":9,"1306":2,"1307":10,"1308":7,"1309":7,"1310":5,"1311":3,"1312":4,"1313":15,"1314":8,"1315":6,"1316":8,"1317":3,"1318":8,"1319":8,"1320":7,"1321":10,"1322":7,"1323":5,"1324":7,"1325":6,"1326":5,"1327":4,"1328":11,"1329":4,"1330":9,"1331":10,"1332":5,"1333":6,"1334":8,"1335":4,"1336":4,"1337":4,"1338":4,"1339":9,"1340":8,"1341":12,"1342":5,"1343":6,"1344":5,"1345":6,"1346":5,"1347":6,"1348":3,"1349":10,"1350":4,"1351":3,"1352":5,"1353":7,"1354":9,"1355":5,"1356":3,"1357":5,"1358":11,"1359":7,"1360":5,"1361":7,"1362":6,"1363":7,"1364":6,"1365":7,"1366":7,"1367":3,"1368":9,"1369":11,"1370":6,"1371":4,"1372":6,"1373":6,"1374":8,"1375":12,"1376":16,"1377":9,"1378":8,"1379":8,"1380":10,"1381":4,"1382":5,"1383":7,"1384":10,"1385":7,"1386":13,"1387":15,"1388":14,"1389":16,"1390":10,"1391":12,"1392":4,"1393":15,"1394":10,"1395":11,"1396":11,"1397":6,"1398":6,"1399":14,"1400":8,"1401":13,"1402":9,"1403":12,"1404":11,"1405":8,"1406":11,"1407":8,"1408":8,"1409":7,"1410":7,"1411":5,"1412":9,"1413":9,"1414":3,"1415":12,"1416":11,"1417":9,"1418":10,"1419":8,"1420":14,"1421":5,"1422":8,"1423":7,"1424":9,"1425":12,"1426":4,"1427":9,"1428":9,"1429":14,"1430":13,"1431":8,"1432":16,"1433":15,"1434":7,"1435":11,"1436":10,"1437":6,"1438":11,"1439":8,"1440":6,"1441":11,"1442":9,"1443":3,"1444":10,"1445":9,"1446":10,"1447":11,"1448":10,"1449":8,"1450":11,"1451":12,"1452":12,"1453":8,"1454":7,"1455":8,"1456":3,"1457":6,"1458":7,"1459":11,"1460":5,"1461":10,"1462":8,"1463":9,"1464":9,"1465":1,"1466":8,"1467":6,"1468":5,"1469":4,"1470":5,"1471":9,"1472":9,"1473":8,"1474":3,"1475":3,"1476":4,"1477":11,"1478":4,"1479":5,"1480":6,"1481":7,"1482":11,"1483":13,"1484":9,"1485":5,"1486":11,"1487":7,"1488":5,"1489":1,"1490":7,"1491":12,"1492":10,"1493":8,"1494":14,"1495":10,"1496":12,"1497":6,"1498":4,"1499":5,"1500":7,"1501":5,"1502":4,"1503":10,"1504":7,"1505":17,"1506":9,"1507":9,"1508":9,"1509":5,"1510":9,"1511":7,"1512":7,"1513":7,"1514":8,"1515":8,"1516":5,"1517":1,"1518":5,"1519":4,"1520":3,"1521":5,"1522":4,"1523":2,"1524":7,"1525":7,"1526":5,"1527":2,"1528":1,"1529":2,"1530":3,"1531":1,"1532":1,"1533":5,"1534":4,"1536":3,"1537":4,"1538":3,"1539":2,"1540":8,"1541":6,"1542":7,"1543":8,"1544":5,"1546":7,"1547":4,"1548":4,"1549":4,"1550":8,"1551":3,"1552":5,"1553":3,"1554":3,"1555":5,"1556":4,"1557":2,"1558":3,"1559":3,"1560":3,"1561":5,"1562":10,"1563":3,"1564":4,"1565":4,"1566":1,"1567":5,"1568":2,"1569":5,"1570":4,"1572":2,"1573":1,"1574":4,"1575":5,"1576":2,"1577":2,"1578":3,"1579":7,"1580":1,"1581":4,"1582":1,"1583":1,"1584":1,"1585":5,"1586":3,"1587":3,"1588":4,"1589":3,"1590":1,"1591":1,"1592":2,"1593":3,"1594":3,"1595":5,"1596":3,"1597":6,"1598":2,"1599":3,"1600":7,"1601":1,"1602":4,"1603":7,"1604":5,"1605":3,"1606":7,"1607":3,"1608":8,"1609":3,"1610":4,"1611":5,"1612":6,"1613":5,"1614":11,"1615":5,"1616":5,"1617":4,"1618":8,"1619":6,"1620":9,"1621":7,"1622":9,"1623":10,"1624":10,"1625":5,"1626":10,"1627":6,"1628":9,"1629":8,"1630":4,"1631":4,"1632":11,"1633":4,"1634":5,"1635":10,"1636":13,"1637":2,"1638":5,"1639":6,"1640":5,"1641":9,"1642":5,"1643":5,"1644":1,"1645":8,"1646":6,"1647":6,"1648":5,"1649":7,"1650":10,"1651":4,"1652":3,"1653":5,"1654":1,"1655":11,"1656":3,"1657":9,"1658":5,"1659":4,"1660":6,"1661":7,"1662":8,"1663":5,"1664":6,"1665":4,"1666":6,"1667":3,"1668":3,"1669":3,"1670":8,"1671":1,"1672":4,"1673":2,"1674":5,"1675":5,"1676":5,"1677":5,"1678":3,"1679":7,"1680":1,"1681":4,"1682":3,"1683":4,"1684":2,"1685":5,"1686":5,"1687":3,"1688":5,"1689":4,"1690":3,"1691":4,"1692":3,"1693":6,"1694":5,"1695":4,"1696":4,"1697":4,"1698":6,"1699":5,"1700":4,"1701":7,"1702":4,"1703":3,"1704":4,"1705":5,"1706":3,"1707":5,"1708":2,"1709":2,"1710":3,"1711":2,"1712":3,"1713":2,"1714":6,"1715":2,"1716":2,"1717":2,"1718":2,"1719":2,"1720":2,"1721":3,"1722":2,"1723":4,"1724":3,"1725":6,"1726":5,"1727":7,"1728":2,"1729":1,"1731":2,"1732":7,"1733":1,"1734":3,"1735":6,"1736":5,"1737":4,"1738":5,"1739":5,"1740":2,"1741":4,"1742":4,"1744":5,"1746":3,"1747":2,"1748":2,"1749":3,"1750":3,"1751":3,"1752":2,"1753":6,"1754":3,"1755":2,"1756":3,"1757":5,"1758":1,"1759":2,"1760":5,"1761":2,"1762":2,"1763":3,"1764":3,"1765":6,"1766":5,"1767":2,"1768":6,"1769":5,"1770":4,"1771":2,"1772":4,"1773":6,"1774":2,"1775":1,"1776":3,"1777":4,"1778":4,"1779":3,"1780":4,"1781":2,"1782":4,"1783":2,"1784":3,"1786":2,"1787":4,"1788":2,"1789":5,"1790":6,"1791":2,"1792":3,"1793":2,"1794":3,"1795":8,"1796":2,"1797":7,"1798":3,"1799":8,"1800":5,"1801":3,"1802":8,"1803":7,"1804":10,"1805":4,"1806":8,"1807":6,"1808":4,"1809":3,"1810":2,"1811":4,"1812":2,"1813":1,"1814":3,"1815":4,"1816":4,"1817":7,"1818":5,"1819":6,"1820":3,"1821":3,"1822":6,"1823":2,"1824":5,"1825":3,"1826":6,"1827":3,"1828":3,"1829":4,"1830":1,"1831":4,"1832":2,"1833":3,"1834":5,"1835":5,"1836":5,"1837":2,"1838":6,"1839":5,"1840":3,"1841":5,"1842":6,"1843":8,"1844":4,"1845":8,"1846":5,"1847":9,"1848":3,"1849":3,"1850":2,"1851":6,"1852":2,"1853":3,"1854":2,"1855":2,"1856":4,"1857":5,"1858":3,"1859":5,"1860":5,"1861":3,"1862":6,"1863":4,"1864":1,"1865":5,"1866":1,"1867":2,"1868":4,"1869":3,"1870":5,"1871":6,"1872":3,"1873":7,"1875":1,"1876":6,"1877":3,"1878":4,"1879":3,"1880":6,"1881":7,"1882":4,"1883":10,"1884":3,"1885":3,"1886":3,"1887":3,"1888":2,"1889":4,"1890":3,"1891":2,"1892":2,"1893":4,"1894":3,"1895":2,"1896":3,"1897":5,"1898":1,"1899":3,"1900":3,"1901":4,"1902":4,"1903":6,"1904":5,"1905":6,"1906":6,"1907":4,"1908":4,"1909":6,"1910":8,"1911":3,"1912":5,"1913":3,"1914":5,"1915":4,"1916":1,"1917":4,"1918":6,"1919":2,"1920":6,"1921":5,"1922":6,"1923":3,"1924":4,"1925":2,"1926":4,"1927":4,"1928":1,"1929":7,"1930":4,"1931":5,"1932":7,"1933":5,"1934":3,"1935":5,"1936":7,"1937":2,"1938":5,"1939":3,"1940":4,"1941":1,"1942":7,"1943":5,"1944":3,"1945":6,"1946":3,"1947":5,"1948":5,"1949":8,"1950":7,"1951":6,"1952":3,"1953":3,"1954":3,"1955":2,"1956":3,"1957":3,"1958":7,"1959":4,"1960":3,"1961":2,"1962":8,"1963":5,"1964":1,"1965":3,"1966":2,"1967":1,"1968":7,"1969":3,"1970":3,"1971":1,"1972":5,"1973":5,"1974":6,"1975":6,"1976":4,"1977":3,"1978":6,"1979":2,"1980":3,"1981":6,"1982":4,"1983":6,"1984":5,"1985":2,"1986":5,"1987":1,"1988":1,"1989":4,"1990":2,"1991":6,"1992":2,"1993":4,"1994":4,"1995":4,"1996":6,"1997":5,"1998":4,"1999":3,"2000":1,"2001":2,"2002":3,"2003":2,"2004":1,"2005":3,"2006":2,"2007":3,"2008":7,"2009":6,"2010":5,"2011":3,"2012":2,"2013":7,"2014":4,"2015":5,"2016":9,"2017":7,"2018":8,"2019":7,"2020":5,"2021":3,"2022":3,"2023":5,"2024":2,"2025":6,"2026":4,"2027":2,"2028":5,"2029":3,"2030":6,"2031":2,"2032":3,"2033":7,"2034":3,"2036":3,"2037":5,"2038":5,"2039":6,"2040":3,"2041":3,"2042":3,"2043":6,"2044":4,"2045":7,"2046":2,"2047":5,"2048":5,"2049":2,"2050":4,"2051":6,"2052":2,"2053":6,"2054":2,"2055":2,"2056":5,"2057":4,"2058":7,"2059":2,"2060":4,"2061":1,"2062":4,"2063":1,"2064":4,"2066":1,"2067":3,"2068":4,"2069":2,"2070":2,"2071":4,"2072":2,"2073":8,"2075":3,"2076":4,"2077":3,"2078":2,"2079":3,"2080":5,"2081":3,"2082":4,"2083":1,"2084":4,"2085":4,"2086":4,"2088":2,"2089":3,"2090":6,"2091":6,"2092":4,"2093":7,"2094":4,"2095":3,"2096":4,"2097":8,"2098":6,"2099":5,"2100":4,"2101":4,"2102":4,"2103":10,"2104":9,"2105":1,"2106":8,"2107":2,"2108":2,"2109":3,"2110":2,"2111":2,"2112":4,"2113":3,"2114":2,"2116":1,"2117":2,"2118":1,"2119":5,"2120":1,"2122":4,"2124":1,"2125":2,"2126":3,"2127":3,"2128":2,"2129":6,"2130":2,"2131":4,"2133":2,"2134":4,"2135":3,"2136":3,"2137":4,"2138":4,"2139":2,"2140":3,"2141":4,"2142":2,"2143":1,"2144":2,"2145":4,"2146":4,"2147":2,"2148":5,"2149":3,"2150":3,"2151":2,"2152":5,"2153":5,"2154":5,"2155":2,"2156":3,"2157":6,"2158":5,"2159":4,"2160":5,"2161":3,"2162":1,"2163":3,"2164":2,"2165":7,"2166":4,"2167":3,"2168":2,"2170":5,"2171":4,"2172":1,"2173":3,"2174":5,"2175":3,"2176":1,"2177":3,"2178":3,"2179":2,"2180":6,"2181":4,"2182":2,"2183":3,"2184":5,"2185":5,"2186":1,"2187":4,"2188":2,"2189":2,"2190":4,"2192":3,"2194":2,"2195":3,"2196":2,"2197":3,"2198":8,"2199":2,"2200":3,"2201":1,"2202":4,"2203":5,"2204":2,"2207":3,"2208":3,"2209":4,"2210":3,"2211":2,"2212":4,"2214":3,"2215":3,"2216":4,"2217":3,"2218":1,"2219":3,"2221":1,"2222":4,"2223":2,"2224":2,"2225":1,"2226":3,"2227":2,"2229":4,"2230":4,"2231":4,"2232":4,"2233":4,"2234":3,"2236":2,"2237":4,"2238":2,"2239":5,"2240":4,"2241":3,"2242":2,"2243":2,"2244":4,"2245":3,"2246":3,"2247":3,"2248":1,"2249":2,"2250":3,"2251":1,"2252":1,"2253":1,"2254":6,"2255":1,"2256":3,"2257":2,"2258":2,"2259":1,"2260":2,"2261":5,"2263":3,"2266":1,"2267":3,"2268":2,"2269":4,"2271":3,"2272":1,"2273":3,"2274":2,"2275":1,"2276":3,"2277":1,"2278":1,"2279":1,"2280":1,"2281":2,"2282":2,"2283":4,"2284":1,"2285":5,"2286":4,"2287":1,"2288":3,"2289":1,"2290":2,"2292":1,"2293":3,"2294":5,"2295":5,"2297":1,"2298":3,"2299":3,"2300":2,"2301":3,"2304":1,"2305":3,"2307":4,"2308":1,"2309":2,"2310":3,"2311":3,"2312":1,"2313":2,"2314":3,"2315":1,"2317":2,"2318":2,"2319":3,"2320":2,"2321":2,"2322":3,"2323":2,"2324":3,"2326":2,"2327":2,"2328":4,"2329":3,"2332":1,"2333":3,"2334":2,"2335":3,"2336":1,"2339":1,"2340":2,"2341":2,"2342":2,"2343":3,"2345":3,"2346":2,"2347":1,"2348":4,"2349":1,"2350":5,"2351":1,"2352":1,"2353":2,"2354":1,"2356":2,"2357":1,"2358":1,"2359":3,"2361":3,"2362":1,"2363":4,"2364":1,"2365":1,"2366":3,"2367":2,"2368":1,"2370":1,"2372":5,"2373":1,"2374":2,"2375":1,"2376":4,"2377":1,"2378":2,"2379":1,"2380":2,"2381":4,"2382":4,"2383":1,"2384":2,"2385":1,"2386":2,"2387":1,"2388":5,"2390":1,"2391":1,"2392":3,"2393":1,"2394":3,"2395":3,"2396":2,"2397":2,"2399":3,"2400":1,"2402":3,"2403":5,"2404":2,"2405":1,"2406":1,"2407":2,"2409":1,"2410":3,"2411":4,"2412":2,"2413":1,"2414":4,"2415":1,"2416":2,"2417":4,"2418":2,"2419":2,"2420":3,"2421":1,"2422":2,"2423":1,"2425":2,"2426":4,"2427":2,"2428":3,"2429":2,"2430":3,"2431":1,"2432":3,"2433":2,"2435":1,"2436":5,"2437":1,"2438":1,"2441":2,"2442":1,"2443":1,"2444":2,"2445":2,"2447":5,"2448":2,"2449":2,"2450":1,"2451":1,"2452":4,"2453":3,"2457":4,"2458":3,"2459":2,"2460":3,"2461":2,"2462":1,"2463":2,"2464":4,"2465":2,"2466":1,"2467":1,"2468":3,"2469":2,"2470":1,"2471":1,"2472":3,"2473":1,"2474":1,"2476":2,"2477":2,"2478":3,"2479":1,"2480":5,"2481":2,"2482":3,"2483":2,"2484":2,"2485":3,"2486":2,"2487":2,"2488":3,"2489":1,"2490":1,"2491":2,"2492":1,"2494":3,"2495":1,"2496":3,"2498":2,"2499":3,"2500":3,"2501":5,"2502":1,"2503":3,"2504":3,"2505":1,"2506":2,"2507":3,"2508":3,"2509":4,"2510":2,"2511":2,"2512":1,"2513":4,"2514":1,"2516":2,"2518":4,"2519":2,"2521":1,"2523":3,"2524":3,"2525":2,"2526":3,"2527":2,"2528":1,"2529":1,"2530":2,"2531":2,"2532":1,"2533":2,"2535":3,"2536":3,"2537":2,"2538":2,"2539":1,"2540":3,"2542":2,"2543":4,"2544":3,"2545":1,"2546":1,"2547":1,"2548":4,"2549":4,"2550":2,"2551":3,"2552":2,"2553":1,"2554":2,"2555":2,"2556":3,"2557":3,"2558":1,"2559":3,"2560":2,"2561":3,"2563":2,"2564":2,"2565":4,"2566":2,"2567":3,"2568":4,"2569":2,"2570":4,"2572":1,"2574":3,"2575":1,"2576":2,"2578":3,"2579":2,"2581":1,"2582":3,"2583":3,"2585":2,"2586":2,"2588":1,"2589":1,"2590":1,"2591":3,"2592":1,"2593":3,"2594":4,"2595":1,"2597":2,"2598":1,"2599":4,"2600":1,"2601":5,"2602":2,"2603":2,"2604":1,"2607":2,"2608":2,"2609":2,"2610":1,"2611":3,"2612":1,"2613":3,"2614":2,"2615":4,"2616":2,"2617":2,"2618":3,"2620":1,"2621":2,"2622":1,"2623":2,"2624":2,"2625":2,"2626":4,"2627":1,"2628":1,"2629":3,"2630":3,"2631":2,"2632":1,"2633":3,"2634":3,"2635":2,"2636":2,"2637":2,"2638":2,"2639":4,"2640":2,"2641":2,"2642":3,"2644":2,"2646":2,"2647":1,"2648":1,"2649":5,"2650":2,"2651":4,"2653":3,"2654":3,"2655":1,"2656":1,"2657":3,"2659":4,"2660":2,"2661":1,"2662":3,"2663":2,"2664":1,"2665":1,"2667":1,"2668":3,"2670":3,"2671":6,"2672":1,"2673":1,"2674":2,"2675":2,"2676":2,"2678":3,"2679":2,"2680":5,"2682":2,"2683":2,"2684":2,"2685":5,"2686":1,"2687":2,"2688":2,"2689":3,"2691":4,"2692":2,"2693":2,"2694":4,"2696":5,"2697":1,"2698":3,"2699":2,"2701":1,"2702":1,"2705":2,"2706":3,"2707":4,"2709":1,"2710":2,"2711":1,"2712":2,"2713":1,"2714":2,"2715":3,"2716":3,"2717":1,"2718":2,"2719":1,"2720":2,"2721":2,"2722":1,"2723":2,"2724":2,"2725":3,"2726":1,"2727":1,"2728":1,"2729":4,"2730":3,"2731":2,"2732":2,"2733":1,"2734":2,"2736":1,"2737":2,"2738":1,"2739":2,"2740":1,"2741":2,"2742":2,"2743":1,"2744":1,"2745":1,"2746":1,"2747":1,"2748":1,"2749":1,"2751":2,"2752":2,"2753":1,"2754":1,"2756":2,"2757":3,"2762":3,"2763":1,"2765":1,"2766":1,"2767":2,"2768":4,"2769":3,"2770":1,"2771":2,"2772":1,"2773":1,"2774":1,"2775":1,"2776":1,"2777":2,"2778":2,"2780":2,"2781":2,"2782":3,"2783":1,"2784":1,"2785":3,"2786":4,"2787":3,"2788":3,"2789":1,"2791":2,"2793":3,"2794":3,"2795":3,"2796":1,"2797":3,"2798":3,"2799":2,"2800":1,"2801":3,"2802":2,"2803":3,"2804":1,"2805":4,"2806":6,"2807":3,"2808":5,"2809":1,"2810":3,"2812":4,"2813":1,"2816":4,"2817":1,"2818":2,"2819":2,"2820":2,"2821":1,"2822":2,"2824":1,"2825":1,"2826":1,"2827":3,"2828":2,"2830":2,"2831":2,"2832":2,"2833":4,"2834":2,"2836":2,"2837":1,"2838":1,"2839":2,"2840":2,"2841":1,"2842":1,"2843":1,"2844":3,"2848":1,"2849":1,"2850":3,"2851":2,"2852":5,"2853":3,"2854":3,"2855":2,"2857":1,"2858":2,"2859":4,"2860":1,"2861":1,"2862":2,"2863":1,"2864":1,"2865":2,"2866":3,"2867":1,"2868":3,"2869":3,"2870":3,"2871":1,"2872":1,"2873":2,"2874":2,"2875":2,"2877":2,"2878":2,"2880":2,"2881":1,"2882":2,"2883":2,"2884":2,"2885":2,"2886":1,"2887":2,"2889":2,"2890":4,"2891":1,"2892":2,"2893":1,"2894":2,"2895":3,"2896":1,"2897":6,"2898":4,"2900":5,"2901":1,"2903":1,"2904":2,"2905":2,"2906":3,"2907":3,"2908":1,"2911":1,"2912":3,"2913":1,"2914":1,"2915":2,"2917":2,"2919":3,"2921":2,"2923":3,"2924":3,"2925":3,"2926":4,"2927":2,"2928":1,"2929":2,"2930":1,"2931":3,"2932":2,"2933":1,"2934":1,"2935":1,"2936":4,"2937":1,"2938":2,"2939":2,"2941":1,"2942":1,"2943":3,"2944":4,"2945":2,"2946":1,"2947":3,"2948":1,"2950":2,"2951":1,"2952":3,"2953":1,"2954":2,"2955":3,"2956":2,"2957":2,"2958":1,"2959":2,"2960":2,"2961":2,"2962":2,"2963":3,"2964":1,"2965":3,"2966":1,"2968":3,"2970":1,"2971":2,"2972":2,"2973":1,"2974":2,"2975":4,"2977":4,"2978":4,"2980":2,"2981":1,"2982":2,"2983":2,"2984":1,"2985":1,"2986":5,"2987":2,"2988":2,"2989":1,"2990":1,"2991":4,"2992":2,"2993":2,"2994":1,"2995":2,"2996":2,"2999":2,"3001":4,"3002":1,"3003":3,"3004":3,"3005":2,"3006":3,"3007":4,"3008":5,"3009":2,"3010":2,"3011":4,"3012":1,"3013":1,"3014":3,"3015":1,"3016":1,"3018":1,"3019":2,"3021":1,"3025":1,"3027":1,"3029":4,"3031":2,"3034":1,"3035":1,"3036":2,"3039":1,"3041":1,"3042":1,"3043":2,"3044":2,"3045":1,"3047":1,"3048":2,"3050":1,"3051":1,"3052":1,"3055":3,"3056":2,"3058":6,"3059":2,"3060":1,"3061":2,"3062":3,"3063":2,"3064":3,"3065":1,"3066":3,"3067":1,"3068":4,"3069":1,"3071":3,"3072":1,"3073":3,"3074":1,"3076":1,"3078":1,"3079":1,"3080":2,"3081":2,"3082":5,"3083":2,"3084":1,"3085":1,"3086":2,"3087":3,"3090":3,"3091":1,"3092":3,"3093":2,"3094":3,"3095":3,"3096":2,"3097":4,"3098":1,"3099":3,"3100":2,"3102":1,"3103":3,"3104":1,"3106":3,"3107":4,"3108":3,"3109":2,"3110":2,"3112":2,"3113":1,"3114":3,"3116":2,"3118":1,"3119":2,"3121":3,"3122":4,"3123":2,"3124":1,"3125":3,"3126":1,"3127":3,"3128":2,"3129":1,"3131":1,"3132":2,"3133":3,"3134":3,"3135":2,"3138":1,"3139":1,"3140":1,"3141":4,"3142":2,"3143":1,"3144":3,"3145":5,"3146":1,"3147":2,"3148":1,"3149":1,"3150":2,"3151":1,"3152":1,"3153":2,"3154":5,"3155":1,"3156":1,"3157":1,"3158":1,"3159":3,"3160":2,"3161":2,"3162":1,"3163":1,"3164":2,"3165":1,"3166":3,"3167":3,"3168":1,"3169":2,"3170":3,"3171":1,"3172":1,"3173":3,"3175":2,"3176":2,"3177":4,"3178":5,"3179":2,"3180":4,"3181":2,"3182":2,"3183":2,"3184":2,"3185":3,"3186":3,"3187":2,"3188":3,"3190":4,"3191":3,"3192":1,"3193":1,"3194":3,"3195":2,"3196":3,"3197":4,"3199":1,"3200":1,"3201":2,"3202":3,"3203":4,"3205":5,"3207":1,"3208":1,"3210":1,"3211":2,"3212":4,"3213":1,"3215":2,"3216":1,"3220":2,"3221":1,"3222":2,"3224":2,"3225":2,"3226":2,"3228":1,"3229":1,"3230":1,"3231":1,"3232":2,"3235":4,"3236":2,"3238":3,"3240":3,"3241":2,"3242":2,"3243":3,"3244":4,"3245":2,"3246":5,"3247":2,"3251":1,"3253":3,"3254":1,"3255":2,"3256":2,"3257":2,"3258":1,"3259":1,"3260":1,"3261":1,"3262":1,"3263":3,"3264":1,"3265":2,"3268":1,"3269":1,"3270":2,"3271":1,"3272":3,"3273":2,"3274":4,"3276":2,"3279":3,"3280":1,"3281":2,"3282":1,"3283":3,"3284":3,"3285":4,"3286":1,"3287":2,"3288":1,"3289":3,"3290":2,"3291":2,"3292":3,"3293":1,"3294":2,"3295":4,"3296":2,"3298":5,"3299":2,"3300":1,"3301":1,"3302":1,"3303":2,"3305":1,"3306":2,"3307":1,"3308":1,"3311":1,"3312":2,"3313":1,"3314":2,"3315":2,"3317":2,"3318":1,"3319":1,"3320":2,"3322":1,"3323":2,"3324":1,"3325":2,"3326":2,"3327":3,"3328":3,"3329":2,"3331":1,"3332":3,"3333":2,"3334":4,"3335":3,"3337":5,"3338":3,"3339":3,"3340":2,"3341":3,"3342":5,"3343":3,"3344":1,"3345":1,"3346":2,"3347":1,"3348":3,"3349":2,"3350":1,"3351":1,"3352":1,"3353":2,"3354":2,"3355":1,"3356":5,"3357":3,"3358":2,"3359":1,"3360":1,"3361":2,"3362":1,"3367":2,"3369":1,"3370":3,"3371":3,"3372":1,"3373":2,"3374":3,"3375":5,"3376":4,"3377":2,"3378":6,"3380":3,"3382":1,"3384":3,"3385":4,"3386":2,"3387":4,"3388":1,"3389":3,"3390":3,"3391":3,"3392":3,"3393":3,"3394":1,"3395":3,"3396":2,"3397":2,"3398":2,"3399":3,"3400":4,"3401":4,"3402":2,"3403":2,"3405":2,"3406":1,"3407":1,"3408":3,"3409":2,"3410":1,"3411":5,"3412":1,"3413":1,"3415":5,"3417":3,"3418":2,"3419":1,"3420":1,"3421":3,"3422":6,"3423":3,"3424":5,"3425":3,"3426":1,"3427":3,"3428":2,"3429":4,"3430":3,"3431":5,"3432":1,"3433":3,"3434":3,"3435":3,"3436":5,"3437":2,"3438":5,"3439":2,"3440":4,"3441":3,"3442":3,"3443":5,"3444":3,"3445":5,"3446":2,"3447":6,"3448":5,"3449":2,"3450":2,"3451":4,"3452":2,"3453":5,"3454":2,"3455":1,"3456":1,"3457":2,"3459":2,"3461":3,"3464":1,"3465":2,"3468":1,"3469":1,"3470":3,"3471":2,"3472":3,"3473":2,"3474":2,"3475":3,"3478":2,"3479":3,"3480":1,"3481":2,"3482":3,"3483":1,"3485":1,"3486":1,"3489":2,"3490":2,"3491":3,"3492":1,"3493":1,"3494":1,"3495":2,"3496":2,"3499":2,"3500":3,"3501":1,"3506":1,"3507":1,"3508":1,"3511":1,"3512":2,"3513":5,"3514":1,"3517":2,"3519":1,"3520":2,"3521":1,"3522":4,"3523":1,"3525":1,"3526":2,"3527":1,"3528":1,"3531":3,"3532":1,"3535":2,"3538":2,"3539":3,"3540":1,"3541":1,"3543":1,"3544":1,"3545":2,"3546":1,"3548":2,"3549":2,"3552":5,"3553":1,"3554":1,"3555":4,"3556":1,"3557":1,"3559":1,"3560":3,"3563":2,"3568":1,"3571":2,"3573":1,"3574":3,"3576":3,"3577":1,"3578":2,"3580":1,"3581":2,"3582":2,"3585":1,"3587":1,"3588":2,"3589":1,"3591":3,"3592":1,"3594":2,"3595":1,"3596":1,"3598":1,"3599":1,"3600":1,"3601":1,"3602":1,"3603":2,"3604":4,"3605":3,"3606":2,"3607":1,"3608":1,"3609":1,"3610":1,"3611":2,"3612":1,"3614":2,"3615":1,"3618":1,"3619":1,"3622":2,"3623":4,"3627":1,"3628":1,"3629":2,"3632":1,"3633":3,"3634":1,"3635":3,"3636":1,"3638":1,"3640":1,"3642":2,"3643":3,"3645":2,"3646":2,"3648":1,"3649":2,"3650":1,"3651":2,"3652":1,"3653":1,"3654":3,"3655":1,"3656":1,"3658":3,"3661":1,"3662":1,"3663":1,"3664":2,"3665":1,"3666":1,"3668":2,"3669":1,"3671":1,"3672":2,"3673":2,"3674":3,"3676":3,"3678":1,"3679":1,"3680":3,"3683":1,"3684":1,"3687":2,"3689":2,"3690":2,"3691":1,"3692":2,"3694":2,"3695":3,"3696":1,"3698":2,"3699":1,"3703":2,"3704":2,"3705":1,"3706":1,"3709":1,"3710":1,"3714":1,"3716":1},"fork_created":0,"fork_confirmed":0,"fork_unresolved_at_end":0}
EPOCH_ENDED epoch=2 elections=6 active=0 t=1791400763846
EPOCH_ADVANCED epoch=3 elections=6 active=0 vote_records=533452 t=1791400763888
EPOCH_ENDED epoch=2 elections=7 active=0 t=1791400763892
EPOCH_CLOSE_UNREADY epoch=2 short_of=reports usable=0 weight=0 required=5 held=0 theirs=[] t=1791400763923
EPOCH_CARRIED epoch=2 instances=1 t=1791400763935
EPOCH_ADVANCED epoch=3 elections=8 active=1 vote_records=533452 t=1791400763935
EPOCH_ENDED epoch=2 elections=6 active=0 t=1791400763952
EPOCH_ENDED epoch=2 elections=6 active=0 t=1791400763952
EPOCH_ENDED epoch=2 elections=6 active=0 t=1791400763952
EPOCH_ENDED epoch=2 elections=6 active=0 t=1791400763952
EPOCH_REPORT epoch=2 certified=45065 residual=0 root=0AD23A895B2C1D1B3FAFBD0EBC705E4C0B370E06611E62F774A246EC0683A40E reports=1 t=1791400763965
EPOCH_CLOSE_UNREADY epoch=2 short_of=reports usable=0 weight=0 required=5 held=1 theirs=["911999B2:0AD23A89:D7A011D4"] t=1791400763978
EPOCH_ADVANCED epoch=3 elections=6 active=0 vote_records=533452 t=1791400764010
EPOCH_ADVANCED epoch=3 elections=6 active=0 vote_records=533453 t=1791400764016
EPOCH_ADVANCED epoch=3 elections=6 active=0 vote_records=533452 t=1791400764017
EPOCH_ADVANCED epoch=3 elections=6 active=0 vote_records=533452 t=1791400764018
EPOCH_REPORT epoch=2 certified=45065 residual=0 root=0AD23A895B2C1D1B3FAFBD0EBC705E4C0B370E06611E62F774A246EC0683A40E reports=1 t=1791400764029
EPOCH_REPORT epoch=2 certified=45065 residual=0 root=0AD23A895B2C1D1B3FAFBD0EBC705E4C0B370E06611E62F774A246EC0683A40E reports=1 t=1791400764103
EPOCH_REPORT epoch=2 certified=45065 residual=0 root=0AD23A895B2C1D1B3FAFBD0EBC705E4C0B370E06611E62F774A246EC0683A40E reports=1 t=1791400764125
EPOCH_REPORT epoch=2 certified=45065 residual=0 root=0AD23A895B2C1D1B3FAFBD0EBC705E4C0B370E06611E62F774A246EC0683A40E reports=1 t=1791400764126
EPOCH_RECONCILED epoch=2 reporter=911999B2AEFA7ACC66EBD802B3301FF6CE431405107749D940277955CB7FDD07 complete=true entries=0 total=45065 symbols=0 dropped=false t=1791400764129
EPOCH_REPORT epoch=2 certified=45065 residual=0 root=0AD23A895B2C1D1B3FAFBD0EBC705E4C0B370E06611E62F774A246EC0683A40E reports=1 t=1791400764134
EPOCH_RECONCILED epoch=2 reporter=D315857CE70C54DE713F6E82E5613BB3A1266C15E28AD2F4338C7BBEC456F532 complete=true entries=0 total=45065 symbols=0 dropped=false t=1791400764136
EPOCH_RECONCILED epoch=2 reporter=D315857CE70C54DE713F6E82E5613BB3A1266C15E28AD2F4338C7BBEC456F532 complete=true entries=0 total=45065 symbols=0 dropped=false t=1791400764137
EPOCH_RECONCILED epoch=2 reporter=911999B2AEFA7ACC66EBD802B3301FF6CE431405107749D940277955CB7FDD07 complete=true entries=0 total=45065 symbols=0 dropped=false t=1791400764140
EPOCH_CLOSE_UNREADY epoch=2 short_of=reports usable=3 weight=3 required=5 held=5 theirs=["D315857C:0AD23A89:D7A011D4", "911999B2:0AD23A89:D7A011D4", "633D9D61:0AD23A89:D7A011D4", "A353E45E:0AD23A89:D7A011D4", "735FE217:0AD23A89:D7A011D4"] t=1791400764178
EPOCH_CLOSE_UNREADY epoch=2 short_of=reports usable=3 weight=3 required=5 held=5 theirs=["911999B2:0AD23A89:D7A011D4", "735FE217:0AD23A89:D7A011D4", "A353E45E:0AD23A89:D7A011D4", "65A90023:0AD23A89:D7A011D4", "D315857C:0AD23A89:D7A011D4"] t=1791400764179
EPOCH_RECONCILED epoch=2 reporter=D315857CE70C54DE713F6E82E5613BB3A1266C15E28AD2F4338C7BBEC456F532 complete=true entries=0 total=45065 symbols=0 dropped=false t=1791400764181
EPOCH_RECONCILED epoch=2 reporter=911999B2AEFA7ACC66EBD802B3301FF6CE431405107749D940277955CB7FDD07 complete=true entries=0 total=45065 symbols=0 dropped=false t=1791400764184
EPOCH_RECONCILED epoch=2 reporter=735FE217D91E88EA82324C5883296385FA0041C2FAC85C827BAA46DA1E14B83F complete=true entries=0 total=45065 symbols=0 dropped=false t=1791400764187
EPOCH_RECONCILED epoch=2 reporter=D315857CE70C54DE713F6E82E5613BB3A1266C15E28AD2F4338C7BBEC456F532 complete=true entries=0 total=45065 symbols=0 dropped=false t=1791400764189
EPOCH_RECONCILED epoch=2 reporter=65A90023F6C0D2181AAA63F005D81BBC0C04650505E21D5123F9AE1F9E992BFF complete=true entries=0 total=45065 symbols=0 dropped=false t=1791400764192
EPOCH_RECONCILED epoch=2 reporter=911999B2AEFA7ACC66EBD802B3301FF6CE431405107749D940277955CB7FDD07 complete=true entries=0 total=45065 symbols=0 dropped=false t=1791400764194
EPOCH_RECONCILED epoch=2 reporter=633D9D614858AB1710D5D8C3180E2A082DC97208BA8C26BA6C6D1A86C8E31CC0 complete=true entries=0 total=45065 symbols=0 dropped=false t=1791400764196
EPOCH_CLOSE_UNREADY epoch=2 short_of=reports usable=3 weight=3 required=5 held=5 theirs=["D315857C:0AD23A89:D7A011D4", "A353E45E:0AD23A89:D7A011D4", "633D9D61:0AD23A89:D7A011D4", "65A90023:0AD23A89:D7A011D4", "911999B2:0AD23A89:D7A011D4"] t=1791400764221
EPOCH_RECONCILED epoch=2 reporter=A353E45E6D0016CAEED0DFA4EC5B0640E2AA22A793F9F2375E77F1AB92977C04 complete=true entries=0 total=45065 symbols=0 dropped=false t=1791400764238
EPOCH_RECONCILED epoch=2 reporter=735FE217D91E88EA82324C5883296385FA0041C2FAC85C827BAA46DA1E14B83F complete=true entries=0 total=45065 symbols=0 dropped=false t=1791400764241
EPOCH_RECONCILED epoch=2 reporter=65A90023F6C0D2181AAA63F005D81BBC0C04650505E21D5123F9AE1F9E992BFF complete=true entries=0 total=45065 symbols=0 dropped=false t=1791400764243
EPOCH_RECONCILED epoch=2 reporter=D315857CE70C54DE713F6E82E5613BB3A1266C15E28AD2F4338C7BBEC456F532 complete=true entries=0 total=45065 symbols=0 dropped=false t=1791400764246
EPOCH_RECONCILED epoch=2 reporter=633D9D614858AB1710D5D8C3180E2A082DC97208BA8C26BA6C6D1A86C8E31CC0 complete=true entries=0 total=45065 symbols=0 dropped=false t=1791400764248
EPOCH_RECONCILED epoch=2 reporter=911999B2AEFA7ACC66EBD802B3301FF6CE431405107749D940277955CB7FDD07 complete=true entries=0 total=45065 symbols=0 dropped=false t=1791400764276
EPOCH_RECONCILED epoch=2 reporter=A353E45E6D0016CAEED0DFA4EC5B0640E2AA22A793F9F2375E77F1AB92977C04 complete=true entries=0 total=45065 symbols=0 dropped=false t=1791400764279
EPOCH_RECONCILED epoch=2 reporter=735FE217D91E88EA82324C5883296385FA0041C2FAC85C827BAA46DA1E14B83F complete=true entries=0 total=45065 symbols=0 dropped=false t=1791400764281
EPOCH_CLOSE_READY epoch=2 t=1791400764284
EPOCH_RECONCILED epoch=2 reporter=633D9D614858AB1710D5D8C3180E2A082DC97208BA8C26BA6C6D1A86C8E31CC0 complete=true entries=0 total=45065 symbols=0 dropped=false t=1791400764284
EPOCH_RECONCILED epoch=2 reporter=65A90023F6C0D2181AAA63F005D81BBC0C04650505E21D5123F9AE1F9E992BFF complete=true entries=0 total=45065 symbols=0 dropped=false t=1791400764286
EPOCH_CLOSE_READY epoch=2 t=1791400764331
EPOCH_RECONCILED epoch=2 reporter=735FE217D91E88EA82324C5883296385FA0041C2FAC85C827BAA46DA1E14B83F complete=true entries=0 total=45065 symbols=0 dropped=false t=1791400764339
EPOCH_RECONCILED epoch=2 reporter=A353E45E6D0016CAEED0DFA4EC5B0640E2AA22A793F9F2375E77F1AB92977C04 complete=true entries=0 total=45065 symbols=0 dropped=false t=1791400764342
EPOCH_RECONCILED epoch=2 reporter=65A90023F6C0D2181AAA63F005D81BBC0C04650505E21D5123F9AE1F9E992BFF complete=true entries=0 total=45065 symbols=0 dropped=false t=1791400764344
EPOCH_CLOSE_READY epoch=2 t=1791400764365
EPOCH_CLOSE_ROUND epoch=2 round=0 leader=735FE217D91E88EA82324C5883296385FA0041C2FAC85C827BAA46DA1E14B83F leads=false t=1791400764374
EPOCH_CLOSE_READY epoch=2 t=1791400764391
EPOCH_RECONCILED epoch=2 reporter=633D9D614858AB1710D5D8C3180E2A082DC97208BA8C26BA6C6D1A86C8E31CC0 complete=true entries=0 total=45065 symbols=0 dropped=false t=1791400764415
EPOCH_RECONCILED epoch=2 reporter=A353E45E6D0016CAEED0DFA4EC5B0640E2AA22A793F9F2375E77F1AB92977C04 complete=true entries=0 total=45065 symbols=0 dropped=false t=1791400764417
EPOCH_RECONCILED epoch=2 reporter=735FE217D91E88EA82324C5883296385FA0041C2FAC85C827BAA46DA1E14B83F complete=true entries=0 total=45065 symbols=0 dropped=false t=1791400764419
EPOCH_RECONCILED epoch=2 reporter=A353E45E6D0016CAEED0DFA4EC5B0640E2AA22A793F9F2375E77F1AB92977C04 complete=true entries=0 total=45065 symbols=0 dropped=false t=1791400764429
EPOCH_RECONCILED epoch=2 reporter=633D9D614858AB1710D5D8C3180E2A082DC97208BA8C26BA6C6D1A86C8E31CC0 complete=true entries=0 total=45065 symbols=0 dropped=false t=1791400764431
EPOCH_RECONCILED epoch=2 reporter=65A90023F6C0D2181AAA63F005D81BBC0C04650505E21D5123F9AE1F9E992BFF complete=true entries=0 total=45065 symbols=0 dropped=false t=1791400764434
EPOCH_CLOSE_ROUND epoch=2 round=0 leader=735FE217D91E88EA82324C5883296385FA0041C2FAC85C827BAA46DA1E14B83F leads=false t=1791400764451
EPOCH_CLOSE_READY epoch=2 t=1791400764467
EPOCH_CLOSE_READY epoch=2 t=1791400764480
EPOCH_CLOSE_ROUND epoch=2 round=0 leader=735FE217D91E88EA82324C5883296385FA0041C2FAC85C827BAA46DA1E14B83F leads=false t=1791400764500
EPOCH_CLOSE_ROUND epoch=2 round=0 leader=735FE217D91E88EA82324C5883296385FA0041C2FAC85C827BAA46DA1E14B83F leads=false t=1791400764561
EPOCH_PROPOSED epoch=2 round=0 value=EF1B4BB4D09A897F0F35807A3ED233B670177340263094EAE0248DA3A12BA2B8 state=E8CED3B7043324B05C2D1002F8B33C3E1C7908E54D82BCE9FE60903758F295CC reports=5 t=1791400764635
EPOCH_VALUE epoch=2 value=EF1B4BB4D09A897F0F35807A3ED233B670177340263094EAE0248DA3A12BA2B8 state=E8CED3B7043324B05C2D1002F8B33C3E1C7908E54D82BCE9FE60903758F295CC t=1791400764635
EPOCH_CLOSE_ROUND epoch=2 round=0 leader=735FE217D91E88EA82324C5883296385FA0041C2FAC85C827BAA46DA1E14B83F leads=false t=1791400764644
EPOCH_CLOSE_ROUND epoch=2 round=0 leader=735FE217D91E88EA82324C5883296385FA0041C2FAC85C827BAA46DA1E14B83F leads=true t=1791400764688
EPOCH_VALUE epoch=2 value=EF1B4BB4D09A897F0F35807A3ED233B670177340263094EAE0248DA3A12BA2B8 state=E8CED3B7043324B05C2D1002F8B33C3E1C7908E54D82BCE9FE60903758F295CC t=1791400764855
EPOCH_VALUE epoch=2 value=EF1B4BB4D09A897F0F35807A3ED233B670177340263094EAE0248DA3A12BA2B8 state=E8CED3B7043324B05C2D1002F8B33C3E1C7908E54D82BCE9FE60903758F295CC t=1791400764858
EPOCH_VALUE epoch=2 value=EF1B4BB4D09A897F0F35807A3ED233B670177340263094EAE0248DA3A12BA2B8 state=E8CED3B7043324B05C2D1002F8B33C3E1C7908E54D82BCE9FE60903758F295CC t=1791400764858
EPOCH_VALUE epoch=2 value=EF1B4BB4D09A897F0F35807A3ED233B670177340263094EAE0248DA3A12BA2B8 state=E8CED3B7043324B05C2D1002F8B33C3E1C7908E54D82BCE9FE60903758F295CC t=1791400764860
EPOCH_VALUE epoch=2 value=EF1B4BB4D09A897F0F35807A3ED233B670177340263094EAE0248DA3A12BA2B8 state=E8CED3B7043324B05C2D1002F8B33C3E1C7908E54D82BCE9FE60903758F295CC t=1791400764862
EPOCH_INSTALL epoch=2 finalized=13693 instances_confirmed=6 t=1791400764990
EPOCH_INSTALL epoch=2 finalized=13693 instances_confirmed=6 t=1791400764996
EPOCH_INSTALL epoch=2 finalized=13693 instances_confirmed=6 t=1791400764997
EPOCH_INSTALL epoch=2 finalized=13693 instances_confirmed=6 t=1791400764998
EPOCH_INSTALL epoch=2 finalized=13693 instances_confirmed=6 t=1791400765003
EPOCH_INSTALL epoch=2 finalized=13693 instances_confirmed=6 t=1791400765008
EPOCH_COMMITTEE derived_by=2 members=6 accounts=17611 n=6 digest=95D409445152DD075E6A4799205DFA5689496EB8EE1A22AC2A200B9DBC2DCF27 shares=["A353E45E:16.7%", "735FE217:16.7%", "D315857C:16.7%", "911999B2:16.7%", "633D9D61:16.7%", "65A90023:16.7%"] t=1791400765201
EPOCH_CLOSED epoch=2 round=0 value=EF1B4BB4D09A897F0F35807A3ED233B670177340263094EAE0248DA3A12BA2B8 state=E8CED3B7043324B05C2D1002F8B33C3E1C7908E54D82BCE9FE60903758F295CC t=1791400765201
EPOCH_COMMITTEE derived_by=2 members=6 accounts=17611 n=6 digest=95D409445152DD075E6A4799205DFA5689496EB8EE1A22AC2A200B9DBC2DCF27 shares=["A353E45E:16.7%", "735FE217:16.7%", "D315857C:16.7%", "911999B2:16.7%", "633D9D61:16.7%", "65A90023:16.7%"] t=1791400765220
EPOCH_CLOSED epoch=2 round=0 value=EF1B4BB4D09A897F0F35807A3ED233B670177340263094EAE0248DA3A12BA2B8 state=E8CED3B7043324B05C2D1002F8B33C3E1C7908E54D82BCE9FE60903758F295CC t=1791400765220
EPOCH_COMMITTEE derived_by=2 members=6 accounts=17611 n=6 digest=95D409445152DD075E6A4799205DFA5689496EB8EE1A22AC2A200B9DBC2DCF27 shares=["A353E45E:16.7%", "735FE217:16.7%", "D315857C:16.7%", "911999B2:16.7%", "633D9D61:16.7%", "65A90023:16.7%"] t=1791400765227
EPOCH_CLOSED epoch=2 round=0 value=EF1B4BB4D09A897F0F35807A3ED233B670177340263094EAE0248DA3A12BA2B8 state=E8CED3B7043324B05C2D1002F8B33C3E1C7908E54D82BCE9FE60903758F295CC t=1791400765227
EPOCH_COMMITTEE derived_by=2 members=6 accounts=17611 n=6 digest=95D409445152DD075E6A4799205DFA5689496EB8EE1A22AC2A200B9DBC2DCF27 shares=["A353E45E:16.7%", "735FE217:16.7%", "D315857C:16.7%", "911999B2:16.7%", "633D9D61:16.7%", "65A90023:16.7%"] t=1791400765231
EPOCH_CLOSED epoch=2 round=0 value=EF1B4BB4D09A897F0F35807A3ED233B670177340263094EAE0248DA3A12BA2B8 state=E8CED3B7043324B05C2D1002F8B33C3E1C7908E54D82BCE9FE60903758F295CC t=1791400765231
EPOCH_COMMITTEE derived_by=2 members=6 accounts=17611 n=6 digest=95D409445152DD075E6A4799205DFA5689496EB8EE1A22AC2A200B9DBC2DCF27 shares=["A353E45E:16.7%", "735FE217:16.7%", "D315857C:16.7%", "911999B2:16.7%", "633D9D61:16.7%", "65A90023:16.7%"] t=1791400765237
EPOCH_CLOSED epoch=2 round=0 value=EF1B4BB4D09A897F0F35807A3ED233B670177340263094EAE0248DA3A12BA2B8 state=E8CED3B7043324B05C2D1002F8B33C3E1C7908E54D82BCE9FE60903758F295CC t=1791400765237
EPOCH_COMMITTEE derived_by=2 members=6 accounts=17611 n=6 digest=95D409445152DD075E6A4799205DFA5689496EB8EE1A22AC2A200B9DBC2DCF27 shares=["A353E45E:16.7%", "735FE217:16.7%", "D315857C:16.7%", "911999B2:16.7%", "633D9D61:16.7%", "65A90023:16.7%"] t=1791400765244
EPOCH_CLOSED epoch=2 round=0 value=EF1B4BB4D09A897F0F35807A3ED233B670177340263094EAE0248DA3A12BA2B8 state=E8CED3B7043324B05C2D1002F8B33C3E1C7908E54D82BCE9FE60903758F295CC t=1791400765244
EPOCH_INSTALLED epoch=2 finalized=13693 cemented=13693 queued=0 missing=0 t=1791400765268
EPOCH_INSTALLED epoch=2 finalized=13693 cemented=13693 queued=0 missing=0 t=1791400765279
EPOCH_INSTALLED epoch=2 finalized=13693 cemented=13693 queued=0 missing=0 t=1791400765301
EPOCH_INSTALLED epoch=2 finalized=13693 cemented=13693 queued=0 missing=0 t=1791400765316
EPOCH_EVIDENCE_RELEASED epoch=2 t=1791400765337
EPOCH_EVIDENCE_RELEASED epoch=2 t=1791400765338
EPOCH_INSTALLED epoch=2 finalized=13693 cemented=13693 queued=0 missing=0 t=1791400765339
EPOCH_EVIDENCE_RELEASED epoch=2 t=1791400765354
EPOCH_INSTALLED epoch=2 finalized=13693 cemented=13693 queued=0 missing=0 t=1791400765365
EPOCH_EVIDENCE_RELEASED epoch=2 t=1791400765373
EPOCH_EVIDENCE_RELEASED epoch=2 t=1791400765376
EPOCH_EVIDENCE_RELEASED epoch=2 t=1791400765380
EPOCH_RECONCILED epoch=2 reporter=633D9D614858AB1710D5D8C3180E2A082DC97208BA8C26BA6C6D1A86C8E31CC0 complete=true entries=0 total=45065 symbols=0 dropped=false t=1791400765449
