2026-10-08T18:16:09.108841Z  INFO nanospam::setup::account_map_factory: Creating account keys file with 45000 keys: "/var/folders/1y/px089b2s6f9d893xp1p4c7wh0000gn/T/rai-gate-b-aesad_9l/account_keys.txt"
2026-10-08T18:16:09.823432Z  INFO nanospam::setup::node_config_factory: ********************************************************************************
2026-10-08T18:16:09.823445Z  INFO nanospam::setup::node_config_factory: Setting up node PR0...
2026-10-08T18:16:09.823449Z  INFO nanospam::setup::node_config_factory: Creating directory "/var/folders/1y/px089b2s6f9d893xp1p4c7wh0000gn/T/rai-gate-b-aesad_9l/pr0"
2026-10-08T18:16:09.823553Z  INFO nanospam::setup::node_config_factory: Creating node config file: "/var/folders/1y/px089b2s6f9d893xp1p4c7wh0000gn/T/rai-gate-b-aesad_9l/pr0/config-node.toml"
2026-10-08T18:16:09.823689Z  INFO nanospam::setup::node_config_factory: Creating rpc config file: "/var/folders/1y/px089b2s6f9d893xp1p4c7wh0000gn/T/rai-gate-b-aesad_9l/pr0/config-rpc.toml"
2026-10-08T18:16:09.823764Z  INFO nanospam::setup::node_config_factory: ********************************************************************************
2026-10-08T18:16:09.823771Z  INFO nanospam::setup::node_config_factory: Setting up node PR1...
2026-10-08T18:16:09.823775Z  INFO nanospam::setup::node_config_factory: Creating directory "/var/folders/1y/px089b2s6f9d893xp1p4c7wh0000gn/T/rai-gate-b-aesad_9l/pr1"
2026-10-08T18:16:09.823819Z  INFO nanospam::setup::node_config_factory: Creating node config file: "/var/folders/1y/px089b2s6f9d893xp1p4c7wh0000gn/T/rai-gate-b-aesad_9l/pr1/config-node.toml"
2026-10-08T18:16:09.823916Z  INFO nanospam::setup::node_config_factory: Creating rpc config file: "/var/folders/1y/px089b2s6f9d893xp1p4c7wh0000gn/T/rai-gate-b-aesad_9l/pr1/config-rpc.toml"
2026-10-08T18:16:09.823992Z  INFO nanospam::setup::node_config_factory: ********************************************************************************
2026-10-08T18:16:09.823996Z  INFO nanospam::setup::node_config_factory: Setting up node PR2...
2026-10-08T18:16:09.823999Z  INFO nanospam::setup::node_config_factory: Creating directory "/var/folders/1y/px089b2s6f9d893xp1p4c7wh0000gn/T/rai-gate-b-aesad_9l/pr2"
2026-10-08T18:16:09.824046Z  INFO nanospam::setup::node_config_factory: Creating node config file: "/var/folders/1y/px089b2s6f9d893xp1p4c7wh0000gn/T/rai-gate-b-aesad_9l/pr2/config-node.toml"
2026-10-08T18:16:09.824117Z  INFO nanospam::setup::node_config_factory: Creating rpc config file: "/var/folders/1y/px089b2s6f9d893xp1p4c7wh0000gn/T/rai-gate-b-aesad_9l/pr2/config-rpc.toml"
2026-10-08T18:16:09.824176Z  INFO nanospam::setup::node_config_factory: ********************************************************************************
2026-10-08T18:16:09.824179Z  INFO nanospam::setup::node_config_factory: Setting up node PR3...
2026-10-08T18:16:09.824182Z  INFO nanospam::setup::node_config_factory: Creating directory "/var/folders/1y/px089b2s6f9d893xp1p4c7wh0000gn/T/rai-gate-b-aesad_9l/pr3"
2026-10-08T18:16:09.824223Z  INFO nanospam::setup::node_config_factory: Creating node config file: "/var/folders/1y/px089b2s6f9d893xp1p4c7wh0000gn/T/rai-gate-b-aesad_9l/pr3/config-node.toml"
2026-10-08T18:16:09.824294Z  INFO nanospam::setup::node_config_factory: Creating rpc config file: "/var/folders/1y/px089b2s6f9d893xp1p4c7wh0000gn/T/rai-gate-b-aesad_9l/pr3/config-rpc.toml"
2026-10-08T18:16:09.824350Z  INFO nanospam::setup::node_config_factory: ********************************************************************************
2026-10-08T18:16:09.824353Z  INFO nanospam::setup::node_config_factory: Setting up node PR4...
2026-10-08T18:16:09.824356Z  INFO nanospam::setup::node_config_factory: Creating directory "/var/folders/1y/px089b2s6f9d893xp1p4c7wh0000gn/T/rai-gate-b-aesad_9l/pr4"
2026-10-08T18:16:09.824395Z  INFO nanospam::setup::node_config_factory: Creating node config file: "/var/folders/1y/px089b2s6f9d893xp1p4c7wh0000gn/T/rai-gate-b-aesad_9l/pr4/config-node.toml"
2026-10-08T18:16:09.824473Z  INFO nanospam::setup::node_config_factory: Creating rpc config file: "/var/folders/1y/px089b2s6f9d893xp1p4c7wh0000gn/T/rai-gate-b-aesad_9l/pr4/config-rpc.toml"
2026-10-08T18:16:09.824647Z  INFO nanospam::setup::node_launcher: Starting node: NANO_TEST_GENESIS_BLOCK="{\n    \"type\": \"open\",\n    \"account\": \"nano_3nroioygg54nusrmyun4woimqex36sp3drnctdt5955uqu47fxbkrxk7n7ne\",\n    \"source\": \"D315857CE70C54DE713F6E82E5613BB3A1266C15E28AD2F4338C7BBEC456F532\",\n    \"representative\": \"nano_3nroioygg54nusrmyun4woimqex36sp3drnctdt5955uqu47fxbkrxk7n7ne\",\n    \"signature\": \"3F6792C2DC623DF2E8643777160AB983B66B337E2478E13D2C3448126A8F4CD8DCCD19803C158A057FA44060AE0EFC09B1C311CB4FBF42F8D240610B38F56E08\",\n    \"work\": \"70FEF01F7EC45DEC\"\n    }" NANO_TEST_GENESIS_PRV ="49643F9B10CA1AA34F9AF8ED4AABD29F436104CCC375974B108534A48EAE3FE1" "rsnano" "--network" "test" "--data-path" "/var/folders/1y/px089b2s6f9d893xp1p4c7wh0000gn/T/rai-gate-b-aesad_9l/pr0" "node" "run"
2026-10-08T18:16:09.825252Z  INFO nanospam::setup::node_launcher: Waiting for RPC...
2026-10-08T18:16:09.928641Z  INFO nanospam::setup::node_launcher: Starting node: NANO_TEST_GENESIS_BLOCK="{\n    \"type\": \"open\",\n    \"account\": \"nano_3nroioygg54nusrmyun4woimqex36sp3drnctdt5955uqu47fxbkrxk7n7ne\",\n    \"source\": \"D315857CE70C54DE713F6E82E5613BB3A1266C15E28AD2F4338C7BBEC456F532\",\n    \"representative\": \"nano_3nroioygg54nusrmyun4woimqex36sp3drnctdt5955uqu47fxbkrxk7n7ne\",\n    \"signature\": \"3F6792C2DC623DF2E8643777160AB983B66B337E2478E13D2C3448126A8F4CD8DCCD19803C158A057FA44060AE0EFC09B1C311CB4FBF42F8D240610B38F56E08\",\n    \"work\": \"70FEF01F7EC45DEC\"\n    }" NANO_TEST_GENESIS_PRV ="49643F9B10CA1AA34F9AF8ED4AABD29F436104CCC375974B108534A48EAE3FE1" "rsnano" "--network" "test" "--data-path" "/var/folders/1y/px089b2s6f9d893xp1p4c7wh0000gn/T/rai-gate-b-aesad_9l/pr1" "node" "run"
2026-10-08T18:16:09.929278Z  INFO nanospam::setup::node_launcher: Waiting for RPC...
2026-10-08T18:16:10.032679Z  INFO nanospam::setup::node_launcher: Starting node: NANO_TEST_GENESIS_BLOCK="{\n    \"type\": \"open\",\n    \"account\": \"nano_3nroioygg54nusrmyun4woimqex36sp3drnctdt5955uqu47fxbkrxk7n7ne\",\n    \"source\": \"D315857CE70C54DE713F6E82E5613BB3A1266C15E28AD2F4338C7BBEC456F532\",\n    \"representative\": \"nano_3nroioygg54nusrmyun4woimqex36sp3drnctdt5955uqu47fxbkrxk7n7ne\",\n    \"signature\": \"3F6792C2DC623DF2E8643777160AB983B66B337E2478E13D2C3448126A8F4CD8DCCD19803C158A057FA44060AE0EFC09B1C311CB4FBF42F8D240610B38F56E08\",\n    \"work\": \"70FEF01F7EC45DEC\"\n    }" NANO_TEST_GENESIS_PRV ="49643F9B10CA1AA34F9AF8ED4AABD29F436104CCC375974B108534A48EAE3FE1" "rsnano" "--network" "test" "--data-path" "/var/folders/1y/px089b2s6f9d893xp1p4c7wh0000gn/T/rai-gate-b-aesad_9l/pr2" "node" "run"
2026-10-08T18:16:10.033658Z  INFO nanospam::setup::node_launcher: Waiting for RPC...
2026-10-08T18:16:10.135885Z  INFO nanospam::setup::node_launcher: Starting node: NANO_TEST_GENESIS_BLOCK="{\n    \"type\": \"open\",\n    \"account\": \"nano_3nroioygg54nusrmyun4woimqex36sp3drnctdt5955uqu47fxbkrxk7n7ne\",\n    \"source\": \"D315857CE70C54DE713F6E82E5613BB3A1266C15E28AD2F4338C7BBEC456F532\",\n    \"representative\": \"nano_3nroioygg54nusrmyun4woimqex36sp3drnctdt5955uqu47fxbkrxk7n7ne\",\n    \"signature\": \"3F6792C2DC623DF2E8643777160AB983B66B337E2478E13D2C3448126A8F4CD8DCCD19803C158A057FA44060AE0EFC09B1C311CB4FBF42F8D240610B38F56E08\",\n    \"work\": \"70FEF01F7EC45DEC\"\n    }" NANO_TEST_GENESIS_PRV ="49643F9B10CA1AA34F9AF8ED4AABD29F436104CCC375974B108534A48EAE3FE1" "rsnano" "--network" "test" "--data-path" "/var/folders/1y/px089b2s6f9d893xp1p4c7wh0000gn/T/rai-gate-b-aesad_9l/pr3" "node" "run"
2026-10-08T18:16:10.136540Z  INFO nanospam::setup::node_launcher: Waiting for RPC...
2026-10-08T18:16:10.240342Z  INFO nanospam::setup::node_launcher: Starting node: NANO_TEST_GENESIS_BLOCK="{\n    \"type\": \"open\",\n    \"account\": \"nano_3nroioygg54nusrmyun4woimqex36sp3drnctdt5955uqu47fxbkrxk7n7ne\",\n    \"source\": \"D315857CE70C54DE713F6E82E5613BB3A1266C15E28AD2F4338C7BBEC456F532\",\n    \"representative\": \"nano_3nroioygg54nusrmyun4woimqex36sp3drnctdt5955uqu47fxbkrxk7n7ne\",\n    \"signature\": \"3F6792C2DC623DF2E8643777160AB983B66B337E2478E13D2C3448126A8F4CD8DCCD19803C158A057FA44060AE0EFC09B1C311CB4FBF42F8D240610B38F56E08\",\n    \"work\": \"70FEF01F7EC45DEC\"\n    }" NANO_TEST_GENESIS_PRV ="49643F9B10CA1AA34F9AF8ED4AABD29F436104CCC375974B108534A48EAE3FE1" "rsnano" "--network" "test" "--data-path" "/var/folders/1y/px089b2s6f9d893xp1p4c7wh0000gn/T/rai-gate-b-aesad_9l/pr4" "node" "run"
2026-10-08T18:16:10.241551Z  INFO nanospam::setup::node_launcher: Waiting for RPC...
2026-10-08T18:16:10.345672Z  INFO nanospam::wallets_factory: Creating wallet...
2026-10-08T18:16:10.414554Z  INFO nanospam::wallets_factory: Setting default representative...
2026-10-08T18:16:10.414892Z  INFO nanospam::wallets_factory: Creating wallet...
2026-10-08T18:16:10.461475Z  INFO nanospam::wallets_factory: Setting default representative...
2026-10-08T18:16:10.461786Z  INFO nanospam::wallets_factory: Sending Ӿ56,547,061 to PR1 wallet nano_3atmwjh8t11psdqf3qx6xjfiei94oajch6zsyauowxzjogbbgz168g5mp8f1 ...
2026-10-08T18:16:10.462235Z  INFO nanospam::wallets_factory: Waiting for confirmation for 70B574FB519B8DEA27D8F4952C2E7B0378B009608D6FC967984D3C83440C9C3D
2026-10-08T18:16:25.546777Z  INFO nanospam::wallets_factory: Receiving...
2026-10-08T18:16:25.547852Z  INFO nanospam::wallets_factory: Waiting for confirmation for 011C6AC2721054F46B03A50885AF48083A4A685154A55D85116DBCE413673F86
2026-10-08T18:16:25.650554Z  INFO nanospam::wallets_factory: DONE
2026-10-08T18:16:25.650590Z  INFO nanospam::wallets_factory: ********************************************************************************
2026-10-08T18:16:25.650595Z  INFO nanospam::wallets_factory: Creating wallet...
2026-10-08T18:16:25.712999Z  INFO nanospam::wallets_factory: Setting default representative...
2026-10-08T18:16:25.713316Z  INFO nanospam::wallets_factory: Sending Ӿ56,547,061 to PR2 wallet nano_36asm8scxymtsjmgqp14per3zxpgaec1c65qb9en1buscq7qzqa93tfyyzs3 ...
2026-10-08T18:16:25.713846Z  INFO nanospam::wallets_factory: Waiting for confirmation for 76B3937072C015B69E45D5458B47CF52A54A38F8ED441B0E21561A3048243E90
2026-10-08T18:16:25.917995Z  INFO nanospam::wallets_factory: Receiving...
2026-10-08T18:16:25.919512Z  INFO nanospam::wallets_factory: Waiting for confirmation for 402DCF4725254BECF5C5CB5F707C169725EE114819D289F8A5477C2FFF19BDC0
2026-10-08T18:16:26.228134Z  INFO nanospam::wallets_factory: DONE
2026-10-08T18:16:26.228274Z  INFO nanospam::wallets_factory: ********************************************************************************
2026-10-08T18:16:26.228292Z  INFO nanospam::wallets_factory: Creating wallet...
2026-10-08T18:16:26.306743Z  INFO nanospam::wallets_factory: Setting default representative...
2026-10-08T18:16:26.307072Z  INFO nanospam::wallets_factory: Sending Ӿ56,547,061 to PR3 wallet nano_1sfb11jzfi8k51fcnrzi1qe3qh1e1jkic3h45oak9yfg5yhbkczzxfwtat7m ...
2026-10-08T18:16:26.307482Z  INFO nanospam::wallets_factory: Waiting for confirmation for FF4589BE1759B38CC94ABA0AE4FE6644845FE957C02EA9CEA669A28C8D1ADE97
2026-10-08T18:16:41.803129Z  INFO nanospam::wallets_factory: Receiving...
2026-10-08T18:16:41.804494Z  INFO nanospam::wallets_factory: Waiting for confirmation for 1210B877FF188F4FF352C0EDE856AA702A1D6763EFA96EA84BB10519898BE6D0
2026-10-08T18:16:41.907995Z  INFO nanospam::wallets_factory: DONE
2026-10-08T18:16:41.908094Z  INFO nanospam::wallets_factory: ********************************************************************************
2026-10-08T18:16:41.908109Z  INFO nanospam::wallets_factory: Creating wallet...
2026-10-08T18:16:41.984125Z  INFO nanospam::wallets_factory: Setting default representative...
2026-10-08T18:16:41.984478Z  INFO nanospam::wallets_factory: Sending Ӿ56,547,061 to PR4 wallet nano_1rsxmoinip7d4wafdp855194n43fs7s1jgne6tx8ruatiu6g89815pddzijp ...
2026-10-08T18:16:41.984949Z  INFO nanospam::wallets_factory: Waiting for confirmation for 23D89F3531AC5EE2378D3606C70B24D2A7B9016B8ADB1A970E6B1D9E7576186D
2026-10-08T18:16:42.189552Z  INFO nanospam::wallets_factory: Receiving...
2026-10-08T18:16:42.191378Z  INFO nanospam::wallets_factory: Waiting for confirmation for 8D401F6072C9B3A9EFBA68DA33CC97FF1D15EEB9F09CE4731C1A7614578C3E56
2026-10-08T18:16:42.497642Z  INFO nanospam::wallets_factory: DONE
2026-10-08T18:16:42.497724Z  INFO nanospam::wallets_factory: ********************************************************************************
2026-10-08T18:16:42.497827Z  INFO nanospam::wallets_factory: Sending Ӿ56,547,061 to PR5 (no node) nano_1wtzwadxk9naxc356m4rienp93ht131w7ypadk39qck8uah3bg3zohsmj9th ...
2026-10-08T18:16:42.499355Z  INFO nanospam::wallets_factory: Waiting for confirmation for A5666BC59C8DD98A7E52D6F61006629E4EDB37063C12A73BFB41D35538B371CA
2026-10-08T18:16:57.687158Z  INFO nanospam::wallets_factory: Waiting for confirmation for 49EEF9EFFD843E7FE6FB8D0DE0A19E8B88DBE91F26F5FDDB0E8862DEF7553864
2026-10-08T18:16:57.893573Z  INFO nanospam::wallets_factory: DONE
2026-10-08T18:16:57.893632Z  INFO nanospam::wallets_factory: Sending initial spam amount...
2026-10-08T18:16:57.894603Z  INFO nanospam::wallets_factory: Waiting for confirmation for 4416D927552FB994230FA1AC61B60728D0C3BAD3660CD70A2F320278FF84DFCA
2026-10-08T18:16:58.100304Z  INFO nanospam::wallets_factory: Receiving initial spam amount...
2026-10-08T18:16:58.101639Z  INFO nanospam::wallets_factory: Waiting for confirmation for 78CF97BBF6FE2D0D9494A662D27535AC55E74B95144DF19F867B8ECA470AE1C9
2026-10-08T18:16:58.308936Z  INFO nanospam::wallets_factory: Seeding Ӿ142,857 to nano_3kn59o49gqq3rwugurtwbhi1uzjubcheadk3nd93f4mnwzer6qxqa8p7czbz for representative D315857CE70C54DE713F6E82E5613BB3A1266C15E28AD2F4338C7BBEC456F532
2026-10-08T18:16:58.309974Z  INFO nanospam::wallets_factory: Waiting for confirmation for BA4734E67979E0FCB06A0F26E0C365B19F63DC0E5ADED6D8CB71A5AD3FC11288
2026-10-08T18:16:58.516613Z  INFO nanospam::wallets_factory: Waiting for confirmation for 6EFCA53C1FA0AA704E33A346BBA1D2908334F050A6BFCA804D99CDC4A8838D7C
2026-10-08T18:16:58.722388Z  INFO nanospam::wallets_factory: Seeding Ӿ142,857 to nano_3phph6h7pquwjd8fw35yfy5kqjgtex5oen44kxo1bc7nw9dr34iiz31o6oqw for representative A353E45E6D0016CAEED0DFA4EC5B0640E2AA22A793F9F2375E77F1AB92977C04
2026-10-08T18:16:58.723283Z  INFO nanospam::wallets_factory: Waiting for confirmation for 1A57AA1A9AF24FB2F4B942ADD16C03F7ACD0392F3E30422F6CAB7A4384A8740E
2026-10-08T18:16:58.930311Z  INFO nanospam::wallets_factory: Waiting for confirmation for 56F021B522E9BDF92B7C4BADE0F97CE941B2501EE6C2F0D2E9611ED943D7E1F4
2026-10-08T18:16:59.135775Z  INFO nanospam::wallets_factory: Seeding Ӿ142,857 to nano_37784sojchibae88s94sijgtsh85io3b8t68efq9adqzueexrssc6echgcof for representative 911999B2AEFA7ACC66EBD802B3301FF6CE431405107749D940277955CB7FDD07
2026-10-08T18:16:59.136696Z  INFO nanospam::wallets_factory: Waiting for confirmation for ADBA06879FB80CF9E307DFDF1E04230906EFF936B113BF89897A0483452281B3
2026-10-08T18:16:59.343036Z  INFO nanospam::wallets_factory: Waiting for confirmation for E7B83DDD054796A3C1BE78FEE3010AB35189AE8280EE2C917E68A319C67D640B
2026-10-08T18:16:59.550162Z  INFO nanospam::wallets_factory: Seeding Ӿ142,857 to nano_31bzcgz1yxwg365wyyzr5huqbp8fwoi1npcxj7kceie5jm7qfawm6eunp4i9 for representative 65A90023F6C0D2181AAA63F005D81BBC0C04650505E21D5123F9AE1F9E992BFF
2026-10-08T18:16:59.551370Z  INFO nanospam::wallets_factory: Waiting for confirmation for 17CF07BB230CB95119B73F8FB7E83D529F4E701CCCCF1F159C98A2CE3BC82520
2026-10-08T18:16:59.759242Z  INFO nanospam::wallets_factory: Waiting for confirmation for D7125B9D9CC90D37499C9650E6E74ECBC145D4787A0FB94BFA25D6A43F97D4E4
2026-10-08T18:16:59.862429Z  INFO nanospam::wallets_factory: Seeding Ӿ142,857 to nano_31muxr7yz6m71bmp19g8jkwn8e5io5z7qj3jt51h6ceg5numahzzaax33zcz for representative 633D9D614858AB1710D5D8C3180E2A082DC97208BA8C26BA6C6D1A86C8E31CC0
2026-10-08T18:16:59.863267Z  INFO nanospam::wallets_factory: Waiting for confirmation for 3BC61A7408D14D624866387664CC1EFCCEFA6BAE6A766BC8724BFCDAC9A102D4
2026-10-08T18:17:00.070496Z  INFO nanospam::wallets_factory: Waiting for confirmation for 5AB23F81010CD16AECCD01196276D7741BA2B8B535CE1F21DAF2A3675D84301A
2026-10-08T18:17:00.277953Z  INFO nanospam::wallets_factory: Seeding Ӿ142,857 to nano_1oexxu5xipbqrmxhystfyqh85j387mgfeys31wz8angqio8m1xdg71nf6ang for representative 735FE217D91E88EA82324C5883296385FA0041C2FAC85C827BAA46DA1E14B83F
2026-10-08T18:17:00.278997Z  INFO nanospam::wallets_factory: Waiting for confirmation for 4CD7576E227F9DEB4D005146CEA607EF487C420567FBD156AC1ED05F350F3CF0
2026-10-08T18:17:00.485625Z  INFO nanospam::wallets_factory: Waiting for confirmation for 15285758D311AE4C39DF8CC3E6C9D21560649DBD5E1E852C3F304CCC0A3F44CB
2026-10-08T18:17:00.693471Z  INFO nanospam::high_prio_check: Creating high priority accounts...
2026-10-08T18:17:00.721237Z  INFO nanospam::high_prio_check: Waiting for confirmations...
2026-10-08T18:17:02.882434Z  INFO nanospam::app: Waiting for all PRs to see the full quorum...
2026-10-08T18:17:02.884588Z  INFO nanospam::app: All PRs see the full quorum after 2.065375ms
2026-10-08T18:17:02.884639Z  INFO nanospam::app: Waiting for all PRs to hold the same cemented ledger...
2026-10-08T18:17:02.885639Z  INFO nanospam::app: All PRs hold the same ledger of 65 blocks after 990.167µs
EPOCH_COMMITTEE derived_by=genesis members=6 accounts=33 n=6 digest=95D409445152DD075E6A4799205DFA5689496EB8EE1A22AC2A200B9DBC2DCF27 shares=["A353E45E:16.7%", "65A90023:16.7%", "D315857C:16.7%", "911999B2:16.7%", "633D9D61:16.7%", "735FE217:16.7%"] t=1791483422886
EPOCH_START epoch=0 elections=0 t=1791483422886
EPOCH_COMMITTEE derived_by=genesis members=6 accounts=33 n=6 digest=95D409445152DD075E6A4799205DFA5689496EB8EE1A22AC2A200B9DBC2DCF27 shares=["A353E45E:16.7%", "65A90023:16.7%", "D315857C:16.7%", "911999B2:16.7%", "633D9D61:16.7%", "735FE217:16.7%"] t=1791483422886
EPOCH_START epoch=0 elections=0 t=1791483422886
EPOCH_COMMITTEE derived_by=genesis members=6 accounts=33 n=6 digest=95D409445152DD075E6A4799205DFA5689496EB8EE1A22AC2A200B9DBC2DCF27 shares=["A353E45E:16.7%", "65A90023:16.7%", "D315857C:16.7%", "911999B2:16.7%", "633D9D61:16.7%", "735FE217:16.7%"] t=1791483422887
EPOCH_START epoch=0 elections=0 t=1791483422887
EPOCH_COMMITTEE derived_by=genesis members=6 accounts=33 n=6 digest=95D409445152DD075E6A4799205DFA5689496EB8EE1A22AC2A200B9DBC2DCF27 shares=["A353E45E:16.7%", "65A90023:16.7%", "D315857C:16.7%", "911999B2:16.7%", "633D9D61:16.7%", "735FE217:16.7%"] t=1791483422888
EPOCH_START epoch=0 elections=0 t=1791483422888
EPOCH_COMMITTEE derived_by=genesis members=6 accounts=33 n=6 digest=95D409445152DD075E6A4799205DFA5689496EB8EE1A22AC2A200B9DBC2DCF27 shares=["A353E45E:16.7%", "65A90023:16.7%", "D315857C:16.7%", "911999B2:16.7%", "633D9D61:16.7%", "735FE217:16.7%"] t=1791483422888
EPOCH_START epoch=0 elections=0 t=1791483422888
2026-10-08T18:17:02.889133Z  INFO nanospam::app: Started the epochs on every PR
2026-10-08T18:17:02.889184Z  INFO nanospam::app: Connecting to node PR0... peer_addr=[::1]:17075
2026-10-08T18:17:02.889619Z  INFO nanospam::app: Performing handshake...
2026-10-08T18:17:02.890466Z  INFO nanospam::app: Performing handshake...
2026-10-08T18:17:02.902044Z  INFO nanospam::app: Performing handshake...
2026-10-08T18:17:02.913750Z  INFO nanospam::app: Performing handshake...
2026-10-08T18:17:02.925942Z  INFO nanospam::app: Connecting to node PR1... peer_addr=[::1]:17085
2026-10-08T18:17:02.926180Z  INFO nanospam::app: Performing handshake...
2026-10-08T18:17:02.926873Z  INFO nanospam::app: Performing handshake...
2026-10-08T18:17:02.937519Z  INFO nanospam::app: Performing handshake...
2026-10-08T18:17:02.948762Z  INFO nanospam::app: Performing handshake...
2026-10-08T18:17:02.959861Z  INFO nanospam::app: Connecting to node PR2... peer_addr=[::1]:17095
2026-10-08T18:17:02.960179Z  INFO nanospam::app: Performing handshake...
2026-10-08T18:17:02.960813Z  INFO nanospam::app: Performing handshake...
2026-10-08T18:17:02.972152Z  INFO nanospam::app: Performing handshake...
2026-10-08T18:17:02.984344Z  INFO nanospam::app: Performing handshake...
2026-10-08T18:17:02.996560Z  INFO nanospam::app: Connecting to node PR3... peer_addr=[::1]:17105
2026-10-08T18:17:02.996864Z  INFO nanospam::app: Performing handshake...
2026-10-08T18:17:02.997877Z  INFO nanospam::app: Performing handshake...
2026-10-08T18:17:03.008470Z  INFO nanospam::app: Performing handshake...
2026-10-08T18:17:03.019317Z  INFO nanospam::app: Performing handshake...
2026-10-08T18:17:03.029970Z  INFO nanospam::app: Connecting to node PR4... peer_addr=[::1]:17115
2026-10-08T18:17:03.030247Z  INFO nanospam::app: Performing handshake...
2026-10-08T18:17:03.030685Z  INFO nanospam::app: Performing handshake...
2026-10-08T18:17:03.041981Z  INFO nanospam::app: Performing handshake...
2026-10-08T18:17:03.052665Z  INFO nanospam::app: Performing handshake...
2026-10-08T18:17:03.064883Z  INFO nanospam::app: Connecting to websocket...
2026-10-08T18:17:03.065650Z  INFO nanospam::app: Starting with 2000 BPS
2026-10-08T18:17:03.075261Z  INFO nanospam::byzantine: 1 Byzantine representative(s) voting at random into 5 node(s)
2026-10-08T18:17:04.066628Z  INFO nanospam::app: Confirmed 538 blocks | 2,000 bps | 606 cps | avg conf time: 95 ms
2026-10-08T18:17:05.067542Z  INFO nanospam::app: Confirmed 3,729 blocks | 2,000 bps | 3,188 cps | avg conf time: 140 ms
2026-10-08T18:17:06.068113Z  INFO nanospam::app: Confirmed 5,718 blocks | 2,000 bps | 1,987 cps | avg conf time: 141 ms
2026-10-08T18:17:07.069031Z  INFO nanospam::app: Confirmed 7,455 blocks | 2,000 bps | 1,735 cps | avg conf time: 109 ms
2026-10-08T18:17:08.070360Z  INFO nanospam::app: Confirmed 9,143 blocks | 2,000 bps | 1,685 cps | avg conf time: 113 ms
2026-10-08T18:17:09.070992Z  INFO nanospam::app: Confirmed 10,880 blocks | 2,000 bps | 1,735 cps | avg conf time: 113 ms
2026-10-08T18:17:10.072040Z  INFO nanospam::app: Confirmed 12,572 blocks | 2,000 bps | 1,690 cps | avg conf time: 116 ms
EPOCH_ENDED epoch=0 elections=1666 active=1626 t=1791483430899
EPOCH_ENDED epoch=0 elections=1682 active=1642 t=1791483430901
EPOCH_ENDED epoch=0 elections=1704 active=1664 t=1791483430908
EPOCH_ENDED epoch=0 elections=1704 active=1664 t=1791483430908
EPOCH_ENDED epoch=0 elections=1704 active=1664 t=1791483430910
EPOCH_CARRIED epoch=0 instances=1640 split=26 t=1791483430925
EPOCH_ADVANCED epoch=1 elections=3306 active=3266 vote_records=147250 t=1791483430925
EPOCH_CARRIED epoch=0 instances=1656 split=26 t=1791483430928
EPOCH_ADVANCED epoch=1 elections=3338 active=3298 vote_records=147263 t=1791483430928
EPOCH_CARRIED epoch=0 instances=1678 split=26 t=1791483430937
EPOCH_ADVANCED epoch=1 elections=3382 active=3342 vote_records=147261 t=1791483430937
EPOCH_CARRIED epoch=0 instances=1678 split=26 t=1791483430938
EPOCH_ADVANCED epoch=1 elections=3382 active=3342 vote_records=147280 t=1791483430938
EPOCH_CARRIED epoch=0 instances=1678 split=26 t=1791483430943
EPOCH_ADVANCED epoch=1 elections=3382 active=3342 vote_records=147281 t=1791483430943
EPOCH_CLOSE_UNREADY epoch=0 short_of=reports usable=0 weight=0 required=5 held=0 theirs=[] t=1791483430965
2026-10-08T18:17:11.072921Z  INFO nanospam::app: Confirmed 14,015 blocks | 2,000 bps | 1,441 cps | avg conf time: 116 ms
EPOCH_CLOSE_UNREADY epoch=0 short_of=reports usable=0 weight=0 required=5 held=0 theirs=[] t=1791483431270
EPOCH_CLOSE_UNREADY epoch=0 short_of=reports usable=1 weight=1 required=5 held=0 theirs=[] t=1791483431301
EPOCH_REPORT epoch=0 certified=14094 residual=1663 root=9EAC3BEF09510BF5D1A5C0CD7D54331F4A1FEB8DD3A43FF347EA306A51599C29 reports=1 t=1791483431302
EPOCH_REPORT epoch=0 certified=14094 residual=1632 root=9EAC3BEF09510BF5D1A5C0CD7D54331F4A1FEB8DD3A43FF347EA306A51599C29 reports=1 t=1791483431337
EPOCH_RECONCILED epoch=0 reporter=911999B2AEFA7ACC66EBD802B3301FF6CE431405107749D940277955CB7FDD07 complete=false entries=0 total=14094 symbols=0 dropped=false t=1791483431345
EPOCH_REPORT epoch=0 certified=14094 residual=1651 root=9EAC3BEF09510BF5D1A5C0CD7D54331F4A1FEB8DD3A43FF347EA306A51599C29 reports=1 t=1791483431354
EPOCH_REPORT epoch=0 certified=14094 residual=1642 root=9EAC3BEF09510BF5D1A5C0CD7D54331F4A1FEB8DD3A43FF347EA306A51599C29 reports=1 t=1791483431358
EPOCH_RECONCILED epoch=0 reporter=633D9D614858AB1710D5D8C3180E2A082DC97208BA8C26BA6C6D1A86C8E31CC0 complete=false entries=0 total=14094 symbols=0 dropped=false t=1791483431365
EPOCH_REPORT epoch=0 certified=14094 residual=1660 root=9EAC3BEF09510BF5D1A5C0CD7D54331F4A1FEB8DD3A43FF347EA306A51599C29 reports=1 t=1791483431370
EPOCH_RECONCILED epoch=0 reporter=911999B2AEFA7ACC66EBD802B3301FF6CE431405107749D940277955CB7FDD07 complete=true entries=1663 total=1663 symbols=0 dropped=false t=1791483431379
EPOCH_RECONCILED epoch=0 reporter=633D9D614858AB1710D5D8C3180E2A082DC97208BA8C26BA6C6D1A86C8E31CC0 complete=false entries=1629 total=1629 symbols=0 dropped=false t=1791483431398
EPOCH_RECONCILED epoch=0 reporter=911999B2AEFA7ACC66EBD802B3301FF6CE431405107749D940277955CB7FDD07 complete=false entries=0 total=14094 symbols=0 dropped=false t=1791483431399
EPOCH_RECONCILED epoch=0 reporter=911999B2AEFA7ACC66EBD802B3301FF6CE431405107749D940277955CB7FDD07 complete=false entries=0 total=14094 symbols=0 dropped=false t=1791483431432
EPOCH_RECONCILED epoch=0 reporter=911999B2AEFA7ACC66EBD802B3301FF6CE431405107749D940277955CB7FDD07 complete=false entries=1657 total=1657 symbols=0 dropped=false t=1791483431462
EPOCH_RECONCILED epoch=0 reporter=A353E45E6D0016CAEED0DFA4EC5B0640E2AA22A793F9F2375E77F1AB92977C04 complete=false entries=0 total=14094 symbols=0 dropped=false t=1791483431463
EPOCH_RECONCILED epoch=0 reporter=A353E45E6D0016CAEED0DFA4EC5B0640E2AA22A793F9F2375E77F1AB92977C04 complete=true entries=1651 total=1651 symbols=0 dropped=false t=1791483431476
EPOCH_RECONCILED epoch=0 reporter=633D9D614858AB1710D5D8C3180E2A082DC97208BA8C26BA6C6D1A86C8E31CC0 complete=false entries=0 total=14094 symbols=0 dropped=false t=1791483431478
EPOCH_RECONCILED epoch=0 reporter=633D9D614858AB1710D5D8C3180E2A082DC97208BA8C26BA6C6D1A86C8E31CC0 complete=false entries=1626 total=1626 symbols=0 dropped=false t=1791483431495
EPOCH_RECONCILED epoch=0 reporter=911999B2AEFA7ACC66EBD802B3301FF6CE431405107749D940277955CB7FDD07 complete=true entries=6 total=1663 symbols=16 dropped=false t=1791483431496
EPOCH_RECONCILED epoch=0 reporter=633D9D614858AB1710D5D8C3180E2A082DC97208BA8C26BA6C6D1A86C8E31CC0 complete=true entries=6 total=1632 symbols=16 dropped=false t=1791483431497
EPOCH_RECONCILED epoch=0 reporter=911999B2AEFA7ACC66EBD802B3301FF6CE431405107749D940277955CB7FDD07 complete=false entries=1659 total=1659 symbols=0 dropped=false t=1791483431518
EPOCH_RECONCILED epoch=0 reporter=911999B2AEFA7ACC66EBD802B3301FF6CE431405107749D940277955CB7FDD07 complete=true entries=4 total=1663 symbols=16 dropped=false t=1791483431520
EPOCH_RECONCILED epoch=0 reporter=633D9D614858AB1710D5D8C3180E2A082DC97208BA8C26BA6C6D1A86C8E31CC0 complete=true entries=3 total=1632 symbols=16 dropped=false t=1791483431521
EPOCH_RECONCILED epoch=0 reporter=65A90023F6C0D2181AAA63F005D81BBC0C04650505E21D5123F9AE1F9E992BFF complete=false entries=0 total=14094 symbols=0 dropped=false t=1791483431563
EPOCH_RECONCILED epoch=0 reporter=65A90023F6C0D2181AAA63F005D81BBC0C04650505E21D5123F9AE1F9E992BFF complete=true entries=1642 total=1642 symbols=0 dropped=false t=1791483431584
EPOCH_RECONCILED epoch=0 reporter=A353E45E6D0016CAEED0DFA4EC5B0640E2AA22A793F9F2375E77F1AB92977C04 complete=false entries=0 total=14094 symbols=0 dropped=false t=1791483431584
EPOCH_RECONCILED epoch=0 reporter=A353E45E6D0016CAEED0DFA4EC5B0640E2AA22A793F9F2375E77F1AB92977C04 complete=true entries=1651 total=1651 symbols=0 dropped=false t=1791483431593
EPOCH_RECONCILED epoch=0 reporter=D315857CE70C54DE713F6E82E5613BB3A1266C15E28AD2F4338C7BBEC456F532 complete=false entries=0 total=14094 symbols=0 dropped=false t=1791483431593
EPOCH_RECONCILED epoch=0 reporter=D315857CE70C54DE713F6E82E5613BB3A1266C15E28AD2F4338C7BBEC456F532 complete=true entries=1660 total=1660 symbols=0 dropped=false t=1791483431597
EPOCH_RECONCILED epoch=0 reporter=633D9D614858AB1710D5D8C3180E2A082DC97208BA8C26BA6C6D1A86C8E31CC0 complete=false entries=0 total=14094 symbols=0 dropped=false t=1791483431598
EPOCH_RECONCILED epoch=0 reporter=633D9D614858AB1710D5D8C3180E2A082DC97208BA8C26BA6C6D1A86C8E31CC0 complete=true entries=1632 total=1632 symbols=0 dropped=false t=1791483431601
EPOCH_RECONCILED epoch=0 reporter=633D9D614858AB1710D5D8C3180E2A082DC97208BA8C26BA6C6D1A86C8E31CC0 complete=false entries=0 total=14094 symbols=0 dropped=false t=1791483431621
EPOCH_RECONCILED epoch=0 reporter=633D9D614858AB1710D5D8C3180E2A082DC97208BA8C26BA6C6D1A86C8E31CC0 complete=true entries=1632 total=1632 symbols=0 dropped=false t=1791483431633
EPOCH_RECONCILED epoch=0 reporter=65A90023F6C0D2181AAA63F005D81BBC0C04650505E21D5123F9AE1F9E992BFF complete=false entries=0 total=14094 symbols=0 dropped=false t=1791483431634
EPOCH_RECONCILED epoch=0 reporter=65A90023F6C0D2181AAA63F005D81BBC0C04650505E21D5123F9AE1F9E992BFF complete=true entries=1642 total=1642 symbols=0 dropped=false t=1791483431681
EPOCH_RECONCILED epoch=0 reporter=911999B2AEFA7ACC66EBD802B3301FF6CE431405107749D940277955CB7FDD07 complete=false entries=0 total=14094 symbols=0 dropped=false t=1791483431682
EPOCH_CLOSE_UNREADY epoch=0 short_of=reports usable=2 weight=2 required=5 held=4 theirs=["A353E45E:9EAC3BEF:B35C735B", "D315857C:9EAC3BEF:8EF806A4", "911999B2:9EAC3BEF:BEADF1DB", "633D9D61:9EAC3BEF:712062CF"] t=1791483431746
EPOCH_CLOSE_UNREADY epoch=0 short_of=reports usable=3 weight=3 required=5 held=4 theirs=["D315857C:9EAC3BEF:8EF806A4", "65A90023:9EAC3BEF:E531645D", "633D9D61:9EAC3BEF:712062CF", "911999B2:9EAC3BEF:BEADF1DB"] t=1791483431818
EPOCH_RECONCILED epoch=0 reporter=D315857CE70C54DE713F6E82E5613BB3A1266C15E28AD2F4338C7BBEC456F532 complete=false entries=0 total=14094 symbols=0 dropped=false t=1791483431878
EPOCH_RECONCILED epoch=0 reporter=911999B2AEFA7ACC66EBD802B3301FF6CE431405107749D940277955CB7FDD07 complete=true entries=1663 total=1663 symbols=0 dropped=false t=1791483431901
EPOCH_RECONCILED epoch=0 reporter=A353E45E6D0016CAEED0DFA4EC5B0640E2AA22A793F9F2375E77F1AB92977C04 complete=false entries=0 total=14094 symbols=0 dropped=false t=1791483431902
EPOCH_RECONCILED epoch=0 reporter=A353E45E6D0016CAEED0DFA4EC5B0640E2AA22A793F9F2375E77F1AB92977C04 complete=true entries=1651 total=1651 symbols=0 dropped=false t=1791483431905
EPOCH_RECONCILED epoch=0 reporter=D315857CE70C54DE713F6E82E5613BB3A1266C15E28AD2F4338C7BBEC456F532 complete=true entries=1660 total=1660 symbols=0 dropped=false t=1791483431906
EPOCH_RECONCILED epoch=0 reporter=65A90023F6C0D2181AAA63F005D81BBC0C04650505E21D5123F9AE1F9E992BFF complete=false entries=0 total=14094 symbols=0 dropped=false t=1791483431907
EPOCH_RECONCILED epoch=0 reporter=A353E45E6D0016CAEED0DFA4EC5B0640E2AA22A793F9F2375E77F1AB92977C04 complete=false entries=0 total=14094 symbols=0 dropped=false t=1791483431952
EPOCH_RECONCILED epoch=0 reporter=65A90023F6C0D2181AAA63F005D81BBC0C04650505E21D5123F9AE1F9E992BFF complete=true entries=1642 total=1642 symbols=0 dropped=false t=1791483431957
EPOCH_RECONCILED epoch=0 reporter=A353E45E6D0016CAEED0DFA4EC5B0640E2AA22A793F9F2375E77F1AB92977C04 complete=true entries=1651 total=1651 symbols=0 dropped=false t=1791483432050
EPOCH_RECONCILED epoch=0 reporter=D315857CE70C54DE713F6E82E5613BB3A1266C15E28AD2F4338C7BBEC456F532 complete=false entries=0 total=14094 symbols=0 dropped=false t=1791483432051
EPOCH_RECONCILED epoch=0 reporter=D315857CE70C54DE713F6E82E5613BB3A1266C15E28AD2F4338C7BBEC456F532 complete=true entries=1660 total=1660 symbols=0 dropped=false t=1791483432057
2026-10-08T18:17:12.074013Z  INFO nanospam::app: Confirmed 15,477 blocks | 2,000 bps | 1,460 cps | avg conf time: 572 ms
EPOCH_RECONCILED epoch=0 reporter=65A90023F6C0D2181AAA63F005D81BBC0C04650505E21D5123F9AE1F9E992BFF complete=false entries=0 total=14094 symbols=0 dropped=false t=1791483432075
EPOCH_RECONCILED epoch=0 reporter=65A90023F6C0D2181AAA63F005D81BBC0C04650505E21D5123F9AE1F9E992BFF complete=true entries=1642 total=1642 symbols=0 dropped=false t=1791483432079
EPOCH_CLOSE_READY epoch=0 t=1791483432152
EPOCH_CLOSE_ROUND epoch=0 round=0 leader=633D9D614858AB1710D5D8C3180E2A082DC97208BA8C26BA6C6D1A86C8E31CC0 leads=false t=1791483432153
EPOCH_RECONCILED epoch=0 reporter=D315857CE70C54DE713F6E82E5613BB3A1266C15E28AD2F4338C7BBEC456F532 complete=false entries=0 total=14094 symbols=0 dropped=false t=1791483432161
EPOCH_RECONCILED epoch=0 reporter=D315857CE70C54DE713F6E82E5613BB3A1266C15E28AD2F4338C7BBEC456F532 complete=true entries=1660 total=1660 symbols=0 dropped=false t=1791483432164
EPOCH_CLOSE_READY epoch=0 t=1791483432234
EPOCH_CLOSE_ROUND epoch=0 round=0 leader=633D9D614858AB1710D5D8C3180E2A082DC97208BA8C26BA6C6D1A86C8E31CC0 leads=false t=1791483432272
EPOCH_CLOSE_READY epoch=0 t=1791483432324
EPOCH_CLOSE_READY epoch=0 t=1791483432468
EPOCH_CLOSE_ROUND epoch=0 round=0 leader=633D9D614858AB1710D5D8C3180E2A082DC97208BA8C26BA6C6D1A86C8E31CC0 leads=false t=1791483432475
EPOCH_CLOSE_READY epoch=0 t=1791483432526
EPOCH_CLOSE_ROUND epoch=0 round=0 leader=633D9D614858AB1710D5D8C3180E2A082DC97208BA8C26BA6C6D1A86C8E31CC0 leads=false t=1791483432532
EPOCH_DERIVE_TIMING epoch=0 claims=17212 claim_ms=180 manifest_ms=166 build_ms=193 t=1791483432911
EPOCH_PROPOSED epoch=0 round=0 value=99DCA3E11D4F13294152EA9264526ED7A0D212B1185E6256E40A5E22803DB91F state=6C4EDDA831CB77812527C8E74676F3068CDB41FC8FC0E515CA663F2AAA431DCB reports=5 t=1791483432911
EPOCH_VALUE epoch=0 value=99DCA3E11D4F13294152EA9264526ED7A0D212B1185E6256E40A5E22803DB91F state=6C4EDDA831CB77812527C8E74676F3068CDB41FC8FC0E515CA663F2AAA431DCB t=1791483432911
EPOCH_CLOSE_ROUND epoch=0 round=0 leader=633D9D614858AB1710D5D8C3180E2A082DC97208BA8C26BA6C6D1A86C8E31CC0 leads=true t=1791483432912
2026-10-08T18:17:13.075203Z  INFO nanospam::app: Confirmed 16,890 blocks | 2,000 bps | 1,411 cps | avg conf time: 415 ms
EPOCH_VALIDATE_TIMING epoch=0 evidence_ms=50 build_ms=520 t=1791483433485
EPOCH_VALUE epoch=0 value=99DCA3E11D4F13294152EA9264526ED7A0D212B1185E6256E40A5E22803DB91F state=6C4EDDA831CB77812527C8E74676F3068CDB41FC8FC0E515CA663F2AAA431DCB t=1791483433563
EPOCH_VALIDATE_TIMING epoch=0 evidence_ms=47 build_ms=730 t=1791483433691
EPOCH_VALUE epoch=0 value=99DCA3E11D4F13294152EA9264526ED7A0D212B1185E6256E40A5E22803DB91F state=6C4EDDA831CB77812527C8E74676F3068CDB41FC8FC0E515CA663F2AAA431DCB t=1791483433692
EPOCH_VALIDATE_TIMING epoch=0 evidence_ms=135 build_ms=652 t=1791483433701
EPOCH_VALUE epoch=0 value=99DCA3E11D4F13294152EA9264526ED7A0D212B1185E6256E40A5E22803DB91F state=6C4EDDA831CB77812527C8E74676F3068CDB41FC8FC0E515CA663F2AAA431DCB t=1791483433705
EPOCH_VALIDATE_TIMING epoch=0 evidence_ms=268 build_ms=526 t=1791483433723
EPOCH_VALUE epoch=0 value=99DCA3E11D4F13294152EA9264526ED7A0D212B1185E6256E40A5E22803DB91F state=6C4EDDA831CB77812527C8E74676F3068CDB41FC8FC0E515CA663F2AAA431DCB t=1791483433723
EPOCH_CLOSE_ROUND epoch=0 round=1 leader=65A90023F6C0D2181AAA63F005D81BBC0C04650505E21D5123F9AE1F9E992BFF leads=false t=1791483434001
EPOCH_CLOSE_ROUND epoch=0 round=1 leader=65A90023F6C0D2181AAA63F005D81BBC0C04650505E21D5123F9AE1F9E992BFF leads=false t=1791483434033
EPOCH_INSTALL epoch=0 finalized=14029 instances_confirmed=1 t=1791483434044
EPOCH_INSTALL epoch=0 finalized=14029 instances_confirmed=1 t=1791483434046
EPOCH_INSTALL epoch=0 finalized=14029 instances_confirmed=1 t=1791483434046
EPOCH_LATE_NOTAR epoch=0 blocks=6390 notarized=5099 cast=5425 t=1791483434049
EPOCH_LATE_NOTAR epoch=0 blocks=6390 notarized=5099 cast=5669 t=1791483434051
EPOCH_LATE_NOTAR epoch=0 blocks=6390 notarized=5099 cast=5655 t=1791483434052
EPOCH_INSTALL epoch=0 finalized=14029 instances_confirmed=1 t=1791483434053
EPOCH_LATE_NOTAR epoch=0 blocks=6422 notarized=5119 cast=5447 t=1791483434059
EPOCH_GATE epoch=1 released=2456 finalized=0 t=1791483434059
EPOCH_INSTALL epoch=0 finalized=14029 instances_confirmed=1 t=1791483434060
EPOCH_LATE_NOTAR epoch=0 blocks=6390 notarized=5099 cast=5699 t=1791483434065
EPOCH_GATE epoch=1 released=2635 finalized=0 t=1791483434067
EPOCH_GATE epoch=1 released=2552 finalized=0 t=1791483434073
EPOCH_GATE epoch=1 released=2622 finalized=0 t=1791483434074
2026-10-08T18:17:14.076729Z  INFO nanospam::app: Confirmed 18,806 blocks | 2,000 bps | 1,913 cps | avg conf time: 399 ms
EPOCH_GATE epoch=1 released=2633 finalized=0 t=1791483434079
EPOCH_COMMITTEE derived_by=0 members=6 accounts=6145 n=6 digest=95D409445152DD075E6A4799205DFA5689496EB8EE1A22AC2A200B9DBC2DCF27 shares=["65A90023:16.7%", "A353E45E:16.7%", "D315857C:16.7%", "911999B2:16.7%", "633D9D61:16.7%", "735FE217:16.7%"] t=1791483434097
EPOCH_COMMITTEE derived_by=0 members=6 accounts=6145 n=6 digest=95D409445152DD075E6A4799205DFA5689496EB8EE1A22AC2A200B9DBC2DCF27 shares=["65A90023:16.7%", "A353E45E:16.7%", "D315857C:16.7%", "911999B2:16.7%", "633D9D61:16.7%", "735FE217:16.7%"] t=1791483434097
EPOCH_LOCKS_CONTINUED epoch=0 instances=25 t=1791483434099
EPOCH_COMMITTEE derived_by=0 members=6 accounts=6145 n=6 digest=95D409445152DD075E6A4799205DFA5689496EB8EE1A22AC2A200B9DBC2DCF27 shares=["65A90023:16.7%", "A353E45E:16.7%", "D315857C:16.7%", "911999B2:16.7%", "633D9D61:16.7%", "735FE217:16.7%"] t=1791483434100
EPOCH_LOCKS_CONTINUED epoch=0 instances=25 t=1791483434101
EPOCH_LOCKS epoch=0 continued=25 kinds={"locks=1 kind=Some(Recovery) nc_here=false saved=true": 1529, "locks=1 kind=Some(Recovery) nc_here=true saved=true": 10} t=1791483434102
EPOCH_OMITTED epoch=0 instances=188 retained=1539 t=1791483434102
EPOCH_CLOSED epoch=0 round=0 value=99DCA3E11D4F13294152EA9264526ED7A0D212B1185E6256E40A5E22803DB91F state=6C4EDDA831CB77812527C8E74676F3068CDB41FC8FC0E515CA663F2AAA431DCB t=1791483434102
EPOCH_LOCKS epoch=0 continued=25 kinds={"locks=1 kind=Some(Recovery) nc_here=false saved=false": 3, "locks=1 kind=Some(Recovery) nc_here=false saved=true": 1526, "locks=1 kind=Some(Recovery) nc_here=true saved=true": 10} t=1791483434103
EPOCH_OMITTED epoch=0 instances=188 retained=1539 t=1791483434103
EPOCH_CLOSED epoch=0 round=0 value=99DCA3E11D4F13294152EA9264526ED7A0D212B1185E6256E40A5E22803DB91F state=6C4EDDA831CB77812527C8E74676F3068CDB41FC8FC0E515CA663F2AAA431DCB t=1791483434103
EPOCH_COMMITTEE derived_by=0 members=6 accounts=6145 n=6 digest=95D409445152DD075E6A4799205DFA5689496EB8EE1A22AC2A200B9DBC2DCF27 shares=["65A90023:16.7%", "A353E45E:16.7%", "D315857C:16.7%", "911999B2:16.7%", "633D9D61:16.7%", "735FE217:16.7%"] t=1791483434125
EPOCH_LOCKS_CONTINUED epoch=0 instances=25 t=1791483434127
EPOCH_LOCKS epoch=0 continued=25 kinds={"locks=1 kind=Some(Recovery) nc_here=false saved=false": 3, "locks=1 kind=Some(Recovery) nc_here=false saved=true": 1526, "locks=1 kind=Some(Recovery) nc_here=true saved=true": 10} t=1791483434129
EPOCH_OMITTED epoch=0 instances=188 retained=1539 t=1791483434129
EPOCH_CLOSED epoch=0 round=0 value=99DCA3E11D4F13294152EA9264526ED7A0D212B1185E6256E40A5E22803DB91F state=6C4EDDA831CB77812527C8E74676F3068CDB41FC8FC0E515CA663F2AAA431DCB t=1791483434129
EPOCH_LOCKS epoch=0 continued=0 kinds={"locks=1 kind=Some(Recovery) nc_here=false saved=false": 1517, "locks=1 kind=Some(Recovery) nc_here=false saved=true": 12, "locks=1 kind=Some(Recovery) nc_here=true saved=true": 10} t=1791483434137
EPOCH_OMITTED epoch=0 instances=190 retained=1539 t=1791483434137
EPOCH_CLOSED epoch=0 round=0 value=99DCA3E11D4F13294152EA9264526ED7A0D212B1185E6256E40A5E22803DB91F state=6C4EDDA831CB77812527C8E74676F3068CDB41FC8FC0E515CA663F2AAA431DCB t=1791483434137
EPOCH_INSTALLED epoch=0 finalized=14029 cemented=14029 queued=0 missing=0 t=1791483434190
EPOCH_INSTALLED epoch=0 finalized=14029 cemented=14029 queued=0 missing=0 t=1791483434190
EPOCH_RETAINED epoch=0 retained=1651 held=1648 missing=3 t=1791483434191
EPOCH_RETAINED epoch=0 retained=1651 held=1648 missing=3 t=1791483434192
EPOCH_INSTALLED epoch=0 finalized=14029 cemented=14029 queued=0 missing=0 t=1791483434234
EPOCH_RETAINED epoch=0 retained=1651 held=134 missing=1517 t=1791483434235
EPOCH_INSTALLED epoch=0 finalized=14029 cemented=14029 queued=0 missing=0 t=1791483434296
EPOCH_RETAINED epoch=0 retained=1651 held=1651 missing=0 t=1791483434297
EPOCH_COMMITTEE derived_by=0 members=6 accounts=6145 n=6 digest=95D409445152DD075E6A4799205DFA5689496EB8EE1A22AC2A200B9DBC2DCF27 shares=["65A90023:16.7%", "A353E45E:16.7%", "D315857C:16.7%", "911999B2:16.7%", "633D9D61:16.7%", "735FE217:16.7%"] t=1791483434301
EPOCH_VALIDATE_TIMING epoch=0 evidence_ms=234 build_ms=581 t=1791483434302
EPOCH_LOCKS epoch=0 continued=0 kinds={"locks=1 kind=Some(Recovery) nc_here=false saved=false": 1517, "locks=1 kind=Some(Recovery) nc_here=false saved=true": 12, "locks=1 kind=Some(Recovery) nc_here=true saved=true": 10} t=1791483434304
EPOCH_OMITTED epoch=0 instances=191 retained=1539 t=1791483434305
EPOCH_CLOSED epoch=0 round=0 value=99DCA3E11D4F13294152EA9264526ED7A0D212B1185E6256E40A5E22803DB91F state=6C4EDDA831CB77812527C8E74676F3068CDB41FC8FC0E515CA663F2AAA431DCB t=1791483434305
EPOCH_EVIDENCE_RELEASED epoch=0 t=1791483434341
EPOCH_EVIDENCE_RELEASED epoch=0 t=1791483434351
EPOCH_EVIDENCE_RELEASED epoch=0 t=1791483434373
EPOCH_EVIDENCE_RELEASED epoch=0 t=1791483434379
EPOCH_INSTALLED epoch=0 finalized=14029 cemented=14029 queued=0 missing=0 t=1791483434392
EPOCH_RETAINED epoch=0 retained=1651 held=134 missing=1517 t=1791483434393
EPOCH_VALIDATE_TIMING epoch=0 evidence_ms=166 build_ms=724 t=1791483434595
EPOCH_EVIDENCE_RELEASED epoch=0 t=1791483434601
EPOCH_FOLLOW cemented=2 cementing=0 requested=1 pending=1 t=1791483434909
EPOCH_FOLLOW cemented=10 cementing=0 requested=1507 pending=1507 t=1791483434998
2026-10-08T18:17:15.077836Z  INFO nanospam::app: Confirmed 20,001 blocks | 2,000 bps | 1,193 cps | avg conf time: 771 ms
EPOCH_FOLLOW cemented=0 cementing=0 requested=3 pending=3 t=1791483435153
EPOCH_FOLLOW cemented=17 cementing=0 requested=1500 pending=1500 t=1791483435206
EPOCH_FOLLOW cemented=1 cementing=0 requested=0 pending=0 t=1791483435940
EPOCH_FOLLOW cemented=558 cementing=0 requested=949 pending=949 t=1791483436026
2026-10-08T18:17:16.079285Z  INFO nanospam::app: Confirmed 22,054 blocks | 2,000 bps | 2,049 cps | avg conf time: 588 ms
EPOCH_FOLLOW cemented=3 cementing=0 requested=0 pending=0 t=1791483436180
EPOCH_FOLLOW cemented=459 cementing=0 requested=1041 pending=1041 t=1791483436218
EPOCH_FOLLOW cemented=370 cementing=0 requested=0 pending=579 t=1791483437060
2026-10-08T18:17:17.080479Z  INFO nanospam::app: Confirmed 23,345 blocks | 2,000 bps | 1,289 cps | avg conf time: 623 ms
EPOCH_FOLLOW cemented=318 cementing=0 requested=0 pending=723 t=1791483437244
2026-10-08T18:17:18.080751Z  INFO nanospam::app: Confirmed 25,261 blocks | 2,000 bps | 1,915 cps | avg conf time: 549 ms
EPOCH_FOLLOW cemented=7 cementing=0 requested=572 pending=572 t=1791483438095
EPOCH_FOLLOW cemented=5 cementing=0 requested=718 pending=718 t=1791483438266
EPOCH_ENDED epoch=1 elections=5342 active=4976 t=1791483438886
EPOCH_ENDED epoch=1 elections=5114 active=4795 t=1791483438891
EPOCH_ENDED epoch=1 elections=5057 active=4724 t=1791483438891
EPOCH_ENDED epoch=1 elections=5071 active=4655 t=1791483438898
EPOCH_ENDED epoch=1 elections=5201 active=4843 t=1791483438915
EPOCH_CARRIED epoch=1 instances=3472 split=60 t=1791483438949
EPOCH_ADVANCED epoch=2 elections=7092 active=6676 vote_records=283850 t=1791483438949
EPOCH_CARRIED epoch=1 instances=3738 split=65 t=1791483438953
EPOCH_ADVANCED epoch=2 elections=9077 active=8711 vote_records=284891 t=1791483438953
EPOCH_CARRIED epoch=1 instances=3458 split=60 t=1791483438963
EPOCH_ADVANCED epoch=2 elections=7064 active=6731 vote_records=284856 t=1791483438963
EPOCH_CARRIED epoch=1 instances=3512 split=63 t=1791483438968
EPOCH_ADVANCED epoch=2 elections=8626 active=8307 vote_records=284903 t=1791483438969
EPOCH_CLOSE_UNREADY epoch=1 short_of=reports usable=0 weight=0 required=5 held=0 theirs=[] t=1791483439019
EPOCH_CARRIED epoch=1 instances=3599 split=63 t=1791483439036
EPOCH_ADVANCED epoch=2 elections=8797 active=8439 vote_records=284502 t=1791483439036
EPOCH_CLOSE_UNREADY epoch=1 short_of=reports usable=0 weight=0 required=5 held=0 theirs=[] t=1791483439058
2026-10-08T18:17:19.081736Z  INFO nanospam::app: Confirmed 26,510 blocks | 2,000 bps | 1,247 cps | avg conf time: 533 ms
EPOCH_CLOSE_UNREADY epoch=1 short_of=reports usable=0 weight=0 required=5 held=0 theirs=[] t=1791483439089
EPOCH_LOCKS_CONTINUED epoch=0 instances=41 t=1791483439092
EPOCH_FOLLOW cemented=365 cementing=0 requested=0 pending=207 t=1791483439120
EPOCH_CLOSE_UNREADY epoch=1 short_of=reports usable=0 weight=0 required=5 held=0 theirs=[] t=1791483439181
EPOCH_FOLLOW cemented=297 cementing=0 requested=0 pending=421 t=1791483439292
EPOCH_CLOSE_UNREADY epoch=1 short_of=reports usable=0 weight=0 required=5 held=0 theirs=[] t=1791483439294
EPOCH_LOCKS_CONTINUED epoch=0 instances=41 t=1791483439308
EPOCH_LOCKS_CONTINUED epoch=0 instances=41 t=1791483439321
EPOCH_REPORT epoch=1 certified=28277 residual=3169 root=71BC1E1BFC52F60CC6A98F2692432B6A2671AEFEB1D7C0F649BFD0BFD901C8D2 reports=1 t=1791483440056
2026-10-08T18:17:20.083666Z  INFO nanospam::app: Confirmed 26,510 blocks | 2,000 bps | 0 cps | avg conf time: 0 ms
EPOCH_FOLLOW cemented=2 cementing=0 requested=0 pending=205 t=1791483440142
EPOCH_CLOSE_UNREADY epoch=1 short_of=reports usable=1 weight=1 required=5 held=0 theirs=[] t=1791483440208
EPOCH_REPORT epoch=1 certified=28321 residual=3128 root=A6F1A3A7DF5636B6B81F0476EF90219E4F178774604E1AA7C1187F87438139CD reports=1 t=1791483440271
EPOCH_REPORT epoch=1 certified=28321 residual=3029 root=5A6FB918391E1ABC33B03007277F66011F092B6C0FD1EFB17A8A5862B1615D97 reports=1 t=1791483440281
EPOCH_FOLLOW cemented=13 cementing=0 requested=0 pending=408 t=1791483440314
EPOCH_REPORT epoch=1 certified=28282 residual=3044 root=97E53CC31DC558F1EF123BECDF97876961820AE026028D048CA839F657FFE3BF reports=1 t=1791483440473
EPOCH_RECONCILED epoch=1 reporter=65A90023F6C0D2181AAA63F005D81BBC0C04650505E21D5123F9AE1F9E992BFF complete=false entries=561 total=28277 symbols=819 dropped=false t=1791483440498
EPOCH_REPORT epoch=1 certified=28321 residual=3368 root=F11852684F9326E6F99770F908CEF65625F61B8A8DC2B085042A4B333B5E449B reports=1 t=1791483440564
EPOCH_CLOSE_UNREADY epoch=1 short_of=reports usable=1 weight=1 required=5 held=4 theirs=["633D9D61:5A6FB918:3773F489", "A353E45E:A6F1A3A7:5FAB2024", "65A90023:71BC1E1B:A90CE6C8", "D315857C:F1185268:63C1B34A"] t=1791483440565
EPOCH_RECONCILED epoch=1 reporter=65A90023F6C0D2181AAA63F005D81BBC0C04650505E21D5123F9AE1F9E992BFF complete=false entries=561 total=28277 symbols=819 dropped=false t=1791483440653
EPOCH_RECONCILED epoch=1 reporter=65A90023F6C0D2181AAA63F005D81BBC0C04650505E21D5123F9AE1F9E992BFF complete=false entries=561 total=28277 symbols=819 dropped=false t=1791483440795
EPOCH_CLOSE_UNREADY epoch=1 short_of=reports usable=1 weight=1 required=5 held=4 theirs=["D315857C:F1185268:63C1B34A", "65A90023:71BC1E1B:A90CE6C8", "633D9D61:5A6FB918:3773F489", "911999B2:97E53CC3:FCAD00E9"] t=1791483440802
EPOCH_CLOSE_UNREADY epoch=1 short_of=reports usable=1 weight=1 required=5 held=4 theirs=["633D9D61:5A6FB918:3773F489", "A353E45E:A6F1A3A7:5FAB2024", "911999B2:97E53CC3:FCAD00E9", "65A90023:71BC1E1B:A90CE6C8"] t=1791483440888
2026-10-08T18:17:21.084705Z  INFO nanospam::app: Confirmed 26,744 blocks | 2,000 bps | 233 cps | avg conf time: 2499 ms
EPOCH_FOLLOW cemented=6 cementing=0 requested=0 pending=199 t=1791483441173
EPOCH_CLOSE_UNREADY epoch=1 short_of=reports usable=1 weight=1 required=5 held=4 theirs=["65A90023:71BC1E1B:A90CE6C8", "911999B2:97E53CC3:FCAD00E9", "D315857C:F1185268:63C1B34A", "A353E45E:A6F1A3A7:5FAB2024"] t=1791483441343
EPOCH_FOLLOW cemented=16 cementing=0 requested=0 pending=392 t=1791483441352
EPOCH_RECONCILED epoch=1 reporter=65A90023F6C0D2181AAA63F005D81BBC0C04650505E21D5123F9AE1F9E992BFF complete=false entries=561 total=28277 symbols=819 dropped=false t=1791483441453
EPOCH_RECONCILED epoch=1 reporter=65A90023F6C0D2181AAA63F005D81BBC0C04650505E21D5123F9AE1F9E992BFF complete=true entries=3169 total=3169 symbols=0 dropped=false t=1791483441599
EPOCH_RECONCILED epoch=1 reporter=911999B2AEFA7ACC66EBD802B3301FF6CE431405107749D940277955CB7FDD07 complete=false entries=430 total=28282 symbols=819 dropped=false t=1791483441764
EPOCH_RECONCILED epoch=1 reporter=911999B2AEFA7ACC66EBD802B3301FF6CE431405107749D940277955CB7FDD07 complete=false entries=440 total=28282 symbols=819 dropped=false t=1791483441801
EPOCH_CLOSE_UNREADY epoch=1 short_of=reports usable=1 weight=1 required=5 held=4 theirs=["911999B2:97E53CC3:FCAD00E9", "D315857C:F1185268:63C1B34A", "A353E45E:A6F1A3A7:5FAB2024", "633D9D61:5A6FB918:3773F489"] t=1791483441803
EPOCH_RECONCILED epoch=1 reporter=911999B2AEFA7ACC66EBD802B3301FF6CE431405107749D940277955CB7FDD07 complete=false entries=430 total=28282 symbols=819 dropped=false t=1791483441879
EPOCH_RECONCILED epoch=1 reporter=A353E45E6D0016CAEED0DFA4EC5B0640E2AA22A793F9F2375E77F1AB92977C04 complete=false entries=349 total=28321 symbols=546 dropped=false t=1791483441943
EPOCH_RECONCILED epoch=1 reporter=65A90023F6C0D2181AAA63F005D81BBC0C04650505E21D5123F9AE1F9E992BFF complete=true entries=3169 total=3169 symbols=0 dropped=false t=1791483441950
EPOCH_CLOSE_UNREADY epoch=1 short_of=reports usable=2 weight=2 required=5 held=4 theirs=["D315857C:F1185268:63C1B34A", "65A90023:71BC1E1B:A90CE6C8", "633D9D61:5A6FB918:3773F489", "911999B2:97E53CC3:FCAD00E9"] t=1791483442054
2026-10-08T18:17:22.085642Z  INFO nanospam::app: Confirmed 26,840 blocks | 2,000 bps | 95 cps | avg conf time: 3234 ms
EPOCH_RECONCILED epoch=1 reporter=A353E45E6D0016CAEED0DFA4EC5B0640E2AA22A793F9F2375E77F1AB92977C04 complete=false entries=339 total=28321 symbols=546 dropped=false t=1791483442112
EPOCH_RECONCILED epoch=1 reporter=65A90023F6C0D2181AAA63F005D81BBC0C04650505E21D5123F9AE1F9E992BFF complete=false entries=3167 total=3167 symbols=0 dropped=false t=1791483442158
EPOCH_FOLLOW cemented=6 cementing=0 requested=193 pending=193 t=1791483442199
EPOCH_RECONCILED epoch=1 reporter=D315857CE70C54DE713F6E82E5613BB3A1266C15E28AD2F4338C7BBEC456F532 complete=false entries=395 total=28321 symbols=546 dropped=false t=1791483442228
EPOCH_RECONCILED epoch=1 reporter=A353E45E6D0016CAEED0DFA4EC5B0640E2AA22A793F9F2375E77F1AB92977C04 complete=false entries=339 total=28321 symbols=546 dropped=false t=1791483442335
EPOCH_CLOSE_UNREADY epoch=1 short_of=reports usable=2 weight=2 required=5 held=4 theirs=["633D9D61:5A6FB918:3773F489", "A353E45E:A6F1A3A7:5FAB2024", "65A90023:71BC1E1B:A90CE6C8", "D315857C:F1185268:63C1B34A"] t=1791483442350
EPOCH_RECONCILED epoch=1 reporter=633D9D614858AB1710D5D8C3180E2A082DC97208BA8C26BA6C6D1A86C8E31CC0 complete=false entries=319 total=28321 symbols=546 dropped=false t=1791483442363
EPOCH_FOLLOW cemented=5 cementing=0 requested=387 pending=387 t=1791483442372
EPOCH_RECONCILED epoch=1 reporter=633D9D614858AB1710D5D8C3180E2A082DC97208BA8C26BA6C6D1A86C8E31CC0 complete=false entries=309 total=28321 symbols=546 dropped=false t=1791483442374
EPOCH_CLOSE_UNREADY epoch=1 short_of=reports usable=1 weight=1 required=5 held=4 theirs=["633D9D61:5A6FB918:3773F489", "A353E45E:A6F1A3A7:5FAB2024", "911999B2:97E53CC3:FCAD00E9", "65A90023:71BC1E1B:A90CE6C8"] t=1791483442502
EPOCH_RECONCILED epoch=1 reporter=65A90023F6C0D2181AAA63F005D81BBC0C04650505E21D5123F9AE1F9E992BFF complete=true entries=2 total=3169 symbols=16 dropped=false t=1791483442545
EPOCH_RECONCILED epoch=1 reporter=633D9D614858AB1710D5D8C3180E2A082DC97208BA8C26BA6C6D1A86C8E31CC0 complete=false entries=309 total=28321 symbols=546 dropped=false t=1791483442758
EPOCH_RECONCILED epoch=1 reporter=65A90023F6C0D2181AAA63F005D81BBC0C04650505E21D5123F9AE1F9E992BFF complete=true entries=3169 total=3169 symbols=0 dropped=false t=1791483442775
EPOCH_RECONCILED epoch=1 reporter=D315857CE70C54DE713F6E82E5613BB3A1266C15E28AD2F4338C7BBEC456F532 complete=false entries=395 total=28321 symbols=546 dropped=false t=1791483442779
EPOCH_RECONCILED epoch=1 reporter=911999B2AEFA7ACC66EBD802B3301FF6CE431405107749D940277955CB7FDD07 complete=true entries=3044 total=3044 symbols=0 dropped=false t=1791483442781
EPOCH_RECONCILED epoch=1 reporter=D315857CE70C54DE713F6E82E5613BB3A1266C15E28AD2F4338C7BBEC456F532 complete=true entries=3368 total=3368 symbols=0 dropped=false t=1791483442785
EPOCH_RECONCILED epoch=1 reporter=A353E45E6D0016CAEED0DFA4EC5B0640E2AA22A793F9F2375E77F1AB92977C04 complete=true entries=3128 total=3128 symbols=0 dropped=false t=1791483442795
EPOCH_RECONCILED epoch=1 reporter=D315857CE70C54DE713F6E82E5613BB3A1266C15E28AD2F4338C7BBEC456F532 complete=false entries=395 total=28321 symbols=546 dropped=false t=1791483442801
EPOCH_RECONCILED epoch=1 reporter=D315857CE70C54DE713F6E82E5613BB3A1266C15E28AD2F4338C7BBEC456F532 complete=false entries=405 total=28321 symbols=546 dropped=false t=1791483442806
EPOCH_RECONCILED epoch=1 reporter=A353E45E6D0016CAEED0DFA4EC5B0640E2AA22A793F9F2375E77F1AB92977C04 complete=false entries=339 total=28321 symbols=546 dropped=false t=1791483442839
EPOCH_RECONCILED epoch=1 reporter=633D9D614858AB1710D5D8C3180E2A082DC97208BA8C26BA6C6D1A86C8E31CC0 complete=false entries=309 total=28321 symbols=546 dropped=false t=1791483442881
EPOCH_RECONCILED epoch=1 reporter=911999B2AEFA7ACC66EBD802B3301FF6CE431405107749D940277955CB7FDD07 complete=false entries=430 total=28282 symbols=819 dropped=false t=1791483442936
EPOCH_RECONCILED epoch=1 reporter=911999B2AEFA7ACC66EBD802B3301FF6CE431405107749D940277955CB7FDD07 complete=false entries=3043 total=3043 symbols=0 dropped=false t=1791483443052
EPOCH_RECONCILED epoch=1 reporter=D315857CE70C54DE713F6E82E5613BB3A1266C15E28AD2F4338C7BBEC456F532 complete=false entries=3350 total=3350 symbols=0 dropped=false t=1791483443066
2026-10-08T18:17:23.087115Z  INFO nanospam::app: Confirmed 26,954 blocks | 2,000 bps | 113 cps | avg conf time: 3612 ms
EPOCH_RECONCILED epoch=1 reporter=A353E45E6D0016CAEED0DFA4EC5B0640E2AA22A793F9F2375E77F1AB92977C04 complete=true entries=3128 total=3128 symbols=0 dropped=false t=1791483443204
EPOCH_FOLLOW cemented=135 cementing=0 requested=0 pending=58 t=1791483443216
EPOCH_RECONCILED epoch=1 reporter=633D9D614858AB1710D5D8C3180E2A082DC97208BA8C26BA6C6D1A86C8E31CC0 complete=false entries=3028 total=3028 symbols=0 dropped=false t=1791483443244
EPOCH_RECONCILED epoch=1 reporter=911999B2AEFA7ACC66EBD802B3301FF6CE431405107749D940277955CB7FDD07 complete=true entries=1 total=3044 symbols=16 dropped=false t=1791483443336
EPOCH_RECONCILED epoch=1 reporter=633D9D614858AB1710D5D8C3180E2A082DC97208BA8C26BA6C6D1A86C8E31CC0 complete=true entries=1 total=3029 symbols=16 dropped=false t=1791483443343
EPOCH_RECONCILED epoch=1 reporter=D315857CE70C54DE713F6E82E5613BB3A1266C15E28AD2F4338C7BBEC456F532 complete=true entries=18 total=3368 symbols=48 dropped=false t=1791483443366
EPOCH_FOLLOW cemented=160 cementing=0 requested=0 pending=227 t=1791483443401
EPOCH_CLOSE_READY epoch=1 t=1791483443584
EPOCH_RECONCILED epoch=1 reporter=D315857CE70C54DE713F6E82E5613BB3A1266C15E28AD2F4338C7BBEC456F532 complete=true entries=3368 total=3368 symbols=0 dropped=false t=1791483443669
EPOCH_CLOSE_ROUND epoch=1 round=0 leader=65A90023F6C0D2181AAA63F005D81BBC0C04650505E21D5123F9AE1F9E992BFF leads=false t=1791483443724
EPOCH_CLOSE_UNREADY epoch=1 short_of=reports usable=2 weight=2 required=5 held=4 theirs=["911999B2:97E53CC3:FCAD00E9", "D315857C:F1185268:63C1B34A", "A353E45E:A6F1A3A7:5FAB2024", "633D9D61:5A6FB918:3773F489"] t=1791483443787
EPOCH_RECONCILED epoch=1 reporter=633D9D614858AB1710D5D8C3180E2A082DC97208BA8C26BA6C6D1A86C8E31CC0 complete=true entries=3029 total=3029 symbols=0 dropped=false t=1791483443793
EPOCH_RECONCILED epoch=1 reporter=633D9D614858AB1710D5D8C3180E2A082DC97208BA8C26BA6C6D1A86C8E31CC0 complete=true entries=3029 total=3029 symbols=0 dropped=false t=1791483443819
EPOCH_RECONCILED epoch=1 reporter=911999B2AEFA7ACC66EBD802B3301FF6CE431405107749D940277955CB7FDD07 complete=true entries=3044 total=3044 symbols=0 dropped=false t=1791483443825
EPOCH_RECONCILED epoch=1 reporter=633D9D614858AB1710D5D8C3180E2A082DC97208BA8C26BA6C6D1A86C8E31CC0 complete=true entries=3029 total=3029 symbols=0 dropped=false t=1791483443849
EPOCH_RECONCILED epoch=1 reporter=A353E45E6D0016CAEED0DFA4EC5B0640E2AA22A793F9F2375E77F1AB92977C04 complete=true entries=3128 total=3128 symbols=0 dropped=false t=1791483443856
EPOCH_RECONCILED epoch=1 reporter=911999B2AEFA7ACC66EBD802B3301FF6CE431405107749D940277955CB7FDD07 complete=true entries=3044 total=3044 symbols=0 dropped=false t=1791483443867
EPOCH_RECONCILED epoch=1 reporter=A353E45E6D0016CAEED0DFA4EC5B0640E2AA22A793F9F2375E77F1AB92977C04 complete=true entries=3128 total=3128 symbols=0 dropped=false t=1791483443927
EPOCH_RECONCILED epoch=1 reporter=D315857CE70C54DE713F6E82E5613BB3A1266C15E28AD2F4338C7BBEC456F532 complete=true entries=3368 total=3368 symbols=0 dropped=false t=1791483443946
2026-10-08T18:17:24.088477Z  INFO nanospam::app: Confirmed 30,477 blocks | 2,000 bps | 3,518 cps | avg conf time: 3668 ms
EPOCH_CLOSE_READY epoch=1 t=1791483444350
EPOCH_CLOSE_ROUND epoch=1 round=0 leader=65A90023F6C0D2181AAA63F005D81BBC0C04650505E21D5123F9AE1F9E992BFF leads=false t=1791483444354
EPOCH_FOLLOW cemented=1 cementing=0 requested=0 pending=226 t=1791483444439
EPOCH_CLOSE_READY epoch=1 t=1791483444471
EPOCH_CLOSE_ROUND epoch=1 round=0 leader=65A90023F6C0D2181AAA63F005D81BBC0C04650505E21D5123F9AE1F9E992BFF leads=false t=1791483444479
EPOCH_CLOSE_READY epoch=1 t=1791483444532
EPOCH_CLOSE_ROUND epoch=1 round=0 leader=65A90023F6C0D2181AAA63F005D81BBC0C04650505E21D5123F9AE1F9E992BFF leads=false t=1791483444535
2026-10-08T18:17:25.089455Z  INFO nanospam::app: Confirmed 31,528 blocks | 2,000 bps | 1,049 cps | avg conf time: 3585 ms
EPOCH_FOLLOW cemented=1 cementing=0 requested=0 pending=57 t=1791483445346
EPOCH_CLOSE_READY epoch=1 t=1791483445377
EPOCH_FOLLOW cemented=1 cementing=0 requested=0 pending=225 t=1791483445472
2026-10-08T18:17:26.090503Z  INFO nanospam::app: Confirmed 33,632 blocks | 2,000 bps | 2,101 cps | avg conf time: 3521 ms
EPOCH_FOLLOW cemented=2 cementing=0 requested=0 pending=55 t=1791483446353
EPOCH_FOLLOW cemented=4 cementing=0 requested=0 pending=221 t=1791483446509
EPOCH_ENDED epoch=2 elections=11589 active=10113 t=1791483446886
EPOCH_ENDED epoch=2 elections=11494 active=10774 t=1791483446887
EPOCH_ENDED epoch=2 elections=11466 active=10746 t=1791483446888
EPOCH_ENDED epoch=2 elections=11355 active=10634 t=1791483446893
EPOCH_DRAIN_WAIT epoch=2 unterminated=5212 previous_closed=false first=["C3E7F7362CF2174AD374D878AD418BF7B85C02E3D10B94F8172F3DA2CE66DD8E:active:2:5", "C293C6F9587F46C47397163DEE1F3E7306B5952940578F4B250E3087DCF66684:active:2:5", "AC3A9CD7EFE3B39F11E0530C271D1893D364574639379B8D56FF02B975375B83:active:2:5"] t=1791483446937
EPOCH_DRAIN_WAIT epoch=2 unterminated=5691 previous_closed=false first=["C3E7F7362CF2174AD374D878AD418BF7B85C02E3D10B94F8172F3DA2CE66DD8E:active:2:5", "C293C6F9587F46C47397163DEE1F3E7306B5952940578F4B250E3087DCF66684:active:2:5", "AC3A9CD7EFE3B39F11E0530C271D1893D364574639379B8D56FF02B975375B83:active:2:5"] t=1791483446970
EPOCH_ENDED epoch=2 elections=11416 active=9378 t=1791483446992
EPOCH_DERIVE_TIMING epoch=1 claims=33056 claim_ms=335 manifest_ms=70 build_ms=1179 t=1791483447019
EPOCH_PROPOSED epoch=1 round=0 value=7CEF59D94E06239E8E3573F0626DBE50E6B50990DBF5CBF6AC57B90F4A27D451 state=2DDB9A59568A3A95226B53D4A7B129BD53D9EB8912A3D0F7B12833F7B3EFA2C7 reports=5 t=1791483447020
EPOCH_DRAIN_WAIT epoch=2 unterminated=5128 previous_closed=false first=["C3E7F7362CF2174AD374D878AD418BF7B85C02E3D10B94F8172F3DA2CE66DD8E:active:2:5", "C293C6F9587F46C47397163DEE1F3E7306B5952940578F4B250E3087DCF66684:active:2:5", "AC3A9CD7EFE3B39F11E0530C271D1893D364574639379B8D56FF02B975375B83:active:2:5"] t=1791483447055
2026-10-08T18:17:27.092043Z  INFO nanospam::app: Confirmed 35,240 blocks | 2,000 bps | 1,605 cps | avg conf time: 3495 ms
EPOCH_VALUE epoch=1 value=7CEF59D94E06239E8E3573F0626DBE50E6B50990DBF5CBF6AC57B90F4A27D451 state=2DDB9A59568A3A95226B53D4A7B129BD53D9EB8912A3D0F7B12833F7B3EFA2C7 t=1791483447325
EPOCH_CLOSE_ROUND epoch=1 round=0 leader=65A90023F6C0D2181AAA63F005D81BBC0C04650505E21D5123F9AE1F9E992BFF leads=true t=1791483447374
EPOCH_DRAIN_WAIT epoch=2 unterminated=4599 previous_closed=false first=["C3E7F7362CF2174AD374D878AD418BF7B85C02E3D10B94F8172F3DA2CE66DD8E:active:2:5", "C293C6F9587F46C47397163DEE1F3E7306B5952940578F4B250E3087DCF66684:active:2:5", "AC3A9CD7EFE3B39F11E0530C271D1893D364574639379B8D56FF02B975375B83:active:2:5"] t=1791483447375
EPOCH_FOLLOW cemented=1 cementing=0 requested=0 pending=54 t=1791483447388
EPOCH_FOLLOW cemented=5 cementing=0 requested=0 pending=216 t=1791483447546
EPOCH_MANIFEST_FETCHED epoch=1 manifest=F5232CBD80AFEA6E74FC0AA59DE83D85262CD9C81F863AAFC27C67B73B5DC21C entries=26041 t=1791483447789
EPOCH_MANIFEST_FETCHED epoch=1 manifest=F5232CBD80AFEA6E74FC0AA59DE83D85262CD9C81F863AAFC27C67B73B5DC21C entries=26041 t=1791483447846
EPOCH_MANIFEST_FETCHED epoch=1 manifest=F5232CBD80AFEA6E74FC0AA59DE83D85262CD9C81F863AAFC27C67B73B5DC21C entries=26041 t=1791483447871
EPOCH_CLOSE_ROUND epoch=1 round=1 leader=735FE217D91E88EA82324C5883296385FA0041C2FAC85C827BAA46DA1E14B83F leads=false t=1791483447877
EPOCH_DRAIN_WAIT epoch=2 unterminated=4132 previous_closed=false first=["C3E7F7362CF2174AD374D878AD418BF7B85C02E3D10B94F8172F3DA2CE66DD8E:active:2:5", "C293C6F9587F46C47397163DEE1F3E7306B5952940578F4B250E3087DCF66684:active:2:5", "AC3A9CD7EFE3B39F11E0530C271D1893D364574639379B8D56FF02B975375B83:active:2:5"] t=1791483447878
EPOCH_MANIFEST_FETCHED epoch=1 manifest=F5232CBD80AFEA6E74FC0AA59DE83D85262CD9C81F863AAFC27C67B73B5DC21C entries=26041 t=1791483447954
EPOCH_MANIFEST_VOTES_MISSING epoch=1 manifest=F5232CBD80AFEA6E74FC0AA59DE83D85262CD9C81F863AAFC27C67B73B5DC21C hashes=4 t=1791483448030
EPOCH_CLOSE_ROUND epoch=1 round=1 leader=735FE217D91E88EA82324C5883296385FA0041C2FAC85C827BAA46DA1E14B83F leads=false t=1791483448042
EPOCH_DRAIN_WAIT epoch=2 unterminated=4169 previous_closed=false first=["C3E7F7362CF2174AD374D878AD418BF7B85C02E3D10B94F8172F3DA2CE66DD8E:active:2:5", "C293C6F9587F46C47397163DEE1F3E7306B5952940578F4B250E3087DCF66684:active:2:5", "AC3A9CD7EFE3B39F11E0530C271D1893D364574639379B8D56FF02B975375B83:active:2:5"] t=1791483448044
2026-10-08T18:17:28.092539Z  INFO nanospam::app: Confirmed 40,336 blocks | 2,000 bps | 5,093 cps | avg conf time: 2276 ms
EPOCH_CLOSE_ROUND epoch=1 round=1 leader=735FE217D91E88EA82324C5883296385FA0041C2FAC85C827BAA46DA1E14B83F leads=false t=1791483448148
EPOCH_MANIFEST_VOTES_MISSING epoch=1 manifest=F5232CBD80AFEA6E74FC0AA59DE83D85262CD9C81F863AAFC27C67B73B5DC21C hashes=32 t=1791483448179
EPOCH_MANIFEST_VOTES_MISSING epoch=1 manifest=F5232CBD80AFEA6E74FC0AA59DE83D85262CD9C81F863AAFC27C67B73B5DC21C hashes=36 t=1791483448279
EPOCH_FOLLOW cemented=1 cementing=0 requested=0 pending=53 t=1791483448415
EPOCH_DRAIN_WAIT epoch=2 unterminated=3951 previous_closed=false first=["C3E7F7362CF2174AD374D878AD418BF7B85C02E3D10B94F8172F3DA2CE66DD8E:active:2:5", "C293C6F9587F46C47397163DEE1F3E7306B5952940578F4B250E3087DCF66684:active:2:5", "AC3A9CD7EFE3B39F11E0530C271D1893D364574639379B8D56FF02B975375B83:active:2:5"] t=1791483448460
2026-10-08T18:17:29.093535Z  INFO nanospam::app: Confirmed 40,369 blocks | 2,000 bps | 32 cps | avg conf time: 1429 ms
EPOCH_VALIDATE_TIMING epoch=1 evidence_ms=653 build_ms=583 t=1791483449422
EPOCH_VALIDATE_TIMING epoch=1 evidence_ms=353 build_ms=922 t=1791483449429
EPOCH_DRAIN_WAIT epoch=2 unterminated=3934 previous_closed=false first=["C3E7F7362CF2174AD374D878AD418BF7B85C02E3D10B94F8172F3DA2CE66DD8E:active:2:5", "C293C6F9587F46C47397163DEE1F3E7306B5952940578F4B250E3087DCF66684:active:2:5", "AC3A9CD7EFE3B39F11E0530C271D1893D364574639379B8D56FF02B975375B83:active:2:5"] t=1791483449454
EPOCH_VALUE epoch=1 value=7CEF59D94E06239E8E3573F0626DBE50E6B50990DBF5CBF6AC57B90F4A27D451 state=2DDB9A59568A3A95226B53D4A7B129BD53D9EB8912A3D0F7B12833F7B3EFA2C7 t=1791483449460
EPOCH_DRAIN_WAIT epoch=2 unterminated=4155 previous_closed=false first=["C3E7F7362CF2174AD374D878AD418BF7B85C02E3D10B94F8172F3DA2CE66DD8E:active:2:5", "C293C6F9587F46C47397163DEE1F3E7306B5952940578F4B250E3087DCF66684:active:2:5", "AC3A9CD7EFE3B39F11E0530C271D1893D364574639379B8D56FF02B975375B83:active:2:5"] t=1791483449473
EPOCH_VALIDATE_TIMING epoch=1 evidence_ms=774 build_ms=664 t=1791483449503
EPOCH_VALIDATE_TIMING epoch=1 evidence_ms=535 build_ms=688 t=1791483449510
EPOCH_VALUE epoch=1 value=7CEF59D94E06239E8E3573F0626DBE50E6B50990DBF5CBF6AC57B90F4A27D451 state=2DDB9A59568A3A95226B53D4A7B129BD53D9EB8912A3D0F7B12833F7B3EFA2C7 t=1791483449561
EPOCH_FOLLOW cemented=4 cementing=0 requested=0 pending=212 t=1791483449609
EPOCH_VALUE epoch=1 value=7CEF59D94E06239E8E3573F0626DBE50E6B50990DBF5CBF6AC57B90F4A27D451 state=2DDB9A59568A3A95226B53D4A7B129BD53D9EB8912A3D0F7B12833F7B3EFA2C7 t=1791483449620
EPOCH_VALUE epoch=1 value=7CEF59D94E06239E8E3573F0626DBE50E6B50990DBF5CBF6AC57B90F4A27D451 state=2DDB9A59568A3A95226B53D4A7B129BD53D9EB8912A3D0F7B12833F7B3EFA2C7 t=1791483449642
2026-10-08T18:17:30.094600Z  INFO nanospam::app: Confirmed 40,369 blocks | 2,000 bps | 0 cps | avg conf time: 0 ms
EPOCH_FOLLOW cemented=0 cementing=0 requested=53 pending=53 t=1791483450457
EPOCH_DRAIN_WAIT epoch=2 unterminated=3931 previous_closed=false first=["C3E7F7362CF2174AD374D878AD418BF7B85C02E3D10B94F8172F3DA2CE66DD8E:active:2:5", "C293C6F9587F46C47397163DEE1F3E7306B5952940578F4B250E3087DCF66684:active:2:5", "AC3A9CD7EFE3B39F11E0530C271D1893D364574639379B8D56FF02B975375B83:active:2:5"] t=1791483450479
EPOCH_VALIDATE_TIMING epoch=1 evidence_ms=416 build_ms=569 t=1791483450543
EPOCH_DRAIN_WAIT epoch=2 unterminated=4090 previous_closed=false first=["C3E7F7362CF2174AD374D878AD418BF7B85C02E3D10B94F8172F3DA2CE66DD8E:active:2:5", "C293C6F9587F46C47397163DEE1F3E7306B5952940578F4B250E3087DCF66684:active:2:5", "AC3A9CD7EFE3B39F11E0530C271D1893D364574639379B8D56FF02B975375B83:active:2:5"] t=1791483450559
EPOCH_VALIDATE_TIMING epoch=1 evidence_ms=432 build_ms=578 t=1791483450566
EPOCH_CLOSE_ROUND epoch=1 round=1 leader=735FE217D91E88EA82324C5883296385FA0041C2FAC85C827BAA46DA1E14B83F leads=false t=1791483450589
EPOCH_DRAIN_WAIT epoch=2 unterminated=4153 previous_closed=false first=["C3E7F7362CF2174AD374D878AD418BF7B85C02E3D10B94F8172F3DA2CE66DD8E:active:2:5", "C293C6F9587F46C47397163DEE1F3E7306B5952940578F4B250E3087DCF66684:active:2:5", "AC3A9CD7EFE3B39F11E0530C271D1893D364574639379B8D56FF02B975375B83:active:2:5"] t=1791483450589
EPOCH_VALIDATE_TIMING epoch=1 evidence_ms=570 build_ms=586 t=1791483450593
EPOCH_CLOSE_ROUND epoch=1 round=1 leader=735FE217D91E88EA82324C5883296385FA0041C2FAC85C827BAA46DA1E14B83F leads=false t=1791483450603
EPOCH_DRAIN_WAIT epoch=2 unterminated=4144 previous_closed=false first=["C3E7F7362CF2174AD374D878AD418BF7B85C02E3D10B94F8172F3DA2CE66DD8E:active:2:5", "C293C6F9587F46C47397163DEE1F3E7306B5952940578F4B250E3087DCF66684:active:2:5", "AC3A9CD7EFE3B39F11E0530C271D1893D364574639379B8D56FF02B975375B83:active:2:5"] t=1791483450603
EPOCH_FOLLOW cemented=14 cementing=0 requested=198 pending=198 t=1791483450640
EPOCH_DRAIN_WAIT epoch=2 unterminated=4139 previous_closed=false first=["C3E7F7362CF2174AD374D878AD418BF7B85C02E3D10B94F8172F3DA2CE66DD8E:active:2:5", "C293C6F9587F46C47397163DEE1F3E7306B5952940578F4B250E3087DCF66684:active:2:5", "AC3A9CD7EFE3B39F11E0530C271D1893D364574639379B8D56FF02B975375B83:active:2:5"] t=1791483450715
2026-10-08T18:17:31.098190Z  INFO nanospam::app: Confirmed 40,369 blocks | 2,000 bps | 0 cps | avg conf time: 0 ms
EPOCH_FOLLOW cemented=53 cementing=0 requested=0 pending=0 t=1791483451491
EPOCH_FOLLOW cemented=159 cementing=0 requested=0 pending=39 t=1791483451674
EPOCH_DRAIN_WAIT epoch=2 unterminated=4086 previous_closed=false first=["C3E7F7362CF2174AD374D878AD418BF7B85C02E3D10B94F8172F3DA2CE66DD8E:active:2:5", "C293C6F9587F46C47397163DEE1F3E7306B5952940578F4B250E3087DCF66684:active:2:5", "AC3A9CD7EFE3B39F11E0530C271D1893D364574639379B8D56FF02B975375B83:active:2:5"] t=1791483451734
EPOCH_DRAIN_WAIT epoch=2 unterminated=4124 previous_closed=false first=["C3E7F7362CF2174AD374D878AD418BF7B85C02E3D10B94F8172F3DA2CE66DD8E:active:2:5", "C293C6F9587F46C47397163DEE1F3E7306B5952940578F4B250E3087DCF66684:active:2:5", "AC3A9CD7EFE3B39F11E0530C271D1893D364574639379B8D56FF02B975375B83:active:2:5"] t=1791483451848
EPOCH_DRAIN_WAIT epoch=2 unterminated=4121 previous_closed=false first=["C3E7F7362CF2174AD374D878AD418BF7B85C02E3D10B94F8172F3DA2CE66DD8E:active:2:5", "C293C6F9587F46C47397163DEE1F3E7306B5952940578F4B250E3087DCF66684:active:2:5", "AC3A9CD7EFE3B39F11E0530C271D1893D364574639379B8D56FF02B975375B83:active:2:5"] t=1791483451884
EPOCH_DRAIN_WAIT epoch=2 unterminated=4121 previous_closed=false first=["C3E7F7362CF2174AD374D878AD418BF7B85C02E3D10B94F8172F3DA2CE66DD8E:active:2:5", "C293C6F9587F46C47397163DEE1F3E7306B5952940578F4B250E3087DCF66684:active:2:5", "AC3A9CD7EFE3B39F11E0530C271D1893D364574639379B8D56FF02B975375B83:active:2:5"] t=1791483451918
EPOCH_DRAIN_WAIT epoch=2 unterminated=4120 previous_closed=false first=["C3E7F7362CF2174AD374D878AD418BF7B85C02E3D10B94F8172F3DA2CE66DD8E:active:2:5", "C293C6F9587F46C47397163DEE1F3E7306B5952940578F4B250E3087DCF66684:active:2:5", "AC3A9CD7EFE3B39F11E0530C271D1893D364574639379B8D56FF02B975375B83:active:2:5"] t=1791483452016
2026-10-08T18:17:32.100183Z  INFO nanospam::app: Confirmed 40,369 blocks | 2,000 bps | 0 cps | avg conf time: 0 ms
EPOCH_FOLLOW cemented=1 cementing=0 requested=0 pending=38 t=1791483452697
EPOCH_CLOSE_ROUND epoch=1 round=2 leader=911999B2AEFA7ACC66EBD802B3301FF6CE431405107749D940277955CB7FDD07 leads=false t=1791483452931
EPOCH_CLOSE_ROUND epoch=1 round=2 leader=911999B2AEFA7ACC66EBD802B3301FF6CE431405107749D940277955CB7FDD07 leads=false t=1791483453097
EPOCH_DRAIN_WAIT epoch=2 unterminated=4058 previous_closed=false first=["C3E7F7362CF2174AD374D878AD418BF7B85C02E3D10B94F8172F3DA2CE66DD8E:active:2:5", "C293C6F9587F46C47397163DEE1F3E7306B5952940578F4B250E3087DCF66684:active:2:5", "AC3A9CD7EFE3B39F11E0530C271D1893D364574639379B8D56FF02B975375B83:active:2:5"] t=1791483453098
2026-10-08T18:17:33.103080Z  INFO nanospam::app: Confirmed 40,369 blocks | 2,000 bps | 0 cps | avg conf time: 0 ms
EPOCH_CLOSE_ROUND epoch=1 round=2 leader=911999B2AEFA7ACC66EBD802B3301FF6CE431405107749D940277955CB7FDD07 leads=false t=1791483453113
EPOCH_DRAIN_WAIT epoch=2 unterminated=4092 previous_closed=false first=["C3E7F7362CF2174AD374D878AD418BF7B85C02E3D10B94F8172F3DA2CE66DD8E:active:2:5", "C293C6F9587F46C47397163DEE1F3E7306B5952940578F4B250E3087DCF66684:active:2:5", "AC3A9CD7EFE3B39F11E0530C271D1893D364574639379B8D56FF02B975375B83:active:2:5"] t=1791483453114
EPOCH_CLOSE_ROUND epoch=1 round=2 leader=911999B2AEFA7ACC66EBD802B3301FF6CE431405107749D940277955CB7FDD07 leads=true t=1791483453136
EPOCH_DRAIN_WAIT epoch=2 unterminated=4092 previous_closed=false first=["C3E7F7362CF2174AD374D878AD418BF7B85C02E3D10B94F8172F3DA2CE66DD8E:active:2:5", "C293C6F9587F46C47397163DEE1F3E7306B5952940578F4B250E3087DCF66684:active:2:5", "AC3A9CD7EFE3B39F11E0530C271D1893D364574639379B8D56FF02B975375B83:active:2:5"] t=1791483453136
EPOCH_CLOSE_ROUND epoch=1 round=2 leader=911999B2AEFA7ACC66EBD802B3301FF6CE431405107749D940277955CB7FDD07 leads=false t=1791483453194
EPOCH_DRAIN_WAIT epoch=2 unterminated=4092 previous_closed=false first=["C3E7F7362CF2174AD374D878AD418BF7B85C02E3D10B94F8172F3DA2CE66DD8E:active:2:5", "C293C6F9587F46C47397163DEE1F3E7306B5952940578F4B250E3087DCF66684:active:2:5", "AC3A9CD7EFE3B39F11E0530C271D1893D364574639379B8D56FF02B975375B83:active:2:5"] t=1791483453196
EPOCH_DRAIN_WAIT epoch=2 unterminated=4090 previous_closed=false first=["C3E7F7362CF2174AD374D878AD418BF7B85C02E3D10B94F8172F3DA2CE66DD8E:active:2:5", "C293C6F9587F46C47397163DEE1F3E7306B5952940578F4B250E3087DCF66684:active:2:5", "AC3A9CD7EFE3B39F11E0530C271D1893D364574639379B8D56FF02B975375B83:active:2:5"] t=1791483453234
2026-10-08T18:17:34.104129Z  INFO nanospam::app: Confirmed 40,369 blocks | 2,000 bps | 0 cps | avg conf time: 0 ms
EPOCH_DRAIN_WAIT epoch=2 unterminated=4026 previous_closed=false first=["C3E7F7362CF2174AD374D878AD418BF7B85C02E3D10B94F8172F3DA2CE66DD8E:active:2:5", "C293C6F9587F46C47397163DEE1F3E7306B5952940578F4B250E3087DCF66684:active:2:5", "AC3A9CD7EFE3B39F11E0530C271D1893D364574639379B8D56FF02B975375B83:active:2:5"] t=1791483454118
EPOCH_DRAIN_WAIT epoch=2 unterminated=4064 previous_closed=false first=["C3E7F7362CF2174AD374D878AD418BF7B85C02E3D10B94F8172F3DA2CE66DD8E:active:2:5", "C293C6F9587F46C47397163DEE1F3E7306B5952940578F4B250E3087DCF66684:active:2:5", "AC3A9CD7EFE3B39F11E0530C271D1893D364574639379B8D56FF02B975375B83:active:2:5"] t=1791483454190
EPOCH_DERIVE_TIMING epoch=1 claims=33056 claim_ms=242 manifest_ms=74 build_ms=495 t=1791483454347
EPOCH_PROPOSED epoch=1 round=2 value=0BFB025E68396DDF56895FA2044AA057E61E9F2C5AE15172B18423BE323176ED state=2DDB9A59568A3A95226B53D4A7B129BD53D9EB8912A3D0F7B12833F7B3EFA2C7 reports=5 t=1791483454348
EPOCH_VALUE epoch=1 value=0BFB025E68396DDF56895FA2044AA057E61E9F2C5AE15172B18423BE323176ED state=2DDB9A59568A3A95226B53D4A7B129BD53D9EB8912A3D0F7B12833F7B3EFA2C7 t=1791483454349
EPOCH_DRAIN_WAIT epoch=2 unterminated=4058 previous_closed=false first=["C3E7F7362CF2174AD374D878AD418BF7B85C02E3D10B94F8172F3DA2CE66DD8E:active:2:5", "C293C6F9587F46C47397163DEE1F3E7306B5952940578F4B250E3087DCF66684:active:2:5", "AC3A9CD7EFE3B39F11E0530C271D1893D364574639379B8D56FF02B975375B83:active:2:5"] t=1791483454360
EPOCH_DRAIN_WAIT epoch=2 unterminated=4058 previous_closed=false first=["C3E7F7362CF2174AD374D878AD418BF7B85C02E3D10B94F8172F3DA2CE66DD8E:active:2:5", "C293C6F9587F46C47397163DEE1F3E7306B5952940578F4B250E3087DCF66684:active:2:5", "AC3A9CD7EFE3B39F11E0530C271D1893D364574639379B8D56FF02B975375B83:active:2:5"] t=1791483454377
EPOCH_MANIFEST_FETCHED epoch=1 manifest=C05308D283BEB634110E3804E22F08868AE4A20B5EB1100D90F1CE81DF0E8FB9 entries=26041 t=1791483454581
EPOCH_MANIFEST_FETCHED epoch=1 manifest=C05308D283BEB634110E3804E22F08868AE4A20B5EB1100D90F1CE81DF0E8FB9 entries=26041 t=1791483454690
EPOCH_MANIFEST_FETCHED epoch=1 manifest=C05308D283BEB634110E3804E22F08868AE4A20B5EB1100D90F1CE81DF0E8FB9 entries=26041 t=1791483454698
EPOCH_MANIFEST_FETCHED epoch=1 manifest=C05308D283BEB634110E3804E22F08868AE4A20B5EB1100D90F1CE81DF0E8FB9 entries=26041 t=1791483454707
EPOCH_FOLLOW cemented=1 cementing=0 requested=0 pending=37 t=1791483454756
EPOCH_MANIFEST_VOTES_MISSING epoch=1 manifest=C05308D283BEB634110E3804E22F08868AE4A20B5EB1100D90F1CE81DF0E8FB9 hashes=15 t=1791483455051
2026-10-08T18:17:35.105828Z  INFO nanospam::app: Confirmed 40,369 blocks | 2,000 bps | 0 cps | avg conf time: 0 ms
EPOCH_DRAIN_WAIT epoch=2 unterminated=4047 previous_closed=false first=["C3E7F7362CF2174AD374D878AD418BF7B85C02E3D10B94F8172F3DA2CE66DD8E:active:2:5", "C293C6F9587F46C47397163DEE1F3E7306B5952940578F4B250E3087DCF66684:active:2:5", "AC3A9CD7EFE3B39F11E0530C271D1893D364574639379B8D56FF02B975375B83:active:2:5"] t=1791483455422
EPOCH_VALIDATE_TIMING epoch=1 evidence_ms=483 build_ms=600 t=1791483455580
EPOCH_VALUE epoch=1 value=0BFB025E68396DDF56895FA2044AA057E61E9F2C5AE15172B18423BE323176ED state=2DDB9A59568A3A95226B53D4A7B129BD53D9EB8912A3D0F7B12833F7B3EFA2C7 t=1791483455615
EPOCH_VALIDATE_TIMING epoch=1 evidence_ms=403 build_ms=628 t=1791483456088
2026-10-08T18:17:36.106099Z  INFO nanospam::app: Confirmed 40,369 blocks | 2,000 bps | 0 cps | avg conf time: 0 ms
EPOCH_VALIDATE_TIMING epoch=1 evidence_ms=614 build_ms=721 t=1791483456118
EPOCH_VALUE epoch=1 value=0BFB025E68396DDF56895FA2044AA057E61E9F2C5AE15172B18423BE323176ED state=2DDB9A59568A3A95226B53D4A7B129BD53D9EB8912A3D0F7B12833F7B3EFA2C7 t=1791483456151
EPOCH_VALUE epoch=1 value=0BFB025E68396DDF56895FA2044AA057E61E9F2C5AE15172B18423BE323176ED state=2DDB9A59568A3A95226B53D4A7B129BD53D9EB8912A3D0F7B12833F7B3EFA2C7 t=1791483456270
EPOCH_VALIDATE_TIMING epoch=1 evidence_ms=716 build_ms=910 t=1791483456385
EPOCH_DRAIN_WAIT epoch=2 unterminated=4027 previous_closed=false first=["C3E7F7362CF2174AD374D878AD418BF7B85C02E3D10B94F8172F3DA2CE66DD8E:active:2:5", "C293C6F9587F46C47397163DEE1F3E7306B5952940578F4B250E3087DCF66684:active:2:5", "AC3A9CD7EFE3B39F11E0530C271D1893D364574639379B8D56FF02B975375B83:active:2:5"] t=1791483456436
EPOCH_VALUE epoch=1 value=0BFB025E68396DDF56895FA2044AA057E61E9F2C5AE15172B18423BE323176ED state=2DDB9A59568A3A95226B53D4A7B129BD53D9EB8912A3D0F7B12833F7B3EFA2C7 t=1791483456447
EPOCH_VALIDATE_TIMING epoch=1 evidence_ms=515 build_ms=581 t=1791483456703
EPOCH_CLOSE_ROUND epoch=1 round=3 leader=A353E45E6D0016CAEED0DFA4EC5B0640E2AA22A793F9F2375E77F1AB92977C04 leads=false t=1791483456719
EPOCH_DRAIN_WAIT epoch=2 unterminated=4022 previous_closed=false first=["C3E7F7362CF2174AD374D878AD418BF7B85C02E3D10B94F8172F3DA2CE66DD8E:active:2:5", "C293C6F9587F46C47397163DEE1F3E7306B5952940578F4B250E3087DCF66684:active:2:5", "AC3A9CD7EFE3B39F11E0530C271D1893D364574639379B8D56FF02B975375B83:active:2:5"] t=1791483456720
EPOCH_INSTALL epoch=1 finalized=12730 instances_confirmed=149 t=1791483456750
EPOCH_INSTALL epoch=1 finalized=12730 instances_confirmed=149 t=1791483456756
EPOCH_LATE_NOTAR epoch=1 blocks=16900 notarized=13909 cast=20357 t=1791483456758
EPOCH_INSTALL epoch=1 finalized=12730 instances_confirmed=149 t=1791483456760
EPOCH_INSTALL epoch=1 finalized=12730 instances_confirmed=149 t=1791483456762
EPOCH_LATE_NOTAR epoch=1 blocks=16900 notarized=13909 cast=20594 t=1791483456764
EPOCH_LATE_NOTAR epoch=1 blocks=16900 notarized=13909 cast=19953 t=1791483456767
EPOCH_LATE_NOTAR epoch=1 blocks=16893 notarized=13909 cast=20198 t=1791483456769
EPOCH_GATE epoch=2 released=4212 finalized=0 t=1791483456781
EPOCH_GATE epoch=2 released=4249 finalized=0 t=1791483456784
EPOCH_INSTALL epoch=1 finalized=12730 instances_confirmed=149 t=1791483456786
EPOCH_GATE epoch=2 released=4248 finalized=0 t=1791483456790
EPOCH_GATE epoch=2 released=4248 finalized=0 t=1791483456792
EPOCH_LATE_NOTAR epoch=1 blocks=16900 notarized=13909 cast=20139 t=1791483456795
EPOCH_COMMITTEE derived_by=1 members=6 accounts=9541 n=6 digest=95D409445152DD075E6A4799205DFA5689496EB8EE1A22AC2A200B9DBC2DCF27 shares=["65A90023:16.7%", "A353E45E:16.7%", "D315857C:16.7%", "911999B2:16.7%", "633D9D61:16.7%", "735FE217:16.7%"] t=1791483456806
EPOCH_GATE epoch=2 released=4248 finalized=0 t=1791483456812
EPOCH_COMMITTEE derived_by=1 members=6 accounts=9541 n=6 digest=95D409445152DD075E6A4799205DFA5689496EB8EE1A22AC2A200B9DBC2DCF27 shares=["65A90023:16.7%", "A353E45E:16.7%", "D315857C:16.7%", "911999B2:16.7%", "633D9D61:16.7%", "735FE217:16.7%"] t=1791483456817
EPOCH_LOCKS epoch=1 continued=0 kinds={"locks=1 kind=Some(Recovery) nc_here=false saved=false": 2890, "locks=1 kind=Some(Recovery) nc_here=false saved=true": 23, "locks=1 kind=Some(Recovery) nc_here=true saved=true": 20} t=1791483456818
EPOCH_OMITTED epoch=1 instances=949 retained=2933 t=1791483456818
EPOCH_CLOSED epoch=1 round=2 value=0BFB025E68396DDF56895FA2044AA057E61E9F2C5AE15172B18423BE323176ED state=2DDB9A59568A3A95226B53D4A7B129BD53D9EB8912A3D0F7B12833F7B3EFA2C7 t=1791483456818
EPOCH_LOCKS epoch=1 continued=0 kinds={"locks=1 kind=Some(Recovery) nc_here=false saved=false": 2890, "locks=1 kind=Some(Recovery) nc_here=false saved=true": 23, "locks=1 kind=Some(Recovery) nc_here=true saved=true": 20} t=1791483456827
EPOCH_OMITTED epoch=1 instances=949 retained=2933 t=1791483456827
EPOCH_CLOSED epoch=1 round=2 value=0BFB025E68396DDF56895FA2044AA057E61E9F2C5AE15172B18423BE323176ED state=2DDB9A59568A3A95226B53D4A7B129BD53D9EB8912A3D0F7B12833F7B3EFA2C7 t=1791483456827
EPOCH_COMMITTEE derived_by=1 members=6 accounts=9541 n=6 digest=95D409445152DD075E6A4799205DFA5689496EB8EE1A22AC2A200B9DBC2DCF27 shares=["65A90023:16.7%", "A353E45E:16.7%", "D315857C:16.7%", "911999B2:16.7%", "633D9D61:16.7%", "735FE217:16.7%"] t=1791483456851
EPOCH_COMMITTEE derived_by=1 members=6 accounts=9541 n=6 digest=95D409445152DD075E6A4799205DFA5689496EB8EE1A22AC2A200B9DBC2DCF27 shares=["65A90023:16.7%", "A353E45E:16.7%", "D315857C:16.7%", "911999B2:16.7%", "633D9D61:16.7%", "735FE217:16.7%"] t=1791483456856
EPOCH_COMMITTEE derived_by=1 members=6 accounts=9541 n=6 digest=95D409445152DD075E6A4799205DFA5689496EB8EE1A22AC2A200B9DBC2DCF27 shares=["65A90023:16.7%", "A353E45E:16.7%", "D315857C:16.7%", "911999B2:16.7%", "633D9D61:16.7%", "735FE217:16.7%"] t=1791483456858
EPOCH_LOCKS_CONTINUED epoch=1 instances=17 t=1791483456862
EPOCH_INSTALLED epoch=1 finalized=12730 cemented=12730 queued=0 missing=0 t=1791483456863
EPOCH_INSTALLED epoch=1 finalized=12730 cemented=12730 queued=0 missing=0 t=1791483456864
EPOCH_RETAINED epoch=1 retained=3025 held=1627 missing=1398 t=1791483456865
EPOCH_RETAINED epoch=1 retained=3025 held=1590 missing=1435 t=1791483456871
EPOCH_LOCKS_CONTINUED epoch=1 instances=17 t=1791483456883
EPOCH_LOCKS epoch=1 continued=17 kinds={"locks=1 kind=Some(Recovery) nc_here=false saved=false": 2, "locks=1 kind=Some(Recovery) nc_here=false saved=true": 2911, "locks=1 kind=Some(Recovery) nc_here=true saved=false": 1, "locks=1 kind=Some(Recovery) nc_here=true saved=true": 19} t=1791483456888
EPOCH_OMITTED epoch=1 instances=926 retained=2933 t=1791483456888
EPOCH_CLOSED epoch=1 round=2 value=0BFB025E68396DDF56895FA2044AA057E61E9F2C5AE15172B18423BE323176ED state=2DDB9A59568A3A95226B53D4A7B129BD53D9EB8912A3D0F7B12833F7B3EFA2C7 t=1791483456888
EPOCH_LOCKS epoch=1 continued=17 kinds={"locks=1 kind=Some(Recovery) nc_here=false saved=true": 2913, "locks=1 kind=Some(Recovery) nc_here=true saved=true": 20} t=1791483456890
EPOCH_OMITTED epoch=1 instances=907 retained=2933 t=1791483456890
EPOCH_CLOSED epoch=1 round=2 value=0BFB025E68396DDF56895FA2044AA057E61E9F2C5AE15172B18423BE323176ED state=2DDB9A59568A3A95226B53D4A7B129BD53D9EB8912A3D0F7B12833F7B3EFA2C7 t=1791483456890
EPOCH_LOCKS_CONTINUED epoch=1 instances=17 t=1791483456908
EPOCH_LOCKS epoch=1 continued=17 kinds={"locks=1 kind=Some(Recovery) nc_here=false saved=false": 2, "locks=1 kind=Some(Recovery) nc_here=false saved=true": 2911, "locks=1 kind=Some(Recovery) nc_here=true saved=false": 1, "locks=1 kind=Some(Recovery) nc_here=true saved=true": 19} t=1791483456915
EPOCH_OMITTED epoch=1 instances=908 retained=2933 t=1791483456915
EPOCH_CLOSED epoch=1 round=2 value=0BFB025E68396DDF56895FA2044AA057E61E9F2C5AE15172B18423BE323176ED state=2DDB9A59568A3A95226B53D4A7B129BD53D9EB8912A3D0F7B12833F7B3EFA2C7 t=1791483456915
EPOCH_INSTALLED epoch=1 finalized=12730 cemented=12730 queued=0 missing=0 t=1791483456957
EPOCH_RETAINED epoch=1 retained=3025 held=3025 missing=0 t=1791483456962
EPOCH_EVIDENCE_RELEASED epoch=1 t=1791483456968
EPOCH_EVIDENCE_RELEASED epoch=1 t=1791483456970
EPOCH_INSTALLED epoch=1 finalized=12730 cemented=12730 queued=0 missing=0 t=1791483456982
EPOCH_RETAINED epoch=1 retained=3025 held=3025 missing=0 t=1791483456984
EPOCH_INSTALLED epoch=1 finalized=12730 cemented=12730 queued=0 missing=0 t=1791483457010
EPOCH_RETAINED epoch=1 retained=3025 held=3025 missing=0 t=1791483457012
2026-10-08T18:17:37.107622Z  INFO nanospam::app: Confirmed 40,369 blocks | 2,000 bps | 0 cps | avg conf time: 0 ms
EPOCH_CARRIED epoch=2 instances=4043 split=225 t=1791483457198
EPOCH_ADVANCED epoch=3 elections=12741 active=12101 vote_records=446195 t=1791483457198
EPOCH_VALIDATE_TIMING epoch=1 evidence_ms=542 build_ms=608 t=1791483457295
EPOCH_EVIDENCE_RELEASED epoch=1 t=1791483457315
EPOCH_CARRIED epoch=2 instances=3986 split=225 t=1791483457381
EPOCH_ADVANCED epoch=3 elections=11363 active=9271 vote_records=453512 t=1791483457381
EPOCH_CARRIED epoch=2 instances=4039 split=225 t=1791483457395
EPOCH_ADVANCED epoch=3 elections=12733 active=10606 vote_records=453370 t=1791483457395
EPOCH_VALIDATE_TIMING epoch=1 evidence_ms=544 build_ms=717 t=1791483457439
EPOCH_EVIDENCE_RELEASED epoch=1 t=1791483457458
EPOCH_CLOSE_UNREADY epoch=2 short_of=reports usable=0 weight=0 required=5 held=0 theirs=[] t=1791483457518
EPOCH_LOCKS_CONTINUED epoch=1 instances=118 t=1791483457524
EPOCH_FOLLOW cemented=3 cementing=0 requested=1395 pending=1395 t=1791483457659
EPOCH_VALIDATE_TIMING epoch=1 evidence_ms=623 build_ms=767 t=1791483457788
EPOCH_EVIDENCE_RELEASED epoch=1 t=1791483457805
EPOCH_FOLLOW cemented=2 cementing=0 requested=1396 pending=1433 t=1791483457835
EPOCH_CLOSE_UNREADY epoch=2 short_of=reports usable=0 weight=0 required=5 held=0 theirs=[] t=1791483457962
EPOCH_CARRIED epoch=2 instances=4034 split=224 t=1791483457994
EPOCH_ADVANCED epoch=3 elections=11457 active=9329 vote_records=451821 t=1791483457994
EPOCH_LOCKS_CONTINUED epoch=1 instances=118 t=1791483458020
EPOCH_CLOSE_UNREADY epoch=2 short_of=reports usable=0 weight=0 required=5 held=0 theirs=[] t=1791483458058
EPOCH_CARRIED epoch=2 instances=4046 split=217 t=1791483458077
EPOCH_ADVANCED epoch=3 elections=12739 active=10643 vote_records=450198 t=1791483458077
2026-10-08T18:17:38.108823Z  INFO nanospam::app: Confirmed 40,379 blocks | 2,000 bps | 9 cps | avg conf time: 24034 ms
EPOCH_FOLLOW cemented=482 cementing=0 requested=913 pending=913 t=1791483458699
EPOCH_CLOSE_UNREADY epoch=2 short_of=reports usable=0 weight=0 required=5 held=0 theirs=[] t=1791483458716
EPOCH_FOLLOW cemented=476 cementing=0 requested=957 pending=957 t=1791483458863
EPOCH_CLOSE_UNREADY epoch=2 short_of=reports usable=0 weight=0 required=5 held=0 theirs=[] t=1791483458903
EPOCH_CLOSE_UNREADY epoch=2 short_of=reports usable=0 weight=0 required=5 held=0 theirs=[] t=1791483458966
EPOCH_REPORT epoch=2 certified=43332 residual=2774 root=0B2884280F8F47A1566B9224F092BD7433147FEAB73AAB2E8DE28D87B85FEA98 reports=1 t=1791483458978
EPOCH_CLOSE_UNREADY epoch=2 short_of=reports usable=1 weight=1 required=5 held=0 theirs=[] t=1791483459079
2026-10-08T18:17:39.110394Z  INFO nanospam::app: Confirmed 40,379 blocks | 2,000 bps | 0 cps | avg conf time: 0 ms
EPOCH_REPORT epoch=2 certified=43332 residual=2758 root=FA87CC5E18580093D5A8315198696BC0CE49CEBFA9C6BFC118CAC0B2C87756F0 reports=1 t=1791483459286
EPOCH_REPORT epoch=2 certified=43331 residual=4257 root=6EB39AA705437840320CD2B01DD86124FE1ADC0CF588901A05670A0A73EFFAA6 reports=1 t=1791483459377
EPOCH_REPORT epoch=2 certified=43331 residual=2751 root=6415510AAB787F75938602E1DC3EDA37471BFB6DAEBA2FCFC25DDB79CAC24A5F reports=1 t=1791483459426
EPOCH_CLOSE_UNREADY epoch=2 short_of=reports usable=1 weight=1 required=5 held=3 theirs=["D315857C:0B288428:D1271D2B", "A353E45E:6415510A:8234BF0D", "911999B2:6EB39AA7:C947369A"] t=1791483459683
EPOCH_FOLLOW cemented=424 cementing=0 requested=0 pending=489 t=1791483459723
EPOCH_CLOSE_UNREADY epoch=2 short_of=reports usable=1 weight=1 required=5 held=3 theirs=["A353E45E:6415510A:8234BF0D", "65A90023:FA87CC5E:185141D9", "D315857C:0B288428:D1271D2B"] t=1791483459730
EPOCH_REPORT epoch=2 certified=43331 residual=2775 root=829A0DAA555B84BDFB125B6740C4D784153AB63FEF610B21F9B50376432A8C5F reports=1 t=1791483459851
EPOCH_FOLLOW cemented=353 cementing=0 requested=0 pending=604 t=1791483459898
EPOCH_RECONCILED epoch=2 reporter=65A90023F6C0D2181AAA63F005D81BBC0C04650505E21D5123F9AE1F9E992BFF complete=false entries=2062 total=43332 symbols=3228 dropped=false t=1791483460061
2026-10-08T18:17:40.111737Z  INFO nanospam::app: Confirmed 41,650 blocks | 2,000 bps | 1,269 cps | avg conf time: 32655 ms
EPOCH_CLOSE_UNREADY epoch=2 short_of=reports usable=1 weight=1 required=5 held=4 theirs=["D315857C:0B288428:D1271D2B", "911999B2:6EB39AA7:C947369A", "65A90023:FA87CC5E:185141D9", "633D9D61:829A0DAA:7224A63E"] t=1791483460128
EPOCH_RECONCILED epoch=2 reporter=65A90023F6C0D2181AAA63F005D81BBC0C04650505E21D5123F9AE1F9E992BFF complete=false entries=2612 total=43332 symbols=3728 dropped=false t=1791483460153
EPOCH_RECONCILED epoch=2 reporter=65A90023F6C0D2181AAA63F005D81BBC0C04650505E21D5123F9AE1F9E992BFF complete=false entries=2612 total=43332 symbols=3728 dropped=false t=1791483460172
EPOCH_CLOSE_UNREADY epoch=2 short_of=reports usable=1 weight=1 required=5 held=4 theirs=["911999B2:6EB39AA7:C947369A", "A353E45E:6415510A:8234BF0D", "65A90023:FA87CC5E:185141D9", "633D9D61:829A0DAA:7224A63E"] t=1791483460579
EPOCH_RECONCILED epoch=2 reporter=D315857CE70C54DE713F6E82E5613BB3A1266C15E28AD2F4338C7BBEC456F532 complete=false entries=2538 total=43332 symbols=3728 dropped=false t=1791483460633
EPOCH_RECONCILED epoch=2 reporter=D315857CE70C54DE713F6E82E5613BB3A1266C15E28AD2F4338C7BBEC456F532 complete=false entries=1988 total=43332 symbols=3228 dropped=false t=1791483460713
EPOCH_RECONCILED epoch=2 reporter=911999B2AEFA7ACC66EBD802B3301FF6CE431405107749D940277955CB7FDD07 complete=false entries=2997 total=43331 symbols=4228 dropped=false t=1791483460720
EPOCH_FOLLOW cemented=5 cementing=0 requested=484 pending=484 t=1791483460751
EPOCH_RECONCILED epoch=2 reporter=D315857CE70C54DE713F6E82E5613BB3A1266C15E28AD2F4338C7BBEC456F532 complete=false entries=2612 total=43332 symbols=3728 dropped=false t=1791483460762
2026-10-08T18:17:40.872434Z  INFO nanospam::app: Confirming 45000 blocks took 37.81s
2026-10-08T18:17:40.872500Z  INFO nanospam::app: Confirmation rate: 1190 cps
2026-10-08T18:17:40.872512Z  INFO nanospam::app: Average conf time: 2339 ms
2026-10-08T18:17:40.872523Z  INFO nanospam::app: Non-fork confirmation rate: 1076 cps (40683 of 40683 non-fork blocks, 1530 of 4317 forks)
2026-10-08T18:17:40.873814Z  INFO nanospam::app: RAI_BENCH_METRICS {"created":45000,"confirmed":42213,"duration_secs":37.807972667,"confirmation_unit":"primary publication or its confirmed fork alternative","alternative_confirmed":1527,"confirmation_histogram_ms":{"35":1,"36":2,"37":1,"38":1,"39":3,"40":5,"41":6,"42":5,"43":6,"44":4,"45":4,"46":29,"47":19,"48":4,"49":14,"50":5,"51":8,"52":7,"53":9,"54":10,"55":16,"56":17,"57":19,"58":22,"59":17,"60":11,"61":14,"62":12,"63":7,"64":10,"65":13,"66":14,"67":20,"68":32,"69":20,"70":18,"71":21,"72":20,"73":27,"74":37,"75":52,"76":43,"77":56,"78":35,"79":50,"80":42,"81":47,"82":64,"83":40,"84":65,"85":67,"86":83,"87":93,"88":115,"89":103,"90":157,"91":113,"92":110,"93":135,"94":148,"95":167,"96":153,"97":185,"98":201,"99":244,"100":215,"101":226,"102":234,"103":252,"104":250,"105":257,"106":276,"107":268,"108":293,"109":308,"110":316,"111":297,"112":338,"113":314,"114":314,"115":318,"116":255,"117":299,"118":328,"119":285,"120":316,"121":266,"122":243,"123":244,"124":243,"125":188,"126":207,"127":209,"128":192,"129":159,"130":158,"131":135,"132":130,"133":133,"134":107,"135":100,"136":68,"137":57,"138":67,"139":40,"140":42,"141":74,"142":71,"143":39,"144":31,"145":25,"146":23,"147":31,"148":25,"149":25,"150":20,"151":23,"152":24,"153":32,"154":24,"155":33,"156":18,"157":17,"158":10,"159":19,"160":17,"161":42,"162":30,"163":13,"164":11,"165":5,"166":8,"167":14,"168":4,"169":3,"170":3,"171":4,"172":11,"173":11,"174":8,"175":6,"176":10,"177":8,"178":6,"179":5,"180":2,"181":14,"182":15,"183":2,"184":4,"185":4,"186":9,"187":12,"188":10,"189":9,"190":11,"191":7,"192":6,"193":10,"194":33,"195":47,"196":30,"197":20,"198":12,"199":15,"200":21,"201":22,"202":15,"203":7,"204":9,"205":12,"206":6,"207":6,"208":3,"209":6,"210":5,"211":3,"212":7,"213":7,"214":6,"215":5,"216":1,"217":14,"218":10,"219":6,"220":5,"221":4,"222":1,"223":3,"224":24,"225":9,"226":23,"227":18,"228":22,"229":21,"230":18,"231":9,"232":1,"233":3,"234":10,"235":9,"236":2,"237":8,"238":17,"239":33,"240":8,"241":9,"242":7,"243":10,"244":5,"245":10,"246":10,"247":8,"248":8,"249":11,"250":12,"251":24,"252":18,"253":9,"254":8,"255":6,"256":12,"257":6,"258":9,"259":12,"260":8,"261":32,"262":30,"263":19,"264":5,"265":4,"266":8,"267":1,"268":4,"269":2,"270":16,"271":45,"272":39,"273":34,"274":41,"275":50,"276":28,"277":9,"278":15,"279":12,"280":11,"281":16,"282":14,"283":12,"284":12,"285":8,"286":8,"287":14,"288":12,"289":27,"290":27,"291":39,"292":17,"293":34,"294":31,"295":15,"296":11,"297":13,"298":21,"299":11,"300":9,"301":19,"302":24,"303":16,"304":11,"305":17,"306":20,"307":16,"308":20,"309":18,"310":17,"311":14,"312":27,"313":23,"314":32,"315":19,"316":28,"317":22,"318":20,"319":25,"320":31,"321":19,"322":10,"323":14,"324":14,"325":14,"326":20,"327":19,"328":21,"329":26,"330":29,"331":39,"332":29,"333":37,"334":21,"335":40,"336":25,"337":32,"338":29,"339":27,"340":25,"341":32,"342":27,"343":32,"344":28,"345":34,"346":17,"347":13,"348":10,"349":18,"350":15,"351":23,"352":21,"353":22,"354":23,"355":17,"356":26,"357":18,"358":22,"359":45,"360":42,"361":40,"362":37,"363":28,"364":35,"365":40,"366":21,"367":26,"368":24,"369":23,"370":31,"371":42,"372":24,"373":38,"374":36,"375":40,"376":33,"377":45,"378":43,"379":44,"380":28,"381":23,"382":24,"383":34,"384":27,"385":33,"386":47,"387":39,"388":42,"389":39,"390":40,"391":36,"392":43,"393":50,"394":25,"395":26,"396":24,"397":35,"398":40,"399":46,"400":38,"401":27,"402":21,"403":25,"404":26,"405":32,"406":33,"407":27,"408":23,"409":29,"410":33,"411":34,"412":31,"413":41,"414":28,"415":33,"416":21,"417":23,"418":34,"419":24,"420":36,"421":29,"422":24,"423":28,"424":32,"425":34,"426":26,"427":24,"428":27,"429":24,"430":29,"431":35,"432":52,"433":36,"434":40,"435":24,"436":20,"437":26,"438":21,"439":24,"440":16,"441":19,"442":21,"443":30,"444":46,"445":41,"446":35,"447":39,"448":31,"449":42,"450":39,"451":20,"452":24,"453":38,"454":38,"455":35,"456":18,"457":21,"458":20,"459":17,"460":33,"461":31,"462":34,"463":26,"464":33,"465":23,"466":36,"467":23,"468":25,"469":24,"470":28,"471":36,"472":39,"473":26,"474":29,"475":29,"476":25,"477":18,"478":28,"479":22,"480":22,"481":22,"482":18,"483":21,"484":18,"485":22,"486":23,"487":22,"488":28,"489":23,"490":22,"491":23,"492":19,"493":28,"494":22,"495":27,"496":13,"497":27,"498":22,"499":26,"500":15,"501":14,"502":19,"503":23,"504":20,"505":17,"506":21,"507":29,"508":38,"509":33,"510":29,"511":38,"512":23,"513":23,"514":14,"515":15,"516":15,"517":18,"518":26,"519":23,"520":22,"521":18,"522":26,"523":18,"524":18,"525":19,"526":29,"527":22,"528":30,"529":25,"530":35,"531":43,"532":36,"533":44,"534":37,"535":31,"536":47,"537":38,"538":42,"539":33,"540":33,"541":39,"542":39,"543":34,"544":37,"545":32,"546":23,"547":19,"548":24,"549":30,"550":26,"551":24,"552":32,"553":30,"554":37,"555":27,"556":23,"557":31,"558":31,"559":34,"560":33,"561":36,"562":36,"563":28,"564":50,"565":33,"566":33,"567":23,"568":35,"569":29,"570":14,"571":20,"572":22,"573":21,"574":14,"575":28,"576":20,"577":19,"578":21,"579":25,"580":17,"581":12,"582":14,"583":16,"584":19,"585":19,"586":26,"587":23,"588":15,"589":28,"590":26,"591":21,"592":24,"593":18,"594":25,"595":16,"596":18,"597":18,"598":13,"599":21,"600":30,"601":31,"602":22,"603":15,"604":34,"605":23,"606":31,"607":20,"608":30,"609":24,"610":23,"611":20,"612":28,"613":30,"614":27,"615":27,"616":18,"617":16,"618":20,"619":19,"620":22,"621":22,"622":25,"623":29,"624":27,"625":22,"626":21,"627":23,"628":21,"629":23,"630":14,"631":23,"632":19,"633":23,"634":21,"635":18,"636":27,"637":16,"638":25,"639":23,"640":22,"641":19,"642":31,"643":29,"644":23,"645":17,"646":21,"647":16,"648":20,"649":16,"650":19,"651":16,"652":19,"653":14,"654":12,"655":5,"656":23,"657":13,"658":15,"659":18,"660":16,"661":16,"662":20,"663":24,"664":23,"665":16,"666":19,"667":19,"668":14,"669":10,"670":11,"671":9,"672":9,"673":11,"674":29,"675":32,"676":21,"677":20,"678":13,"679":12,"680":5,"681":10,"682":5,"683":11,"684":12,"685":12,"686":18,"687":11,"688":21,"689":15,"690":21,"691":22,"692":20,"693":21,"694":20,"695":13,"696":20,"697":16,"698":25,"699":11,"700":17,"701":18,"702":14,"703":21,"704":19,"705":16,"706":20,"707":25,"708":19,"709":16,"710":8,"711":15,"712":15,"713":15,"714":11,"715":17,"716":18,"717":9,"718":9,"719":11,"720":11,"721":6,"722":20,"723":18,"724":18,"725":15,"726":18,"727":19,"728":19,"729":23,"730":22,"731":17,"732":12,"733":4,"734":11,"735":3,"736":5,"737":3,"738":3,"739":8,"740":5,"741":8,"742":18,"743":6,"744":8,"745":15,"746":6,"747":6,"748":7,"749":9,"750":3,"751":5,"752":3,"753":7,"754":5,"755":7,"756":9,"757":8,"758":6,"759":7,"760":6,"761":4,"762":10,"763":12,"764":11,"765":12,"766":4,"767":4,"768":9,"769":3,"770":2,"771":2,"772":5,"773":11,"774":6,"775":6,"776":8,"777":4,"778":4,"779":5,"780":7,"781":6,"782":8,"783":3,"784":7,"785":9,"786":7,"787":7,"788":9,"789":6,"790":5,"791":8,"792":8,"793":10,"794":5,"795":3,"796":3,"797":6,"798":3,"799":8,"800":7,"801":12,"802":12,"803":10,"804":11,"805":6,"806":3,"807":6,"808":7,"809":7,"810":5,"811":9,"812":7,"813":9,"814":1,"815":8,"816":5,"817":13,"818":19,"819":16,"820":13,"821":10,"822":7,"823":9,"824":8,"825":7,"826":13,"827":14,"828":8,"829":8,"830":9,"831":5,"832":4,"833":10,"834":6,"835":10,"836":4,"837":4,"838":9,"839":6,"840":6,"841":6,"842":9,"843":4,"844":7,"845":8,"846":9,"847":3,"848":8,"849":9,"850":6,"851":2,"852":9,"853":7,"854":10,"855":1,"856":10,"857":9,"858":8,"859":10,"860":6,"861":6,"862":7,"863":7,"864":7,"865":3,"866":9,"867":4,"868":4,"869":4,"870":8,"871":4,"872":5,"873":5,"874":3,"875":6,"876":2,"877":2,"878":3,"879":2,"880":3,"881":3,"882":3,"883":4,"885":1,"886":3,"887":5,"888":3,"889":2,"890":4,"891":3,"892":3,"893":6,"894":9,"895":8,"896":5,"897":5,"898":3,"899":4,"900":6,"901":2,"902":5,"903":4,"904":5,"905":1,"906":5,"908":3,"909":2,"910":5,"911":4,"912":3,"913":5,"914":2,"915":2,"916":4,"917":2,"919":4,"920":1,"921":2,"922":4,"923":5,"924":1,"925":3,"926":2,"927":2,"928":7,"929":2,"930":3,"931":2,"935":3,"936":5,"937":1,"938":2,"939":3,"940":3,"941":5,"942":2,"943":4,"944":3,"945":2,"946":6,"947":6,"948":6,"951":5,"952":1,"953":2,"954":1,"955":3,"956":4,"957":1,"958":1,"959":1,"960":1,"961":2,"962":1,"965":3,"969":1,"974":1,"980":1,"987":2,"988":1,"989":1,"990":5,"992":2,"993":5,"994":4,"996":1,"997":3,"998":4,"1000":2,"1001":4,"1002":1,"1004":5,"1006":2,"1007":1,"1008":3,"1009":1,"1010":3,"1011":4,"1012":3,"1014":7,"1015":2,"1016":3,"1017":1,"1018":5,"1019":3,"1020":8,"1021":8,"1022":1,"1023":4,"1024":2,"1025":1,"1026":1,"1028":3,"1029":1,"1030":4,"1031":7,"1032":1,"1033":5,"1034":1,"1036":1,"1039":2,"1041":1,"1042":1,"1049":1,"1050":1,"1052":2,"1057":1,"1058":1,"1059":1,"1081":1,"1084":1,"1087":2,"1088":1,"1093":1,"1096":1,"1097":1,"1099":1,"1100":1,"1108":1,"1113":2,"1115":1,"1117":2,"1119":2,"1120":1,"1123":1,"1124":1,"1125":1,"1129":1,"1131":1,"1132":1,"1133":1,"1134":1,"1135":2,"1136":2,"1137":1,"1138":1,"1142":2,"1149":3,"1151":2,"1152":1,"1153":1,"1154":2,"1155":1,"1158":3,"1159":1,"1160":2,"1161":1,"1162":2,"1163":2,"1164":2,"1165":3,"1166":2,"1167":3,"1168":3,"1169":4,"1170":4,"1171":1,"1172":3,"1173":1,"1174":3,"1175":3,"1177":2,"1178":2,"1180":1,"1181":4,"1182":1,"1183":5,"1184":2,"1185":2,"1186":5,"1187":3,"1189":2,"1190":3,"1191":3,"1192":3,"1196":1,"1197":1,"1198":1,"1200":1,"1203":1,"1204":1,"1205":1,"1206":1,"1211":1,"1216":2,"1217":1,"1220":2,"1221":4,"1222":2,"1223":1,"1224":2,"1225":5,"1226":6,"1227":9,"1228":11,"1229":8,"1230":8,"1231":4,"1232":6,"1233":1,"1234":6,"1235":6,"1236":7,"1237":8,"1238":4,"1239":4,"1240":11,"1241":3,"1242":1,"1243":3,"1244":3,"1245":6,"1246":2,"1247":6,"1248":4,"1249":3,"1250":1,"1251":1,"1253":2,"1258":1,"1261":1,"1262":1,"1264":2,"1268":2,"1270":1,"1271":1,"1273":1,"1274":1,"1280":4,"1281":6,"1282":2,"1288":1,"1289":2,"1290":2,"1292":7,"1293":4,"1296":1,"1297":2,"1299":2,"1300":2,"1301":2,"1302":4,"1303":4,"1304":2,"1306":3,"1309":5,"1310":8,"1311":1,"1312":4,"1313":1,"1314":1,"1315":4,"1316":7,"1317":5,"1318":9,"1319":3,"1320":6,"1321":6,"1322":3,"1324":3,"1325":2,"1326":4,"1327":6,"1328":5,"1329":3,"1330":4,"1331":5,"1332":4,"1333":4,"1334":4,"1335":4,"1336":7,"1337":5,"1338":1,"1339":5,"1340":1,"1341":3,"1342":5,"1343":2,"1344":5,"1345":4,"1346":5,"1347":6,"1348":9,"1349":2,"1350":1,"1351":5,"1352":3,"1353":2,"1354":3,"1355":3,"1356":9,"1357":9,"1358":34,"1359":18,"1360":29,"1361":23,"1362":20,"1363":8,"1364":8,"1365":5,"1366":5,"1367":1,"1368":3,"1369":3,"1370":2,"1371":6,"1372":9,"1373":9,"1374":11,"1375":4,"1376":3,"1378":2,"1379":5,"1380":2,"1381":3,"1382":2,"1383":7,"1384":5,"1385":6,"1386":11,"1387":7,"1388":2,"1389":7,"1390":6,"1392":1,"1393":2,"1394":1,"1395":1,"1396":13,"1397":19,"1398":17,"1399":6,"1400":2,"1401":4,"1403":1,"1404":3,"1405":4,"1406":1,"1407":2,"1408":3,"1409":1,"1410":2,"1414":1,"1415":4,"1416":5,"1417":4,"1418":4,"1420":1,"1421":3,"1422":1,"1423":3,"1424":1,"1425":3,"1427":2,"1428":1,"1432":3,"1433":2,"1434":2,"1435":2,"1436":1,"1437":2,"1438":3,"1440":2,"1441":2,"1442":1,"1443":1,"1444":1,"1445":3,"1447":3,"1448":1,"1449":5,"1450":2,"1451":2,"1452":2,"1453":4,"1454":4,"1455":5,"1456":6,"1457":4,"1460":1,"1461":1,"1462":2,"1463":2,"1464":1,"1465":5,"1466":2,"1467":7,"1468":3,"1469":6,"1470":9,"1471":5,"1472":3,"1473":6,"1474":3,"1475":2,"1476":2,"1477":4,"1478":5,"1479":9,"1480":9,"1481":10,"1482":9,"1483":4,"1484":2,"1485":1,"1486":5,"1487":6,"1488":5,"1489":4,"1490":3,"1491":6,"1492":3,"1493":1,"1495":3,"1496":2,"1497":1,"1498":2,"1499":4,"1500":2,"1501":2,"1502":1,"1503":2,"1504":1,"1505":4,"1506":5,"1507":9,"1508":11,"1509":22,"1510":7,"1511":3,"1512":2,"1513":3,"1514":3,"1515":1,"1516":2,"1517":2,"1518":7,"1519":6,"1520":3,"1521":4,"1522":5,"1523":7,"1525":3,"1526":6,"1527":3,"1528":6,"1529":6,"1530":2,"1531":1,"1532":2,"1534":1,"1535":3,"1536":3,"1537":2,"1538":4,"1539":5,"1540":3,"1541":2,"1542":2,"1543":3,"1544":5,"1545":3,"1546":1,"1547":3,"1548":3,"1550":1,"1551":5,"1552":1,"1553":2,"1554":1,"1555":1,"1556":4,"1557":5,"1559":1,"1560":1,"1561":2,"1562":2,"1564":1,"1566":2,"1568":2,"1569":3,"1570":1,"1571":2,"1572":6,"1573":1,"1574":3,"1576":2,"1577":1,"1578":1,"1580":1,"1581":4,"1582":3,"1583":2,"1584":1,"1586":2,"1587":1,"1588":1,"1589":3,"1591":1,"1592":4,"1594":1,"1595":3,"1596":2,"1597":1,"1598":1,"1600":5,"1602":7,"1603":5,"1604":1,"1605":3,"1606":1,"1607":1,"1608":2,"1609":3,"1610":1,"1611":2,"1612":1,"1613":2,"1614":2,"1615":6,"1616":6,"1617":4,"1618":4,"1619":7,"1620":1,"1621":2,"1622":2,"1623":2,"1626":1,"1627":2,"1628":4,"1629":2,"1630":2,"1632":1,"1634":1,"1635":2,"1637":1,"1638":1,"1639":2,"1640":2,"1641":3,"1642":2,"1643":1,"1645":3,"1646":1,"1647":1,"1648":2,"1649":2,"1650":1,"1651":2,"1652":2,"1653":2,"1654":1,"1655":1,"1656":3,"1658":4,"1659":1,"1660":2,"1661":4,"1662":3,"1664":2,"1665":4,"1666":6,"1667":2,"1668":1,"1670":1,"1671":3,"1672":1,"1673":3,"1675":1,"1676":5,"1679":3,"1680":2,"1681":1,"1682":3,"1683":5,"1684":5,"1686":1,"1687":2,"1688":2,"1692":1,"1693":5,"1694":8,"1695":9,"1696":4,"1697":2,"1698":2,"1699":1,"1700":1,"1701":1,"1702":1,"1705":3,"1709":1,"1710":1,"1712":1,"1713":3,"1714":1,"1716":2,"1717":1,"1718":3,"1719":2,"1720":1,"1721":3,"1722":2,"1723":2,"1724":3,"1725":8,"1726":3,"1727":1,"1728":2,"1729":1,"1730":1,"1731":1,"1733":5,"1734":8,"1735":11,"1736":12,"1737":10,"1738":4,"1741":1,"1743":1,"1744":1,"1746":1,"1747":2,"1751":1,"1753":1,"1755":1,"1757":2,"1758":1,"1759":3,"1761":4,"1762":4,"1763":1,"1765":1,"1766":3,"1767":4,"1768":3,"1770":3,"1771":6,"1772":7,"1773":5,"1774":2,"1777":3,"1782":4,"1783":1,"1784":1,"1785":3,"1787":4,"1788":1,"1789":2,"1790":2,"1793":4,"1794":2,"1795":1,"1796":2,"1797":5,"1798":7,"1800":1,"1801":1,"1803":2,"1805":2,"1806":5,"1807":3,"1808":3,"1809":2,"1810":4,"1811":3,"1812":1,"1813":3,"1814":3,"1815":2,"1816":4,"1817":8,"1818":10,"1819":1,"1820":1,"1822":2,"1823":1,"1824":1,"1829":1,"1830":2,"1832":3,"1833":2,"1834":5,"1835":4,"1837":1,"1838":7,"1841":8,"1842":2,"1843":5,"1844":2,"1846":1,"1847":3,"1848":4,"1849":2,"1850":5,"1851":2,"1857":1,"1858":2,"1859":8,"1860":2,"1861":2,"1865":2,"1866":2,"1867":1,"1868":5,"1869":1,"1870":5,"1871":3,"1872":5,"1874":4,"1875":3,"1876":4,"1877":4,"1878":1,"1879":1,"1880":3,"1881":2,"1882":5,"1883":3,"1884":1,"1885":1,"1886":2,"1887":2,"1888":4,"1889":3,"1890":6,"1891":3,"1892":3,"1893":8,"1894":2,"1895":2,"1896":2,"1897":1,"1898":1,"1899":1,"1900":3,"1901":2,"1902":3,"1903":4,"1904":1,"1905":2,"1906":1,"1907":1,"1908":1,"1909":3,"1911":2,"1912":2,"1913":4,"1914":1,"1916":2,"1917":1,"1921":3,"1923":1,"1924":1,"1925":7,"1926":6,"1928":3,"1930":3,"1931":4,"1934":1,"1936":1,"1939":2,"1940":2,"1941":4,"1942":3,"1943":10,"1944":5,"1945":1,"1946":1,"1947":1,"1948":2,"1952":1,"1953":3,"1955":2,"1956":2,"1957":4,"1958":3,"1961":2,"1962":1,"1963":1,"1964":2,"1966":2,"1968":2,"1969":2,"1971":2,"1972":1,"1973":1,"1975":4,"1976":1,"1977":2,"1978":4,"1979":2,"1981":1,"1982":1,"1983":2,"1987":4,"1989":1,"1990":2,"1991":2,"1992":1,"1993":1,"1995":2,"1996":2,"1997":1,"1998":1,"1999":2,"2001":2,"2002":1,"2003":1,"2004":1,"2005":4,"2006":3,"2007":3,"2008":1,"2009":1,"2010":2,"2012":2,"2013":1,"2014":3,"2016":1,"2018":3,"2019":1,"2020":5,"2022":4,"2023":1,"2025":2,"2026":3,"2027":2,"2028":6,"2029":1,"2031":2,"2032":1,"2033":2,"2034":2,"2035":2,"2036":2,"2037":2,"2038":2,"2039":1,"2041":1,"2042":1,"2043":1,"2045":4,"2046":2,"2048":2,"2049":1,"2051":4,"2052":1,"2053":2,"2054":4,"2055":2,"2056":2,"2057":2,"2058":3,"2059":1,"2060":2,"2061":1,"2062":3,"2064":6,"2066":2,"2067":1,"2069":4,"2070":2,"2072":3,"2073":2,"2075":4,"2076":2,"2079":3,"2080":1,"2081":2,"2082":1,"2083":1,"2086":1,"2087":2,"2088":1,"2089":2,"2090":1,"2091":4,"2092":2,"2093":2,"2094":4,"2095":3,"2096":3,"2097":4,"2098":5,"2099":1,"2100":1,"2101":2,"2102":3,"2103":1,"2104":3,"2105":1,"2107":2,"2109":1,"2111":2,"2113":4,"2114":3,"2115":1,"2116":4,"2117":2,"2118":2,"2121":1,"2122":2,"2123":1,"2124":2,"2125":1,"2129":3,"2130":2,"2131":3,"2132":1,"2133":1,"2134":2,"2135":2,"2136":1,"2137":1,"2138":2,"2139":4,"2140":2,"2142":1,"2143":2,"2144":1,"2145":1,"2146":10,"2147":4,"2148":3,"2149":3,"2150":2,"2155":2,"2157":3,"2159":2,"2160":1,"2161":4,"2162":4,"2163":1,"2164":6,"2165":3,"2166":1,"2169":2,"2170":1,"2171":3,"2172":3,"2175":2,"2177":3,"2178":4,"2179":3,"2180":1,"2181":1,"2183":1,"2184":3,"2185":2,"2186":1,"2187":1,"2188":1,"2189":1,"2190":3,"2191":2,"2192":4,"2193":4,"2194":3,"2195":2,"2196":5,"2197":1,"2201":1,"2202":1,"2205":1,"2206":1,"2207":1,"2210":2,"2211":8,"2212":4,"2213":3,"2214":1,"2219":1,"2220":3,"2221":1,"2222":1,"2223":1,"2224":4,"2225":3,"2226":6,"2227":6,"2228":1,"2230":3,"2231":1,"2232":1,"2233":4,"2234":4,"2236":4,"2237":4,"2238":2,"2239":3,"2240":3,"2241":4,"2242":2,"2243":3,"2244":9,"2245":5,"2246":8,"2247":2,"2248":4,"2249":6,"2250":5,"2253":1,"2262":1,"2264":2,"2265":2,"2266":1,"2270":3,"2271":2,"2272":2,"2273":2,"2274":1,"2276":5,"2277":2,"2278":5,"2279":1,"2280":1,"2281":1,"2282":2,"2283":1,"2284":2,"2285":4,"2286":4,"2287":3,"2288":4,"2289":5,"2290":4,"2291":3,"2292":4,"2293":1,"2294":2,"2295":5,"2296":4,"2297":2,"2298":1,"2299":3,"2300":6,"2301":3,"2302":9,"2303":8,"2304":4,"2305":11,"2306":7,"2307":6,"2308":7,"2309":5,"2310":2,"2311":4,"2312":4,"2313":2,"2314":1,"2315":3,"2316":4,"2318":6,"2319":7,"2320":5,"2321":9,"2322":5,"2323":4,"2324":2,"2325":2,"2328":3,"2329":3,"2330":1,"2331":5,"2332":2,"2333":4,"2334":5,"2335":4,"2336":2,"2337":7,"2338":4,"2339":1,"2344":2,"2345":1,"2346":1,"2347":1,"2348":3,"2349":1,"2350":1,"2351":2,"2352":2,"2353":3,"2354":1,"2355":3,"2356":4,"2357":2,"2358":1,"2359":1,"2360":4,"2361":2,"2362":2,"2363":1,"2364":1,"2366":1,"2368":1,"2369":1,"2370":4,"2371":3,"2372":4,"2373":4,"2374":3,"2375":4,"2376":4,"2377":6,"2378":6,"2379":4,"2380":15,"2381":4,"2382":4,"2383":1,"2384":6,"2385":12,"2386":6,"2387":2,"2389":1,"2392":3,"2393":1,"2394":2,"2395":4,"2396":7,"2397":6,"2398":5,"2400":1,"2402":1,"2403":1,"2407":1,"2412":2,"2414":1,"2415":1,"2416":1,"2417":1,"2418":1,"2419":9,"2420":6,"2421":8,"2422":4,"2423":4,"2424":2,"2425":4,"2426":1,"2427":2,"2428":2,"2429":3,"2436":1,"2437":1,"2438":2,"2439":1,"2440":4,"2441":1,"2443":1,"2444":1,"2446":2,"2447":1,"2450":2,"2451":1,"2452":4,"2453":2,"2454":3,"2455":2,"2456":1,"2457":2,"2458":3,"2459":3,"2460":2,"2461":4,"2462":8,"2463":15,"2464":16,"2465":8,"2466":9,"2467":5,"2468":9,"2469":1,"2472":4,"2473":4,"2474":7,"2475":3,"2476":4,"2477":2,"2478":1,"2480":5,"2481":5,"2482":1,"2483":1,"2485":4,"2486":5,"2487":7,"2489":3,"2490":3,"2491":1,"2493":1,"2494":2,"2495":2,"2497":4,"2498":1,"2499":3,"2500":2,"2501":3,"2502":4,"2503":1,"2504":5,"2505":5,"2506":4,"2508":1,"2509":3,"2510":8,"2511":1,"2512":3,"2513":1,"2516":2,"2518":1,"2519":2,"2520":4,"2521":3,"2522":2,"2523":4,"2524":2,"2525":2,"2526":5,"2528":1,"2530":2,"2531":1,"2532":5,"2533":1,"2535":2,"2538":2,"2539":1,"2540":6,"2541":3,"2542":3,"2543":3,"2544":1,"2545":2,"2546":2,"2547":2,"2548":2,"2549":2,"2552":1,"2554":2,"2555":3,"2556":4,"2557":2,"2558":2,"2559":2,"2560":4,"2561":3,"2562":3,"2563":2,"2564":5,"2565":2,"2566":3,"2567":4,"2568":1,"2569":10,"2570":6,"2571":5,"2572":6,"2574":1,"2575":6,"2576":3,"2577":3,"2578":5,"2579":2,"2580":1,"2581":1,"2582":1,"2583":4,"2584":5,"2585":1,"2586":5,"2587":5,"2588":2,"2590":3,"2591":1,"2592":1,"2593":3,"2594":4,"2595":6,"2596":2,"2597":3,"2598":7,"2599":2,"2600":2,"2601":2,"2602":3,"2603":3,"2604":3,"2605":5,"2606":3,"2607":7,"2608":4,"2609":2,"2610":1,"2611":1,"2612":1,"2613":2,"2614":4,"2615":1,"2616":3,"2617":2,"2618":2,"2619":1,"2620":2,"2621":3,"2622":6,"2623":2,"2624":4,"2625":3,"2626":2,"2627":4,"2628":3,"2630":4,"2631":7,"2632":2,"2633":2,"2634":2,"2635":2,"2636":3,"2637":5,"2638":7,"2639":3,"2640":3,"2641":5,"2642":1,"2643":3,"2645":1,"2646":3,"2647":4,"2648":3,"2649":6,"2650":6,"2651":3,"2652":7,"2653":3,"2654":7,"2655":5,"2656":1,"2657":4,"2658":3,"2659":5,"2661":4,"2662":4,"2663":1,"2664":2,"2665":1,"2666":3,"2667":5,"2668":7,"2669":5,"2670":3,"2671":5,"2672":5,"2673":7,"2674":5,"2676":4,"2677":2,"2679":6,"2680":4,"2681":5,"2682":7,"2683":3,"2684":1,"2685":1,"2686":1,"2687":3,"2688":2,"2689":1,"2690":3,"2691":3,"2692":6,"2693":1,"2694":7,"2695":5,"2696":3,"2697":3,"2698":5,"2699":2,"2700":3,"2701":3,"2702":3,"2705":2,"2706":1,"2707":1,"2708":2,"2709":2,"2710":1,"2712":1,"2713":3,"2714":6,"2715":3,"2716":2,"2717":2,"2718":1,"2719":4,"2720":1,"2721":1,"2722":4,"2723":2,"2724":1,"2725":3,"2726":4,"2727":2,"2728":6,"2729":2,"2730":3,"2731":5,"2732":2,"2733":3,"2734":2,"2735":3,"2736":5,"2737":2,"2739":3,"2740":8,"2741":2,"2742":1,"2743":1,"2744":3,"2745":8,"2746":4,"2747":3,"2748":3,"2749":5,"2750":5,"2751":1,"2752":3,"2753":4,"2754":6,"2755":2,"2756":4,"2757":4,"2758":5,"2759":4,"2760":1,"2761":3,"2762":5,"2763":5,"2764":4,"2765":2,"2766":2,"2767":2,"2768":11,"2769":3,"2770":5,"2771":1,"2772":2,"2773":3,"2774":2,"2775":7,"2776":2,"2777":2,"2778":2,"2779":2,"2780":2,"2781":4,"2783":1,"2785":4,"2786":3,"2787":11,"2788":3,"2789":6,"2790":4,"2793":1,"2795":2,"2796":1,"2797":3,"2798":4,"2799":4,"2800":4,"2801":1,"2802":3,"2803":3,"2804":2,"2806":3,"2807":2,"2808":7,"2809":3,"2810":5,"2811":2,"2812":2,"2813":5,"2814":3,"2815":4,"2816":3,"2817":5,"2818":2,"2820":5,"2821":1,"2822":6,"2823":2,"2824":2,"2825":4,"2826":6,"2827":4,"2828":5,"2829":4,"2830":5,"2831":7,"2832":5,"2833":7,"2834":4,"2835":8,"2836":6,"2837":4,"2838":5,"2839":6,"2840":3,"2841":8,"2842":6,"2843":2,"2844":3,"2845":2,"2846":1,"2847":3,"2848":1,"2849":2,"2850":3,"2851":5,"2852":4,"2853":2,"2855":1,"2856":1,"2857":3,"2858":5,"2859":2,"2860":3,"2861":2,"2862":7,"2863":3,"2864":4,"2865":6,"2866":2,"2868":4,"2869":2,"2870":3,"2871":7,"2872":3,"2873":5,"2874":1,"2875":4,"2876":7,"2877":3,"2878":1,"2879":4,"2880":5,"2881":4,"2882":4,"2883":2,"2884":4,"2885":3,"2886":6,"2887":1,"2888":3,"2889":5,"2891":2,"2892":2,"2893":4,"2894":6,"2895":2,"2896":6,"2897":5,"2898":9,"2899":10,"2900":10,"2901":12,"2902":14,"2903":6,"2904":7,"2905":2,"2906":4,"2907":8,"2908":6,"2909":3,"2910":2,"2911":2,"2912":2,"2913":2,"2914":7,"2915":3,"2916":3,"2917":4,"2918":4,"2919":6,"2920":2,"2921":2,"2922":2,"2925":3,"2927":4,"2928":5,"2929":4,"2930":6,"2931":3,"2932":7,"2933":2,"2934":2,"2935":8,"2936":7,"2937":2,"2938":1,"2939":2,"2940":4,"2941":3,"2942":4,"2943":6,"2944":8,"2945":2,"2946":7,"2947":3,"2948":4,"2949":8,"2950":2,"2951":4,"2952":7,"2953":7,"2954":7,"2955":3,"2956":4,"2957":8,"2958":9,"2959":9,"2960":4,"2961":9,"2962":2,"2963":5,"2964":5,"2965":3,"2966":2,"2967":4,"2968":2,"2969":6,"2970":3,"2971":4,"2972":4,"2973":4,"2974":3,"2975":2,"2977":3,"2978":4,"2979":6,"2980":9,"2981":3,"2982":5,"2983":5,"2984":9,"2985":2,"2986":9,"2987":5,"2988":8,"2989":5,"2990":4,"2991":5,"2992":7,"2993":6,"2994":3,"2995":8,"2996":8,"2997":9,"2998":1,"2999":7,"3000":4,"3001":11,"3002":10,"3003":6,"3004":2,"3005":8,"3006":2,"3007":8,"3008":6,"3009":5,"3010":13,"3011":12,"3012":9,"3013":8,"3014":12,"3015":3,"3016":4,"3017":7,"3018":4,"3019":3,"3020":3,"3021":3,"3022":1,"3023":4,"3024":5,"3025":5,"3026":9,"3027":6,"3028":8,"3029":12,"3030":10,"3031":9,"3032":7,"3033":8,"3034":4,"3035":7,"3036":8,"3037":8,"3038":5,"3039":7,"3040":7,"3041":2,"3042":9,"3043":9,"3044":9,"3045":5,"3046":7,"3047":4,"3048":13,"3049":8,"3050":8,"3051":4,"3052":8,"3053":3,"3054":4,"3055":4,"3056":5,"3057":5,"3058":2,"3059":10,"3060":9,"3061":4,"3062":7,"3063":8,"3064":12,"3065":3,"3066":1,"3067":4,"3068":13,"3069":4,"3070":1,"3071":3,"3072":5,"3073":5,"3074":8,"3075":7,"3076":5,"3077":4,"3078":6,"3079":11,"3080":4,"3081":7,"3082":5,"3083":5,"3084":7,"3085":7,"3086":2,"3087":6,"3088":7,"3089":2,"3090":5,"3091":7,"3092":4,"3093":5,"3094":12,"3095":8,"3096":14,"3097":10,"3098":6,"3099":9,"3100":8,"3101":4,"3102":6,"3103":12,"3104":4,"3105":5,"3106":8,"3107":9,"3108":11,"3109":6,"3110":4,"3111":6,"3112":6,"3114":7,"3115":7,"3116":6,"3117":6,"3118":3,"3119":3,"3120":2,"3121":6,"3122":5,"3123":4,"3124":4,"3125":13,"3126":10,"3127":6,"3128":9,"3129":6,"3130":8,"3131":9,"3132":6,"3133":5,"3134":5,"3135":1,"3136":5,"3137":8,"3138":6,"3139":13,"3140":12,"3141":5,"3142":6,"3143":18,"3144":12,"3145":6,"3146":6,"3147":2,"3148":14,"3149":5,"3150":2,"3151":4,"3152":9,"3153":4,"3154":5,"3155":10,"3156":4,"3157":7,"3158":10,"3159":6,"3160":10,"3161":10,"3162":10,"3163":10,"3164":11,"3165":14,"3166":6,"3167":7,"3168":10,"3169":3,"3170":4,"3171":10,"3172":4,"3173":13,"3174":12,"3175":10,"3176":6,"3177":13,"3178":7,"3179":11,"3180":5,"3181":10,"3182":8,"3183":13,"3184":5,"3185":10,"3186":3,"3187":1,"3188":10,"3189":1,"3190":14,"3191":9,"3192":11,"3193":10,"3194":3,"3195":5,"3196":4,"3197":10,"3198":5,"3199":11,"3200":11,"3201":8,"3202":5,"3203":13,"3204":6,"3205":11,"3206":11,"3207":11,"3208":10,"3209":9,"3210":14,"3211":9,"3212":9,"3213":7,"3214":4,"3215":8,"3216":8,"3217":6,"3218":5,"3219":10,"3220":8,"3221":10,"3222":1,"3223":9,"3224":6,"3225":10,"3226":10,"3227":13,"3228":9,"3229":10,"3230":11,"3231":11,"3232":4,"3233":10,"3234":10,"3235":9,"3236":4,"3237":8,"3238":10,"3239":10,"3240":14,"3241":11,"3242":14,"3243":16,"3244":8,"3245":16,"3246":11,"3247":10,"3248":12,"3249":8,"3250":7,"3251":16,"3252":13,"3253":8,"3254":10,"3255":5,"3256":5,"3257":7,"3258":17,"3259":10,"3260":12,"3261":8,"3262":7,"3263":13,"3264":10,"3265":14,"3266":13,"3267":17,"3268":9,"3269":7,"3270":10,"3271":9,"3272":8,"3273":4,"3274":7,"3275":17,"3276":13,"3277":7,"3278":5,"3279":9,"3280":7,"3281":7,"3282":7,"3283":4,"3284":14,"3285":9,"3286":8,"3287":10,"3288":10,"3289":15,"3290":9,"3291":9,"3292":10,"3293":8,"3294":15,"3295":18,"3296":16,"3297":22,"3298":39,"3299":31,"3300":44,"3301":43,"3302":34,"3303":28,"3304":47,"3305":37,"3306":34,"3307":20,"3308":13,"3309":21,"3310":23,"3311":18,"3312":11,"3313":11,"3314":13,"3315":9,"3316":5,"3317":12,"3318":13,"3319":12,"3320":14,"3321":18,"3322":23,"3323":9,"3324":10,"3325":15,"3326":16,"3327":19,"3328":13,"3329":19,"3330":18,"3331":15,"3332":14,"3333":8,"3334":13,"3335":11,"3336":12,"3337":11,"3338":15,"3339":8,"3340":7,"3341":4,"3342":9,"3343":5,"3344":10,"3345":9,"3346":10,"3347":5,"3348":12,"3349":8,"3350":9,"3351":12,"3352":5,"3353":7,"3354":9,"3355":9,"3356":3,"3357":4,"3358":10,"3359":11,"3360":3,"3361":7,"3362":7,"3363":13,"3364":8,"3365":6,"3366":4,"3367":15,"3368":10,"3369":5,"3370":15,"3371":15,"3372":5,"3373":10,"3374":15,"3375":21,"3376":9,"3377":9,"3378":5,"3379":13,"3380":16,"3381":12,"3382":5,"3383":9,"3384":5,"3385":4,"3386":10,"3387":3,"3388":10,"3389":8,"3390":12,"3391":12,"3392":11,"3393":10,"3394":12,"3395":9,"3396":8,"3397":8,"3398":10,"3399":6,"3400":10,"3401":4,"3402":8,"3403":8,"3404":3,"3405":7,"3406":7,"3407":6,"3408":4,"3409":8,"3410":10,"3411":4,"3412":11,"3413":6,"3414":7,"3415":4,"3416":5,"3417":5,"3418":8,"3419":5,"3420":10,"3421":8,"3422":8,"3423":11,"3424":10,"3425":12,"3426":18,"3427":6,"3428":10,"3429":8,"3430":4,"3431":7,"3432":5,"3433":5,"3434":5,"3435":10,"3436":11,"3437":10,"3438":10,"3439":5,"3440":5,"3441":4,"3442":7,"3443":4,"3444":7,"3445":8,"3446":10,"3447":5,"3448":7,"3449":11,"3450":12,"3451":6,"3452":11,"3453":8,"3454":10,"3455":9,"3456":4,"3457":11,"3458":9,"3459":7,"3460":6,"3461":4,"3462":12,"3463":10,"3464":9,"3465":5,"3466":13,"3467":6,"3468":3,"3469":4,"3470":6,"3471":9,"3472":6,"3473":5,"3474":6,"3475":8,"3476":8,"3477":3,"3478":8,"3479":7,"3480":8,"3481":9,"3482":8,"3483":7,"3484":7,"3485":4,"3486":10,"3487":7,"3488":8,"3489":7,"3490":10,"3491":7,"3492":4,"3493":12,"3494":8,"3495":6,"3496":6,"3497":6,"3498":4,"3499":5,"3500":12,"3501":10,"3502":7,"3503":3,"3504":3,"3505":8,"3506":7,"3507":8,"3508":8,"3509":9,"3510":12,"3511":14,"3512":8,"3513":15,"3514":7,"3515":13,"3516":9,"3517":13,"3518":4,"3519":4,"3520":5,"3521":7,"3522":2,"3523":1,"3524":1,"3525":5,"3526":6,"3527":15,"3528":8,"3529":5,"3530":10,"3531":10,"3532":5,"3533":12,"3534":8,"3535":3,"3536":12,"3537":6,"3538":12,"3539":12,"3540":13,"3541":6,"3542":5,"3543":11,"3544":4,"3545":15,"3546":8,"3547":6,"3548":9,"3549":7,"3550":7,"3551":5,"3552":9,"3553":6,"3554":5,"3555":7,"3556":4,"3557":2,"3558":6,"3559":9,"3560":6,"3561":11,"3562":8,"3563":6,"3564":9,"3565":9,"3566":11,"3567":4,"3568":13,"3569":1,"3570":7,"3571":6,"3572":7,"3573":9,"3574":10,"3575":7,"3576":2,"3577":4,"3578":11,"3579":5,"3580":8,"3581":4,"3582":6,"3583":4,"3584":6,"3585":5,"3586":6,"3587":1,"3588":6,"3589":2,"3590":6,"3591":7,"3592":6,"3593":6,"3594":5,"3595":8,"3596":11,"3597":4,"3598":12,"3599":7,"3600":3,"3601":9,"3602":5,"3603":13,"3604":5,"3605":5,"3606":6,"3607":13,"3608":10,"3609":10,"3610":11,"3611":12,"3612":5,"3613":7,"3614":6,"3615":7,"3616":4,"3617":1,"3618":5,"3619":8,"3620":12,"3621":7,"3622":11,"3623":10,"3624":5,"3625":2,"3626":1,"3627":1,"3628":4,"3629":9,"3630":1,"3631":7,"3632":6,"3633":9,"3634":9,"3635":5,"3636":11,"3637":7,"3638":2,"3639":3,"3640":6,"3641":9,"3642":8,"3643":5,"3644":9,"3645":8,"3646":12,"3647":6,"3648":11,"3649":7,"3650":8,"3651":8,"3652":8,"3653":10,"3654":7,"3655":4,"3656":8,"3658":2,"3659":1,"3660":5,"3661":10,"3662":1,"3663":3,"3664":6,"3665":6,"3666":5,"3667":3,"3668":4,"3669":8,"3670":9,"3671":8,"3672":5,"3673":6,"3674":7,"3675":7,"3676":8,"3677":5,"3678":5,"3679":6,"3680":4,"3681":5,"3682":7,"3683":7,"3684":11,"3685":2,"3686":5,"3687":6,"3688":8,"3689":6,"3690":8,"3691":8,"3692":10,"3693":5,"3694":6,"3695":6,"3696":11,"3697":3,"3698":2,"3699":6,"3700":3,"3701":7,"3702":7,"3703":6,"3704":6,"3705":6,"3706":9,"3707":5,"3708":7,"3709":7,"3710":10,"3711":6,"3712":4,"3713":9,"3714":7,"3715":3,"3716":3,"3717":3,"3718":6,"3719":6,"3720":4,"3721":5,"3722":6,"3723":4,"3724":5,"3725":4,"3726":6,"3727":5,"3728":5,"3729":9,"3730":7,"3731":6,"3732":1,"3733":3,"3734":5,"3735":5,"3736":3,"3737":8,"3738":5,"3739":2,"3740":7,"3741":5,"3742":5,"3743":4,"3744":4,"3745":8,"3746":11,"3747":10,"3748":9,"3749":5,"3750":8,"3751":4,"3752":5,"3753":4,"3754":8,"3755":2,"3756":4,"3757":3,"3758":3,"3759":10,"3760":9,"3761":5,"3762":11,"3763":10,"3764":9,"3765":4,"3766":2,"3767":2,"3768":7,"3769":3,"3770":1,"3771":2,"3772":14,"3773":5,"3774":7,"3775":8,"3776":6,"3777":2,"3778":6,"3779":8,"3780":6,"3781":9,"3782":3,"3783":4,"3784":6,"3785":5,"3786":5,"3788":5,"3789":1,"3790":7,"3791":4,"3792":5,"3793":6,"3794":10,"3795":5,"3796":6,"3797":10,"3798":14,"3799":12,"3800":8,"3801":16,"3802":12,"3803":9,"3804":6,"3805":6,"3806":7,"3807":2,"3808":6,"3809":5,"3810":3,"3811":5,"3812":4,"3813":8,"3814":5,"3815":8,"3816":7,"3817":3,"3818":4,"3819":5,"3820":6,"3821":7,"3822":13,"3823":11,"3824":8,"3825":7,"3826":3,"3827":6,"3828":3,"3829":5,"3830":4,"3831":6,"3832":4,"3833":5,"3834":5,"3835":7,"3836":3,"3837":3,"3838":4,"3839":3,"3840":10,"3841":5,"3842":4,"3843":3,"3844":3,"3845":9,"3846":3,"3847":6,"3848":2,"3849":6,"3850":6,"3851":6,"3852":4,"3853":4,"3854":6,"3855":3,"3856":4,"3857":3,"3858":2,"3859":4,"3860":2,"3861":4,"3862":7,"3863":5,"3864":4,"3865":6,"3866":5,"3867":3,"3868":6,"3869":4,"3870":4,"3871":14,"3872":5,"3873":10,"3874":9,"3875":6,"3876":9,"3877":4,"3878":4,"3879":4,"3880":7,"3881":1,"3882":3,"3883":1,"3884":3,"3885":4,"3886":7,"3887":7,"3888":6,"3889":5,"3890":4,"3891":4,"3892":5,"3893":2,"3894":6,"3895":6,"3896":3,"3897":6,"3898":1,"3899":7,"3900":2,"3901":4,"3902":4,"3903":2,"3904":6,"3905":2,"3906":4,"3907":4,"3908":4,"3909":1,"3910":3,"3911":1,"3912":3,"3913":5,"3914":5,"3915":4,"3916":4,"3917":1,"3918":8,"3919":4,"3920":6,"3921":3,"3922":4,"3923":5,"3924":8,"3925":6,"3926":2,"3927":2,"3928":2,"3929":1,"3930":1,"3932":2,"3933":2,"3934":1,"3935":3,"3936":2,"3937":3,"3938":1,"3939":3,"3940":4,"3941":3,"3942":3,"3944":1,"3945":3,"3946":3,"3947":3,"3948":7,"3949":2,"3950":2,"3951":10,"3952":9,"3953":4,"3954":2,"3955":3,"3956":4,"3957":4,"3959":2,"3960":3,"3961":3,"3963":5,"3964":1,"3966":1,"3967":4,"3968":1,"3970":2,"3971":3,"3972":3,"3973":2,"3974":4,"3975":4,"3976":1,"3977":1,"3978":2,"3980":3,"3981":7,"3982":7,"3983":4,"3984":3,"3985":5,"3986":6,"3987":6,"3988":1,"3989":6,"3990":1,"3991":2,"3992":3,"3993":4,"3994":2,"3995":6,"3996":5,"3997":5,"3998":1,"3999":1,"4000":4,"4001":1,"4002":7,"4003":5,"4005":3,"4006":1,"4007":3,"4008":2,"4009":1,"4010":3,"4011":2,"4012":1,"4013":3,"4014":1,"4015":1,"4017":2,"4020":1,"4021":1,"4022":4,"4023":2,"4024":1,"4025":2,"4026":6,"4027":1,"4029":1,"4031":2,"4032":2,"4033":1,"4034":1,"4039":2,"4041":1,"4044":2,"4046":4,"4048":1,"4050":1,"4054":1,"4057":1,"4060":1,"4061":1,"4062":1,"4063":3,"4065":1,"4067":1,"4071":1,"4072":1,"4073":2,"4074":1,"4076":1,"4078":1,"4079":4,"4080":3,"4081":1,"4082":3,"4083":1,"4084":3,"4085":1,"4086":1,"4088":4,"4089":3,"4090":5,"4091":1,"4092":5,"4093":6,"4094":10,"4095":3,"4096":4,"4097":2,"4098":2,"4100":1,"4102":1,"4104":1,"4105":1,"4106":2,"4107":1,"4108":1,"4109":2,"4110":1,"4111":2,"4113":4,"4114":2,"4115":4,"4116":2,"4117":4,"4118":6,"4119":3,"4120":3,"4126":1,"4127":2,"4128":2,"4129":3,"4130":3,"4133":3,"4134":4,"4136":1,"4137":2,"4138":2,"4140":1,"4146":2,"4148":1,"4152":1,"4158":1,"4161":1,"4163":1,"4164":1,"4168":1,"4171":1,"4172":2,"4174":2,"4175":1,"4176":1,"4179":1,"4180":1,"4182":1,"4183":1,"4184":2,"4185":2,"4187":2,"4188":1,"4189":1,"4193":1,"4194":2,"4195":1,"4196":1,"4197":1,"4199":2,"4200":2,"4202":2,"4204":4,"4207":2,"4208":3,"4211":1,"4212":4,"4213":2,"4214":2,"4215":2,"4216":2,"4217":1,"4218":1,"4219":1,"4220":2,"4221":1,"4222":2,"4223":1,"4224":5,"4225":3,"4226":2,"4227":1,"4228":2,"4229":2,"4231":1,"4234":4,"4235":2,"4236":2,"4237":2,"4239":2,"4241":1,"4242":3,"4243":5,"4244":1,"4245":1,"4247":1,"4250":1,"4251":2,"4252":3,"4254":1,"4255":1,"4256":2,"4263":3,"4264":4,"4269":4,"4270":3,"4271":2,"4275":3,"4276":1,"4277":2,"4278":3,"4280":4,"4283":1,"4285":4,"4286":6,"4287":6,"4288":2,"4289":6,"4290":1,"4291":2,"4292":3,"4293":1,"4295":1,"4296":2,"4297":4,"4298":2,"4299":1,"4300":3,"4301":1,"4302":1,"4303":2,"4305":5,"4306":1,"4307":1,"4309":1,"4310":1,"4311":1,"4312":1,"4314":4,"4315":1,"4316":1,"4317":2,"4318":4,"4319":4,"4320":2,"4321":2,"4322":1,"4324":1,"4325":3,"4326":2,"4327":2,"4328":1,"4329":1,"4330":2,"4331":1,"4332":3,"4333":1,"4334":1,"4336":2,"4337":2,"4338":3,"4339":2,"4340":1,"4341":3,"4342":1,"4343":1,"4344":1,"4345":1,"4346":1,"4348":2,"4349":1,"4351":3,"4352":1,"4353":3,"4354":2,"4355":3,"4356":7,"4357":2,"4358":3,"4359":5,"4360":1,"4361":1,"4362":13,"4363":1,"4367":1,"4368":3,"4369":4,"4371":1,"4372":1,"4373":1,"4374":1,"4375":1,"4376":4,"4378":5,"4379":2,"4380":3,"4381":3,"4382":7,"4383":3,"4386":3,"4387":4,"4388":4,"4390":10,"4391":2,"4392":3,"4393":1,"4394":1,"4395":2,"4397":1,"4398":2,"4399":1,"4400":3,"4401":2,"4402":6,"4403":3,"4404":5,"4405":3,"4406":3,"4407":3,"4408":1,"4409":1,"4410":1,"4412":1,"4413":2,"4415":5,"4416":2,"4417":2,"4418":2,"4421":2,"4423":2,"4424":2,"4425":6,"4427":1,"4428":2,"4429":3,"4430":2,"4431":3,"4432":1,"4433":5,"4434":3,"4435":1,"4436":1,"4437":3,"4438":3,"4439":9,"4440":4,"4441":4,"4442":2,"4443":1,"4444":3,"4445":6,"4446":4,"4447":6,"4448":3,"4449":2,"4450":5,"4451":4,"4452":7,"4453":9,"4454":4,"4455":3,"4456":1,"4457":2,"4458":1,"4461":1,"4463":2,"4464":5,"4465":2,"4466":3,"4467":3,"4468":2,"4470":1,"4471":2,"4473":3,"4474":3,"4475":4,"4476":3,"4477":1,"4478":1,"4480":4,"4481":5,"4482":2,"4483":3,"4484":1,"4485":3,"4486":3,"4487":2,"4490":3,"4491":3,"4492":4,"4493":2,"4494":3,"4497":1,"4498":3,"4499":2,"4500":3,"4501":4,"4502":3,"4503":1,"4505":3,"4506":2,"4507":4,"4508":2,"4509":2,"4510":4,"4511":3,"4512":5,"4513":2,"4514":6,"4515":3,"4516":4,"4517":6,"4518":5,"4519":4,"4520":5,"4521":1,"4522":1,"4523":1,"4526":1,"4527":2,"4529":1,"4530":3,"4531":1,"4532":2,"4535":3,"4536":2,"4538":3,"4539":2,"4540":2,"4541":2,"4543":3,"4544":1,"4545":1,"4546":2,"4547":1,"4548":1,"4549":1,"4551":2,"4552":2,"4553":1,"4554":1,"4556":2,"4558":3,"4559":1,"4560":1,"4561":2,"4564":2,"4567":4,"4568":2,"4569":1,"4570":1,"4571":3,"4572":4,"4573":3,"4574":1,"4575":2,"4577":4,"4578":1,"4579":1,"4580":2,"4581":1,"4582":1,"4583":4,"4584":2,"4585":1,"4587":1,"4589":1,"4591":2,"4593":4,"4594":4,"4595":5,"4596":2,"4597":5,"4598":4,"4599":3,"4600":7,"4601":4,"4602":4,"4603":1,"4604":6,"4605":2,"4606":7,"4607":5,"4608":2,"4609":9,"4610":9,"4611":2,"4612":2,"4613":1,"4614":1,"4617":3,"4618":3,"4619":2,"4621":2,"4622":3,"4623":2,"4624":2,"4626":3,"4627":8,"4628":8,"4629":5,"4630":7,"4631":1,"4634":2,"4635":1,"4637":1,"4638":2,"4640":2,"4641":3,"4642":2,"4645":3,"4646":3,"4647":2,"4648":1,"4649":1,"4650":5,"4651":2,"4652":3,"4653":3,"4654":5,"4655":4,"4656":5,"4657":1,"4658":5,"4659":8,"4660":5,"4661":7,"4662":5,"4663":3,"4664":1,"4665":2,"4667":1,"4669":2,"4670":7,"4671":1,"4672":1,"4673":3,"4676":1,"4679":3,"4680":1,"4682":12,"4683":2,"4685":1,"4686":2,"4689":1,"4690":1,"4697":1,"4698":3,"4700":1,"4704":1,"4705":1,"4706":1,"4708":1,"4709":1,"4716":1,"4717":5,"4718":3,"4719":2,"4720":1,"4721":1,"4724":3,"4725":2,"4726":1,"4730":1,"4732":1,"4733":1,"4735":1,"4736":2,"4738":1,"4740":1,"4741":1,"4742":2,"4744":3,"4746":2,"4747":1,"4749":1,"4752":1,"4754":4,"4755":1,"4756":11,"4757":3,"4758":1,"4764":1,"4771":1,"4772":1,"4773":1,"4774":1,"4776":1,"4782":1,"4794":1,"4801":1,"4804":1,"4807":1,"4815":3,"4817":1,"4819":2,"4822":1,"4823":1,"4825":3,"4827":1,"4828":2,"4829":1,"4830":1,"4832":1,"4835":1,"4836":1,"4837":1,"4838":1,"4840":1,"4841":1,"4842":1,"4847":2,"4849":1,"4851":1,"4852":1,"4854":1,"4855":3,"4856":1,"4858":6,"4859":1,"4860":3,"4861":1,"4863":1,"4865":2,"4867":2,"4868":2,"4869":1,"4873":2,"4874":1,"4875":1,"4877":1,"4878":1,"4880":1,"4881":1,"4882":5,"4883":4,"4884":1,"4885":1,"4919":1,"4921":1,"4923":1,"4925":1,"4927":1,"4929":1,"4930":1,"4933":1,"4934":2,"4942":2,"4943":2,"4947":1,"4948":1,"4950":1,"4952":1,"4953":1,"4957":1,"4961":1,"4964":1,"4970":1,"4972":1,"4975":2,"4976":1,"4977":1,"4979":1,"4981":1,"4989":1,"4991":3,"4999":2,"5006":1,"5007":1,"5011":1,"5012":1,"5014":1,"5021":1,"5026":2,"5029":1,"5030":2,"5031":1,"5032":1,"5033":1,"5035":1,"5037":2,"5038":1,"5041":1,"5043":3,"5044":1,"5045":1,"5046":1,"5048":2,"5050":2,"5051":1,"5052":3,"5053":1,"5056":3,"5057":1,"5058":1,"5060":1,"5061":1,"5065":2,"5067":2,"5068":1,"5070":1,"5072":2,"5073":2,"5075":3,"5076":3,"5077":1,"5079":1,"5080":1,"5082":1,"5083":1,"5084":1,"5086":2,"5087":1,"5089":3,"5090":1,"5091":1,"5092":4,"5097":2,"5099":1,"5101":1,"5102":2,"5107":1,"5196":1,"5200":1,"5491":2,"5817":1,"6158":1,"6768":2,"6770":1,"6791":1,"6804":1,"6806":1,"6817":1,"6841":1,"6842":1,"6843":1,"6876":1,"6920":1,"7087":1,"7406":1,"7516":1,"7600":1,"7750":1,"7956":1,"8060":1,"8131":1,"8666":1,"10195":1,"10295":1,"10399":1,"10619":1,"10968":1,"11715":1,"11839":1,"11931":1,"12004":1,"12016":1,"12611":1,"12668":1,"12802":1,"12973":1,"12983":1,"13269":1,"13297":1,"13301":1,"13305":1,"13307":2,"13308":1,"13310":1,"13320":1,"13322":1,"13324":1,"13325":1,"13328":1,"13332":1,"13336":1,"13339":2,"13340":1,"13341":1,"13343":3,"13346":2,"13347":2,"13349":1,"13351":2,"13353":2,"13354":2,"13356":3,"13358":1,"13361":4,"13362":2,"13363":1,"13367":1,"13373":1,"13374":2,"13375":1,"13377":1,"13378":1,"13379":2,"13380":1,"13384":2,"13385":2,"13387":1,"13388":1,"13391":4,"13393":1,"13394":4,"13396":3,"13397":1,"13405":1,"13412":1,"13415":2,"13419":5,"13420":1,"13421":2,"13422":3,"13423":1,"13438":3,"13439":3,"13440":2,"13441":2,"13442":1,"13444":1,"13450":2,"13453":1,"13454":1,"13455":1,"13456":1,"13458":1,"13459":1,"13460":5,"13461":2,"13462":2,"13465":1,"13470":1,"13472":1,"13474":4,"13475":2,"13476":1,"13477":5,"13481":1,"13482":1,"13483":1,"13493":2,"13497":1,"13502":1,"13510":1,"13512":4,"13514":2,"13518":2,"13519":1,"13526":1,"13528":1,"13529":2,"13530":2,"13532":1,"13533":3,"13534":1,"13536":1,"13537":1,"13538":1,"13540":1,"13541":2,"13547":1,"13550":2,"13553":1,"13555":1,"13557":1,"13562":1,"13577":1,"13578":1,"13596":1,"13615":1,"13623":1,"13626":1,"13639":1,"13640":1,"13656":1,"13680":1,"13690":1,"13731":1,"13734":1,"13750":1,"13861":1,"13881":1,"13882":1,"13884":1,"13885":1,"13886":1,"13887":1,"13888":1,"13889":1,"13890":2,"13891":2,"13892":3,"13893":1,"13901":2,"13902":2,"13907":1,"13908":4,"13909":1,"13918":1,"13920":2,"13923":1,"13925":1,"13930":2,"13931":1,"13940":1,"13941":1,"13942":1,"13945":4,"13946":4,"13947":3,"13958":5,"13959":2,"13971":1,"13975":1,"13976":2,"13977":1,"13978":2,"13979":1,"13981":2,"14003":1,"14004":5,"14005":3,"14006":2,"14007":2,"14021":2,"14022":4,"14023":1,"14024":1,"14034":1,"14035":1,"14040":1,"14045":2,"14046":1,"14047":1,"14048":1,"14055":4,"14056":2,"14057":1,"14058":1,"14063":2,"14064":1,"14094":2,"14095":4,"14096":3,"14097":2,"14099":2,"14102":3,"14103":1,"14104":3,"14107":1,"14110":2,"14111":1,"14112":1,"14113":1,"14114":2,"14115":1,"14119":1,"14120":1,"14121":2,"14122":2,"14130":1,"14259":1,"14295":1,"14722":1,"15379":1,"15557":1,"15711":1,"16082":1,"16934":1,"22312":1,"24370":1,"26228":1,"26842":1,"27188":1,"27325":1,"27759":1,"28030":1,"28261":1,"28720":1,"28723":1,"28724":1,"28735":1,"28743":1,"28748":1,"28765":1,"28782":1,"28783":1,"28791":1,"28808":1,"28810":1,"28812":1,"28819":1,"28837":1,"28842":1,"28854":1,"28855":2,"28856":1,"28863":1,"28866":1,"28867":1,"28873":1,"28880":1,"28886":1,"28889":1,"28897":1,"28902":1,"28906":1,"28908":1,"28911":1,"28914":1,"28924":1,"28925":1,"28932":1,"28943":1,"28947":1,"28949":1,"28973":1,"28975":1,"28978":1,"28982":1,"28988":1,"28990":3,"28999":1,"29011":1,"29014":1,"29035":1,"29036":1,"29044":1,"29061":2,"29062":1,"29065":1,"29077":2,"29090":1,"29092":1,"29105":1,"29111":1,"29117":1,"29118":1,"29125":1,"29131":1,"29133":1,"29138":1,"29144":1,"29150":1,"29158":1,"29160":1,"29161":1,"29168":1,"29171":1,"29177":2,"29181":1,"29200":2,"29206":1,"29211":1,"29215":2,"29218":1,"29219":1,"29227":1,"29232":1,"29246":1,"29247":1,"29248":1,"29263":1,"29282":1,"29302":1,"29308":1,"29312":1,"29315":1,"29323":1,"29324":1,"29326":1,"29333":1,"29337":1,"29340":1,"29341":1,"29345":1,"29356":1,"29360":1,"29361":1,"29380":1,"29384":1,"29385":1,"29391":1,"29394":1,"29395":1,"29404":1,"29405":1,"29417":1,"29418":1,"29419":1,"29429":1,"29448":1,"29458":1,"29465":1,"29467":1,"29469":1,"29473":1,"29475":1,"29478":1,"29479":1,"29481":1,"29491":1,"29492":1,"29497":1,"29502":1,"29510":1,"29516":1,"29539":1,"29550":1,"29566":1,"29572":1,"29577":1,"29602":1,"29603":1,"29611":1,"29617":2,"29626":1,"29644":1,"29651":1,"29652":2,"29677":1,"29678":1,"29687":1,"29698":1,"29699":1,"29702":1,"29709":1,"29715":1,"29722":1,"29723":1,"29734":1,"29740":1,"29741":1,"29751":1,"29754":1,"29757":1,"29778":1,"29783":1,"29785":1,"29797":1,"29798":1,"29804":1,"29806":1,"29822":1,"29826":1,"29837":1,"29841":1,"29845":1,"29849":1,"29856":1,"29867":1,"29879":1,"29884":1,"29908":1,"29910":1,"29912":1,"29937":1,"29938":1,"29940":1,"29944":1,"29948":1,"29954":2,"29955":1,"29960":1,"29967":1,"29995":1,"29998":1,"30000":1,"30019":1,"30023":2,"30028":1,"30033":1,"30039":1,"30042":1,"30057":1,"30071":1,"30072":1,"30074":1,"30078":1,"30081":1,"30091":1,"30099":1,"30109":1,"30117":1,"30119":1,"30125":1,"30132":1,"30139":1,"30148":1,"30149":2,"30155":1,"30163":1,"30168":1,"30170":1,"30174":1,"30181":1,"30194":2,"30205":1,"30206":1,"30209":1,"30212":1,"30217":1,"30221":1,"30235":2,"30244":1,"30246":1,"30258":1,"30259":1,"30277":1,"30285":1,"30286":1,"30293":1,"30309":1,"30318":1,"30323":1,"30329":1,"30339":1,"30345":1,"30352":2,"30372":2,"30376":1,"30378":1,"30379":1,"30380":1,"30381":1,"30390":1,"30392":1,"30393":1,"30401":1,"30402":1,"30411":2,"30419":1,"30424":1,"30425":2,"30426":1,"30427":1,"30448":1,"30451":1,"30453":1,"30464":1,"30467":1,"30477":1,"30478":1,"30479":1,"30485":1,"30498":1,"30499":1,"30508":1,"30510":1,"30514":1,"30519":1,"30523":2,"30526":1,"30536":2,"30538":1,"30540":1,"30541":1,"30542":1,"30543":1,"30548":1,"30557":1,"30558":1,"30560":1,"30571":1,"30573":1,"30584":1,"30596":1,"30604":1,"30609":1,"30612":1,"30619":1,"30621":2,"30622":1,"30625":1,"30635":1,"30636":1,"30656":1,"30662":1,"30667":1,"30673":1,"30681":1,"30682":1,"30698":1,"30706":1,"30709":2,"30714":1,"30715":1,"30721":1,"30722":2,"30723":1,"30742":1,"30751":1,"30755":1,"30762":1,"30764":1,"30771":2,"30775":2,"30786":1,"30790":1,"30797":1,"30802":1,"30804":1,"30820":1,"30821":1,"30822":1,"30823":1,"30827":1,"30834":1,"30845":1,"30855":1,"30862":1,"30876":1,"30877":1,"30879":1,"30892":1,"30894":1,"30901":1,"30902":1,"30903":1,"30910":1,"30918":1,"30923":1,"30924":1,"30930":1,"30940":1,"30951":1,"30959":1,"30961":1,"30964":1,"30970":1,"30971":1,"30981":1,"30984":1,"31010":1,"31033":1,"31037":1,"31042":1,"31047":1,"31052":1,"31053":2,"31062":1,"31069":1,"31083":1,"31084":1,"31085":1,"31086":1,"31089":1,"31093":1,"31103":1,"31104":1,"31107":1,"31115":1,"31122":2,"31128":1,"31129":1,"31131":1,"31133":1,"31140":1,"31143":2,"31152":1,"31157":1,"31159":1,"31168":1,"31203":1,"31214":1,"31216":1,"31220":1,"31231":1,"31239":1,"31245":1,"31249":1,"31250":1,"31264":1,"31281":1,"31283":1,"31293":1,"31310":1,"31325":1,"31328":1,"31330":1,"31333":1,"31335":1,"31363":1,"31368":2,"31375":3,"31377":1,"31379":1,"31412":1,"31416":2,"31423":1,"31424":1,"31426":1,"31432":1,"31447":1,"31449":1,"31455":1,"31461":1,"31474":1,"31475":1,"31476":1,"31479":1,"31502":1,"31508":2,"31509":1,"31516":1,"31529":1,"31532":1,"31535":1,"31537":1,"31544":1,"31545":2,"31548":1,"31563":2,"31566":1,"31576":1,"31578":1,"31590":1,"31605":1,"31612":1,"31620":2,"31626":1,"31630":1,"31632":1,"31655":1,"31660":1,"31669":1,"31672":1,"31681":1,"31686":1,"31688":1,"31698":1,"31701":1,"31703":1,"31704":1,"31705":1,"31709":1,"31727":1,"31730":1,"31740":1,"31756":1,"31760":1,"31761":1,"31763":1,"31770":1,"31771":1,"31775":1,"31777":1,"31778":1,"31780":1,"31781":1,"31803":1,"31813":1,"31819":1,"31821":1,"31825":1,"31826":1,"31827":1,"31830":1,"31834":1,"31857":2,"31860":1,"31869":1,"31883":1,"31887":1,"31891":1,"31896":1,"31901":1,"31902":2,"31903":1,"31906":1,"31907":1,"31919":1,"31935":1,"31939":1,"31940":2,"31949":1,"31959":1,"31963":1,"31966":1,"31967":1,"31970":1,"31980":1,"31991":2,"32004":1,"32007":1,"32008":1,"32009":1,"32012":1,"32024":1,"32025":1,"32027":1,"32031":1,"32033":1,"32036":1,"32038":1,"32039":2,"32041":1,"32042":1,"32066":1,"32075":1,"32082":1,"32094":1,"32100":1,"32101":1,"32102":1,"32106":1,"32110":1,"32112":1,"32113":1,"32121":1,"32128":1,"32165":1,"32169":1,"32172":1,"32185":1,"32186":1,"32187":1,"32188":1,"32189":1,"32192":1,"32205":1,"32208":1,"32223":1,"32226":1,"32245":1,"32248":1,"32249":1,"32258":1,"32260":1,"32273":1,"32277":1,"32282":1,"32286":2,"32294":1,"32295":1,"32306":1,"32310":2,"32315":1,"32325":2,"32326":1,"32331":1,"32339":1,"32341":2,"32344":1,"32345":1,"32350":1,"32359":1,"32366":1,"32367":1,"32372":2,"32378":1,"32382":1,"32397":1,"32398":1,"32402":1,"32416":2,"32425":1,"32428":1,"32431":1,"32435":1,"32437":1,"32439":1,"32445":1,"32450":1,"32451":1,"32459":1,"32461":1,"32464":1,"32468":1,"32469":1,"32473":1,"32482":1,"32483":1,"32486":1,"32505":1,"32507":1,"32509":1,"32513":1,"32514":1,"32524":1,"32527":1,"32531":1,"32532":1,"32535":1,"32536":3,"32540":1,"32543":1,"32544":1,"32548":2,"32551":1,"32556":1,"32558":1,"32559":1,"32561":1,"32569":1,"32573":1,"32584":1,"32585":1,"32594":1,"32600":1,"32605":1,"32609":2,"32619":1,"32623":1,"32625":1,"32627":1,"32637":1,"32644":3,"32645":1,"32648":1,"32658":1,"32659":1,"32668":1,"32672":1,"32675":1,"32679":1,"32680":1,"32682":1,"32689":1,"32690":1,"32698":1,"32705":1,"32708":1,"32709":1,"32714":2,"32717":1,"32724":1,"32726":2,"32737":1,"32742":1,"32749":1,"32758":1,"32764":1,"32771":1,"32778":1,"32779":1,"32786":1,"32792":1,"32793":1,"32794":1,"32795":1,"32799":1,"32803":1,"32806":1,"32809":1,"32810":1,"32821":1,"32826":1,"32830":1,"32843":1,"32852":1,"32859":1,"32863":1,"32883":1,"32885":1,"32886":1,"32900":1,"32904":1,"32906":1,"32907":1,"32914":1,"32926":1,"32929":1,"32937":1,"32940":1,"32947":1,"32949":1,"32961":2,"32963":1,"32971":1,"32978":1,"32979":1,"32986":1,"32992":1,"32996":1,"33001":1,"33004":1,"33011":1,"33012":1,"33019":1,"33021":1,"33023":1,"33032":2,"33035":1,"33041":1,"33044":1,"33045":1,"33053":1,"33070":1,"33071":1,"33076":1,"33100":1,"33102":1,"33126":1,"33128":1,"33142":1,"33147":1,"33148":1,"33161":1,"33162":1,"33169":1,"33172":1,"33176":1,"33177":1,"33181":1,"33184":1,"33186":1,"33199":2,"33206":1,"33208":1,"33220":2,"33234":1,"33238":1,"33242":1,"33247":1,"33248":1,"33251":1,"33266":1,"33276":1,"33280":1,"33288":1,"33289":1,"33301":1,"33309":1,"33318":1,"33326":1,"33329":1,"33341":1,"33347":1,"33348":1,"33356":1,"33357":1,"33373":1,"33377":1,"33378":1,"33379":1,"33386":1,"33390":1,"33398":1,"33399":1,"33402":1,"33403":1,"33407":1,"33408":1,"33416":1,"33420":1,"33423":1,"33426":1,"33438":1,"33442":2,"33449":1,"33481":1,"33482":1,"33486":1,"33491":1,"33502":1,"33503":2,"33505":1,"33508":1,"33515":1,"33531":1,"33532":1,"33536":1,"33537":1,"33540":1,"33541":1,"33547":1,"33561":1,"33565":1,"33575":2,"33603":1,"33610":1,"33612":1,"33630":1,"33632":1,"33655":1,"33656":1,"33661":1,"33679":1,"33691":1,"33692":1,"33699":1,"33703":1,"33711":1,"33713":2,"33716":1,"33718":1,"33721":1,"33723":1,"33724":2,"33735":1,"33741":3,"33744":1,"33760":2,"33761":1,"33766":2,"33768":1,"33773":1,"33776":1,"33784":2,"33787":1,"33794":1,"33797":1,"33808":1,"33809":1,"33813":1,"33822":1,"33823":1,"33824":1,"33831":1,"33833":1,"33840":2,"33869":2,"33870":1,"33875":1,"33879":2,"33890":1,"33905":1,"33908":1,"33910":1,"33912":1,"33913":1,"33918":1,"33923":2,"33927":1,"33928":2,"33931":1,"33932":1,"33933":1,"33940":1,"33941":1,"33945":1,"33947":1,"33951":1,"33969":1,"33974":1,"33987":1,"34001":2,"34002":1,"34003":1,"34015":1,"34023":1,"34031":1,"34033":2,"34035":1,"34042":1,"34048":1,"34068":1,"34069":1,"34073":1,"34076":1,"34077":1,"34083":1,"34100":1,"34102":2,"34103":1,"34104":1,"34112":1,"34115":1,"34143":1,"34150":1,"34152":1,"34160":1,"34164":2,"34165":1,"34175":1,"34180":1,"34182":1,"34188":1,"34194":1,"34196":1,"34212":1,"34230":1,"34235":2,"34236":1,"34238":1,"34241":2,"34243":1,"34245":1,"34256":1,"34257":1,"34275":1,"34276":1,"34277":1,"34279":1,"34289":1,"34291":1,"34292":1,"34300":1,"34309":1,"34318":1,"34330":1,"34347":1,"34350":1,"34358":1,"34362":1,"34364":1,"34381":1,"34382":1,"34388":1,"34390":1,"34401":1,"34405":1,"34412":1,"34413":1,"34416":1,"34423":1,"34436":1,"34439":1,"34440":1,"34453":1,"34457":1,"34459":1,"34462":2,"34466":1,"34469":2,"34481":1,"34482":1,"34486":1,"34487":1,"34502":1,"34503":1,"34522":2,"34525":1,"34528":2,"34530":1,"34533":1,"34538":1,"34542":1,"34561":1,"34565":1,"34568":1,"34570":1,"34571":1,"34572":1,"34607":1,"34611":1,"34615":2,"34616":1,"34622":1,"34623":1,"34625":1,"34629":1,"34634":1,"34638":1,"34661":1,"34664":1,"34667":1,"34681":1,"34709":1,"34713":1,"34717":1,"34720":1,"34721":1,"34725":1,"34726":1,"34727":1,"34729":3,"34730":1,"34731":1,"34744":1,"34757":1,"34759":1,"34761":1,"34762":2,"34763":1,"34764":1,"34765":1,"34766":1,"34767":1,"34768":2,"34769":2,"34770":1,"34774":2,"34776":2,"34777":1,"34778":1,"34779":2,"34788":1,"34793":2,"34794":1,"34798":1,"34801":2,"34804":1,"34805":1,"34816":1,"34819":1,"34821":1,"34823":1,"34827":3,"34828":2,"34829":1,"34832":2,"34833":1,"34837":1,"34842":1,"34865":1,"34874":1,"34875":1,"34878":1,"34881":1,"34890":1,"34893":1,"34894":2,"34898":1,"34900":1,"34904":2,"34914":1,"34918":1,"34921":1,"34922":1,"34935":1,"34936":1,"34945":1,"34947":1,"34948":1,"34955":1,"34956":1,"34957":2,"34958":1,"34959":1,"34960":1,"34961":3,"34962":1,"34963":2,"34964":2,"34965":2,"34966":2,"34967":2,"34968":1,"34969":3,"34970":1,"34971":2,"34972":1,"34973":4,"34975":1,"34976":1,"34977":1,"34978":2,"34980":1,"34982":1,"34984":1,"34997":1,"35003":1,"35007":2,"35008":1,"35010":1,"35012":1,"35013":2,"35015":2,"35019":1,"35021":2,"35028":2,"35030":1,"35031":3,"35032":2,"35034":2,"35036":1,"35038":1,"35039":1,"35043":1,"35045":1,"35048":1,"35056":1,"35087":1,"35088":1,"35094":1,"35100":1,"35101":1,"35103":2,"35106":2,"35110":1,"35115":1,"35130":2,"35137":1,"35138":1,"35143":1,"35146":1,"35148":2,"35157":3,"35159":1,"35161":1,"35164":1,"35165":1,"35166":1,"35168":1,"35171":2,"35173":1,"35174":1,"35175":1,"35177":2,"35179":1,"35183":1,"35187":1,"35189":1,"35191":3,"35194":1,"35197":2,"35206":2,"35208":1,"35210":1,"35211":1,"35212":1,"35215":1,"35216":1,"35221":1,"35224":2,"35225":1,"35226":1,"35232":1,"35237":1,"35242":1,"35247":1,"35252":2,"35254":2,"35255":1,"35266":1,"35269":1,"35271":1,"35278":1,"35284":1,"35287":1,"35293":1,"35294":1,"35303":1,"35305":1,"35306":1,"35310":1,"35312":1,"35314":1,"35316":1,"35320":1,"35323":1,"35333":1,"35335":1,"35340":1,"35348":1,"35349":1,"35354":1,"35359":1,"35364":1,"35368":1,"35375":1,"35376":1,"35377":1,"35379":2,"35382":2,"35383":2,"35384":2,"35386":1,"35387":1,"35389":1,"35390":1,"35394":1,"35395":1,"35400":1,"35402":1,"35405":2,"35418":1,"35434":1,"35437":1,"35443":1,"35446":1,"35448":3,"35449":1,"35453":1,"35454":2,"35455":1,"35456":2,"35458":2,"35459":1,"35465":1,"35466":1,"35469":2,"35470":1,"35472":1,"35473":1,"35474":1,"35478":1,"35481":1,"35482":1,"35485":1,"35491":2,"35498":1,"35529":1,"35530":2,"35531":1,"35534":1,"35536":1,"35537":1,"35539":1,"35540":1,"35541":1,"35542":1,"35546":1,"35548":1,"35551":1,"35553":3,"35554":1,"35568":1,"35569":1,"35571":1,"35572":1,"35592":1,"35597":1,"35601":1,"35613":1,"35619":1,"35643":2,"35644":2,"35645":1,"35651":1,"35652":1,"35654":2,"35657":1,"35658":1,"35661":1,"35663":2,"35667":1,"35669":1,"35676":1,"35677":1,"35679":1,"35713":1,"35756":1,"35757":1,"35761":1,"35762":1,"35763":3,"35764":1,"35765":1,"35773":2,"35776":2,"35781":2,"35819":1,"35833":1,"35837":1,"35863":1,"35865":1,"35866":1,"35867":1,"35870":1,"35875":1,"35879":1,"35886":1,"35894":1,"35933":1,"35961":1,"35962":1,"35965":1,"35973":1,"35975":1,"35977":1,"35978":1,"35980":2,"36040":1,"36043":1,"36083":1,"36089":1,"36092":1,"36100":1,"36111":1,"36117":1,"36120":1,"36137":1,"36141":1,"36154":1,"36178":1,"36179":2,"36180":1,"36195":1,"36217":1,"36218":1,"36240":1,"36242":1,"36274":1,"36300":1,"36343":1,"36377":1,"36394":1,"36398":1,"36404":1,"36407":1,"36412":1,"36414":1,"36417":1,"36450":1,"36460":1,"36465":2,"36514":1,"36529":1,"36566":1,"36609":1,"36634":1,"36662":1,"36663":1,"36665":1,"36667":1,"36690":1,"36755":1,"36865":1,"36970":1,"36976":1,"37086":1,"37180":1,"37183":1,"37405":1},"nonfork_created":40683,"nonfork_confirmed":40683,"nonfork_histogram_ms":{"35":1,"36":2,"37":1,"38":1,"39":3,"40":5,"41":6,"42":5,"43":6,"44":4,"45":4,"46":29,"47":19,"48":4,"49":14,"50":5,"51":8,"52":7,"53":9,"54":10,"55":16,"56":17,"57":19,"58":22,"59":17,"60":11,"61":14,"62":12,"63":7,"64":10,"65":13,"66":14,"67":20,"68":32,"69":20,"70":18,"71":21,"72":20,"73":27,"74":37,"75":52,"76":43,"77":56,"78":35,"79":50,"80":42,"81":47,"82":64,"83":40,"84":65,"85":67,"86":83,"87":93,"88":115,"89":103,"90":157,"91":113,"92":110,"93":135,"94":148,"95":167,"96":153,"97":185,"98":201,"99":244,"100":215,"101":226,"102":234,"103":252,"104":250,"105":257,"106":276,"107":268,"108":293,"109":308,"110":316,"111":297,"112":338,"113":314,"114":314,"115":318,"116":255,"117":299,"118":328,"119":285,"120":316,"121":266,"122":243,"123":244,"124":243,"125":188,"126":207,"127":209,"128":192,"129":159,"130":158,"131":135,"132":130,"133":133,"134":107,"135":100,"136":68,"137":57,"138":67,"139":40,"140":42,"141":74,"142":71,"143":39,"144":31,"145":25,"146":23,"147":31,"148":25,"149":25,"150":20,"151":23,"152":24,"153":32,"154":24,"155":33,"156":18,"157":17,"158":10,"159":19,"160":17,"161":42,"162":30,"163":13,"164":11,"165":5,"166":8,"167":14,"168":4,"169":3,"170":3,"171":4,"172":11,"173":11,"174":8,"175":6,"176":10,"177":8,"178":6,"179":5,"180":2,"181":14,"182":15,"183":2,"184":4,"185":4,"186":9,"187":12,"188":10,"189":9,"190":11,"191":7,"192":6,"193":10,"194":33,"195":47,"196":30,"197":20,"198":12,"199":15,"200":21,"201":22,"202":15,"203":7,"204":9,"205":12,"206":6,"207":6,"208":3,"209":6,"210":5,"211":3,"212":7,"213":7,"214":6,"215":5,"216":1,"217":14,"218":10,"219":6,"220":5,"221":4,"222":1,"223":3,"224":24,"225":9,"226":23,"227":18,"228":22,"229":21,"230":18,"231":9,"232":1,"233":3,"234":10,"235":9,"236":2,"237":8,"238":17,"239":33,"240":8,"241":9,"242":7,"243":10,"244":5,"245":10,"246":10,"247":8,"248":8,"249":11,"250":12,"251":24,"252":18,"253":9,"254":8,"255":6,"256":12,"257":6,"258":9,"259":12,"260":8,"261":32,"262":30,"263":19,"264":5,"265":4,"266":8,"267":1,"268":4,"269":2,"270":16,"271":45,"272":39,"273":34,"274":41,"275":50,"276":28,"277":9,"278":15,"279":12,"280":11,"281":16,"282":14,"283":12,"284":12,"285":8,"286":8,"287":14,"288":12,"289":27,"290":27,"291":39,"292":17,"293":34,"294":31,"295":15,"296":11,"297":13,"298":21,"299":11,"300":9,"301":19,"302":24,"303":16,"304":11,"305":17,"306":20,"307":16,"308":20,"309":18,"310":17,"311":14,"312":27,"313":23,"314":32,"315":19,"316":28,"317":22,"318":20,"319":25,"320":31,"321":19,"322":10,"323":14,"324":14,"325":14,"326":20,"327":19,"328":21,"329":26,"330":29,"331":39,"332":29,"333":37,"334":21,"335":40,"336":25,"337":32,"338":29,"339":27,"340":25,"341":32,"342":27,"343":32,"344":28,"345":34,"346":17,"347":13,"348":10,"349":18,"350":15,"351":23,"352":21,"353":22,"354":23,"355":17,"356":26,"357":18,"358":22,"359":45,"360":42,"361":40,"362":37,"363":28,"364":35,"365":40,"366":21,"367":26,"368":24,"369":23,"370":31,"371":42,"372":24,"373":38,"374":36,"375":40,"376":33,"377":45,"378":43,"379":44,"380":28,"381":23,"382":24,"383":34,"384":27,"385":33,"386":47,"387":39,"388":42,"389":39,"390":40,"391":36,"392":43,"393":50,"394":25,"395":26,"396":24,"397":35,"398":40,"399":46,"400":38,"401":27,"402":21,"403":25,"404":26,"405":32,"406":33,"407":27,"408":23,"409":29,"410":33,"411":34,"412":31,"413":41,"414":28,"415":33,"416":21,"417":23,"418":34,"419":24,"420":36,"421":29,"422":24,"423":28,"424":32,"425":34,"426":26,"427":24,"428":27,"429":24,"430":29,"431":35,"432":52,"433":36,"434":40,"435":24,"436":20,"437":26,"438":21,"439":24,"440":16,"441":19,"442":21,"443":30,"444":46,"445":41,"446":35,"447":39,"448":31,"449":42,"450":39,"451":20,"452":24,"453":38,"454":38,"455":35,"456":18,"457":21,"458":20,"459":17,"460":33,"461":31,"462":34,"463":26,"464":33,"465":23,"466":36,"467":23,"468":25,"469":24,"470":28,"471":36,"472":39,"473":26,"474":29,"475":29,"476":25,"477":18,"478":28,"479":22,"480":22,"481":22,"482":18,"483":21,"484":18,"485":22,"486":23,"487":22,"488":28,"489":23,"490":22,"491":23,"492":19,"493":28,"494":22,"495":27,"496":13,"497":27,"498":22,"499":26,"500":15,"501":14,"502":19,"503":23,"504":20,"505":17,"506":21,"507":29,"508":38,"509":33,"510":29,"511":38,"512":23,"513":23,"514":14,"515":15,"516":15,"517":18,"518":26,"519":23,"520":22,"521":18,"522":26,"523":18,"524":18,"525":19,"526":29,"527":22,"528":30,"529":25,"530":35,"531":43,"532":36,"533":44,"534":37,"535":31,"536":47,"537":38,"538":42,"539":33,"540":33,"541":39,"542":39,"543":34,"544":37,"545":32,"546":23,"547":19,"548":24,"549":30,"550":26,"551":24,"552":32,"553":30,"554":37,"555":27,"556":23,"557":31,"558":31,"559":34,"560":33,"561":36,"562":36,"563":28,"564":50,"565":33,"566":33,"567":23,"568":35,"569":29,"570":14,"571":20,"572":22,"573":21,"574":14,"575":28,"576":20,"577":19,"578":21,"579":25,"580":17,"581":12,"582":14,"583":16,"584":19,"585":19,"586":26,"587":23,"588":15,"589":28,"590":26,"591":21,"592":24,"593":18,"594":25,"595":16,"596":18,"597":18,"598":13,"599":21,"600":30,"601":31,"602":22,"603":15,"604":34,"605":23,"606":31,"607":20,"608":30,"609":24,"610":23,"611":20,"612":28,"613":30,"614":27,"615":27,"616":18,"617":16,"618":20,"619":19,"620":22,"621":22,"622":25,"623":29,"624":27,"625":22,"626":21,"627":23,"628":21,"629":23,"630":14,"631":23,"632":19,"633":23,"634":21,"635":18,"636":27,"637":16,"638":25,"639":23,"640":22,"641":19,"642":31,"643":29,"644":23,"645":17,"646":21,"647":16,"648":20,"649":16,"650":19,"651":16,"652":19,"653":14,"654":12,"655":5,"656":23,"657":13,"658":15,"659":18,"660":16,"661":16,"662":20,"663":24,"664":23,"665":16,"666":19,"667":19,"668":14,"669":10,"670":11,"671":9,"672":9,"673":11,"674":29,"675":32,"676":21,"677":20,"678":13,"679":12,"680":5,"681":10,"682":5,"683":11,"684":12,"685":12,"686":18,"687":11,"688":21,"689":15,"690":21,"691":22,"692":20,"693":21,"694":20,"695":13,"696":20,"697":16,"698":25,"699":11,"700":17,"701":18,"702":14,"703":21,"704":19,"705":16,"706":20,"707":25,"708":19,"709":16,"710":8,"711":15,"712":15,"713":15,"714":11,"715":17,"716":18,"717":9,"718":9,"719":11,"720":11,"721":6,"722":20,"723":18,"724":18,"725":15,"726":18,"727":19,"728":19,"729":23,"730":22,"731":17,"732":12,"733":4,"734":11,"735":3,"736":5,"737":3,"738":3,"739":8,"740":5,"741":8,"742":18,"743":6,"744":8,"745":15,"746":6,"747":6,"748":7,"749":9,"750":3,"751":5,"752":3,"753":7,"754":5,"755":7,"756":9,"757":8,"758":6,"759":7,"760":6,"761":4,"762":10,"763":12,"764":11,"765":12,"766":4,"767":4,"768":9,"769":3,"770":2,"771":2,"772":5,"773":11,"774":6,"775":6,"776":8,"777":4,"778":4,"779":5,"780":7,"781":6,"782":8,"783":3,"784":7,"785":9,"786":7,"787":7,"788":9,"789":6,"790":5,"791":8,"792":8,"793":10,"794":5,"795":3,"796":3,"797":6,"798":3,"799":8,"800":7,"801":12,"802":12,"803":10,"804":11,"805":6,"806":3,"807":6,"808":7,"809":7,"810":5,"811":9,"812":7,"813":9,"814":1,"815":8,"816":5,"817":13,"818":19,"819":16,"820":13,"821":10,"822":7,"823":9,"824":8,"825":7,"826":13,"827":14,"828":8,"829":8,"830":9,"831":5,"832":4,"833":10,"834":6,"835":10,"836":4,"837":4,"838":9,"839":6,"840":6,"841":6,"842":9,"843":4,"844":7,"845":8,"846":9,"847":3,"848":8,"849":9,"850":6,"851":2,"852":9,"853":7,"854":10,"855":1,"856":10,"857":9,"858":8,"859":10,"860":6,"861":6,"862":7,"863":7,"864":7,"865":3,"866":9,"867":4,"868":4,"869":4,"870":8,"871":4,"872":5,"873":5,"874":3,"875":6,"876":2,"877":2,"878":3,"879":2,"880":3,"881":3,"882":3,"883":4,"885":1,"886":3,"887":5,"888":3,"889":2,"890":4,"891":3,"892":3,"893":6,"894":9,"895":8,"896":5,"897":5,"898":3,"899":4,"900":6,"901":2,"902":5,"903":4,"904":5,"905":1,"906":5,"908":3,"909":2,"910":5,"911":4,"912":3,"913":5,"914":2,"915":2,"916":4,"917":2,"919":4,"920":1,"921":2,"922":4,"923":5,"924":1,"925":3,"926":2,"927":2,"928":7,"929":2,"930":3,"931":2,"935":3,"936":5,"937":1,"938":2,"939":3,"940":3,"941":5,"942":2,"943":4,"944":3,"945":2,"946":6,"947":6,"948":6,"951":5,"952":1,"953":2,"954":1,"955":3,"956":4,"957":1,"958":1,"959":1,"960":1,"961":2,"962":1,"965":3,"969":1,"974":1,"980":1,"987":2,"988":1,"989":1,"990":5,"992":2,"993":5,"994":4,"996":1,"997":3,"998":4,"1000":2,"1001":4,"1002":1,"1004":5,"1006":2,"1007":1,"1008":3,"1009":1,"1010":3,"1011":4,"1012":3,"1014":7,"1015":2,"1016":3,"1017":1,"1018":5,"1019":3,"1020":8,"1021":8,"1022":1,"1023":4,"1024":2,"1025":1,"1026":1,"1028":3,"1029":1,"1030":4,"1031":7,"1032":1,"1033":5,"1034":1,"1036":1,"1039":2,"1041":1,"1042":1,"1049":1,"1050":1,"1052":2,"1057":1,"1058":1,"1059":1,"1081":1,"1084":1,"1087":2,"1088":1,"1093":1,"1096":1,"1097":1,"1099":1,"1100":1,"1108":1,"1113":2,"1115":1,"1117":2,"1119":2,"1120":1,"1123":1,"1124":1,"1125":1,"1129":1,"1131":1,"1132":1,"1133":1,"1134":1,"1135":2,"1136":2,"1137":1,"1138":1,"1142":2,"1149":3,"1151":2,"1152":1,"1153":1,"1154":2,"1155":1,"1158":3,"1159":1,"1160":2,"1161":1,"1162":2,"1163":2,"1164":2,"1165":3,"1166":2,"1167":3,"1168":3,"1169":4,"1170":4,"1171":1,"1172":3,"1173":1,"1174":3,"1175":3,"1177":2,"1178":2,"1180":1,"1181":4,"1182":1,"1183":5,"1184":2,"1185":2,"1186":5,"1187":3,"1189":2,"1190":3,"1191":3,"1192":3,"1196":1,"1197":1,"1198":1,"1200":1,"1203":1,"1204":1,"1205":1,"1206":1,"1211":1,"1216":2,"1217":1,"1220":2,"1221":4,"1222":2,"1223":1,"1224":2,"1225":5,"1226":6,"1227":9,"1228":11,"1229":8,"1230":8,"1231":4,"1232":6,"1233":1,"1234":6,"1235":6,"1236":7,"1237":8,"1238":4,"1239":4,"1240":11,"1241":3,"1242":1,"1243":3,"1244":3,"1245":6,"1246":2,"1247":6,"1248":4,"1249":3,"1250":1,"1251":1,"1253":2,"1258":1,"1261":1,"1262":1,"1264":2,"1268":2,"1270":1,"1271":1,"1273":1,"1274":1,"1280":4,"1281":6,"1282":2,"1288":1,"1289":2,"1290":2,"1292":7,"1293":4,"1296":1,"1297":2,"1299":2,"1300":2,"1301":2,"1302":4,"1303":4,"1304":2,"1306":3,"1309":5,"1310":8,"1311":1,"1312":4,"1313":1,"1314":1,"1315":4,"1316":7,"1317":5,"1318":9,"1319":3,"1320":6,"1321":6,"1322":3,"1324":3,"1325":2,"1326":4,"1327":6,"1328":5,"1329":3,"1330":4,"1331":5,"1332":4,"1333":4,"1334":4,"1335":4,"1336":7,"1337":5,"1338":1,"1339":5,"1340":1,"1341":3,"1342":5,"1343":2,"1344":5,"1345":4,"1346":5,"1347":6,"1348":9,"1349":2,"1350":1,"1351":5,"1352":3,"1353":2,"1354":3,"1355":3,"1356":9,"1357":9,"1358":34,"1359":18,"1360":29,"1361":23,"1362":20,"1363":8,"1364":8,"1365":5,"1366":5,"1367":1,"1368":3,"1369":3,"1370":2,"1371":6,"1372":9,"1373":9,"1374":11,"1375":4,"1376":3,"1378":2,"1379":5,"1380":2,"1381":3,"1382":2,"1383":7,"1384":5,"1385":6,"1386":11,"1387":7,"1388":2,"1389":7,"1390":6,"1392":1,"1393":2,"1394":1,"1395":1,"1396":13,"1397":19,"1398":17,"1399":6,"1400":2,"1401":4,"1403":1,"1404":3,"1405":4,"1406":1,"1407":2,"1408":3,"1409":1,"1410":2,"1414":1,"1415":4,"1416":5,"1417":4,"1418":4,"1420":1,"1421":3,"1422":1,"1423":3,"1424":1,"1425":3,"1427":2,"1428":1,"1432":3,"1433":2,"1434":2,"1435":2,"1436":1,"1437":2,"1438":3,"1440":2,"1441":2,"1442":1,"1443":1,"1444":1,"1445":3,"1447":3,"1448":1,"1449":5,"1450":2,"1451":2,"1452":2,"1453":4,"1454":4,"1455":5,"1456":6,"1457":4,"1460":1,"1461":1,"1462":2,"1463":2,"1464":1,"1465":5,"1466":2,"1467":7,"1468":3,"1469":6,"1470":9,"1471":5,"1472":3,"1473":6,"1474":3,"1475":2,"1476":2,"1477":4,"1478":5,"1479":9,"1480":9,"1481":10,"1482":9,"1483":4,"1484":2,"1485":1,"1486":5,"1487":6,"1488":5,"1489":4,"1490":3,"1491":6,"1492":3,"1493":1,"1495":3,"1496":2,"1497":1,"1498":2,"1499":4,"1500":2,"1501":2,"1502":1,"1503":2,"1504":1,"1505":4,"1506":5,"1507":9,"1508":11,"1509":22,"1510":7,"1511":3,"1512":2,"1513":3,"1514":3,"1515":1,"1516":2,"1517":2,"1518":7,"1519":6,"1520":3,"1521":4,"1522":5,"1523":7,"1525":3,"1526":6,"1527":3,"1528":6,"1529":6,"1530":2,"1531":1,"1532":2,"1534":1,"1535":3,"1536":3,"1537":2,"1538":4,"1539":5,"1540":3,"1541":2,"1542":2,"1543":3,"1544":5,"1545":3,"1546":1,"1547":3,"1548":3,"1550":1,"1551":5,"1552":1,"1553":2,"1554":1,"1555":1,"1556":4,"1557":5,"1559":1,"1560":1,"1561":2,"1562":2,"1564":1,"1566":2,"1568":2,"1569":3,"1570":1,"1571":2,"1572":6,"1573":1,"1574":3,"1576":2,"1577":1,"1578":1,"1580":1,"1581":4,"1582":3,"1583":2,"1584":1,"1586":2,"1587":1,"1588":1,"1589":3,"1591":1,"1592":4,"1594":1,"1595":3,"1596":2,"1597":1,"1598":1,"1600":5,"1602":7,"1603":5,"1604":1,"1605":3,"1606":1,"1607":1,"1608":2,"1609":3,"1610":1,"1611":2,"1612":1,"1613":2,"1614":2,"1615":6,"1616":6,"1617":4,"1618":4,"1619":7,"1620":1,"1621":2,"1622":2,"1623":2,"1626":1,"1627":2,"1628":4,"1629":2,"1630":2,"1632":1,"1634":1,"1635":2,"1637":1,"1638":1,"1639":2,"1640":2,"1641":3,"1642":2,"1643":1,"1645":3,"1646":1,"1647":1,"1648":2,"1649":2,"1650":1,"1651":2,"1652":2,"1653":2,"1654":1,"1655":1,"1656":3,"1658":4,"1659":1,"1660":2,"1661":4,"1662":3,"1664":2,"1665":4,"1666":6,"1667":2,"1668":1,"1670":1,"1671":3,"1672":1,"1673":3,"1675":1,"1676":5,"1679":3,"1680":2,"1681":1,"1682":3,"1683":5,"1684":5,"1686":1,"1687":2,"1688":2,"1692":1,"1693":5,"1694":8,"1695":9,"1696":4,"1697":2,"1698":2,"1699":1,"1700":1,"1701":1,"1702":1,"1705":3,"1709":1,"1710":1,"1712":1,"1713":3,"1714":1,"1716":2,"1717":1,"1718":3,"1719":2,"1720":1,"1721":3,"1722":2,"1723":2,"1724":3,"1725":8,"1726":3,"1727":1,"1728":2,"1729":1,"1730":1,"1731":1,"1733":5,"1734":8,"1735":11,"1736":12,"1737":10,"1738":4,"1741":1,"1743":1,"1744":1,"1746":1,"1747":2,"1751":1,"1753":1,"1755":1,"1757":2,"1758":1,"1759":3,"1761":4,"1762":4,"1763":1,"1765":1,"1766":3,"1767":4,"1768":3,"1770":3,"1771":6,"1772":7,"1773":5,"1774":2,"1777":3,"1782":4,"1783":1,"1784":1,"1785":3,"1787":4,"1788":1,"1789":2,"1790":2,"1793":4,"1794":2,"1795":1,"1796":2,"1797":5,"1798":7,"1800":1,"1801":1,"1803":2,"1805":2,"1806":5,"1807":3,"1808":3,"1809":2,"1810":4,"1811":3,"1812":1,"1813":3,"1814":3,"1815":2,"1816":4,"1817":8,"1818":10,"1819":1,"1820":1,"1822":2,"1823":1,"1824":1,"1829":1,"1830":2,"1832":3,"1833":2,"1834":5,"1835":4,"1837":1,"1838":7,"1841":8,"1842":2,"1843":5,"1844":2,"1846":1,"1847":3,"1848":4,"1849":2,"1850":5,"1851":2,"1857":1,"1858":2,"1859":8,"1860":2,"1861":2,"1865":2,"1866":2,"1867":1,"1868":5,"1869":1,"1870":5,"1871":3,"1872":5,"1874":4,"1875":3,"1876":4,"1877":4,"1878":1,"1879":1,"1880":3,"1881":2,"1882":5,"1883":3,"1884":1,"1885":1,"1886":2,"1887":2,"1888":4,"1889":3,"1890":6,"1891":3,"1892":3,"1893":8,"1894":2,"1895":2,"1896":2,"1897":1,"1898":1,"1899":1,"1900":3,"1901":2,"1902":3,"1903":4,"1904":1,"1905":2,"1906":1,"1907":1,"1908":1,"1909":3,"1911":2,"1912":2,"1913":4,"1914":1,"1916":2,"1917":1,"1921":3,"1923":1,"1924":1,"1925":7,"1926":6,"1928":3,"1930":3,"1931":4,"1934":1,"1936":1,"1939":2,"1940":2,"1941":4,"1942":3,"1943":10,"1944":5,"1945":1,"1946":1,"1947":1,"1948":2,"1952":1,"1953":3,"1955":2,"1956":2,"1957":4,"1958":3,"1961":2,"1962":1,"1963":1,"1964":2,"1966":2,"1968":2,"1969":2,"1971":2,"1972":1,"1973":1,"1975":4,"1976":1,"1977":2,"1978":4,"1979":2,"1981":1,"1982":1,"1983":2,"1987":4,"1989":1,"1990":2,"1991":2,"1992":1,"1993":1,"1995":2,"1996":2,"1997":1,"1998":1,"1999":2,"2001":2,"2002":1,"2003":1,"2004":1,"2005":4,"2006":3,"2007":3,"2008":1,"2009":1,"2010":2,"2012":2,"2013":1,"2014":3,"2016":1,"2018":3,"2019":1,"2020":5,"2022":4,"2023":1,"2025":2,"2026":3,"2027":2,"2028":6,"2029":1,"2031":2,"2032":1,"2033":2,"2034":2,"2035":2,"2036":2,"2037":2,"2038":2,"2039":1,"2041":1,"2042":1,"2043":1,"2045":4,"2046":2,"2048":2,"2049":1,"2051":4,"2052":1,"2053":2,"2054":4,"2055":2,"2056":2,"2057":2,"2058":3,"2059":1,"2060":2,"2061":1,"2062":3,"2064":6,"2066":2,"2067":1,"2069":4,"2070":2,"2072":3,"2073":2,"2075":4,"2076":2,"2079":3,"2080":1,"2081":2,"2082":1,"2083":1,"2086":1,"2087":2,"2088":1,"2089":2,"2090":1,"2091":4,"2092":2,"2093":2,"2094":4,"2095":3,"2096":3,"2097":4,"2098":5,"2099":1,"2100":1,"2101":2,"2102":3,"2103":1,"2104":3,"2105":1,"2107":2,"2109":1,"2111":2,"2113":4,"2114":3,"2115":1,"2116":4,"2117":2,"2118":2,"2121":1,"2122":2,"2123":1,"2124":2,"2125":1,"2129":3,"2130":2,"2131":3,"2132":1,"2133":1,"2134":2,"2135":2,"2136":1,"2137":1,"2138":2,"2139":4,"2140":2,"2142":1,"2143":2,"2144":1,"2145":1,"2146":10,"2147":4,"2148":3,"2149":3,"2150":2,"2155":2,"2157":3,"2159":2,"2160":1,"2161":4,"2162":4,"2163":1,"2164":6,"2165":3,"2166":1,"2169":2,"2170":1,"2171":3,"2172":3,"2175":2,"2177":3,"2178":4,"2179":3,"2180":1,"2181":1,"2183":1,"2184":3,"2185":2,"2186":1,"2187":1,"2188":1,"2189":1,"2190":3,"2191":2,"2192":4,"2193":4,"2194":3,"2195":2,"2196":5,"2197":1,"2201":1,"2202":1,"2205":1,"2206":1,"2207":1,"2210":2,"2211":8,"2212":4,"2213":3,"2214":1,"2219":1,"2220":3,"2221":1,"2222":1,"2223":1,"2224":4,"2225":3,"2226":6,"2227":6,"2228":1,"2230":3,"2231":1,"2232":1,"2233":4,"2234":4,"2236":4,"2237":4,"2238":2,"2239":3,"2240":3,"2241":4,"2242":2,"2243":3,"2244":9,"2245":5,"2246":8,"2247":2,"2248":4,"2249":6,"2250":5,"2253":1,"2262":1,"2264":2,"2265":2,"2266":1,"2270":3,"2271":2,"2272":2,"2273":2,"2274":1,"2276":5,"2277":2,"2278":5,"2279":1,"2280":1,"2281":1,"2282":2,"2283":1,"2284":2,"2285":4,"2286":4,"2287":3,"2288":4,"2289":5,"2290":4,"2291":3,"2292":4,"2293":1,"2294":2,"2295":5,"2296":4,"2297":2,"2298":1,"2299":3,"2300":6,"2301":3,"2302":9,"2303":8,"2304":4,"2305":11,"2306":7,"2307":6,"2308":7,"2309":5,"2310":2,"2311":4,"2312":4,"2313":2,"2314":1,"2315":3,"2316":4,"2318":6,"2319":7,"2320":5,"2321":9,"2322":5,"2323":4,"2324":2,"2325":2,"2328":3,"2329":3,"2330":1,"2331":5,"2332":2,"2333":4,"2334":5,"2335":4,"2336":2,"2337":7,"2338":4,"2339":1,"2344":2,"2345":1,"2346":1,"2347":1,"2348":3,"2349":1,"2350":1,"2351":2,"2352":2,"2353":3,"2354":1,"2355":3,"2356":4,"2357":2,"2358":1,"2359":1,"2360":4,"2361":2,"2362":2,"2363":1,"2364":1,"2366":1,"2368":1,"2369":1,"2370":4,"2371":3,"2372":4,"2373":4,"2374":3,"2375":4,"2376":4,"2377":6,"2378":6,"2379":4,"2380":15,"2381":4,"2382":4,"2383":1,"2384":6,"2385":12,"2386":6,"2387":2,"2389":1,"2392":3,"2393":1,"2394":2,"2395":4,"2396":7,"2397":6,"2398":5,"2400":1,"2402":1,"2403":1,"2407":1,"2412":2,"2414":1,"2415":1,"2416":1,"2417":1,"2418":1,"2419":9,"2420":6,"2421":8,"2422":4,"2423":4,"2424":2,"2425":4,"2426":1,"2427":2,"2428":2,"2429":3,"2436":1,"2437":1,"2438":2,"2439":1,"2440":4,"2441":1,"2443":1,"2444":1,"2446":2,"2447":1,"2450":2,"2451":1,"2452":4,"2453":2,"2454":3,"2455":2,"2456":1,"2457":2,"2458":3,"2459":3,"2460":2,"2461":4,"2462":8,"2463":15,"2464":16,"2465":8,"2466":9,"2467":5,"2468":9,"2469":1,"2472":4,"2473":4,"2474":7,"2475":3,"2476":4,"2477":2,"2478":1,"2480":5,"2481":5,"2482":1,"2483":1,"2485":4,"2486":5,"2487":7,"2489":3,"2490":3,"2491":1,"2493":1,"2494":2,"2495":2,"2497":4,"2498":1,"2499":3,"2500":2,"2501":3,"2502":4,"2503":1,"2504":5,"2505":5,"2506":4,"2508":1,"2509":3,"2510":8,"2511":1,"2512":3,"2513":1,"2516":2,"2518":1,"2519":2,"2520":4,"2521":3,"2522":2,"2523":4,"2524":2,"2525":2,"2526":5,"2528":1,"2530":2,"2531":1,"2532":5,"2533":1,"2535":2,"2538":2,"2539":1,"2540":6,"2541":3,"2542":3,"2543":3,"2544":1,"2545":2,"2546":2,"2547":2,"2548":2,"2549":2,"2552":1,"2554":2,"2555":3,"2556":4,"2557":2,"2558":2,"2559":2,"2560":4,"2561":3,"2562":3,"2563":2,"2564":5,"2565":2,"2566":3,"2567":4,"2568":1,"2569":10,"2570":6,"2571":5,"2572":6,"2574":1,"2575":6,"2576":3,"2577":3,"2578":5,"2579":2,"2580":1,"2581":1,"2582":1,"2583":4,"2584":5,"2585":1,"2586":5,"2587":5,"2588":2,"2590":3,"2591":1,"2592":1,"2593":3,"2594":4,"2595":6,"2596":2,"2597":3,"2598":7,"2599":2,"2600":2,"2601":2,"2602":3,"2603":3,"2604":3,"2605":5,"2606":3,"2607":7,"2608":4,"2609":2,"2610":1,"2611":1,"2612":1,"2613":2,"2614":4,"2615":1,"2616":3,"2617":2,"2618":2,"2619":1,"2620":2,"2621":3,"2622":6,"2623":2,"2624":4,"2625":3,"2626":2,"2627":4,"2628":3,"2630":4,"2631":7,"2632":2,"2633":2,"2634":2,"2635":2,"2636":3,"2637":5,"2638":7,"2639":3,"2640":3,"2641":5,"2642":1,"2643":3,"2645":1,"2646":3,"2647":4,"2648":3,"2649":6,"2650":6,"2651":3,"2652":7,"2653":3,"2654":7,"2655":5,"2656":1,"2657":4,"2658":3,"2659":5,"2661":4,"2662":4,"2663":1,"2664":2,"2665":1,"2666":3,"2667":5,"2668":7,"2669":5,"2670":3,"2671":5,"2672":5,"2673":7,"2674":5,"2676":4,"2677":2,"2679":6,"2680":4,"2681":5,"2682":7,"2683":3,"2684":1,"2685":1,"2686":1,"2687":3,"2688":2,"2689":1,"2690":3,"2691":3,"2692":6,"2693":1,"2694":7,"2695":5,"2696":3,"2697":3,"2698":5,"2699":2,"2700":3,"2701":3,"2702":3,"2705":2,"2706":1,"2707":1,"2708":2,"2709":2,"2710":1,"2712":1,"2713":3,"2714":6,"2715":3,"2716":2,"2717":2,"2718":1,"2719":4,"2720":1,"2721":1,"2722":4,"2723":2,"2724":1,"2725":3,"2726":4,"2727":2,"2728":6,"2729":2,"2730":3,"2731":5,"2732":2,"2733":3,"2734":2,"2735":3,"2736":5,"2737":2,"2739":3,"2740":8,"2741":2,"2742":1,"2743":1,"2744":3,"2745":8,"2746":4,"2747":3,"2748":3,"2749":5,"2750":5,"2751":1,"2752":3,"2753":4,"2754":6,"2755":2,"2756":4,"2757":4,"2758":5,"2759":4,"2760":1,"2761":3,"2762":5,"2763":5,"2764":4,"2765":2,"2766":2,"2767":2,"2768":11,"2769":3,"2770":5,"2771":1,"2772":2,"2773":3,"2774":2,"2775":7,"2776":2,"2777":2,"2778":2,"2779":2,"2780":2,"2781":4,"2783":1,"2785":4,"2786":3,"2787":11,"2788":3,"2789":6,"2790":4,"2793":1,"2795":2,"2796":1,"2797":3,"2798":4,"2799":4,"2800":4,"2801":1,"2802":3,"2803":3,"2804":2,"2806":3,"2807":2,"2808":7,"2809":3,"2810":5,"2811":2,"2812":2,"2813":5,"2814":3,"2815":4,"2816":3,"2817":5,"2818":2,"2820":5,"2821":1,"2822":6,"2823":2,"2824":2,"2825":4,"2826":6,"2827":4,"2828":5,"2829":4,"2830":5,"2831":7,"2832":5,"2833":7,"2834":4,"2835":8,"2836":6,"2837":4,"2838":5,"2839":6,"2840":3,"2841":8,"2842":6,"2843":2,"2844":3,"2845":2,"2846":1,"2847":3,"2848":1,"2849":2,"2850":3,"2851":5,"2852":4,"2853":2,"2855":1,"2856":1,"2857":3,"2858":5,"2859":2,"2860":3,"2861":2,"2862":7,"2863":3,"2864":4,"2865":6,"2866":2,"2868":4,"2869":2,"2870":3,"2871":7,"2872":3,"2873":5,"2874":1,"2875":4,"2876":7,"2877":3,"2878":1,"2879":4,"2880":5,"2881":4,"2882":4,"2883":2,"2884":4,"2885":3,"2886":6,"2887":1,"2888":3,"2889":5,"2891":2,"2892":2,"2893":4,"2894":6,"2895":2,"2896":6,"2897":5,"2898":9,"2899":10,"2900":10,"2901":12,"2902":14,"2903":6,"2904":7,"2905":2,"2906":4,"2907":8,"2908":6,"2909":3,"2910":2,"2911":2,"2912":2,"2913":2,"2914":7,"2915":3,"2916":3,"2917":4,"2918":4,"2919":6,"2920":2,"2921":2,"2922":2,"2925":3,"2927":4,"2928":5,"2929":4,"2930":6,"2931":3,"2932":7,"2933":2,"2934":2,"2935":8,"2936":7,"2937":2,"2938":1,"2939":2,"2940":4,"2941":3,"2942":4,"2943":6,"2944":8,"2945":2,"2946":7,"2947":3,"2948":4,"2949":8,"2950":2,"2951":4,"2952":7,"2953":7,"2954":7,"2955":3,"2956":4,"2957":8,"2958":9,"2959":9,"2960":4,"2961":9,"2962":2,"2963":5,"2964":5,"2965":3,"2966":2,"2967":4,"2968":2,"2969":6,"2970":3,"2971":4,"2972":4,"2973":4,"2974":3,"2975":2,"2977":3,"2978":4,"2979":6,"2980":9,"2981":3,"2982":5,"2983":5,"2984":9,"2985":2,"2986":9,"2987":5,"2988":8,"2989":5,"2990":4,"2991":5,"2992":7,"2993":6,"2994":3,"2995":8,"2996":8,"2997":9,"2998":1,"2999":7,"3000":4,"3001":11,"3002":10,"3003":6,"3004":2,"3005":8,"3006":2,"3007":8,"3008":6,"3009":5,"3010":13,"3011":12,"3012":9,"3013":8,"3014":12,"3015":3,"3016":4,"3017":7,"3018":4,"3019":3,"3020":3,"3021":3,"3022":1,"3023":4,"3024":5,"3025":5,"3026":9,"3027":6,"3028":8,"3029":12,"3030":10,"3031":9,"3032":7,"3033":8,"3034":4,"3035":7,"3036":8,"3037":8,"3038":5,"3039":7,"3040":7,"3041":2,"3042":9,"3043":9,"3044":9,"3045":5,"3046":7,"3047":4,"3048":13,"3049":8,"3050":8,"3051":4,"3052":8,"3053":3,"3054":4,"3055":4,"3056":5,"3057":5,"3058":2,"3059":10,"3060":9,"3061":4,"3062":7,"3063":8,"3064":12,"3065":3,"3066":1,"3067":4,"3068":13,"3069":4,"3070":1,"3071":3,"3072":5,"3073":5,"3074":8,"3075":7,"3076":5,"3077":4,"3078":6,"3079":11,"3080":4,"3081":7,"3082":5,"3083":5,"3084":7,"3085":7,"3086":2,"3087":6,"3088":7,"3089":2,"3090":5,"3091":7,"3092":4,"3093":5,"3094":12,"3095":8,"3096":14,"3097":10,"3098":6,"3099":9,"3100":8,"3101":4,"3102":6,"3103":12,"3104":4,"3105":5,"3106":8,"3107":9,"3108":11,"3109":6,"3110":4,"3111":6,"3112":6,"3114":7,"3115":7,"3116":6,"3117":6,"3118":3,"3119":3,"3120":2,"3121":6,"3122":5,"3123":4,"3124":4,"3125":13,"3126":10,"3127":6,"3128":9,"3129":6,"3130":8,"3131":9,"3132":6,"3133":5,"3134":5,"3135":1,"3136":5,"3137":8,"3138":6,"3139":13,"3140":12,"3141":5,"3142":6,"3143":18,"3144":12,"3145":6,"3146":6,"3147":2,"3148":14,"3149":5,"3150":2,"3151":4,"3152":9,"3153":4,"3154":5,"3155":10,"3156":4,"3157":7,"3158":10,"3159":6,"3160":10,"3161":10,"3162":10,"3163":10,"3164":11,"3165":14,"3166":6,"3167":7,"3168":10,"3169":3,"3170":4,"3171":10,"3172":4,"3173":13,"3174":12,"3175":10,"3176":6,"3177":13,"3178":7,"3179":11,"3180":5,"3181":10,"3182":8,"3183":13,"3184":5,"3185":10,"3186":3,"3187":1,"3188":10,"3189":1,"3190":14,"3191":9,"3192":11,"3193":10,"3194":3,"3195":5,"3196":4,"3197":10,"3198":5,"3199":11,"3200":11,"3201":8,"3202":5,"3203":13,"3204":6,"3205":11,"3206":11,"3207":11,"3208":10,"3209":9,"3210":14,"3211":9,"3212":9,"3213":7,"3214":4,"3215":8,"3216":8,"3217":6,"3218":5,"3219":10,"3220":8,"3221":10,"3222":1,"3223":9,"3224":6,"3225":10,"3226":10,"3227":13,"3228":9,"3229":10,"3230":11,"3231":11,"3232":4,"3233":10,"3234":10,"3235":9,"3236":4,"3237":8,"3238":10,"3239":10,"3240":14,"3241":11,"3242":14,"3243":16,"3244":8,"3245":16,"3246":11,"3247":10,"3248":12,"3249":8,"3250":7,"3251":16,"3252":13,"3253":8,"3254":10,"3255":5,"3256":5,"3257":7,"3258":17,"3259":10,"3260":12,"3261":8,"3262":7,"3263":13,"3264":10,"3265":14,"3266":13,"3267":17,"3268":9,"3269":7,"3270":10,"3271":9,"3272":8,"3273":4,"3274":7,"3275":17,"3276":13,"3277":7,"3278":5,"3279":9,"3280":7,"3281":7,"3282":7,"3283":4,"3284":14,"3285":9,"3286":8,"3287":10,"3288":10,"3289":15,"3290":9,"3291":9,"3292":10,"3293":8,"3294":15,"3295":18,"3296":16,"3297":22,"3298":39,"3299":31,"3300":44,"3301":43,"3302":34,"3303":28,"3304":47,"3305":37,"3306":34,"3307":20,"3308":13,"3309":21,"3310":23,"3311":18,"3312":11,"3313":11,"3314":13,"3315":9,"3316":5,"3317":12,"3318":13,"3319":12,"3320":14,"3321":18,"3322":23,"3323":9,"3324":10,"3325":15,"3326":16,"3327":19,"3328":13,"3329":19,"3330":18,"3331":15,"3332":14,"3333":8,"3334":13,"3335":11,"3336":12,"3337":11,"3338":15,"3339":8,"3340":7,"3341":4,"3342":9,"3343":5,"3344":10,"3345":9,"3346":10,"3347":5,"3348":12,"3349":8,"3350":9,"3351":12,"3352":5,"3353":7,"3354":9,"3355":9,"3356":3,"3357":4,"3358":10,"3359":11,"3360":3,"3361":7,"3362":7,"3363":13,"3364":8,"3365":6,"3366":4,"3367":15,"3368":10,"3369":5,"3370":15,"3371":15,"3372":5,"3373":10,"3374":15,"3375":21,"3376":9,"3377":9,"3378":5,"3379":13,"3380":16,"3381":12,"3382":5,"3383":9,"3384":5,"3385":4,"3386":10,"3387":3,"3388":10,"3389":8,"3390":12,"3391":12,"3392":11,"3393":10,"3394":12,"3395":9,"3396":8,"3397":8,"3398":10,"3399":6,"3400":10,"3401":4,"3402":8,"3403":8,"3404":3,"3405":7,"3406":7,"3407":6,"3408":4,"3409":8,"3410":10,"3411":4,"3412":11,"3413":6,"3414":7,"3415":4,"3416":5,"3417":5,"3418":8,"3419":5,"3420":10,"3421":8,"3422":8,"3423":11,"3424":10,"3425":12,"3426":18,"3427":6,"3428":10,"3429":8,"3430":4,"3431":7,"3432":5,"3433":5,"3434":5,"3435":10,"3436":11,"3437":10,"3438":10,"3439":5,"3440":5,"3441":4,"3442":7,"3443":4,"3444":7,"3445":8,"3446":10,"3447":5,"3448":7,"3449":11,"3450":12,"3451":6,"3452":11,"3453":8,"3454":10,"3455":9,"3456":4,"3457":11,"3458":9,"3459":7,"3460":6,"3461":4,"3462":12,"3463":10,"3464":9,"3465":5,"3466":13,"3467":6,"3468":3,"3469":4,"3470":6,"3471":9,"3472":6,"3473":5,"3474":6,"3475":8,"3476":8,"3477":3,"3478":8,"3479":7,"3480":8,"3481":9,"3482":8,"3483":7,"3484":7,"3485":4,"3486":10,"3487":7,"3488":8,"3489":7,"3490":10,"3491":7,"3492":4,"3493":12,"3494":8,"3495":6,"3496":6,"3497":6,"3498":4,"3499":5,"3500":12,"3501":10,"3502":7,"3503":3,"3504":3,"3505":8,"3506":7,"3507":8,"3508":8,"3509":9,"3510":12,"3511":14,"3512":8,"3513":15,"3514":7,"3515":13,"3516":9,"3517":13,"3518":4,"3519":4,"3520":5,"3521":7,"3522":2,"3523":1,"3524":1,"3525":5,"3526":6,"3527":15,"3528":8,"3529":5,"3530":10,"3531":10,"3532":5,"3533":12,"3534":8,"3535":3,"3536":12,"3537":6,"3538":12,"3539":12,"3540":13,"3541":6,"3542":5,"3543":11,"3544":4,"3545":15,"3546":8,"3547":6,"3548":9,"3549":7,"3550":7,"3551":5,"3552":9,"3553":6,"3554":5,"3555":7,"3556":4,"3557":2,"3558":6,"3559":9,"3560":6,"3561":11,"3562":8,"3563":6,"3564":9,"3565":9,"3566":11,"3567":4,"3568":13,"3569":1,"3570":7,"3571":6,"3572":7,"3573":9,"3574":10,"3575":7,"3576":2,"3577":4,"3578":11,"3579":5,"3580":8,"3581":4,"3582":6,"3583":4,"3584":6,"3585":5,"3586":6,"3587":1,"3588":6,"3589":2,"3590":6,"3591":7,"3592":6,"3593":6,"3594":5,"3595":8,"3596":11,"3597":4,"3598":12,"3599":7,"3600":3,"3601":9,"3602":5,"3603":13,"3604":5,"3605":5,"3606":6,"3607":13,"3608":10,"3609":10,"3610":11,"3611":12,"3612":5,"3613":7,"3614":6,"3615":7,"3616":4,"3617":1,"3618":5,"3619":8,"3620":12,"3621":7,"3622":11,"3623":10,"3624":5,"3625":2,"3626":1,"3627":1,"3628":4,"3629":9,"3630":1,"3631":7,"3632":6,"3633":9,"3634":9,"3635":5,"3636":11,"3637":7,"3638":2,"3639":3,"3640":6,"3641":9,"3642":8,"3643":5,"3644":9,"3645":8,"3646":12,"3647":6,"3648":11,"3649":7,"3650":8,"3651":8,"3652":8,"3653":10,"3654":7,"3655":4,"3656":8,"3658":2,"3659":1,"3660":5,"3661":10,"3662":1,"3663":3,"3664":6,"3665":6,"3666":5,"3667":3,"3668":4,"3669":8,"3670":9,"3671":8,"3672":5,"3673":6,"3674":7,"3675":7,"3676":8,"3677":5,"3678":5,"3679":6,"3680":4,"3681":5,"3682":7,"3683":7,"3684":11,"3685":2,"3686":5,"3687":6,"3688":8,"3689":6,"3690":8,"3691":8,"3692":10,"3693":5,"3694":6,"3695":6,"3696":11,"3697":3,"3698":2,"3699":6,"3700":3,"3701":7,"3702":7,"3703":6,"3704":6,"3705":6,"3706":9,"3707":5,"3708":7,"3709":7,"3710":10,"3711":6,"3712":4,"3713":9,"3714":7,"3715":3,"3716":3,"3717":3,"3718":6,"3719":6,"3720":4,"3721":5,"3722":6,"3723":4,"3724":5,"3725":4,"3726":6,"3727":5,"3728":5,"3729":9,"3730":7,"3731":6,"3732":1,"3733":3,"3734":5,"3735":5,"3736":3,"3737":8,"3738":5,"3739":2,"3740":7,"3741":5,"3742":5,"3743":4,"3744":4,"3745":8,"3746":11,"3747":10,"3748":9,"3749":5,"3750":8,"3751":4,"3752":5,"3753":4,"3754":8,"3755":2,"3756":4,"3757":3,"3758":3,"3759":10,"3760":9,"3761":5,"3762":11,"3763":10,"3764":9,"3765":4,"3766":2,"3767":2,"3768":7,"3769":3,"3770":1,"3771":2,"3772":14,"3773":5,"3774":7,"3775":8,"3776":6,"3777":2,"3778":6,"3779":8,"3780":6,"3781":9,"3782":3,"3783":4,"3784":6,"3785":5,"3786":5,"3788":5,"3789":1,"3790":7,"3791":4,"3792":5,"3793":6,"3794":10,"3795":5,"3796":6,"3797":10,"3798":14,"3799":12,"3800":8,"3801":16,"3802":12,"3803":9,"3804":6,"3805":6,"3806":7,"3807":2,"3808":6,"3809":5,"3810":3,"3811":5,"3812":4,"3813":8,"3814":5,"3815":8,"3816":7,"3817":3,"3818":4,"3819":5,"3820":6,"3821":7,"3822":13,"3823":11,"3824":8,"3825":7,"3826":3,"3827":6,"3828":3,"3829":5,"3830":4,"3831":6,"3832":4,"3833":5,"3834":5,"3835":7,"3836":3,"3837":3,"3838":4,"3839":3,"3840":10,"3841":5,"3842":4,"3843":3,"3844":3,"3845":9,"3846":3,"3847":6,"3848":2,"3849":6,"3850":6,"3851":6,"3852":4,"3853":4,"3854":6,"3855":3,"3856":4,"3857":3,"3858":2,"3859":4,"3860":2,"3861":4,"3862":7,"3863":5,"3864":4,"3865":6,"3866":5,"3867":3,"3868":6,"3869":4,"3870":4,"3871":14,"3872":5,"3873":10,"3874":9,"3875":6,"3876":9,"3877":4,"3878":4,"3879":4,"3880":7,"3881":1,"3882":3,"3883":1,"3884":3,"3885":4,"3886":7,"3887":7,"3888":6,"3889":5,"3890":4,"3891":4,"3892":5,"3893":2,"3894":6,"3895":6,"3896":3,"3897":6,"3898":1,"3899":7,"3900":2,"3901":4,"3902":4,"3903":2,"3904":6,"3905":2,"3906":4,"3907":4,"3908":4,"3909":1,"3910":3,"3911":1,"3912":3,"3913":5,"3914":5,"3915":4,"3916":4,"3917":1,"3918":8,"3919":4,"3920":6,"3921":3,"3922":4,"3923":5,"3924":8,"3925":6,"3926":2,"3927":2,"3928":2,"3929":1,"3930":1,"3932":2,"3933":2,"3934":1,"3935":3,"3936":2,"3937":3,"3938":1,"3939":3,"3940":4,"3941":3,"3942":3,"3944":1,"3945":3,"3946":3,"3947":3,"3948":7,"3949":2,"3950":2,"3951":10,"3952":9,"3953":4,"3954":2,"3955":3,"3956":4,"3957":4,"3959":2,"3960":3,"3961":3,"3963":5,"3964":1,"3966":1,"3967":4,"3968":1,"3970":2,"3971":3,"3972":3,"3973":2,"3974":4,"3975":4,"3976":1,"3977":1,"3978":2,"3980":3,"3981":7,"3982":7,"3983":4,"3984":3,"3985":5,"3986":6,"3987":6,"3988":1,"3989":6,"3990":1,"3991":2,"3992":3,"3993":4,"3994":2,"3995":6,"3996":5,"3997":5,"3998":1,"3999":1,"4000":4,"4001":1,"4002":7,"4003":5,"4005":3,"4006":1,"4007":3,"4008":2,"4009":1,"4010":3,"4011":2,"4012":1,"4013":3,"4014":1,"4015":1,"4017":2,"4020":1,"4021":1,"4022":4,"4023":2,"4024":1,"4025":2,"4026":6,"4027":1,"4029":1,"4031":2,"4032":2,"4033":1,"4034":1,"4039":2,"4041":1,"4044":2,"4046":4,"4048":1,"4050":1,"4054":1,"4057":1,"4060":1,"4061":1,"4062":1,"4063":3,"4065":1,"4067":1,"4071":1,"4072":1,"4073":2,"4074":1,"4076":1,"4078":1,"4079":4,"4080":3,"4081":1,"4082":3,"4083":1,"4084":3,"4085":1,"4086":1,"4088":4,"4089":3,"4090":5,"4091":1,"4092":5,"4093":6,"4094":10,"4095":3,"4096":4,"4097":2,"4098":2,"4100":1,"4102":1,"4104":1,"4105":1,"4106":2,"4107":1,"4108":1,"4109":2,"4110":1,"4111":2,"4113":4,"4114":2,"4115":4,"4116":2,"4117":4,"4118":6,"4119":3,"4120":3,"4126":1,"4127":2,"4128":2,"4129":3,"4130":3,"4133":3,"4134":4,"4136":1,"4137":2,"4138":2,"4140":1,"4146":2,"4148":1,"4152":1,"4158":1,"4161":1,"4163":1,"4164":1,"4168":1,"4171":1,"4172":2,"4174":2,"4175":1,"4176":1,"4179":1,"4180":1,"4182":1,"4183":1,"4184":2,"4185":2,"4187":2,"4188":1,"4189":1,"4193":1,"4194":2,"4195":1,"4196":1,"4197":1,"4199":2,"4200":2,"4202":2,"4204":4,"4207":2,"4208":3,"4211":1,"4212":4,"4213":2,"4214":2,"4215":2,"4216":2,"4217":1,"4218":1,"4219":1,"4220":2,"4221":1,"4222":2,"4223":1,"4224":5,"4225":3,"4226":2,"4227":1,"4228":2,"4229":2,"4231":1,"4234":4,"4235":2,"4236":2,"4237":2,"4239":2,"4241":1,"4242":3,"4243":5,"4244":1,"4245":1,"4247":1,"4250":1,"4251":2,"4252":3,"4254":1,"4255":1,"4256":2,"4263":3,"4264":4,"4269":4,"4270":3,"4271":2,"4275":3,"4276":1,"4277":2,"4278":3,"4280":4,"4283":1,"4285":4,"4286":6,"4287":6,"4288":2,"4289":6,"4290":1,"4291":2,"4292":3,"4293":1,"4295":1,"4296":2,"4297":4,"4298":2,"4299":1,"4300":3,"4301":1,"4302":1,"4303":2,"4305":5,"4306":1,"4307":1,"4309":1,"4310":1,"4311":1,"4312":1,"4314":4,"4315":1,"4316":1,"4317":2,"4318":4,"4319":4,"4320":2,"4321":2,"4322":1,"4324":1,"4325":3,"4326":2,"4327":2,"4328":1,"4329":1,"4330":2,"4331":1,"4332":3,"4333":1,"4334":1,"4336":2,"4337":2,"4338":3,"4339":2,"4340":1,"4341":3,"4342":1,"4343":1,"4344":1,"4345":1,"4346":1,"4348":2,"4349":1,"4351":3,"4352":1,"4353":3,"4354":2,"4355":3,"4356":7,"4357":2,"4358":3,"4359":5,"4360":1,"4361":1,"4362":13,"4363":1,"4367":1,"4368":3,"4369":4,"4371":1,"4372":1,"4373":1,"4374":1,"4375":1,"4376":4,"4378":5,"4379":2,"4380":3,"4381":3,"4382":7,"4383":3,"4386":3,"4387":4,"4388":4,"4390":10,"4391":2,"4392":3,"4393":1,"4394":1,"4395":2,"4397":1,"4398":2,"4399":1,"4400":3,"4401":2,"4402":6,"4403":3,"4404":5,"4405":3,"4406":3,"4407":3,"4408":1,"4409":1,"4410":1,"4412":1,"4413":2,"4415":5,"4416":2,"4417":2,"4418":2,"4421":2,"4423":2,"4424":2,"4425":6,"4427":1,"4428":2,"4429":3,"4430":2,"4431":3,"4432":1,"4433":5,"4434":3,"4435":1,"4436":1,"4437":3,"4438":3,"4439":9,"4440":4,"4441":4,"4442":2,"4443":1,"4444":3,"4445":6,"4446":4,"4447":6,"4448":3,"4449":2,"4450":5,"4451":4,"4452":7,"4453":9,"4454":4,"4455":3,"4456":1,"4457":2,"4458":1,"4461":1,"4463":2,"4464":5,"4465":2,"4466":3,"4467":3,"4468":2,"4470":1,"4471":2,"4473":3,"4474":3,"4475":4,"4476":3,"4477":1,"4478":1,"4480":4,"4481":5,"4482":2,"4483":3,"4484":1,"4485":3,"4486":3,"4487":2,"4490":3,"4491":3,"4492":4,"4493":2,"4494":3,"4497":1,"4498":3,"4499":2,"4500":3,"4501":4,"4502":3,"4503":1,"4505":3,"4506":2,"4507":4,"4508":2,"4509":2,"4510":4,"4511":3,"4512":5,"4513":2,"4514":6,"4515":3,"4516":4,"4517":6,"4518":5,"4519":4,"4520":5,"4521":1,"4522":1,"4523":1,"4526":1,"4527":2,"4529":1,"4530":3,"4531":1,"4532":2,"4535":3,"4536":2,"4538":3,"4539":2,"4540":2,"4541":2,"4543":3,"4544":1,"4545":1,"4546":2,"4547":1,"4548":1,"4549":1,"4551":2,"4552":2,"4553":1,"4554":1,"4556":2,"4558":3,"4559":1,"4560":1,"4561":2,"4564":2,"4567":4,"4568":2,"4569":1,"4570":1,"4571":3,"4572":4,"4573":3,"4574":1,"4575":2,"4577":4,"4578":1,"4579":1,"4580":2,"4581":1,"4582":1,"4583":4,"4584":2,"4585":1,"4587":1,"4589":1,"4591":2,"4593":4,"4594":4,"4595":5,"4596":2,"4597":5,"4598":4,"4599":3,"4600":7,"4601":4,"4602":4,"4603":1,"4604":6,"4605":2,"4606":7,"4607":5,"4608":2,"4609":9,"4610":9,"4611":2,"4612":2,"4613":1,"4614":1,"4617":3,"4618":3,"4619":2,"4621":2,"4622":3,"4623":2,"4624":2,"4626":3,"4627":8,"4628":8,"4629":5,"4630":7,"4631":1,"4634":2,"4635":1,"4637":1,"4638":2,"4640":2,"4641":3,"4642":2,"4645":3,"4646":3,"4647":2,"4648":1,"4649":1,"4650":5,"4651":2,"4652":3,"4653":3,"4654":5,"4655":4,"4656":5,"4657":1,"4658":5,"4659":8,"4660":5,"4661":7,"4662":5,"4663":3,"4664":1,"4665":2,"4667":1,"4669":2,"4670":7,"4671":1,"4672":1,"4673":3,"4676":1,"4679":3,"4680":1,"4682":12,"4683":2,"4685":1,"4686":2,"4689":1,"4690":1,"4697":1,"4698":3,"4700":1,"4704":1,"4705":1,"4706":1,"4708":1,"4709":1,"4716":1,"4717":5,"4718":3,"4719":2,"4720":1,"4721":1,"4724":3,"4725":2,"4726":1,"4730":1,"4732":1,"4733":1,"4735":1,"4736":2,"4738":1,"4740":1,"4741":1,"4742":2,"4744":3,"4746":2,"4747":1,"4749":1,"4752":1,"4754":4,"4755":1,"4756":11,"4757":3,"4758":1,"4764":1,"4771":1,"4772":1,"4773":1,"4774":1,"4776":1,"4782":1,"4794":1,"4801":1,"4804":1,"4807":1,"4815":3,"4817":1,"4819":2,"4822":1,"4823":1,"4825":3,"4827":1,"4828":2,"4829":1,"4830":1,"4832":1,"4835":1,"4836":1,"4837":1,"4838":1,"4840":1,"4841":1,"4842":1,"4847":2,"4849":1,"4851":1,"4852":1,"4854":1,"4855":3,"4856":1,"4858":6,"4859":1,"4860":3,"4861":1,"4863":1,"4865":2,"4867":2,"4868":2,"4869":1,"4873":2,"4874":1,"4875":1,"4877":1,"4878":1,"4880":1,"4881":1,"4882":5,"4883":4,"4884":1,"4885":1,"4919":1,"4921":1,"4923":1,"4925":1,"4927":1,"4929":1,"4930":1,"4933":1,"4934":2,"4942":2,"4943":2,"4947":1,"4948":1,"4950":1,"4952":1,"4953":1,"4957":1,"4961":1,"4970":1,"4972":1,"4975":2,"4976":1,"4977":1,"4979":1,"4981":1,"4989":1,"4991":3,"4999":2,"5006":1,"5007":1,"5011":1,"5012":1,"5014":1,"5021":1,"5026":2,"5029":1,"5030":2,"5031":1,"5032":1,"5033":1,"5035":1,"5037":2,"5038":1,"5041":1,"5043":3,"5044":1,"5045":1,"5046":1,"5048":2,"5050":2,"5051":1,"5052":3,"5053":1,"5056":3,"5057":1,"5058":1,"5060":1,"5061":1,"5065":2,"5067":2,"5068":1,"5070":1,"5072":2,"5073":2,"5075":3,"5076":3,"5077":1,"5079":1,"5080":1,"5082":1,"5083":1,"5084":1,"5086":2,"5087":1,"5089":3,"5090":1,"5091":1,"5092":4,"5097":2,"5099":1,"5101":1,"5102":2,"5107":1,"5196":1,"5200":1,"5491":2,"5817":1,"6158":1,"6768":1,"6770":1,"6791":1,"6804":1,"6806":1,"6817":1,"6841":1,"6842":1,"6843":1,"6920":1,"7516":1,"8131":1,"10295":1,"10399":1,"10619":1,"12802":1,"12973":1,"12983":1,"13269":1,"13297":1,"13301":1,"13305":1,"13307":2,"13308":1,"13320":1,"13322":1,"13324":1,"13325":1,"13328":1,"13332":1,"13336":1,"13339":2,"13340":1,"13341":1,"13343":3,"13346":2,"13347":2,"13349":1,"13351":2,"13353":2,"13354":2,"13356":3,"13358":1,"13361":4,"13362":2,"13363":1,"13367":1,"13373":1,"13374":2,"13375":1,"13377":1,"13378":1,"13379":2,"13380":1,"13384":2,"13385":2,"13387":1,"13388":1,"13391":4,"13393":1,"13394":4,"13396":3,"13397":1,"13405":1,"13412":1,"13415":2,"13419":5,"13420":1,"13421":2,"13422":3,"13423":1,"13438":3,"13439":3,"13440":2,"13441":2,"13442":1,"13444":1,"13450":2,"13453":1,"13454":1,"13455":1,"13456":1,"13458":1,"13459":1,"13460":5,"13461":2,"13462":2,"13465":1,"13470":1,"13472":1,"13474":4,"13475":2,"13476":1,"13477":5,"13481":1,"13482":1,"13483":1,"13493":2,"13497":1,"13502":1,"13510":1,"13512":4,"13514":2,"13518":2,"13519":1,"13526":1,"13528":1,"13529":2,"13530":2,"13532":1,"13533":3,"13534":1,"13536":1,"13537":1,"13538":1,"13540":1,"13541":2,"13547":1,"13550":2,"13553":1,"13555":1,"13557":1,"13562":1,"13577":1,"13578":1,"13596":1,"13615":1,"13623":1,"13626":1,"13639":1,"13640":1,"13656":1,"13680":1,"13690":1,"13731":1,"13734":1,"13750":1,"13861":1,"13881":1,"13882":1,"13884":1,"13885":1,"13886":1,"13887":1,"13888":1,"13889":1,"13890":2,"13891":2,"13892":3,"13893":1,"13901":2,"13902":2,"13907":1,"13908":4,"13909":1,"13918":1,"13920":2,"13923":1,"13925":1,"13930":2,"13931":1,"13940":1,"13941":1,"13942":1,"13945":4,"13946":4,"13947":3,"13958":5,"13959":2,"13971":1,"13975":1,"13976":2,"13977":1,"13978":2,"13979":1,"13981":2,"14003":1,"14004":5,"14005":3,"14006":2,"14007":2,"14021":2,"14022":4,"14023":1,"14024":1,"14034":1,"14035":1,"14040":1,"14045":2,"14046":1,"14047":1,"14048":1,"14055":4,"14056":2,"14057":1,"14058":1,"14063":2,"14064":1,"14094":2,"14095":4,"14096":3,"14097":2,"14099":2,"14102":3,"14103":1,"14104":3,"14107":1,"14110":2,"14111":1,"14112":1,"14113":1,"14114":2,"14115":1,"14119":1,"14120":1,"14121":2,"14122":2,"14130":1,"14259":1,"14295":1,"15557":1,"15711":1},"fork_created":4317,"fork_confirmed":1530,"fork_unresolved_at_end":2787}
EPOCH_FOLLOW cemented=17 cementing=0 requested=580 pending=587 t=1791483460947
EPOCH_RECONCILED epoch=2 reporter=D315857CE70C54DE713F6E82E5613BB3A1266C15E28AD2F4338C7BBEC456F532 complete=true entries=2774 total=2774 symbols=0 dropped=false t=1791483460988
EPOCH_RECONCILED epoch=2 reporter=65A90023F6C0D2181AAA63F005D81BBC0C04650505E21D5123F9AE1F9E992BFF complete=true entries=2758 total=2758 symbols=0 dropped=false t=1791483461094
EPOCH_RECONCILED epoch=2 reporter=D315857CE70C54DE713F6E82E5613BB3A1266C15E28AD2F4338C7BBEC456F532 complete=false entries=2538 total=43332 symbols=3728 dropped=false t=1791483461111
EPOCH_RECONCILED epoch=2 reporter=D315857CE70C54DE713F6E82E5613BB3A1266C15E28AD2F4338C7BBEC456F532 complete=true entries=2774 total=2774 symbols=0 dropped=false t=1791483461135
EPOCH_CLOSE_UNREADY epoch=2 short_of=reports usable=1 weight=1 required=5 held=4 theirs=["A353E45E:6415510A:8234BF0D", "633D9D61:829A0DAA:7224A63E", "D315857C:0B288428:D1271D2B", "911999B2:6EB39AA7:C947369A"] t=1791483461150
EPOCH_RECONCILED epoch=2 reporter=911999B2AEFA7ACC66EBD802B3301FF6CE431405107749D940277955CB7FDD07 complete=false entries=2997 total=43331 symbols=4228 dropped=false t=1791483461205
EPOCH_RECONCILED epoch=2 reporter=D315857CE70C54DE713F6E82E5613BB3A1266C15E28AD2F4338C7BBEC456F532 complete=true entries=2774 total=2774 symbols=0 dropped=false t=1791483461376
EPOCH_RECONCILED epoch=2 reporter=911999B2AEFA7ACC66EBD802B3301FF6CE431405107749D940277955CB7FDD07 complete=true entries=4257 total=4257 symbols=0 dropped=false t=1791483461395
EPOCH_RECONCILED epoch=2 reporter=65A90023F6C0D2181AAA63F005D81BBC0C04650505E21D5123F9AE1F9E992BFF complete=true entries=2758 total=2758 symbols=0 dropped=false t=1791483461418
EPOCH_CLOSE_UNREADY epoch=2 short_of=reports usable=3 weight=3 required=5 held=4 theirs=["633D9D61:829A0DAA:7224A63E", "65A90023:FA87CC5E:185141D9", "A353E45E:6415510A:8234BF0D", "D315857C:0B288428:D1271D2B"] t=1791483461460
EPOCH_RECONCILED epoch=2 reporter=911999B2AEFA7ACC66EBD802B3301FF6CE431405107749D940277955CB7FDD07 complete=false entries=2959 total=43331 symbols=4228 dropped=false t=1791483461488
EPOCH_RECONCILED epoch=2 reporter=A353E45E6D0016CAEED0DFA4EC5B0640E2AA22A793F9F2375E77F1AB92977C04 complete=false entries=2557 total=43331 symbols=3728 dropped=false t=1791483461509
EPOCH_RECONCILED epoch=2 reporter=A353E45E6D0016CAEED0DFA4EC5B0640E2AA22A793F9F2375E77F1AB92977C04 complete=false entries=2557 total=43331 symbols=3728 dropped=false t=1791483461554
EPOCH_RECONCILED epoch=2 reporter=65A90023F6C0D2181AAA63F005D81BBC0C04650505E21D5123F9AE1F9E992BFF complete=false entries=2612 total=43332 symbols=3728 dropped=false t=1791483461606
EPOCH_RECONCILED epoch=2 reporter=A353E45E6D0016CAEED0DFA4EC5B0640E2AA22A793F9F2375E77F1AB92977C04 complete=false entries=2557 total=43331 symbols=3728 dropped=false t=1791483461663
EPOCH_RECONCILED epoch=2 reporter=911999B2AEFA7ACC66EBD802B3301FF6CE431405107749D940277955CB7FDD07 complete=false entries=2997 total=43331 symbols=4228 dropped=false t=1791483461675
EPOCH_FOLLOW cemented=209 cementing=0 requested=0 pending=275 t=1791483461774
EPOCH_RECONCILED epoch=2 reporter=911999B2AEFA7ACC66EBD802B3301FF6CE431405107749D940277955CB7FDD07 complete=true entries=4257 total=4257 symbols=0 dropped=false t=1791483461820
EPOCH_RECONCILED epoch=2 reporter=A353E45E6D0016CAEED0DFA4EC5B0640E2AA22A793F9F2375E77F1AB92977C04 complete=true entries=2751 total=2751 symbols=0 dropped=false t=1791483461839
EPOCH_RECONCILED epoch=2 reporter=65A90023F6C0D2181AAA63F005D81BBC0C04650505E21D5123F9AE1F9E992BFF complete=true entries=2758 total=2758 symbols=0 dropped=false t=1791483461853
EPOCH_FOLLOW cemented=272 cementing=0 requested=0 pending=315 t=1791483461964
EPOCH_RECONCILED epoch=2 reporter=A353E45E6D0016CAEED0DFA4EC5B0640E2AA22A793F9F2375E77F1AB92977C04 complete=false entries=2595 total=43331 symbols=3728 dropped=false t=1791483461998
EPOCH_CLOSE_UNREADY epoch=2 short_of=reports usable=4 weight=4 required=5 held=4 theirs=["D315857C:0B288428:D1271D2B", "911999B2:6EB39AA7:C947369A", "65A90023:FA87CC5E:185141D9", "633D9D61:829A0DAA:7224A63E"] t=1791483462114
EPOCH_RECONCILED epoch=2 reporter=A353E45E6D0016CAEED0DFA4EC5B0640E2AA22A793F9F2375E77F1AB92977C04 complete=true entries=2751 total=2751 symbols=0 dropped=false t=1791483462204
EPOCH_CLOSE_UNREADY epoch=2 short_of=reports usable=2 weight=2 required=5 held=4 theirs=["D315857C:0B288428:D1271D2B", "65A90023:FA87CC5E:185141D9", "911999B2:6EB39AA7:C947369A", "A353E45E:6415510A:8234BF0D"] t=1791483462235
EPOCH_RECONCILED epoch=2 reporter=633D9D614858AB1710D5D8C3180E2A082DC97208BA8C26BA6C6D1A86C8E31CC0 complete=false entries=2567 total=43331 symbols=3728 dropped=false t=1791483462349
EPOCH_RECONCILED epoch=2 reporter=633D9D614858AB1710D5D8C3180E2A082DC97208BA8C26BA6C6D1A86C8E31CC0 complete=false entries=2567 total=43331 symbols=3728 dropped=false t=1791483462404
EPOCH_CLOSE_UNREADY epoch=2 short_of=reports usable=4 weight=4 required=5 held=4 theirs=["911999B2:6EB39AA7:C947369A", "A353E45E:6415510A:8234BF0D", "65A90023:FA87CC5E:185141D9", "633D9D61:829A0DAA:7224A63E"] t=1791483462404
EPOCH_RECONCILED epoch=2 reporter=633D9D614858AB1710D5D8C3180E2A082DC97208BA8C26BA6C6D1A86C8E31CC0 complete=false entries=2567 total=43331 symbols=3728 dropped=false t=1791483462409
EPOCH_RECONCILED epoch=2 reporter=A353E45E6D0016CAEED0DFA4EC5B0640E2AA22A793F9F2375E77F1AB92977C04 complete=true entries=2751 total=2751 symbols=0 dropped=false t=1791483462512
EPOCH_RECONCILED epoch=2 reporter=D315857CE70C54DE713F6E82E5613BB3A1266C15E28AD2F4338C7BBEC456F532 complete=true entries=2774 total=2774 symbols=0 dropped=false t=1791483462528
EPOCH_RECONCILED epoch=2 reporter=911999B2AEFA7ACC66EBD802B3301FF6CE431405107749D940277955CB7FDD07 complete=true entries=4257 total=4257 symbols=0 dropped=false t=1791483462552
EPOCH_CLOSE_UNREADY epoch=2 short_of=reports usable=4 weight=4 required=5 held=4 theirs=["633D9D61:829A0DAA:7224A63E", "65A90023:FA87CC5E:185141D9", "A353E45E:6415510A:8234BF0D", "D315857C:0B288428:D1271D2B"] t=1791483462575
EPOCH_RECONCILED epoch=2 reporter=633D9D614858AB1710D5D8C3180E2A082DC97208BA8C26BA6C6D1A86C8E31CC0 complete=false entries=2589 total=43331 symbols=3728 dropped=false t=1791483462580
EPOCH_FOLLOW cemented=4 cementing=0 requested=0 pending=271 t=1791483462801
EPOCH_RECONCILED epoch=2 reporter=633D9D614858AB1710D5D8C3180E2A082DC97208BA8C26BA6C6D1A86C8E31CC0 complete=true entries=2775 total=2775 symbols=0 dropped=false t=1791483462816
EPOCH_RECONCILED epoch=2 reporter=65A90023F6C0D2181AAA63F005D81BBC0C04650505E21D5123F9AE1F9E992BFF complete=true entries=2758 total=2758 symbols=0 dropped=false t=1791483462836
EPOCH_RECONCILED epoch=2 reporter=911999B2AEFA7ACC66EBD802B3301FF6CE431405107749D940277955CB7FDD07 complete=true entries=4257 total=4257 symbols=0 dropped=false t=1791483462841
EPOCH_RECONCILED epoch=2 reporter=A353E45E6D0016CAEED0DFA4EC5B0640E2AA22A793F9F2375E77F1AB92977C04 complete=true entries=2751 total=2751 symbols=0 dropped=false t=1791483462846
EPOCH_ENDED epoch=3 elections=10134 active=8990 t=1791483462885
EPOCH_ENDED epoch=3 elections=10134 active=9009 t=1791483462889
EPOCH_RECONCILED epoch=2 reporter=633D9D614858AB1710D5D8C3180E2A082DC97208BA8C26BA6C6D1A86C8E31CC0 complete=true entries=2775 total=2775 symbols=0 dropped=false t=1791483462893
EPOCH_ENDED epoch=3 elections=9863 active=8716 t=1791483462893
EPOCH_CLOSE_UNREADY epoch=2 short_of=reports usable=4 weight=4 required=5 held=4 theirs=["A353E45E:6415510A:8234BF0D", "633D9D61:829A0DAA:7224A63E", "D315857C:0B288428:D1271D2B", "911999B2:6EB39AA7:C947369A"] t=1791483462899
EPOCH_ENDED epoch=3 elections=9822 active=8694 t=1791483462912
EPOCH_DRAIN_WAIT epoch=3 unterminated=2260 previous_closed=false first=["C3E7F7362CF2174AD374D878AD418BF7B85C02E3D10B94F8172F3DA2CE66DD8E:active:1:3", "AC3A9CD7EFE3B39F11E0530C271D1893D364574639379B8D56FF02B975375B83:active:1:3", "66C4A5BBEC173E61EF3AECC33021C1959A3FF36AAF29BEA8166C6EA3C21018C2:active:2:5"] t=1791483462914
EPOCH_CLOSE_READY epoch=2 t=1791483462927
EPOCH_CLOSE_ROUND epoch=2 round=0 leader=735FE217D91E88EA82324C5883296385FA0041C2FAC85C827BAA46DA1E14B83F leads=false t=1791483462934
EPOCH_DRAIN_WAIT epoch=3 unterminated=2298 previous_closed=false first=["C293C6F9587F46C47397163DEE1F3E7306B5952940578F4B250E3087DCF66684:active:2:3", "AC3A9CD7EFE3B39F11E0530C271D1893D364574639379B8D56FF02B975375B83:active:1:3", "976757C2BC6F9800D4FD298FD82CE02EB3CFC11781F477FFF254F7AA86B41B7A:active:2:3"] t=1791483462934
EPOCH_FOLLOW cemented=4 cementing=0 requested=0 pending=311 t=1791483462998
EPOCH_CLOSE_READY epoch=2 t=1791483463027
EPOCH_CLOSE_ROUND epoch=2 round=0 leader=735FE217D91E88EA82324C5883296385FA0041C2FAC85C827BAA46DA1E14B83F leads=false t=1791483463031
EPOCH_DRAIN_WAIT epoch=3 unterminated=2563 previous_closed=false first=["C3E7F7362CF2174AD374D878AD418BF7B85C02E3D10B94F8172F3DA2CE66DD8E:active:2:3", "C293C6F9587F46C47397163DEE1F3E7306B5952940578F4B250E3087DCF66684:active:2:3", "AC3A9CD7EFE3B39F11E0530C271D1893D364574639379B8D56FF02B975375B83:active:2:3"] t=1791483463031
EPOCH_RECONCILED epoch=2 reporter=633D9D614858AB1710D5D8C3180E2A082DC97208BA8C26BA6C6D1A86C8E31CC0 complete=true entries=2775 total=2775 symbols=0 dropped=false t=1791483463060
EPOCH_CLOSE_READY epoch=2 t=1791483463164
EPOCH_ENDED epoch=3 elections=10136 active=8996 t=1791483463170
EPOCH_CLOSE_ROUND epoch=2 round=0 leader=735FE217D91E88EA82324C5883296385FA0041C2FAC85C827BAA46DA1E14B83F leads=false t=1791483463170
EPOCH_DRAIN_WAIT epoch=3 unterminated=2565 previous_closed=false first=["C3E7F7362CF2174AD374D878AD418BF7B85C02E3D10B94F8172F3DA2CE66DD8E:active:2:3", "C293C6F9587F46C47397163DEE1F3E7306B5952940578F4B250E3087DCF66684:active:2:3", "AC3A9CD7EFE3B39F11E0530C271D1893D364574639379B8D56FF02B975375B83:active:2:3"] t=1791483463170
EPOCH_CLOSE_READY epoch=2 t=1791483463215
EPOCH_CLOSE_ROUND epoch=2 round=0 leader=735FE217D91E88EA82324C5883296385FA0041C2FAC85C827BAA46DA1E14B83F leads=false t=1791483463242
EPOCH_DRAIN_WAIT epoch=3 unterminated=2564 previous_closed=false first=["C3E7F7362CF2174AD374D878AD418BF7B85C02E3D10B94F8172F3DA2CE66DD8E:active:2:3", "C293C6F9587F46C47397163DEE1F3E7306B5952940578F4B250E3087DCF66684:active:2:3", "AC3A9CD7EFE3B39F11E0530C271D1893D364574639379B8D56FF02B975375B83:active:2:3"] t=1791483463244
EPOCH_RECONCILED epoch=2 reporter=633D9D614858AB1710D5D8C3180E2A082DC97208BA8C26BA6C6D1A86C8E31CC0 complete=true entries=2775 total=2775 symbols=0 dropped=false t=1791483463288
EPOCH_CLOSE_READY epoch=2 t=1791483463411
EPOCH_CLOSE_ROUND epoch=2 round=0 leader=735FE217D91E88EA82324C5883296385FA0041C2FAC85C827BAA46DA1E14B83F leads=false t=1791483463415
EPOCH_FOLLOW cemented=4 cementing=0 requested=0 pending=267 t=1791483463829
EPOCH_DRAIN_WAIT epoch=3 unterminated=2300 previous_closed=false first=["C293C6F9587F46C47397163DEE1F3E7306B5952940578F4B250E3087DCF66684:active:2:3", "AC3A9CD7EFE3B39F11E0530C271D1893D364574639379B8D56FF02B975375B83:active:1:3", "976757C2BC6F9800D4FD298FD82CE02EB3CFC11781F477FFF254F7AA86B41B7A:active:2:3"] t=1791483463934
EPOCH_FOLLOW cemented=6 cementing=0 requested=0 pending=305 t=1791483464022
EPOCH_DRAIN_WAIT epoch=3 unterminated=2563 previous_closed=false first=["C3E7F7362CF2174AD374D878AD418BF7B85C02E3D10B94F8172F3DA2CE66DD8E:active:2:3", "C293C6F9587F46C47397163DEE1F3E7306B5952940578F4B250E3087DCF66684:active:2:3", "AC3A9CD7EFE3B39F11E0530C271D1893D364574639379B8D56FF02B975375B83:active:2:3"] t=1791483464065
EPOCH_DRAIN_WAIT epoch=3 unterminated=2266 previous_closed=false first=["C3E7F7362CF2174AD374D878AD418BF7B85C02E3D10B94F8172F3DA2CE66DD8E:active:1:3", "AC3A9CD7EFE3B39F11E0530C271D1893D364574639379B8D56FF02B975375B83:active:1:3", "66C4A5BBEC173E61EF3AECC33021C1959A3FF36AAF29BEA8166C6EA3C21018C2:active:2:5"] t=1791483464152
EPOCH_DRAIN_WAIT epoch=3 unterminated=2565 previous_closed=false first=["C3E7F7362CF2174AD374D878AD418BF7B85C02E3D10B94F8172F3DA2CE66DD8E:active:2:3", "C293C6F9587F46C47397163DEE1F3E7306B5952940578F4B250E3087DCF66684:active:2:3", "AC3A9CD7EFE3B39F11E0530C271D1893D364574639379B8D56FF02B975375B83:active:2:3"] t=1791483464451
EPOCH_DRAIN_WAIT epoch=3 unterminated=2564 previous_closed=false first=["C3E7F7362CF2174AD374D878AD418BF7B85C02E3D10B94F8172F3DA2CE66DD8E:active:2:3", "C293C6F9587F46C47397163DEE1F3E7306B5952940578F4B250E3087DCF66684:active:2:3", "AC3A9CD7EFE3B39F11E0530C271D1893D364574639379B8D56FF02B975375B83:active:2:3"] t=1791483464467
EPOCH_FOLLOW cemented=2 cementing=0 requested=265 pending=265 t=1791483464871
EPOCH_FOLLOW cemented=3 cementing=0 requested=295 pending=302 t=1791483465050
EPOCH_DRAIN_WAIT epoch=3 unterminated=2412 previous_closed=false first=["C3E7F7362CF2174AD374D878AD418BF7B85C02E3D10B94F8172F3DA2CE66DD8E:active:1:3", "C293C6F9587F46C47397163DEE1F3E7306B5952940578F4B250E3087DCF66684:active:2:3", "AC3A9CD7EFE3B39F11E0530C271D1893D364574639379B8D56FF02B975375B83:active:1:3"] t=1791483465187
EPOCH_DRAIN_WAIT epoch=3 unterminated=2563 previous_closed=false first=["C3E7F7362CF2174AD374D878AD418BF7B85C02E3D10B94F8172F3DA2CE66DD8E:active:2:3", "C293C6F9587F46C47397163DEE1F3E7306B5952940578F4B250E3087DCF66684:active:2:3", "AC3A9CD7EFE3B39F11E0530C271D1893D364574639379B8D56FF02B975375B83:active:2:3"] t=1791483465318
EPOCH_DRAIN_WAIT epoch=3 unterminated=2352 previous_closed=false first=["C3E7F7362CF2174AD374D878AD418BF7B85C02E3D10B94F8172F3DA2CE66DD8E:active:1:3", "C293C6F9587F46C47397163DEE1F3E7306B5952940578F4B250E3087DCF66684:active:1:3", "AC3A9CD7EFE3B39F11E0530C271D1893D364574639379B8D56FF02B975375B83:active:1:3"] t=1791483465476
EPOCH_DRAIN_WAIT epoch=3 unterminated=2564 previous_closed=false first=["C3E7F7362CF2174AD374D878AD418BF7B85C02E3D10B94F8172F3DA2CE66DD8E:active:2:3", "C293C6F9587F46C47397163DEE1F3E7306B5952940578F4B250E3087DCF66684:active:2:3", "AC3A9CD7EFE3B39F11E0530C271D1893D364574639379B8D56FF02B975375B83:active:2:3"] t=1791483465518
EPOCH_DRAIN_WAIT epoch=3 unterminated=2565 previous_closed=false first=["C3E7F7362CF2174AD374D878AD418BF7B85C02E3D10B94F8172F3DA2CE66DD8E:active:2:3", "C293C6F9587F46C47397163DEE1F3E7306B5952940578F4B250E3087DCF66684:active:2:3", "AC3A9CD7EFE3B39F11E0530C271D1893D364574639379B8D56FF02B975375B83:active:2:3"] t=1791483465549
EPOCH_CLOSE_ROUND epoch=2 round=1 leader=911999B2AEFA7ACC66EBD802B3301FF6CE431405107749D940277955CB7FDD07 leads=false t=1791483465633
EPOCH_CLOSE_ROUND epoch=2 round=1 leader=911999B2AEFA7ACC66EBD802B3301FF6CE431405107749D940277955CB7FDD07 leads=false t=1791483465701
EPOCH_CLOSE_ROUND epoch=2 round=1 leader=911999B2AEFA7ACC66EBD802B3301FF6CE431405107749D940277955CB7FDD07 leads=false t=1791483465787
EPOCH_CLOSE_ROUND epoch=2 round=1 leader=911999B2AEFA7ACC66EBD802B3301FF6CE431405107749D940277955CB7FDD07 leads=true t=1791483465827
EPOCH_CLOSE_ROUND epoch=2 round=1 leader=911999B2AEFA7ACC66EBD802B3301FF6CE431405107749D940277955CB7FDD07 leads=false t=1791483465828
EPOCH_FOLLOW cemented=115 cementing=0 requested=0 pending=150 t=1791483465901
EPOCH_FOLLOW cemented=86 cementing=0 requested=0 pending=216 t=1791483466091
EPOCH_DRAIN_WAIT epoch=3 unterminated=2419 previous_closed=false first=["C3E7F7362CF2174AD374D878AD418BF7B85C02E3D10B94F8172F3DA2CE66DD8E:active:1:3", "C293C6F9587F46C47397163DEE1F3E7306B5952940578F4B250E3087DCF66684:active:2:3", "AC3A9CD7EFE3B39F11E0530C271D1893D364574639379B8D56FF02B975375B83:active:1:3"] t=1791483466417
EPOCH_DRAIN_WAIT epoch=3 unterminated=2563 previous_closed=false first=["C3E7F7362CF2174AD374D878AD418BF7B85C02E3D10B94F8172F3DA2CE66DD8E:active:2:3", "C293C6F9587F46C47397163DEE1F3E7306B5952940578F4B250E3087DCF66684:active:2:3", "AC3A9CD7EFE3B39F11E0530C271D1893D364574639379B8D56FF02B975375B83:active:2:3"] t=1791483466632
EPOCH_DRAIN_WAIT epoch=3 unterminated=2355 previous_closed=false first=["C3E7F7362CF2174AD374D878AD418BF7B85C02E3D10B94F8172F3DA2CE66DD8E:active:1:3", "C293C6F9587F46C47397163DEE1F3E7306B5952940578F4B250E3087DCF66684:active:1:3", "AC3A9CD7EFE3B39F11E0530C271D1893D364574639379B8D56FF02B975375B83:active:1:3"] t=1791483466693
EPOCH_DRAIN_WAIT epoch=3 unterminated=2565 previous_closed=false first=["C3E7F7362CF2174AD374D878AD418BF7B85C02E3D10B94F8172F3DA2CE66DD8E:active:2:3", "C293C6F9587F46C47397163DEE1F3E7306B5952940578F4B250E3087DCF66684:active:2:3", "AC3A9CD7EFE3B39F11E0530C271D1893D364574639379B8D56FF02B975375B83:active:2:3"] t=1791483466810
EPOCH_FOLLOW cemented=3 cementing=0 requested=0 pending=147 t=1791483466930
EPOCH_FOLLOW cemented=2 cementing=0 requested=7 pending=214 t=1791483467123
EPOCH_DERIVE_TIMING epoch=2 claims=49256 claim_ms=330 manifest_ms=163 build_ms=718 t=1791483467431
EPOCH_PROPOSED epoch=2 round=1 value=B67372D246F26CB9FC518CA3B09F407605825C289B8428E249C532A978C2E94F state=66D24A53D403ABBFDB910F10B65CA69AB6442D281B4F19A6375AF786D8B3DE59 reports=5 t=1791483467433
EPOCH_VALUE epoch=2 value=B67372D246F26CB9FC518CA3B09F407605825C289B8428E249C532A978C2E94F state=66D24A53D403ABBFDB910F10B65CA69AB6442D281B4F19A6375AF786D8B3DE59 t=1791483467448
EPOCH_DRAIN_WAIT epoch=3 unterminated=2564 previous_closed=false first=["C3E7F7362CF2174AD374D878AD418BF7B85C02E3D10B94F8172F3DA2CE66DD8E:active:2:3", "C293C6F9587F46C47397163DEE1F3E7306B5952940578F4B250E3087DCF66684:active:2:3", "AC3A9CD7EFE3B39F11E0530C271D1893D364574639379B8D56FF02B975375B83:active:2:3"] t=1791483467458
EPOCH_FOLLOW cemented=2 cementing=0 requested=0 pending=145 t=1791483467965
EPOCH_MANIFEST_FETCHED epoch=2 manifest=8958B9E0082099C43FE2777290F1199B7D652D3169C01DCAF3E1288A32BA9957 entries=35923 t=1791483468089
EPOCH_MANIFEST_FETCHED epoch=2 manifest=8958B9E0082099C43FE2777290F1199B7D652D3169C01DCAF3E1288A32BA9957 entries=35923 t=1791483468103
EPOCH_MANIFEST_FETCHED epoch=2 manifest=8958B9E0082099C43FE2777290F1199B7D652D3169C01DCAF3E1288A32BA9957 entries=35923 t=1791483468114
EPOCH_FOLLOW cemented=8 cementing=0 requested=0 pending=206 t=1791483468148
EPOCH_MANIFEST_FETCHED epoch=2 manifest=8958B9E0082099C43FE2777290F1199B7D652D3169C01DCAF3E1288A32BA9957 entries=35923 t=1791483468207
EPOCH_MANIFEST_VOTES_MISSING epoch=2 manifest=8958B9E0082099C43FE2777290F1199B7D652D3169C01DCAF3E1288A32BA9957 hashes=2 t=1791483468531
EPOCH_DRAIN_WAIT epoch=3 unterminated=2564 previous_closed=false first=["C3E7F7362CF2174AD374D878AD418BF7B85C02E3D10B94F8172F3DA2CE66DD8E:active:2:3", "C293C6F9587F46C47397163DEE1F3E7306B5952940578F4B250E3087DCF66684:active:2:3", "AC3A9CD7EFE3B39F11E0530C271D1893D364574639379B8D56FF02B975375B83:active:2:3"] t=1791483468662
EPOCH_MANIFEST_VOTES_MISSING epoch=2 manifest=8958B9E0082099C43FE2777290F1199B7D652D3169C01DCAF3E1288A32BA9957 hashes=4 t=1791483468872
EPOCH_FOLLOW cemented=2 cementing=0 requested=0 pending=143 t=1791483469003
EPOCH_FOLLOW cemented=1 cementing=0 requested=0 pending=205 t=1791483469175
EPOCH_VALIDATE_TIMING epoch=2 evidence_ms=785 build_ms=731 t=1791483469486
EPOCH_VALUE epoch=2 value=B67372D246F26CB9FC518CA3B09F407605825C289B8428E249C532A978C2E94F state=66D24A53D403ABBFDB910F10B65CA69AB6442D281B4F19A6375AF786D8B3DE59 t=1791483469488
EPOCH_DRAIN_WAIT epoch=3 unterminated=2563 previous_closed=false first=["C3E7F7362CF2174AD374D878AD418BF7B85C02E3D10B94F8172F3DA2CE66DD8E:active:2:3", "C293C6F9587F46C47397163DEE1F3E7306B5952940578F4B250E3087DCF66684:active:2:3", "AC3A9CD7EFE3B39F11E0530C271D1893D364574639379B8D56FF02B975375B83:active:2:3"] t=1791483469510
EPOCH_VALIDATE_TIMING epoch=2 evidence_ms=1045 build_ms=533 t=1791483469564
EPOCH_VALUE epoch=2 value=B67372D246F26CB9FC518CA3B09F407605825C289B8428E249C532A978C2E94F state=66D24A53D403ABBFDB910F10B65CA69AB6442D281B4F19A6375AF786D8B3DE59 t=1791483469565
EPOCH_VALIDATE_TIMING epoch=2 evidence_ms=694 build_ms=419 t=1791483469656
EPOCH_VALUE epoch=2 value=B67372D246F26CB9FC518CA3B09F407605825C289B8428E249C532A978C2E94F state=66D24A53D403ABBFDB910F10B65CA69AB6442D281B4F19A6375AF786D8B3DE59 t=1791483469671
EPOCH_DRAIN_WAIT epoch=3 unterminated=2424 previous_closed=false first=["C3E7F7362CF2174AD374D878AD418BF7B85C02E3D10B94F8172F3DA2CE66DD8E:active:1:3", "C293C6F9587F46C47397163DEE1F3E7306B5952940578F4B250E3087DCF66684:active:2:3", "AC3A9CD7EFE3B39F11E0530C271D1893D364574639379B8D56FF02B975375B83:active:1:3"] t=1791483469684
EPOCH_VALIDATE_TIMING epoch=2 evidence_ms=534 build_ms=273 t=1791483469693
EPOCH_VALUE epoch=2 value=B67372D246F26CB9FC518CA3B09F407605825C289B8428E249C532A978C2E94F state=66D24A53D403ABBFDB910F10B65CA69AB6442D281B4F19A6375AF786D8B3DE59 t=1791483469697
EPOCH_DRAIN_WAIT epoch=3 unterminated=2565 previous_closed=false first=["C3E7F7362CF2174AD374D878AD418BF7B85C02E3D10B94F8172F3DA2CE66DD8E:active:2:3", "C293C6F9587F46C47397163DEE1F3E7306B5952940578F4B250E3087DCF66684:active:2:3", "AC3A9CD7EFE3B39F11E0530C271D1893D364574639379B8D56FF02B975375B83:active:2:3"] t=1791483469710
EPOCH_DRAIN_WAIT epoch=3 unterminated=2360 previous_closed=false first=["C3E7F7362CF2174AD374D878AD418BF7B85C02E3D10B94F8172F3DA2CE66DD8E:active:1:3", "C293C6F9587F46C47397163DEE1F3E7306B5952940578F4B250E3087DCF66684:active:1:3", "AC3A9CD7EFE3B39F11E0530C271D1893D364574639379B8D56FF02B975375B83:active:1:3"] t=1791483469746
EPOCH_CLOSE_ROUND epoch=2 round=2 leader=A353E45E6D0016CAEED0DFA4EC5B0640E2AA22A793F9F2375E77F1AB92977C04 leads=false t=1791483469833
EPOCH_INSTALL epoch=2 finalized=15110 instances_confirmed=1536 t=1791483469879
EPOCH_INSTALL epoch=2 finalized=15110 instances_confirmed=1536 t=1791483469879
EPOCH_LATE_NOTAR epoch=2 blocks=1051 notarized=504 cast=20753 t=1791483469880
EPOCH_LATE_NOTAR epoch=2 blocks=1056 notarized=504 cast=20347 t=1791483469880
EPOCH_INSTALL epoch=2 finalized=15110 instances_confirmed=1536 t=1791483469882
EPOCH_INSTALL epoch=2 finalized=15110 instances_confirmed=1536 t=1791483469883
EPOCH_LATE_NOTAR epoch=2 blocks=1056 notarized=504 cast=20566 t=1791483469883
EPOCH_LATE_NOTAR epoch=2 blocks=1051 notarized=504 cast=20957 t=1791483469884
EPOCH_GATE epoch=3 released=2495 finalized=0 t=1791483469891
EPOCH_GATE epoch=3 released=2699 finalized=0 t=1791483469895
EPOCH_GATE epoch=3 released=2699 finalized=0 t=1791483469896
EPOCH_GATE epoch=3 released=2557 finalized=0 t=1791483469901
EPOCH_COMMITTEE derived_by=2 members=6 accounts=10751 n=6 digest=95D409445152DD075E6A4799205DFA5689496EB8EE1A22AC2A200B9DBC2DCF27 shares=["735FE217:16.7%", "A353E45E:16.7%", "D315857C:16.7%", "911999B2:16.7%", "633D9D61:16.7%", "65A90023:16.7%"] t=1791483469916
EPOCH_COMMITTEE derived_by=2 members=6 accounts=10751 n=6 digest=95D409445152DD075E6A4799205DFA5689496EB8EE1A22AC2A200B9DBC2DCF27 shares=["735FE217:16.7%", "A353E45E:16.7%", "D315857C:16.7%", "911999B2:16.7%", "633D9D61:16.7%", "65A90023:16.7%"] t=1791483469920
EPOCH_LOCKS_CONTINUED epoch=2 instances=83 t=1791483469924
EPOCH_LOCKS epoch=2 continued=0 kinds={"locks=1 kind=Some(Recovery) nc_here=false saved=false": 2750, "locks=1 kind=Some(Recovery) nc_here=false saved=true": 17} t=1791483469925
EPOCH_OMITTED epoch=2 instances=16 retained=2767 t=1791483469925
EPOCH_CLOSED epoch=2 round=1 value=B67372D246F26CB9FC518CA3B09F407605825C289B8428E249C532A978C2E94F state=66D24A53D403ABBFDB910F10B65CA69AB6442D281B4F19A6375AF786D8B3DE59 t=1791483469925
EPOCH_COMMITTEE derived_by=2 members=6 accounts=10751 n=6 digest=95D409445152DD075E6A4799205DFA5689496EB8EE1A22AC2A200B9DBC2DCF27 shares=["735FE217:16.7%", "A353E45E:16.7%", "D315857C:16.7%", "911999B2:16.7%", "633D9D61:16.7%", "65A90023:16.7%"] t=1791483469926
EPOCH_LOCKS epoch=2 continued=83 kinds={"locks=1 kind=Some(Recovery) nc_here=false saved=true": 2768} t=1791483469928
EPOCH_OMITTED epoch=2 instances=16 retained=2768 t=1791483469928
EPOCH_CLOSED epoch=2 round=1 value=B67372D246F26CB9FC518CA3B09F407605825C289B8428E249C532A978C2E94F state=66D24A53D403ABBFDB910F10B65CA69AB6442D281B4F19A6375AF786D8B3DE59 t=1791483469928
EPOCH_LOCKS_CONTINUED epoch=2 instances=83 t=1791483469929
EPOCH_LOCKS epoch=2 continued=83 kinds={"locks=1 kind=Some(Recovery) nc_here=false saved=true": 2768} t=1791483469933
EPOCH_OMITTED epoch=2 instances=16 retained=2768 t=1791483469933
EPOCH_CLOSED epoch=2 round=1 value=B67372D246F26CB9FC518CA3B09F407605825C289B8428E249C532A978C2E94F state=66D24A53D403ABBFDB910F10B65CA69AB6442D281B4F19A6375AF786D8B3DE59 t=1791483469933
EPOCH_INSTALL epoch=2 finalized=15110 instances_confirmed=1536 t=1791483469935
EPOCH_LATE_NOTAR epoch=2 blocks=1055 notarized=504 cast=20500 t=1791483469936
EPOCH_COMMITTEE derived_by=2 members=6 accounts=10751 n=6 digest=95D409445152DD075E6A4799205DFA5689496EB8EE1A22AC2A200B9DBC2DCF27 shares=["735FE217:16.7%", "A353E45E:16.7%", "D315857C:16.7%", "911999B2:16.7%", "633D9D61:16.7%", "65A90023:16.7%"] t=1791483469937
EPOCH_LOCKS epoch=2 continued=0 kinds={"locks=1 kind=Some(Recovery) nc_here=false saved=false": 2750, "locks=1 kind=Some(Recovery) nc_here=false saved=true": 16} t=1791483469945
EPOCH_OMITTED epoch=2 instances=16 retained=2766 t=1791483469945
EPOCH_CLOSED epoch=2 round=1 value=B67372D246F26CB9FC518CA3B09F407605825C289B8428E249C532A978C2E94F state=66D24A53D403ABBFDB910F10B65CA69AB6442D281B4F19A6375AF786D8B3DE59 t=1791483469945
EPOCH_GATE epoch=3 released=2699 finalized=0 t=1791483469947
EPOCH_COMMITTEE derived_by=2 members=6 accounts=10751 n=6 digest=95D409445152DD075E6A4799205DFA5689496EB8EE1A22AC2A200B9DBC2DCF27 shares=["735FE217:16.7%", "A353E45E:16.7%", "D315857C:16.7%", "911999B2:16.7%", "633D9D61:16.7%", "65A90023:16.7%"] t=1791483469999
EPOCH_LOCKS_CONTINUED epoch=2 instances=83 t=1791483470002
EPOCH_CARRIED epoch=3 instances=2647 split=135 t=1791483470010
EPOCH_ADVANCED epoch=4 elections=9595 active=9060 vote_records=487434 t=1791483470010
EPOCH_LOCKS epoch=2 continued=83 kinds={"locks=1 kind=Some(Recovery) nc_here=false saved=true": 2768} t=1791483470011
EPOCH_OMITTED epoch=2 instances=16 retained=2768 t=1791483470011
EPOCH_CLOSED epoch=2 round=1 value=B67372D246F26CB9FC518CA3B09F407605825C289B8428E249C532A978C2E94F state=66D24A53D403ABBFDB910F10B65CA69AB6442D281B4F19A6375AF786D8B3DE59 t=1791483470011
EPOCH_INSTALLED epoch=2 finalized=15110 cemented=15110 queued=0 missing=0 t=1791483470024
EPOCH_RETAINED epoch=2 retained=2768 held=1197 missing=1571 t=1791483470026
EPOCH_CARRIED epoch=3 instances=2421 split=136 t=1791483470032
EPOCH_ADVANCED epoch=4 elections=7988 active=7446 vote_records=487479 t=1791483470032
EPOCH_CARRIED epoch=3 instances=2648 split=134 t=1791483470077
EPOCH_ADVANCED epoch=4 elections=9596 active=8798 vote_records=487711 t=1791483470077
EPOCH_INSTALLED epoch=2 finalized=15110 cemented=15110 queued=0 missing=0 t=1791483470108
EPOCH_RETAINED epoch=2 retained=2768 held=2768 missing=0 t=1791483470110
EPOCH_CARRIED epoch=3 instances=2360 split=136 t=1791483470123
EPOCH_ADVANCED epoch=4 elections=7867 active=6816 vote_records=488555 t=1791483470123
EPOCH_FOLLOW cemented=9 cementing=0 requested=1363 pending=1564 t=1791483470240
EPOCH_INSTALLED epoch=2 finalized=15110 cemented=15110 queued=0 missing=0 t=1791483470455
EPOCH_RETAINED epoch=2 retained=2768 held=2768 missing=0 t=1791483470460
EPOCH_INSTALLED epoch=2 finalized=15110 cemented=15110 queued=0 missing=0 t=1791483470465
EPOCH_RETAINED epoch=2 retained=2768 held=1261 missing=1507 t=1791483470466
EPOCH_CLOSE_UNREADY epoch=3 short_of=reports usable=0 weight=0 required=5 held=0 theirs=[] t=1791483470468
EPOCH_EVIDENCE_RELEASED epoch=2 t=1791483470473
EPOCH_EVIDENCE_RELEASED epoch=2 t=1791483470493
EPOCH_EVIDENCE_RELEASED epoch=2 t=1791483470532
EPOCH_EVIDENCE_RELEASED epoch=2 t=1791483470538
EPOCH_EVIDENCE_RELEASED epoch=2 t=1791483470559
EPOCH_CLOSE_UNREADY epoch=3 short_of=reports usable=0 weight=0 required=5 held=0 theirs=[] t=1791483470739
EPOCH_LOCKS_CONTINUED epoch=2 instances=128 t=1791483470746
EPOCH_CLOSE_UNREADY epoch=3 short_of=reports usable=0 weight=0 required=5 held=0 theirs=[] t=1791483470855
EPOCH_CLOSE_UNREADY epoch=3 short_of=reports usable=0 weight=0 required=5 held=0 theirs=[] t=1791483470857
EPOCH_INSTALLED epoch=2 finalized=15110 cemented=15110 queued=0 missing=0 t=1791483470885
EPOCH_RETAINED epoch=2 retained=2768 held=2768 missing=0 t=1791483470886
EPOCH_LOCKS_CONTINUED epoch=2 instances=128 t=1791483470930
EPOCH_CARRIED epoch=3 instances=2646 split=136 t=1791483471009
EPOCH_ADVANCED epoch=4 elections=9594 active=7871 vote_records=498323 t=1791483471009
EPOCH_ENDED epoch=4 elections=9594 active=7871 t=1791483471010
EPOCH_FOLLOW cemented=32 cementing=0 requested=1349 pending=1479 t=1791483471077
EPOCH_LOCKS_CONTINUED epoch=2 instances=1 t=1791483471136
EPOCH_ENDED epoch=4 elections=9725 active=8002 t=1791483471136
EPOCH_DRAIN_WAIT epoch=4 unterminated=2777 previous_closed=false first=["C3E7F7362CF2174AD374D878AD418BF7B85C02E3D10B94F8172F3DA2CE66DD8E:active:2:2", "C293C6F9587F46C47397163DEE1F3E7306B5952940578F4B250E3087DCF66684:active:2:2", "AC3A9CD7EFE3B39F11E0530C271D1893D364574639379B8D56FF02B975375B83:active:2:2"] t=1791483471136
EPOCH_ENDED epoch=4 elections=8003 active=5286 t=1791483471225
EPOCH_DRAIN_WAIT epoch=4 unterminated=183 previous_closed=false first=["976757C2BC6F9800D4FD298FD82CE02EB3CFC11781F477FFF254F7AA86B41B7A:active:2:3", "F5D898484A420F8BDB660603488AD85203527D673CA5C1AC52E36AE9B08A0965:active:2:3", "4B08A2D646C72B53FA166CF57E123900EC6940E5388C3FE8EB49D9228C6BCB6F:active:2:3"] t=1791483471226
EPOCH_LOCKS_CONTINUED epoch=2 instances=2 t=1791483471245
EPOCH_ENDED epoch=4 elections=9725 active=8170 t=1791483471245
EPOCH_DRAIN_WAIT epoch=4 unterminated=2777 previous_closed=false first=["C3E7F7362CF2174AD374D878AD418BF7B85C02E3D10B94F8172F3DA2CE66DD8E:active:2:0", "C293C6F9587F46C47397163DEE1F3E7306B5952940578F4B250E3087DCF66684:active:2:0", "AC3A9CD7EFE3B39F11E0530C271D1893D364574639379B8D56FF02B975375B83:active:2:0"] t=1791483471245
EPOCH_FOLLOW cemented=439 cementing=0 requested=946 pending=1125 t=1791483471261
EPOCH_ENDED epoch=4 elections=8045 active=5238 t=1791483471313
EPOCH_DRAIN_WAIT epoch=4 unterminated=279 previous_closed=false first=["F2D778E3642F4E50C2CE44DFC1D3FA291329008B16885C74E02835D6948F46CD:active:2:1", "1FDBA58D8B027FB09E9DC9CE9058123B772A5D62E299E4ED1C8B857ED204A7E4:active:2:3", "CADDBEC39296B6536A99DF1307BF48B86974B21955BCE36A9373BDEBD5C13599:active:2:3"] t=1791483471314
EPOCH_CLOSE_UNREADY epoch=3 short_of=reports usable=0 weight=0 required=5 held=0 theirs=[] t=1791483471577
EPOCH_CLOSE_UNREADY epoch=3 short_of=reports usable=0 weight=0 required=5 held=0 theirs=[] t=1791483471617
EPOCH_LOCKS_CONTINUED epoch=2 instances=2 t=1791483471620
EPOCH_DRAIN_WAIT epoch=4 unterminated=2672 previous_closed=false first=["976757C2BC6F9800D4FD298FD82CE02EB3CFC11781F477FFF254F7AA86B41B7A:active:2:3", "66C4A5BBEC173E61EF3AECC33021C1959A3FF36AAF29BEA8166C6EA3C21018C2:active:2:2", "F2D778E3642F4E50C2CE44DFC1D3FA291329008B16885C74E02835D6948F46CD:active:2:2"] t=1791483471620
EPOCH_REPORT epoch=3 certified=45034 residual=2699 root=D5BCD1C031F261D7B383743D1F3F6C8B886F7F442C3383C33A6A155D7FB8C370 reports=1 t=1791483471892
EPOCH_CLOSE_UNREADY epoch=3 short_of=reports usable=1 weight=1 required=5 held=0 theirs=[] t=1791483471900
EPOCH_REPORT epoch=3 certified=45034 residual=1316 root=8767153ECA9D26C826C4AF89E4D059CB9C9C7FBD01F65407D1411FEC3655FBA9 reports=1 t=1791483471932
EPOCH_REPORT epoch=3 certified=45034 residual=1986 root=A7836420F1D0256C6E59BB6A400205CFBA732DEB6E0897DCDA840D01C24CB809 reports=1 t=1791483471987
EPOCH_FOLLOW cemented=299 cementing=0 requested=1060 pending=1180 t=1791483472111
EPOCH_REPORT epoch=3 certified=45034 residual=2527 root=CE5429EE63C0E326B8CFD6B8BFAD51E869F8973D8C863DA4F954A2BA5B00CDE0 reports=1 t=1791483472159
EPOCH_FOLLOW cemented=433 cementing=0 requested=0 pending=692 t=1791483472280
EPOCH_REPORT epoch=3 certified=45034 residual=1602 root=09C3A4C2B68F73978C1B08611D7BBF84E666427E6AFE381C7DDF1CCDAC50A62B reports=1 t=1791483472443
EPOCH_RECONCILED epoch=3 reporter=911999B2AEFA7ACC66EBD802B3301FF6CE431405107749D940277955CB7FDD07 complete=false entries=2174 total=45034 symbols=3228 dropped=false t=1791483472573
EPOCH_RECONCILED epoch=3 reporter=911999B2AEFA7ACC66EBD802B3301FF6CE431405107749D940277955CB7FDD07 complete=false entries=2360 total=45034 symbols=3228 dropped=false t=1791483472579
EPOCH_RECONCILED epoch=3 reporter=911999B2AEFA7ACC66EBD802B3301FF6CE431405107749D940277955CB7FDD07 complete=false entries=2360 total=45034 symbols=3228 dropped=false t=1791483472641
EPOCH_CLOSE_UNREADY epoch=3 short_of=reports usable=1 weight=1 required=5 held=4 theirs=["65A90023:A7836420:94C5FA4D", "A353E45E:8767153E:C5E017EA", "911999B2:D5BCD1C0:385534E9", "D315857C:09C3A4C2:8770B4AC"] t=1791483472725
EPOCH_DRAIN_WAIT epoch=4 unterminated=1496 previous_closed=false first=["66C4A5BBEC173E61EF3AECC33021C1959A3FF36AAF29BEA8166C6EA3C21018C2:active:2:2", "F2D778E3642F4E50C2CE44DFC1D3FA291329008B16885C74E02835D6948F46CD:active:2:3", "4668478BD713E6ADBBCBC92B41D2D3227743F2AF4620D389C6088EE44744C0E2:active:2:2"] t=1791483472728
EPOCH_DRAIN_WAIT epoch=4 unterminated=1366 previous_closed=false first=["66C4A5BBEC173E61EF3AECC33021C1959A3FF36AAF29BEA8166C6EA3C21018C2:active:2:3", "F2D778E3642F4E50C2CE44DFC1D3FA291329008B16885C74E02835D6948F46CD:active:2:3", "4668478BD713E6ADBBCBC92B41D2D3227743F2AF4620D389C6088EE44744C0E2:active:2:3"] t=1791483473041
EPOCH_CLOSE_UNREADY epoch=3 short_of=reports usable=1 weight=1 required=5 held=4 theirs=["D315857C:09C3A4C2:8770B4AC", "633D9D61:CE5429EE:5849D32D", "911999B2:D5BCD1C0:385534E9", "65A90023:A7836420:94C5FA4D"] t=1791483473087
EPOCH_DRAIN_WAIT epoch=4 unterminated=544 previous_closed=false first=["4668478BD713E6ADBBCBC92B41D2D3227743F2AF4620D389C6088EE44744C0E2:active:1:3", "CA42F20868F8E29F0434593211ED44F1F1A0690641D75FE6E922836345F8545F:active:1:3", "3328453F4EA9204AB6C8ED3BB62D069374F79DE1982A4C6E4271DA5D915C65D9:active:1:3"] t=1791483473091
EPOCH_FOLLOW cemented=245 cementing=0 requested=117 pending=935 t=1791483473136
EPOCH_RECONCILED epoch=3 reporter=A353E45E6D0016CAEED0DFA4EC5B0640E2AA22A793F9F2375E77F1AB92977C04 complete=false entries=2362 total=45034 symbols=3228 dropped=false t=1791483473145
EPOCH_CLOSE_UNREADY epoch=3 short_of=reports usable=1 weight=1 required=5 held=4 theirs=["633D9D61:CE5429EE:5849D32D", "A353E45E:8767153E:C5E017EA", "911999B2:D5BCD1C0:385534E9", "65A90023:A7836420:94C5FA4D"] t=1791483473191
EPOCH_CLOSE_UNREADY epoch=3 short_of=reports usable=1 weight=1 required=5 held=4 theirs=["A353E45E:8767153E:C5E017EA", "911999B2:D5BCD1C0:385534E9", "D315857C:09C3A4C2:8770B4AC", "633D9D61:CE5429EE:5849D32D"] t=1791483473191
EPOCH_DRAIN_WAIT epoch=4 unterminated=817 previous_closed=false first=["F2D778E3642F4E50C2CE44DFC1D3FA291329008B16885C74E02835D6948F46CD:active:2:3", "4668478BD713E6ADBBCBC92B41D2D3227743F2AF4620D389C6088EE44744C0E2:active:2:3", "A12EB4D0D0497CCD70272C85A7016D425FBA87C85AFEF93E0B5494028CD86215:active:1:3"] t=1791483473195
EPOCH_RECONCILED epoch=3 reporter=A353E45E6D0016CAEED0DFA4EC5B0640E2AA22A793F9F2375E77F1AB92977C04 complete=false entries=2042 total=45034 symbols=3228 dropped=false t=1791483473275
EPOCH_DRAIN_WAIT epoch=4 unterminated=1349 previous_closed=false first=["66C4A5BBEC173E61EF3AECC33021C1959A3FF36AAF29BEA8166C6EA3C21018C2:active:2:3", "F2D778E3642F4E50C2CE44DFC1D3FA291329008B16885C74E02835D6948F46CD:active:2:3", "4668478BD713E6ADBBCBC92B41D2D3227743F2AF4620D389C6088EE44744C0E2:active:2:3"] t=1791483473292
EPOCH_RECONCILED epoch=3 reporter=911999B2AEFA7ACC66EBD802B3301FF6CE431405107749D940277955CB7FDD07 complete=false entries=2360 total=45034 symbols=3228 dropped=false t=1791483473299
EPOCH_FOLLOW cemented=5 cementing=0 requested=687 pending=687 t=1791483473301
EPOCH_RECONCILED epoch=3 reporter=65A90023F6C0D2181AAA63F005D81BBC0C04650505E21D5123F9AE1F9E992BFF complete=false entries=1334 total=45034 symbols=2228 dropped=false t=1791483473346
EPOCH_RECONCILED epoch=3 reporter=65A90023F6C0D2181AAA63F005D81BBC0C04650505E21D5123F9AE1F9E992BFF complete=false entries=1340 total=45034 symbols=2228 dropped=false t=1791483473460
EPOCH_RECONCILED epoch=3 reporter=65A90023F6C0D2181AAA63F005D81BBC0C04650505E21D5123F9AE1F9E992BFF complete=false entries=1340 total=45034 symbols=2228 dropped=false t=1791483473557
EPOCH_RECONCILED epoch=3 reporter=65A90023F6C0D2181AAA63F005D81BBC0C04650505E21D5123F9AE1F9E992BFF complete=true entries=1986 total=1986 symbols=0 dropped=false t=1791483473564
EPOCH_RECONCILED epoch=3 reporter=A353E45E6D0016CAEED0DFA4EC5B0640E2AA22A793F9F2375E77F1AB92977C04 complete=true entries=1316 total=1316 symbols=0 dropped=false t=1791483473566
EPOCH_RECONCILED epoch=3 reporter=911999B2AEFA7ACC66EBD802B3301FF6CE431405107749D940277955CB7FDD07 complete=true entries=2699 total=2699 symbols=0 dropped=false t=1791483473568
EPOCH_RECONCILED epoch=3 reporter=A353E45E6D0016CAEED0DFA4EC5B0640E2AA22A793F9F2375E77F1AB92977C04 complete=false entries=2362 total=45034 symbols=3228 dropped=false t=1791483473570
EPOCH_RECONCILED epoch=3 reporter=D315857CE70C54DE713F6E82E5613BB3A1266C15E28AD2F4338C7BBEC456F532 complete=false entries=0 total=45034 symbols=0 dropped=false t=1791483473571
EPOCH_RECONCILED epoch=3 reporter=D315857CE70C54DE713F6E82E5613BB3A1266C15E28AD2F4338C7BBEC456F532 complete=true entries=1602 total=1602 symbols=0 dropped=false t=1791483473572
EPOCH_RECONCILED epoch=3 reporter=A353E45E6D0016CAEED0DFA4EC5B0640E2AA22A793F9F2375E77F1AB92977C04 complete=true entries=1316 total=1316 symbols=0 dropped=false t=1791483473620
EPOCH_RECONCILED epoch=3 reporter=911999B2AEFA7ACC66EBD802B3301FF6CE431405107749D940277955CB7FDD07 complete=true entries=2699 total=2699 symbols=0 dropped=false t=1791483473622
EPOCH_RECONCILED epoch=3 reporter=D315857CE70C54DE713F6E82E5613BB3A1266C15E28AD2F4338C7BBEC456F532 complete=false entries=0 total=45034 symbols=0 dropped=false t=1791483473625
EPOCH_RECONCILED epoch=3 reporter=D315857CE70C54DE713F6E82E5613BB3A1266C15E28AD2F4338C7BBEC456F532 complete=true entries=1602 total=1602 symbols=0 dropped=false t=1791483473626
EPOCH_RECONCILED epoch=3 reporter=911999B2AEFA7ACC66EBD802B3301FF6CE431405107749D940277955CB7FDD07 complete=true entries=2699 total=2699 symbols=0 dropped=false t=1791483473676
EPOCH_RECONCILED epoch=3 reporter=633D9D614858AB1710D5D8C3180E2A082DC97208BA8C26BA6C6D1A86C8E31CC0 complete=false entries=1530 total=45034 symbols=2228 dropped=false t=1791483473676
EPOCH_RECONCILED epoch=3 reporter=65A90023F6C0D2181AAA63F005D81BBC0C04650505E21D5123F9AE1F9E992BFF complete=true entries=1986 total=1986 symbols=0 dropped=false t=1791483473679
EPOCH_CLOSE_READY epoch=3 t=1791483473717
EPOCH_CLOSE_ROUND epoch=3 round=0 leader=911999B2AEFA7ACC66EBD802B3301FF6CE431405107749D940277955CB7FDD07 leads=false t=1791483473720
EPOCH_RECONCILED epoch=3 reporter=A353E45E6D0016CAEED0DFA4EC5B0640E2AA22A793F9F2375E77F1AB92977C04 complete=false entries=2362 total=45034 symbols=3228 dropped=false t=1791483473731
EPOCH_RECONCILED epoch=3 reporter=A353E45E6D0016CAEED0DFA4EC5B0640E2AA22A793F9F2375E77F1AB92977C04 complete=true entries=1316 total=1316 symbols=0 dropped=false t=1791483473755
EPOCH_RECONCILED epoch=3 reporter=911999B2AEFA7ACC66EBD802B3301FF6CE431405107749D940277955CB7FDD07 complete=true entries=2699 total=2699 symbols=0 dropped=false t=1791483473774
EPOCH_RECONCILED epoch=3 reporter=D315857CE70C54DE713F6E82E5613BB3A1266C15E28AD2F4338C7BBEC456F532 complete=false entries=36 total=45034 symbols=48 dropped=false t=1791483473780
EPOCH_RECONCILED epoch=3 reporter=633D9D614858AB1710D5D8C3180E2A082DC97208BA8C26BA6C6D1A86C8E31CC0 complete=false entries=1822 total=45034 symbols=2728 dropped=false t=1791483473882
EPOCH_RECONCILED epoch=3 reporter=65A90023F6C0D2181AAA63F005D81BBC0C04650505E21D5123F9AE1F9E992BFF complete=true entries=1986 total=1986 symbols=0 dropped=false t=1791483473883
EPOCH_RECONCILED epoch=3 reporter=A353E45E6D0016CAEED0DFA4EC5B0640E2AA22A793F9F2375E77F1AB92977C04 complete=true entries=1316 total=1316 symbols=0 dropped=false t=1791483473883
EPOCH_RECONCILED epoch=3 reporter=65A90023F6C0D2181AAA63F005D81BBC0C04650505E21D5123F9AE1F9E992BFF complete=false entries=1020 total=45034 symbols=1728 dropped=false t=1791483473894
EPOCH_RECONCILED epoch=3 reporter=D315857CE70C54DE713F6E82E5613BB3A1266C15E28AD2F4338C7BBEC456F532 complete=true entries=1602 total=1602 symbols=0 dropped=false t=1791483473897
EPOCH_RECONCILED epoch=3 reporter=633D9D614858AB1710D5D8C3180E2A082DC97208BA8C26BA6C6D1A86C8E31CC0 complete=true entries=2527 total=2527 symbols=0 dropped=false t=1791483473899
EPOCH_RECONCILED epoch=3 reporter=65A90023F6C0D2181AAA63F005D81BBC0C04650505E21D5123F9AE1F9E992BFF complete=true entries=1986 total=1986 symbols=0 dropped=false t=1791483473904
EPOCH_RECONCILED epoch=3 reporter=D315857CE70C54DE713F6E82E5613BB3A1266C15E28AD2F4338C7BBEC456F532 complete=false entries=0 total=45034 symbols=0 dropped=false t=1791483473907
EPOCH_RECONCILED epoch=3 reporter=D315857CE70C54DE713F6E82E5613BB3A1266C15E28AD2F4338C7BBEC456F532 complete=true entries=1602 total=1602 symbols=0 dropped=false t=1791483473909
EPOCH_RECONCILED epoch=3 reporter=633D9D614858AB1710D5D8C3180E2A082DC97208BA8C26BA6C6D1A86C8E31CC0 complete=false entries=1850 total=45034 symbols=2728 dropped=false t=1791483473921
EPOCH_RECONCILED epoch=3 reporter=633D9D614858AB1710D5D8C3180E2A082DC97208BA8C26BA6C6D1A86C8E31CC0 complete=false entries=1850 total=45034 symbols=2728 dropped=false t=1791483473948
EPOCH_CLOSE_READY epoch=3 t=1791483473950
EPOCH_RECONCILED epoch=3 reporter=633D9D614858AB1710D5D8C3180E2A082DC97208BA8C26BA6C6D1A86C8E31CC0 complete=true entries=2527 total=2527 symbols=0 dropped=false t=1791483473986
EPOCH_CLOSE_READY epoch=3 t=1791483474013
EPOCH_RECONCILED epoch=3 reporter=633D9D614858AB1710D5D8C3180E2A082DC97208BA8C26BA6C6D1A86C8E31CC0 complete=true entries=2527 total=2527 symbols=0 dropped=false t=1791483474104
EPOCH_CLOSE_READY epoch=3 t=1791483474122
EPOCH_DERIVE_TIMING epoch=3 claims=6779 claim_ms=65 manifest_ms=3 build_ms=172 t=1791483474242
EPOCH_PROPOSED epoch=3 round=0 value=45CD1F7D26BCD7CD839803C14548403FDBD008FC0085A1C20FA498DF1B70E26D state=A2160F774CF905966FEF34EA0C7C176E21124361D6B5C77CBCFDECCE66D43AA0 reports=5 t=1791483474244
EPOCH_VALUE epoch=3 value=45CD1F7D26BCD7CD839803C14548403FDBD008FC0085A1C20FA498DF1B70E26D state=A2160F774CF905966FEF34EA0C7C176E21124361D6B5C77CBCFDECCE66D43AA0 t=1791483474244
EPOCH_CLOSE_ROUND epoch=3 round=0 leader=911999B2AEFA7ACC66EBD802B3301FF6CE431405107749D940277955CB7FDD07 leads=true t=1791483474247
EPOCH_DRAIN_WAIT epoch=4 unterminated=1349 previous_closed=false first=["66C4A5BBEC173E61EF3AECC33021C1959A3FF36AAF29BEA8166C6EA3C21018C2:active:2:3", "F2D778E3642F4E50C2CE44DFC1D3FA291329008B16885C74E02835D6948F46CD:active:2:3", "4668478BD713E6ADBBCBC92B41D2D3227743F2AF4620D389C6088EE44744C0E2:active:2:3"] t=1791483474247
