2026-09-17T18:48:58.226406Z  INFO nanospam::setup::account_map_factory: Creating account keys file with 45000 keys: "/Users/ruimorais/NanoSpam/account_keys.txt"
2026-09-17T18:48:58.951626Z  INFO nanospam::setup::node_config_factory: ********************************************************************************
2026-09-17T18:48:58.951636Z  INFO nanospam::setup::node_config_factory: Setting up node PR0...
2026-09-17T18:48:58.951640Z  INFO nanospam::setup::node_config_factory: Creating directory "/Users/ruimorais/NanoSpam/pr0"
2026-09-17T18:48:58.951715Z  INFO nanospam::setup::node_config_factory: Creating node config file: "/Users/ruimorais/NanoSpam/pr0/config-node.toml"
2026-09-17T18:48:58.951833Z  INFO nanospam::setup::node_config_factory: Creating rpc config file: "/Users/ruimorais/NanoSpam/pr0/config-rpc.toml"
2026-09-17T18:48:58.951898Z  INFO nanospam::setup::node_config_factory: ********************************************************************************
2026-09-17T18:48:58.951902Z  INFO nanospam::setup::node_config_factory: Setting up node PR1...
2026-09-17T18:48:58.951905Z  INFO nanospam::setup::node_config_factory: Creating directory "/Users/ruimorais/NanoSpam/pr1"
2026-09-17T18:48:58.951946Z  INFO nanospam::setup::node_config_factory: Creating node config file: "/Users/ruimorais/NanoSpam/pr1/config-node.toml"
2026-09-17T18:48:58.952008Z  INFO nanospam::setup::node_config_factory: Creating rpc config file: "/Users/ruimorais/NanoSpam/pr1/config-rpc.toml"
2026-09-17T18:48:58.952067Z  INFO nanospam::setup::node_config_factory: ********************************************************************************
2026-09-17T18:48:58.952071Z  INFO nanospam::setup::node_config_factory: Setting up node PR2...
2026-09-17T18:48:58.952075Z  INFO nanospam::setup::node_config_factory: Creating directory "/Users/ruimorais/NanoSpam/pr2"
2026-09-17T18:48:58.952116Z  INFO nanospam::setup::node_config_factory: Creating node config file: "/Users/ruimorais/NanoSpam/pr2/config-node.toml"
2026-09-17T18:48:58.952180Z  INFO nanospam::setup::node_config_factory: Creating rpc config file: "/Users/ruimorais/NanoSpam/pr2/config-rpc.toml"
2026-09-17T18:48:58.952236Z  INFO nanospam::setup::node_config_factory: ********************************************************************************
2026-09-17T18:48:58.952240Z  INFO nanospam::setup::node_config_factory: Setting up node PR3...
2026-09-17T18:48:58.952244Z  INFO nanospam::setup::node_config_factory: Creating directory "/Users/ruimorais/NanoSpam/pr3"
2026-09-17T18:48:58.952281Z  INFO nanospam::setup::node_config_factory: Creating node config file: "/Users/ruimorais/NanoSpam/pr3/config-node.toml"
2026-09-17T18:48:58.952353Z  INFO nanospam::setup::node_config_factory: Creating rpc config file: "/Users/ruimorais/NanoSpam/pr3/config-rpc.toml"
2026-09-17T18:48:58.952415Z  INFO nanospam::setup::node_config_factory: ********************************************************************************
2026-09-17T18:48:58.952419Z  INFO nanospam::setup::node_config_factory: Setting up node PR4...
2026-09-17T18:48:58.952423Z  INFO nanospam::setup::node_config_factory: Creating directory "/Users/ruimorais/NanoSpam/pr4"
2026-09-17T18:48:58.952470Z  INFO nanospam::setup::node_config_factory: Creating node config file: "/Users/ruimorais/NanoSpam/pr4/config-node.toml"
2026-09-17T18:48:58.952554Z  INFO nanospam::setup::node_config_factory: Creating rpc config file: "/Users/ruimorais/NanoSpam/pr4/config-rpc.toml"
2026-09-17T18:48:58.952610Z  INFO nanospam::setup::node_config_factory: ********************************************************************************
2026-09-17T18:48:58.952613Z  INFO nanospam::setup::node_config_factory: Setting up node PR5...
2026-09-17T18:48:58.952615Z  INFO nanospam::setup::node_config_factory: Creating directory "/Users/ruimorais/NanoSpam/pr5"
2026-09-17T18:48:58.952657Z  INFO nanospam::setup::node_config_factory: Creating node config file: "/Users/ruimorais/NanoSpam/pr5/config-node.toml"
2026-09-17T18:48:58.952715Z  INFO nanospam::setup::node_config_factory: Creating rpc config file: "/Users/ruimorais/NanoSpam/pr5/config-rpc.toml"
2026-09-17T18:48:58.952894Z  INFO nanospam::setup::node_launcher: Starting node: NANO_TEST_GENESIS_BLOCK="{\n    \"type\": \"open\",\n    \"account\": \"nano_3nroioygg54nusrmyun4woimqex36sp3drnctdt5955uqu47fxbkrxk7n7ne\",\n    \"source\": \"D315857CE70C54DE713F6E82E5613BB3A1266C15E28AD2F4338C7BBEC456F532\",\n    \"representative\": \"nano_3nroioygg54nusrmyun4woimqex36sp3drnctdt5955uqu47fxbkrxk7n7ne\",\n    \"signature\": \"3F6792C2DC623DF2E8643777160AB983B66B337E2478E13D2C3448126A8F4CD8DCCD19803C158A057FA44060AE0EFC09B1C311CB4FBF42F8D240610B38F56E08\",\n    \"work\": \"70FEF01F7EC45DEC\"\n    }" NANO_TEST_GENESIS_PRV ="49643F9B10CA1AA34F9AF8ED4AABD29F436104CCC375974B108534A48EAE3FE1" "rsnano" "--network" "test" "--data-path" "/Users/ruimorais/NanoSpam/pr0" "node" "run"
2026-09-17T18:48:58.953774Z  INFO nanospam::setup::node_launcher: Waiting for RPC...
2026-09-17T18:48:59.260015Z  INFO nanospam::setup::node_launcher: Starting node: NANO_TEST_GENESIS_BLOCK="{\n    \"type\": \"open\",\n    \"account\": \"nano_3nroioygg54nusrmyun4woimqex36sp3drnctdt5955uqu47fxbkrxk7n7ne\",\n    \"source\": \"D315857CE70C54DE713F6E82E5613BB3A1266C15E28AD2F4338C7BBEC456F532\",\n    \"representative\": \"nano_3nroioygg54nusrmyun4woimqex36sp3drnctdt5955uqu47fxbkrxk7n7ne\",\n    \"signature\": \"3F6792C2DC623DF2E8643777160AB983B66B337E2478E13D2C3448126A8F4CD8DCCD19803C158A057FA44060AE0EFC09B1C311CB4FBF42F8D240610B38F56E08\",\n    \"work\": \"70FEF01F7EC45DEC\"\n    }" NANO_TEST_GENESIS_PRV ="49643F9B10CA1AA34F9AF8ED4AABD29F436104CCC375974B108534A48EAE3FE1" "rsnano" "--network" "test" "--data-path" "/Users/ruimorais/NanoSpam/pr1" "node" "run"
2026-09-17T18:48:59.260552Z  INFO nanospam::setup::node_launcher: Waiting for RPC...
2026-09-17T18:48:59.362978Z  INFO nanospam::setup::node_launcher: Starting node: NANO_TEST_GENESIS_BLOCK="{\n    \"type\": \"open\",\n    \"account\": \"nano_3nroioygg54nusrmyun4woimqex36sp3drnctdt5955uqu47fxbkrxk7n7ne\",\n    \"source\": \"D315857CE70C54DE713F6E82E5613BB3A1266C15E28AD2F4338C7BBEC456F532\",\n    \"representative\": \"nano_3nroioygg54nusrmyun4woimqex36sp3drnctdt5955uqu47fxbkrxk7n7ne\",\n    \"signature\": \"3F6792C2DC623DF2E8643777160AB983B66B337E2478E13D2C3448126A8F4CD8DCCD19803C158A057FA44060AE0EFC09B1C311CB4FBF42F8D240610B38F56E08\",\n    \"work\": \"70FEF01F7EC45DEC\"\n    }" NANO_TEST_GENESIS_PRV ="49643F9B10CA1AA34F9AF8ED4AABD29F436104CCC375974B108534A48EAE3FE1" "rsnano" "--network" "test" "--data-path" "/Users/ruimorais/NanoSpam/pr2" "node" "run"
2026-09-17T18:48:59.363328Z  INFO nanospam::setup::node_launcher: Waiting for RPC...
2026-09-17T18:48:59.465067Z  INFO nanospam::setup::node_launcher: Starting node: NANO_TEST_GENESIS_BLOCK="{\n    \"type\": \"open\",\n    \"account\": \"nano_3nroioygg54nusrmyun4woimqex36sp3drnctdt5955uqu47fxbkrxk7n7ne\",\n    \"source\": \"D315857CE70C54DE713F6E82E5613BB3A1266C15E28AD2F4338C7BBEC456F532\",\n    \"representative\": \"nano_3nroioygg54nusrmyun4woimqex36sp3drnctdt5955uqu47fxbkrxk7n7ne\",\n    \"signature\": \"3F6792C2DC623DF2E8643777160AB983B66B337E2478E13D2C3448126A8F4CD8DCCD19803C158A057FA44060AE0EFC09B1C311CB4FBF42F8D240610B38F56E08\",\n    \"work\": \"70FEF01F7EC45DEC\"\n    }" NANO_TEST_GENESIS_PRV ="49643F9B10CA1AA34F9AF8ED4AABD29F436104CCC375974B108534A48EAE3FE1" "rsnano" "--network" "test" "--data-path" "/Users/ruimorais/NanoSpam/pr3" "node" "run"
2026-09-17T18:48:59.465558Z  INFO nanospam::setup::node_launcher: Waiting for RPC...
2026-09-17T18:48:59.569024Z  INFO nanospam::setup::node_launcher: Starting node: NANO_TEST_GENESIS_BLOCK="{\n    \"type\": \"open\",\n    \"account\": \"nano_3nroioygg54nusrmyun4woimqex36sp3drnctdt5955uqu47fxbkrxk7n7ne\",\n    \"source\": \"D315857CE70C54DE713F6E82E5613BB3A1266C15E28AD2F4338C7BBEC456F532\",\n    \"representative\": \"nano_3nroioygg54nusrmyun4woimqex36sp3drnctdt5955uqu47fxbkrxk7n7ne\",\n    \"signature\": \"3F6792C2DC623DF2E8643777160AB983B66B337E2478E13D2C3448126A8F4CD8DCCD19803C158A057FA44060AE0EFC09B1C311CB4FBF42F8D240610B38F56E08\",\n    \"work\": \"70FEF01F7EC45DEC\"\n    }" NANO_TEST_GENESIS_PRV ="49643F9B10CA1AA34F9AF8ED4AABD29F436104CCC375974B108534A48EAE3FE1" "rsnano" "--network" "test" "--data-path" "/Users/ruimorais/NanoSpam/pr4" "node" "run"
2026-09-17T18:48:59.569551Z  INFO nanospam::setup::node_launcher: Waiting for RPC...
2026-09-17T18:48:59.672738Z  INFO nanospam::setup::node_launcher: Starting node: NANO_TEST_GENESIS_BLOCK="{\n    \"type\": \"open\",\n    \"account\": \"nano_3nroioygg54nusrmyun4woimqex36sp3drnctdt5955uqu47fxbkrxk7n7ne\",\n    \"source\": \"D315857CE70C54DE713F6E82E5613BB3A1266C15E28AD2F4338C7BBEC456F532\",\n    \"representative\": \"nano_3nroioygg54nusrmyun4woimqex36sp3drnctdt5955uqu47fxbkrxk7n7ne\",\n    \"signature\": \"3F6792C2DC623DF2E8643777160AB983B66B337E2478E13D2C3448126A8F4CD8DCCD19803C158A057FA44060AE0EFC09B1C311CB4FBF42F8D240610B38F56E08\",\n    \"work\": \"70FEF01F7EC45DEC\"\n    }" NANO_TEST_GENESIS_PRV ="49643F9B10CA1AA34F9AF8ED4AABD29F436104CCC375974B108534A48EAE3FE1" "rsnano" "--network" "test" "--data-path" "/Users/ruimorais/NanoSpam/pr5" "node" "run"
2026-09-17T18:48:59.673406Z  INFO nanospam::setup::node_launcher: Waiting for RPC...
2026-09-17T18:48:59.775553Z  INFO nanospam::wallets_factory: Creating wallet...
2026-09-17T18:48:59.839909Z  INFO nanospam::wallets_factory: Setting default representative...
2026-09-17T18:48:59.840238Z  INFO nanospam::wallets_factory: Creating wallet...
2026-09-17T18:48:59.887819Z  INFO nanospam::wallets_factory: Setting default representative...
2026-09-17T18:48:59.888147Z  INFO nanospam::wallets_factory: Sending Ӿ40,047,061 to PR1 wallet nano_3atmwjh8t11psdqf3qx6xjfiei94oajch6zsyauowxzjogbbgz168g5mp8f1 ...
2026-09-17T18:48:59.888658Z  INFO nanospam::wallets_factory: Waiting for confirmation for B19EAD8221E07E52EEB7CA7EE50577B662C489ADBA15C0727DB6F8AEDAD50081
2026-09-17T18:49:14.957935Z  INFO nanospam::wallets_factory: Receiving...
2026-09-17T18:49:14.958976Z  INFO nanospam::wallets_factory: Waiting for confirmation for CBAA8D9FE2AA2CFEB77B87886D76922E22E4C51C0C091A54179A7E5CF79FC967
2026-09-17T18:49:15.062148Z  INFO nanospam::wallets_factory: DONE
2026-09-17T18:49:15.062191Z  INFO nanospam::wallets_factory: ********************************************************************************
2026-09-17T18:49:15.062203Z  INFO nanospam::wallets_factory: Creating wallet...
2026-09-17T18:49:15.119506Z  INFO nanospam::wallets_factory: Setting default representative...
2026-09-17T18:49:15.119874Z  INFO nanospam::wallets_factory: Sending Ӿ40,047,061 to PR2 wallet nano_36asm8scxymtsjmgqp14per3zxpgaec1c65qb9en1buscq7qzqa93tfyyzs3 ...
2026-09-17T18:49:15.120684Z  INFO nanospam::wallets_factory: Waiting for confirmation for CAFB013DCCB20BBF4CC103A0FDD2BF25C8F109B9E984B96D0666840E4B0F89BA
2026-09-17T18:49:15.326059Z  INFO nanospam::wallets_factory: Receiving...
2026-09-17T18:49:15.327012Z  INFO nanospam::wallets_factory: Waiting for confirmation for 7189E44F408196E8FD1F393F06CDAD4F7C5A415B2A2DDFA8ABEABEE83DA60182
2026-09-17T18:49:15.429329Z  INFO nanospam::wallets_factory: DONE
2026-09-17T18:49:15.429362Z  INFO nanospam::wallets_factory: ********************************************************************************
2026-09-17T18:49:15.429366Z  INFO nanospam::wallets_factory: Creating wallet...
2026-09-17T18:49:15.483962Z  INFO nanospam::wallets_factory: Setting default representative...
2026-09-17T18:49:15.484244Z  INFO nanospam::wallets_factory: Sending Ӿ40,047,061 to PR3 wallet nano_1sfb11jzfi8k51fcnrzi1qe3qh1e1jkic3h45oak9yfg5yhbkczzxfwtat7m ...
2026-09-17T18:49:15.484626Z  INFO nanospam::wallets_factory: Waiting for confirmation for E2CEA882BAF6FE5BE932C387FEB7740D791CAF9E5BECC7CEE8176C7DDEE6378A
2026-09-17T18:49:15.587303Z  INFO nanospam::wallets_factory: Receiving...
2026-09-17T18:49:15.588082Z  INFO nanospam::wallets_factory: Waiting for confirmation for EA5EC3EAA2535557DB68742DBFA22A64B7B314876EE136F919471550E89D65D4
2026-09-17T18:49:15.690390Z  INFO nanospam::wallets_factory: DONE
2026-09-17T18:49:15.690448Z  INFO nanospam::wallets_factory: ********************************************************************************
2026-09-17T18:49:15.690460Z  INFO nanospam::wallets_factory: Creating wallet...
2026-09-17T18:49:15.774617Z  INFO nanospam::wallets_factory: Setting default representative...
2026-09-17T18:49:15.774920Z  INFO nanospam::wallets_factory: Sending Ӿ40,047,061 to PR4 wallet nano_1rsxmoinip7d4wafdp855194n43fs7s1jgne6tx8ruatiu6g89815pddzijp ...
2026-09-17T18:49:15.775284Z  INFO nanospam::wallets_factory: Waiting for confirmation for 22677C7E74B964C1E24887306A66EAC48330280DFA5744E0E21166EC47B5438A
2026-09-17T18:49:19.052232Z  INFO nanospam::wallets_factory: Receiving...
2026-09-17T18:49:19.053451Z  INFO nanospam::wallets_factory: Waiting for confirmation for 686B8354F9897585048EDBC473B612A3E2823DE919A66201E69841219A6B5651
2026-09-17T18:49:19.257820Z  INFO nanospam::wallets_factory: DONE
2026-09-17T18:49:19.257952Z  INFO nanospam::wallets_factory: ********************************************************************************
2026-09-17T18:49:19.257968Z  INFO nanospam::wallets_factory: Creating wallet...
2026-09-17T18:49:19.344064Z  INFO nanospam::wallets_factory: Setting default representative...
2026-09-17T18:49:19.344427Z  INFO nanospam::wallets_factory: Sending Ӿ40,047,061 to PR5 wallet nano_1wtzwadxk9naxc356m4rienp93ht131w7ypadk39qck8uah3bg3zohsmj9th ...
2026-09-17T18:49:19.344807Z  INFO nanospam::wallets_factory: Waiting for confirmation for 86B6E149E407121861E950D6B66B56BA39E500C199E580ED6065515C3C25094F
2026-09-17T18:49:19.447549Z  INFO nanospam::wallets_factory: Receiving...
2026-09-17T18:49:19.448516Z  INFO nanospam::wallets_factory: Waiting for confirmation for 417F8AEA0F6FDD9A5EE6F5896819E98A81FC15AA2CF56207A5BCFB27193E37A9
2026-09-17T18:49:19.551167Z  INFO nanospam::wallets_factory: DONE
2026-09-17T18:49:19.551237Z  INFO nanospam::wallets_factory: ********************************************************************************
2026-09-17T18:49:19.551251Z  INFO nanospam::wallets_factory: Sending initial spam amount...
2026-09-17T18:49:19.552168Z  INFO nanospam::wallets_factory: Waiting for confirmation for F1AA3255B04D501810CE15319D0782A57A3552CF77B2199204A3E46AD44F2CF6
2026-09-17T18:49:19.654851Z  INFO nanospam::wallets_factory: Receiving initial spam amount...
2026-09-17T18:49:19.655297Z  INFO nanospam::wallets_factory: Waiting for confirmation for B1AAEA60BD5284ED9E16D48334BAFE8160F2BAA902C13F27C66EC39F1748645D
2026-09-17T18:49:19.758230Z  INFO nanospam::high_prio_check: Creating high priority accounts...
2026-09-17T18:49:19.769787Z  INFO nanospam::high_prio_check: Waiting for confirmations...
2026-09-17T18:49:38.623092Z  INFO nanospam::app: Connecting to node PR0... peer_addr=[::1]:17075
2026-09-17T18:49:38.623796Z  INFO nanospam::app: Performing handshake...
2026-09-17T18:49:38.624765Z  INFO nanospam::app: Performing handshake...
2026-09-17T18:49:38.635281Z  INFO nanospam::app: Performing handshake...
2026-09-17T18:49:38.646117Z  INFO nanospam::app: Performing handshake...
2026-09-17T18:49:38.658239Z  INFO nanospam::app: Connecting to node PR1... peer_addr=[::1]:17085
2026-09-17T18:49:38.658718Z  INFO nanospam::app: Performing handshake...
2026-09-17T18:49:38.659707Z  INFO nanospam::app: Performing handshake...
2026-09-17T18:49:38.670355Z  INFO nanospam::app: Performing handshake...
2026-09-17T18:49:38.681609Z  INFO nanospam::app: Performing handshake...
2026-09-17T18:49:38.692204Z  INFO nanospam::app: Connecting to node PR2... peer_addr=[::1]:17095
2026-09-17T18:49:38.692514Z  INFO nanospam::app: Performing handshake...
2026-09-17T18:49:38.693463Z  INFO nanospam::app: Performing handshake...
2026-09-17T18:49:38.704743Z  INFO nanospam::app: Performing handshake...
2026-09-17T18:49:38.715770Z  INFO nanospam::app: Performing handshake...
2026-09-17T18:49:38.726831Z  INFO nanospam::app: Connecting to node PR3... peer_addr=[::1]:17105
2026-09-17T18:49:38.727102Z  INFO nanospam::app: Performing handshake...
2026-09-17T18:49:38.727808Z  INFO nanospam::app: Performing handshake...
2026-09-17T18:49:38.739393Z  INFO nanospam::app: Performing handshake...
2026-09-17T18:49:38.751479Z  INFO nanospam::app: Performing handshake...
2026-09-17T18:49:38.762326Z  INFO nanospam::app: Connecting to node PR4... peer_addr=[::1]:17115
2026-09-17T18:49:38.762730Z  INFO nanospam::app: Performing handshake...
2026-09-17T18:49:38.763687Z  INFO nanospam::app: Performing handshake...
2026-09-17T18:49:38.775112Z  INFO nanospam::app: Performing handshake...
2026-09-17T18:49:38.786346Z  INFO nanospam::app: Performing handshake...
2026-09-17T18:49:38.797629Z  INFO nanospam::app: Connecting to node PR5... peer_addr=[::1]:17125
2026-09-17T18:49:38.797949Z  INFO nanospam::app: Performing handshake...
2026-09-17T18:49:38.798659Z  INFO nanospam::app: Performing handshake...
2026-09-17T18:49:38.810796Z  INFO nanospam::app: Performing handshake...
2026-09-17T18:49:38.821920Z  INFO nanospam::app: Performing handshake...
2026-09-17T18:49:38.832609Z  INFO nanospam::app: Connecting to websocket...
2026-09-17T18:49:38.833352Z  INFO nanospam::app: Starting with 2000 BPS
2026-09-17T18:49:39.835449Z  INFO nanospam::app: Confirmed 142 blocks | 2,000 bps | 154 cps | avg conf time: 102 ms
2026-09-17T18:49:40.890612Z  INFO nanospam::app: Confirmed 2,422 blocks | 2,000 bps | 2,276 cps | avg conf time: 111 ms
2026-09-17T18:49:41.891098Z  INFO nanospam::app: Confirmed 4,877 blocks | 2,000 bps | 2,328 cps | avg conf time: 184 ms
2026-09-17T18:49:42.892616Z  INFO nanospam::app: Confirmed 7,745 blocks | 2,000 bps | 2,863 cps | avg conf time: 162 ms
2026-09-17T18:49:43.894518Z  INFO nanospam::app: Confirmed 9,631 blocks | 2,000 bps | 1,884 cps | avg conf time: 105 ms
2026-09-17T18:49:44.895160Z  INFO nanospam::app: Confirmed 11,562 blocks | 2,000 bps | 1,927 cps | avg conf time: 96 ms
2026-09-17T18:49:45.896303Z  INFO nanospam::app: Confirmed 13,567 blocks | 2,000 bps | 2,002 cps | avg conf time: 99 ms
2026-09-17T18:49:46.897206Z  INFO nanospam::app: Confirmed 15,428 blocks | 2,000 bps | 1,859 cps | avg conf time: 95 ms
2026-09-17T18:49:47.897942Z  INFO nanospam::app: Confirmed 17,336 blocks | 2,000 bps | 1,906 cps | avg conf time: 98 ms
2026-09-17T18:49:48.898945Z  INFO nanospam::app: Confirmed 19,333 blocks | 2,000 bps | 1,994 cps | avg conf time: 96 ms
2026-09-17T18:49:49.905123Z  INFO nanospam::app: Confirmed 21,223 blocks | 2,000 bps | 1,887 cps | avg conf time: 97 ms
2026-09-17T18:49:50.905872Z  INFO nanospam::app: Confirmed 23,087 blocks | 2,000 bps | 1,853 cps | avg conf time: 95 ms
2026-09-17T18:49:51.907001Z  INFO nanospam::app: Confirmed 25,020 blocks | 2,000 bps | 1,930 cps | avg conf time: 120 ms
2026-09-17T18:49:52.907985Z  INFO nanospam::app: Confirmed 26,939 blocks | 2,000 bps | 1,917 cps | avg conf time: 104 ms
2026-09-17T18:49:53.909954Z  INFO nanospam::app: Confirmed 28,621 blocks | 2,000 bps | 1,680 cps | avg conf time: 102 ms
2026-09-17T18:49:54.910838Z  INFO nanospam::app: Confirmed 30,755 blocks | 2,000 bps | 2,129 cps | avg conf time: 120 ms
2026-09-17T18:49:55.911761Z  INFO nanospam::app: Confirmed 32,669 blocks | 2,000 bps | 1,912 cps | avg conf time: 101 ms
2026-09-17T18:49:56.912980Z  INFO nanospam::app: Confirmed 34,625 blocks | 2,000 bps | 1,953 cps | avg conf time: 101 ms
2026-09-17T18:49:57.914022Z  INFO nanospam::app: Confirmed 36,500 blocks | 2,000 bps | 1,873 cps | avg conf time: 102 ms
2026-09-17T18:49:58.914991Z  INFO nanospam::app: Confirmed 38,421 blocks | 2,000 bps | 1,919 cps | avg conf time: 101 ms
2026-09-17T18:49:59.916002Z  INFO nanospam::app: Confirmed 40,383 blocks | 2,000 bps | 1,959 cps | avg conf time: 95 ms
2026-09-17T18:50:00.916636Z  INFO nanospam::app: Confirmed 42,318 blocks | 2,000 bps | 1,933 cps | avg conf time: 95 ms
2026-09-17T18:50:01.917661Z  INFO nanospam::app: Confirmed 44,281 blocks | 2,000 bps | 1,960 cps | avg conf time: 105 ms
2026-09-17T18:50:02.389997Z  INFO nanospam::app: Confirming 45000 blocks took 23.56s
2026-09-17T18:50:02.390057Z  INFO nanospam::app: Confirmation rate: 1910 cps
2026-09-17T18:50:02.390062Z  INFO nanospam::app: Average conf time: 110 ms
nanospam exit=0 wall=64s
=== PR0 block_count ===
{"count":"45053","unchecked":"0","cemented":"45053"}
=== PR0 confirmation_active ===
{"confirmations":[],"unconfirmed":"0","confirmed":"0"}
=== PR0 stats counters ===
{"type":"counters","created":"2026.09.17 19:50:02","entries":[{"time":"19:50:02","type":"election_bucket_activation","detail":"22","dir":"in","value":"459"},{"time":"19:50:02","type":"block_processor_result","detail":"balance_mismatch","dir":"in","value":"0"},{"time":"19:50:02","type":"handshake","detail":"invalid_signature","dir":"in","value":"0"},{"time":"19:50:02","type":"handshake","detail":"multiple_queries","dir":"in","value":"0"},{"time":"19:50:02","type":"active_elections_dropped","detail":"hinted","dir":"in","value":"0"},{"time":"19:50:02","type":"vote_cache","detail":"processor_overfill","dir":"in","value":"0"},{"time":"19:50:02","type":"backlog_scan_queue","detail":"overfill","dir":"in","value":"0"},{"time":"19:50:02","type":"network","detail":"reachout_cached","dir":"in","value":"48"},{"time":"19:50:02","type":"message","detail":"all","dir":"in","value":"0"},{"time":"19:50:02","type":"bootstrap","detail":"blocks","dir":"in","value":"77"},{"time":"19:50:02","type":"active_elections","detail":"finalized_fast","dir":"in","value":"44172"},{"time":"19:50:02","type":"election_bucket_activation","detail":"18","dir":"in","value":"804"},{"time":"19:50:02","type":"ledger_ev_dur","detail":"dur_blocks_confirmed","dir":"in","value":"108"},{"time":"19:50:02","type":"vote_rebroadcaster","detail":"process","dir":"in","value":"6900"},{"time":"19:50:02","type":"ledger_ev_proc","detail":"recovered","dir":"in","value":"0"},{"time":"19:50:02","type":"election_bucket_activation","detail":"62","dir":"in","value":"765"},{"time":"19:50:02","type":"election_bucket_activation","detail":"16","dir":"in","value":"2015"},{"time":"19:50:02","type":"message_processor_overfill","detail":"bulk_pull","dir":"in","value":"0"},{"time":"19:50:02","type":"optimistic_scheduler","detail":"loop","dir":"in","value":"64"},{"time":"19:50:02","type":"active_elections_started","detail":"optimistic","dir":"in","value":"9"},{"time":"19:50:02","type":"message_processor_type","detail":"keepalive","dir":"in","value":"87"},{"time":"19:50:02","type":"election_bucket_activation","detail":"13","dir":"in","value":"340"},{"time":"19:50:02","type":"election_bucket_activation","detail":"1","dir":"in","value":"122"},{"time":"19:50:02","type":"vote_rebroadcaster","detail":"cooldown","dir":"in","value":"0"},{"time":"19:50:02","type":"bootstrap_queue","detail":"blocked","dir":"in","value":"0"},{"time":"19:50:02","type":"vote_rebroadcaster_tier","detail":"none","dir":"in","value":"0"},{"time":"19:50:02","type":"filter","detail":"duplicate_publish_message","dir":"in","value":"4032"},{"time":"19:50:02","type":"block_processor","detail":"enqueued","dir":"in","value":"45474"},{"time":"19:50:02","type":"hinting","detail":"activate_immediate","dir":"in","value":"280"},{"time":"19:50:02","type":"bootstrap_frontiers","detail":"all","dir":"in","value":"0"},{"time":"19:50:02","type":"active_elections_stopped","detail":"confirmed","dir":"in","value":"45052"},{"time":"19:50:02","type":"tcp_listener","detail":"accept_rejected","dir":"in","value":"0"},{"time":"19:50:02","type":"traffic_tcp_type","detail":"keepalive","dir":"out","value":"12768"},{"time":"19:50:02","type":"vote_rebroadcaster","detail":"already_rebroadcasted","dir":"in","value":"4062"},{"time":"19:50:02","type":"election_bucket_activation","detail":"8","dir":"in","value":"1133"},{"time":"19:50:02","type":"ledger_ev_proc","detail":"ev_blocks_processed","dir":"in","value":"35566"},{"time":"19:50:02","type":"traffic_tcp_type","detail":"generic","dir":"out","value":"1800"},{"time":"19:50:02","type":"tcp_listener","detail":"connect_error","dir":"out","value":"20"},{"time":"19:50:02","type":"message","detail":"keepalive","dir":"in","value":"87"},{"time":"19:50:02","type":"bootstrap_request","detail":"blocks_by_account","dir":"in","value":"51"},{"time":"19:50:02","type":"bootstrap_timeout","detail":"blocks_by_account","dir":"in","value":"1"},{"time":"19:50:02","type":"message_processor_type","detail":"asc_pull_req","dir":"in","value":"1048"},{"time":"19:50:02","type":"vote_generator_final","detail":"queue","dir":"in","value":"45052"},{"time":"19:50:02","type":"tcp_listener_rejected","detail":"max_per_ip","dir":"in","value":"0"},{"time":"19:50:02","type":"active_elections","detail":"unconfirmed","dir":"in","value":"20"},{"time":"19:50:02","type":"backlog_scan","detail":"activated","dir":"in","value":"8383"},{"time":"19:50:02","type":"tcp_listener","detail":"attempt_timeout","dir":"in","value":"0"},{"time":"19:50:02","type":"vote_generator_final","detail":"generator_broadcasts","dir":"in","value":"266"},{"time":"19:50:02","type":"bootstrap_frontiers","detail":"nothing_new","dir":"in","value":"26"},{"time":"19:50:02","type":"election","detail":"all","dir":"in","value":"0"},{"time":"19:50:02","type":"block_processor","detail":"process_blocking_timeout","dir":"in","value":"0"},{"time":"19:50:02","type":"bootstrap_queue","detail":"processing_finished","dir":"in","value":"50"},{"time":"19:50:02","type":"tcp_listener_rejected","detail":"not_a_peer","dir":"in","value":"0"},{"time":"19:50:02","type":"message","detail":"asc_pull_ack","dir":"out","value":"1032"},{"time":"19:50:02","type":"block_processor_result","detail":"gap_previous","dir":"in","value":"0"},{"time":"19:50:02","type":"election_bucket_activation","detail":"23","dir":"in","value":"437"},{"time":"19:50:02","type":"block_processor_source","detail":"bootstrap","dir":"in","value":"50"},{"time":"19:50:02","type":"bootstrap_request","detail":"blocks_by_hash","dir":"in","value":"349"},{"time":"19:50:02","type":"bootstrap_queue","detail":"download_started","dir":"in","value":"400"},{"time":"19:50:02","type":"requests","detail":"requests_generated_hashes","dir":"in","value":"5656"},{"time":"19:50:02","type":"election_vote","detail":"direct","dir":"in","value":"232917"},{"time":"19:50:02","type":"request_aggregator","detail":"request","dir":"in","value":"584"},{"time":"19:50:02","type":"election_bucket_activation","detail":"6","dir":"in","value":"301"},{"time":"19:50:02","type":"tcp_channels","detail":"channel_accepted","dir":"in","value":"9"},{"time":"19:50:02","type":"block_processor","detail":"throttled","dir":"in","value":"0"},{"time":"19:50:02","type":"message_processor_overfill","detail":"node_id_handshake","dir":"in","value":"0"},{"time":"19:50:02","type":"ledger_ev_proc","detail":"ev_blocks_rolled_back_total","dir":"in","value":"0"},{"time":"19:50:02","type":"message","detail":"asc_pull_req","dir":"in","value":"1048"},{"time":"19:50:02","type":"active_elections","detail":"finalized_final","dir":"in","value":"880"},{"time":"19:50:02","type":"bootstrap","detail":"all","dir":"in","value":"0"},{"time":"19:50:02","type":"message","detail":"all","dir":"out","value":"21876"},{"time":"19:50:02","type":"active_elections","detail":"terminated","dir":"in","value":"45057"},{"time":"19:50:02","type":"network","detail":"loop_reachout_cached","dir":"in","value":"25"},{"time":"19:50:02","type":"election_bucket_activation","detail":"36","dir":"in","value":"793"},{"time":"19:50:02","type":"election","detail":"broadcast_block_repeat","dir":"in","value":"0"},{"time":"19:50:02","type":"ledger_ev_proc","detail":"ev_blocks_rolled_back","dir":"in","value":"0"},{"time":"19:50:02","type":"election_bucket_activation","detail":"42","dir":"in","value":"470"},{"time":"19:50:02","type":"bootstrap_request","detail":"all","dir":"in","value":"0"},{"time":"19:50:02","type":"tcp","detail":"tcp_write_error","dir":"out","value":"0"},{"time":"19:50:02","type":"election_bucket_activation","detail":"30","dir":"in","value":"218"},{"time":"19:50:02","type":"confirmation_time","detail":"p50","dir":"in","value":"77"},{"time":"19:50:02","type":"bootstrap","detail":"reply","dir":"in","value":"648"},{"time":"19:50:02","type":"bootstrap_server_response","detail":"frontiers","dir":"in","value":"583"},{"time":"19:50:02","type":"bootstrap_server_request","detail":"frontiers","dir":"in","value":"583"},{"time":"19:50:02","type":"active_elections_stopped","detail":"timed_out","dir":"in","value":"0"},{"time":"19:50:02","type":"ledger_ev_proc","detail":"ev_conf_set_recovered","dir":"in","value":"0"},{"time":"19:50:02","type":"handshake","detail":"invalid_node_id","dir":"in","value":"0"},{"time":"19:50:02","type":"ledger_ev_dur","detail":"dur_blocks_processed","dir":"in","value":"395"},{"time":"19:50:02","type":"message_processor_overfill","detail":"bulk_pull_account","dir":"in","value":"0"},{"time":"19:50:02","type":"message_processor_type","detail":"frontier_req","dir":"in","value":"0"},{"time":"19:50:02","type":"bootstrap_verify_blocks","detail":"ok","dir":"in","value":"50"},{"time":"19:50:02","type":"rep_tiers","detail":"loop","dir":"in","value":"7"},{"time":"19:50:02","type":"rep_crawler","detail":"query_sent","dir":"in","value":"58"},{"time":"19:50:02","type":"tcp_listener_rejected","detail":"excluded","dir":"in","value":"0"},{"time":"19:50:02","type":"vote_generator_final","detail":"generator_replies","dir":"in","value":"211"},{"time":"19:50:02","type":"bootstrap_queue","detail":"not_found","dir":"in","value":"174"},{"time":"19:50:02","type":"active_elections","detail":"recovered","dir":"in","value":"0"},{"time":"19:50:02","type":"prio_sched_queue","detail":"enqueued","dir":"in","value":"112662"},{"time":"19:50:02","type":"local_block_broadcaster","detail":"all","dir":"out","value":"0"},{"time":"19:50:02","type":"block_processor_overfill","detail":"live","dir":"in","value":"0"},{"time":"19:50:02","type":"bootstrap_reply","detail":"frontiers","dir":"in","value":"259"},{"time":"19:50:02","type":"active_elections_confirmed","detail":"optimistic","dir":"in","value":"0"},{"time":"19:50:02","type":"election","detail":"generate_vote_final","dir":"in","value":"45052"},{"time":"19:50:02","type":"block_processor_overfill","detail":"bootstrap","dir":"in","value":"0"},{"time":"19:50:02","type":"active_elections_dropped","detail":"priority","dir":"in","value":"20"},{"time":"19:50:02","type":"tcp_server","detail":"asc_pull_ack","dir":"in","value":"648"},{"time":"19:50:02","type":"ledger_ev_proc","detail":"ev_conf_set_near_full","dir":"in","value":"0"},{"time":"19:50:02","type":"block_processor_result","detail":"gap_source","dir":"in","value":"0"},{"time":"19:50:02","type":"election_scheduler","detail":"activated","dir":"in","value":"53282"},{"time":"19:50:02","type":"message_processor_type","detail":"bulk_pull_account","dir":"in","value":"0"},{"time":"19:50:02","type":"bootstrap_queue","detail":"trim_download_queue","dir":"in","value":"0"},{"time":"19:50:02","type":"message_processor_overfill","detail":"publish","dir":"in","value":"0"},{"time":"19:50:02","type":"network","detail":"all","dir":"in","value":"0"},{"time":"19:50:02","type":"active_elections_dropped","detail":"optimistic","dir":"in","value":"0"},{"time":"19:50:02","type":"active_elections_stopped","detail":"settled","dir":"in","value":"5"},{"time":"19:50:02","type":"tcp_server","detail":"confirm_ack","dir":"in","value":"3185"},{"time":"19:50:02","type":"peer_history","detail":"loop","dir":"in","value":"5"},{"time":"19:50:02","type":"message_processor","detail":"process","dir":"in","value":"51528"},{"time":"19:50:02","type":"block_processor_overfill","detail":"local","dir":"in","value":"0"},{"time":"19:50:02","type":"vote_processor_tier","detail":"none","dir":"in","value":"40"},{"time":"19:50:02","type":"tcp_server","detail":"publish","dir":"in","value":"45047"},{"time":"19:50:02","type":"message_processor_type","detail":"not_a_type","dir":"in","value":"0"},{"time":"19:50:02","type":"election_bucket_activation","detail":"4","dir":"in","value":"684"},{"time":"19:50:02","type":"bootstrap_queue","detail":"unblocked","dir":"in","value":"0"},{"time":"19:50:02","type":"bootstrap_reply","detail":"blocks_by_account","dir":"in","value":"50"},{"time":"19:50:02","type":"backlog_scan","detail":"scanned","dir":"in","value":"215089"},{"time":"19:50:02","type":"vote_cache","detail":"top","dir":"in","value":"62"},{"time":"19:50:02","type":"optimistic_scheduler","detail":"insert_failed","dir":"in","value":"23"},{"time":"19:50:02","type":"message_processor_type","detail":"publish","dir":"in","value":"45377"},{"time":"19:50:02","type":"vote_generator_final","detail":"all","dir":"in","value":"0"},{"time":"19:50:02","type":"bootstrap_server_overfill","detail":"blocks","dir":"in","value":"16"},{"time":"19:50:02","type":"active_elections","detail":"stopped","dir":"in","value":"45072"},{"time":"19:50:02","type":"vote_cache","detail":"triggered","dir":"in","value":"45072"},{"time":"19:50:02","type":"active_elections","detail":"loop","dir":"in","value":"209"},{"time":"19:50:02","type":"election_bucket_activation","detail":"15","dir":"in","value":"243"},{"time":"19:50:02","type":"election_vote","detail":"forwarded","dir":"in","value":"132"},{"time":"19:50:02","type":"message_processor_overfill","detail":"keepalive","dir":"in","value":"0"},{"time":"19:50:02","type":"election_bucket","detail":"cancel_lowest","dir":"in","value":"0"},{"time":"19:50:02","type":"telemetry","detail":"all","dir":"in","value":"0"},{"time":"19:50:02","type":"request_aggregator","detail":"all","dir":"in","value":"0"},{"time":"19:50:02","type":"message_processor_overfill","detail":"not_a_type","dir":"in","value":"0"},{"time":"19:50:02","type":"confirmation_observer","detail":"inactive","dir":"in","value":"0"},{"time":"19:50:02","type":"tcp_listener","detail":"connect_rejected","dir":"out","value":"163"},{"time":"19:50:02","type":"bootstrap_queue","detail":"upgraded","dir":"in","value":"0"},{"time":"19:50:02","type":"vote_rebroadcaster","detail":"rebroadcast_hashes","dir":"in","value":"467490"},{"time":"19:50:02","type":"election_bucket_activation","detail":"2","dir":"in","value":"331"},{"time":"19:50:02","type":"block_processor_result","detail":"fork","dir":"in","value":"0"},{"time":"19:50:02","type":"ledger_ev_dur","detail":"dur_conf_set_recovered","dir":"in","value":"0"},{"time":"19:50:02","type":"election_scheduler","detail":"activate_failed","dir":"in","value":"434"},{"time":"19:50:02","type":"tcp","detail":"tcp_read_error","dir":"in","value":"9"},{"time":"19:50:02","type":"traffic_tcp_type","detail":"bootstrap_requests","dir":"out","value":"34068"},{"time":"19:50:02","type":"active_elections_cancelled","detail":"optimistic","dir":"in","value":"0"},{"time":"19:50:02","type":"bootstrap_process","detail":"frontiers","dir":"in","value":"259"},{"time":"19:50:02","type":"election_bucket_activation","detail":"59","dir":"in","value":"452"},{"time":"19:50:02","type":"bootstrap_queue","detail":"remove_failed","dir":"in","value":"0"},{"time":"19:50:02","type":"traffic_tcp_type","detail":"block_broadcast_initial","dir":"out","value":"26656"},{"time":"19:50:02","type":"bootstrap","detail":"request","dir":"in","value":"668"},{"time":"19:50:02","type":"vote_generator","detail":"queue","dir":"in","value":"44795"},{"time":"19:50:02","type":"vote_rebroadcaster","detail":"all","dir":"in","value":"0"},{"time":"19:50:02","type":"traffic_tcp_type","detail":"vote_rebroadcast","dir":"out","value":"45736704"},{"time":"19:50:02","type":"block_processor_result","detail":"negative_spend","dir":"in","value":"0"},{"time":"19:50:02","type":"ledger_ev_proc","detail":"cool_down","dir":"in","value":"0"},{"time":"19:50:02","type":"election_bucket_activation","detail":"24","dir":"in","value":"407"},{"time":"19:50:02","type":"tcp_listener_rejected","detail":"max_attempts","dir":"out","value":"0"},{"time":"19:50:02","type":"bootstrap_server","detail":"overfill","dir":"in","value":"16"},{"time":"19:50:02","type":"rep_tiers","detail":"ignored","dir":"in","value":"17075"},{"time":"19:50:02","type":"active_elections","detail":"started","dir":"in","value":"45072"},{"time":"19:50:02","type":"bootstrap_server_response","detail":"blocks","dir":"in","value":"449"},{"time":"19:50:02","type":"vote_rebroadcaster","detail":"representatives_full","dir":"in","value":"0"},{"time":"19:50:02","type":"boot_requester","detail":"wait_dependency_missing","dir":"in","value":"1047"},{"time":"19:50:02","type":"election_scheduler","detail":"loop","dir":"in","value":"43661"},{"time":"19:50:02","type":"rep_crawler","detail":"crawl_aggressive","dir":"in","value":"6"},{"time":"19:50:02","type":"election_bucket_activation","detail":"39","dir":"in","value":"585"},{"time":"19:50:02","type":"boot_requester","detail":"rate_limit","dir":"in","value":"0"},{"time":"19:50:02","type":"block_processor_source","detail":"local","dir":"in","value":"47"},{"time":"19:50:02","type":"block_processor_result","detail":"old","dir":"in","value":"392"},{"time":"19:50:02","type":"tcp_server","detail":"telemetry_ack","dir":"in","value":"5"},{"time":"19:50:02","type":"ledger_ev_dur","detail":"dur_activate_backlog","dir":"in","value":"0"},{"time":"19:50:02","type":"bootstrap_queue","detail":"removed","dir":"in","value":"0"},{"time":"19:50:02","type":"hinting","detail":"insert","dir":"in","value":"18"},{"time":"19:50:02","type":"message","detail":"telemetry_ack","dir":"out","value":"9"},{"time":"19:50:02","type":"local_block_broadcaster","detail":"all","dir":"in","value":"0"},{"time":"19:50:02","type":"election_bucket_activation","detail":"51","dir":"in","value":"1160"},{"time":"19:50:02","type":"traffic_tcp_type","detail":"block_broadcast_rpc","dir":"out","value":"0"},{"time":"19:50:02","type":"election_bucket_activation","detail":"50","dir":"in","value":"1716"},{"time":"19:50:02","type":"requests","detail":"requests_non_final","dir":"in","value":"54292"},{"time":"19:50:02","type":"election_bucket_activation","detail":"37","dir":"in","value":"773"},{"time":"19:50:02","type":"election","detail":"confirmation_request","dir":"in","value":"12569"},{"time":"19:50:02","type":"tcp_listener","detail":"connect_initiate","dir":"out","value":"22"},{"time":"19:50:02","type":"bootstrap_server","detail":"blocks","dir":"out","value":"520"},{"time":"19:50:02","type":"bootstrap_frontiers","detail":"pending","dir":"in","value":"131"},{"time":"19:50:02","type":"block_processor_result","detail":"gap_epoch_open_pending","dir":"in","value":"0"},{"time":"19:50:02","type":"bootstrap_frontiers","detail":"outdated","dir":"in","value":"179"},{"time":"19:50:02","type":"block_processor_overfill","detail":"live_originator","dir":"in","value":"0"},{"time":"19:50:02","type":"election","detail":"generate_vote_normal","dir":"in","value":"44795"},{"time":"19:50:02","type":"bootstrap_timeout","detail":"blocks_by_hash","dir":"in","value":"10"},{"time":"19:50:02","type":"election_bucket_activation","detail":"26","dir":"in","value":"295"},{"time":"19:50:02","type":"peer_history","detail":"updated","dir":"in","value":"15"},{"time":"19:50:02","type":"election_bucket_activation","detail":"56","dir":"in","value":"5655"},{"time":"19:50:02","type":"request_aggregator_replies","detail":"all","dir":"in","value":"0"},{"time":"19:50:02","type":"traffic_tcp_type","detail":"vote_reply","dir":"out","value":"0"},{"time":"19:50:02","type":"block_processor","detail":"overfill","dir":"in","value":"0"},{"time":"19:50:02","type":"active_elections_stopped","detail":"terminated","dir":"in","value":"0"},{"time":"19:50:02","type":"confirmation_observer","detail":"active_confirmation_height","dir":"in","value":"0"},{"time":"19:50:02","type":"message","detail":"telemetry_ack","dir":"in","value":"5"},{"time":"19:50:02","type":"active_elections_confirmed","detail":"hinted","dir":"in","value":"0"},{"time":"19:50:02","type":"tcp_server","detail":"handshake_initiate","dir":"out","value":"0"},{"time":"19:50:02","type":"event_proc_duration","detail":"ledger_ev_queue","dir":"in","value":"1826103"},{"time":"19:50:02","type":"message","detail":"publish","dir":"in","value":"45377"},{"time":"19:50:02","type":"bootstrap_reply","detail":"blocks_by_hash","dir":"in","value":"339"},{"time":"19:50:02","type":"requests","detail":"requests_final","dir":"in","value":"5656"},{"time":"19:50:02","type":"message","detail":"confirm_req","dir":"in","value":"608"},{"time":"19:50:02","type":"hinting","detail":"activate","dir":"in","value":"45593"},{"time":"19:50:02","type":"optimistic_scheduler","detail":"activated","dir":"in","value":"3082"},{"time":"19:50:02","type":"block_processor_result","detail":"insufficient_work","dir":"in","value":"0"},{"time":"19:50:02","type":"vote_generator_final","detail":"sent_pr","dir":"in","value":"1441"},{"time":"19:50:02","type":"drop","detail":"all","dir":"out","value":"8"},{"time":"19:50:02","type":"election_bucket_activation","detail":"32","dir":"in","value":"2581"},{"time":"19:50:02","type":"message_processor_overfill","detail":"confirm_ack","dir":"in","value":"0"},{"time":"19:50:02","type":"active_elections_cancelled","detail":"hinted","dir":"in","value":"0"},{"time":"19:50:02","type":"message_processor_overfill","detail":"frontier_req","dir":"in","value":"0"},{"time":"19:50:02","type":"bootstrap_timeout","detail":"frontiers","dir":"in","value":"9"},{"time":"19:50:02","type":"message_processor_type","detail":"bulk_push","dir":"in","value":"0"},{"time":"19:50:02","type":"election_bucket_activation","detail":"45","dir":"in","value":"360"},{"time":"19:50:02","type":"election_bucket_activation","detail":"60","dir":"in","value":"2416"},{"time":"19:50:02","type":"message","detail":"asc_pull_req","dir":"out","value":"668"},{"time":"19:50:02","type":"peer_history","detail":"all","dir":"in","value":"0"},{"time":"19:50:02","type":"rep_crawler","detail":"crawl_normal","dir":"in","value":"6"},{"time":"19:50:02","type":"bootstrap_queue","detail":"trim_blocked","dir":"in","value":"0"},{"time":"19:50:02","type":"bootstrap_verify_blocks","detail":"nothing_new","dir":"in","value":"339"},{"time":"19:50:02","type":"vote_processor","detail":"process","dir":"in","value":"12407"},{"time":"19:50:02","type":"message_processor_type","detail":"asc_pull_ack","dir":"in","value":"648"},{"time":"19:50:02","type":"tcp_listener","detail":"connect_success","dir":"out","value":"0"},{"time":"19:50:02","type":"message_processor_type","detail":"node_id_handshake","dir":"in","value":"0"},{"time":"19:50:02","type":"tcp_server","detail":"asc_pull_req","dir":"in","value":"1048"},{"time":"19:50:02","type":"active_elections_cancelled","detail":"manual","dir":"in","value":"0"},{"time":"19:50:02","type":"message","detail":"confirm_req","dir":"out","value":"559"},{"time":"19:50:02","type":"active_elections","detail":"cooldown","dir":"in","value":"0"},{"time":"19:50:02","type":"bootstrap_queue","detail":"download_finished_failed","dir":"in","value":"0"},{"time":"19:50:02","type":"active_elections_started","detail":"manual","dir":"in","value":"0"},{"time":"19:50:02","type":"bootstrap_queue","detail":"reprocess","dir":"in","value":"0"},{"time":"19:50:02","type":"confirmation_height","detail":"blocks_confirmed","dir":"in","value":"45052"},{"time":"19:50:02","type":"drop","detail":"publish","dir":"out","value":"8"},{"time":"19:50:02","type":"fork_cache","detail":"insert","dir":"in","value":"0"},{"time":"19:50:02","type":"prio_sched_queue","detail":"overfill","dir":"in","value":"0"},{"time":"19:50:02","type":"vote_rebroadcaster","detail":"sent","dir":"in","value":"7776"},{"time":"19:50:02","type":"block_processor_result","detail":"progress","dir":"in","value":"45052"},{"time":"19:50:02","type":"block_processor_result","detail":"representative_mismatch","dir":"in","value":"0"},{"time":"19:50:02","type":"ledger_ev_dur","detail":"dur_confirmation_failed","dir":"in","value":"0"},{"time":"19:50:02","type":"rep_crawler","detail":"query_completion","dir":"in","value":"6"},{"time":"19:50:02","type":"bootstrap_server","detail":"request","dir":"in","value":"1032"},{"time":"19:50:02","type":"ledger_ev_dur","detail":"dur_blocks_rolled_back","dir":"in","value":"0"},{"time":"19:50:02","type":"backlog_scan_queue","detail":"enqueued","dir":"in","value":"580"},{"time":"19:50:02","type":"bootstrap_server","detail":"loop","dir":"in","value":"467"},{"time":"19:50:02","type":"election_bucket_activation","detail":"47","dir":"in","value":"297"},{"time":"19:50:02","type":"election_bucket_activation","detail":"41","dir":"in","value":"416"},{"time":"19:50:02","type":"block_processor_result","detail":"block_position","dir":"in","value":"0"},{"time":"19:50:02","type":"ledger_ev_dur","detail":"dur_dependent_elections","dir":"in","value":"108"},{"time":"19:50:02","type":"block_processor_source","detail":"live","dir":"in","value":"317"},{"time":"19:50:02","type":"election_bucket_activation","detail":"31","dir":"in","value":"247"},{"time":"19:50:02","type":"election_bucket_activation","detail":"55","dir":"in","value":"509"},{"time":"19:50:02","type":"election_bucket_activation","detail":"7","dir":"in","value":"242"},{"time":"19:50:02","type":"message_processor_type","detail":"invalid","dir":"in","value":"0"},{"time":"19:50:02","type":"ledger_ev_proc","detail":"ev_blocks_processed_total","dir":"in","value":"45474"},{"time":"19:50:02","type":"traffic_tcp_type","detail":"block_broadcast","dir":"out","value":"1365056"},{"time":"19:50:02","type":"confirming_set","detail":"cemented","dir":"in","value":"45052"},{"time":"19:50:02","type":"traffic_tcp","detail":"all","dir":"in","value":"55456580"},{"time":"19:50:02","type":"vote_processor","detail":"loop","dir":"in","value":"4591"},{"time":"19:50:02","type":"election_bucket_activation","detail":"29","dir":"in","value":"292"},{"time":"19:50:02","type":"active_elections","detail":"bootstrap_stale","dir":"in","value":"0"},{"time":"19:50:02","type":"ev_proc_duration","detail":"backlog_scan_queue","dir":"in","value":"141576"},{"time":"19:50:02","type":"election_scheduler","detail":"duplicate","dir":"in","value":"3"},{"time":"19:50:02","type":"vote_generator","detail":"sent_pr","dir":"in","value":"1441"},{"time":"19:50:02","type":"bootstrap","detail":"timeout","dir":"in","value":"20"},{"time":"19:50:02","type":"election_bucket_activation","detail":"58","dir":"in","value":"795"},{"time":"19:50:02","type":"tcp_listener_rejected","detail":"max_per_subnetwork","dir":"in","value":"0"},{"time":"19:50:02","type":"block_processor_source","detail":"unchecked","dir":"in","value":"0"},{"time":"19:50:02","type":"bootstrap_server_request","detail":"all","dir":"in","value":"0"},{"time":"19:50:02","type":"active_elections_stopped","detail":"expired_unconfirmed","dir":"in","value":"0"},{"time":"19:50:02","type":"election_bucket_activation","detail":"14","dir":"in","value":"324"},{"time":"19:50:02","type":"block_processor_source","detail":"live_originator","dir":"in","value":"45060"},{"time":"19:50:02","type":"bootstrap_queue","detail":"processing_started","dir":"in","value":"50"},{"time":"19:50:02","type":"ledger_ev_proc","detail":"ev_blocks_confirmed","dir":"in","value":"3303"},{"time":"19:50:02","type":"block_processor_overfill","detail":"unchecked","dir":"in","value":"0"},{"time":"19:50:02","type":"network","detail":"reachout_live","dir":"in","value":"113"},{"time":"19:50:02","type":"election_vote","detail":"replayed","dir":"in","value":"7110"},{"time":"19:50:02","type":"block_processor_result","detail":"bad_signature","dir":"in","value":"0"},{"time":"19:50:02","type":"active_elections","detail":"activate_immediately","dir":"in","value":"42033"},{"time":"19:50:02","type":"active_elections_timeout","detail":"manual","dir":"in","value":"0"},{"time":"19:50:02","type":"message_processor_type","detail":"telemetry_ack","dir":"in","value":"5"},{"time":"19:50:02","type":"tcp_server","detail":"all","dir":"in","value":"0"},{"time":"19:50:02","type":"filter","detail":"duplicate_confirm_ack_message","dir":"in","value":"4200"},{"time":"19:50:02","type":"bootstrap_server","detail":"frontiers","dir":"out","value":"140785"},{"time":"19:50:02","type":"telemetry","detail":"insert","dir":"in","value":"5"},{"time":"19:50:02","type":"bootstrap_frontiers","detail":"processed","dir":"in","value":"4085"},{"time":"19:50:02","type":"bootstrap_frontiers","detail":"prioritized","dir":"in","value":"179"},{"time":"19:50:02","type":"block_processor_result","detail":"opened_burn_account","dir":"in","value":"0"},{"time":"19:50:02","type":"election_bucket_activation","detail":"54","dir":"in","value":"696"},{"time":"19:50:02","type":"bootstrap_queue","detail":"download_start_failed","dir":"in","value":"0"},{"time":"19:50:02","type":"bootstrap_queue","detail":"dependency_request_removed","dir":"in","value":"0"},{"time":"19:50:02","type":"message","detail":"publish","dir":"out","value":"6543"},{"time":"19:50:02","type":"confirmation_height","detail":"all","dir":"in","value":"0"},{"time":"19:50:02","type":"election_bucket_activation","detail":"38","dir":"in","value":"570"},{"time":"19:50:02","type":"confirming_set","detail":"insert","dir":"in","value":"45052"},{"time":"19:50:02","type":"rep_crawler","detail":"response","dir":"in","value":"13"},{"time":"19:50:02","type":"active_elections","detail":"all","dir":"in","value":"0"},{"time":"19:50:02","type":"vote_rebroadcaster_tier","detail":"tier1","dir":"in","value":"0"},{"time":"19:50:02","type":"bootstrap_verify_blocks","detail":"invalid","dir":"in","value":"0"},{"time":"19:50:02","type":"election_bucket_activation","detail":"48","dir":"in","value":"5535"},{"time":"19:50:02","type":"bootstrap_timeout","detail":"all","dir":"in","value":"0"},{"time":"19:50:02","type":"election_scheduler","detail":"all","dir":"in","value":"0"},{"time":"19:50:02","type":"election_bucket_activation","detail":"33","dir":"in","value":"1724"},{"time":"19:50:02","type":"tcp_server","detail":"node_id_handshake","dir":"in","value":"18"},{"time":"19:50:02","type":"active_elections_stopped","detail":"cancelled","dir":"in","value":"0"},{"time":"19:50:02","type":"election_bucket_activation","detail":"11","dir":"in","value":"409"},{"time":"19:50:02","type":"message_processor_type","detail":"confirm_req","dir":"in","value":"608"},{"time":"19:50:02","type":"vote_cache","detail":"inserted","dir":"in","value":"242956"},{"time":"19:50:02","type":"rep_tiers","detail":"processed","dir":"in","value":"17509"},{"time":"19:50:02","type":"message_processor_type","detail":"telemetry_req","dir":"in","value":"0"},{"time":"19:50:02","type":"confirming_set","detail":"cementing","dir":"in","value":"45052"},{"time":"19:50:02","type":"election_scheduler","detail":"activate_skip","dir":"in","value":"67326"},{"time":"19:50:02","type":"active_elections_stopped","detail":"passive","dir":"in","value":"4"},{"time":"19:50:02","type":"message_processor_overfill","detail":"asc_pull_ack","dir":"in","value":"0"},{"time":"19:50:02","type":"tcp_server","detail":"handshake","dir":"in","value":"18"},{"time":"19:50:02","type":"confirmation_time","detail":"p95","dir":"in","value":"116"},{"time":"19:50:02","type":"message_processor","detail":"overfill","dir":"in","value":"0"},{"time":"19:50:02","type":"election_bucket_activation","detail":"12","dir":"in","value":"380"},{"time":"19:50:02","type":"boot_requester","detail":"sleep","dir":"in","value":"1185"},{"time":"19:50:02","type":"traffic_tcp_type","detail":"vote","dir":"out","value":"26535536"},{"time":"19:50:02","type":"online_reps","detail":"rep_trim","dir":"in","value":"7"},{"time":"19:50:02","type":"message_processor_overfill","detail":"invalid","dir":"in","value":"0"},{"time":"19:50:02","type":"bootstrap_frontiers","detail":"invalid","dir":"in","value":"0"},{"time":"19:50:02","type":"active_elections_cancelled","detail":"priority","dir":"in","value":"0"},{"time":"19:50:02","type":"bootstrap_queue","detail":"download_requeued","dir":"in","value":"11"},{"time":"19:50:02","type":"bootstrap_queue","detail":"processing_started_reverted","dir":"in","value":"0"},{"time":"19:50:02","type":"ledger_ev_dur","detail":"dur_conf_set_near_full","dir":"in","value":"0"},{"time":"19:50:02","type":"vote_processor_tier","detail":"all","dir":"in","value":"0"},{"time":"19:50:02","type":"confirming_set","detail":"loop","dir":"in","value":"5247"},{"time":"19:50:02","type":"handshake","detail":"cookie_creation_failed","dir":"in","value":"0"},{"time":"19:50:02","type":"active_elections","detail":"timed_out","dir":"in","value":"0"},{"time":"19:50:02","type":"network","detail":"loop_keepalive","dir":"in","value":"4"},{"time":"19:50:02","type":"election","detail":"broadcast_block_initial","dir":"in","value":"2199"},{"time":"19:50:02","type":"vote_generator","detail":"sent_non_pr","dir":"in","value":"1060"},{"time":"19:50:02","type":"election_bucket_activation","detail":"43","dir":"in","value":"350"},{"time":"19:50:02","type":"bootstrap_frontiers","detail":"frontiers","dir":"in","value":"4085"},{"time":"19:50:02","type":"request_aggregator_replies","detail":"final_vote","dir":"in","value":"211"},{"time":"19:50:02","type":"active_elections_confirmed","detail":"manual","dir":"in","value":"0"},{"time":"19:50:02","type":"election_bucket_activation","detail":"9","dir":"in","value":"762"},{"time":"19:50:02","type":"request_aggregator","detail":"request_hashes","dir":"in","value":"61902"},{"time":"19:50:02","type":"tcp_listener_rejected","detail":"max_per_ip","dir":"out","value":"0"},{"time":"19:50:02","type":"local_block_broadcaster","detail":"broadcast","dir":"out","value":"58"},{"time":"19:50:02","type":"message_processor_overfill","detail":"asc_pull_req","dir":"in","value":"0"},{"time":"19:50:02","type":"message_processor_overfill","detail":"telemetry_ack","dir":"in","value":"0"},{"time":"19:50:02","type":"election_bucket_activation","detail":"61","dir":"in","value":"310"},{"time":"19:50:02","type":"vote_generator","detail":"batch","dir":"in","value":"1277"},{"time":"19:50:02","type":"vote_rebroadcaster","detail":"rebroadcast_unnecessary","dir":"in","value":"163"},{"time":"19:50:02","type":"handshake","detail":"empty_response","dir":"in","value":"0"},{"time":"19:50:02","type":"bootstr_acc_ack_proc","detail":"account_info_empty","dir":"in","value":"0"},{"time":"19:50:02","type":"bootstrap_queue","detail":"block_failed","dir":"in","value":"0"},{"time":"19:50:02","type":"vote_cache","detail":"processed","dir":"in","value":"45072"},{"time":"19:50:02","type":"tcp_listener_rejected","detail":"not_a_peer","dir":"out","value":"25"},{"time":"19:50:02","type":"bootstrap_frontiers","detail":"ok","dir":"in","value":"233"},{"time":"19:50:02","type":"tcp_listener_rejected","detail":"max_attempts","dir":"in","value":"0"},{"time":"19:50:02","type":"tcp_listener_rejected","detail":"max_per_subnetwork","dir":"out","value":"0"},{"time":"19:50:02","type":"active_elections","detail":"block_conflict","dir":"in","value":"0"},{"time":"19:50:02","type":"tcp_listener","detail":"accept_success","dir":"in","value":"14"},{"time":"19:50:02","type":"boot_requester","detail":"queries_overfill","dir":"in","value":"0"},{"time":"19:50:02","type":"bootstrap_queue","detail":"reprocess_failed","dir":"in","value":"30"},{"time":"19:50:02","type":"bootstrap_queue","detail":"dependency_requested","dir":"in","value":"0"},{"time":"19:50:02","type":"active_elections_started","detail":"priority","dir":"in","value":"45045"},{"time":"19:50:02","type":"tcp_listener","detail":"accept_failure","dir":"in","value":"0"},{"time":"19:50:02","type":"election_bucket_activation","detail":"40","dir":"in","value":"530"},{"time":"19:50:02","type":"tcp_listener_rejected","detail":"duplicate","dir":"out","value":"138"},{"time":"19:50:02","type":"boot_requester","detail":"wait_next_download","dir":"in","value":"1049"},{"time":"19:50:02","type":"requests","detail":"all","dir":"in","value":"0"},{"time":"19:50:02","type":"vote_rebroadcaster","detail":"rebroadcast","dir":"in","value":"2675"},{"time":"19:50:02","type":"active_elections_timeout","detail":"hinted","dir":"in","value":"0"},{"time":"19:50:02","type":"election_bucket_activation","detail":"27","dir":"in","value":"272"},{"time":"19:50:02","type":"vote_generator_final","detail":"batch","dir":"in","value":"1032"},{"time":"19:50:02","type":"election_bucket_activation","detail":"52","dir":"in","value":"899"},{"time":"19:50:02","type":"bootstrap_server_overfill","detail":"all","dir":"in","value":"0"},{"time":"19:50:02","type":"election_bucket_activation","detail":"35","dir":"in","value":"959"},{"time":"19:50:02","type":"tcp_server","detail":"confirm_req","dir":"in","value":"502"},{"time":"19:50:02","type":"confirmation_observer","detail":"active_quorum","dir":"in","value":"45052"},{"time":"19:50:02","type":"election_bucket_activation","detail":"20","dir":"in","value":"623"},{"time":"19:50:02","type":"tcp_channels","detail":"all","dir":"in","value":"0"},{"time":"19:50:02","type":"vote_processor_tier","detail":"tier3","dir":"in","value":"12367"},{"time":"19:50:02","type":"rep_tiers","detail":"all","dir":"in","value":"0"},{"time":"19:50:02","type":"election_bucket","detail":"activate_success","dir":"in","value":"45072"},{"time":"19:50:02","type":"bootstrap_queue","detail":"deprioritized","dir":"in","value":"215"},{"time":"19:50:02","type":"active_elections_dropped","detail":"manual","dir":"in","value":"0"},{"time":"19:50:02","type":"bootstrap_server_request","detail":"blocks","dir":"in","value":"449"},{"time":"19:50:02","type":"tcp_server","detail":"handshake_error","dir":"in","value":"0"},{"time":"19:50:02","type":"filter","detail":"all","dir":"in","value":"0"},{"time":"19:50:02","type":"bootstrap_server","detail":"cooldown","dir":"in","value":"357"},{"time":"19:50:02","type":"bootstrap_server_response","detail":"all","dir":"in","value":"0"},{"time":"19:50:02","type":"unchecked","detail":"satisfied","dir":"in","value":"0"},{"time":"19:50:02","type":"election_bucket_activation","detail":"21","dir":"in","value":"568"},{"time":"19:50:02","type":"bootstrap_queue","detail":"inserted","dir":"in","value":"207"},{"time":"19:50:02","type":"active_elections_stopped","detail":"expired_confirmed","dir":"in","value":"0"},{"time":"19:50:02","type":"traffic_tcp_type","detail":"telemetry","dir":"out","value":"1890"},{"time":"19:50:02","type":"local_block_broadcaster","detail":"insert","dir":"in","value":"47"},{"time":"19:50:02","type":"bootstrap_reply","detail":"all","dir":"in","value":"0"},{"time":"19:50:02","type":"hinting","detail":"all","dir":"in","value":"0"},{"time":"19:50:02","type":"network","detail":"merge_peer","dir":"in","value":"22"},{"time":"19:50:02","type":"traffic_tcp_type","detail":"rep_crawler","dir":"out","value":"3312"},{"time":"19:50:02","type":"handshake","detail":"ok","dir":"in","value":"9"},{"time":"19:50:02","type":"unchecked","detail":"duplicate","dir":"in","value":"0"},{"time":"19:50:02","type":"local_block_broadcaster","detail":"cemented","dir":"in","value":"47"},{"time":"19:50:02","type":"election_bucket_activation","detail":"49","dir":"in","value":"2548"},{"time":"19:50:02","type":"bootstrap_server","detail":"response","dir":"out","value":"1032"},{"time":"19:50:02","type":"hinting","detail":"already_confirmed","dir":"in","value":"43559"},{"time":"19:50:02","type":"requests","detail":"requests_generated_votes","dir":"in","value":"211"},{"time":"19:50:02","type":"traffic_tcp_type","detail":"bootstrap_server","dir":"out","value":"9178145"},{"time":"19:50:02","type":"confirmation_time","detail":"p99","dir":"in","value":"123"},{"time":"19:50:02","type":"tcp_listener_rejected","detail":"excluded","dir":"out","value":"0"},{"time":"19:50:02","type":"peer_history","detail":"inserted","dir":"in","value":"5"},{"time":"19:50:02","type":"traffic_tcp_type","detail":"confirmation_requests","dir":"out","value":"3346552"},{"time":"19:50:02","type":"ledger_ev_proc","detail":"processed","dir":"in","value":"38869"},{"time":"19:50:02","type":"vote_rebroadcaster_tier","detail":"tier2","dir":"in","value":"0"},{"time":"19:50:02","type":"handshake","detail":"invalid_genesis","dir":"in","value":"0"},{"time":"19:50:02","type":"block_processor_overfill","detail":"forced","dir":"in","value":"0"},{"time":"19:50:02","type":"election_bucket_activation","detail":"19","dir":"in","value":"667"},{"time":"19:50:02","type":"block_processor_result","detail":"conflict","dir":"in","value":"30"},{"time":"19:50:02","type":"active_elections_stopped","detail":"active","dir":"in","value":"11"},{"time":"19:50:02","type":"aggregator","detail":"aggregator_accepted","dir":"in","value":"584"},{"time":"19:50:02","type":"vote_rebroadcaster_tier","detail":"tier3","dir":"in","value":"2675"},{"time":"19:50:02","type":"vote_generator_final","detail":"sent_non_pr","dir":"in","value":"1052"},{"time":"19:50:02","type":"election_bucket_activation","detail":"17","dir":"in","value":"1067"},{"time":"19:50:02","type":"active_elections","detail":"confirmed","dir":"in","value":"45052"},{"time":"19:50:02","type":"active_elections_timeout","detail":"priority","dir":"in","value":"0"},{"time":"19:50:02","type":"boot_requester","detail":"no_channel","dir":"in","value":"1216"},{"time":"19:50:02","type":"block_processor_result","detail":"unreceivable","dir":"in","value":"0"},{"time":"19:50:02","type":"active_elections_timeout","detail":"optimistic","dir":"in","value":"0"},{"time":"19:50:02","type":"tcp_listener_rejected","detail":"duplicate","dir":"in","value":"0"},{"time":"19:50:02","type":"handshake","detail":"missing_cookie","dir":"in","value":"0"},{"time":"19:50:02","type":"unchecked","detail":"put","dir":"in","value":"0"},{"time":"19:50:02","type":"bootstrap_request","detail":"frontiers","dir":"in","value":"268"},{"time":"19:50:02","type":"vote_processor","detail":"all","dir":"in","value":"0"},{"time":"19:50:02","type":"election_bucket_activation","detail":"46","dir":"in","value":"273"},{"time":"19:50:02","type":"election_bucket_activation","detail":"25","dir":"in","value":"365"},{"time":"19:50:02","type":"active_elections_confirmed","detail":"priority","dir":"in","value":"45052"},{"time":"19:50:02","type":"bootstrap_process","detail":"account_info","dir":"in","value":"0"},{"time":"19:50:02","type":"election","detail":"vote","dir":"in","value":"240159"},{"time":"19:50:02","type":"ev_proc_duration","detail":"prio_sched_queue","dir":"in","value":"2855948"},{"time":"19:50:02","type":"message","detail":"confirm_ack","dir":"out","value":"12981"},{"time":"19:50:02","type":"vote_generator","detail":"all","dir":"in","value":"0"},{"time":"19:50:02","type":"rep_tiers","detail":"updated","dir":"in","value":"7"},{"time":"19:50:02","type":"election_bucket_activation","detail":"5","dir":"in","value":"376"},{"time":"19:50:02","type":"optimistic_scheduler","detail":"insert","dir":"in","value":"9"},{"time":"19:50:02","type":"bootstrap_process","detail":"blocks","dir":"in","value":"389"},{"time":"19:50:02","type":"election_bucket_activation","detail":"34","dir":"in","value":"1312"},{"time":"19:50:02","type":"bootstrap_queue","detail":"download_finished","dir":"in","value":"389"},{"time":"19:50:02","type":"bootstrap_queue","detail":"processing_finished_failed","dir":"in","value":"45394"},{"time":"19:50:02","type":"tcp_server","detail":"keepalive","dir":"in","value":"87"},{"time":"19:50:02","type":"message_processor_type","detail":"bulk_pull","dir":"in","value":"0"},{"time":"19:50:02","type":"block_processor_source","detail":"forced","dir":"in","value":"0"},{"time":"19:50:02","type":"confirmation_time","detail":"p90","dir":"in","value":"111"},{"time":"19:50:02","type":"election_bucket_activation","detail":"10","dir":"in","value":"579"},{"time":"19:50:02","type":"message","detail":"asc_pull_ack","dir":"in","value":"648"},{"time":"19:50:02","type":"backlog_scan","detail":"loop","dir":"in","value":"451"},{"time":"19:50:02","type":"hinting","detail":"loop","dir":"in","value":"63"},{"time":"19:50:02","type":"bootstrap_queue","detail":"decayed_blocked","dir":"in","value":"0"},{"time":"19:50:02","type":"confirming_set","detail":"cemented_hash","dir":"in","value":"45052"},{"time":"19:50:02","type":"election_bucket_activation","detail":"44","dir":"in","value":"320"},{"time":"19:50:02","type":"rep_crawler","detail":"all","dir":"in","value":"0"},{"time":"19:50:02","type":"vote_generator","detail":"generator_broadcasts","dir":"in","value":"266"},{"time":"19:50:02","type":"rep_crawler","detail":"loop","dir":"in","value":"34"},{"time":"19:50:02","type":"active_elections","detail":"settled","dir":"in","value":"44481"},{"time":"19:50:02","type":"hinting","detail":"insert_failed","dir":"in","value":"2296"},{"time":"19:50:02","type":"telemetry","detail":"process","dir":"in","value":"5"},{"time":"19:50:02","type":"election_bucket_activation","detail":"0","dir":"in","value":"1"},{"time":"19:50:02","type":"active_elections_started","detail":"hinted","dir":"in","value":"18"},{"time":"19:50:02","type":"bootstrap_server","detail":"all","dir":"in","value":"0"},{"time":"19:50:02","type":"election_bucket","detail":"activate_failed_duplicate","dir":"in","value":"7805"},{"time":"19:50:02","type":"election_bucket","detail":"replaced","dir":"in","value":"20"},{"time":"19:50:02","type":"message_processor_overfill","detail":"bulk_push","dir":"in","value":"0"},{"time":"19:50:02","type":"election_bucket_activation","detail":"3","dir":"in","value":"160"},{"time":"19:50:02","type":"rep_crawler","detail":"keepalive","dir":"in","value":"17"},{"time":"19:50:02","type":"requests","detail":"requests_unknown","dir":"in","value":"1954"},{"time":"19:50:02","type":"tcp","detail":"tcp_io_timeout_drop","dir":"in","value":"0"},{"time":"19:50:02","type":"traffic_tcp","detail":"all","dir":"out","value":"86242487"},{"time":"19:50:02","type":"message","detail":"keepalive","dir":"out","value":"84"},{"time":"19:50:02","type":"local_block_broadcaster","detail":"loop","dir":"in","value":"79"},{"time":"19:50:02","type":"message_processor_overfill","detail":"telemetry_req","dir":"in","value":"0"},{"time":"19:50:02","type":"election_bucket_activation","detail":"53","dir":"in","value":"638"},{"time":"19:50:02","type":"vote_rebroadcaster","detail":"overfill","dir":"in","value":"4218"},{"time":"19:50:02","type":"confirming_set","detail":"all","dir":"in","value":"0"},{"time":"19:50:02","type":"telemetry","detail":"loop","dir":"in","value":"3"},{"time":"19:50:02","type":"bootstrap_server","detail":"all","dir":"out","value":"0"},{"time":"19:50:02","type":"ledger_ev_proc","detail":"ev_blocks_confirmed_total","dir":"in","value":"45052"},{"time":"19:50:02","type":"message_processor_overfill","detail":"confirm_req","dir":"in","value":"0"},{"time":"19:50:02","type":"election_bucket_activation","detail":"28","dir":"in","value":"269"},{"time":"19:50:02","type":"message","detail":"confirm_ack","dir":"in","value":"3755"},{"time":"19:50:02","type":"bootstrap_queue","detail":"dependency_update","dir":"in","value":"0"},{"time":"19:50:02","type":"aggregator","detail":"all","dir":"in","value":"0"},{"time":"19:50:02","type":"election_bucket_activation","detail":"57","dir":"in","value":"1486"},{"time":"19:50:02","type":"telemetry","detail":"broadcast","dir":"in","value":"9"},{"time":"19:50:02","type":"message_processor_type","detail":"confirm_ack","dir":"in","value":"3755"},{"time":"19:50:02","type":"election_bucket","detail":"activate_failed_confirmed","dir":"in","value":"405"}],"stat_duration_seconds":"63"}
=== PR0 stats objects ===
{"node":{"work":{"pending":{"count":"0","size":"56"}},"ledger":{"rep_weights":{"rep_weights":{"count":"11556","size":"48"}}},"active":{"roots":{"count":"0","size":"3488"},"slots":{"count":"0","size":"168"},"normal":{"count":"0","size":"0"},"hinted":{"count":"0","size":"0"},"optimistic":{"count":"0","size":"0"},"recently_confirmed":{"confirmed":{"count":"45052","size":"160"}},"vote_router":{"elections":{"count":"0","size":"96"}},"buckets":{"bucket 0":{"count":"0","size":"0"},"bucket 1":{"count":"0","size":"0"},"bucket 2":{"count":"0","size":"0"},"bucket 3":{"count":"0","size":"0"},"bucket 4":{"count":"0","size":"0"},"bucket 5":{"count":"0","size":"0"},"bucket 6":{"count":"0","size":"0"},"bucket 7":{"count":"0","size":"0"},"bucket 8":{"count":"0","size":"0"},"bucket 9":{"count":"0","size":"0"},"bucket 10":{"count":"0","size":"0"},"bucket 11":{"count":"0","size":"0"},"bucket 12":{"count":"0","size":"0"},"bucket 13":{"count":"0","size":"0"},"bucket 14":{"count":"0","size":"0"},"bucket 15":{"count":"0","size":"0"},"bucket 16":{"count":"0","size":"0"},"bucket 17":{"count":"0","size":"0"},"bucket 18":{"count":"0","size":"0"},"bucket 19":{"count":"0","size":"0"},"bucket 20":{"count":"0","size":"0"},"bucket 21":{"count":"0","size":"0"},"bucket 22":{"count":"0","size":"0"},"bucket 23":{"count":"0","size":"0"},"bucket 24":{"count":"0","size":"0"},"bucket 25":{"count":"0","size":"0"},"bucket 26":{"count":"0","size":"0"},"bucket 27":{"count":"0","size":"0"},"bucket 28":{"count":"0","size":"0"},"bucket 29":{"count":"0","size":"0"},"bucket 30":{"count":"0","size":"0"},"bucket 31":{"count":"0","size":"0"},"bucket 32":{"count":"0","size":"0"},"bucket 33":{"count":"0","size":"0"},"bucket 34":{"count":"0","size":"0"},"bucket 35":{"count":"0","size":"0"},"bucket 36":{"count":"0","size":"0"},"bucket 37":{"count":"0","size":"0"},"bucket 38":{"count":"0","size":"0"},"bucket 39":{"count":"0","size":"0"},"bucket 40":{"count":"0","size":"0"},"bucket 41":{"count":"0","size":"0"},"bucket 42":{"count":"0","size":"0"},"bucket 43":{"count":"0","size":"0"},"bucket 44":{"count":"0","size":"0"},"bucket 45":{"count":"0","size":"0"},"bucket 46":{"count":"0","size":"0"},"bucket 47":{"count":"0","size":"0"},"bucket 48":{"count":"0","size":"0"},"bucket 49":{"count":"0","size":"0"},"bucket 50":{"count":"0","size":"0"},"bucket 51":{"count":"0","size":"0"},"bucket 52":{"count":"0","size":"0"},"bucket 53":{"count":"0","size":"0"},"bucket 54":{"count":"0","size":"0"},"bucket 55":{"count":"0","size":"0"},"bucket 56":{"count":"0","size":"0"},"bucket 57":{"count":"0","size":"0"},"bucket 58":{"count":"0","size":"0"},"bucket 59":{"count":"0","size":"0"},"bucket 60":{"count":"0","size":"0"},"bucket 61":{"count":"0","size":"0"},"bucket 62":{"count":"0","size":"0"},"bucket 63":{"count":"0","size":"0"},"bucket 64":{"count":"0","size":"0"},"bucket 65":{"count":"0","size":"0"}}},"network":{"channels":{"count":"9","size":"8"},"attempts":{"count":"0","size":"80"},"excluded_peers":{"peers":{"count":"0","size":"64"}},"bandwidth":{"generic":{"count":"999977764","size":"0"},"bootstrap":{"count":"5178799","size":"0"}}},"syn_cookies":{"syn_cookies":{"count":"0","size":"48"},"syn_cookies_per_ip":{"count":"1","size":"8"}},"telemetry":{"telemetries":{"count":"5","size":"352"}},"wallets":{"items":{"count":"1","size":"256"}},"vote_processor":{"votes":{"count":"0","size":"16"},"queue":{"queues":{"count":"0","size":"64"},"total_size":{"count":"0","size":"64"}}},"rep_crawler":{"queries":{"count":"52","size":"120"},"responses":{"count":"0","size":"16"},"prioritized":{"count":"0","size":"0"}},"block_processor":{"blocks":{"count":"0","size":"8"},"forced":{"count":"0","size":"8"},"queue":{"queues":{"count":"0","size":"64"},"total_size":{"count":"0","size":"64"}}},"online_reps":{"reps":{"count":"6","size":"0"}},"history":{"history":{"count":"89837","size":"72"}},"confirming_set":{"set":{"count":"0","size":"0"},"deferred":{"count":"0","size":"0"}},"request_aggregator":{"queue":{"queues":{"count":"0","size":"56"},"total_size":{"count":"0","size":"56"}}},"election_scheduler":{"hinted":{"cooldowns":{"count":"10407","size":"96"}},"manual":{"queue":{"count":"0","size":"41"}},"optimistic":{"candidates":{"count":"3029","size":"1"}},"priority":{"blocks":{"0":{"count":"0","size":"0"},"1":{"count":"0","size":"0"},"2":{"count":"0","size":"0"},"3":{"count":"0","size":"0"},"4":{"count":"0","size":"0"},"5":{"count":"0","size":"0"},"6":{"count":"0","size":"0"},"7":{"count":"0","size":"0"},"8":{"count":"0","size":"0"},"9":{"count":"0","size":"0"},"10":{"count":"0","size":"0"},"11":{"count":"0","size":"0"},"12":{"count":"0","size":"0"},"13":{"count":"0","size":"0"},"14":{"count":"0","size":"0"},"15":{"count":"0","size":"0"},"16":{"count":"0","size":"0"},"17":{"count":"0","size":"0"},"18":{"count":"0","size":"0"},"19":{"count":"0","size":"0"},"20":{"count":"0","size":"0"},"21":{"count":"0","size":"0"},"22":{"count":"0","size":"0"},"23":{"count":"0","size":"0"},"24":{"count":"0","size":"0"},"25":{"count":"0","size":"0"},"26":{"count":"0","size":"0"},"27":{"count":"0","size":"0"},"28":{"count":"0","size":"0"},"29":{"count":"0","size":"0"},"30":{"count":"0","size":"0"},"31":{"count":"0","size":"0"},"32":{"count":"0","size":"0"},"33":{"count":"0","size":"0"},"34":{"count":"0","size":"0"},"35":{"count":"0","size":"0"},"36":{"count":"0","size":"0"},"37":{"count":"0","size":"0"},"38":{"count":"0","size":"0"},"39":{"count":"0","size":"0"},"40":{"count":"0","size":"0"},"41":{"count":"0","size":"0"},"42":{"count":"0","size":"0"},"43":{"count":"0","size":"0"},"44":{"count":"0","size":"0"},"45":{"count":"0","size":"0"},"46":{"count":"0","size":"0"},"47":{"count":"0","size":"0"},"48":{"count":"0","size":"0"},"49":{"count":"0","size":"0"},"50":{"count":"0","size":"0"},"51":{"count":"0","size":"0"},"52":{"count":"0","size":"0"},"53":{"count":"0","size":"0"},"54":{"count":"0","size":"0"},"55":{"count":"0","size":"0"},"56":{"count":"0","size":"0"},"57":{"count":"0","size":"0"},"58":{"count":"0","size":"0"},"59":{"count":"0","size":"0"},"60":{"count":"0","size":"0"},"61":{"count":"0","size":"0"},"62":{"count":"0","size":"0"}}},"ev_proc":{"prio_sched_queue":{"count":"0","size":"0"}}},"vote_cache":{"blocks":{"count":"1501","size":"0"},"processor":{"count":"0","size":"0"}},"vote_generators":{"non_final":{"candidates":{"count":"0","size":"64"},"requests":{"count":"0","size":"32"}},"final":{"candidates":{"count":"0","size":"64"},"requests":{"count":"0","size":"32"}},"notar":{"candidates":{"count":"0","size":"64"},"requests":{"count":"0","size":"32"}},"timeout":{"candidates":{"count":"0","size":"64"},"requests":{"count":"0","size":"32"}}},"bootstrapper":{"query_tracker":{"running_queries":{"count":"0","size":"216"}},"peer_scoring":{"scores":{"count":"9","size":"0"}},"bootstrap_queue":{"download_queue":{"count":"33","size":"0"},"blocked":{"count":"0","size":"0"},"blocked_unknown":{"count":"0","size":"0"},"unblocked":{"count":"33","size":"0"},"downloading":{"count":"0","size":"0"},"optimistic":{"count":"0","size":"0"},"fails":{"count":"30","size":"0"},"processing":{"ready_to_process":{"count":"0","size":"0"},"processing":{"count":"0","size":"0"},"cached_blocks":{"count":"0","size":"0"}},"priorities":{"priorities":{"count":"33","size":"0"}},"download_queue_detail":{"accounts":{"count":"33","size":"0"}},"blocked_detail":{"accounts":{"count":"0","size":"0"},"by_dependency":{"count":"0","size":"0"},"by_dependency_account":{"count":"0","size":"0"},"by_timestamp":{"count":"0","size":"0"},"requested_dependencies":{"count":"0","size":"0"}}},"frontiers":{"total_processed":{"count":"0","size":"0"}}},"unchecked":{"entries":{"count":"0","size":"0"}},"local_block_broadcaster":{"local":{"count":"0","size":"112"}},"rep_tiers":{"tier_1":{"count":"72","size":"32"},"tier_2":{"count":"6","size":"32"},"tier_3":{"count":"6","size":"32"}},"inbound_msg_queue":{"queue":{"queues":{"count":"0","size":"56"},"total_size":{"count":"0","size":"56"}}},"vote_rebroadcaster":{"queue":{"queues":{"count":"0","size":"49"},"total_size":{"count":"0","size":"49"}},"queue_total":{"count":"0","size":"0"},"queue_hashes":{"count":"0","size":"0"}},"fork_cache":{"fork_cache":{"count":"0","size":"0"}},"event_queues":{"ledger":{"count":"0","size":"0"},"aec":{"count":"0","size":"0"}},"aec_voter":{"scheduler":{"records":{"count":"28604","size":"144"},"expiry_queue":{"count":"56937","size":"112"}}},"backlog_scan":{"ev_proc":{"backlog_scan_queue":{"count":"0","size":"0"}}}}}
=== PR1 block_count ===
{"count":"45053","unchecked":"0","cemented":"45053"}
=== PR1 confirmation_active ===
{"confirmations":[],"unconfirmed":"0","confirmed":"0"}
=== PR1 stats counters ===
{"type":"counters","created":"2026.09.17 19:50:02","entries":[{"time":"19:50:02","type":"election_bucket_activation","detail":"34","dir":"in","value":"1289"},{"time":"19:50:02","type":"election_bucket_activation","detail":"1","dir":"in","value":"126"},{"time":"19:50:02","type":"requests","detail":"requests_final","dir":"in","value":"6768"},{"time":"19:50:02","type":"election_bucket_activation","detail":"55","dir":"in","value":"494"},{"time":"19:50:02","type":"traffic_tcp_type","detail":"block_broadcast_rpc","dir":"out","value":"0"},{"time":"19:50:02","type":"message_processor_type","detail":"telemetry_ack","dir":"in","value":"5"},{"time":"19:50:02","type":"hinting","detail":"already_confirmed","dir":"in","value":"43578"},{"time":"19:50:02","type":"bootstrap_timeout","detail":"all","dir":"in","value":"0"},{"time":"19:50:02","type":"message_processor","detail":"process","dir":"in","value":"50972"},{"time":"19:50:02","type":"block_processor_result","detail":"old","dir":"in","value":"431"},{"time":"19:50:02","type":"tcp_listener","detail":"connect_initiate","dir":"out","value":"23"},{"time":"19:50:02","type":"optimistic_scheduler","detail":"insert_failed","dir":"in","value":"22"},{"time":"19:50:02","type":"bootstrap_server_response","detail":"frontiers","dir":"in","value":"272"},{"time":"19:50:02","type":"vote_generator_final","detail":"generator_broadcasts","dir":"in","value":"262"},{"time":"19:50:02","type":"active_elections_timeout","detail":"priority","dir":"in","value":"0"},{"time":"19:50:02","type":"block_processor_result","detail":"gap_epoch_open_pending","dir":"in","value":"0"},{"time":"19:50:02","type":"confirmation_time","detail":"p50","dir":"in","value":"76"},{"time":"19:50:02","type":"active_elections","detail":"all","dir":"in","value":"0"},{"time":"19:50:02","type":"election_bucket_activation","detail":"39","dir":"in","value":"574"},{"time":"19:50:02","type":"message_processor_type","detail":"invalid","dir":"in","value":"0"},{"time":"19:50:02","type":"tcp_listener","detail":"connect_rejected","dir":"out","value":"179"},{"time":"19:50:02","type":"active_elections_confirmed","detail":"optimistic","dir":"in","value":"0"},{"time":"19:50:02","type":"tcp_listener_rejected","detail":"max_per_ip","dir":"out","value":"0"},{"time":"19:50:02","type":"message_processor_type","detail":"bulk_pull","dir":"in","value":"0"},{"time":"19:50:02","type":"peer_history","detail":"updated","dir":"in","value":"15"},{"time":"19:50:02","type":"block_processor","detail":"overfill","dir":"in","value":"0"},{"time":"19:50:02","type":"tcp_listener_rejected","detail":"excluded","dir":"in","value":"0"},{"time":"19:50:02","type":"rep_tiers","detail":"ignored","dir":"in","value":"16767"},{"time":"19:50:02","type":"message","detail":"all","dir":"in","value":"0"},{"time":"19:50:02","type":"vote_rebroadcaster","detail":"overfill","dir":"in","value":"1965"},{"time":"19:50:02","type":"vote_cache","detail":"processed","dir":"in","value":"45108"},{"time":"19:50:02","type":"vote_generator_final","detail":"all","dir":"in","value":"0"},{"time":"19:50:02","type":"active_elections","detail":"activate_immediately","dir":"in","value":"43320"},{"time":"19:50:02","type":"bootstrap_reply","detail":"blocks_by_hash","dir":"in","value":"282"},{"time":"19:50:02","type":"vote_rebroadcaster","detail":"process","dir":"in","value":"5022"},{"time":"19:50:02","type":"request_aggregator","detail":"all","dir":"in","value":"0"},{"time":"19:50:02","type":"election_scheduler","detail":"loop","dir":"in","value":"44139"},{"time":"19:50:02","type":"tcp_listener_rejected","detail":"excluded","dir":"out","value":"0"},{"time":"19:50:02","type":"tcp_listener","detail":"attempt_timeout","dir":"in","value":"0"},{"time":"19:50:02","type":"requests","detail":"requests_non_final","dir":"in","value":"55743"},{"time":"19:50:02","type":"vote_rebroadcaster_tier","detail":"tier1","dir":"in","value":"0"},{"time":"19:50:02","type":"block_processor_overfill","detail":"local","dir":"in","value":"0"},{"time":"19:50:02","type":"ledger_ev_proc","detail":"ev_blocks_rolled_back_total","dir":"in","value":"0"},{"time":"19:50:02","type":"aggregator","detail":"all","dir":"in","value":"0"},{"time":"19:50:02","type":"election_bucket_activation","detail":"28","dir":"in","value":"269"},{"time":"19:50:02","type":"message","detail":"keepalive","dir":"out","value":"78"},{"time":"19:50:02","type":"hinting","detail":"all","dir":"in","value":"0"},{"time":"19:50:02","type":"message","detail":"publish","dir":"out","value":"6323"},{"time":"19:50:02","type":"election_bucket_activation","detail":"53","dir":"in","value":"639"},{"time":"19:50:02","type":"election_bucket_activation","detail":"18","dir":"in","value":"780"},{"time":"19:50:02","type":"backlog_scan_queue","detail":"enqueued","dir":"in","value":"573"},{"time":"19:50:02","type":"rep_crawler","detail":"loop","dir":"in","value":"32"},{"time":"19:50:02","type":"vote_generator_final","detail":"generator_replies","dir":"in","value":"224"},{"time":"19:50:02","type":"tcp_listener","detail":"accept_failure","dir":"in","value":"0"},{"time":"19:50:02","type":"message_processor_overfill","detail":"telemetry_req","dir":"in","value":"0"},{"time":"19:50:02","type":"block_processor_result","detail":"representative_mismatch","dir":"in","value":"0"},{"time":"19:50:02","type":"rep_crawler","detail":"query_completion","dir":"in","value":"6"},{"time":"19:50:02","type":"requests","detail":"requests_unknown","dir":"in","value":"913"},{"time":"19:50:02","type":"active_elections_stopped","detail":"settled","dir":"in","value":"4"},{"time":"19:50:02","type":"online_reps","detail":"rep_trim","dir":"in","value":"7"},{"time":"19:50:02","type":"active_elections_stopped","detail":"confirmed","dir":"in","value":"45052"},{"time":"19:50:02","type":"ledger_ev_proc","detail":"ev_conf_set_recovered","dir":"in","value":"0"},{"time":"19:50:02","type":"unchecked","detail":"satisfied","dir":"in","value":"17"},{"time":"19:50:02","type":"peer_history","detail":"all","dir":"in","value":"0"},{"time":"19:50:02","type":"filter","detail":"duplicate_publish_message","dir":"in","value":"4526"},{"time":"19:50:02","type":"vote_processor","detail":"process","dir":"in","value":"8616"},{"time":"19:50:02","type":"requests","detail":"all","dir":"in","value":"0"},{"time":"19:50:02","type":"vote_processor_tier","detail":"none","dir":"in","value":"41"},{"time":"19:50:02","type":"bootstrap_server_request","detail":"frontiers","dir":"in","value":"272"},{"time":"19:50:02","type":"network","detail":"merge_peer","dir":"in","value":"23"},{"time":"19:50:02","type":"block_processor_result","detail":"progress","dir":"in","value":"45052"},{"time":"19:50:02","type":"bootstrap_verify_blocks","detail":"nothing_new","dir":"in","value":"265"},{"time":"19:50:02","type":"aggregator","detail":"aggregator_accepted","dir":"in","value":"503"},{"time":"19:50:02","type":"election_bucket_activation","detail":"4","dir":"in","value":"692"},{"time":"19:50:02","type":"ledger_ev_proc","detail":"ev_conf_set_near_full","dir":"in","value":"0"},{"time":"19:50:02","type":"election_scheduler","detail":"duplicate","dir":"in","value":"2"},{"time":"19:50:02","type":"active_elections_started","detail":"optimistic","dir":"in","value":"4"},{"time":"19:50:02","type":"rep_crawler","detail":"all","dir":"in","value":"0"},{"time":"19:50:02","type":"vote_rebroadcaster_tier","detail":"tier2","dir":"in","value":"0"},{"time":"19:50:02","type":"election_bucket_activation","detail":"0","dir":"in","value":"1"},{"time":"19:50:02","type":"active_elections","detail":"loop","dir":"in","value":"209"},{"time":"19:50:02","type":"prio_sched_queue","detail":"enqueued","dir":"in","value":"112662"},{"time":"19:50:02","type":"boot_requester","detail":"sleep","dir":"in","value":"1185"},{"time":"19:50:02","type":"ledger_ev_proc","detail":"ev_blocks_processed","dir":"in","value":"36968"},{"time":"19:50:02","type":"election_bucket_activation","detail":"48","dir":"in","value":"5486"},{"time":"19:50:02","type":"block_processor_result","detail":"negative_spend","dir":"in","value":"0"},{"time":"19:50:02","type":"active_elections_timeout","detail":"optimistic","dir":"in","value":"0"},{"time":"19:50:02","type":"peer_history","detail":"inserted","dir":"in","value":"5"},{"time":"19:50:02","type":"bootstrap_server","detail":"blocks","dir":"out","value":"283"},{"time":"19:50:02","type":"optimistic_scheduler","detail":"activated","dir":"in","value":"2915"},{"time":"19:50:02","type":"election_bucket_activation","detail":"61","dir":"in","value":"292"},{"time":"19:50:02","type":"election_bucket_activation","detail":"35","dir":"in","value":"973"},{"time":"19:50:02","type":"ledger_ev_proc","detail":"cool_down","dir":"in","value":"0"},{"time":"19:50:02","type":"local_block_broadcaster","detail":"insert","dir":"in","value":"1"},{"time":"19:50:02","type":"active_elections_timeout","detail":"manual","dir":"in","value":"0"},{"time":"19:50:02","type":"active_elections","detail":"bootstrap_stale","dir":"in","value":"1"},{"time":"19:50:02","type":"bootstrap","detail":"reply","dir":"in","value":"699"},{"time":"19:50:02","type":"block_processor_overfill","detail":"forced","dir":"in","value":"0"},{"time":"19:50:02","type":"tcp_channels","detail":"channel_accepted","dir":"in","value":"9"},{"time":"19:50:02","type":"confirming_set","detail":"cemented","dir":"in","value":"45052"},{"time":"19:50:02","type":"election_bucket_activation","detail":"25","dir":"in","value":"354"},{"time":"19:50:02","type":"block_processor","detail":"throttled","dir":"in","value":"0"},{"time":"19:50:02","type":"bootstrap","detail":"request","dir":"in","value":"719"},{"time":"19:50:02","type":"hinting","detail":"insert","dir":"in","value":"12"},{"time":"19:50:02","type":"message_processor_overfill","detail":"invalid","dir":"in","value":"0"},{"time":"19:50:02","type":"active_elections_cancelled","detail":"manual","dir":"in","value":"0"},{"time":"19:50:02","type":"bootstrap_queue","detail":"processing_finished","dir":"in","value":"60"},{"time":"19:50:02","type":"message","detail":"confirm_req","dir":"out","value":"568"},{"time":"19:50:02","type":"tcp_server","detail":"asc_pull_ack","dir":"in","value":"699"},{"time":"19:50:02","type":"active_elections","detail":"timed_out","dir":"in","value":"0"},{"time":"19:50:02","type":"confirming_set","detail":"insert","dir":"in","value":"45052"},{"time":"19:50:02","type":"bootstrap_frontiers","detail":"frontiers","dir":"in","value":"133001"},{"time":"19:50:02","type":"tcp_server","detail":"publish","dir":"in","value":"45047"},{"time":"19:50:02","type":"confirming_set","detail":"cementing","dir":"in","value":"45052"},{"time":"19:50:02","type":"block_processor","detail":"enqueued","dir":"in","value":"45509"},{"time":"19:50:02","type":"election_bucket_activation","detail":"22","dir":"in","value":"462"},{"time":"19:50:02","type":"election_bucket_activation","detail":"52","dir":"in","value":"896"},{"time":"19:50:02","type":"election_bucket_activation","detail":"12","dir":"in","value":"403"},{"time":"19:50:02","type":"handshake","detail":"multiple_queries","dir":"in","value":"0"},{"time":"19:50:02","type":"election_bucket_activation","detail":"40","dir":"in","value":"527"},{"time":"19:50:02","type":"message_processor_type","detail":"frontier_req","dir":"in","value":"0"},{"time":"19:50:02","type":"block_processor_source","detail":"bootstrap","dir":"in","value":"60"},{"time":"19:50:02","type":"tcp_listener_rejected","detail":"not_a_peer","dir":"in","value":"0"},{"time":"19:50:02","type":"message_processor","detail":"overfill","dir":"in","value":"0"},{"time":"19:50:02","type":"election_bucket_activation","detail":"14","dir":"in","value":"328"},{"time":"19:50:02","type":"bootstrap_queue","detail":"block_failed","dir":"in","value":"10"},{"time":"19:50:02","type":"boot_requester","detail":"queries_overfill","dir":"in","value":"0"},{"time":"19:50:02","type":"election_bucket_activation","detail":"23","dir":"in","value":"430"},{"time":"19:50:02","type":"network","detail":"all","dir":"in","value":"0"},{"time":"19:50:02","type":"network","detail":"reachout_cached","dir":"in","value":"48"},{"time":"19:50:02","type":"vote_generator_final","detail":"sent_pr","dir":"in","value":"1452"},{"time":"19:50:02","type":"ledger_ev_proc","detail":"ev_blocks_rolled_back","dir":"in","value":"0"},{"time":"19:50:02","type":"vote_generator","detail":"all","dir":"in","value":"0"},{"time":"19:50:02","type":"election_bucket_activation","detail":"30","dir":"in","value":"213"},{"time":"19:50:02","type":"prio_sched_queue","detail":"overfill","dir":"in","value":"0"},{"time":"19:50:02","type":"bootstrap_queue","detail":"download_start_failed","dir":"in","value":"0"},{"time":"19:50:02","type":"bootstrap_server_request","detail":"all","dir":"in","value":"0"},{"time":"19:50:02","type":"active_elections","detail":"cooldown","dir":"in","value":"0"},{"time":"19:50:02","type":"vote_generator","detail":"sent_pr","dir":"in","value":"1432"},{"time":"19:50:02","type":"hinting","detail":"activate","dir":"in","value":"45884"},{"time":"19:50:02","type":"rep_tiers","detail":"all","dir":"in","value":"0"},{"time":"19:50:02","type":"bootstrap_timeout","detail":"frontiers","dir":"in","value":"12"},{"time":"19:50:02","type":"active_elections_cancelled","detail":"optimistic","dir":"in","value":"0"},{"time":"19:50:02","type":"tcp_listener_rejected","detail":"max_per_subnetwork","dir":"out","value":"0"},{"time":"19:50:02","type":"tcp_listener_rejected","detail":"max_per_ip","dir":"in","value":"0"},{"time":"19:50:02","type":"bootstrap_queue","detail":"processing_finished_failed","dir":"in","value":"45423"},{"time":"19:50:02","type":"bootstrap_frontiers","detail":"invalid","dir":"in","value":"0"},{"time":"19:50:02","type":"election_bucket_activation","detail":"19","dir":"in","value":"645"},{"time":"19:50:02","type":"vote_processor","detail":"all","dir":"in","value":"0"},{"time":"19:50:02","type":"bootstrap_server","detail":"overfill","dir":"in","value":"3"},{"time":"19:50:02","type":"network","detail":"reachout_live","dir":"in","value":"127"},{"time":"19:50:02","type":"bootstrap_queue","detail":"blocked","dir":"in","value":"0"},{"time":"19:50:02","type":"message","detail":"confirm_ack","dir":"in","value":"3674"},{"time":"19:50:02","type":"confirmation_time","detail":"p90","dir":"in","value":"111"},{"time":"19:50:02","type":"bootstrap_queue","detail":"trim_blocked","dir":"in","value":"0"},{"time":"19:50:02","type":"vote_rebroadcaster","detail":"rebroadcast_hashes","dir":"in","value":"470921"},{"time":"19:50:02","type":"vote_generator_final","detail":"queue","dir":"in","value":"45052"},{"time":"19:50:02","type":"confirmation_time","detail":"p95","dir":"in","value":"115"},{"time":"19:50:02","type":"message_processor_type","detail":"node_id_handshake","dir":"in","value":"0"},{"time":"19:50:02","type":"message","detail":"confirm_req","dir":"in","value":"534"},{"time":"19:50:02","type":"message","detail":"asc_pull_req","dir":"in","value":"549"},{"time":"19:50:02","type":"election_bucket_activation","detail":"10","dir":"in","value":"566"},{"time":"19:50:02","type":"bootstrap_frontiers","detail":"processed","dir":"in","value":"133001"},{"time":"19:50:02","type":"bootstrap_server","detail":"loop","dir":"in","value":"316"},{"time":"19:50:02","type":"bootstrap_request","detail":"blocks_by_hash","dir":"in","value":"290"},{"time":"19:50:02","type":"rep_tiers","detail":"updated","dir":"in","value":"7"},{"time":"19:50:02","type":"election_bucket_activation","detail":"49","dir":"in","value":"2553"},{"time":"19:50:02","type":"tcp_listener_rejected","detail":"not_a_peer","dir":"out","value":"26"},{"time":"19:50:02","type":"backlog_scan","detail":"activated","dir":"in","value":"7902"},{"time":"19:50:02","type":"ledger_ev_proc","detail":"ev_blocks_confirmed","dir":"in","value":"3176"},{"time":"19:50:02","type":"request_aggregator","detail":"request_hashes","dir":"in","value":"63424"},{"time":"19:50:02","type":"election_bucket_activation","detail":"32","dir":"in","value":"2597"},{"time":"19:50:02","type":"active_elections_stopped","detail":"passive","dir":"in","value":"23"},{"time":"19:50:02","type":"vote_generator","detail":"generator_broadcasts","dir":"in","value":"257"},{"time":"19:50:02","type":"bootstrap_server_response","detail":"blocks","dir":"in","value":"274"},{"time":"19:50:02","type":"election_bucket_activation","detail":"5","dir":"in","value":"379"},{"time":"19:50:02","type":"bootstrap_request","detail":"blocks_by_account","dir":"in","value":"27"},{"time":"19:50:02","type":"block_processor_result","detail":"conflict","dir":"in","value":"9"},{"time":"19:50:02","type":"active_elections_started","detail":"manual","dir":"in","value":"0"},{"time":"19:50:02","type":"tcp_server","detail":"confirm_req","dir":"in","value":"440"},{"time":"19:50:02","type":"tcp_server","detail":"telemetry_ack","dir":"in","value":"5"},{"time":"19:50:02","type":"election_bucket_activation","detail":"37","dir":"in","value":"773"},{"time":"19:50:02","type":"confirmation_time","detail":"p99","dir":"in","value":"124"},{"time":"19:50:02","type":"bootstrap_frontiers","detail":"outdated","dir":"in","value":"120"},{"time":"19:50:02","type":"election_bucket_activation","detail":"24","dir":"in","value":"407"},{"time":"19:50:02","type":"tcp_listener","detail":"accept_rejected","dir":"in","value":"0"},{"time":"19:50:02","type":"tcp_listener_rejected","detail":"max_attempts","dir":"out","value":"0"},{"time":"19:50:02","type":"handshake","detail":"invalid_node_id","dir":"in","value":"0"},{"time":"19:50:02","type":"message_processor_overfill","detail":"bulk_pull_account","dir":"in","value":"0"},{"time":"19:50:02","type":"bootstr_acc_ack_proc","detail":"account_info_empty","dir":"in","value":"0"},{"time":"19:50:02","type":"rep_crawler","detail":"keepalive","dir":"in","value":"16"},{"time":"19:50:02","type":"active_elections","detail":"finalized_fast","dir":"in","value":"44555"},{"time":"19:50:02","type":"block_processor_result","detail":"gap_previous","dir":"in","value":"7"},{"time":"19:50:02","type":"traffic_tcp_type","detail":"keepalive","dir":"out","value":"11856"},{"time":"19:50:02","type":"tcp_listener","detail":"connect_error","dir":"out","value":"18"},{"time":"19:50:02","type":"bootstrap_queue","detail":"download_started","dir":"in","value":"317"},{"time":"19:50:02","type":"bootstrap_queue","detail":"dependency_requested","dir":"in","value":"0"},{"time":"19:50:02","type":"hinting","detail":"missing_block","dir":"in","value":"1"},{"time":"19:50:02","type":"election_bucket_activation","detail":"31","dir":"in","value":"269"},{"time":"19:50:02","type":"bootstrap","detail":"timeout","dir":"in","value":"20"},{"time":"19:50:02","type":"ledger_ev_dur","detail":"dur_blocks_rolled_back","dir":"in","value":"0"},{"time":"19:50:02","type":"drop","detail":"all","dir":"out","value":"38"},{"time":"19:50:02","type":"message","detail":"asc_pull_ack","dir":"in","value":"699"},{"time":"19:50:02","type":"bootstrap_verify_blocks","detail":"invalid","dir":"in","value":"0"},{"time":"19:50:02","type":"vote_generator","detail":"batch","dir":"in","value":"1306"},{"time":"19:50:02","type":"peer_history","detail":"loop","dir":"in","value":"5"},{"time":"19:50:02","type":"block_processor_result","detail":"insufficient_work","dir":"in","value":"0"},{"time":"19:50:02","type":"bootstrap_queue","detail":"removed","dir":"in","value":"0"},{"time":"19:50:02","type":"vote_generator","detail":"queue","dir":"in","value":"45014"},{"time":"19:50:02","type":"local_block_broadcaster","detail":"cemented","dir":"in","value":"1"},{"time":"19:50:02","type":"bootstrap_process","detail":"account_info","dir":"in","value":"0"},{"time":"19:50:02","type":"bootstrap_queue","detail":"dependency_request_removed","dir":"in","value":"0"},{"time":"19:50:02","type":"rep_crawler","detail":"response","dir":"in","value":"11"},{"time":"19:50:02","type":"confirmation_observer","detail":"inactive","dir":"in","value":"0"},{"time":"19:50:02","type":"ledger_ev_dur","detail":"dur_conf_set_recovered","dir":"in","value":"0"},{"time":"19:50:02","type":"bootstrap_server","detail":"response","dir":"out","value":"546"},{"time":"19:50:02","type":"request_aggregator","detail":"request","dir":"in","value":"503"},{"time":"19:50:02","type":"bootstrap_queue","detail":"reprocess_failed","dir":"in","value":"9"},{"time":"19:50:02","type":"bootstrap_verify_blocks","detail":"ok","dir":"in","value":"44"},{"time":"19:50:02","type":"ledger_ev_proc","detail":"ev_blocks_confirmed_total","dir":"in","value":"45052"},{"time":"19:50:02","type":"traffic_tcp_type","detail":"bootstrap_requests","dir":"out","value":"36669"},{"time":"19:50:02","type":"bootstrap_frontiers","detail":"pending","dir":"in","value":"13"},{"time":"19:50:02","type":"unchecked","detail":"duplicate","dir":"in","value":"0"},{"time":"19:50:02","type":"election_scheduler","detail":"all","dir":"in","value":"0"},{"time":"19:50:02","type":"election_bucket_activation","detail":"29","dir":"in","value":"281"},{"time":"19:50:02","type":"bootstrap_queue","detail":"download_finished_failed","dir":"in","value":"0"},{"time":"19:50:02","type":"block_processor_result","detail":"fork","dir":"in","value":"0"},{"time":"19:50:02","type":"confirming_set","detail":"loop","dir":"in","value":"5007"},{"time":"19:50:02","type":"bootstrap_queue","detail":"remove_failed","dir":"in","value":"0"},{"time":"19:50:02","type":"bootstrap_server","detail":"all","dir":"in","value":"0"},{"time":"19:50:02","type":"bootstrap_queue","detail":"inserted","dir":"in","value":"159"},{"time":"19:50:02","type":"block_processor_source","detail":"live","dir":"in","value":"411"},{"time":"19:50:02","type":"active_elections","detail":"started","dir":"in","value":"45108"},{"time":"19:50:02","type":"local_block_broadcaster","detail":"all","dir":"in","value":"0"},{"time":"19:50:02","type":"ledger_ev_dur","detail":"dur_conf_set_near_full","dir":"in","value":"0"},{"time":"19:50:02","type":"vote_processor","detail":"loop","dir":"in","value":"4244"},{"time":"19:50:02","type":"message_processor_overfill","detail":"confirm_ack","dir":"in","value":"0"},{"time":"19:50:02","type":"election_bucket_activation","detail":"16","dir":"in","value":"1995"},{"time":"19:50:02","type":"message_processor_overfill","detail":"frontier_req","dir":"in","value":"0"},{"time":"19:50:02","type":"telemetry","detail":"all","dir":"in","value":"0"},{"time":"19:50:02","type":"election_bucket_activation","detail":"15","dir":"in","value":"250"},{"time":"19:50:02","type":"election_bucket_activation","detail":"59","dir":"in","value":"457"},{"time":"19:50:02","type":"election_bucket_activation","detail":"60","dir":"in","value":"2409"},{"time":"19:50:02","type":"tcp_server","detail":"handshake","dir":"in","value":"17"},{"time":"19:50:02","type":"ledger_ev_proc","detail":"ev_blocks_processed_total","dir":"in","value":"45509"},{"time":"19:50:02","type":"active_elections_timeout","detail":"hinted","dir":"in","value":"0"},{"time":"19:50:02","type":"block_processor_overfill","detail":"bootstrap","dir":"in","value":"0"},{"time":"19:50:02","type":"active_elections_stopped","detail":"expired_unconfirmed","dir":"in","value":"0"},{"time":"19:50:02","type":"tcp_server","detail":"handshake_initiate","dir":"out","value":"1"},{"time":"19:50:02","type":"traffic_tcp_type","detail":"block_broadcast","dir":"out","value":"1329664"},{"time":"19:50:02","type":"hinting","detail":"activate_immediate","dir":"in","value":"12"},{"time":"19:50:02","type":"block_processor_overfill","detail":"live_originator","dir":"in","value":"0"},{"time":"19:50:02","type":"tcp_listener_rejected","detail":"max_attempts","dir":"in","value":"0"},{"time":"19:50:02","type":"active_elections","detail":"block_conflict","dir":"in","value":"0"},{"time":"19:50:02","type":"traffic_tcp_type","detail":"bootstrap_server","dir":"out","value":"973831"},{"time":"19:50:02","type":"message_processor_overfill","detail":"telemetry_ack","dir":"in","value":"0"},{"time":"19:50:02","type":"backlog_scan","detail":"scanned","dir":"in","value":"214422"},{"time":"19:50:02","type":"election_bucket_activation","detail":"9","dir":"in","value":"767"},{"time":"19:50:02","type":"bootstrap_server","detail":"all","dir":"out","value":"0"},{"time":"19:50:02","type":"message_processor_type","detail":"asc_pull_ack","dir":"in","value":"699"},{"time":"19:50:02","type":"block_processor_result","detail":"unreceivable","dir":"in","value":"0"},{"time":"19:50:02","type":"message_processor_overfill","detail":"bulk_push","dir":"in","value":"0"},{"time":"19:50:02","type":"election_bucket_activation","detail":"47","dir":"in","value":"301"},{"time":"19:50:02","type":"vote_processor_tier","detail":"all","dir":"in","value":"0"},{"time":"19:50:02","type":"active_elections_cancelled","detail":"hinted","dir":"in","value":"0"},{"time":"19:50:02","type":"tcp_server","detail":"handshake_error","dir":"in","value":"0"},{"time":"19:50:02","type":"election_scheduler","detail":"activate_failed","dir":"in","value":"338"},{"time":"19:50:02","type":"bootstrap_queue","detail":"download_finished","dir":"in","value":"309"},{"time":"19:50:02","type":"local_block_broadcaster","detail":"all","dir":"out","value":"0"},{"time":"19:50:02","type":"message_processor_type","detail":"not_a_type","dir":"in","value":"0"},{"time":"19:50:02","type":"election_bucket_activation","detail":"50","dir":"in","value":"1674"},{"time":"19:50:02","type":"requests","detail":"requests_generated_votes","dir":"in","value":"224"},{"time":"19:50:02","type":"bootstrap_server_overfill","detail":"all","dir":"in","value":"0"},{"time":"19:50:02","type":"election_bucket","detail":"cancel_lowest","dir":"in","value":"0"},{"time":"19:50:02","type":"message_processor_overfill","detail":"asc_pull_req","dir":"in","value":"0"},{"time":"19:50:02","type":"election_bucket_activation","detail":"43","dir":"in","value":"355"},{"time":"19:50:02","type":"active_elections_started","detail":"hinted","dir":"in","value":"12"},{"time":"19:50:02","type":"handshake","detail":"invalid_genesis","dir":"in","value":"0"},{"time":"19:50:02","type":"telemetry","detail":"broadcast","dir":"in","value":"9"},{"time":"19:50:02","type":"unchecked","detail":"put","dir":"in","value":"17"},{"time":"19:50:02","type":"election_bucket_activation","detail":"2","dir":"in","value":"331"},{"time":"19:50:02","type":"election_bucket_activation","detail":"33","dir":"in","value":"1709"},{"time":"19:50:02","type":"bootstrap_request","detail":"frontiers","dir":"in","value":"402"},{"time":"19:50:02","type":"traffic_tcp_type","detail":"block_broadcast_initial","dir":"out","value":"672"},{"time":"19:50:02","type":"election_bucket_activation","detail":"21","dir":"in","value":"557"},{"time":"19:50:02","type":"event_proc_duration","detail":"ledger_ev_queue","dir":"in","value":"1698450"},{"time":"19:50:02","type":"tcp_server","detail":"keepalive","dir":"in","value":"80"},{"time":"19:50:02","type":"rep_crawler","detail":"crawl_aggressive","dir":"in","value":"6"},{"time":"19:50:02","type":"traffic_tcp_type","detail":"vote_rebroadcast","dir":"out","value":"46073760"},{"time":"19:50:02","type":"rep_tiers","detail":"processed","dir":"in","value":"17465"},{"time":"19:50:02","type":"message_processor_overfill","detail":"not_a_type","dir":"in","value":"0"},{"time":"19:50:02","type":"election","detail":"broadcast_block_repeat","dir":"in","value":"0"},{"time":"19:50:02","type":"handshake","detail":"missing_cookie","dir":"in","value":"0"},{"time":"19:50:02","type":"bootstrap_queue","detail":"unblocked","dir":"in","value":"0"},{"time":"19:50:02","type":"block_processor_result","detail":"bad_signature","dir":"in","value":"0"},{"time":"19:50:02","type":"message_processor_type","detail":"asc_pull_req","dir":"in","value":"549"},{"time":"19:50:02","type":"election_bucket_activation","detail":"62","dir":"in","value":"763"},{"time":"19:50:02","type":"confirmation_observer","detail":"active_quorum","dir":"in","value":"45052"},{"time":"19:50:02","type":"election_bucket_activation","detail":"11","dir":"in","value":"419"},{"time":"19:50:02","type":"message","detail":"telemetry_ack","dir":"in","value":"5"},{"time":"19:50:02","type":"block_processor_result","detail":"balance_mismatch","dir":"in","value":"0"},{"time":"19:50:02","type":"block_processor_source","detail":"live_originator","dir":"in","value":"45020"},{"time":"19:50:02","type":"bootstrap_queue","detail":"deprioritized","dir":"in","value":"156"},{"time":"19:50:02","type":"bootstrap_queue","detail":"processing_started","dir":"in","value":"60"},{"time":"19:50:02","type":"bootstrap","detail":"all","dir":"in","value":"0"},{"time":"19:50:02","type":"message_processor_type","detail":"confirm_req","dir":"in","value":"534"},{"time":"19:50:02","type":"vote_processor_tier","detail":"tier3","dir":"in","value":"8575"},{"time":"19:50:02","type":"bootstrap_frontiers","detail":"prioritized","dir":"in","value":"120"},{"time":"19:50:02","type":"rep_crawler","detail":"query_sent","dir":"in","value":"57"},{"time":"19:50:02","type":"traffic_tcp","detail":"all","dir":"in","value":"64010696"},{"time":"19:50:02","type":"confirming_set","detail":"cemented_hash","dir":"in","value":"45052"},{"time":"19:50:02","type":"bootstrap_reply","detail":"blocks_by_account","dir":"in","value":"27"},{"time":"19:50:02","type":"telemetry","detail":"loop","dir":"in","value":"3"},{"time":"19:50:02","type":"election_bucket_activation","detail":"20","dir":"in","value":"610"},{"time":"19:50:02","type":"vote_rebroadcaster_tier","detail":"tier3","dir":"in","value":"2697"},{"time":"19:50:02","type":"election_bucket","detail":"replaced","dir":"in","value":"56"},{"time":"19:50:02","type":"bootstrap","detail":"blocks","dir":"in","value":"86"},{"time":"19:50:02","type":"election","detail":"all","dir":"in","value":"0"},{"time":"19:50:02","type":"telemetry","detail":"process","dir":"in","value":"5"},{"time":"19:50:02","type":"tcp_listener","detail":"connect_success","dir":"out","value":"1"},{"time":"19:50:02","type":"bootstrap_queue","detail":"upgraded","dir":"in","value":"2"},{"time":"19:50:02","type":"election_bucket_activation","detail":"17","dir":"in","value":"1057"},{"time":"19:50:02","type":"ledger_ev_proc","detail":"recovered","dir":"in","value":"0"},{"time":"19:50:02","type":"bootstrap_queue","detail":"dependency_update","dir":"in","value":"0"},{"time":"19:50:02","type":"election","detail":"vote","dir":"in","value":"239368"},{"time":"19:50:02","type":"message","detail":"asc_pull_ack","dir":"out","value":"546"},{"time":"19:50:02","type":"bootstrap_process","detail":"frontiers","dir":"in","value":"390"},{"time":"19:50:02","type":"election_bucket_activation","detail":"36","dir":"in","value":"800"},{"time":"19:50:02","type":"backlog_scan","detail":"loop","dir":"in","value":"451"},{"time":"19:50:02","type":"message_processor_overfill","detail":"asc_pull_ack","dir":"in","value":"0"},{"time":"19:50:02","type":"bootstrap_server","detail":"request","dir":"in","value":"546"},{"time":"19:50:02","type":"bootstrap_request","detail":"all","dir":"in","value":"0"},{"time":"19:50:02","type":"election_scheduler","detail":"activated","dir":"in","value":"53121"},{"time":"19:50:02","type":"active_elections","detail":"confirmed","dir":"in","value":"45052"},{"time":"19:50:02","type":"election_bucket_activation","detail":"38","dir":"in","value":"576"},{"time":"19:50:02","type":"active_elections_confirmed","detail":"manual","dir":"in","value":"0"},{"time":"19:50:02","type":"requests","detail":"requests_generated_hashes","dir":"in","value":"6768"},{"time":"19:50:02","type":"election","detail":"generate_vote_final","dir":"in","value":"45052"},{"time":"19:50:02","type":"election_bucket_activation","detail":"46","dir":"in","value":"271"},{"time":"19:50:02","type":"confirmation_height","detail":"all","dir":"in","value":"0"},{"time":"19:50:02","type":"election_scheduler","detail":"activate_skip","dir":"in","value":"67103"},{"time":"19:50:02","type":"confirmation_height","detail":"blocks_confirmed","dir":"in","value":"45052"},{"time":"19:50:02","type":"election_bucket","detail":"activate_failed_duplicate","dir":"in","value":"7522"},{"time":"19:50:02","type":"active_elections_stopped","detail":"terminated","dir":"in","value":"0"},{"time":"19:50:02","type":"election","detail":"broadcast_block_initial","dir":"in","value":"2191"},{"time":"19:50:02","type":"message","detail":"confirm_ack","dir":"out","value":"13004"},{"time":"19:50:02","type":"election_bucket_activation","detail":"51","dir":"in","value":"1165"},{"time":"19:50:02","type":"block_processor_result","detail":"opened_burn_account","dir":"in","value":"0"},{"time":"19:50:02","type":"active_elections_stopped","detail":"timed_out","dir":"in","value":"0"},{"time":"19:50:02","type":"vote_rebroadcaster","detail":"rebroadcast_unnecessary","dir":"in","value":"157"},{"time":"19:50:02","type":"election_bucket_activation","detail":"8","dir":"in","value":"1120"},{"time":"19:50:02","type":"message_processor_overfill","detail":"node_id_handshake","dir":"in","value":"0"},{"time":"19:50:02","type":"election_bucket_activation","detail":"58","dir":"in","value":"800"},{"time":"19:50:02","type":"confirming_set","detail":"all","dir":"in","value":"0"},{"time":"19:50:02","type":"bootstrap_server","detail":"cooldown","dir":"in","value":"66"},{"time":"19:50:02","type":"active_elections_dropped","detail":"hinted","dir":"in","value":"0"},{"time":"19:50:02","type":"bootstrap_queue","detail":"not_found","dir":"in","value":"151"},{"time":"19:50:02","type":"confirmation_observer","detail":"active_confirmation_height","dir":"in","value":"0"},{"time":"19:50:02","type":"election_bucket_activation","detail":"56","dir":"in","value":"5684"},{"time":"19:50:02","type":"traffic_tcp_type","detail":"vote","dir":"out","value":"26626656"},{"time":"19:50:02","type":"message_processor_type","detail":"telemetry_req","dir":"in","value":"0"},{"time":"19:50:02","type":"traffic_tcp_type","detail":"telemetry","dir":"out","value":"1890"},{"time":"19:50:02","type":"active_elections_stopped","detail":"active","dir":"in","value":"29"},{"time":"19:50:02","type":"bootstrap_queue","detail":"reprocess","dir":"in","value":"0"},{"time":"19:50:02","type":"message_processor_type","detail":"bulk_pull_account","dir":"in","value":"0"},{"time":"19:50:02","type":"message_processor_overfill","detail":"bulk_pull","dir":"in","value":"0"},{"time":"19:50:02","type":"bootstrap_queue","detail":"processing_started_reverted","dir":"in","value":"0"},{"time":"19:50:02","type":"message_processor_type","detail":"confirm_ack","dir":"in","value":"3674"},{"time":"19:50:02","type":"filter","detail":"duplicate_confirm_ack_message","dir":"in","value":"4201"},{"time":"19:50:02","type":"active_elections","detail":"terminated","dir":"in","value":"45056"},{"time":"19:50:02","type":"election_vote","detail":"forwarded","dir":"in","value":"133"},{"time":"19:50:02","type":"tcp_server","detail":"node_id_handshake","dir":"in","value":"17"},{"time":"19:50:02","type":"block_processor_result","detail":"block_position","dir":"in","value":"0"},{"time":"19:50:02","type":"message","detail":"asc_pull_req","dir":"out","value":"719"},{"time":"19:50:02","type":"election_bucket","detail":"activate_success","dir":"in","value":"45097"},{"time":"19:50:02","type":"traffic_tcp_type","detail":"vote_reply","dir":"out","value":"0"},{"time":"19:50:02","type":"active_elections_dropped","detail":"priority","dir":"in","value":"56"},{"time":"19:50:02","type":"network","detail":"loop_reachout_cached","dir":"in","value":"25"},{"time":"19:50:02","type":"election_bucket_activation","detail":"54","dir":"in","value":"696"},{"time":"19:50:02","type":"fork_cache","detail":"insert","dir":"in","value":"0"},{"time":"19:50:02","type":"message","detail":"telemetry_ack","dir":"out","value":"9"},{"time":"19:50:02","type":"tcp","detail":"tcp_io_timeout_drop","dir":"in","value":"0"},{"time":"19:50:02","type":"active_elections","detail":"unconfirmed","dir":"in","value":"56"},{"time":"19:50:02","type":"vote_rebroadcaster","detail":"representatives_full","dir":"in","value":"0"},{"time":"19:50:02","type":"tcp_server","detail":"confirm_ack","dir":"in","value":"3164"},{"time":"19:50:02","type":"message_processor_overfill","detail":"publish","dir":"in","value":"0"},{"time":"19:50:02","type":"bootstrap_reply","detail":"frontiers","dir":"in","value":"390"},{"time":"19:50:02","type":"active_elections_started","detail":"priority","dir":"in","value":"45092"},{"time":"19:50:02","type":"tcp_channels","detail":"all","dir":"in","value":"0"},{"time":"19:50:02","type":"tcp_listener_rejected","detail":"max_per_subnetwork","dir":"in","value":"0"},{"time":"19:50:02","type":"tcp","detail":"tcp_read_error","dir":"in","value":"9"},{"time":"19:50:02","type":"telemetry","detail":"insert","dir":"in","value":"5"},{"time":"19:50:02","type":"active_elections_confirmed","detail":"hinted","dir":"in","value":"11"},{"time":"19:50:02","type":"boot_requester","detail":"no_channel","dir":"in","value":"75"},{"time":"19:50:02","type":"election_vote","detail":"replayed","dir":"in","value":"3290"},{"time":"19:50:02","type":"handshake","detail":"empty_response","dir":"in","value":"0"},{"time":"19:50:02","type":"vote_generator","detail":"sent_non_pr","dir":"in","value":"1020"},{"time":"19:50:02","type":"ledger_ev_dur","detail":"dur_blocks_confirmed","dir":"in","value":"13"},{"time":"19:50:02","type":"active_elections","detail":"finalized_final","dir":"in","value":"497"},{"time":"19:50:02","type":"handshake","detail":"ok","dir":"in","value":"9"},{"time":"19:50:02","type":"network","detail":"loop_keepalive","dir":"in","value":"4"},{"time":"19:50:02","type":"vote_rebroadcaster","detail":"already_rebroadcasted","dir":"in","value":"2168"},{"time":"19:50:02","type":"election_bucket_activation","detail":"13","dir":"in","value":"339"},{"time":"19:50:02","type":"election","detail":"generate_vote_normal","dir":"in","value":"45014"},{"time":"19:50:02","type":"vote_rebroadcaster","detail":"all","dir":"in","value":"0"},{"time":"19:50:02","type":"block_processor_source","detail":"local","dir":"in","value":"1"},{"time":"19:50:02","type":"election_bucket_activation","detail":"41","dir":"in","value":"408"},{"time":"19:50:02","type":"vote_rebroadcaster","detail":"sent","dir":"in","value":"7844"},{"time":"19:50:02","type":"election","detail":"confirmation_request","dir":"in","value":"12035"},{"time":"19:50:02","type":"bootstrap_server","detail":"frontiers","dir":"out","value":"13839"},{"time":"19:50:02","type":"vote_rebroadcaster_tier","detail":"none","dir":"in","value":"0"},{"time":"19:50:02","type":"election_bucket_activation","detail":"26","dir":"in","value":"305"},{"time":"19:50:02","type":"ledger_ev_dur","detail":"dur_confirmation_failed","dir":"in","value":"0"},{"time":"19:50:02","type":"vote_cache","detail":"top","dir":"in","value":"62"},{"time":"19:50:02","type":"bootstrap_frontiers","detail":"ok","dir":"in","value":"364"},{"time":"19:50:02","type":"block_processor_result","detail":"gap_source","dir":"in","value":"10"},{"time":"19:50:02","type":"election_bucket_activation","detail":"45","dir":"in","value":"358"},{"time":"19:50:02","type":"ledger_ev_dur","detail":"dur_blocks_processed","dir":"in","value":"321"},{"time":"19:50:02","type":"handshake","detail":"cookie_creation_failed","dir":"in","value":"0"},{"time":"19:50:02","type":"block_processor","detail":"process_blocking_timeout","dir":"in","value":"0"},{"time":"19:50:02","type":"active_elections_stopped","detail":"expired_confirmed","dir":"in","value":"0"},{"time":"19:50:02","type":"ledger_ev_dur","detail":"dur_activate_backlog","dir":"in","value":"0"},{"time":"19:50:02","type":"ev_proc_duration","detail":"backlog_scan_queue","dir":"in","value":"110088"},{"time":"19:50:02","type":"drop","detail":"publish","dir":"out","value":"38"},{"time":"19:50:02","type":"block_processor_overfill","detail":"unchecked","dir":"in","value":"0"},{"time":"19:50:02","type":"bootstrap_server_overfill","detail":"blocks","dir":"in","value":"3"},{"time":"19:50:02","type":"message","detail":"publish","dir":"in","value":"45431"},{"time":"19:50:02","type":"election_bucket_activation","detail":"6","dir":"in","value":"298"},{"time":"19:50:02","type":"traffic_tcp","detail":"all","dir":"out","value":"78181558"},{"time":"19:50:02","type":"handshake","detail":"invalid_signature","dir":"in","value":"0"},{"time":"19:50:02","type":"vote_rebroadcaster","detail":"rebroadcast","dir":"in","value":"2697"},{"time":"19:50:02","type":"active_elections","detail":"settled","dir":"in","value":"44913"},{"time":"19:50:02","type":"active_elections_cancelled","detail":"priority","dir":"in","value":"0"},{"time":"19:50:02","type":"message_processor_overfill","detail":"keepalive","dir":"in","value":"0"},{"time":"19:50:02","type":"block_processor_overfill","detail":"live","dir":"in","value":"0"},{"time":"19:50:02","type":"block_processor_source","detail":"unchecked","dir":"in","value":"17"},{"time":"19:50:02","type":"bootstrap_frontiers","detail":"nothing_new","dir":"in","value":"26"},{"time":"19:50:02","type":"request_aggregator_replies","detail":"final_vote","dir":"in","value":"224"},{"time":"19:50:02","type":"request_aggregator_replies","detail":"all","dir":"in","value":"0"},{"time":"19:50:02","type":"ledger_ev_proc","detail":"processed","dir":"in","value":"40144"},{"time":"19:50:02","type":"boot_requester","detail":"wait_next_download","dir":"in","value":"1564"},{"time":"19:50:02","type":"message_processor_overfill","detail":"confirm_req","dir":"in","value":"0"},{"time":"19:50:02","type":"boot_requester","detail":"rate_limit","dir":"in","value":"0"},{"time":"19:50:02","type":"election_bucket_activation","detail":"27","dir":"in","value":"280"},{"time":"19:50:02","type":"vote_cache","detail":"processor_overfill","dir":"in","value":"0"},{"time":"19:50:02","type":"traffic_tcp_type","detail":"generic","dir":"out","value":"1808"},{"time":"19:50:02","type":"backlog_scan_queue","detail":"overfill","dir":"in","value":"0"},{"time":"19:50:02","type":"election_vote","detail":"direct","dir":"in","value":"235945"},{"time":"19:50:02","type":"tcp_listener_rejected","detail":"duplicate","dir":"out","value":"153"},{"time":"19:50:02","type":"message_processor_type","detail":"bulk_push","dir":"in","value":"0"},{"time":"19:50:02","type":"election_bucket_activation","detail":"7","dir":"in","value":"236"},{"time":"19:50:02","type":"election_bucket_activation","detail":"57","dir":"in","value":"1487"},{"time":"19:50:02","type":"bootstrap_reply","detail":"all","dir":"in","value":"0"},{"time":"19:50:02","type":"hinting","detail":"loop","dir":"in","value":"63"},{"time":"19:50:02","type":"bootstrap_queue","detail":"trim_download_queue","dir":"in","value":"0"},{"time":"19:50:02","type":"election_bucket","detail":"activate_failed_confirmed","dir":"in","value":"502"},{"time":"19:50:02","type":"active_elections_dropped","detail":"manual","dir":"in","value":"0"},{"time":"19:50:02","type":"active_elections_stopped","detail":"cancelled","dir":"in","value":"0"},{"time":"19:50:02","type":"vote_generator_final","detail":"batch","dir":"in","value":"1041"},{"time":"19:50:02","type":"message_processor_type","detail":"publish","dir":"in","value":"45431"},{"time":"19:50:02","type":"local_block_broadcaster","detail":"broadcast","dir":"out","value":"1"},{"time":"19:50:02","type":"message_processor_type","detail":"keepalive","dir":"in","value":"80"},{"time":"19:50:02","type":"message","detail":"keepalive","dir":"in","value":"80"},{"time":"19:50:02","type":"vote_generator_final","detail":"sent_non_pr","dir":"in","value":"1032"},{"time":"19:50:02","type":"hinting","detail":"insert_failed","dir":"in","value":"2305"},{"time":"19:50:02","type":"optimistic_scheduler","detail":"insert","dir":"in","value":"4"},{"time":"19:50:02","type":"rep_crawler","detail":"crawl_normal","dir":"in","value":"6"},{"time":"19:50:02","type":"traffic_tcp_type","detail":"confirmation_requests","dir":"out","value":"3121512"},{"time":"19:50:02","type":"active_elections_dropped","detail":"optimistic","dir":"in","value":"0"},{"time":"19:50:02","type":"tcp_listener_rejected","detail":"duplicate","dir":"in","value":"0"},{"time":"19:50:02","type":"bootstrap_queue","detail":"decayed_blocked","dir":"in","value":"0"},{"time":"19:50:02","type":"election_bucket_activation","detail":"42","dir":"in","value":"465"},{"time":"19:50:02","type":"active_elections","detail":"recovered","dir":"in","value":"0"},{"time":"19:50:02","type":"local_block_broadcaster","detail":"loop","dir":"in","value":"1"},{"time":"19:50:02","type":"optimistic_scheduler","detail":"loop","dir":"in","value":"63"},{"time":"19:50:02","type":"vote_rebroadcaster","detail":"cooldown","dir":"in","value":"0"},{"time":"19:50:02","type":"boot_requester","detail":"wait_dependency_missing","dir":"in","value":"1561"},{"time":"19:50:02","type":"bootstrap_server_request","detail":"blocks","dir":"in","value":"274"},{"time":"19:50:02","type":"bootstrap_queue","detail":"download_requeued","dir":"in","value":"8"},{"time":"19:50:02","type":"election_bucket_activation","detail":"44","dir":"in","value":"321"},{"time":"19:50:02","type":"filter","detail":"all","dir":"in","value":"0"},{"time":"19:50:02","type":"active_elections","detail":"stopped","dir":"in","value":"45108"},{"time":"19:50:02","type":"bootstrap_process","detail":"blocks","dir":"in","value":"309"},{"time":"19:50:02","type":"vote_cache","detail":"inserted","dir":"in","value":"240240"},{"time":"19:50:02","type":"bootstrap_server_response","detail":"all","dir":"in","value":"0"},{"time":"19:50:02","type":"bootstrap_frontiers","detail":"all","dir":"in","value":"0"},{"time":"19:50:02","type":"tcp_listener","detail":"accept_success","dir":"in","value":"13"},{"time":"19:50:02","type":"tcp_server","detail":"all","dir":"in","value":"0"},{"time":"19:50:02","type":"bootstrap_timeout","detail":"blocks_by_hash","dir":"in","value":"8"},{"time":"19:50:02","type":"vote_cache","detail":"triggered","dir":"in","value":"45108"},{"time":"19:50:02","type":"block_processor_source","detail":"forced","dir":"in","value":"0"},{"time":"19:50:02","type":"active_elections_confirmed","detail":"priority","dir":"in","value":"45041"},{"time":"19:50:02","type":"rep_tiers","detail":"loop","dir":"in","value":"7"},{"time":"19:50:02","type":"election_bucket_activation","detail":"3","dir":"in","value":"162"},{"time":"19:50:02","type":"tcp_server","detail":"asc_pull_req","dir":"in","value":"549"},{"time":"19:50:02","type":"tcp","detail":"tcp_write_error","dir":"out","value":"0"},{"time":"19:50:02","type":"traffic_tcp_type","detail":"rep_crawler","dir":"out","value":"3240"},{"time":"19:50:02","type":"ledger_ev_dur","detail":"dur_dependent_elections","dir":"in","value":"11"},{"time":"19:50:02","type":"message","detail":"all","dir":"out","value":"21247"},{"time":"19:50:02","type":"ev_proc_duration","detail":"prio_sched_queue","dir":"in","value":"2982010"}],"stat_duration_seconds":"63"}
=== PR1 stats objects ===
{"node":{"work":{"pending":{"count":"0","size":"56"}},"ledger":{"rep_weights":{"rep_weights":{"count":"11556","size":"48"}}},"active":{"roots":{"count":"0","size":"3488"},"slots":{"count":"0","size":"168"},"normal":{"count":"0","size":"0"},"hinted":{"count":"0","size":"0"},"optimistic":{"count":"0","size":"0"},"recently_confirmed":{"confirmed":{"count":"45052","size":"160"}},"vote_router":{"elections":{"count":"0","size":"96"}},"buckets":{"bucket 0":{"count":"0","size":"0"},"bucket 1":{"count":"0","size":"0"},"bucket 2":{"count":"0","size":"0"},"bucket 3":{"count":"0","size":"0"},"bucket 4":{"count":"0","size":"0"},"bucket 5":{"count":"0","size":"0"},"bucket 6":{"count":"0","size":"0"},"bucket 7":{"count":"0","size":"0"},"bucket 8":{"count":"0","size":"0"},"bucket 9":{"count":"0","size":"0"},"bucket 10":{"count":"0","size":"0"},"bucket 11":{"count":"0","size":"0"},"bucket 12":{"count":"0","size":"0"},"bucket 13":{"count":"0","size":"0"},"bucket 14":{"count":"0","size":"0"},"bucket 15":{"count":"0","size":"0"},"bucket 16":{"count":"0","size":"0"},"bucket 17":{"count":"0","size":"0"},"bucket 18":{"count":"0","size":"0"},"bucket 19":{"count":"0","size":"0"},"bucket 20":{"count":"0","size":"0"},"bucket 21":{"count":"0","size":"0"},"bucket 22":{"count":"0","size":"0"},"bucket 23":{"count":"0","size":"0"},"bucket 24":{"count":"0","size":"0"},"bucket 25":{"count":"0","size":"0"},"bucket 26":{"count":"0","size":"0"},"bucket 27":{"count":"0","size":"0"},"bucket 28":{"count":"0","size":"0"},"bucket 29":{"count":"0","size":"0"},"bucket 30":{"count":"0","size":"0"},"bucket 31":{"count":"0","size":"0"},"bucket 32":{"count":"0","size":"0"},"bucket 33":{"count":"0","size":"0"},"bucket 34":{"count":"0","size":"0"},"bucket 35":{"count":"0","size":"0"},"bucket 36":{"count":"0","size":"0"},"bucket 37":{"count":"0","size":"0"},"bucket 38":{"count":"0","size":"0"},"bucket 39":{"count":"0","size":"0"},"bucket 40":{"count":"0","size":"0"},"bucket 41":{"count":"0","size":"0"},"bucket 42":{"count":"0","size":"0"},"bucket 43":{"count":"0","size":"0"},"bucket 44":{"count":"0","size":"0"},"bucket 45":{"count":"0","size":"0"},"bucket 46":{"count":"0","size":"0"},"bucket 47":{"count":"0","size":"0"},"bucket 48":{"count":"0","size":"0"},"bucket 49":{"count":"0","size":"0"},"bucket 50":{"count":"0","size":"0"},"bucket 51":{"count":"0","size":"0"},"bucket 52":{"count":"0","size":"0"},"bucket 53":{"count":"0","size":"0"},"bucket 54":{"count":"0","size":"0"},"bucket 55":{"count":"0","size":"0"},"bucket 56":{"count":"0","size":"0"},"bucket 57":{"count":"0","size":"0"},"bucket 58":{"count":"0","size":"0"},"bucket 59":{"count":"0","size":"0"},"bucket 60":{"count":"0","size":"0"},"bucket 61":{"count":"0","size":"0"},"bucket 62":{"count":"0","size":"0"},"bucket 63":{"count":"0","size":"0"},"bucket 64":{"count":"0","size":"0"},"bucket 65":{"count":"0","size":"0"}}},"network":{"channels":{"count":"9","size":"8"},"attempts":{"count":"0","size":"80"},"excluded_peers":{"peers":{"count":"0","size":"64"}},"bandwidth":{"generic":{"count":"999999024","size":"0"},"bootstrap":{"count":"5178647","size":"0"}}},"syn_cookies":{"syn_cookies":{"count":"0","size":"48"},"syn_cookies_per_ip":{"count":"1","size":"8"}},"telemetry":{"telemetries":{"count":"5","size":"352"}},"wallets":{"items":{"count":"1","size":"256"}},"vote_processor":{"votes":{"count":"0","size":"16"},"queue":{"queues":{"count":"0","size":"64"},"total_size":{"count":"0","size":"64"}}},"rep_crawler":{"queries":{"count":"51","size":"120"},"responses":{"count":"0","size":"16"},"prioritized":{"count":"0","size":"0"}},"block_processor":{"blocks":{"count":"0","size":"8"},"forced":{"count":"0","size":"8"},"queue":{"queues":{"count":"0","size":"64"},"total_size":{"count":"0","size":"64"}}},"online_reps":{"reps":{"count":"6","size":"0"}},"history":{"history":{"count":"90051","size":"72"}},"confirming_set":{"set":{"count":"0","size":"0"},"deferred":{"count":"0","size":"0"}},"request_aggregator":{"queue":{"queues":{"count":"0","size":"56"},"total_size":{"count":"0","size":"56"}}},"election_scheduler":{"hinted":{"cooldowns":{"count":"10103","size":"96"}},"manual":{"queue":{"count":"0","size":"41"}},"optimistic":{"candidates":{"count":"2868","size":"1"}},"priority":{"blocks":{"0":{"count":"0","size":"0"},"1":{"count":"0","size":"0"},"2":{"count":"0","size":"0"},"3":{"count":"0","size":"0"},"4":{"count":"0","size":"0"},"5":{"count":"0","size":"0"},"6":{"count":"0","size":"0"},"7":{"count":"0","size":"0"},"8":{"count":"0","size":"0"},"9":{"count":"0","size":"0"},"10":{"count":"0","size":"0"},"11":{"count":"0","size":"0"},"12":{"count":"0","size":"0"},"13":{"count":"0","size":"0"},"14":{"count":"0","size":"0"},"15":{"count":"0","size":"0"},"16":{"count":"0","size":"0"},"17":{"count":"0","size":"0"},"18":{"count":"0","size":"0"},"19":{"count":"0","size":"0"},"20":{"count":"0","size":"0"},"21":{"count":"0","size":"0"},"22":{"count":"0","size":"0"},"23":{"count":"0","size":"0"},"24":{"count":"0","size":"0"},"25":{"count":"0","size":"0"},"26":{"count":"0","size":"0"},"27":{"count":"0","size":"0"},"28":{"count":"0","size":"0"},"29":{"count":"0","size":"0"},"30":{"count":"0","size":"0"},"31":{"count":"0","size":"0"},"32":{"count":"0","size":"0"},"33":{"count":"0","size":"0"},"34":{"count":"0","size":"0"},"35":{"count":"0","size":"0"},"36":{"count":"0","size":"0"},"37":{"count":"0","size":"0"},"38":{"count":"0","size":"0"},"39":{"count":"0","size":"0"},"40":{"count":"0","size":"0"},"41":{"count":"0","size":"0"},"42":{"count":"0","size":"0"},"43":{"count":"0","size":"0"},"44":{"count":"0","size":"0"},"45":{"count":"0","size":"0"},"46":{"count":"0","size":"0"},"47":{"count":"0","size":"0"},"48":{"count":"0","size":"0"},"49":{"count":"0","size":"0"},"50":{"count":"0","size":"0"},"51":{"count":"0","size":"0"},"52":{"count":"0","size":"0"},"53":{"count":"0","size":"0"},"54":{"count":"0","size":"0"},"55":{"count":"0","size":"0"},"56":{"count":"0","size":"0"},"57":{"count":"0","size":"0"},"58":{"count":"0","size":"0"},"59":{"count":"0","size":"0"},"60":{"count":"0","size":"0"},"61":{"count":"0","size":"0"},"62":{"count":"0","size":"0"}}},"ev_proc":{"prio_sched_queue":{"count":"0","size":"0"}}},"vote_cache":{"blocks":{"count":"1481","size":"0"},"processor":{"count":"0","size":"0"}},"vote_generators":{"non_final":{"candidates":{"count":"0","size":"64"},"requests":{"count":"0","size":"32"}},"final":{"candidates":{"count":"0","size":"64"},"requests":{"count":"0","size":"32"}},"notar":{"candidates":{"count":"0","size":"64"},"requests":{"count":"0","size":"32"}},"timeout":{"candidates":{"count":"0","size":"64"},"requests":{"count":"0","size":"32"}}},"bootstrapper":{"query_tracker":{"running_queries":{"count":"0","size":"216"}},"peer_scoring":{"scores":{"count":"9","size":"0"}},"bootstrap_queue":{"download_queue":{"count":"8","size":"0"},"blocked":{"count":"0","size":"0"},"blocked_unknown":{"count":"0","size":"0"},"unblocked":{"count":"8","size":"0"},"downloading":{"count":"0","size":"0"},"optimistic":{"count":"0","size":"0"},"fails":{"count":"0","size":"0"},"processing":{"ready_to_process":{"count":"0","size":"0"},"processing":{"count":"0","size":"0"},"cached_blocks":{"count":"0","size":"0"}},"priorities":{"priorities":{"count":"8","size":"0"}},"download_queue_detail":{"accounts":{"count":"8","size":"0"}},"blocked_detail":{"accounts":{"count":"0","size":"0"},"by_dependency":{"count":"0","size":"0"},"by_dependency_account":{"count":"0","size":"0"},"by_timestamp":{"count":"0","size":"0"},"requested_dependencies":{"count":"0","size":"0"}}},"frontiers":{"total_processed":{"count":"4000","size":"0"}}},"unchecked":{"entries":{"count":"0","size":"0"}},"local_block_broadcaster":{"local":{"count":"0","size":"112"}},"rep_tiers":{"tier_1":{"count":"347","size":"32"},"tier_2":{"count":"27","size":"32"},"tier_3":{"count":"6","size":"32"}},"inbound_msg_queue":{"queue":{"queues":{"count":"0","size":"56"},"total_size":{"count":"0","size":"56"}}},"vote_rebroadcaster":{"queue":{"queues":{"count":"0","size":"49"},"total_size":{"count":"0","size":"49"}},"queue_total":{"count":"0","size":"0"},"queue_hashes":{"count":"0","size":"0"}},"fork_cache":{"fork_cache":{"count":"0","size":"0"}},"event_queues":{"ledger":{"count":"0","size":"0"},"aec":{"count":"0","size":"0"}},"aec_voter":{"scheduler":{"records":{"count":"28458","size":"144"},"expiry_queue":{"count":"56826","size":"112"}}},"backlog_scan":{"ev_proc":{"backlog_scan_queue":{"count":"0","size":"0"}}}}}
=== PR2 block_count ===
{"count":"45053","unchecked":"0","cemented":"45053"}
=== PR2 confirmation_active ===
{"confirmations":[],"unconfirmed":"0","confirmed":"0"}
=== PR2 stats counters ===
{"type":"counters","created":"2026.09.17 19:50:02","entries":[{"time":"19:50:02","type":"election_bucket_activation","detail":"28","dir":"in","value":"280"},{"time":"19:50:02","type":"bootstrap_timeout","detail":"blocks_by_hash","dir":"in","value":"5"},{"time":"19:50:02","type":"handshake","detail":"ok","dir":"in","value":"9"},{"time":"19:50:02","type":"active_elections_confirmed","detail":"manual","dir":"in","value":"0"},{"time":"19:50:02","type":"request_aggregator_replies","detail":"final_vote","dir":"in","value":"230"},{"time":"19:50:02","type":"active_elections","detail":"terminated","dir":"in","value":"45060"},{"time":"19:50:02","type":"message_processor_overfill","detail":"not_a_type","dir":"in","value":"0"},{"time":"19:50:02","type":"bootstrap_process","detail":"frontiers","dir":"in","value":"274"},{"time":"19:50:02","type":"hinting","detail":"activate","dir":"in","value":"46352"},{"time":"19:50:02","type":"boot_requester","detail":"sleep","dir":"in","value":"1182"},{"time":"19:50:02","type":"vote_generator_final","detail":"all","dir":"in","value":"0"},{"time":"19:50:02","type":"message_processor_type","detail":"bulk_pull","dir":"in","value":"0"},{"time":"19:50:02","type":"traffic_tcp_type","detail":"bootstrap_server","dir":"out","value":"70488"},{"time":"19:50:02","type":"election_bucket","detail":"activate_failed_duplicate","dir":"in","value":"8386"},{"time":"19:50:02","type":"tcp_listener","detail":"accept_success","dir":"in","value":"13"},{"time":"19:50:02","type":"boot_requester","detail":"no_channel","dir":"in","value":"1170"},{"time":"19:50:02","type":"election_bucket_activation","detail":"55","dir":"in","value":"516"},{"time":"19:50:02","type":"tcp","detail":"tcp_io_timeout_drop","dir":"in","value":"0"},{"time":"19:50:02","type":"event_proc_duration","detail":"ledger_ev_queue","dir":"in","value":"1785288"},{"time":"19:50:02","type":"bootstrap_timeout","detail":"all","dir":"in","value":"0"},{"time":"19:50:02","type":"message_processor_type","detail":"confirm_ack","dir":"in","value":"3678"},{"time":"19:50:02","type":"message_processor_overfill","detail":"asc_pull_ack","dir":"in","value":"0"},{"time":"19:50:02","type":"election_bucket_activation","detail":"18","dir":"in","value":"808"},{"time":"19:50:02","type":"bootstrap_frontiers","detail":"invalid","dir":"in","value":"0"},{"time":"19:50:02","type":"bootstrap_verify_blocks","detail":"nothing_new","dir":"in","value":"299"},{"time":"19:50:02","type":"ledger_ev_proc","detail":"processed","dir":"in","value":"39608"},{"time":"19:50:02","type":"telemetry","detail":"process","dir":"in","value":"5"},{"time":"19:50:02","type":"active_elections_timeout","detail":"optimistic","dir":"in","value":"0"},{"time":"19:50:02","type":"filter","detail":"all","dir":"in","value":"0"},{"time":"19:50:02","type":"vote_processor_tier","detail":"none","dir":"in","value":"43"},{"time":"19:50:02","type":"message_processor_type","detail":"asc_pull_req","dir":"in","value":"291"},{"time":"19:50:02","type":"network","detail":"loop_keepalive","dir":"in","value":"4"},{"time":"19:50:02","type":"ledger_ev_proc","detail":"ev_blocks_processed","dir":"in","value":"36446"},{"time":"19:50:02","type":"election_bucket_activation","detail":"47","dir":"in","value":"306"},{"time":"19:50:02","type":"confirmation_time","detail":"p50","dir":"in","value":"76"},{"time":"19:50:02","type":"election_bucket_activation","detail":"30","dir":"in","value":"217"},{"time":"19:50:02","type":"bootstrap_server_request","detail":"frontiers","dir":"in","value":"171"},{"time":"19:50:02","type":"active_elections_dropped","detail":"optimistic","dir":"in","value":"0"},{"time":"19:50:02","type":"active_elections_started","detail":"priority","dir":"in","value":"45111"},{"time":"19:50:02","type":"election_bucket_activation","detail":"0","dir":"in","value":"1"},{"time":"19:50:02","type":"election_bucket_activation","detail":"12","dir":"in","value":"397"},{"time":"19:50:02","type":"election_bucket_activation","detail":"59","dir":"in","value":"454"},{"time":"19:50:02","type":"ev_proc_duration","detail":"prio_sched_queue","dir":"in","value":"3221005"},{"time":"19:50:02","type":"ledger_ev_dur","detail":"dur_dependent_elections","dir":"in","value":"48"},{"time":"19:50:02","type":"vote_generator_final","detail":"sent_non_pr","dir":"in","value":"1012"},{"time":"19:50:02","type":"bootstrap_queue","detail":"unblocked","dir":"in","value":"0"},{"time":"19:50:02","type":"local_block_broadcaster","detail":"loop","dir":"in","value":"1"},{"time":"19:50:02","type":"ledger_ev_dur","detail":"dur_confirmation_failed","dir":"in","value":"0"},{"time":"19:50:02","type":"election_bucket_activation","detail":"56","dir":"in","value":"5824"},{"time":"19:50:02","type":"filter","detail":"duplicate_publish_message","dir":"in","value":"4782"},{"time":"19:50:02","type":"bootstrap_reply","detail":"blocks_by_account","dir":"in","value":"27"},{"time":"19:50:02","type":"election_bucket","detail":"activate_success","dir":"in","value":"45114"},{"time":"19:50:02","type":"active_elections_stopped","detail":"timed_out","dir":"in","value":"0"},{"time":"19:50:02","type":"ledger_ev_dur","detail":"dur_blocks_processed","dir":"in","value":"367"},{"time":"19:50:02","type":"bootstrap_queue","detail":"not_found","dir":"in","value":"164"},{"time":"19:50:02","type":"telemetry","detail":"insert","dir":"in","value":"5"},{"time":"19:50:02","type":"network","detail":"merge_peer","dir":"in","value":"20"},{"time":"19:50:02","type":"traffic_tcp_type","detail":"rep_crawler","dir":"out","value":"3240"},{"time":"19:50:02","type":"online_reps","detail":"rep_trim","dir":"in","value":"7"},{"time":"19:50:02","type":"tcp_listener_rejected","detail":"excluded","dir":"out","value":"0"},{"time":"19:50:02","type":"tcp_listener_rejected","detail":"not_a_peer","dir":"out","value":"26"},{"time":"19:50:02","type":"bootstrap","detail":"request","dir":"in","value":"636"},{"time":"19:50:02","type":"request_aggregator","detail":"all","dir":"in","value":"0"},{"time":"19:50:02","type":"block_processor","detail":"throttled","dir":"in","value":"0"},{"time":"19:50:02","type":"active_elections_stopped","detail":"settled","dir":"in","value":"8"},{"time":"19:50:02","type":"message_processor_type","detail":"publish","dir":"in","value":"45437"},{"time":"19:50:02","type":"block_processor_result","detail":"block_position","dir":"in","value":"0"},{"time":"19:50:02","type":"vote_generator","detail":"generator_broadcasts","dir":"in","value":"259"},{"time":"19:50:02","type":"message_processor","detail":"process","dir":"in","value":"50653"},{"time":"19:50:02","type":"bootstrap_frontiers","detail":"processed","dir":"in","value":"18743"},{"time":"19:50:02","type":"active_elections","detail":"loop","dir":"in","value":"209"},{"time":"19:50:02","type":"election_bucket_activation","detail":"26","dir":"in","value":"311"},{"time":"19:50:02","type":"handshake","detail":"empty_response","dir":"in","value":"0"},{"time":"19:50:02","type":"bootstrap_frontiers","detail":"nothing_new","dir":"in","value":"26"},{"time":"19:50:02","type":"hinting","detail":"loop","dir":"in","value":"63"},{"time":"19:50:02","type":"bootstrap_server","detail":"response","dir":"out","value":"291"},{"time":"19:50:02","type":"prio_sched_queue","detail":"enqueued","dir":"in","value":"112662"},{"time":"19:50:02","type":"telemetry","detail":"broadcast","dir":"in","value":"9"},{"time":"19:50:02","type":"bootstrap_reply","detail":"blocks_by_hash","dir":"in","value":"318"},{"time":"19:50:02","type":"election_vote","detail":"replayed","dir":"in","value":"3111"},{"time":"19:50:02","type":"traffic_tcp_type","detail":"confirmation_requests","dir":"out","value":"3267408"},{"time":"19:50:02","type":"election_bucket_activation","detail":"25","dir":"in","value":"367"},{"time":"19:50:02","type":"confirming_set","detail":"cemented","dir":"in","value":"45052"},{"time":"19:50:02","type":"tcp_server","detail":"confirm_req","dir":"in","value":"446"},{"time":"19:50:02","type":"vote_rebroadcaster","detail":"rebroadcast_hashes","dir":"in","value":"472137"},{"time":"19:50:02","type":"confirming_set","detail":"cemented_hash","dir":"in","value":"45052"},{"time":"19:50:02","type":"bootstrap","detail":"blocks","dir":"in","value":"83"},{"time":"19:50:02","type":"confirmation_observer","detail":"active_quorum","dir":"in","value":"45052"},{"time":"19:50:02","type":"bootstrap_queue","detail":"inserted","dir":"in","value":"177"},{"time":"19:50:02","type":"block_processor_result","detail":"opened_burn_account","dir":"in","value":"0"},{"time":"19:50:02","type":"bootstrap_verify_blocks","detail":"invalid","dir":"in","value":"0"},{"time":"19:50:02","type":"bootstrap_queue","detail":"download_started","dir":"in","value":"355"},{"time":"19:50:02","type":"vote_rebroadcaster","detail":"already_rebroadcasted","dir":"in","value":"2236"},{"time":"19:50:02","type":"message_processor","detail":"overfill","dir":"in","value":"0"},{"time":"19:50:02","type":"vote_rebroadcaster_tier","detail":"none","dir":"in","value":"0"},{"time":"19:50:02","type":"optimistic_scheduler","detail":"insert_failed","dir":"in","value":"22"},{"time":"19:50:02","type":"tcp_listener","detail":"connect_success","dir":"out","value":"2"},{"time":"19:50:02","type":"active_elections_confirmed","detail":"priority","dir":"in","value":"45052"},{"time":"19:50:02","type":"message","detail":"keepalive","dir":"in","value":"81"},{"time":"19:50:02","type":"bootstrap_frontiers","detail":"outdated","dir":"in","value":"142"},{"time":"19:50:02","type":"message","detail":"all","dir":"out","value":"20873"},{"time":"19:50:02","type":"request_aggregator","detail":"request","dir":"in","value":"511"},{"time":"19:50:02","type":"active_elections","detail":"unconfirmed","dir":"in","value":"62"},{"time":"19:50:02","type":"bootstrap","detail":"timeout","dir":"in","value":"12"},{"time":"19:50:02","type":"active_elections","detail":"started","dir":"in","value":"45114"},{"time":"19:50:02","type":"message","detail":"asc_pull_ack","dir":"out","value":"291"},{"time":"19:50:02","type":"rep_tiers","detail":"ignored","dir":"in","value":"16800"},{"time":"19:50:02","type":"message","detail":"all","dir":"in","value":"0"},{"time":"19:50:02","type":"peer_history","detail":"loop","dir":"in","value":"5"},{"time":"19:50:02","type":"rep_tiers","detail":"processed","dir":"in","value":"17508"},{"time":"19:50:02","type":"traffic_tcp_type","detail":"keepalive","dir":"out","value":"13072"},{"time":"19:50:02","type":"tcp_listener","detail":"connect_rejected","dir":"out","value":"180"},{"time":"19:50:02","type":"ledger_ev_proc","detail":"recovered","dir":"in","value":"0"},{"time":"19:50:02","type":"ledger_ev_proc","detail":"ev_blocks_rolled_back_total","dir":"in","value":"0"},{"time":"19:50:02","type":"tcp_listener_rejected","detail":"max_per_subnetwork","dir":"in","value":"0"},{"time":"19:50:02","type":"election_bucket","detail":"activate_failed_confirmed","dir":"in","value":"841"},{"time":"19:50:02","type":"tcp_server","detail":"handshake_initiate","dir":"out","value":"2"},{"time":"19:50:02","type":"message_processor_overfill","detail":"bulk_pull_account","dir":"in","value":"0"},{"time":"19:50:02","type":"rep_crawler","detail":"all","dir":"in","value":"0"},{"time":"19:50:02","type":"vote_generator","detail":"queue","dir":"in","value":"44903"},{"time":"19:50:02","type":"boot_requester","detail":"rate_limit","dir":"in","value":"0"},{"time":"19:50:02","type":"rep_tiers","detail":"all","dir":"in","value":"0"},{"time":"19:50:02","type":"traffic_tcp_type","detail":"block_broadcast_rpc","dir":"out","value":"0"},{"time":"19:50:02","type":"block_processor_source","detail":"live_originator","dir":"in","value":"45029"},{"time":"19:50:02","type":"election_bucket","detail":"cancel_lowest","dir":"in","value":"0"},{"time":"19:50:02","type":"message","detail":"telemetry_ack","dir":"in","value":"5"},{"time":"19:50:02","type":"election_bucket_activation","detail":"23","dir":"in","value":"444"},{"time":"19:50:02","type":"election_bucket_activation","detail":"3","dir":"in","value":"166"},{"time":"19:50:02","type":"vote_cache","detail":"processor_overfill","dir":"in","value":"0"},{"time":"19:50:02","type":"election_bucket_activation","detail":"5","dir":"in","value":"378"},{"time":"19:50:02","type":"tcp_server","detail":"node_id_handshake","dir":"in","value":"16"},{"time":"19:50:02","type":"rep_crawler","detail":"response","dir":"in","value":"11"},{"time":"19:50:02","type":"aggregator","detail":"all","dir":"in","value":"0"},{"time":"19:50:02","type":"election_bucket_activation","detail":"31","dir":"in","value":"248"},{"time":"19:50:02","type":"bootstrap_server","detail":"cooldown","dir":"in","value":"6"},{"time":"19:50:02","type":"backlog_scan","detail":"loop","dir":"in","value":"450"},{"time":"19:50:02","type":"bootstrap_queue","detail":"reprocess","dir":"in","value":"0"},{"time":"19:50:02","type":"message_processor_type","detail":"invalid","dir":"in","value":"0"},{"time":"19:50:02","type":"bootstrap_queue","detail":"upgraded","dir":"in","value":"2"},{"time":"19:50:02","type":"confirmation_height","detail":"blocks_confirmed","dir":"in","value":"45052"},{"time":"19:50:02","type":"tcp_listener_rejected","detail":"max_per_ip","dir":"in","value":"0"},{"time":"19:50:02","type":"active_elections_dropped","detail":"manual","dir":"in","value":"0"},{"time":"19:50:02","type":"confirmation_height","detail":"all","dir":"in","value":"0"},{"time":"19:50:02","type":"election_vote","detail":"direct","dir":"in","value":"235319"},{"time":"19:50:02","type":"local_block_broadcaster","detail":"insert","dir":"in","value":"1"},{"time":"19:50:02","type":"tcp_server","detail":"handshake","dir":"in","value":"16"},{"time":"19:50:02","type":"message_processor_type","detail":"bulk_push","dir":"in","value":"0"},{"time":"19:50:02","type":"election_bucket_activation","detail":"61","dir":"in","value":"286"},{"time":"19:50:02","type":"requests","detail":"requests_generated_hashes","dir":"in","value":"6773"},{"time":"19:50:02","type":"active_elections","detail":"timed_out","dir":"in","value":"0"},{"time":"19:50:02","type":"ledger_ev_dur","detail":"dur_blocks_confirmed","dir":"in","value":"48"},{"time":"19:50:02","type":"optimistic_scheduler","detail":"loop","dir":"in","value":"63"},{"time":"19:50:02","type":"message_processor_overfill","detail":"asc_pull_req","dir":"in","value":"0"},{"time":"19:50:02","type":"bootstrap_timeout","detail":"frontiers","dir":"in","value":"7"},{"time":"19:50:02","type":"message_processor_overfill","detail":"invalid","dir":"in","value":"0"},{"time":"19:50:02","type":"election_scheduler","detail":"activate_failed","dir":"in","value":"358"},{"time":"19:50:02","type":"traffic_tcp","detail":"all","dir":"in","value":"56005563"},{"time":"19:50:02","type":"hinting","detail":"all","dir":"in","value":"0"},{"time":"19:50:02","type":"hinting","detail":"insert_failed","dir":"in","value":"2706"},{"time":"19:50:02","type":"bootstrap_queue","detail":"dependency_request_removed","dir":"in","value":"0"},{"time":"19:50:02","type":"election_bucket","detail":"replaced","dir":"in","value":"62"},{"time":"19:50:02","type":"handshake","detail":"cookie_creation_failed","dir":"in","value":"0"},{"time":"19:50:02","type":"block_processor_result","detail":"balance_mismatch","dir":"in","value":"0"},{"time":"19:50:02","type":"traffic_tcp_type","detail":"vote","dir":"out","value":"26589088"},{"time":"19:50:02","type":"block_processor_result","detail":"negative_spend","dir":"in","value":"0"},{"time":"19:50:02","type":"election_bucket_activation","detail":"53","dir":"in","value":"647"},{"time":"19:50:02","type":"election_bucket_activation","detail":"29","dir":"in","value":"299"},{"time":"19:50:02","type":"ledger_ev_proc","detail":"ev_blocks_confirmed","dir":"in","value":"3162"},{"time":"19:50:02","type":"prio_sched_queue","detail":"overfill","dir":"in","value":"0"},{"time":"19:50:02","type":"election_scheduler","detail":"activated","dir":"in","value":"54341"},{"time":"19:50:02","type":"election_bucket_activation","detail":"32","dir":"in","value":"2643"},{"time":"19:50:02","type":"vote_generator_final","detail":"generator_replies","dir":"in","value":"230"},{"time":"19:50:02","type":"tcp_listener","detail":"accept_rejected","dir":"in","value":"0"},{"time":"19:50:02","type":"bootstrap_queue","detail":"trim_download_queue","dir":"in","value":"0"},{"time":"19:50:02","type":"traffic_tcp_type","detail":"telemetry","dir":"out","value":"1890"},{"time":"19:50:02","type":"boot_requester","detail":"wait_next_download","dir":"in","value":"1072"},{"time":"19:50:02","type":"active_elections_stopped","detail":"expired_confirmed","dir":"in","value":"0"},{"time":"19:50:02","type":"tcp_listener_rejected","detail":"not_a_peer","dir":"in","value":"0"},{"time":"19:50:02","type":"election_bucket_activation","detail":"24","dir":"in","value":"411"},{"time":"19:50:02","type":"ledger_ev_dur","detail":"dur_blocks_rolled_back","dir":"in","value":"0"},{"time":"19:50:02","type":"message_processor_overfill","detail":"frontier_req","dir":"in","value":"0"},{"time":"19:50:02","type":"election_vote","detail":"forwarded","dir":"in","value":"261"},{"time":"19:50:02","type":"active_elections_started","detail":"optimistic","dir":"in","value":"3"},{"time":"19:50:02","type":"tcp_listener","detail":"connect_initiate","dir":"out","value":"20"},{"time":"19:50:02","type":"bootstrap_verify_blocks","detail":"ok","dir":"in","value":"46"},{"time":"19:50:02","type":"traffic_tcp_type","detail":"vote_reply","dir":"out","value":"0"},{"time":"19:50:02","type":"bootstrap_queue","detail":"processing_started","dir":"in","value":"55"},{"time":"19:50:02","type":"requests","detail":"all","dir":"in","value":"0"},{"time":"19:50:02","type":"vote_generator","detail":"sent_pr","dir":"in","value":"1434"},{"time":"19:50:02","type":"election_bucket_activation","detail":"20","dir":"in","value":"625"},{"time":"19:50:02","type":"election_bucket_activation","detail":"60","dir":"in","value":"2457"},{"time":"19:50:02","type":"filter","detail":"duplicate_confirm_ack_message","dir":"in","value":"4142"},{"time":"19:50:02","type":"vote_generator_final","detail":"batch","dir":"in","value":"1043"},{"time":"19:50:02","type":"backlog_scan","detail":"activated","dir":"in","value":"8992"},{"time":"19:50:02","type":"message","detail":"publish","dir":"in","value":"45437"},{"time":"19:50:02","type":"active_elections_confirmed","detail":"optimistic","dir":"in","value":"0"},{"time":"19:50:02","type":"backlog_scan","detail":"scanned","dir":"in","value":"216253"},{"time":"19:50:02","type":"bootstrap_request","detail":"frontiers","dir":"in","value":"281"},{"time":"19:50:02","type":"vote_cache","detail":"triggered","dir":"in","value":"45114"},{"time":"19:50:02","type":"hinting","detail":"missing_block","dir":"in","value":"2"},{"time":"19:50:02","type":"active_elections_timeout","detail":"hinted","dir":"in","value":"0"},{"time":"19:50:02","type":"bootstr_acc_ack_proc","detail":"account_info_empty","dir":"in","value":"0"},{"time":"19:50:02","type":"election_bucket_activation","detail":"44","dir":"in","value":"327"},{"time":"19:50:02","type":"election_bucket_activation","detail":"9","dir":"in","value":"777"},{"time":"19:50:02","type":"election_bucket_activation","detail":"52","dir":"in","value":"943"},{"time":"19:50:02","type":"hinting","detail":"activate_immediate","dir":"in","value":"37"},{"time":"19:50:02","type":"election_bucket_activation","detail":"38","dir":"in","value":"576"},{"time":"19:50:02","type":"vote_generator","detail":"all","dir":"in","value":"0"},{"time":"19:50:02","type":"peer_history","detail":"all","dir":"in","value":"0"},{"time":"19:50:02","type":"bootstrap_reply","detail":"all","dir":"in","value":"0"},{"time":"19:50:02","type":"bootstrap","detail":"all","dir":"in","value":"0"},{"time":"19:50:02","type":"unchecked","detail":"satisfied","dir":"in","value":"24"},{"time":"19:50:02","type":"block_processor_overfill","detail":"local","dir":"in","value":"0"},{"time":"19:50:02","type":"election_bucket_activation","detail":"54","dir":"in","value":"735"},{"time":"19:50:02","type":"ledger_ev_proc","detail":"ev_blocks_processed_total","dir":"in","value":"45517"},{"time":"19:50:02","type":"active_elections_cancelled","detail":"hinted","dir":"in","value":"0"},{"time":"19:50:02","type":"bootstrap_queue","detail":"block_failed","dir":"in","value":"15"},{"time":"19:50:02","type":"election","detail":"generate_vote_normal","dir":"in","value":"44903"},{"time":"19:50:02","type":"local_block_broadcaster","detail":"broadcast","dir":"out","value":"1"},{"time":"19:50:02","type":"bootstrap_queue","detail":"processing_finished","dir":"in","value":"55"},{"time":"19:50:02","type":"bootstrap_queue","detail":"dependency_requested","dir":"in","value":"0"},{"time":"19:50:02","type":"message_processor_overfill","detail":"keepalive","dir":"in","value":"0"},{"time":"19:50:02","type":"election","detail":"confirmation_request","dir":"in","value":"12463"},{"time":"19:50:02","type":"bootstrap_queue","detail":"download_start_failed","dir":"in","value":"0"},{"time":"19:50:02","type":"vote_processor","detail":"all","dir":"in","value":"0"},{"time":"19:50:02","type":"block_processor_result","detail":"progress","dir":"in","value":"45052"},{"time":"19:50:02","type":"tcp_server","detail":"asc_pull_ack","dir":"in","value":"619"},{"time":"19:50:02","type":"election_bucket_activation","detail":"35","dir":"in","value":"982"},{"time":"19:50:02","type":"bootstrap_server","detail":"all","dir":"in","value":"0"},{"time":"19:50:02","type":"block_processor_result","detail":"conflict","dir":"in","value":"3"},{"time":"19:50:02","type":"handshake","detail":"invalid_genesis","dir":"in","value":"0"},{"time":"19:50:02","type":"election_bucket_activation","detail":"13","dir":"in","value":"335"},{"time":"19:50:02","type":"election_bucket_activation","detail":"14","dir":"in","value":"330"},{"time":"19:50:02","type":"bootstrap_server","detail":"loop","dir":"in","value":"213"},{"time":"19:50:02","type":"message_processor_type","detail":"node_id_handshake","dir":"in","value":"0"},{"time":"19:50:02","type":"message_processor_type","detail":"not_a_type","dir":"in","value":"0"},{"time":"19:50:02","type":"vote_processor","detail":"process","dir":"in","value":"8014"},{"time":"19:50:02","type":"vote_generator","detail":"sent_non_pr","dir":"in","value":"1028"},{"time":"19:50:02","type":"active_elections_confirmed","detail":"hinted","dir":"in","value":"0"},{"time":"19:50:02","type":"block_processor_result","detail":"gap_previous","dir":"in","value":"9"},{"time":"19:50:02","type":"block_processor_source","detail":"local","dir":"in","value":"1"},{"time":"19:50:02","type":"bootstrap_process","detail":"account_info","dir":"in","value":"0"},{"time":"19:50:02","type":"tcp_listener_rejected","detail":"duplicate","dir":"in","value":"0"},{"time":"19:50:02","type":"election","detail":"vote","dir":"in","value":"238691"},{"time":"19:50:02","type":"bootstrap_queue","detail":"decayed_blocked","dir":"in","value":"0"},{"time":"19:50:02","type":"active_elections","detail":"settled","dir":"in","value":"44983"},{"time":"19:50:02","type":"message","detail":"asc_pull_req","dir":"out","value":"636"},{"time":"19:50:02","type":"bootstrap_request","detail":"blocks_by_hash","dir":"in","value":"328"},{"time":"19:50:02","type":"election_bucket_activation","detail":"15","dir":"in","value":"254"},{"time":"19:50:02","type":"ledger_ev_proc","detail":"ev_blocks_rolled_back","dir":"in","value":"0"},{"time":"19:50:02","type":"bootstrap_queue","detail":"processing_started_reverted","dir":"in","value":"0"},{"time":"19:50:02","type":"bootstrap_queue","detail":"dependency_update","dir":"in","value":"0"},{"time":"19:50:02","type":"message","detail":"confirm_ack","dir":"out","value":"12990"},{"time":"19:50:02","type":"election_bucket_activation","detail":"41","dir":"in","value":"430"},{"time":"19:50:02","type":"unchecked","detail":"duplicate","dir":"in","value":"0"},{"time":"19:50:02","type":"election_bucket_activation","detail":"16","dir":"in","value":"2051"},{"time":"19:50:02","type":"election_bucket_activation","detail":"48","dir":"in","value":"5659"},{"time":"19:50:02","type":"message","detail":"publish","dir":"out","value":"6302"},{"time":"19:50:02","type":"active_elections_timeout","detail":"priority","dir":"in","value":"0"},{"time":"19:50:02","type":"election_bucket_activation","detail":"62","dir":"in","value":"696"},{"time":"19:50:02","type":"vote_generator_final","detail":"generator_broadcasts","dir":"in","value":"256"},{"time":"19:50:02","type":"message_processor_overfill","detail":"confirm_req","dir":"in","value":"0"},{"time":"19:50:02","type":"confirmation_time","detail":"p99","dir":"in","value":"124"},{"time":"19:50:02","type":"block_processor_result","detail":"representative_mismatch","dir":"in","value":"0"},{"time":"19:50:02","type":"rep_crawler","detail":"query_completion","dir":"in","value":"6"},{"time":"19:50:02","type":"block_processor_overfill","detail":"live","dir":"in","value":"0"},{"time":"19:50:02","type":"message_processor_overfill","detail":"publish","dir":"in","value":"0"},{"time":"19:50:02","type":"unchecked","detail":"put","dir":"in","value":"24"},{"time":"19:50:02","type":"tcp_server","detail":"confirm_ack","dir":"in","value":"3168"},{"time":"19:50:02","type":"vote_generator_final","detail":"queue","dir":"in","value":"45052"},{"time":"19:50:02","type":"election_bucket_activation","detail":"4","dir":"in","value":"692"},{"time":"19:50:02","type":"message_processor_type","detail":"asc_pull_ack","dir":"in","value":"619"},{"time":"19:50:02","type":"message","detail":"confirm_req","dir":"in","value":"542"},{"time":"19:50:02","type":"bootstrap_server","detail":"all","dir":"out","value":"0"},{"time":"19:50:02","type":"aggregator","detail":"aggregator_accepted","dir":"in","value":"511"},{"time":"19:50:02","type":"rep_crawler","detail":"crawl_aggressive","dir":"in","value":"6"},{"time":"19:50:02","type":"vote_rebroadcaster_tier","detail":"tier2","dir":"in","value":"0"},{"time":"19:50:02","type":"rep_crawler","detail":"keepalive","dir":"in","value":"17"},{"time":"19:50:02","type":"local_block_broadcaster","detail":"all","dir":"in","value":"0"},{"time":"19:50:02","type":"election_bucket_activation","detail":"19","dir":"in","value":"663"},{"time":"19:50:02","type":"tcp_listener_rejected","detail":"max_attempts","dir":"in","value":"0"},{"time":"19:50:02","type":"request_aggregator","detail":"request_hashes","dir":"in","value":"60603"},{"time":"19:50:02","type":"ledger_ev_proc","detail":"ev_conf_set_near_full","dir":"in","value":"0"},{"time":"19:50:02","type":"bootstrap_process","detail":"blocks","dir":"in","value":"345"},{"time":"19:50:02","type":"block_processor","detail":"process_blocking_timeout","dir":"in","value":"0"},{"time":"19:50:02","type":"message_processor_overfill","detail":"node_id_handshake","dir":"in","value":"0"},{"time":"19:50:02","type":"bootstrap_server_response","detail":"all","dir":"in","value":"0"},{"time":"19:50:02","type":"vote_rebroadcaster","detail":"overfill","dir":"in","value":"1731"},{"time":"19:50:02","type":"tcp","detail":"tcp_read_error","dir":"in","value":"10"},{"time":"19:50:02","type":"block_processor_result","detail":"fork","dir":"in","value":"0"},{"time":"19:50:02","type":"block_processor","detail":"enqueued","dir":"in","value":"45517"},{"time":"19:50:02","type":"bootstrap_request","detail":"blocks_by_account","dir":"in","value":"27"},{"time":"19:50:02","type":"vote_rebroadcaster_tier","detail":"tier3","dir":"in","value":"2704"},{"time":"19:50:02","type":"message_processor_type","detail":"bulk_pull_account","dir":"in","value":"0"},{"time":"19:50:02","type":"election_bucket_activation","detail":"1","dir":"in","value":"128"},{"time":"19:50:02","type":"election_bucket_activation","detail":"22","dir":"in","value":"462"},{"time":"19:50:02","type":"block_processor_result","detail":"gap_source","dir":"in","value":"15"},{"time":"19:50:02","type":"handshake","detail":"missing_cookie","dir":"in","value":"0"},{"time":"19:50:02","type":"bootstrap_queue","detail":"removed","dir":"in","value":"0"},{"time":"19:50:02","type":"active_elections_dropped","detail":"hinted","dir":"in","value":"0"},{"time":"19:50:02","type":"message","detail":"asc_pull_req","dir":"in","value":"291"},{"time":"19:50:02","type":"bootstrap_server","detail":"request","dir":"in","value":"291"},{"time":"19:50:02","type":"handshake","detail":"invalid_node_id","dir":"in","value":"0"},{"time":"19:50:02","type":"traffic_tcp_type","detail":"vote_rebroadcast","dir":"out","value":"46192096"},{"time":"19:50:02","type":"bootstrap_server","detail":"frontiers","dir":"out","value":"456"},{"time":"19:50:02","type":"vote_cache","detail":"top","dir":"in","value":"62"},{"time":"19:50:02","type":"traffic_tcp_type","detail":"block_broadcast_initial","dir":"out","value":"672"},{"time":"19:50:02","type":"tcp_server","detail":"all","dir":"in","value":"0"},{"time":"19:50:02","type":"election_bucket_activation","detail":"39","dir":"in","value":"590"},{"time":"19:50:02","type":"ledger_ev_dur","detail":"dur_conf_set_recovered","dir":"in","value":"0"},{"time":"19:50:02","type":"handshake","detail":"multiple_queries","dir":"in","value":"0"},{"time":"19:50:02","type":"message_processor_overfill","detail":"confirm_ack","dir":"in","value":"0"},{"time":"19:50:02","type":"active_elections_cancelled","detail":"optimistic","dir":"in","value":"0"},{"time":"19:50:02","type":"election_bucket_activation","detail":"51","dir":"in","value":"1206"},{"time":"19:50:02","type":"ledger_ev_dur","detail":"dur_activate_backlog","dir":"in","value":"0"},{"time":"19:50:02","type":"confirmation_observer","detail":"inactive","dir":"in","value":"0"},{"time":"19:50:02","type":"active_elections_dropped","detail":"priority","dir":"in","value":"62"},{"time":"19:50:02","type":"election_scheduler","detail":"activate_skip","dir":"in","value":"66945"},{"time":"19:50:02","type":"vote_rebroadcaster","detail":"cooldown","dir":"in","value":"0"},{"time":"19:50:02","type":"bootstrap_frontiers","detail":"ok","dir":"in","value":"248"},{"time":"19:50:02","type":"bootstrap_frontiers","detail":"frontiers","dir":"in","value":"18743"},{"time":"19:50:02","type":"bootstrap_server_response","detail":"frontiers","dir":"in","value":"171"},{"time":"19:50:02","type":"block_processor_source","detail":"live","dir":"in","value":"408"},{"time":"19:50:02","type":"network","detail":"reachout_cached","dir":"in","value":"48"},{"time":"19:50:02","type":"requests","detail":"requests_generated_votes","dir":"in","value":"230"},{"time":"19:50:02","type":"election","detail":"broadcast_block_initial","dir":"in","value":"2200"},{"time":"19:50:02","type":"active_elections_started","detail":"manual","dir":"in","value":"0"},{"time":"19:50:02","type":"vote_rebroadcaster","detail":"process","dir":"in","value":"5114"},{"time":"19:50:02","type":"rep_crawler","detail":"crawl_normal","dir":"in","value":"6"},{"time":"19:50:02","type":"active_elections","detail":"finalized_final","dir":"in","value":"313"},{"time":"19:50:02","type":"network","detail":"all","dir":"in","value":"0"},{"time":"19:50:02","type":"election_bucket_activation","detail":"40","dir":"in","value":"532"},{"time":"19:50:02","type":"message_processor_overfill","detail":"telemetry_ack","dir":"in","value":"0"},{"time":"19:50:02","type":"election_bucket_activation","detail":"21","dir":"in","value":"559"},{"time":"19:50:02","type":"traffic_tcp_type","detail":"bootstrap_requests","dir":"out","value":"32436"},{"time":"19:50:02","type":"bootstrap_queue","detail":"download_requeued","dir":"in","value":"5"},{"time":"19:50:02","type":"tcp_listener","detail":"accept_failure","dir":"in","value":"0"},{"time":"19:50:02","type":"election_scheduler","detail":"loop","dir":"in","value":"43498"},{"time":"19:50:02","type":"active_elections_started","detail":"hinted","dir":"in","value":"0"},{"time":"19:50:02","type":"vote_rebroadcaster","detail":"representatives_full","dir":"in","value":"0"},{"time":"19:50:02","type":"message","detail":"confirm_req","dir":"out","value":"559"},{"time":"19:50:02","type":"message_processor_type","detail":"telemetry_ack","dir":"in","value":"5"},{"time":"19:50:02","type":"election_bucket_activation","detail":"37","dir":"in","value":"783"},{"time":"19:50:02","type":"request_aggregator_replies","detail":"all","dir":"in","value":"0"},{"time":"19:50:02","type":"bootstrap_server_response","detail":"blocks","dir":"in","value":"120"},{"time":"19:50:02","type":"confirming_set","detail":"insert","dir":"in","value":"45052"},{"time":"19:50:02","type":"traffic_tcp_type","detail":"block_broadcast","dir":"out","value":"1324960"},{"time":"19:50:02","type":"local_block_broadcaster","detail":"cemented","dir":"in","value":"1"},{"time":"19:50:02","type":"active_elections_cancelled","detail":"priority","dir":"in","value":"0"},{"time":"19:50:02","type":"bootstrap","detail":"reply","dir":"in","value":"619"},{"time":"19:50:02","type":"confirmation_observer","detail":"active_confirmation_height","dir":"in","value":"0"},{"time":"19:50:02","type":"bootstrap_queue","detail":"download_finished","dir":"in","value":"345"},{"time":"19:50:02","type":"block_processor_result","detail":"unreceivable","dir":"in","value":"0"},{"time":"19:50:02","type":"ledger_ev_proc","detail":"ev_conf_set_recovered","dir":"in","value":"0"},{"time":"19:50:02","type":"requests","detail":"requests_unknown","dir":"in","value":"312"},{"time":"19:50:02","type":"active_elections_cancelled","detail":"manual","dir":"in","value":"0"},{"time":"19:50:02","type":"election_bucket_activation","detail":"33","dir":"in","value":"1727"},{"time":"19:50:02","type":"boot_requester","detail":"wait_dependency_missing","dir":"in","value":"1071"},{"time":"19:50:02","type":"bootstrap_queue","detail":"blocked","dir":"in","value":"0"},{"time":"19:50:02","type":"active_elections","detail":"confirmed","dir":"in","value":"45052"},{"time":"19:50:02","type":"tcp_listener_rejected","detail":"max_per_subnetwork","dir":"out","value":"0"},{"time":"19:50:02","type":"message_processor_overfill","detail":"telemetry_req","dir":"in","value":"0"},{"time":"19:50:02","type":"confirming_set","detail":"cementing","dir":"in","value":"45052"},{"time":"19:50:02","type":"election","detail":"generate_vote_final","dir":"in","value":"45052"},{"time":"19:50:02","type":"message","detail":"asc_pull_ack","dir":"in","value":"619"},{"time":"19:50:02","type":"requests","detail":"requests_final","dir":"in","value":"6773"},{"time":"19:50:02","type":"bootstrap_server_request","detail":"all","dir":"in","value":"0"},{"time":"19:50:02","type":"requests","detail":"requests_non_final","dir":"in","value":"53518"},{"time":"19:50:02","type":"rep_crawler","detail":"query_sent","dir":"in","value":"57"},{"time":"19:50:02","type":"vote_cache","detail":"processed","dir":"in","value":"45114"},{"time":"19:50:02","type":"bootstrap_frontiers","detail":"pending","dir":"in","value":"61"},{"time":"19:50:02","type":"tcp_server","detail":"keepalive","dir":"in","value":"81"},{"time":"19:50:02","type":"tcp_listener_rejected","detail":"max_attempts","dir":"out","value":"0"},{"time":"19:50:02","type":"message_processor_type","detail":"keepalive","dir":"in","value":"81"},{"time":"19:50:02","type":"handshake","detail":"invalid_signature","dir":"in","value":"0"},{"time":"19:50:02","type":"election_bucket_activation","detail":"8","dir":"in","value":"1137"},{"time":"19:50:02","type":"election_bucket_activation","detail":"45","dir":"in","value":"387"},{"time":"19:50:02","type":"block_processor_overfill","detail":"bootstrap","dir":"in","value":"0"},{"time":"19:50:02","type":"active_elections","detail":"bootstrap_stale","dir":"in","value":"1"},{"time":"19:50:02","type":"vote_rebroadcaster","detail":"all","dir":"in","value":"0"},{"time":"19:50:02","type":"tcp_listener_rejected","detail":"duplicate","dir":"out","value":"154"},{"time":"19:50:02","type":"tcp_listener_rejected","detail":"max_per_ip","dir":"out","value":"0"},{"time":"19:50:02","type":"block_processor_result","detail":"bad_signature","dir":"in","value":"0"},{"time":"19:50:02","type":"bootstrap_queue","detail":"remove_failed","dir":"in","value":"0"},{"time":"19:50:02","type":"tcp_server","detail":"telemetry_ack","dir":"in","value":"5"},{"time":"19:50:02","type":"bootstrap_server_request","detail":"blocks","dir":"in","value":"120"},{"time":"19:50:02","type":"vote_rebroadcaster","detail":"rebroadcast","dir":"in","value":"2704"},{"time":"19:50:02","type":"bootstrap_queue","detail":"trim_blocked","dir":"in","value":"0"},{"time":"19:50:02","type":"election_scheduler","detail":"all","dir":"in","value":"0"},{"time":"19:50:02","type":"ev_proc_duration","detail":"backlog_scan_queue","dir":"in","value":"171126"},{"time":"19:50:02","type":"telemetry","detail":"loop","dir":"in","value":"3"},{"time":"19:50:02","type":"active_elections","detail":"finalized_fast","dir":"in","value":"44739"},{"time":"19:50:02","type":"tcp_server","detail":"asc_pull_req","dir":"in","value":"291"},{"time":"19:50:02","type":"election_bucket_activation","detail":"34","dir":"in","value":"1321"},{"time":"19:50:02","type":"ledger_ev_proc","detail":"cool_down","dir":"in","value":"0"},{"time":"19:50:02","type":"tcp_channels","detail":"all","dir":"in","value":"0"},{"time":"19:50:02","type":"tcp_listener","detail":"connect_error","dir":"out","value":"15"},{"time":"19:50:02","type":"election_scheduler","detail":"duplicate","dir":"in","value":"10"},{"time":"19:50:02","type":"election","detail":"broadcast_block_repeat","dir":"in","value":"0"},{"time":"19:50:02","type":"bootstrap_queue","detail":"deprioritized","dir":"in","value":"179"},{"time":"19:50:02","type":"block_processor_overfill","detail":"forced","dir":"in","value":"0"},{"time":"19:50:02","type":"bootstrap_queue","detail":"reprocess_failed","dir":"in","value":"3"},{"time":"19:50:02","type":"network","detail":"loop_reachout_cached","dir":"in","value":"25"},{"time":"19:50:02","type":"active_elections","detail":"all","dir":"in","value":"0"},{"time":"19:50:02","type":"vote_generator","detail":"batch","dir":"in","value":"1300"},{"time":"19:50:02","type":"election_bucket_activation","detail":"11","dir":"in","value":"413"},{"time":"19:50:02","type":"tcp_listener_rejected","detail":"excluded","dir":"in","value":"0"},{"time":"19:50:02","type":"boot_requester","detail":"queries_overfill","dir":"in","value":"0"},{"time":"19:50:02","type":"optimistic_scheduler","detail":"insert","dir":"in","value":"3"},{"time":"19:50:02","type":"active_elections_stopped","detail":"passive","dir":"in","value":"22"},{"time":"19:50:02","type":"election_bucket_activation","detail":"43","dir":"in","value":"361"},{"time":"19:50:02","type":"bootstrap_request","detail":"all","dir":"in","value":"0"},{"time":"19:50:02","type":"optimistic_scheduler","detail":"activated","dir":"in","value":"3265"},{"time":"19:50:02","type":"message_processor_type","detail":"confirm_req","dir":"in","value":"542"},{"time":"19:50:02","type":"vote_processor_tier","detail":"all","dir":"in","value":"0"},{"time":"19:50:02","type":"election","detail":"all","dir":"in","value":"0"},{"time":"19:50:02","type":"election_bucket_activation","detail":"42","dir":"in","value":"475"},{"time":"19:50:02","type":"block_processor_result","detail":"insufficient_work","dir":"in","value":"0"},{"time":"19:50:02","type":"peer_history","detail":"updated","dir":"in","value":"15"},{"time":"19:50:02","type":"block_processor_result","detail":"gap_epoch_open_pending","dir":"in","value":"0"},{"time":"19:50:02","type":"hinting","detail":"already_confirmed","dir":"in","value":"43681"},{"time":"19:50:02","type":"confirmation_time","detail":"p95","dir":"in","value":"115"},{"time":"19:50:02","type":"backlog_scan_queue","detail":"overfill","dir":"in","value":"0"},{"time":"19:50:02","type":"active_elections","detail":"cooldown","dir":"in","value":"0"},{"time":"19:50:02","type":"election_bucket_activation","detail":"10","dir":"in","value":"597"},{"time":"19:50:02","type":"telemetry","detail":"all","dir":"in","value":"0"},{"time":"19:50:02","type":"election_bucket_activation","detail":"36","dir":"in","value":"811"},{"time":"19:50:02","type":"block_processor_overfill","detail":"unchecked","dir":"in","value":"0"},{"time":"19:50:02","type":"fork_cache","detail":"insert","dir":"in","value":"0"},{"time":"19:50:02","type":"vote_generator_final","detail":"sent_pr","dir":"in","value":"1426"},{"time":"19:50:02","type":"vote_processor_tier","detail":"tier3","dir":"in","value":"7971"},{"time":"19:50:02","type":"peer_history","detail":"inserted","dir":"in","value":"5"},{"time":"19:50:02","type":"vote_rebroadcaster","detail":"rebroadcast_unnecessary","dir":"in","value":"174"},{"time":"19:50:02","type":"active_elections_stopped","detail":"active","dir":"in","value":"32"},{"time":"19:50:02","type":"message","detail":"telemetry_ack","dir":"out","value":"9"},{"time":"19:50:02","type":"bootstrap_reply","detail":"frontiers","dir":"in","value":"274"},{"time":"19:50:02","type":"message_processor_overfill","detail":"bulk_pull","dir":"in","value":"0"},{"time":"19:50:02","type":"traffic_tcp_type","detail":"generic","dir":"out","value":"1816"},{"time":"19:50:02","type":"tcp_server","detail":"handshake_error","dir":"in","value":"0"},{"time":"19:50:02","type":"election_bucket_activation","detail":"50","dir":"in","value":"1730"},{"time":"19:50:02","type":"tcp_channels","detail":"channel_accepted","dir":"in","value":"9"},{"time":"19:50:02","type":"rep_tiers","detail":"updated","dir":"in","value":"7"},{"time":"19:50:02","type":"active_elections_stopped","detail":"terminated","dir":"in","value":"0"},{"time":"19:50:02","type":"block_processor_source","detail":"forced","dir":"in","value":"0"},{"time":"19:50:02","type":"message","detail":"keepalive","dir":"out","value":"86"},{"time":"19:50:02","type":"drop","detail":"all","dir":"out","value":"3"},{"time":"19:50:02","type":"ledger_ev_dur","detail":"dur_conf_set_near_full","dir":"in","value":"0"},{"time":"19:50:02","type":"block_processor_source","detail":"unchecked","dir":"in","value":"24"},{"time":"19:50:02","type":"vote_rebroadcaster_tier","detail":"tier1","dir":"in","value":"0"},{"time":"19:50:02","type":"election_bucket_activation","detail":"27","dir":"in","value":"285"},{"time":"19:50:02","type":"message_processor_type","detail":"frontier_req","dir":"in","value":"0"},{"time":"19:50:02","type":"bootstrap_queue","detail":"processing_finished_failed","dir":"in","value":"45435"},{"time":"19:50:02","type":"message_processor_overfill","detail":"bulk_push","dir":"in","value":"0"},{"time":"19:50:02","type":"block_processor","detail":"overfill","dir":"in","value":"0"},{"time":"19:50:02","type":"tcp_server","detail":"publish","dir":"in","value":"45053"},{"time":"19:50:02","type":"message_processor_type","detail":"telemetry_req","dir":"in","value":"0"},{"time":"19:50:02","type":"active_elections","detail":"block_conflict","dir":"in","value":"0"},{"time":"19:50:02","type":"active_elections_stopped","detail":"expired_unconfirmed","dir":"in","value":"0"},{"time":"19:50:02","type":"message","detail":"confirm_ack","dir":"in","value":"3678"},{"time":"19:50:02","type":"vote_rebroadcaster","detail":"sent","dir":"in","value":"7860"},{"time":"19:50:02","type":"network","detail":"reachout_live","dir":"in","value":"129"},{"time":"19:50:02","type":"confirming_set","detail":"loop","dir":"in","value":"4937"},{"time":"19:50:02","type":"active_elections","detail":"activate_immediately","dir":"in","value":"43327"},{"time":"19:50:02","type":"rep_tiers","detail":"loop","dir":"in","value":"7"},{"time":"19:50:02","type":"active_elections","detail":"recovered","dir":"in","value":"0"},{"time":"19:50:02","type":"active_elections_timeout","detail":"manual","dir":"in","value":"0"},{"time":"19:50:02","type":"election_bucket_activation","detail":"46","dir":"in","value":"291"},{"time":"19:50:02","type":"election_bucket_activation","detail":"58","dir":"in","value":"842"},{"time":"19:50:02","type":"bootstrap_server","detail":"blocks","dir":"out","value":"117"},{"time":"19:50:02","type":"tcp","detail":"tcp_write_error","dir":"out","value":"0"},{"time":"19:50:02","type":"ledger_ev_proc","detail":"ev_blocks_confirmed_total","dir":"in","value":"45052"},{"time":"19:50:02","type":"election_bucket_activation","detail":"2","dir":"in","value":"338"},{"time":"19:50:02","type":"confirmation_time","detail":"p90","dir":"in","value":"110"},{"time":"19:50:02","type":"bootstrap_frontiers","detail":"prioritized","dir":"in","value":"142"},{"time":"19:50:02","type":"block_processor_source","detail":"bootstrap","dir":"in","value":"55"},{"time":"19:50:02","type":"rep_crawler","detail":"loop","dir":"in","value":"32"},{"time":"19:50:02","type":"active_elections","detail":"stopped","dir":"in","value":"45114"},{"time":"19:50:02","type":"drop","detail":"publish","dir":"out","value":"3"},{"time":"19:50:02","type":"confirming_set","detail":"all","dir":"in","value":"0"},{"time":"19:50:02","type":"election_bucket_activation","detail":"17","dir":"in","value":"1069"},{"time":"19:50:02","type":"block_processor_result","detail":"old","dir":"in","value":"438"},{"time":"19:50:02","type":"election_bucket_activation","detail":"57","dir":"in","value":"1568"},{"time":"19:50:02","type":"active_elections_stopped","detail":"confirmed","dir":"in","value":"45052"},{"time":"19:50:02","type":"local_block_broadcaster","detail":"all","dir":"out","value":"0"},{"time":"19:50:02","type":"backlog_scan_queue","detail":"enqueued","dir":"in","value":"572"},{"time":"19:50:02","type":"traffic_tcp","detail":"all","dir":"out","value":"77497166"},{"time":"19:50:02","type":"election_bucket_activation","detail":"7","dir":"in","value":"247"},{"time":"19:50:02","type":"vote_cache","detail":"inserted","dir":"in","value":"238991"},{"time":"19:50:02","type":"bootstrap_queue","detail":"download_finished_failed","dir":"in","value":"0"},{"time":"19:50:02","type":"tcp_listener","detail":"attempt_timeout","dir":"in","value":"0"},{"time":"19:50:02","type":"election_bucket_activation","detail":"6","dir":"in","value":"305"},{"time":"19:50:02","type":"vote_processor","detail":"loop","dir":"in","value":"4484"},{"time":"19:50:02","type":"active_elections_stopped","detail":"cancelled","dir":"in","value":"0"},{"time":"19:50:02","type":"bootstrap_frontiers","detail":"all","dir":"in","value":"0"},{"time":"19:50:02","type":"election_bucket_activation","detail":"49","dir":"in","value":"2652"},{"time":"19:50:02","type":"block_processor_overfill","detail":"live_originator","dir":"in","value":"0"}],"stat_duration_seconds":"63"}
=== PR2 stats objects ===
{"node":{"work":{"pending":{"count":"0","size":"56"}},"ledger":{"rep_weights":{"rep_weights":{"count":"11556","size":"48"}}},"active":{"roots":{"count":"0","size":"3488"},"slots":{"count":"0","size":"168"},"normal":{"count":"0","size":"0"},"hinted":{"count":"0","size":"0"},"optimistic":{"count":"0","size":"0"},"recently_confirmed":{"confirmed":{"count":"45052","size":"160"}},"vote_router":{"elections":{"count":"0","size":"96"}},"buckets":{"bucket 0":{"count":"0","size":"0"},"bucket 1":{"count":"0","size":"0"},"bucket 2":{"count":"0","size":"0"},"bucket 3":{"count":"0","size":"0"},"bucket 4":{"count":"0","size":"0"},"bucket 5":{"count":"0","size":"0"},"bucket 6":{"count":"0","size":"0"},"bucket 7":{"count":"0","size":"0"},"bucket 8":{"count":"0","size":"0"},"bucket 9":{"count":"0","size":"0"},"bucket 10":{"count":"0","size":"0"},"bucket 11":{"count":"0","size":"0"},"bucket 12":{"count":"0","size":"0"},"bucket 13":{"count":"0","size":"0"},"bucket 14":{"count":"0","size":"0"},"bucket 15":{"count":"0","size":"0"},"bucket 16":{"count":"0","size":"0"},"bucket 17":{"count":"0","size":"0"},"bucket 18":{"count":"0","size":"0"},"bucket 19":{"count":"0","size":"0"},"bucket 20":{"count":"0","size":"0"},"bucket 21":{"count":"0","size":"0"},"bucket 22":{"count":"0","size":"0"},"bucket 23":{"count":"0","size":"0"},"bucket 24":{"count":"0","size":"0"},"bucket 25":{"count":"0","size":"0"},"bucket 26":{"count":"0","size":"0"},"bucket 27":{"count":"0","size":"0"},"bucket 28":{"count":"0","size":"0"},"bucket 29":{"count":"0","size":"0"},"bucket 30":{"count":"0","size":"0"},"bucket 31":{"count":"0","size":"0"},"bucket 32":{"count":"0","size":"0"},"bucket 33":{"count":"0","size":"0"},"bucket 34":{"count":"0","size":"0"},"bucket 35":{"count":"0","size":"0"},"bucket 36":{"count":"0","size":"0"},"bucket 37":{"count":"0","size":"0"},"bucket 38":{"count":"0","size":"0"},"bucket 39":{"count":"0","size":"0"},"bucket 40":{"count":"0","size":"0"},"bucket 41":{"count":"0","size":"0"},"bucket 42":{"count":"0","size":"0"},"bucket 43":{"count":"0","size":"0"},"bucket 44":{"count":"0","size":"0"},"bucket 45":{"count":"0","size":"0"},"bucket 46":{"count":"0","size":"0"},"bucket 47":{"count":"0","size":"0"},"bucket 48":{"count":"0","size":"0"},"bucket 49":{"count":"0","size":"0"},"bucket 50":{"count":"0","size":"0"},"bucket 51":{"count":"0","size":"0"},"bucket 52":{"count":"0","size":"0"},"bucket 53":{"count":"0","size":"0"},"bucket 54":{"count":"0","size":"0"},"bucket 55":{"count":"0","size":"0"},"bucket 56":{"count":"0","size":"0"},"bucket 57":{"count":"0","size":"0"},"bucket 58":{"count":"0","size":"0"},"bucket 59":{"count":"0","size":"0"},"bucket 60":{"count":"0","size":"0"},"bucket 61":{"count":"0","size":"0"},"bucket 62":{"count":"0","size":"0"},"bucket 63":{"count":"0","size":"0"},"bucket 64":{"count":"0","size":"0"},"bucket 65":{"count":"0","size":"0"}}},"network":{"channels":{"count":"9","size":"8"},"attempts":{"count":"0","size":"80"},"excluded_peers":{"peers":{"count":"0","size":"64"}},"bandwidth":{"generic":{"count":"999999024","size":"0"},"bootstrap":{"count":"5240589","size":"0"}}},"syn_cookies":{"syn_cookies":{"count":"0","size":"48"},"syn_cookies_per_ip":{"count":"1","size":"8"}},"telemetry":{"telemetries":{"count":"5","size":"352"}},"wallets":{"items":{"count":"1","size":"256"}},"vote_processor":{"votes":{"count":"0","size":"16"},"queue":{"queues":{"count":"0","size":"64"},"total_size":{"count":"0","size":"64"}}},"rep_crawler":{"queries":{"count":"51","size":"120"},"responses":{"count":"0","size":"16"},"prioritized":{"count":"0","size":"0"}},"block_processor":{"blocks":{"count":"0","size":"8"},"forced":{"count":"0","size":"8"},"queue":{"queues":{"count":"0","size":"64"},"total_size":{"count":"0","size":"64"}}},"online_reps":{"reps":{"count":"6","size":"0"}},"history":{"history":{"count":"89938","size":"72"}},"confirming_set":{"set":{"count":"0","size":"0"},"deferred":{"count":"0","size":"0"}},"request_aggregator":{"queue":{"queues":{"count":"0","size":"56"},"total_size":{"count":"0","size":"56"}}},"election_scheduler":{"hinted":{"cooldowns":{"count":"10443","size":"96"}},"manual":{"queue":{"count":"0","size":"41"}},"optimistic":{"candidates":{"count":"3219","size":"1"}},"priority":{"blocks":{"0":{"count":"0","size":"0"},"1":{"count":"0","size":"0"},"2":{"count":"0","size":"0"},"3":{"count":"0","size":"0"},"4":{"count":"0","size":"0"},"5":{"count":"0","size":"0"},"6":{"count":"0","size":"0"},"7":{"count":"0","size":"0"},"8":{"count":"0","size":"0"},"9":{"count":"0","size":"0"},"10":{"count":"0","size":"0"},"11":{"count":"0","size":"0"},"12":{"count":"0","size":"0"},"13":{"count":"0","size":"0"},"14":{"count":"0","size":"0"},"15":{"count":"0","size":"0"},"16":{"count":"0","size":"0"},"17":{"count":"0","size":"0"},"18":{"count":"0","size":"0"},"19":{"count":"0","size":"0"},"20":{"count":"0","size":"0"},"21":{"count":"0","size":"0"},"22":{"count":"0","size":"0"},"23":{"count":"0","size":"0"},"24":{"count":"0","size":"0"},"25":{"count":"0","size":"0"},"26":{"count":"0","size":"0"},"27":{"count":"0","size":"0"},"28":{"count":"0","size":"0"},"29":{"count":"0","size":"0"},"30":{"count":"0","size":"0"},"31":{"count":"0","size":"0"},"32":{"count":"0","size":"0"},"33":{"count":"0","size":"0"},"34":{"count":"0","size":"0"},"35":{"count":"0","size":"0"},"36":{"count":"0","size":"0"},"37":{"count":"0","size":"0"},"38":{"count":"0","size":"0"},"39":{"count":"0","size":"0"},"40":{"count":"0","size":"0"},"41":{"count":"0","size":"0"},"42":{"count":"0","size":"0"},"43":{"count":"0","size":"0"},"44":{"count":"0","size":"0"},"45":{"count":"0","size":"0"},"46":{"count":"0","size":"0"},"47":{"count":"0","size":"0"},"48":{"count":"0","size":"0"},"49":{"count":"0","size":"0"},"50":{"count":"0","size":"0"},"51":{"count":"0","size":"0"},"52":{"count":"0","size":"0"},"53":{"count":"0","size":"0"},"54":{"count":"0","size":"0"},"55":{"count":"0","size":"0"},"56":{"count":"0","size":"0"},"57":{"count":"0","size":"0"},"58":{"count":"0","size":"0"},"59":{"count":"0","size":"0"},"60":{"count":"0","size":"0"},"61":{"count":"0","size":"0"},"62":{"count":"0","size":"0"}}},"ev_proc":{"prio_sched_queue":{"count":"0","size":"0"}}},"vote_cache":{"blocks":{"count":"1378","size":"0"},"processor":{"count":"0","size":"0"}},"vote_generators":{"non_final":{"candidates":{"count":"0","size":"64"},"requests":{"count":"0","size":"32"}},"final":{"candidates":{"count":"0","size":"64"},"requests":{"count":"0","size":"32"}},"notar":{"candidates":{"count":"0","size":"64"},"requests":{"count":"0","size":"32"}},"timeout":{"candidates":{"count":"0","size":"64"},"requests":{"count":"0","size":"32"}}},"bootstrapper":{"query_tracker":{"running_queries":{"count":"5","size":"216"}},"peer_scoring":{"scores":{"count":"9","size":"0"}},"bootstrap_queue":{"download_queue":{"count":"8","size":"0"},"blocked":{"count":"0","size":"0"},"blocked_unknown":{"count":"0","size":"0"},"unblocked":{"count":"13","size":"0"},"downloading":{"count":"5","size":"0"},"optimistic":{"count":"1","size":"0"},"fails":{"count":"5","size":"0"},"processing":{"ready_to_process":{"count":"0","size":"0"},"processing":{"count":"0","size":"0"},"cached_blocks":{"count":"0","size":"0"}},"priorities":{"priorities":{"count":"13","size":"0"}},"download_queue_detail":{"accounts":{"count":"8","size":"0"}},"blocked_detail":{"accounts":{"count":"0","size":"0"},"by_dependency":{"count":"0","size":"0"},"by_dependency_account":{"count":"0","size":"0"},"by_timestamp":{"count":"0","size":"0"},"requested_dependencies":{"count":"0","size":"0"}}},"frontiers":{"total_processed":{"count":"0","size":"0"}}},"unchecked":{"entries":{"count":"0","size":"0"}},"local_block_broadcaster":{"local":{"count":"0","size":"112"}},"rep_tiers":{"tier_1":{"count":"346","size":"32"},"tier_2":{"count":"27","size":"32"},"tier_3":{"count":"6","size":"32"}},"inbound_msg_queue":{"queue":{"queues":{"count":"0","size":"56"},"total_size":{"count":"0","size":"56"}}},"vote_rebroadcaster":{"queue":{"queues":{"count":"0","size":"49"},"total_size":{"count":"0","size":"49"}},"queue_total":{"count":"0","size":"0"},"queue_hashes":{"count":"0","size":"0"}},"fork_cache":{"fork_cache":{"count":"0","size":"0"}},"event_queues":{"ledger":{"count":"0","size":"0"},"aec":{"count":"0","size":"0"}},"aec_voter":{"scheduler":{"records":{"count":"28442","size":"144"},"expiry_queue":{"count":"56717","size":"112"}}},"backlog_scan":{"ev_proc":{"backlog_scan_queue":{"count":"0","size":"0"}}}}}
=== PR3 block_count ===
{"count":"45053","unchecked":"0","cemented":"45053"}
=== PR3 confirmation_active ===
{"confirmations":[],"unconfirmed":"0","confirmed":"0"}
=== PR3 stats counters ===
{"type":"counters","created":"2026.09.17 19:50:02","entries":[{"time":"19:50:02","type":"message","detail":"confirm_ack","dir":"in","value":"3708"},{"time":"19:50:02","type":"bootstrap_queue","detail":"deprioritized","dir":"in","value":"125"},{"time":"19:50:02","type":"vote_generator","detail":"sent_non_pr","dir":"in","value":"1016"},{"time":"19:50:02","type":"tcp_listener","detail":"accept_rejected","dir":"in","value":"0"},{"time":"19:50:02","type":"message","detail":"publish","dir":"in","value":"45238"},{"time":"19:50:02","type":"vote_cache","detail":"processed","dir":"in","value":"45118"},{"time":"19:50:02","type":"active_elections_dropped","detail":"priority","dir":"in","value":"66"},{"time":"19:50:02","type":"message","detail":"confirm_req","dir":"in","value":"545"},{"time":"19:50:02","type":"tcp_listener","detail":"connect_initiate","dir":"out","value":"16"},{"time":"19:50:02","type":"message","detail":"confirm_req","dir":"out","value":"577"},{"time":"19:50:02","type":"message_processor_type","detail":"frontier_req","dir":"in","value":"0"},{"time":"19:50:02","type":"backlog_scan","detail":"loop","dir":"in","value":"448"},{"time":"19:50:02","type":"bootstrap_server","detail":"frontiers","dir":"out","value":"3384"},{"time":"19:50:02","type":"bootstrap_queue","detail":"processing_started","dir":"in","value":"71"},{"time":"19:50:02","type":"block_processor_source","detail":"forced","dir":"in","value":"0"},{"time":"19:50:02","type":"election_bucket_activation","detail":"16","dir":"in","value":"2015"},{"time":"19:50:02","type":"request_aggregator","detail":"all","dir":"in","value":"0"},{"time":"19:50:02","type":"block_processor_source","detail":"unchecked","dir":"in","value":"12"},{"time":"19:50:02","type":"active_elections_cancelled","detail":"optimistic","dir":"in","value":"0"},{"time":"19:50:02","type":"tcp_listener_rejected","detail":"duplicate","dir":"in","value":"0"},{"time":"19:50:02","type":"traffic_tcp_type","detail":"telemetry","dir":"out","value":"1890"},{"time":"19:50:02","type":"bootstrap_queue","detail":"blocked","dir":"in","value":"0"},{"time":"19:50:02","type":"unchecked","detail":"duplicate","dir":"in","value":"0"},{"time":"19:50:02","type":"ledger_ev_dur","detail":"dur_activate_backlog","dir":"in","value":"0"},{"time":"19:50:02","type":"election_bucket_activation","detail":"39","dir":"in","value":"585"},{"time":"19:50:02","type":"ledger_ev_proc","detail":"ev_blocks_confirmed","dir":"in","value":"3012"},{"time":"19:50:02","type":"tcp_listener_rejected","detail":"not_a_peer","dir":"out","value":"25"},{"time":"19:50:02","type":"boot_requester","detail":"rate_limit","dir":"in","value":"0"},{"time":"19:50:02","type":"tcp_listener","detail":"connect_success","dir":"out","value":"3"},{"time":"19:50:02","type":"block_processor_overfill","detail":"unchecked","dir":"in","value":"0"},{"time":"19:50:02","type":"traffic_tcp_type","detail":"vote_reply","dir":"out","value":"0"},{"time":"19:50:02","type":"ledger_ev_proc","detail":"recovered","dir":"in","value":"0"},{"time":"19:50:02","type":"handshake","detail":"invalid_node_id","dir":"in","value":"0"},{"time":"19:50:02","type":"election_bucket_activation","detail":"54","dir":"in","value":"692"},{"time":"19:50:02","type":"vote_cache","detail":"top","dir":"in","value":"62"},{"time":"19:50:02","type":"block_processor_result","detail":"balance_mismatch","dir":"in","value":"0"},{"time":"19:50:02","type":"bootstrap_server_request","detail":"all","dir":"in","value":"0"},{"time":"19:50:02","type":"ledger_ev_dur","detail":"dur_dependent_elections","dir":"in","value":"12"},{"time":"19:50:02","type":"active_elections_stopped","detail":"settled","dir":"in","value":"1"},{"time":"19:50:02","type":"active_elections","detail":"all","dir":"in","value":"0"},{"time":"19:50:02","type":"election_scheduler","detail":"all","dir":"in","value":"0"},{"time":"19:50:02","type":"bootstrap_frontiers","detail":"processed","dir":"in","value":"130388"},{"time":"19:50:02","type":"bootstrap_server_overfill","detail":"all","dir":"in","value":"0"},{"time":"19:50:02","type":"tcp_server","detail":"telemetry_ack","dir":"in","value":"5"},{"time":"19:50:02","type":"election_vote","detail":"direct","dir":"in","value":"235230"},{"time":"19:50:02","type":"tcp_listener","detail":"accept_failure","dir":"in","value":"0"},{"time":"19:50:02","type":"message","detail":"all","dir":"in","value":"0"},{"time":"19:50:02","type":"vote_rebroadcaster","detail":"cooldown","dir":"in","value":"0"},{"time":"19:50:02","type":"message","detail":"keepalive","dir":"out","value":"78"},{"time":"19:50:02","type":"ledger_ev_proc","detail":"ev_blocks_rolled_back","dir":"in","value":"0"},{"time":"19:50:02","type":"tcp_server","detail":"all","dir":"in","value":"0"},{"time":"19:50:02","type":"election_bucket_activation","detail":"6","dir":"in","value":"304"},{"time":"19:50:02","type":"telemetry","detail":"all","dir":"in","value":"0"},{"time":"19:50:02","type":"local_block_broadcaster","detail":"cemented","dir":"in","value":"1"},{"time":"19:50:02","type":"vote_processor","detail":"loop","dir":"in","value":"5123"},{"time":"19:50:02","type":"bootstrap_queue","detail":"upgraded","dir":"in","value":"2"},{"time":"19:50:02","type":"vote_processor","detail":"all","dir":"in","value":"0"},{"time":"19:50:02","type":"local_block_broadcaster","detail":"all","dir":"in","value":"0"},{"time":"19:50:02","type":"active_elections","detail":"activate_immediately","dir":"in","value":"43096"},{"time":"19:50:02","type":"election_bucket_activation","detail":"35","dir":"in","value":"959"},{"time":"19:50:02","type":"vote_cache","detail":"processor_overfill","dir":"in","value":"0"},{"time":"19:50:02","type":"active_elections","detail":"block_conflict","dir":"in","value":"0"},{"time":"19:50:02","type":"peer_history","detail":"loop","dir":"in","value":"5"},{"time":"19:50:02","type":"message_processor","detail":"process","dir":"in","value":"50591"},{"time":"19:50:02","type":"election_bucket_activation","detail":"42","dir":"in","value":"466"},{"time":"19:50:02","type":"block_processor_result","detail":"gap_epoch_open_pending","dir":"in","value":"0"},{"time":"19:50:02","type":"rep_tiers","detail":"all","dir":"in","value":"0"},{"time":"19:50:02","type":"event_proc_duration","detail":"ledger_ev_queue","dir":"in","value":"1822367"},{"time":"19:50:02","type":"election_bucket_activation","detail":"51","dir":"in","value":"1168"},{"time":"19:50:02","type":"message","detail":"asc_pull_ack","dir":"in","value":"635"},{"time":"19:50:02","type":"election_bucket_activation","detail":"38","dir":"in","value":"569"},{"time":"19:50:02","type":"traffic_tcp_type","detail":"vote","dir":"out","value":"26596288"},{"time":"19:50:02","type":"tcp_listener_rejected","detail":"max_attempts","dir":"in","value":"0"},{"time":"19:50:02","type":"vote_generator_final","detail":"generator_broadcasts","dir":"in","value":"258"},{"time":"19:50:02","type":"ledger_ev_proc","detail":"processed","dir":"in","value":"39247"},{"time":"19:50:02","type":"ledger_ev_proc","detail":"ev_conf_set_recovered","dir":"in","value":"0"},{"time":"19:50:02","type":"active_elections","detail":"recovered","dir":"in","value":"0"},{"time":"19:50:02","type":"request_aggregator","detail":"request_hashes","dir":"in","value":"59753"},{"time":"19:50:02","type":"election_bucket_activation","detail":"19","dir":"in","value":"675"},{"time":"19:50:02","type":"election","detail":"generate_vote_final","dir":"in","value":"45052"},{"time":"19:50:02","type":"election_bucket_activation","detail":"40","dir":"in","value":"533"},{"time":"19:50:02","type":"aggregator","detail":"all","dir":"in","value":"0"},{"time":"19:50:02","type":"election_bucket_activation","detail":"36","dir":"in","value":"805"},{"time":"19:50:02","type":"vote_generator_final","detail":"queue","dir":"in","value":"45052"},{"time":"19:50:02","type":"filter","detail":"duplicate_publish_message","dir":"in","value":"3970"},{"time":"19:50:02","type":"election_bucket_activation","detail":"11","dir":"in","value":"408"},{"time":"19:50:02","type":"block_processor_source","detail":"local","dir":"in","value":"1"},{"time":"19:50:02","type":"ledger_ev_proc","detail":"ev_blocks_confirmed_total","dir":"in","value":"45052"},{"time":"19:50:02","type":"vote_processor_tier","detail":"none","dir":"in","value":"2"},{"time":"19:50:02","type":"ledger_ev_proc","detail":"ev_conf_set_near_full","dir":"in","value":"0"},{"time":"19:50:02","type":"message","detail":"telemetry_ack","dir":"in","value":"5"},{"time":"19:50:02","type":"election_bucket","detail":"activate_failed_duplicate","dir":"in","value":"7678"},{"time":"19:50:02","type":"prio_sched_queue","detail":"enqueued","dir":"in","value":"112662"},{"time":"19:50:02","type":"bootstrap_server","detail":"request","dir":"in","value":"380"},{"time":"19:50:02","type":"requests","detail":"requests_final","dir":"in","value":"5927"},{"time":"19:50:02","type":"boot_requester","detail":"wait_next_download","dir":"in","value":"1556"},{"time":"19:50:02","type":"election_bucket_activation","detail":"32","dir":"in","value":"2582"},{"time":"19:50:02","type":"bootstrap_queue","detail":"unblocked","dir":"in","value":"0"},{"time":"19:50:02","type":"block_processor_result","detail":"old","dir":"in","value":"254"},{"time":"19:50:02","type":"election","detail":"confirmation_request","dir":"in","value":"12644"},{"time":"19:50:02","type":"election_bucket","detail":"replaced","dir":"in","value":"66"},{"time":"19:50:02","type":"election_bucket_activation","detail":"1","dir":"in","value":"126"},{"time":"19:50:02","type":"active_elections","detail":"started","dir":"in","value":"45118"},{"time":"19:50:02","type":"message","detail":"asc_pull_req","dir":"out","value":"653"},{"time":"19:50:02","type":"bootstrap_verify_blocks","detail":"invalid","dir":"in","value":"0"},{"time":"19:50:02","type":"tcp_listener","detail":"connect_error","dir":"out","value":"9"},{"time":"19:50:02","type":"message_processor_overfill","detail":"confirm_ack","dir":"in","value":"0"},{"time":"19:50:02","type":"tcp_listener","detail":"connect_rejected","dir":"out","value":"174"},{"time":"19:50:02","type":"requests","detail":"requests_generated_hashes","dir":"in","value":"5927"},{"time":"19:50:02","type":"bootstrap_queue","detail":"download_finished","dir":"in","value":"244"},{"time":"19:50:02","type":"network","detail":"loop_keepalive","dir":"in","value":"4"},{"time":"19:50:02","type":"tcp_listener_rejected","detail":"not_a_peer","dir":"in","value":"0"},{"time":"19:50:02","type":"block_processor_result","detail":"progress","dir":"in","value":"45052"},{"time":"19:50:02","type":"bootstrap_process","detail":"blocks","dir":"in","value":"244"},{"time":"19:50:02","type":"bootstr_acc_ack_proc","detail":"account_info_empty","dir":"in","value":"0"},{"time":"19:50:02","type":"ev_proc_duration","detail":"backlog_scan_queue","dir":"in","value":"93950"},{"time":"19:50:02","type":"optimistic_scheduler","detail":"insert","dir":"in","value":"6"},{"time":"19:50:02","type":"message_processor_type","detail":"keepalive","dir":"in","value":"72"},{"time":"19:50:02","type":"bootstrap","detail":"blocks","dir":"in","value":"92"},{"time":"19:50:02","type":"bootstrap_queue","detail":"download_finished_failed","dir":"in","value":"0"},{"time":"19:50:02","type":"election_bucket_activation","detail":"49","dir":"in","value":"2558"},{"time":"19:50:02","type":"peer_history","detail":"updated","dir":"in","value":"15"},{"time":"19:50:02","type":"bootstrap_request","detail":"blocks_by_account","dir":"in","value":"67"},{"time":"19:50:02","type":"election_bucket_activation","detail":"30","dir":"in","value":"213"},{"time":"19:50:02","type":"block_processor_overfill","detail":"live_originator","dir":"in","value":"0"},{"time":"19:50:02","type":"election_bucket_activation","detail":"9","dir":"in","value":"775"},{"time":"19:50:02","type":"block_processor_source","detail":"live","dir":"in","value":"217"},{"time":"19:50:02","type":"election_bucket_activation","detail":"24","dir":"in","value":"412"},{"time":"19:50:02","type":"rep_crawler","detail":"crawl_aggressive","dir":"in","value":"6"},{"time":"19:50:02","type":"local_block_broadcaster","detail":"loop","dir":"in","value":"1"},{"time":"19:50:02","type":"block_processor_source","detail":"live_originator","dir":"in","value":"45021"},{"time":"19:50:02","type":"confirmation_observer","detail":"inactive","dir":"in","value":"0"},{"time":"19:50:02","type":"election_bucket","detail":"activate_failed_confirmed","dir":"in","value":"333"},{"time":"19:50:02","type":"backlog_scan_queue","detail":"overfill","dir":"in","value":"0"},{"time":"19:50:02","type":"message","detail":"keepalive","dir":"in","value":"72"},{"time":"19:50:02","type":"election_bucket_activation","detail":"44","dir":"in","value":"319"},{"time":"19:50:02","type":"tcp_listener_rejected","detail":"max_per_subnetwork","dir":"out","value":"0"},{"time":"19:50:02","type":"election_bucket_activation","detail":"17","dir":"in","value":"1065"},{"time":"19:50:02","type":"election_bucket_activation","detail":"56","dir":"in","value":"5631"},{"time":"19:50:02","type":"election_bucket_activation","detail":"60","dir":"in","value":"2294"},{"time":"19:50:02","type":"bootstrap_frontiers","detail":"invalid","dir":"in","value":"0"},{"time":"19:50:02","type":"bootstrap_server_request","detail":"frontiers","dir":"in","value":"188"},{"time":"19:50:02","type":"active_elections_dropped","detail":"optimistic","dir":"in","value":"0"},{"time":"19:50:02","type":"election_bucket_activation","detail":"41","dir":"in","value":"413"},{"time":"19:50:02","type":"backlog_scan","detail":"activated","dir":"in","value":"7832"},{"time":"19:50:02","type":"bootstrap_server_response","detail":"blocks","dir":"in","value":"192"},{"time":"19:50:02","type":"tcp_listener_rejected","detail":"excluded","dir":"in","value":"0"},{"time":"19:50:02","type":"active_elections","detail":"unconfirmed","dir":"in","value":"66"},{"time":"19:50:02","type":"election_bucket_activation","detail":"15","dir":"in","value":"249"},{"time":"19:50:02","type":"message_processor_overfill","detail":"asc_pull_ack","dir":"in","value":"0"},{"time":"19:50:02","type":"vote_generator_final","detail":"all","dir":"in","value":"0"},{"time":"19:50:02","type":"bootstrap_frontiers","detail":"frontiers","dir":"in","value":"130388"},{"time":"19:50:02","type":"bootstrap_server","detail":"loop","dir":"in","value":"238"},{"time":"19:50:02","type":"tcp_server","detail":"handshake","dir":"in","value":"15"},{"time":"19:50:02","type":"bootstrap_verify_blocks","detail":"ok","dir":"in","value":"62"},{"time":"19:50:02","type":"vote_rebroadcaster_tier","detail":"tier2","dir":"in","value":"0"},{"time":"19:50:02","type":"bootstrap_queue","detail":"block_failed","dir":"in","value":"3"},{"time":"19:50:02","type":"election_bucket_activation","detail":"33","dir":"in","value":"1729"},{"time":"19:50:02","type":"election_bucket_activation","detail":"34","dir":"in","value":"1306"},{"time":"19:50:02","type":"block_processor_result","detail":"fork","dir":"in","value":"0"},{"time":"19:50:02","type":"election_bucket_activation","detail":"5","dir":"in","value":"380"},{"time":"19:50:02","type":"message_processor_type","detail":"invalid","dir":"in","value":"0"},{"time":"19:50:02","type":"election","detail":"vote","dir":"in","value":"238502"},{"time":"19:50:02","type":"telemetry","detail":"insert","dir":"in","value":"5"},{"time":"19:50:02","type":"confirmation_time","detail":"p90","dir":"in","value":"112"},{"time":"19:50:02","type":"election_bucket_activation","detail":"47","dir":"in","value":"296"},{"time":"19:50:02","type":"local_block_broadcaster","detail":"all","dir":"out","value":"0"},{"time":"19:50:02","type":"vote_generator_final","detail":"sent_non_pr","dir":"in","value":"1020"},{"time":"19:50:02","type":"bootstrap_queue","detail":"remove_failed","dir":"in","value":"0"},{"time":"19:50:02","type":"aggregator","detail":"aggregator_accepted","dir":"in","value":"514"},{"time":"19:50:02","type":"ledger_ev_proc","detail":"ev_blocks_processed","dir":"in","value":"36235"},{"time":"19:50:02","type":"active_elections_timeout","detail":"manual","dir":"in","value":"0"},{"time":"19:50:02","type":"bootstrap_frontiers","detail":"outdated","dir":"in","value":"96"},{"time":"19:50:02","type":"election_bucket_activation","detail":"22","dir":"in","value":"459"},{"time":"19:50:02","type":"bootstrap_queue","detail":"dependency_update","dir":"in","value":"0"},{"time":"19:50:02","type":"ledger_ev_proc","detail":"cool_down","dir":"in","value":"0"},{"time":"19:50:02","type":"confirmation_time","detail":"p50","dir":"in","value":"77"},{"time":"19:50:02","type":"telemetry","detail":"process","dir":"in","value":"5"},{"time":"19:50:02","type":"rep_crawler","detail":"loop","dir":"in","value":"31"},{"time":"19:50:02","type":"election_scheduler","detail":"activate_skip","dir":"in","value":"67052"},{"time":"19:50:02","type":"active_elections","detail":"loop","dir":"in","value":"208"},{"time":"19:50:02","type":"active_elections_stopped","detail":"passive","dir":"in","value":"10"},{"time":"19:50:02","type":"confirming_set","detail":"all","dir":"in","value":"0"},{"time":"19:50:02","type":"hinting","detail":"activate_immediate","dir":"in","value":"8"},{"time":"19:50:02","type":"rep_crawler","detail":"crawl_normal","dir":"in","value":"6"},{"time":"19:50:02","type":"active_elections_dropped","detail":"manual","dir":"in","value":"0"},{"time":"19:50:02","type":"message_processor_overfill","detail":"bulk_push","dir":"in","value":"0"},{"time":"19:50:02","type":"active_elections_confirmed","detail":"optimistic","dir":"in","value":"0"},{"time":"19:50:02","type":"traffic_tcp_type","detail":"block_broadcast","dir":"out","value":"1366400"},{"time":"19:50:02","type":"tcp_server","detail":"confirm_ack","dir":"in","value":"3197"},{"time":"19:50:02","type":"tcp_server","detail":"confirm_req","dir":"in","value":"446"},{"time":"19:50:02","type":"telemetry","detail":"loop","dir":"in","value":"3"},{"time":"19:50:02","type":"bootstrap_queue","detail":"processing_started_reverted","dir":"in","value":"0"},{"time":"19:50:02","type":"vote_rebroadcaster_tier","detail":"none","dir":"in","value":"0"},{"time":"19:50:02","type":"bootstrap_request","detail":"blocks_by_hash","dir":"in","value":"188"},{"time":"19:50:02","type":"election_bucket_activation","detail":"23","dir":"in","value":"437"},{"time":"19:50:02","type":"message_processor_overfill","detail":"telemetry_req","dir":"in","value":"0"},{"time":"19:50:02","type":"election_bucket_activation","detail":"57","dir":"in","value":"1453"},{"time":"19:50:02","type":"unchecked","detail":"put","dir":"in","value":"12"},{"time":"19:50:02","type":"traffic_tcp_type","detail":"rep_crawler","dir":"out","value":"3240"},{"time":"19:50:02","type":"active_elections_stopped","detail":"active","dir":"in","value":"55"},{"time":"19:50:02","type":"tcp_server","detail":"keepalive","dir":"in","value":"72"},{"time":"19:50:02","type":"tcp_listener_rejected","detail":"max_attempts","dir":"out","value":"0"},{"time":"19:50:02","type":"active_elections_started","detail":"priority","dir":"in","value":"45111"},{"time":"19:50:02","type":"block_processor_result","detail":"conflict","dir":"in","value":"4"},{"time":"19:50:02","type":"fork_cache","detail":"insert","dir":"in","value":"0"},{"time":"19:50:02","type":"message_processor_overfill","detail":"asc_pull_req","dir":"in","value":"0"},{"time":"19:50:02","type":"vote_generator","detail":"all","dir":"in","value":"0"},{"time":"19:50:02","type":"active_elections_confirmed","detail":"hinted","dir":"in","value":"1"},{"time":"19:50:02","type":"bootstrap_server","detail":"response","dir":"out","value":"380"},{"time":"19:50:02","type":"block_processor_result","detail":"negative_spend","dir":"in","value":"0"},{"time":"19:50:02","type":"message_processor_type","detail":"node_id_handshake","dir":"in","value":"0"},{"time":"19:50:02","type":"network","detail":"reachout_live","dir":"in","value":"120"},{"time":"19:50:02","type":"message_processor_type","detail":"bulk_push","dir":"in","value":"0"},{"time":"19:50:02","type":"confirming_set","detail":"cemented","dir":"in","value":"45052"},{"time":"19:50:02","type":"tcp_server","detail":"asc_pull_req","dir":"in","value":"388"},{"time":"19:50:02","type":"ev_proc_duration","detail":"prio_sched_queue","dir":"in","value":"3230520"},{"time":"19:50:02","type":"block_processor_result","detail":"insufficient_work","dir":"in","value":"0"},{"time":"19:50:02","type":"vote_cache","detail":"triggered","dir":"in","value":"45118"},{"time":"19:50:02","type":"block_processor","detail":"throttled","dir":"in","value":"0"},{"time":"19:50:02","type":"optimistic_scheduler","detail":"insert_failed","dir":"in","value":"25"},{"time":"19:50:02","type":"bootstrap_frontiers","detail":"pending","dir":"in","value":"71"},{"time":"19:50:02","type":"network","detail":"loop_reachout_cached","dir":"in","value":"25"},{"time":"19:50:02","type":"vote_rebroadcaster","detail":"process","dir":"in","value":"4959"},{"time":"19:50:02","type":"bootstrap_queue","detail":"reprocess","dir":"in","value":"0"},{"time":"19:50:02","type":"message_processor_overfill","detail":"frontier_req","dir":"in","value":"0"},{"time":"19:50:02","type":"election_bucket_activation","detail":"7","dir":"in","value":"241"},{"time":"19:50:02","type":"vote_generator_final","detail":"batch","dir":"in","value":"1052"},{"time":"19:50:02","type":"rep_tiers","detail":"updated","dir":"in","value":"7"},{"time":"19:50:02","type":"handshake","detail":"missing_cookie","dir":"in","value":"0"},{"time":"19:50:02","type":"tcp","detail":"tcp_read_error","dir":"in","value":"9"},{"time":"19:50:02","type":"handshake","detail":"cookie_creation_failed","dir":"in","value":"0"},{"time":"19:50:02","type":"online_reps","detail":"rep_trim","dir":"in","value":"7"},{"time":"19:50:02","type":"active_elections_started","detail":"optimistic","dir":"in","value":"6"},{"time":"19:50:02","type":"election_bucket_activation","detail":"61","dir":"in","value":"266"},{"time":"19:50:02","type":"active_elections_dropped","detail":"hinted","dir":"in","value":"0"},{"time":"19:50:02","type":"message_processor_type","detail":"bulk_pull","dir":"in","value":"0"},{"time":"19:50:02","type":"block_processor_overfill","detail":"forced","dir":"in","value":"0"},{"time":"19:50:02","type":"confirming_set","detail":"loop","dir":"in","value":"4714"},{"time":"19:50:02","type":"bootstrap_queue","detail":"decayed_blocked","dir":"in","value":"0"},{"time":"19:50:02","type":"ledger_ev_dur","detail":"dur_blocks_confirmed","dir":"in","value":"12"},{"time":"19:50:02","type":"block_processor_result","detail":"gap_source","dir":"in","value":"3"},{"time":"19:50:02","type":"traffic_tcp_type","detail":"block_broadcast_initial","dir":"out","value":"672"},{"time":"19:50:02","type":"active_elections","detail":"cooldown","dir":"in","value":"0"},{"time":"19:50:02","type":"message_processor_overfill","detail":"bulk_pull","dir":"in","value":"0"},{"time":"19:50:02","type":"active_elections_started","detail":"manual","dir":"in","value":"0"},{"time":"19:50:02","type":"traffic_tcp","detail":"all","dir":"out","value":"78234692"},{"time":"19:50:02","type":"rep_crawler","detail":"keepalive","dir":"in","value":"15"},{"time":"19:50:02","type":"bootstrap_process","detail":"account_info","dir":"in","value":"0"},{"time":"19:50:02","type":"message_processor_type","detail":"not_a_type","dir":"in","value":"0"},{"time":"19:50:02","type":"block_processor_result","detail":"opened_burn_account","dir":"in","value":"0"},{"time":"19:50:02","type":"tcp_listener_rejected","detail":"max_per_ip","dir":"out","value":"0"},{"time":"19:50:02","type":"request_aggregator_replies","detail":"all","dir":"in","value":"0"},{"time":"19:50:02","type":"block_processor_result","detail":"block_position","dir":"in","value":"0"},{"time":"19:50:02","type":"active_elections_stopped","detail":"expired_confirmed","dir":"in","value":"0"},{"time":"19:50:02","type":"message","detail":"asc_pull_ack","dir":"out","value":"380"},{"time":"19:50:02","type":"message","detail":"asc_pull_req","dir":"in","value":"388"},{"time":"19:50:02","type":"hinting","detail":"missing_block","dir":"in","value":"108"},{"time":"19:50:02","type":"peer_history","detail":"all","dir":"in","value":"0"},{"time":"19:50:02","type":"election_bucket_activation","detail":"3","dir":"in","value":"164"},{"time":"19:50:02","type":"rep_tiers","detail":"ignored","dir":"in","value":"17225"},{"time":"19:50:02","type":"block_processor_result","detail":"gap_previous","dir":"in","value":"9"},{"time":"19:50:02","type":"election","detail":"broadcast_block_repeat","dir":"in","value":"0"},{"time":"19:50:02","type":"network","detail":"all","dir":"in","value":"0"},{"time":"19:50:02","type":"ledger_ev_dur","detail":"dur_confirmation_failed","dir":"in","value":"0"},{"time":"19:50:02","type":"requests","detail":"requests_unknown","dir":"in","value":"524"},{"time":"19:50:02","type":"bootstrap","detail":"request","dir":"in","value":"653"},{"time":"19:50:02","type":"bootstrap_server","detail":"all","dir":"in","value":"0"},{"time":"19:50:02","type":"election_bucket_activation","detail":"0","dir":"in","value":"1"},{"time":"19:50:02","type":"confirmation_time","detail":"p99","dir":"in","value":"123"},{"time":"19:50:02","type":"bootstrap_timeout","detail":"blocks_by_hash","dir":"in","value":"5"},{"time":"19:50:02","type":"vote_generator","detail":"sent_pr","dir":"in","value":"1425"},{"time":"19:50:02","type":"vote_rebroadcaster","detail":"rebroadcast","dir":"in","value":"2752"},{"time":"19:50:02","type":"bootstrap_reply","detail":"all","dir":"in","value":"0"},{"time":"19:50:02","type":"election_bucket_activation","detail":"18","dir":"in","value":"809"},{"time":"19:50:02","type":"active_elections_started","detail":"hinted","dir":"in","value":"1"},{"time":"19:50:02","type":"bootstrap_reply","detail":"blocks_by_hash","dir":"in","value":"177"},{"time":"19:50:02","type":"bootstrap_queue","detail":"reprocess_failed","dir":"in","value":"4"},{"time":"19:50:02","type":"election","detail":"broadcast_block_initial","dir":"in","value":"2194"},{"time":"19:50:02","type":"election_bucket_activation","detail":"55","dir":"in","value":"504"},{"time":"19:50:02","type":"traffic_tcp_type","detail":"keepalive","dir":"out","value":"11856"},{"time":"19:50:02","type":"ledger_ev_dur","detail":"dur_conf_set_near_full","dir":"in","value":"0"},{"time":"19:50:02","type":"tcp_server","detail":"handshake_error","dir":"in","value":"0"},{"time":"19:50:02","type":"bootstrap_timeout","detail":"all","dir":"in","value":"0"},{"time":"19:50:02","type":"bootstrap","detail":"all","dir":"in","value":"0"},{"time":"19:50:02","type":"hinting","detail":"already_confirmed","dir":"in","value":"43841"},{"time":"19:50:02","type":"vote_rebroadcaster","detail":"representatives_full","dir":"in","value":"0"},{"time":"19:50:02","type":"election_bucket_activation","detail":"46","dir":"in","value":"270"},{"time":"19:50:02","type":"bootstrap_reply","detail":"blocks_by_account","dir":"in","value":"67"},{"time":"19:50:02","type":"rep_crawler","detail":"query_sent","dir":"in","value":"57"},{"time":"19:50:02","type":"vote_generator","detail":"batch","dir":"in","value":"1306"},{"time":"19:50:02","type":"election_bucket_activation","detail":"29","dir":"in","value":"292"},{"time":"19:50:02","type":"requests","detail":"requests_generated_votes","dir":"in","value":"203"},{"time":"19:50:02","type":"tcp_server","detail":"publish","dir":"in","value":"45055"},{"time":"19:50:02","type":"requests","detail":"requests_non_final","dir":"in","value":"53302"},{"time":"19:50:02","type":"election_scheduler","detail":"activate_failed","dir":"in","value":"314"},{"time":"19:50:02","type":"active_elections_cancelled","detail":"priority","dir":"in","value":"0"},{"time":"19:50:02","type":"election_bucket_activation","detail":"52","dir":"in","value":"899"},{"time":"19:50:02","type":"block_processor_result","detail":"unreceivable","dir":"in","value":"0"},{"time":"19:50:02","type":"bootstrap_server","detail":"blocks","dir":"out","value":"183"},{"time":"19:50:02","type":"block_processor","detail":"enqueued","dir":"in","value":"45322"},{"time":"19:50:02","type":"ledger_ev_dur","detail":"dur_blocks_processed","dir":"in","value":"373"},{"time":"19:50:02","type":"active_elections_confirmed","detail":"priority","dir":"in","value":"45051"},{"time":"19:50:02","type":"block_processor_result","detail":"bad_signature","dir":"in","value":"0"},{"time":"19:50:02","type":"active_elections_stopped","detail":"confirmed","dir":"in","value":"45052"},{"time":"19:50:02","type":"message_processor_type","detail":"telemetry_ack","dir":"in","value":"5"},{"time":"19:50:02","type":"message_processor_type","detail":"asc_pull_ack","dir":"in","value":"635"},{"time":"19:50:02","type":"message_processor_type","detail":"bulk_pull_account","dir":"in","value":"0"},{"time":"19:50:02","type":"hinting","detail":"insert","dir":"in","value":"1"},{"time":"19:50:02","type":"tcp_channels","detail":"all","dir":"in","value":"0"},{"time":"19:50:02","type":"local_block_broadcaster","detail":"broadcast","dir":"out","value":"1"},{"time":"19:50:02","type":"active_elections","detail":"confirmed","dir":"in","value":"45052"},{"time":"19:50:02","type":"traffic_tcp_type","detail":"vote_rebroadcast","dir":"out","value":"46564448"},{"time":"19:50:02","type":"active_elections","detail":"terminated","dir":"in","value":"45053"},{"time":"19:50:02","type":"message","detail":"confirm_ack","dir":"out","value":"13071"},{"time":"19:50:02","type":"bootstrap_timeout","detail":"frontiers","dir":"in","value":"7"},{"time":"19:50:02","type":"active_elections_confirmed","detail":"manual","dir":"in","value":"0"},{"time":"19:50:02","type":"bootstrap_queue","detail":"trim_blocked","dir":"in","value":"0"},{"time":"19:50:02","type":"election_bucket","detail":"cancel_lowest","dir":"in","value":"0"},{"time":"19:50:02","type":"boot_requester","detail":"sleep","dir":"in","value":"1184"},{"time":"19:50:02","type":"handshake","detail":"invalid_genesis","dir":"in","value":"0"},{"time":"19:50:02","type":"traffic_tcp_type","detail":"bootstrap_server","dir":"out","value":"274923"},{"time":"19:50:02","type":"confirmation_observer","detail":"active_quorum","dir":"in","value":"45052"},{"time":"19:50:02","type":"ledger_ev_dur","detail":"dur_blocks_rolled_back","dir":"in","value":"0"},{"time":"19:50:02","type":"message_processor_overfill","detail":"publish","dir":"in","value":"0"},{"time":"19:50:02","type":"filter","detail":"all","dir":"in","value":"0"},{"time":"19:50:02","type":"election_bucket_activation","detail":"12","dir":"in","value":"390"},{"time":"19:50:02","type":"tcp_server","detail":"node_id_handshake","dir":"in","value":"15"},{"time":"19:50:02","type":"hinting","detail":"activate","dir":"in","value":"46553"},{"time":"19:50:02","type":"bootstrap_reply","detail":"frontiers","dir":"in","value":"391"},{"time":"19:50:02","type":"election_scheduler","detail":"activated","dir":"in","value":"53128"},{"time":"19:50:02","type":"tcp_listener_rejected","detail":"max_per_ip","dir":"in","value":"0"},{"time":"19:50:02","type":"handshake","detail":"multiple_queries","dir":"in","value":"0"},{"time":"19:50:02","type":"bootstrap_server_response","detail":"all","dir":"in","value":"0"},{"time":"19:50:02","type":"vote_rebroadcaster","detail":"rebroadcast_hashes","dir":"in","value":"475902"},{"time":"19:50:02","type":"election_bucket_activation","detail":"26","dir":"in","value":"295"},{"time":"19:50:02","type":"optimistic_scheduler","detail":"activated","dir":"in","value":"2924"},{"time":"19:50:02","type":"bootstrap_frontiers","detail":"all","dir":"in","value":"0"},{"time":"19:50:02","type":"active_elections_timeout","detail":"priority","dir":"in","value":"0"},{"time":"19:50:02","type":"message_processor_type","detail":"asc_pull_req","dir":"in","value":"388"},{"time":"19:50:02","type":"election_bucket_activation","detail":"20","dir":"in","value":"616"},{"time":"19:50:02","type":"election_bucket_activation","detail":"31","dir":"in","value":"251"},{"time":"19:50:02","type":"confirming_set","detail":"cementing","dir":"in","value":"45052"},{"time":"19:50:02","type":"bootstrap_queue","detail":"dependency_request_removed","dir":"in","value":"0"},{"time":"19:50:02","type":"election","detail":"all","dir":"in","value":"0"},{"time":"19:50:02","type":"block_processor_source","detail":"bootstrap","dir":"in","value":"71"},{"time":"19:50:02","type":"bootstrap_queue","detail":"inserted","dir":"in","value":"125"},{"time":"19:50:02","type":"vote_rebroadcaster","detail":"already_rebroadcasted","dir":"in","value":"2012"},{"time":"19:50:02","type":"active_elections_stopped","detail":"cancelled","dir":"in","value":"0"},{"time":"19:50:02","type":"active_elections","detail":"stopped","dir":"in","value":"45118"},{"time":"19:50:02","type":"message_processor_type","detail":"confirm_req","dir":"in","value":"545"},{"time":"19:50:02","type":"traffic_tcp_type","detail":"confirmation_requests","dir":"out","value":"3379848"},{"time":"19:50:02","type":"election_bucket_activation","detail":"28","dir":"in","value":"268"},{"time":"19:50:02","type":"tcp_channels","detail":"channel_accepted","dir":"in","value":"9"},{"time":"19:50:02","type":"traffic_tcp_type","detail":"bootstrap_requests","dir":"out","value":"33303"},{"time":"19:50:02","type":"bootstrap_frontiers","detail":"prioritized","dir":"in","value":"96"},{"time":"19:50:02","type":"message_processor_overfill","detail":"bulk_pull_account","dir":"in","value":"0"},{"time":"19:50:02","type":"tcp_listener_rejected","detail":"max_per_subnetwork","dir":"in","value":"0"},{"time":"19:50:02","type":"vote_rebroadcaster","detail":"overfill","dir":"in","value":"2027"},{"time":"19:50:02","type":"backlog_scan","detail":"scanned","dir":"in","value":"214596"},{"time":"19:50:02","type":"vote_generator","detail":"queue","dir":"in","value":"45042"},{"time":"19:50:02","type":"hinting","detail":"all","dir":"in","value":"0"},{"time":"19:50:02","type":"bootstrap_server_response","detail":"frontiers","dir":"in","value":"188"},{"time":"19:50:02","type":"tcp_listener","detail":"attempt_timeout","dir":"in","value":"0"},{"time":"19:50:02","type":"confirmation_observer","detail":"active_confirmation_height","dir":"in","value":"0"},{"time":"19:50:02","type":"election_bucket_activation","detail":"10","dir":"in","value":"568"},{"time":"19:50:02","type":"active_elections_timeout","detail":"hinted","dir":"in","value":"0"},{"time":"19:50:02","type":"election_bucket_activation","detail":"13","dir":"in","value":"350"},{"time":"19:50:02","type":"active_elections_cancelled","detail":"manual","dir":"in","value":"0"},{"time":"19:50:02","type":"tcp","detail":"tcp_write_error","dir":"out","value":"0"},{"time":"19:50:02","type":"bootstrap_queue","detail":"trim_download_queue","dir":"in","value":"0"},{"time":"19:50:02","type":"vote_rebroadcaster","detail":"all","dir":"in","value":"0"},{"time":"19:50:02","type":"message_processor_type","detail":"publish","dir":"in","value":"45238"},{"time":"19:50:02","type":"election_bucket_activation","detail":"59","dir":"in","value":"436"},{"time":"19:50:02","type":"unchecked","detail":"satisfied","dir":"in","value":"12"},{"time":"19:50:02","type":"bootstrap_queue","detail":"dependency_requested","dir":"in","value":"0"},{"time":"19:50:02","type":"active_elections","detail":"settled","dir":"in","value":"45016"},{"time":"19:50:02","type":"message","detail":"telemetry_ack","dir":"out","value":"9"},{"time":"19:50:02","type":"confirmation_height","detail":"blocks_confirmed","dir":"in","value":"45052"},{"time":"19:50:02","type":"message_processor_overfill","detail":"confirm_req","dir":"in","value":"0"},{"time":"19:50:02","type":"election_bucket_activation","detail":"21","dir":"in","value":"573"},{"time":"19:50:02","type":"message_processor_overfill","detail":"telemetry_ack","dir":"in","value":"0"},{"time":"19:50:02","type":"block_processor_overfill","detail":"local","dir":"in","value":"0"},{"time":"19:50:02","type":"message_processor","detail":"overfill","dir":"in","value":"0"},{"time":"19:50:02","type":"ledger_ev_dur","detail":"dur_conf_set_recovered","dir":"in","value":"0"},{"time":"19:50:02","type":"election_vote","detail":"forwarded","dir":"in","value":"11"},{"time":"19:50:02","type":"message_processor_type","detail":"telemetry_req","dir":"in","value":"0"},{"time":"19:50:02","type":"election","detail":"generate_vote_normal","dir":"in","value":"45042"},{"time":"19:50:02","type":"bootstrap_queue","detail":"processing_finished","dir":"in","value":"71"},{"time":"19:50:02","type":"block_processor_result","detail":"representative_mismatch","dir":"in","value":"0"},{"time":"19:50:02","type":"boot_requester","detail":"no_channel","dir":"in","value":"85"},{"time":"19:50:02","type":"request_aggregator","detail":"request","dir":"in","value":"514"},{"time":"19:50:02","type":"hinting","detail":"loop","dir":"in","value":"63"},{"time":"19:50:02","type":"rep_crawler","detail":"response","dir":"in","value":"11"},{"time":"19:50:02","type":"confirmation_height","detail":"all","dir":"in","value":"0"},{"time":"19:50:02","type":"vote_rebroadcaster_tier","detail":"tier3","dir":"in","value":"2752"},{"time":"19:50:02","type":"active_elections","detail":"timed_out","dir":"in","value":"0"},{"time":"19:50:02","type":"election_bucket_activation","detail":"53","dir":"in","value":"649"},{"time":"19:50:02","type":"ledger_ev_proc","detail":"ev_blocks_processed_total","dir":"in","value":"45322"},{"time":"19:50:02","type":"traffic_tcp_type","detail":"block_broadcast_rpc","dir":"out","value":"0"},{"time":"19:50:02","type":"message_processor_type","detail":"confirm_ack","dir":"in","value":"3708"},{"time":"19:50:02","type":"election_bucket_activation","detail":"8","dir":"in","value":"1138"},{"time":"19:50:02","type":"active_elections","detail":"finalized_final","dir":"in","value":"301"},{"time":"19:50:02","type":"traffic_tcp","detail":"all","dir":"in","value":"63490533"},{"time":"19:50:02","type":"bootstrap_verify_blocks","detail":"nothing_new","dir":"in","value":"182"},{"time":"19:50:02","type":"bootstrap_frontiers","detail":"ok","dir":"in","value":"364"},{"time":"19:50:02","type":"backlog_scan_queue","detail":"enqueued","dir":"in","value":"572"},{"time":"19:50:02","type":"request_aggregator_replies","detail":"final_vote","dir":"in","value":"203"},{"time":"19:50:02","type":"handshake","detail":"ok","dir":"in","value":"9"},{"time":"19:50:02","type":"network","detail":"reachout_cached","dir":"in","value":"48"},{"time":"19:50:02","type":"handshake","detail":"empty_response","dir":"in","value":"0"},{"time":"19:50:02","type":"bootstrap_queue","detail":"download_started","dir":"in","value":"255"},{"time":"19:50:02","type":"rep_crawler","detail":"query_completion","dir":"in","value":"6"},{"time":"19:50:02","type":"rep_tiers","detail":"processed","dir":"in","value":"17663"},{"time":"19:50:02","type":"boot_requester","detail":"wait_dependency_missing","dir":"in","value":"1550"},{"time":"19:50:02","type":"message_processor_overfill","detail":"invalid","dir":"in","value":"0"},{"time":"19:50:02","type":"vote_rebroadcaster_tier","detail":"tier1","dir":"in","value":"0"},{"time":"19:50:02","type":"block_processor","detail":"overfill","dir":"in","value":"0"},{"time":"19:50:02","type":"active_elections_stopped","detail":"expired_unconfirmed","dir":"in","value":"0"},{"time":"19:50:02","type":"tcp_listener_rejected","detail":"duplicate","dir":"out","value":"149"},{"time":"19:50:02","type":"bootstrap_process","detail":"frontiers","dir":"in","value":"391"},{"time":"19:50:02","type":"network","detail":"merge_peer","dir":"in","value":"16"},{"time":"19:50:02","type":"optimistic_scheduler","detail":"loop","dir":"in","value":"63"},{"time":"19:50:02","type":"bootstrap_queue","detail":"download_start_failed","dir":"in","value":"0"},{"time":"19:50:02","type":"election_bucket_activation","detail":"48","dir":"in","value":"5545"},{"time":"19:50:02","type":"rep_crawler","detail":"all","dir":"in","value":"0"},{"time":"19:50:02","type":"bootstrap_request","detail":"frontiers","dir":"in","value":"398"},{"time":"19:50:02","type":"vote_rebroadcaster","detail":"rebroadcast_unnecessary","dir":"in","value":"195"},{"time":"19:50:02","type":"confirming_set","detail":"cemented_hash","dir":"in","value":"45052"},{"time":"19:50:02","type":"local_block_broadcaster","detail":"insert","dir":"in","value":"1"},{"time":"19:50:02","type":"bootstrap_server_overfill","detail":"blocks","dir":"in","value":"8"},{"time":"19:50:02","type":"tcp_listener","detail":"accept_success","dir":"in","value":"11"},{"time":"19:50:02","type":"vote_processor","detail":"process","dir":"in","value":"7701"},{"time":"19:50:02","type":"election_bucket_activation","detail":"45","dir":"in","value":"369"},{"time":"19:50:02","type":"vote_cache","detail":"inserted","dir":"in","value":"238662"},{"time":"19:50:02","type":"prio_sched_queue","detail":"overfill","dir":"in","value":"0"},{"time":"19:50:02","type":"telemetry","detail":"broadcast","dir":"in","value":"9"},{"time":"19:50:02","type":"traffic_tcp_type","detail":"generic","dir":"out","value":"1824"},{"time":"19:50:02","type":"vote_processor_tier","detail":"all","dir":"in","value":"0"},{"time":"19:50:02","type":"hinting","detail":"insert_failed","dir":"in","value":"2611"},{"time":"19:50:02","type":"message_processor_overfill","detail":"keepalive","dir":"in","value":"0"},{"time":"19:50:02","type":"bootstrap_request","detail":"all","dir":"in","value":"0"},{"time":"19:50:02","type":"active_elections","detail":"finalized_fast","dir":"in","value":"44751"},{"time":"19:50:02","type":"confirming_set","detail":"insert","dir":"in","value":"45052"},{"time":"19:50:02","type":"bootstrap","detail":"timeout","dir":"in","value":"12"},{"time":"19:50:02","type":"active_elections_cancelled","detail":"hinted","dir":"in","value":"0"},{"time":"19:50:02","type":"bootstrap_queue","detail":"download_requeued","dir":"in","value":"5"},{"time":"19:50:02","type":"requests","detail":"all","dir":"in","value":"0"},{"time":"19:50:02","type":"bootstrap_server","detail":"all","dir":"out","value":"0"},{"time":"19:50:02","type":"election_scheduler","detail":"loop","dir":"in","value":"43377"},{"time":"19:50:02","type":"handshake","detail":"invalid_signature","dir":"in","value":"0"},{"time":"19:50:02","type":"vote_processor_tier","detail":"tier3","dir":"in","value":"7699"},{"time":"19:50:02","type":"bootstrap_queue","detail":"processing_finished_failed","dir":"in","value":"45235"},{"time":"19:50:02","type":"bootstrap","detail":"reply","dir":"in","value":"635"},{"time":"19:50:02","type":"ledger_ev_proc","detail":"ev_blocks_rolled_back_total","dir":"in","value":"0"},{"time":"19:50:02","type":"election_bucket_activation","detail":"62","dir":"in","value":"728"},{"time":"19:50:02","type":"tcp","detail":"tcp_io_timeout_drop","dir":"in","value":"0"},{"time":"19:50:02","type":"vote_generator_final","detail":"generator_replies","dir":"in","value":"203"},{"time":"19:50:02","type":"election_bucket_activation","detail":"4","dir":"in","value":"693"},{"time":"19:50:02","type":"vote_generator_final","detail":"sent_pr","dir":"in","value":"1433"},{"time":"19:50:02","type":"active_elections_stopped","detail":"terminated","dir":"in","value":"0"},{"time":"19:50:02","type":"bootstrap_server_request","detail":"blocks","dir":"in","value":"192"},{"time":"19:50:02","type":"election_bucket_activation","detail":"14","dir":"in","value":"323"},{"time":"19:50:02","type":"tcp_server","detail":"handshake_initiate","dir":"out","value":"3"},{"time":"19:50:02","type":"message","detail":"publish","dir":"out","value":"6286"},{"time":"19:50:02","type":"message_processor_overfill","detail":"node_id_handshake","dir":"in","value":"0"},{"time":"19:50:02","type":"election_bucket_activation","detail":"58","dir":"in","value":"797"},{"time":"19:50:02","type":"election_bucket_activation","detail":"2","dir":"in","value":"339"},{"time":"19:50:02","type":"election_bucket","detail":"activate_success","dir":"in","value":"45117"},{"time":"19:50:02","type":"peer_history","detail":"inserted","dir":"in","value":"5"},{"time":"19:50:02","type":"confirmation_time","detail":"p95","dir":"in","value":"116"},{"time":"19:50:02","type":"block_processor_overfill","detail":"bootstrap","dir":"in","value":"0"},{"time":"19:50:02","type":"bootstrap_server","detail":"overfill","dir":"in","value":"8"},{"time":"19:50:02","type":"active_elections_stopped","detail":"timed_out","dir":"in","value":"0"},{"time":"19:50:02","type":"message_processor_overfill","detail":"not_a_type","dir":"in","value":"0"},{"time":"19:50:02","type":"election_bucket_activation","detail":"50","dir":"in","value":"1703"},{"time":"19:50:02","type":"election_bucket_activation","detail":"37","dir":"in","value":"780"},{"time":"19:50:02","type":"bootstrap_queue","detail":"not_found","dir":"in","value":"117"},{"time":"19:50:02","type":"message","detail":"all","dir":"out","value":"21054"},{"time":"19:50:02","type":"boot_requester","detail":"queries_overfill","dir":"in","value":"0"},{"time":"19:50:02","type":"bootstrap_frontiers","detail":"nothing_new","dir":"in","value":"27"},{"time":"19:50:02","type":"election_bucket_activation","detail":"43","dir":"in","value":"345"},{"time":"19:50:02","type":"filter","detail":"duplicate_confirm_ack_message","dir":"in","value":"4197"},{"time":"19:50:02","type":"active_elections","detail":"bootstrap_stale","dir":"in","value":"0"},{"time":"19:50:02","type":"block_processor","detail":"process_blocking_timeout","dir":"in","value":"0"},{"time":"19:50:02","type":"tcp_server","detail":"asc_pull_ack","dir":"in","value":"635"},{"time":"19:50:02","type":"election_bucket_activation","detail":"27","dir":"in","value":"279"},{"time":"19:50:02","type":"bootstrap_server","detail":"cooldown","dir":"in","value":"33"},{"time":"19:50:02","type":"block_processor_overfill","detail":"live","dir":"in","value":"0"},{"time":"19:50:02","type":"vote_rebroadcaster","detail":"sent","dir":"in","value":"7974"},{"time":"19:50:02","type":"election_vote","detail":"replayed","dir":"in","value":"3261"},{"time":"19:50:02","type":"election_bucket_activation","detail":"25","dir":"in","value":"371"},{"time":"19:50:02","type":"bootstrap_queue","detail":"removed","dir":"in","value":"0"},{"time":"19:50:02","type":"active_elections_timeout","detail":"optimistic","dir":"in","value":"0"},{"time":"19:50:02","type":"tcp_listener_rejected","detail":"excluded","dir":"out","value":"0"},{"time":"19:50:02","type":"vote_generator","detail":"generator_broadcasts","dir":"in","value":"255"},{"time":"19:50:02","type":"rep_tiers","detail":"loop","dir":"in","value":"7"}],"stat_duration_seconds":"63"}
=== PR3 stats objects ===
{"node":{"work":{"pending":{"count":"0","size":"56"}},"ledger":{"rep_weights":{"rep_weights":{"count":"11556","size":"48"}}},"active":{"roots":{"count":"0","size":"3488"},"slots":{"count":"0","size":"168"},"normal":{"count":"0","size":"0"},"hinted":{"count":"0","size":"0"},"optimistic":{"count":"0","size":"0"},"recently_confirmed":{"confirmed":{"count":"45052","size":"160"}},"vote_router":{"elections":{"count":"0","size":"96"}},"buckets":{"bucket 0":{"count":"0","size":"0"},"bucket 1":{"count":"0","size":"0"},"bucket 2":{"count":"0","size":"0"},"bucket 3":{"count":"0","size":"0"},"bucket 4":{"count":"0","size":"0"},"bucket 5":{"count":"0","size":"0"},"bucket 6":{"count":"0","size":"0"},"bucket 7":{"count":"0","size":"0"},"bucket 8":{"count":"0","size":"0"},"bucket 9":{"count":"0","size":"0"},"bucket 10":{"count":"0","size":"0"},"bucket 11":{"count":"0","size":"0"},"bucket 12":{"count":"0","size":"0"},"bucket 13":{"count":"0","size":"0"},"bucket 14":{"count":"0","size":"0"},"bucket 15":{"count":"0","size":"0"},"bucket 16":{"count":"0","size":"0"},"bucket 17":{"count":"0","size":"0"},"bucket 18":{"count":"0","size":"0"},"bucket 19":{"count":"0","size":"0"},"bucket 20":{"count":"0","size":"0"},"bucket 21":{"count":"0","size":"0"},"bucket 22":{"count":"0","size":"0"},"bucket 23":{"count":"0","size":"0"},"bucket 24":{"count":"0","size":"0"},"bucket 25":{"count":"0","size":"0"},"bucket 26":{"count":"0","size":"0"},"bucket 27":{"count":"0","size":"0"},"bucket 28":{"count":"0","size":"0"},"bucket 29":{"count":"0","size":"0"},"bucket 30":{"count":"0","size":"0"},"bucket 31":{"count":"0","size":"0"},"bucket 32":{"count":"0","size":"0"},"bucket 33":{"count":"0","size":"0"},"bucket 34":{"count":"0","size":"0"},"bucket 35":{"count":"0","size":"0"},"bucket 36":{"count":"0","size":"0"},"bucket 37":{"count":"0","size":"0"},"bucket 38":{"count":"0","size":"0"},"bucket 39":{"count":"0","size":"0"},"bucket 40":{"count":"0","size":"0"},"bucket 41":{"count":"0","size":"0"},"bucket 42":{"count":"0","size":"0"},"bucket 43":{"count":"0","size":"0"},"bucket 44":{"count":"0","size":"0"},"bucket 45":{"count":"0","size":"0"},"bucket 46":{"count":"0","size":"0"},"bucket 47":{"count":"0","size":"0"},"bucket 48":{"count":"0","size":"0"},"bucket 49":{"count":"0","size":"0"},"bucket 50":{"count":"0","size":"0"},"bucket 51":{"count":"0","size":"0"},"bucket 52":{"count":"0","size":"0"},"bucket 53":{"count":"0","size":"0"},"bucket 54":{"count":"0","size":"0"},"bucket 55":{"count":"0","size":"0"},"bucket 56":{"count":"0","size":"0"},"bucket 57":{"count":"0","size":"0"},"bucket 58":{"count":"0","size":"0"},"bucket 59":{"count":"0","size":"0"},"bucket 60":{"count":"0","size":"0"},"bucket 61":{"count":"0","size":"0"},"bucket 62":{"count":"0","size":"0"},"bucket 63":{"count":"0","size":"0"},"bucket 64":{"count":"0","size":"0"},"bucket 65":{"count":"0","size":"0"}}},"network":{"channels":{"count":"9","size":"8"},"attempts":{"count":"0","size":"80"},"excluded_peers":{"peers":{"count":"0","size":"64"}},"bandwidth":{"generic":{"count":"999979723","size":"0"},"bootstrap":{"count":"5239671","size":"0"}}},"syn_cookies":{"syn_cookies":{"count":"0","size":"48"},"syn_cookies_per_ip":{"count":"1","size":"8"}},"telemetry":{"telemetries":{"count":"5","size":"352"}},"wallets":{"items":{"count":"1","size":"256"}},"vote_processor":{"votes":{"count":"0","size":"16"},"queue":{"queues":{"count":"0","size":"64"},"total_size":{"count":"0","size":"64"}}},"rep_crawler":{"queries":{"count":"51","size":"120"},"responses":{"count":"0","size":"16"},"prioritized":{"count":"0","size":"0"}},"block_processor":{"blocks":{"count":"0","size":"8"},"forced":{"count":"0","size":"8"},"queue":{"queues":{"count":"0","size":"64"},"total_size":{"count":"0","size":"64"}}},"online_reps":{"reps":{"count":"6","size":"0"}},"history":{"history":{"count":"90073","size":"72"}},"confirming_set":{"set":{"count":"0","size":"0"},"deferred":{"count":"0","size":"0"}},"request_aggregator":{"queue":{"queues":{"count":"0","size":"56"},"total_size":{"count":"0","size":"56"}}},"election_scheduler":{"hinted":{"cooldowns":{"count":"10353","size":"96"}},"manual":{"queue":{"count":"0","size":"41"}},"optimistic":{"candidates":{"count":"2875","size":"1"}},"priority":{"blocks":{"0":{"count":"0","size":"0"},"1":{"count":"0","size":"0"},"2":{"count":"0","size":"0"},"3":{"count":"0","size":"0"},"4":{"count":"0","size":"0"},"5":{"count":"0","size":"0"},"6":{"count":"0","size":"0"},"7":{"count":"0","size":"0"},"8":{"count":"0","size":"0"},"9":{"count":"0","size":"0"},"10":{"count":"0","size":"0"},"11":{"count":"0","size":"0"},"12":{"count":"0","size":"0"},"13":{"count":"0","size":"0"},"14":{"count":"0","size":"0"},"15":{"count":"0","size":"0"},"16":{"count":"0","size":"0"},"17":{"count":"0","size":"0"},"18":{"count":"0","size":"0"},"19":{"count":"0","size":"0"},"20":{"count":"0","size":"0"},"21":{"count":"0","size":"0"},"22":{"count":"0","size":"0"},"23":{"count":"0","size":"0"},"24":{"count":"0","size":"0"},"25":{"count":"0","size":"0"},"26":{"count":"0","size":"0"},"27":{"count":"0","size":"0"},"28":{"count":"0","size":"0"},"29":{"count":"0","size":"0"},"30":{"count":"0","size":"0"},"31":{"count":"0","size":"0"},"32":{"count":"0","size":"0"},"33":{"count":"0","size":"0"},"34":{"count":"0","size":"0"},"35":{"count":"0","size":"0"},"36":{"count":"0","size":"0"},"37":{"count":"0","size":"0"},"38":{"count":"0","size":"0"},"39":{"count":"0","size":"0"},"40":{"count":"0","size":"0"},"41":{"count":"0","size":"0"},"42":{"count":"0","size":"0"},"43":{"count":"0","size":"0"},"44":{"count":"0","size":"0"},"45":{"count":"0","size":"0"},"46":{"count":"0","size":"0"},"47":{"count":"0","size":"0"},"48":{"count":"0","size":"0"},"49":{"count":"0","size":"0"},"50":{"count":"0","size":"0"},"51":{"count":"0","size":"0"},"52":{"count":"0","size":"0"},"53":{"count":"0","size":"0"},"54":{"count":"0","size":"0"},"55":{"count":"0","size":"0"},"56":{"count":"0","size":"0"},"57":{"count":"0","size":"0"},"58":{"count":"0","size":"0"},"59":{"count":"0","size":"0"},"60":{"count":"0","size":"0"},"61":{"count":"0","size":"0"},"62":{"count":"0","size":"0"}}},"ev_proc":{"prio_sched_queue":{"count":"0","size":"0"}}},"vote_cache":{"blocks":{"count":"1259","size":"0"},"processor":{"count":"0","size":"0"}},"vote_generators":{"non_final":{"candidates":{"count":"0","size":"64"},"requests":{"count":"0","size":"32"}},"final":{"candidates":{"count":"0","size":"64"},"requests":{"count":"0","size":"32"}},"notar":{"candidates":{"count":"0","size":"64"},"requests":{"count":"0","size":"32"}},"timeout":{"candidates":{"count":"0","size":"64"},"requests":{"count":"0","size":"32"}}},"bootstrapper":{"query_tracker":{"running_queries":{"count":"6","size":"216"}},"peer_scoring":{"scores":{"count":"9","size":"0"}},"bootstrap_queue":{"download_queue":{"count":"2","size":"0"},"blocked":{"count":"0","size":"0"},"blocked_unknown":{"count":"0","size":"0"},"unblocked":{"count":"8","size":"0"},"downloading":{"count":"6","size":"0"},"optimistic":{"count":"0","size":"0"},"fails":{"count":"1","size":"0"},"processing":{"ready_to_process":{"count":"0","size":"0"},"processing":{"count":"0","size":"0"},"cached_blocks":{"count":"0","size":"0"}},"priorities":{"priorities":{"count":"8","size":"0"}},"download_queue_detail":{"accounts":{"count":"2","size":"0"}},"blocked_detail":{"accounts":{"count":"0","size":"0"},"by_dependency":{"count":"0","size":"0"},"by_dependency_account":{"count":"0","size":"0"},"by_timestamp":{"count":"0","size":"0"},"requested_dependencies":{"count":"0","size":"0"}}},"frontiers":{"total_processed":{"count":"5000","size":"0"}}},"unchecked":{"entries":{"count":"0","size":"0"}},"local_block_broadcaster":{"local":{"count":"0","size":"112"}},"rep_tiers":{"tier_1":{"count":"73","size":"32"},"tier_2":{"count":"6","size":"32"},"tier_3":{"count":"6","size":"32"}},"inbound_msg_queue":{"queue":{"queues":{"count":"0","size":"56"},"total_size":{"count":"0","size":"56"}}},"vote_rebroadcaster":{"queue":{"queues":{"count":"0","size":"49"},"total_size":{"count":"0","size":"49"}},"queue_total":{"count":"0","size":"0"},"queue_hashes":{"count":"0","size":"0"}},"fork_cache":{"fork_cache":{"count":"0","size":"0"}},"event_queues":{"ledger":{"count":"0","size":"0"},"aec":{"count":"0","size":"0"}},"aec_voter":{"scheduler":{"records":{"count":"28442","size":"144"},"expiry_queue":{"count":"56712","size":"112"}}},"backlog_scan":{"ev_proc":{"backlog_scan_queue":{"count":"0","size":"0"}}}}}
=== PR4 block_count ===
{"count":"45053","unchecked":"0","cemented":"45053"}
=== PR4 confirmation_active ===
{"confirmations":[],"unconfirmed":"0","confirmed":"0"}
=== PR4 stats counters ===
{"type":"counters","created":"2026.09.17 19:50:02","entries":[{"time":"19:50:02","type":"message_processor_overfill","detail":"asc_pull_req","dir":"in","value":"0"},{"time":"19:50:02","type":"tcp_server","detail":"handshake_error","dir":"in","value":"0"},{"time":"19:50:02","type":"backlog_scan_queue","detail":"enqueued","dir":"in","value":"579"},{"time":"19:50:02","type":"ledger_ev_proc","detail":"ev_conf_set_recovered","dir":"in","value":"0"},{"time":"19:50:02","type":"message","detail":"asc_pull_ack","dir":"out","value":"257"},{"time":"19:50:02","type":"bootstrap_server","detail":"loop","dir":"in","value":"197"},{"time":"19:50:02","type":"network","detail":"loop_keepalive","dir":"in","value":"4"},{"time":"19:50:02","type":"election_bucket_activation","detail":"13","dir":"in","value":"340"},{"time":"19:50:02","type":"request_aggregator_replies","detail":"all","dir":"in","value":"0"},{"time":"19:50:02","type":"backlog_scan","detail":"scanned","dir":"in","value":"213373"},{"time":"19:50:02","type":"bootstrap_process","detail":"blocks","dir":"in","value":"79"},{"time":"19:50:02","type":"active_elections","detail":"loop","dir":"in","value":"208"},{"time":"19:50:02","type":"election_bucket_activation","detail":"24","dir":"in","value":"425"},{"time":"19:50:02","type":"block_processor_source","detail":"bootstrap","dir":"in","value":"35"},{"time":"19:50:02","type":"rep_tiers","detail":"all","dir":"in","value":"0"},{"time":"19:50:02","type":"vote_rebroadcaster","detail":"sent","dir":"in","value":"7985"},{"time":"19:50:02","type":"message_processor_overfill","detail":"bulk_pull_account","dir":"in","value":"0"},{"time":"19:50:02","type":"block_processor_overfill","detail":"unchecked","dir":"in","value":"0"},{"time":"19:50:02","type":"bootstrap_queue","detail":"download_requeued","dir":"in","value":"0"},{"time":"19:50:02","type":"tcp","detail":"tcp_write_error","dir":"out","value":"0"},{"time":"19:50:02","type":"confirmation_time","detail":"p99","dir":"in","value":"124"},{"time":"19:50:02","type":"vote_generator_final","detail":"queue","dir":"in","value":"45052"},{"time":"19:50:02","type":"ledger_ev_proc","detail":"recovered","dir":"in","value":"0"},{"time":"19:50:02","type":"vote_generator","detail":"all","dir":"in","value":"0"},{"time":"19:50:02","type":"message_processor_overfill","detail":"invalid","dir":"in","value":"0"},{"time":"19:50:02","type":"bootstrap_queue","detail":"processing_finished","dir":"in","value":"35"},{"time":"19:50:02","type":"vote_processor","detail":"loop","dir":"in","value":"4657"},{"time":"19:50:02","type":"boot_requester","detail":"wait_dependency_missing","dir":"in","value":"1584"},{"time":"19:50:02","type":"block_processor_overfill","detail":"bootstrap","dir":"in","value":"0"},{"time":"19:50:02","type":"election_bucket_activation","detail":"38","dir":"in","value":"602"},{"time":"19:50:02","type":"active_elections","detail":"terminated","dir":"in","value":"45058"},{"time":"19:50:02","type":"message","detail":"asc_pull_ack","dir":"in","value":"470"},{"time":"19:50:02","type":"active_elections","detail":"activate_immediately","dir":"in","value":"43543"},{"time":"19:50:02","type":"active_elections_cancelled","detail":"priority","dir":"in","value":"0"},{"time":"19:50:02","type":"active_elections","detail":"finalized_fast","dir":"in","value":"44811"},{"time":"19:50:02","type":"traffic_tcp_type","detail":"bootstrap_server","dir":"out","value":"65981"},{"time":"19:50:02","type":"message_processor_type","detail":"telemetry_req","dir":"in","value":"0"},{"time":"19:50:02","type":"bootstrap_frontiers","detail":"invalid","dir":"in","value":"0"},{"time":"19:50:02","type":"election_bucket_activation","detail":"57","dir":"in","value":"1531"},{"time":"19:50:02","type":"telemetry","detail":"insert","dir":"in","value":"5"},{"time":"19:50:02","type":"rep_crawler","detail":"crawl_normal","dir":"in","value":"6"},{"time":"19:50:02","type":"election_bucket_activation","detail":"30","dir":"in","value":"219"},{"time":"19:50:02","type":"bootstrap_queue","detail":"blocked","dir":"in","value":"0"},{"time":"19:50:02","type":"election_bucket_activation","detail":"27","dir":"in","value":"288"},{"time":"19:50:02","type":"rep_crawler","detail":"response","dir":"in","value":"11"},{"time":"19:50:02","type":"vote_generator","detail":"queue","dir":"in","value":"45049"},{"time":"19:50:02","type":"election_bucket_activation","detail":"21","dir":"in","value":"560"},{"time":"19:50:02","type":"vote_generator","detail":"generator_broadcasts","dir":"in","value":"254"},{"time":"19:50:02","type":"election_bucket_activation","detail":"54","dir":"in","value":"707"},{"time":"19:50:02","type":"ledger_ev_proc","detail":"ev_blocks_confirmed","dir":"in","value":"3301"},{"time":"19:50:02","type":"election_bucket_activation","detail":"62","dir":"in","value":"717"},{"time":"19:50:02","type":"bootstrap_frontiers","detail":"all","dir":"in","value":"0"},{"time":"19:50:02","type":"message_processor_overfill","detail":"publish","dir":"in","value":"0"},{"time":"19:50:02","type":"election_scheduler","detail":"activate_failed","dir":"in","value":"348"},{"time":"19:50:02","type":"ledger_ev_dur","detail":"dur_blocks_confirmed","dir":"in","value":"24"},{"time":"19:50:02","type":"block_processor_result","detail":"block_position","dir":"in","value":"0"},{"time":"19:50:02","type":"election_bucket_activation","detail":"59","dir":"in","value":"464"},{"time":"19:50:02","type":"traffic_tcp_type","detail":"block_broadcast_rpc","dir":"out","value":"0"},{"time":"19:50:02","type":"handshake","detail":"invalid_genesis","dir":"in","value":"0"},{"time":"19:50:02","type":"active_elections_dropped","detail":"optimistic","dir":"in","value":"0"},{"time":"19:50:02","type":"election_bucket_activation","detail":"48","dir":"in","value":"5584"},{"time":"19:50:02","type":"requests","detail":"requests_unknown","dir":"in","value":"94"},{"time":"19:50:02","type":"bootstrap_reply","detail":"blocks_by_hash","dir":"in","value":"57"},{"time":"19:50:02","type":"message","detail":"publish","dir":"out","value":"6391"},{"time":"19:50:02","type":"bootstrap_reply","detail":"blocks_by_account","dir":"in","value":"22"},{"time":"19:50:02","type":"ledger_ev_proc","detail":"ev_blocks_confirmed_total","dir":"in","value":"45052"},{"time":"19:50:02","type":"election_scheduler","detail":"loop","dir":"in","value":"43842"},{"time":"19:50:02","type":"active_elections_stopped","detail":"cancelled","dir":"in","value":"0"},{"time":"19:50:02","type":"block_processor_result","detail":"fork","dir":"in","value":"0"},{"time":"19:50:02","type":"active_elections_stopped","detail":"expired_confirmed","dir":"in","value":"0"},{"time":"19:50:02","type":"message_processor_overfill","detail":"confirm_req","dir":"in","value":"0"},{"time":"19:50:02","type":"active_elections","detail":"unconfirmed","dir":"in","value":"81"},{"time":"19:50:02","type":"message_processor_type","detail":"bulk_pull_account","dir":"in","value":"0"},{"time":"19:50:02","type":"bootstrap_verify_blocks","detail":"ok","dir":"in","value":"22"},{"time":"19:50:02","type":"active_elections_stopped","detail":"confirmed","dir":"in","value":"45052"},{"time":"19:50:02","type":"tcp_listener_rejected","detail":"max_per_ip","dir":"in","value":"0"},{"time":"19:50:02","type":"request_aggregator","detail":"all","dir":"in","value":"0"},{"time":"19:50:02","type":"bootstrap_request","detail":"frontiers","dir":"in","value":"402"},{"time":"19:50:02","type":"bootstrap","detail":"request","dir":"in","value":"482"},{"time":"19:50:02","type":"election_bucket_activation","detail":"15","dir":"in","value":"257"},{"time":"19:50:02","type":"rep_crawler","detail":"keepalive","dir":"in","value":"15"},{"time":"19:50:02","type":"election_bucket_activation","detail":"58","dir":"in","value":"830"},{"time":"19:50:02","type":"message_processor_overfill","detail":"telemetry_req","dir":"in","value":"0"},{"time":"19:50:02","type":"block_processor_overfill","detail":"forced","dir":"in","value":"0"},{"time":"19:50:02","type":"election_bucket_activation","detail":"7","dir":"in","value":"243"},{"time":"19:50:02","type":"bootstrap","detail":"reply","dir":"in","value":"470"},{"time":"19:50:02","type":"rep_tiers","detail":"loop","dir":"in","value":"7"},{"time":"19:50:02","type":"message_processor_type","detail":"bulk_push","dir":"in","value":"0"},{"time":"19:50:02","type":"tcp_listener_rejected","detail":"excluded","dir":"in","value":"0"},{"time":"19:50:02","type":"message","detail":"confirm_req","dir":"out","value":"569"},{"time":"19:50:02","type":"message_processor_overfill","detail":"asc_pull_ack","dir":"in","value":"0"},{"time":"19:50:02","type":"block_processor","detail":"process_blocking_timeout","dir":"in","value":"0"},{"time":"19:50:02","type":"request_aggregator_replies","detail":"final_vote","dir":"in","value":"209"},{"time":"19:50:02","type":"block_processor_result","detail":"gap_source","dir":"in","value":"4"},{"time":"19:50:02","type":"boot_requester","detail":"wait_next_download","dir":"in","value":"1584"},{"time":"19:50:02","type":"message_processor_type","detail":"telemetry_ack","dir":"in","value":"5"},{"time":"19:50:02","type":"boot_requester","detail":"no_channel","dir":"in","value":"3"},{"time":"19:50:02","type":"rep_crawler","detail":"query_sent","dir":"in","value":"57"},{"time":"19:50:02","type":"tcp_listener_rejected","detail":"max_per_subnetwork","dir":"in","value":"0"},{"time":"19:50:02","type":"tcp_listener_rejected","detail":"duplicate","dir":"in","value":"0"},{"time":"19:50:02","type":"bootstrap_queue","detail":"unblocked","dir":"in","value":"0"},{"time":"19:50:02","type":"message_processor_type","detail":"asc_pull_req","dir":"in","value":"257"},{"time":"19:50:02","type":"active_elections_started","detail":"priority","dir":"in","value":"45105"},{"time":"19:50:02","type":"block_processor_source","detail":"live","dir":"in","value":"231"},{"time":"19:50:02","type":"message","detail":"confirm_req","dir":"in","value":"523"},{"time":"19:50:02","type":"traffic_tcp_type","detail":"bootstrap_requests","dir":"out","value":"24582"},{"time":"19:50:02","type":"unchecked","detail":"satisfied","dir":"in","value":"10"},{"time":"19:50:02","type":"bootstrap_frontiers","detail":"prioritized","dir":"in","value":"31"},{"time":"19:50:02","type":"active_elections_cancelled","detail":"hinted","dir":"in","value":"0"},{"time":"19:50:02","type":"request_aggregator","detail":"request","dir":"in","value":"492"},{"time":"19:50:02","type":"bootstrap_reply","detail":"frontiers","dir":"in","value":"391"},{"time":"19:50:02","type":"election_bucket_activation","detail":"33","dir":"in","value":"1726"},{"time":"19:50:02","type":"election","detail":"generate_vote_final","dir":"in","value":"45052"},{"time":"19:50:02","type":"election_bucket_activation","detail":"1","dir":"in","value":"124"},{"time":"19:50:02","type":"hinting","detail":"missing_block","dir":"in","value":"2"},{"time":"19:50:02","type":"ledger_ev_proc","detail":"ev_blocks_rolled_back","dir":"in","value":"0"},{"time":"19:50:02","type":"bootstrap_frontiers","detail":"nothing_new","dir":"in","value":"26"},{"time":"19:50:02","type":"active_elections_timeout","detail":"manual","dir":"in","value":"0"},{"time":"19:50:02","type":"active_elections_stopped","detail":"timed_out","dir":"in","value":"0"},{"time":"19:50:02","type":"network","detail":"all","dir":"in","value":"0"},{"time":"19:50:02","type":"bootstrap_server","detail":"blocks","dir":"out","value":"94"},{"time":"19:50:02","type":"active_elections_dropped","detail":"manual","dir":"in","value":"0"},{"time":"19:50:02","type":"election_bucket_activation","detail":"39","dir":"in","value":"572"},{"time":"19:50:02","type":"confirmation_time","detail":"p50","dir":"in","value":"77"},{"time":"19:50:02","type":"bootstrap_queue","detail":"decayed_blocked","dir":"in","value":"0"},{"time":"19:50:02","type":"active_elections_dropped","detail":"hinted","dir":"in","value":"0"},{"time":"19:50:02","type":"traffic_tcp_type","detail":"keepalive","dir":"out","value":"12160"},{"time":"19:50:02","type":"tcp_server","detail":"telemetry_ack","dir":"in","value":"5"},{"time":"19:50:02","type":"network","detail":"reachout_live","dir":"in","value":"113"},{"time":"19:50:02","type":"network","detail":"merge_peer","dir":"in","value":"14"},{"time":"19:50:02","type":"message","detail":"all","dir":"in","value":"0"},{"time":"19:50:02","type":"election_bucket_activation","detail":"34","dir":"in","value":"1314"},{"time":"19:50:02","type":"hinting","detail":"activate","dir":"in","value":"46889"},{"time":"19:50:02","type":"handshake","detail":"ok","dir":"in","value":"9"},{"time":"19:50:02","type":"vote_cache","detail":"inserted","dir":"in","value":"238333"},{"time":"19:50:02","type":"election_bucket_activation","detail":"31","dir":"in","value":"266"},{"time":"19:50:02","type":"block_processor_source","detail":"local","dir":"in","value":"1"},{"time":"19:50:02","type":"bootstrap_server","detail":"all","dir":"out","value":"0"},{"time":"19:50:02","type":"tcp_server","detail":"node_id_handshake","dir":"in","value":"14"},{"time":"19:50:02","type":"vote_rebroadcaster_tier","detail":"tier1","dir":"in","value":"0"},{"time":"19:50:02","type":"message","detail":"telemetry_ack","dir":"in","value":"5"},{"time":"19:50:02","type":"election","detail":"confirmation_request","dir":"in","value":"12450"},{"time":"19:50:02","type":"bootstrap_timeout","detail":"all","dir":"in","value":"0"},{"time":"19:50:02","type":"rep_crawler","detail":"all","dir":"in","value":"0"},{"time":"19:50:02","type":"rep_crawler","detail":"loop","dir":"in","value":"31"},{"time":"19:50:02","type":"election_bucket_activation","detail":"44","dir":"in","value":"332"},{"time":"19:50:02","type":"bootstrap_frontiers","detail":"outdated","dir":"in","value":"31"},{"time":"19:50:02","type":"tcp_listener_rejected","detail":"not_a_peer","dir":"out","value":"22"},{"time":"19:50:02","type":"election_bucket_activation","detail":"45","dir":"in","value":"378"},{"time":"19:50:02","type":"election_bucket_activation","detail":"61","dir":"in","value":"301"},{"time":"19:50:02","type":"active_elections_timeout","detail":"hinted","dir":"in","value":"0"},{"time":"19:50:02","type":"vote_cache","detail":"triggered","dir":"in","value":"45133"},{"time":"19:50:02","type":"election_bucket_activation","detail":"11","dir":"in","value":"421"},{"time":"19:50:02","type":"tcp_listener","detail":"accept_success","dir":"in","value":"7"},{"time":"19:50:02","type":"vote_rebroadcaster","detail":"process","dir":"in","value":"4444"},{"time":"19:50:02","type":"election_bucket_activation","detail":"46","dir":"in","value":"284"},{"time":"19:50:02","type":"message_processor_overfill","detail":"bulk_pull","dir":"in","value":"0"},{"time":"19:50:02","type":"bootstrap_frontiers","detail":"pending","dir":"in","value":"18"},{"time":"19:50:02","type":"hinting","detail":"activate_immediate","dir":"in","value":"7"},{"time":"19:50:02","type":"message_processor_overfill","detail":"node_id_handshake","dir":"in","value":"0"},{"time":"19:50:02","type":"peer_history","detail":"all","dir":"in","value":"0"},{"time":"19:50:02","type":"tcp_listener_rejected","detail":"max_per_subnetwork","dir":"out","value":"0"},{"time":"19:50:02","type":"filter","detail":"duplicate_confirm_ack_message","dir":"in","value":"4173"},{"time":"19:50:02","type":"election_bucket","detail":"activate_failed_duplicate","dir":"in","value":"8544"},{"time":"19:50:02","type":"block_processor_overfill","detail":"local","dir":"in","value":"0"},{"time":"19:50:02","type":"block_processor_result","detail":"balance_mismatch","dir":"in","value":"0"},{"time":"19:50:02","type":"event_proc_duration","detail":"ledger_ev_queue","dir":"in","value":"1972988"},{"time":"19:50:02","type":"hinting","detail":"loop","dir":"in","value":"63"},{"time":"19:50:02","type":"tcp_channels","detail":"all","dir":"in","value":"0"},{"time":"19:50:02","type":"bootstrap_frontiers","detail":"ok","dir":"in","value":"365"},{"time":"19:50:02","type":"vote_rebroadcaster","detail":"representatives_full","dir":"in","value":"0"},{"time":"19:50:02","type":"election_bucket_activation","detail":"49","dir":"in","value":"2604"},{"time":"19:50:02","type":"ev_proc_duration","detail":"backlog_scan_queue","dir":"in","value":"94662"},{"time":"19:50:02","type":"ledger_ev_dur","detail":"dur_conf_set_near_full","dir":"in","value":"0"},{"time":"19:50:02","type":"active_elections_stopped","detail":"settled","dir":"in","value":"6"},{"time":"19:50:02","type":"active_elections_cancelled","detail":"optimistic","dir":"in","value":"0"},{"time":"19:50:02","type":"rep_tiers","detail":"ignored","dir":"in","value":"17070"},{"time":"19:50:02","type":"active_elections_dropped","detail":"priority","dir":"in","value":"81"},{"time":"19:50:02","type":"handshake","detail":"empty_response","dir":"in","value":"0"},{"time":"19:50:02","type":"confirmation_height","detail":"all","dir":"in","value":"0"},{"time":"19:50:02","type":"bootstrap_frontiers","detail":"processed","dir":"in","value":"131564"},{"time":"19:50:02","type":"peer_history","detail":"loop","dir":"in","value":"5"},{"time":"19:50:02","type":"local_block_broadcaster","detail":"loop","dir":"in","value":"1"},{"time":"19:50:02","type":"bootstrap_queue","detail":"download_finished","dir":"in","value":"79"},{"time":"19:50:02","type":"election_bucket_activation","detail":"55","dir":"in","value":"525"},{"time":"19:50:02","type":"requests","detail":"requests_final","dir":"in","value":"6775"},{"time":"19:50:02","type":"bootstrap_server_request","detail":"all","dir":"in","value":"0"},{"time":"19:50:02","type":"election","detail":"generate_vote_normal","dir":"in","value":"45049"},{"time":"19:50:02","type":"ledger_ev_dur","detail":"dur_confirmation_failed","dir":"in","value":"0"},{"time":"19:50:02","type":"vote_cache","detail":"processor_overfill","dir":"in","value":"0"},{"time":"19:50:02","type":"election_bucket_activation","detail":"32","dir":"in","value":"2635"},{"time":"19:50:02","type":"bootstrap_queue","detail":"trim_blocked","dir":"in","value":"0"},{"time":"19:50:02","type":"bootstrap","detail":"timeout","dir":"in","value":"11"},{"time":"19:50:02","type":"handshake","detail":"invalid_signature","dir":"in","value":"0"},{"time":"19:50:02","type":"active_elections","detail":"finalized_final","dir":"in","value":"241"},{"time":"19:50:02","type":"vote_rebroadcaster","detail":"cooldown","dir":"in","value":"0"},{"time":"19:50:02","type":"ledger_ev_proc","detail":"cool_down","dir":"in","value":"0"},{"time":"19:50:02","type":"election_bucket_activation","detail":"9","dir":"in","value":"779"},{"time":"19:50:02","type":"bootstrap_queue","detail":"removed","dir":"in","value":"0"},{"time":"19:50:02","type":"tcp","detail":"tcp_io_timeout_drop","dir":"in","value":"0"},{"time":"19:50:02","type":"vote_cache","detail":"processed","dir":"in","value":"45133"},{"time":"19:50:02","type":"election_vote","detail":"direct","dir":"in","value":"235775"},{"time":"19:50:02","type":"message_processor_type","detail":"confirm_ack","dir":"in","value":"3704"},{"time":"19:50:02","type":"tcp_server","detail":"asc_pull_req","dir":"in","value":"257"},{"time":"19:50:02","type":"active_elections_stopped","detail":"passive","dir":"in","value":"15"},{"time":"19:50:02","type":"ledger_ev_dur","detail":"dur_activate_backlog","dir":"in","value":"0"},{"time":"19:50:02","type":"local_block_broadcaster","detail":"insert","dir":"in","value":"1"},{"time":"19:50:02","type":"tcp_listener_rejected","detail":"max_per_ip","dir":"out","value":"0"},{"time":"19:50:02","type":"active_elections_started","detail":"optimistic","dir":"in","value":"1"},{"time":"19:50:02","type":"local_block_broadcaster","detail":"all","dir":"out","value":"0"},{"time":"19:50:02","type":"handshake","detail":"multiple_queries","dir":"in","value":"0"},{"time":"19:50:02","type":"bootstrap_queue","detail":"download_started","dir":"in","value":"80"},{"time":"19:50:02","type":"confirmation_observer","detail":"active_quorum","dir":"in","value":"45052"},{"time":"19:50:02","type":"bootstrap_queue","detail":"processing_started","dir":"in","value":"35"},{"time":"19:50:02","type":"tcp_server","detail":"confirm_req","dir":"in","value":"429"},{"time":"19:50:02","type":"active_elections","detail":"block_conflict","dir":"in","value":"0"},{"time":"19:50:02","type":"active_elections","detail":"all","dir":"in","value":"0"},{"time":"19:50:02","type":"election_bucket_activation","detail":"56","dir":"in","value":"5793"},{"time":"19:50:02","type":"block_processor_result","detail":"bad_signature","dir":"in","value":"0"},{"time":"19:50:02","type":"optimistic_scheduler","detail":"activated","dir":"in","value":"3297"},{"time":"19:50:02","type":"vote_rebroadcaster","detail":"rebroadcast_hashes","dir":"in","value":"477812"},{"time":"19:50:02","type":"telemetry","detail":"all","dir":"in","value":"0"},{"time":"19:50:02","type":"optimistic_scheduler","detail":"insert_failed","dir":"in","value":"21"},{"time":"19:50:02","type":"confirmation_observer","detail":"inactive","dir":"in","value":"0"},{"time":"19:50:02","type":"local_block_broadcaster","detail":"all","dir":"in","value":"0"},{"time":"19:50:02","type":"vote_generator","detail":"sent_non_pr","dir":"in","value":"1012"},{"time":"19:50:02","type":"block_processor","detail":"throttled","dir":"in","value":"0"},{"time":"19:50:02","type":"bootstrap_queue","detail":"dependency_requested","dir":"in","value":"0"},{"time":"19:50:02","type":"bootstrap_server","detail":"frontiers","dir":"out","value":"496"},{"time":"19:50:02","type":"election_bucket_activation","detail":"28","dir":"in","value":"268"},{"time":"19:50:02","type":"vote_generator_final","detail":"generator_broadcasts","dir":"in","value":"257"},{"time":"19:50:02","type":"tcp_server","detail":"keepalive","dir":"in","value":"71"},{"time":"19:50:02","type":"tcp_listener_rejected","detail":"max_attempts","dir":"in","value":"0"},{"time":"19:50:02","type":"rep_tiers","detail":"updated","dir":"in","value":"7"},{"time":"19:50:02","type":"bootstrap_request","detail":"blocks_by_account","dir":"in","value":"22"},{"time":"19:50:02","type":"tcp_listener","detail":"attempt_timeout","dir":"in","value":"0"},{"time":"19:50:02","type":"tcp_server","detail":"publish","dir":"in","value":"45043"},{"time":"19:50:02","type":"traffic_tcp_type","detail":"vote","dir":"out","value":"26634000"},{"time":"19:50:02","type":"message_processor_type","detail":"frontier_req","dir":"in","value":"0"},{"time":"19:50:02","type":"election_bucket_activation","detail":"40","dir":"in","value":"514"},{"time":"19:50:02","type":"vote_generator","detail":"batch","dir":"in","value":"1327"},{"time":"19:50:02","type":"traffic_tcp_type","detail":"generic","dir":"out","value":"1832"},{"time":"19:50:02","type":"election_bucket_activation","detail":"52","dir":"in","value":"937"},{"time":"19:50:02","type":"tcp_server","detail":"handshake_initiate","dir":"out","value":"4"},{"time":"19:50:02","type":"confirming_set","detail":"all","dir":"in","value":"0"},{"time":"19:50:02","type":"network","detail":"loop_reachout_cached","dir":"in","value":"25"},{"time":"19:50:02","type":"tcp_server","detail":"all","dir":"in","value":"0"},{"time":"19:50:02","type":"message_processor_overfill","detail":"confirm_ack","dir":"in","value":"0"},{"time":"19:50:02","type":"election","detail":"broadcast_block_repeat","dir":"in","value":"0"},{"time":"19:50:02","type":"traffic_tcp_type","detail":"block_broadcast_initial","dir":"out","value":"672"},{"time":"19:50:02","type":"active_elections","detail":"bootstrap_stale","dir":"in","value":"0"},{"time":"19:50:02","type":"block_processor_result","detail":"opened_burn_account","dir":"in","value":"0"},{"time":"19:50:02","type":"active_elections","detail":"cooldown","dir":"in","value":"0"},{"time":"19:50:02","type":"boot_requester","detail":"queries_overfill","dir":"in","value":"0"},{"time":"19:50:02","type":"message_processor_type","detail":"publish","dir":"in","value":"45250"},{"time":"19:50:02","type":"vote_rebroadcaster","detail":"overfill","dir":"in","value":"1816"},{"time":"19:50:02","type":"tcp_server","detail":"handshake","dir":"in","value":"14"},{"time":"19:50:02","type":"bootstrap_server_response","detail":"frontiers","dir":"in","value":"147"},{"time":"19:50:02","type":"bootstrap_queue","detail":"remove_failed","dir":"in","value":"0"},{"time":"19:50:02","type":"active_elections_timeout","detail":"optimistic","dir":"in","value":"0"},{"time":"19:50:02","type":"election_bucket_activation","detail":"51","dir":"in","value":"1196"},{"time":"19:50:02","type":"election_bucket_activation","detail":"19","dir":"in","value":"656"},{"time":"19:50:02","type":"block_processor_result","detail":"old","dir":"in","value":"231"},{"time":"19:50:02","type":"election_vote","detail":"replayed","dir":"in","value":"2547"},{"time":"19:50:02","type":"filter","detail":"duplicate_publish_message","dir":"in","value":"3620"},{"time":"19:50:02","type":"active_elections_stopped","detail":"active","dir":"in","value":"60"},{"time":"19:50:02","type":"vote_processor","detail":"process","dir":"in","value":"6869"},{"time":"19:50:02","type":"confirming_set","detail":"loop","dir":"in","value":"5153"},{"time":"19:50:02","type":"ledger_ev_proc","detail":"ev_blocks_processed_total","dir":"in","value":"45296"},{"time":"19:50:02","type":"rep_crawler","detail":"crawl_aggressive","dir":"in","value":"6"},{"time":"19:50:02","type":"message_processor_overfill","detail":"bulk_push","dir":"in","value":"0"},{"time":"19:50:02","type":"traffic_tcp_type","detail":"vote_reply","dir":"out","value":"0"},{"time":"19:50:02","type":"message_processor_overfill","detail":"not_a_type","dir":"in","value":"0"},{"time":"19:50:02","type":"bootstrap_verify_blocks","detail":"invalid","dir":"in","value":"0"},{"time":"19:50:02","type":"message_processor_type","detail":"invalid","dir":"in","value":"0"},{"time":"19:50:02","type":"active_elections","detail":"settled","dir":"in","value":"45040"},{"time":"19:50:02","type":"prio_sched_queue","detail":"enqueued","dir":"in","value":"112662"},{"time":"19:50:02","type":"ledger_ev_proc","detail":"ev_blocks_processed","dir":"in","value":"37018"},{"time":"19:50:02","type":"message_processor","detail":"process","dir":"in","value":"50280"},{"time":"19:50:02","type":"hinting","detail":"already_confirmed","dir":"in","value":"44286"},{"time":"19:50:02","type":"active_elections","detail":"confirmed","dir":"in","value":"45052"},{"time":"19:50:02","type":"ledger_ev_dur","detail":"dur_blocks_rolled_back","dir":"in","value":"0"},{"time":"19:50:02","type":"rep_crawler","detail":"query_completion","dir":"in","value":"6"},{"time":"19:50:02","type":"bootstrap","detail":"blocks","dir":"in","value":"40"},{"time":"19:50:02","type":"bootstrap_server_request","detail":"frontiers","dir":"in","value":"147"},{"time":"19:50:02","type":"vote_processor","detail":"all","dir":"in","value":"0"},{"time":"19:50:02","type":"vote_generator_final","detail":"all","dir":"in","value":"0"},{"time":"19:50:02","type":"election_scheduler","detail":"activated","dir":"in","value":"54081"},{"time":"19:50:02","type":"election_bucket_activation","detail":"53","dir":"in","value":"646"},{"time":"19:50:02","type":"tcp_listener","detail":"connect_rejected","dir":"out","value":"167"},{"time":"19:50:02","type":"unchecked","detail":"put","dir":"in","value":"10"},{"time":"19:50:02","type":"hinting","detail":"insert_failed","dir":"in","value":"2581"},{"time":"19:50:02","type":"block_processor_source","detail":"forced","dir":"in","value":"0"},{"time":"19:50:02","type":"vote_generator_final","detail":"sent_pr","dir":"in","value":"1437"},{"time":"19:50:02","type":"message_processor_type","detail":"asc_pull_ack","dir":"in","value":"470"},{"time":"19:50:02","type":"handshake","detail":"invalid_node_id","dir":"in","value":"0"},{"time":"19:50:02","type":"election","detail":"broadcast_block_initial","dir":"in","value":"2200"},{"time":"19:50:02","type":"election_bucket_activation","detail":"6","dir":"in","value":"295"},{"time":"19:50:02","type":"aggregator","detail":"aggregator_accepted","dir":"in","value":"492"},{"time":"19:50:02","type":"online_reps","detail":"rep_trim","dir":"in","value":"7"},{"time":"19:50:02","type":"election_bucket_activation","detail":"41","dir":"in","value":"418"},{"time":"19:50:02","type":"optimistic_scheduler","detail":"loop","dir":"in","value":"63"},{"time":"19:50:02","type":"request_aggregator","detail":"request_hashes","dir":"in","value":"60348"},{"time":"19:50:02","type":"peer_history","detail":"inserted","dir":"in","value":"5"},{"time":"19:50:02","type":"block_processor","detail":"enqueued","dir":"in","value":"45296"},{"time":"19:50:02","type":"message","detail":"asc_pull_req","dir":"out","value":"482"},{"time":"19:50:02","type":"telemetry","detail":"loop","dir":"in","value":"3"},{"time":"19:50:02","type":"election_bucket_activation","detail":"23","dir":"in","value":"441"},{"time":"19:50:02","type":"requests","detail":"all","dir":"in","value":"0"},{"time":"19:50:02","type":"message_processor_type","detail":"not_a_type","dir":"in","value":"0"},{"time":"19:50:02","type":"election_bucket_activation","detail":"5","dir":"in","value":"376"},{"time":"19:50:02","type":"confirmation_time","detail":"p90","dir":"in","value":"111"},{"time":"19:50:02","type":"tcp_listener","detail":"accept_rejected","dir":"in","value":"0"},{"time":"19:50:02","type":"bootstrap_queue","detail":"download_finished_failed","dir":"in","value":"0"},{"time":"19:50:02","type":"bootstrap_queue","detail":"reprocess_failed","dir":"in","value":"3"},{"time":"19:50:02","type":"local_block_broadcaster","detail":"cemented","dir":"in","value":"1"},{"time":"19:50:02","type":"ledger_ev_proc","detail":"ev_blocks_rolled_back_total","dir":"in","value":"0"},{"time":"19:50:02","type":"message_processor_type","detail":"node_id_handshake","dir":"in","value":"0"},{"time":"19:50:02","type":"election_bucket_activation","detail":"20","dir":"in","value":"625"},{"time":"19:50:02","type":"election_bucket_activation","detail":"12","dir":"in","value":"390"},{"time":"19:50:02","type":"confirming_set","detail":"cementing","dir":"in","value":"45052"},{"time":"19:50:02","type":"bootstrap_verify_blocks","detail":"nothing_new","dir":"in","value":"57"},{"time":"19:50:02","type":"vote_generator","detail":"sent_pr","dir":"in","value":"1424"},{"time":"19:50:02","type":"block_processor_overfill","detail":"live","dir":"in","value":"0"},{"time":"19:50:02","type":"block_processor_result","detail":"conflict","dir":"in","value":"3"},{"time":"19:50:02","type":"election_bucket_activation","detail":"0","dir":"in","value":"1"},{"time":"19:50:02","type":"active_elections_confirmed","detail":"optimistic","dir":"in","value":"0"},{"time":"19:50:02","type":"election_bucket_activation","detail":"29","dir":"in","value":"292"},{"time":"19:50:02","type":"message_processor","detail":"overfill","dir":"in","value":"0"},{"time":"19:50:02","type":"bootstrap_process","detail":"account_info","dir":"in","value":"0"},{"time":"19:50:02","type":"bootstrap_request","detail":"blocks_by_hash","dir":"in","value":"58"},{"time":"19:50:02","type":"message","detail":"telemetry_ack","dir":"out","value":"9"},{"time":"19:50:02","type":"active_elections","detail":"timed_out","dir":"in","value":"0"},{"time":"19:50:02","type":"election_bucket_activation","detail":"42","dir":"in","value":"488"},{"time":"19:50:02","type":"message_processor_type","detail":"bulk_pull","dir":"in","value":"0"},{"time":"19:50:02","type":"bootstrap_server","detail":"response","dir":"out","value":"257"},{"time":"19:50:02","type":"election_bucket","detail":"activate_failed_confirmed","dir":"in","value":"425"},{"time":"19:50:02","type":"bootstrap_process","detail":"frontiers","dir":"in","value":"391"},{"time":"19:50:02","type":"bootstrap_queue","detail":"reprocess","dir":"in","value":"0"},{"time":"19:50:02","type":"unchecked","detail":"duplicate","dir":"in","value":"0"},{"time":"19:50:02","type":"hinting","detail":"insert","dir":"in","value":"27"},{"time":"19:50:02","type":"message","detail":"asc_pull_req","dir":"in","value":"257"},{"time":"19:50:02","type":"block_processor_result","detail":"gap_previous","dir":"in","value":"6"},{"time":"19:50:02","type":"election_scheduler","detail":"activate_skip","dir":"in","value":"66862"},{"time":"19:50:02","type":"bootstrap_queue","detail":"dependency_request_removed","dir":"in","value":"0"},{"time":"19:50:02","type":"election_bucket_activation","detail":"37","dir":"in","value":"768"},{"time":"19:50:02","type":"tcp_server","detail":"asc_pull_ack","dir":"in","value":"470"},{"time":"19:50:02","type":"drop","detail":"all","dir":"out","value":"5"},{"time":"19:50:02","type":"vote_rebroadcaster_tier","detail":"none","dir":"in","value":"0"},{"time":"19:50:02","type":"ledger_ev_dur","detail":"dur_blocks_processed","dir":"in","value":"415"},{"time":"19:50:02","type":"bootstrap_server","detail":"request","dir":"in","value":"257"},{"time":"19:50:02","type":"active_elections_confirmed","detail":"manual","dir":"in","value":"0"},{"time":"19:50:02","type":"active_elections_confirmed","detail":"hinted","dir":"in","value":"21"},{"time":"19:50:02","type":"telemetry","detail":"process","dir":"in","value":"5"},{"time":"19:50:02","type":"bootstrap_server_response","detail":"blocks","dir":"in","value":"110"},{"time":"19:50:02","type":"election_bucket_activation","detail":"18","dir":"in","value":"807"},{"time":"19:50:02","type":"vote_generator_final","detail":"sent_non_pr","dir":"in","value":"1016"},{"time":"19:50:02","type":"vote_rebroadcaster","detail":"already_rebroadcasted","dir":"in","value":"1499"},{"time":"19:50:02","type":"vote_rebroadcaster","detail":"all","dir":"in","value":"0"},{"time":"19:50:02","type":"vote_rebroadcaster_tier","detail":"tier2","dir":"in","value":"0"},{"time":"19:50:02","type":"election_bucket","detail":"activate_success","dir":"in","value":"45112"},{"time":"19:50:02","type":"election","detail":"vote","dir":"in","value":"238331"},{"time":"19:50:02","type":"bootstrap_server_response","detail":"all","dir":"in","value":"0"},{"time":"19:50:02","type":"backlog_scan","detail":"loop","dir":"in","value":"448"},{"time":"19:50:02","type":"active_elections","detail":"recovered","dir":"in","value":"0"},{"time":"19:50:02","type":"election_bucket_activation","detail":"2","dir":"in","value":"335"},{"time":"19:50:02","type":"confirmation_time","detail":"p95","dir":"in","value":"116"},{"time":"19:50:02","type":"block_processor_result","detail":"gap_epoch_open_pending","dir":"in","value":"0"},{"time":"19:50:02","type":"block_processor_result","detail":"insufficient_work","dir":"in","value":"0"},{"time":"19:50:02","type":"bootstrap_queue","detail":"download_start_failed","dir":"in","value":"0"},{"time":"19:50:02","type":"bootstrap_reply","detail":"all","dir":"in","value":"0"},{"time":"19:50:02","type":"tcp_listener_rejected","detail":"excluded","dir":"out","value":"0"},{"time":"19:50:02","type":"ledger_ev_proc","detail":"processed","dir":"in","value":"40319"},{"time":"19:50:02","type":"message","detail":"all","dir":"out","value":"20871"},{"time":"19:50:02","type":"bootstrap_request","detail":"all","dir":"in","value":"0"},{"time":"19:50:02","type":"tcp_server","detail":"confirm_ack","dir":"in","value":"3195"},{"time":"19:50:02","type":"election_bucket_activation","detail":"3","dir":"in","value":"162"},{"time":"19:50:02","type":"handshake","detail":"cookie_creation_failed","dir":"in","value":"0"},{"time":"19:50:02","type":"message","detail":"confirm_ack","dir":"out","value":"13083"},{"time":"19:50:02","type":"requests","detail":"requests_generated_hashes","dir":"in","value":"6775"},{"time":"19:50:02","type":"bootstrap_queue","detail":"deprioritized","dir":"in","value":"42"},{"time":"19:50:02","type":"confirmation_observer","detail":"active_confirmation_height","dir":"in","value":"0"},{"time":"19:50:02","type":"election_bucket_activation","detail":"50","dir":"in","value":"1739"},{"time":"19:50:02","type":"block_processor","detail":"overfill","dir":"in","value":"0"},{"time":"19:50:02","type":"backlog_scan","detail":"activated","dir":"in","value":"8642"},{"time":"19:50:02","type":"aggregator","detail":"all","dir":"in","value":"0"},{"time":"19:50:02","type":"election_bucket","detail":"replaced","dir":"in","value":"81"},{"time":"19:50:02","type":"tcp_listener_rejected","detail":"not_a_peer","dir":"in","value":"0"},{"time":"19:50:02","type":"block_processor_result","detail":"progress","dir":"in","value":"45052"},{"time":"19:50:02","type":"bootstrap_queue","detail":"processing_finished_failed","dir":"in","value":"45248"},{"time":"19:50:02","type":"boot_requester","detail":"rate_limit","dir":"in","value":"0"},{"time":"19:50:02","type":"message","detail":"keepalive","dir":"out","value":"80"},{"time":"19:50:02","type":"message","detail":"confirm_ack","dir":"in","value":"3704"},{"time":"19:50:02","type":"block_processor_result","detail":"representative_mismatch","dir":"in","value":"0"},{"time":"19:50:02","type":"traffic_tcp_type","detail":"vote_rebroadcast","dir":"out","value":"46749360"},{"time":"19:50:02","type":"election_bucket_activation","detail":"14","dir":"in","value":"344"},{"time":"19:50:02","type":"filter","detail":"all","dir":"in","value":"0"},{"time":"19:50:02","type":"requests","detail":"requests_non_final","dir":"in","value":"53479"},{"time":"19:50:02","type":"confirming_set","detail":"cemented_hash","dir":"in","value":"45052"},{"time":"19:50:02","type":"election_bucket_activation","detail":"4","dir":"in","value":"708"},{"time":"19:50:02","type":"traffic_tcp_type","detail":"confirmation_requests","dir":"out","value":"3307568"},{"time":"19:50:02","type":"message_processor_overfill","detail":"keepalive","dir":"in","value":"0"},{"time":"19:50:02","type":"handshake","detail":"missing_cookie","dir":"in","value":"0"},{"time":"19:50:02","type":"ledger_ev_dur","detail":"dur_dependent_elections","dir":"in","value":"21"},{"time":"19:50:02","type":"vote_generator_final","detail":"batch","dir":"in","value":"1065"},{"time":"19:50:02","type":"bootstrap_queue","detail":"inserted","dir":"in","value":"36"},{"time":"19:50:02","type":"prio_sched_queue","detail":"overfill","dir":"in","value":"0"},{"time":"19:50:02","type":"bootstr_acc_ack_proc","detail":"account_info_empty","dir":"in","value":"0"},{"time":"19:50:02","type":"telemetry","detail":"broadcast","dir":"in","value":"9"},{"time":"19:50:02","type":"message","detail":"publish","dir":"in","value":"45250"},{"time":"19:50:02","type":"election_bucket_activation","detail":"47","dir":"in","value":"313"},{"time":"19:50:02","type":"vote_generator_final","detail":"generator_replies","dir":"in","value":"209"},{"time":"19:50:02","type":"network","detail":"reachout_cached","dir":"in","value":"47"},{"time":"19:50:02","type":"tcp_listener","detail":"connect_error","dir":"out","value":"5"},{"time":"19:50:02","type":"optimistic_scheduler","detail":"insert","dir":"in","value":"1"},{"time":"19:50:02","type":"election_bucket_activation","detail":"8","dir":"in","value":"1114"},{"time":"19:50:02","type":"active_elections_started","detail":"hinted","dir":"in","value":"27"},{"time":"19:50:02","type":"traffic_tcp_type","detail":"block_broadcast","dir":"out","value":"1384544"},{"time":"19:50:02","type":"block_processor_source","detail":"unchecked","dir":"in","value":"10"},{"time":"19:50:02","type":"election_bucket","detail":"cancel_lowest","dir":"in","value":"0"},{"time":"19:50:02","type":"bootstrap_queue","detail":"block_failed","dir":"in","value":"4"},{"time":"19:50:02","type":"confirming_set","detail":"insert","dir":"in","value":"45052"},{"time":"19:50:02","type":"bootstrap_queue","detail":"trim_download_queue","dir":"in","value":"0"},{"time":"19:50:02","type":"election_bucket_activation","detail":"60","dir":"in","value":"2459"},{"time":"19:50:02","type":"rep_tiers","detail":"processed","dir":"in","value":"17811"},{"time":"19:50:02","type":"bootstrap_server","detail":"all","dir":"in","value":"0"},{"time":"19:50:02","type":"traffic_tcp","detail":"all","dir":"out","value":"78185829"},{"time":"19:50:02","type":"traffic_tcp_type","detail":"telemetry","dir":"out","value":"1890"},{"time":"19:50:02","type":"peer_history","detail":"updated","dir":"in","value":"15"},{"time":"19:50:02","type":"bootstrap","detail":"all","dir":"in","value":"0"},{"time":"19:50:02","type":"block_processor_overfill","detail":"live_originator","dir":"in","value":"0"},{"time":"19:50:02","type":"vote_processor_tier","detail":"all","dir":"in","value":"0"},{"time":"19:50:02","type":"election_bucket_activation","detail":"43","dir":"in","value":"354"},{"time":"19:50:02","type":"election","detail":"all","dir":"in","value":"0"},{"time":"19:50:02","type":"election_scheduler","detail":"duplicate","dir":"in","value":"13"},{"time":"19:50:02","type":"message_processor_type","detail":"confirm_req","dir":"in","value":"523"},{"time":"19:50:02","type":"bootstrap_queue","detail":"not_found","dir":"in","value":"35"},{"time":"19:50:02","type":"election_bucket_activation","detail":"10","dir":"in","value":"586"},{"time":"19:50:02","type":"vote_rebroadcaster","detail":"rebroadcast_unnecessary","dir":"in","value":"192"},{"time":"19:50:02","type":"confirming_set","detail":"cemented","dir":"in","value":"45052"},{"time":"19:50:02","type":"active_elections","detail":"stopped","dir":"in","value":"45133"},{"time":"19:50:02","type":"tcp_listener","detail":"connect_initiate","dir":"out","value":"14"},{"time":"19:50:02","type":"active_elections_stopped","detail":"expired_unconfirmed","dir":"in","value":"0"},{"time":"19:50:02","type":"bootstrap_queue","detail":"dependency_update","dir":"in","value":"0"},{"time":"19:50:02","type":"vote_processor_tier","detail":"tier3","dir":"in","value":"6861"},{"time":"19:50:02","type":"election_bucket_activation","detail":"17","dir":"in","value":"1089"},{"time":"19:50:02","type":"vote_cache","detail":"top","dir":"in","value":"62"},{"time":"19:50:02","type":"bootstrap_frontiers","detail":"frontiers","dir":"in","value":"131564"},{"time":"19:50:02","type":"election_bucket_activation","detail":"16","dir":"in","value":"2016"},{"time":"19:50:02","type":"traffic_tcp","detail":"all","dir":"in","value":"63263523"},{"time":"19:50:02","type":"tcp_listener_rejected","detail":"max_attempts","dir":"out","value":"0"},{"time":"19:50:02","type":"tcp","detail":"tcp_read_error","dir":"in","value":"6"},{"time":"19:50:02","type":"election_scheduler","detail":"all","dir":"in","value":"0"},{"time":"19:50:02","type":"bootstrap_timeout","detail":"frontiers","dir":"in","value":"11"},{"time":"19:50:02","type":"requests","detail":"requests_generated_votes","dir":"in","value":"209"},{"time":"19:50:02","type":"active_elections_stopped","detail":"terminated","dir":"in","value":"0"},{"time":"19:50:02","type":"message","detail":"keepalive","dir":"in","value":"71"},{"time":"19:50:02","type":"active_elections_started","detail":"manual","dir":"in","value":"0"},{"time":"19:50:02","type":"block_processor_source","detail":"live_originator","dir":"in","value":"45019"},{"time":"19:50:02","type":"traffic_tcp_type","detail":"rep_crawler","dir":"out","value":"3240"},{"time":"19:50:02","type":"backlog_scan_queue","detail":"overfill","dir":"in","value":"0"},{"time":"19:50:02","type":"active_elections","detail":"started","dir":"in","value":"45133"},{"time":"19:50:02","type":"bootstrap_server_request","detail":"blocks","dir":"in","value":"110"},{"time":"19:50:02","type":"bootstrap_queue","detail":"upgraded","dir":"in","value":"2"},{"time":"19:50:02","type":"fork_cache","detail":"insert","dir":"in","value":"0"},{"time":"19:50:02","type":"tcp_listener","detail":"accept_failure","dir":"in","value":"0"},{"time":"19:50:02","type":"election_bucket_activation","detail":"25","dir":"in","value":"365"},{"time":"19:50:02","type":"hinting","detail":"all","dir":"in","value":"0"},{"time":"19:50:02","type":"tcp_listener_rejected","detail":"duplicate","dir":"out","value":"145"},{"time":"19:50:02","type":"bootstrap_queue","detail":"processing_started_reverted","dir":"in","value":"0"},{"time":"19:50:02","type":"ev_proc_duration","detail":"prio_sched_queue","dir":"in","value":"3145753"},{"time":"19:50:02","type":"boot_requester","detail":"sleep","dir":"in","value":"1183"},{"time":"19:50:02","type":"vote_rebroadcaster","detail":"rebroadcast","dir":"in","value":"2753"},{"time":"19:50:02","type":"election_bucket_activation","detail":"36","dir":"in","value":"814"},{"time":"19:50:02","type":"vote_processor_tier","detail":"none","dir":"in","value":"8"},{"time":"19:50:02","type":"active_elections_confirmed","detail":"priority","dir":"in","value":"45031"},{"time":"19:50:02","type":"election_bucket_activation","detail":"26","dir":"in","value":"303"},{"time":"19:50:02","type":"election_bucket_activation","detail":"35","dir":"in","value":"993"},{"time":"19:50:02","type":"active_elections_cancelled","detail":"manual","dir":"in","value":"0"},{"time":"19:50:02","type":"vote_rebroadcaster_tier","detail":"tier3","dir":"in","value":"2753"},{"time":"19:50:02","type":"message_processor_overfill","detail":"frontier_req","dir":"in","value":"0"},{"time":"19:50:02","type":"block_processor_result","detail":"negative_spend","dir":"in","value":"0"},{"time":"19:50:02","type":"block_processor_result","detail":"unreceivable","dir":"in","value":"0"},{"time":"19:50:02","type":"election_vote","detail":"forwarded","dir":"in","value":"9"},{"time":"19:50:02","type":"ledger_ev_proc","detail":"ev_conf_set_near_full","dir":"in","value":"0"},{"time":"19:50:02","type":"confirmation_height","detail":"blocks_confirmed","dir":"in","value":"45052"},{"time":"19:50:02","type":"active_elections_timeout","detail":"priority","dir":"in","value":"0"},{"time":"19:50:02","type":"message_processor_overfill","detail":"telemetry_ack","dir":"in","value":"0"},{"time":"19:50:02","type":"ledger_ev_dur","detail":"dur_conf_set_recovered","dir":"in","value":"0"},{"time":"19:50:02","type":"local_block_broadcaster","detail":"broadcast","dir":"out","value":"1"},{"time":"19:50:02","type":"drop","detail":"publish","dir":"out","value":"5"},{"time":"19:50:02","type":"tcp_listener","detail":"connect_success","dir":"out","value":"4"},{"time":"19:50:02","type":"message_processor_type","detail":"keepalive","dir":"in","value":"71"},{"time":"19:50:02","type":"election_bucket_activation","detail":"22","dir":"in","value":"461"},{"time":"19:50:02","type":"tcp_channels","detail":"channel_accepted","dir":"in","value":"9"}],"stat_duration_seconds":"62"}
=== PR4 stats objects ===
{"node":{"work":{"pending":{"count":"0","size":"56"}},"ledger":{"rep_weights":{"rep_weights":{"count":"11556","size":"48"}}},"active":{"roots":{"count":"0","size":"3488"},"slots":{"count":"0","size":"168"},"normal":{"count":"0","size":"0"},"hinted":{"count":"0","size":"0"},"optimistic":{"count":"0","size":"0"},"recently_confirmed":{"confirmed":{"count":"45052","size":"160"}},"vote_router":{"elections":{"count":"0","size":"96"}},"buckets":{"bucket 0":{"count":"0","size":"0"},"bucket 1":{"count":"0","size":"0"},"bucket 2":{"count":"0","size":"0"},"bucket 3":{"count":"0","size":"0"},"bucket 4":{"count":"0","size":"0"},"bucket 5":{"count":"0","size":"0"},"bucket 6":{"count":"0","size":"0"},"bucket 7":{"count":"0","size":"0"},"bucket 8":{"count":"0","size":"0"},"bucket 9":{"count":"0","size":"0"},"bucket 10":{"count":"0","size":"0"},"bucket 11":{"count":"0","size":"0"},"bucket 12":{"count":"0","size":"0"},"bucket 13":{"count":"0","size":"0"},"bucket 14":{"count":"0","size":"0"},"bucket 15":{"count":"0","size":"0"},"bucket 16":{"count":"0","size":"0"},"bucket 17":{"count":"0","size":"0"},"bucket 18":{"count":"0","size":"0"},"bucket 19":{"count":"0","size":"0"},"bucket 20":{"count":"0","size":"0"},"bucket 21":{"count":"0","size":"0"},"bucket 22":{"count":"0","size":"0"},"bucket 23":{"count":"0","size":"0"},"bucket 24":{"count":"0","size":"0"},"bucket 25":{"count":"0","size":"0"},"bucket 26":{"count":"0","size":"0"},"bucket 27":{"count":"0","size":"0"},"bucket 28":{"count":"0","size":"0"},"bucket 29":{"count":"0","size":"0"},"bucket 30":{"count":"0","size":"0"},"bucket 31":{"count":"0","size":"0"},"bucket 32":{"count":"0","size":"0"},"bucket 33":{"count":"0","size":"0"},"bucket 34":{"count":"0","size":"0"},"bucket 35":{"count":"0","size":"0"},"bucket 36":{"count":"0","size":"0"},"bucket 37":{"count":"0","size":"0"},"bucket 38":{"count":"0","size":"0"},"bucket 39":{"count":"0","size":"0"},"bucket 40":{"count":"0","size":"0"},"bucket 41":{"count":"0","size":"0"},"bucket 42":{"count":"0","size":"0"},"bucket 43":{"count":"0","size":"0"},"bucket 44":{"count":"0","size":"0"},"bucket 45":{"count":"0","size":"0"},"bucket 46":{"count":"0","size":"0"},"bucket 47":{"count":"0","size":"0"},"bucket 48":{"count":"0","size":"0"},"bucket 49":{"count":"0","size":"0"},"bucket 50":{"count":"0","size":"0"},"bucket 51":{"count":"0","size":"0"},"bucket 52":{"count":"0","size":"0"},"bucket 53":{"count":"0","size":"0"},"bucket 54":{"count":"0","size":"0"},"bucket 55":{"count":"0","size":"0"},"bucket 56":{"count":"0","size":"0"},"bucket 57":{"count":"0","size":"0"},"bucket 58":{"count":"0","size":"0"},"bucket 59":{"count":"0","size":"0"},"bucket 60":{"count":"0","size":"0"},"bucket 61":{"count":"0","size":"0"},"bucket 62":{"count":"0","size":"0"},"bucket 63":{"count":"0","size":"0"},"bucket 64":{"count":"0","size":"0"},"bucket 65":{"count":"0","size":"0"}}},"network":{"channels":{"count":"9","size":"8"},"attempts":{"count":"0","size":"80"},"excluded_peers":{"peers":{"count":"0","size":"64"}},"bandwidth":{"generic":{"count":"999999949","size":"0"},"bootstrap":{"count":"5241591","size":"0"}}},"syn_cookies":{"syn_cookies":{"count":"0","size":"48"},"syn_cookies_per_ip":{"count":"1","size":"8"}},"telemetry":{"telemetries":{"count":"5","size":"352"}},"wallets":{"items":{"count":"1","size":"256"}},"vote_processor":{"votes":{"count":"0","size":"16"},"queue":{"queues":{"count":"0","size":"64"},"total_size":{"count":"0","size":"64"}}},"rep_crawler":{"queries":{"count":"51","size":"120"},"responses":{"count":"0","size":"16"},"prioritized":{"count":"0","size":"0"}},"block_processor":{"blocks":{"count":"0","size":"8"},"forced":{"count":"0","size":"8"},"queue":{"queues":{"count":"0","size":"64"},"total_size":{"count":"0","size":"64"}}},"online_reps":{"reps":{"count":"6","size":"0"}},"history":{"history":{"count":"90083","size":"72"}},"confirming_set":{"set":{"count":"0","size":"0"},"deferred":{"count":"0","size":"0"}},"request_aggregator":{"queue":{"queues":{"count":"0","size":"56"},"total_size":{"count":"0","size":"56"}}},"election_scheduler":{"hinted":{"cooldowns":{"count":"10254","size":"96"}},"manual":{"queue":{"count":"0","size":"41"}},"optimistic":{"candidates":{"count":"3254","size":"1"}},"priority":{"blocks":{"0":{"count":"0","size":"0"},"1":{"count":"0","size":"0"},"2":{"count":"0","size":"0"},"3":{"count":"0","size":"0"},"4":{"count":"0","size":"0"},"5":{"count":"0","size":"0"},"6":{"count":"0","size":"0"},"7":{"count":"0","size":"0"},"8":{"count":"0","size":"0"},"9":{"count":"0","size":"0"},"10":{"count":"0","size":"0"},"11":{"count":"0","size":"0"},"12":{"count":"0","size":"0"},"13":{"count":"0","size":"0"},"14":{"count":"0","size":"0"},"15":{"count":"0","size":"0"},"16":{"count":"0","size":"0"},"17":{"count":"0","size":"0"},"18":{"count":"0","size":"0"},"19":{"count":"0","size":"0"},"20":{"count":"0","size":"0"},"21":{"count":"0","size":"0"},"22":{"count":"0","size":"0"},"23":{"count":"0","size":"0"},"24":{"count":"0","size":"0"},"25":{"count":"0","size":"0"},"26":{"count":"0","size":"0"},"27":{"count":"0","size":"0"},"28":{"count":"0","size":"0"},"29":{"count":"0","size":"0"},"30":{"count":"0","size":"0"},"31":{"count":"0","size":"0"},"32":{"count":"0","size":"0"},"33":{"count":"0","size":"0"},"34":{"count":"0","size":"0"},"35":{"count":"0","size":"0"},"36":{"count":"0","size":"0"},"37":{"count":"0","size":"0"},"38":{"count":"0","size":"0"},"39":{"count":"0","size":"0"},"40":{"count":"0","size":"0"},"41":{"count":"0","size":"0"},"42":{"count":"0","size":"0"},"43":{"count":"0","size":"0"},"44":{"count":"0","size":"0"},"45":{"count":"0","size":"0"},"46":{"count":"0","size":"0"},"47":{"count":"0","size":"0"},"48":{"count":"0","size":"0"},"49":{"count":"0","size":"0"},"50":{"count":"0","size":"0"},"51":{"count":"0","size":"0"},"52":{"count":"0","size":"0"},"53":{"count":"0","size":"0"},"54":{"count":"0","size":"0"},"55":{"count":"0","size":"0"},"56":{"count":"0","size":"0"},"57":{"count":"0","size":"0"},"58":{"count":"0","size":"0"},"59":{"count":"0","size":"0"},"60":{"count":"0","size":"0"},"61":{"count":"0","size":"0"},"62":{"count":"0","size":"0"}}},"ev_proc":{"prio_sched_queue":{"count":"0","size":"0"}}},"vote_cache":{"blocks":{"count":"845","size":"0"},"processor":{"count":"0","size":"0"}},"vote_generators":{"non_final":{"candidates":{"count":"0","size":"64"},"requests":{"count":"0","size":"32"}},"final":{"candidates":{"count":"0","size":"64"},"requests":{"count":"0","size":"32"}},"notar":{"candidates":{"count":"0","size":"64"},"requests":{"count":"0","size":"32"}},"timeout":{"candidates":{"count":"0","size":"64"},"requests":{"count":"0","size":"32"}}},"bootstrapper":{"query_tracker":{"running_queries":{"count":"1","size":"216"}},"peer_scoring":{"scores":{"count":"9","size":"0"}},"bootstrap_queue":{"download_queue":{"count":"0","size":"0"},"blocked":{"count":"0","size":"0"},"blocked_unknown":{"count":"0","size":"0"},"unblocked":{"count":"1","size":"0"},"downloading":{"count":"1","size":"0"},"optimistic":{"count":"0","size":"0"},"fails":{"count":"0","size":"0"},"processing":{"ready_to_process":{"count":"0","size":"0"},"processing":{"count":"0","size":"0"},"cached_blocks":{"count":"0","size":"0"}},"priorities":{"priorities":{"count":"1","size":"0"}},"download_queue_detail":{"accounts":{"count":"0","size":"0"}},"blocked_detail":{"accounts":{"count":"0","size":"0"},"by_dependency":{"count":"0","size":"0"},"by_dependency_account":{"count":"0","size":"0"},"by_timestamp":{"count":"0","size":"0"},"requested_dependencies":{"count":"0","size":"0"}}},"frontiers":{"total_processed":{"count":"6000","size":"0"}}},"unchecked":{"entries":{"count":"0","size":"0"}},"local_block_broadcaster":{"local":{"count":"0","size":"112"}},"rep_tiers":{"tier_1":{"count":"346","size":"32"},"tier_2":{"count":"27","size":"32"},"tier_3":{"count":"6","size":"32"}},"inbound_msg_queue":{"queue":{"queues":{"count":"0","size":"56"},"total_size":{"count":"0","size":"56"}}},"vote_rebroadcaster":{"queue":{"queues":{"count":"0","size":"49"},"total_size":{"count":"0","size":"49"}},"queue_total":{"count":"0","size":"0"},"queue_hashes":{"count":"0","size":"0"}},"fork_cache":{"fork_cache":{"count":"0","size":"0"}},"event_queues":{"ledger":{"count":"0","size":"0"},"aec":{"count":"0","size":"0"}},"aec_voter":{"scheduler":{"records":{"count":"28401","size":"144"},"expiry_queue":{"count":"56618","size":"112"}}},"backlog_scan":{"ev_proc":{"backlog_scan_queue":{"count":"0","size":"0"}}}}}
=== PR5 block_count ===
{"count":"45053","unchecked":"0","cemented":"45053"}
=== PR5 confirmation_active ===
{"confirmations":[],"unconfirmed":"0","confirmed":"0"}
=== PR5 stats counters ===
{"type":"counters","created":"2026.09.17 19:50:02","entries":[{"time":"19:50:02","type":"bootstrap_queue","detail":"processing_finished_failed","dir":"in","value":"45294"},{"time":"19:50:02","type":"ledger_ev_proc","detail":"ev_conf_set_near_full","dir":"in","value":"0"},{"time":"19:50:02","type":"election_bucket_activation","detail":"20","dir":"in","value":"623"},{"time":"19:50:02","type":"local_block_broadcaster","detail":"all","dir":"out","value":"0"},{"time":"19:50:02","type":"ledger_ev_proc","detail":"ev_conf_set_recovered","dir":"in","value":"0"},{"time":"19:50:02","type":"requests","detail":"requests_generated_votes","dir":"in","value":"231"},{"time":"19:50:02","type":"election_bucket_activation","detail":"23","dir":"in","value":"433"},{"time":"19:50:02","type":"election_bucket_activation","detail":"40","dir":"in","value":"522"},{"time":"19:50:02","type":"online_reps","detail":"rep_trim","dir":"in","value":"7"},{"time":"19:50:02","type":"network","detail":"loop_keepalive","dir":"in","value":"4"},{"time":"19:50:02","type":"ledger_ev_dur","detail":"dur_blocks_processed","dir":"in","value":"319"},{"time":"19:50:02","type":"message","detail":"telemetry_ack","dir":"out","value":"9"},{"time":"19:50:02","type":"election_bucket_activation","detail":"57","dir":"in","value":"1499"},{"time":"19:50:02","type":"tcp_server","detail":"confirm_req","dir":"in","value":"449"},{"time":"19:50:02","type":"tcp_listener_rejected","detail":"max_per_ip","dir":"in","value":"0"},{"time":"19:50:02","type":"election","detail":"confirmation_request","dir":"in","value":"12772"},{"time":"19:50:02","type":"election_bucket_activation","detail":"0","dir":"in","value":"1"},{"time":"19:50:02","type":"bootstrap_server","detail":"frontiers","dir":"out","value":"262031"},{"time":"19:50:02","type":"network","detail":"merge_peer","dir":"in","value":"13"},{"time":"19:50:02","type":"ledger_ev_proc","detail":"recovered","dir":"in","value":"0"},{"time":"19:50:02","type":"active_elections_stopped","detail":"expired_unconfirmed","dir":"in","value":"0"},{"time":"19:50:02","type":"bootstrap_timeout","detail":"all","dir":"in","value":"0"},{"time":"19:50:02","type":"active_elections_dropped","detail":"priority","dir":"in","value":"88"},{"time":"19:50:02","type":"active_elections_timeout","detail":"hinted","dir":"in","value":"0"},{"time":"19:50:02","type":"tcp_listener","detail":"connect_initiate","dir":"out","value":"13"},{"time":"19:50:02","type":"active_elections","detail":"cooldown","dir":"in","value":"0"},{"time":"19:50:02","type":"confirming_set","detail":"cemented","dir":"in","value":"45052"},{"time":"19:50:02","type":"telemetry","detail":"loop","dir":"in","value":"3"},{"time":"19:50:02","type":"tcp_listener_rejected","detail":"duplicate","dir":"out","value":"152"},{"time":"19:50:02","type":"confirming_set","detail":"cemented_hash","dir":"in","value":"45052"},{"time":"19:50:02","type":"optimistic_scheduler","detail":"loop","dir":"in","value":"63"},{"time":"19:50:02","type":"tcp_server","detail":"publish","dir":"in","value":"45053"},{"time":"19:50:02","type":"block_processor_result","detail":"balance_mismatch","dir":"in","value":"0"},{"time":"19:50:02","type":"bootstrap_verify_blocks","detail":"ok","dir":"in","value":"18"},{"time":"19:50:02","type":"election_scheduler","detail":"duplicate","dir":"in","value":"3"},{"time":"19:50:02","type":"bootstrap_request","detail":"all","dir":"in","value":"0"},{"time":"19:50:02","type":"message_processor","detail":"overfill","dir":"in","value":"0"},{"time":"19:50:02","type":"bootstrap_frontiers","detail":"frontiers","dir":"in","value":"4210"},{"time":"19:50:02","type":"hinting","detail":"activate","dir":"in","value":"47116"},{"time":"19:50:02","type":"election_bucket_activation","detail":"37","dir":"in","value":"761"},{"time":"19:50:02","type":"active_elections_timeout","detail":"optimistic","dir":"in","value":"0"},{"time":"19:50:02","type":"prio_sched_queue","detail":"enqueued","dir":"in","value":"112662"},{"time":"19:50:02","type":"tcp_listener_rejected","detail":"excluded","dir":"in","value":"0"},{"time":"19:50:02","type":"telemetry","detail":"broadcast","dir":"in","value":"9"},{"time":"19:50:02","type":"tcp_server","detail":"keepalive","dir":"in","value":"62"},{"time":"19:50:02","type":"bootstrap_server","detail":"loop","dir":"in","value":"493"},{"time":"19:50:02","type":"election_scheduler","detail":"loop","dir":"in","value":"43633"},{"time":"19:50:02","type":"traffic_tcp_type","detail":"bootstrap_requests","dir":"out","value":"19941"},{"time":"19:50:02","type":"tcp_listener_rejected","detail":"max_attempts","dir":"in","value":"0"},{"time":"19:50:02","type":"backlog_scan","detail":"scanned","dir":"in","value":"213437"},{"time":"19:50:02","type":"active_elections","detail":"bootstrap_stale","dir":"in","value":"1"},{"time":"19:50:02","type":"rep_tiers","detail":"updated","dir":"in","value":"7"},{"time":"19:50:02","type":"fork_cache","detail":"insert","dir":"in","value":"0"},{"time":"19:50:02","type":"message_processor_type","detail":"bulk_push","dir":"in","value":"0"},{"time":"19:50:02","type":"active_elections_dropped","detail":"optimistic","dir":"in","value":"0"},{"time":"19:50:02","type":"message_processor_type","detail":"frontier_req","dir":"in","value":"0"},{"time":"19:50:02","type":"tcp","detail":"tcp_io_timeout_drop","dir":"in","value":"0"},{"time":"19:50:02","type":"rep_crawler","detail":"query_sent","dir":"in","value":"57"},{"time":"19:50:02","type":"active_elections_started","detail":"hinted","dir":"in","value":"31"},{"time":"19:50:02","type":"bootstrap_server_request","detail":"frontiers","dir":"in","value":"601"},{"time":"19:50:02","type":"active_elections_confirmed","detail":"manual","dir":"in","value":"0"},{"time":"19:50:02","type":"election_bucket_activation","detail":"7","dir":"in","value":"242"},{"time":"19:50:02","type":"active_elections_stopped","detail":"confirmed","dir":"in","value":"45052"},{"time":"19:50:02","type":"active_elections","detail":"recovered","dir":"in","value":"0"},{"time":"19:50:02","type":"block_processor_source","detail":"local","dir":"in","value":"1"},{"time":"19:50:02","type":"vote_processor","detail":"process","dir":"in","value":"9381"},{"time":"19:50:02","type":"active_elections_cancelled","detail":"hinted","dir":"in","value":"0"},{"time":"19:50:02","type":"tcp_server","detail":"node_id_handshake","dir":"in","value":"13"},{"time":"19:50:02","type":"block_processor_source","detail":"live","dir":"in","value":"278"},{"time":"19:50:02","type":"bootstrap_reply","detail":"frontiers","dir":"in","value":"257"},{"time":"19:50:02","type":"active_elections_timeout","detail":"manual","dir":"in","value":"0"},{"time":"19:50:02","type":"election_scheduler","detail":"activate_skip","dir":"in","value":"66848"},{"time":"19:50:02","type":"election_bucket_activation","detail":"43","dir":"in","value":"358"},{"time":"19:50:02","type":"handshake","detail":"multiple_queries","dir":"in","value":"0"},{"time":"19:50:02","type":"vote_generator_final","detail":"batch","dir":"in","value":"1035"},{"time":"19:50:02","type":"message_processor_type","detail":"bulk_pull_account","dir":"in","value":"0"},{"time":"19:50:02","type":"message","detail":"confirm_ack","dir":"out","value":"13151"},{"time":"19:50:02","type":"election_bucket_activation","detail":"36","dir":"in","value":"811"},{"time":"19:50:02","type":"bootstrap_request","detail":"blocks_by_hash","dir":"in","value":"110"},{"time":"19:50:02","type":"tcp_server","detail":"handshake_error","dir":"in","value":"0"},{"time":"19:50:02","type":"bootstrap_queue","detail":"block_failed","dir":"in","value":"9"},{"time":"19:50:02","type":"confirmation_time","detail":"p50","dir":"in","value":"77"},{"time":"19:50:02","type":"rep_tiers","detail":"all","dir":"in","value":"0"},{"time":"19:50:02","type":"hinting","detail":"insert_failed","dir":"in","value":"3027"},{"time":"19:50:02","type":"backlog_scan","detail":"loop","dir":"in","value":"447"},{"time":"19:50:02","type":"tcp_listener_rejected","detail":"duplicate","dir":"in","value":"0"},{"time":"19:50:02","type":"vote_rebroadcaster","detail":"sent","dir":"in","value":"8021"},{"time":"19:50:02","type":"active_elections_started","detail":"priority","dir":"in","value":"45105"},{"time":"19:50:02","type":"drop","detail":"publish","dir":"out","value":"6"},{"time":"19:50:02","type":"active_elections","detail":"timed_out","dir":"in","value":"0"},{"time":"19:50:02","type":"boot_requester","detail":"sleep","dir":"in","value":"1182"},{"time":"19:50:02","type":"message","detail":"asc_pull_req","dir":"in","value":"959"},{"time":"19:50:02","type":"message","detail":"keepalive","dir":"in","value":"62"},{"time":"19:50:02","type":"hinting","detail":"missing_block","dir":"in","value":"137"},{"time":"19:50:02","type":"request_aggregator","detail":"all","dir":"in","value":"0"},{"time":"19:50:02","type":"confirming_set","detail":"all","dir":"in","value":"0"},{"time":"19:50:02","type":"election_bucket_activation","detail":"11","dir":"in","value":"421"},{"time":"19:50:02","type":"message","detail":"telemetry_ack","dir":"in","value":"5"},{"time":"19:50:02","type":"election_bucket_activation","detail":"15","dir":"in","value":"255"},{"time":"19:50:02","type":"bootstrap_timeout","detail":"blocks_by_hash","dir":"in","value":"3"},{"time":"19:50:02","type":"traffic_tcp_type","detail":"block_broadcast_initial","dir":"out","value":"672"},{"time":"19:50:02","type":"traffic_tcp_type","detail":"vote_rebroadcast","dir":"out","value":"46992496"},{"time":"19:50:02","type":"message_processor_type","detail":"confirm_req","dir":"in","value":"546"},{"time":"19:50:02","type":"election_bucket_activation","detail":"46","dir":"in","value":"280"},{"time":"19:50:02","type":"unchecked","detail":"satisfied","dir":"in","value":"15"},{"time":"19:50:02","type":"ledger_ev_dur","detail":"dur_activate_backlog","dir":"in","value":"0"},{"time":"19:50:02","type":"network","detail":"reachout_cached","dir":"in","value":"47"},{"time":"19:50:02","type":"tcp_server","detail":"handshake","dir":"in","value":"13"},{"time":"19:50:02","type":"confirmation_time","detail":"p90","dir":"in","value":"111"},{"time":"19:50:02","type":"confirming_set","detail":"insert","dir":"in","value":"45052"},{"time":"19:50:02","type":"block_processor_result","detail":"insufficient_work","dir":"in","value":"0"},{"time":"19:50:02","type":"vote_cache","detail":"triggered","dir":"in","value":"45140"},{"time":"19:50:02","type":"bootstrap","detail":"timeout","dir":"in","value":"12"},{"time":"19:50:02","type":"bootstrap_queue","detail":"blocked","dir":"in","value":"0"},{"time":"19:50:02","type":"bootstrap_queue","detail":"dependency_request_removed","dir":"in","value":"0"},{"time":"19:50:02","type":"vote_processor","detail":"loop","dir":"in","value":"4578"},{"time":"19:50:02","type":"block_processor_result","detail":"progress","dir":"in","value":"45052"},{"time":"19:50:02","type":"request_aggregator","detail":"request","dir":"in","value":"515"},{"time":"19:50:02","type":"bootstrap_queue","detail":"processing_started","dir":"in","value":"32"},{"time":"19:50:02","type":"block_processor_overfill","detail":"unchecked","dir":"in","value":"0"},{"time":"19:50:02","type":"active_elections","detail":"loop","dir":"in","value":"208"},{"time":"19:50:02","type":"bootstrap_queue","detail":"inserted","dir":"in","value":"75"},{"time":"19:50:02","type":"active_elections","detail":"started","dir":"in","value":"45140"},{"time":"19:50:02","type":"request_aggregator_replies","detail":"final_vote","dir":"in","value":"231"},{"time":"19:50:02","type":"network","detail":"loop_reachout_cached","dir":"in","value":"25"},{"time":"19:50:02","type":"election_bucket_activation","detail":"6","dir":"in","value":"298"},{"time":"19:50:02","type":"message","detail":"asc_pull_req","dir":"out","value":"391"},{"time":"19:50:02","type":"election_bucket_activation","detail":"31","dir":"in","value":"259"},{"time":"19:50:02","type":"local_block_broadcaster","detail":"all","dir":"in","value":"0"},{"time":"19:50:02","type":"bootstrap_reply","detail":"blocks_by_hash","dir":"in","value":"107"},{"time":"19:50:02","type":"election_scheduler","detail":"activated","dir":"in","value":"53638"},{"time":"19:50:02","type":"bootstrap_queue","detail":"download_requeued","dir":"in","value":"3"},{"time":"19:50:02","type":"confirming_set","detail":"cementing","dir":"in","value":"45052"},{"time":"19:50:02","type":"bootstrap_frontiers","detail":"prioritized","dir":"in","value":"58"},{"time":"19:50:02","type":"message","detail":"confirm_req","dir":"out","value":"562"},{"time":"19:50:02","type":"telemetry","detail":"insert","dir":"in","value":"5"},{"time":"19:50:02","type":"bootstrap_reply","detail":"blocks_by_account","dir":"in","value":"15"},{"time":"19:50:02","type":"active_elections_cancelled","detail":"priority","dir":"in","value":"0"},{"time":"19:50:02","type":"election_bucket_activation","detail":"33","dir":"in","value":"1724"},{"time":"19:50:02","type":"election_bucket_activation","detail":"60","dir":"in","value":"2348"},{"time":"19:50:02","type":"message_processor_overfill","detail":"telemetry_ack","dir":"in","value":"0"},{"time":"19:50:02","type":"local_block_broadcaster","detail":"loop","dir":"in","value":"1"},{"time":"19:50:02","type":"request_aggregator","detail":"request_hashes","dir":"in","value":"64497"},{"time":"19:50:02","type":"message_processor_overfill","detail":"telemetry_req","dir":"in","value":"0"},{"time":"19:50:02","type":"bootstrap_server_request","detail":"all","dir":"in","value":"0"},{"time":"19:50:02","type":"traffic_tcp_type","detail":"generic","dir":"out","value":"1840"},{"time":"19:50:02","type":"block_processor_result","detail":"conflict","dir":"in","value":"4"},{"time":"19:50:02","type":"vote_rebroadcaster_tier","detail":"tier3","dir":"in","value":"2764"},{"time":"19:50:02","type":"active_elections_timeout","detail":"priority","dir":"in","value":"0"},{"time":"19:50:02","type":"vote_generator","detail":"sent_non_pr","dir":"in","value":"1012"},{"time":"19:50:02","type":"active_elections_cancelled","detail":"optimistic","dir":"in","value":"0"},{"time":"19:50:02","type":"hinting","detail":"already_confirmed","dir":"in","value":"44232"},{"time":"19:50:02","type":"bootstrap_request","detail":"blocks_by_account","dir":"in","value":"15"},{"time":"19:50:02","type":"vote_rebroadcaster","detail":"rebroadcast_hashes","dir":"in","value":"480302"},{"time":"19:50:02","type":"bootstrap_process","detail":"blocks","dir":"in","value":"122"},{"time":"19:50:02","type":"bootstrap","detail":"blocks","dir":"in","value":"39"},{"time":"19:50:02","type":"aggregator","detail":"aggregator_accepted","dir":"in","value":"515"},{"time":"19:50:02","type":"traffic_tcp_type","detail":"bootstrap_server","dir":"out","value":"16904957"},{"time":"19:50:02","type":"message","detail":"all","dir":"out","value":"21544"},{"time":"19:50:02","type":"active_elections","detail":"finalized_fast","dir":"in","value":"44470"},{"time":"19:50:02","type":"election","detail":"broadcast_block_initial","dir":"in","value":"2203"},{"time":"19:50:02","type":"active_elections_stopped","detail":"expired_confirmed","dir":"in","value":"0"},{"time":"19:50:02","type":"election_bucket_activation","detail":"52","dir":"in","value":"914"},{"time":"19:50:02","type":"vote_cache","detail":"processor_overfill","dir":"in","value":"0"},{"time":"19:50:02","type":"tcp_listener_rejected","detail":"excluded","dir":"out","value":"0"},{"time":"19:50:02","type":"handshake","detail":"cookie_creation_failed","dir":"in","value":"0"},{"time":"19:50:02","type":"block_processor_result","detail":"gap_epoch_open_pending","dir":"in","value":"0"},{"time":"19:50:02","type":"election","detail":"generate_vote_final","dir":"in","value":"45052"},{"time":"19:50:02","type":"active_elections_stopped","detail":"terminated","dir":"in","value":"0"},{"time":"19:50:02","type":"prio_sched_queue","detail":"overfill","dir":"in","value":"0"},{"time":"19:50:02","type":"ledger_ev_proc","detail":"ev_blocks_processed","dir":"in","value":"35714"},{"time":"19:50:02","type":"message","detail":"confirm_req","dir":"in","value":"546"},{"time":"19:50:02","type":"local_block_broadcaster","detail":"cemented","dir":"in","value":"1"},{"time":"19:50:02","type":"election_bucket_activation","detail":"13","dir":"in","value":"339"},{"time":"19:50:02","type":"election_bucket","detail":"activate_failed_duplicate","dir":"in","value":"7923"},{"time":"19:50:02","type":"block_processor_overfill","detail":"bootstrap","dir":"in","value":"0"},{"time":"19:50:02","type":"message_processor_overfill","detail":"not_a_type","dir":"in","value":"0"},{"time":"19:50:02","type":"election_bucket_activation","detail":"5","dir":"in","value":"376"},{"time":"19:50:02","type":"block_processor_result","detail":"old","dir":"in","value":"274"},{"time":"19:50:02","type":"tcp_listener_rejected","detail":"not_a_peer","dir":"out","value":"21"},{"time":"19:50:02","type":"election_bucket_activation","detail":"62","dir":"in","value":"709"},{"time":"19:50:02","type":"message","detail":"asc_pull_ack","dir":"in","value":"379"},{"time":"19:50:02","type":"election_bucket_activation","detail":"1","dir":"in","value":"123"},{"time":"19:50:02","type":"peer_history","detail":"updated","dir":"in","value":"15"},{"time":"19:50:02","type":"requests","detail":"requests_generated_hashes","dir":"in","value":"6950"},{"time":"19:50:02","type":"bootstrap_queue","detail":"upgraded","dir":"in","value":"3"},{"time":"19:50:02","type":"rep_tiers","detail":"ignored","dir":"in","value":"17121"},{"time":"19:50:02","type":"local_block_broadcaster","detail":"insert","dir":"in","value":"1"},{"time":"19:50:02","type":"tcp","detail":"tcp_write_error","dir":"out","value":"0"},{"time":"19:50:02","type":"message_processor_type","detail":"confirm_ack","dir":"in","value":"3678"},{"time":"19:50:02","type":"election_bucket_activation","detail":"16","dir":"in","value":"2015"},{"time":"19:50:02","type":"rep_tiers","detail":"loop","dir":"in","value":"7"},{"time":"19:50:02","type":"tcp_listener_rejected","detail":"max_attempts","dir":"out","value":"0"},{"time":"19:50:02","type":"tcp_channels","detail":"all","dir":"in","value":"0"},{"time":"19:50:02","type":"block_processor","detail":"throttled","dir":"in","value":"0"},{"time":"19:50:02","type":"bootstrap_queue","detail":"not_found","dir":"in","value":"43"},{"time":"19:50:02","type":"ledger_ev_proc","detail":"ev_blocks_confirmed","dir":"in","value":"3241"},{"time":"19:50:02","type":"block_processor_source","detail":"unchecked","dir":"in","value":"15"},{"time":"19:50:02","type":"bootstrap","detail":"reply","dir":"in","value":"379"},{"time":"19:50:02","type":"active_elections","detail":"stopped","dir":"in","value":"45140"},{"time":"19:50:02","type":"vote_generator","detail":"batch","dir":"in","value":"1253"},{"time":"19:50:02","type":"tcp_server","detail":"asc_pull_req","dir":"in","value":"959"},{"time":"19:50:02","type":"tcp_channels","detail":"channel_accepted","dir":"in","value":"9"},{"time":"19:50:02","type":"active_elections_stopped","detail":"cancelled","dir":"in","value":"0"},{"time":"19:50:02","type":"message_processor_type","detail":"invalid","dir":"in","value":"0"},{"time":"19:50:02","type":"bootstrap_queue","detail":"dependency_update","dir":"in","value":"0"},{"time":"19:50:02","type":"election","detail":"broadcast_block_repeat","dir":"in","value":"0"},{"time":"19:50:02","type":"network","detail":"all","dir":"in","value":"0"},{"time":"19:50:02","type":"block_processor_source","detail":"live_originator","dir":"in","value":"45019"},{"time":"19:50:02","type":"election_bucket_activation","detail":"42","dir":"in","value":"488"},{"time":"19:50:02","type":"bootstrap_frontiers","detail":"pending","dir":"in","value":"48"},{"time":"19:50:02","type":"bootstrap_frontiers","detail":"invalid","dir":"in","value":"0"},{"time":"19:50:02","type":"vote_rebroadcaster","detail":"representatives_full","dir":"in","value":"0"},{"time":"19:50:02","type":"vote_rebroadcaster","detail":"overfill","dir":"in","value":"2141"},{"time":"19:50:02","type":"active_elections","detail":"activate_immediately","dir":"in","value":"42957"},{"time":"19:50:02","type":"block_processor_result","detail":"negative_spend","dir":"in","value":"0"},{"time":"19:50:02","type":"vote_rebroadcaster_tier","detail":"tier1","dir":"in","value":"0"},{"time":"19:50:02","type":"active_elections_confirmed","detail":"optimistic","dir":"in","value":"0"},{"time":"19:50:02","type":"active_elections_stopped","detail":"timed_out","dir":"in","value":"0"},{"time":"19:50:02","type":"bootstrap_server","detail":"blocks","dir":"out","value":"369"},{"time":"19:50:02","type":"election_bucket_activation","detail":"49","dir":"in","value":"2595"},{"time":"19:50:02","type":"vote_generator_final","detail":"sent_pr","dir":"in","value":"1437"},{"time":"19:50:02","type":"handshake","detail":"missing_cookie","dir":"in","value":"0"},{"time":"19:50:02","type":"handshake","detail":"invalid_node_id","dir":"in","value":"0"},{"time":"19:50:02","type":"block_processor_result","detail":"bad_signature","dir":"in","value":"0"},{"time":"19:50:02","type":"bootstrap_process","detail":"frontiers","dir":"in","value":"257"},{"time":"19:50:02","type":"message_processor","detail":"process","dir":"in","value":"50926"},{"time":"19:50:02","type":"bootstrap_timeout","detail":"frontiers","dir":"in","value":"9"},{"time":"19:50:02","type":"vote_rebroadcaster","detail":"cooldown","dir":"in","value":"0"},{"time":"19:50:02","type":"election_bucket_activation","detail":"3","dir":"in","value":"166"},{"time":"19:50:02","type":"election_bucket_activation","detail":"51","dir":"in","value":"1180"},{"time":"19:50:02","type":"election_bucket_activation","detail":"21","dir":"in","value":"558"},{"time":"19:50:02","type":"block_processor","detail":"process_blocking_timeout","dir":"in","value":"0"},{"time":"19:50:02","type":"bootstrap_process","detail":"account_info","dir":"in","value":"0"},{"time":"19:50:02","type":"bootstrap_server_response","detail":"all","dir":"in","value":"0"},{"time":"19:50:02","type":"active_elections","detail":"all","dir":"in","value":"0"},{"time":"19:50:02","type":"vote_generator","detail":"generator_broadcasts","dir":"in","value":"254"},{"time":"19:50:02","type":"message","detail":"asc_pull_ack","dir":"out","value":"950"},{"time":"19:50:02","type":"message","detail":"all","dir":"in","value":"0"},{"time":"19:50:02","type":"rep_crawler","detail":"response","dir":"in","value":"11"},{"time":"19:50:02","type":"traffic_tcp_type","detail":"block_broadcast","dir":"out","value":"1377152"},{"time":"19:50:02","type":"tcp_server","detail":"handshake_initiate","dir":"out","value":"7"},{"time":"19:50:02","type":"active_elections_dropped","detail":"hinted","dir":"in","value":"0"},{"time":"19:50:02","type":"vote_processor_tier","detail":"all","dir":"in","value":"0"},{"time":"19:50:02","type":"vote_processor_tier","detail":"none","dir":"in","value":"15"},{"time":"19:50:02","type":"vote_rebroadcaster","detail":"process","dir":"in","value":"6684"},{"time":"19:50:02","type":"boot_requester","detail":"queries_overfill","dir":"in","value":"0"},{"time":"19:50:02","type":"vote_generator","detail":"all","dir":"in","value":"0"},{"time":"19:50:02","type":"bootstrap_frontiers","detail":"processed","dir":"in","value":"4210"},{"time":"19:50:02","type":"peer_history","detail":"inserted","dir":"in","value":"5"},{"time":"19:50:02","type":"tcp_listener_rejected","detail":"max_per_ip","dir":"out","value":"0"},{"time":"19:50:02","type":"election_bucket","detail":"activate_success","dir":"in","value":"45113"},{"time":"19:50:02","type":"peer_history","detail":"loop","dir":"in","value":"5"},{"time":"19:50:02","type":"active_elections","detail":"finalized_final","dir":"in","value":"582"},{"time":"19:50:02","type":"election_bucket_activation","detail":"47","dir":"in","value":"307"},{"time":"19:50:02","type":"election_bucket_activation","detail":"24","dir":"in","value":"421"},{"time":"19:50:02","type":"block_processor_overfill","detail":"live_originator","dir":"in","value":"0"},{"time":"19:50:02","type":"bootstrap_verify_blocks","detail":"invalid","dir":"in","value":"0"},{"time":"19:50:02","type":"rep_crawler","detail":"crawl_aggressive","dir":"in","value":"6"},{"time":"19:50:02","type":"tcp_listener","detail":"attempt_timeout","dir":"in","value":"0"},{"time":"19:50:02","type":"tcp_listener","detail":"accept_failure","dir":"in","value":"0"},{"time":"19:50:02","type":"bootstrap_queue","detail":"processing_finished","dir":"in","value":"32"},{"time":"19:50:02","type":"hinting","detail":"insert","dir":"in","value":"31"},{"time":"19:50:02","type":"tcp_server","detail":"telemetry_ack","dir":"in","value":"5"},{"time":"19:50:02","type":"event_proc_duration","detail":"ledger_ev_queue","dir":"in","value":"1754418"},{"time":"19:50:02","type":"block_processor_overfill","detail":"live","dir":"in","value":"0"},{"time":"19:50:02","type":"election_bucket_activation","detail":"19","dir":"in","value":"662"},{"time":"19:50:02","type":"ledger_ev_dur","detail":"dur_conf_set_near_full","dir":"in","value":"0"},{"time":"19:50:02","type":"active_elections","detail":"terminated","dir":"in","value":"45064"},{"time":"19:50:02","type":"boot_requester","detail":"wait_dependency_missing","dir":"in","value":"1038"},{"time":"19:50:02","type":"vote_generator_final","detail":"generator_replies","dir":"in","value":"231"},{"time":"19:50:02","type":"vote_rebroadcaster","detail":"rebroadcast_unnecessary","dir":"in","value":"184"},{"time":"19:50:02","type":"vote_processor","detail":"all","dir":"in","value":"0"},{"time":"19:50:02","type":"election_bucket_activation","detail":"14","dir":"in","value":"342"},{"time":"19:50:02","type":"bootstr_acc_ack_proc","detail":"account_info_empty","dir":"in","value":"0"},{"time":"19:50:02","type":"election_bucket_activation","detail":"2","dir":"in","value":"334"},{"time":"19:50:02","type":"ledger_ev_proc","detail":"ev_blocks_confirmed_total","dir":"in","value":"45052"},{"time":"19:50:02","type":"message_processor_overfill","detail":"bulk_pull_account","dir":"in","value":"0"},{"time":"19:50:02","type":"active_elections_stopped","detail":"settled","dir":"in","value":"12"},{"time":"19:50:02","type":"backlog_scan","detail":"activated","dir":"in","value":"8373"},{"time":"19:50:02","type":"election","detail":"generate_vote_normal","dir":"in","value":"44910"},{"time":"19:50:02","type":"vote_generator_final","detail":"sent_non_pr","dir":"in","value":"1016"},{"time":"19:50:02","type":"handshake","detail":"ok","dir":"in","value":"9"},{"time":"19:50:02","type":"bootstrap_frontiers","detail":"ok","dir":"in","value":"232"},{"time":"19:50:02","type":"message","detail":"keepalive","dir":"out","value":"86"},{"time":"19:50:02","type":"peer_history","detail":"all","dir":"in","value":"0"},{"time":"19:50:02","type":"election_bucket_activation","detail":"50","dir":"in","value":"1728"},{"time":"19:50:02","type":"confirming_set","detail":"loop","dir":"in","value":"5146"},{"time":"19:50:02","type":"block_processor_result","detail":"unreceivable","dir":"in","value":"0"},{"time":"19:50:02","type":"election_bucket_activation","detail":"45","dir":"in","value":"385"},{"time":"19:50:02","type":"ev_proc_duration","detail":"backlog_scan_queue","dir":"in","value":"98275"},{"time":"19:50:02","type":"ledger_ev_dur","detail":"dur_blocks_confirmed","dir":"in","value":"37"},{"time":"19:50:02","type":"traffic_tcp_type","detail":"rep_crawler","dir":"out","value":"3240"},{"time":"19:50:02","type":"backlog_scan_queue","detail":"enqueued","dir":"in","value":"569"},{"time":"19:50:02","type":"vote_generator","detail":"sent_pr","dir":"in","value":"1434"},{"time":"19:50:02","type":"bootstrap_queue","detail":"download_started","dir":"in","value":"125"},{"time":"19:50:02","type":"message","detail":"confirm_ack","dir":"in","value":"3678"},{"time":"19:50:02","type":"traffic_tcp_type","detail":"confirmation_requests","dir":"out","value":"3402720"},{"time":"19:50:02","type":"confirmation_time","detail":"p95","dir":"in","value":"116"},{"time":"19:50:02","type":"vote_rebroadcaster_tier","detail":"none","dir":"in","value":"0"},{"time":"19:50:02","type":"filter","detail":"duplicate_confirm_ack_message","dir":"in","value":"4197"},{"time":"19:50:02","type":"election_bucket_activation","detail":"53","dir":"in","value":"650"},{"time":"19:50:02","type":"message_processor_overfill","detail":"node_id_handshake","dir":"in","value":"0"},{"time":"19:50:02","type":"message_processor_overfill","detail":"keepalive","dir":"in","value":"0"},{"time":"19:50:02","type":"bootstrap_server","detail":"response","dir":"out","value":"950"},{"time":"19:50:02","type":"bootstrap_queue","detail":"remove_failed","dir":"in","value":"0"},{"time":"19:50:02","type":"traffic_tcp_type","detail":"block_broadcast_rpc","dir":"out","value":"0"},{"time":"19:50:02","type":"ledger_ev_proc","detail":"ev_blocks_rolled_back","dir":"in","value":"0"},{"time":"19:50:02","type":"vote_processor_tier","detail":"tier3","dir":"in","value":"9366"},{"time":"19:50:02","type":"confirmation_height","detail":"all","dir":"in","value":"0"},{"time":"19:50:02","type":"rep_crawler","detail":"crawl_normal","dir":"in","value":"6"},{"time":"19:50:02","type":"active_elections_started","detail":"optimistic","dir":"in","value":"4"},{"time":"19:50:02","type":"election_bucket_activation","detail":"58","dir":"in","value":"815"},{"time":"19:50:02","type":"traffic_tcp","detail":"all","dir":"in","value":"55070706"},{"time":"19:50:02","type":"traffic_tcp","detail":"all","dir":"out","value":"95306716"},{"time":"19:50:02","type":"confirmation_height","detail":"blocks_confirmed","dir":"in","value":"45052"},{"time":"19:50:02","type":"telemetry","detail":"process","dir":"in","value":"5"},{"time":"19:50:02","type":"bootstrap_queue","detail":"reprocess","dir":"in","value":"0"},{"time":"19:50:02","type":"message","detail":"publish","dir":"in","value":"45297"},{"time":"19:50:02","type":"active_elections","detail":"confirmed","dir":"in","value":"45052"},{"time":"19:50:02","type":"election_bucket_activation","detail":"44","dir":"in","value":"332"},{"time":"19:50:02","type":"tcp_server","detail":"asc_pull_ack","dir":"in","value":"379"},{"time":"19:50:02","type":"optimistic_scheduler","detail":"activated","dir":"in","value":"3235"},{"time":"19:50:02","type":"boot_requester","detail":"no_channel","dir":"in","value":"1226"},{"time":"19:50:02","type":"election_bucket","detail":"cancel_lowest","dir":"in","value":"0"},{"time":"19:50:02","type":"election_bucket_activation","detail":"29","dir":"in","value":"290"},{"time":"19:50:02","type":"tcp_listener_rejected","detail":"max_per_subnetwork","dir":"out","value":"0"},{"time":"19:50:02","type":"election_bucket_activation","detail":"41","dir":"in","value":"413"},{"time":"19:50:02","type":"bootstrap_server_request","detail":"blocks","dir":"in","value":"358"},{"time":"19:50:02","type":"election_bucket_activation","detail":"22","dir":"in","value":"466"},{"time":"19:50:02","type":"election_bucket_activation","detail":"32","dir":"in","value":"2608"},{"time":"19:50:02","type":"block_processor_source","detail":"forced","dir":"in","value":"0"},{"time":"19:50:02","type":"election_bucket_activation","detail":"28","dir":"in","value":"270"},{"time":"19:50:02","type":"vote_rebroadcaster","detail":"rebroadcast","dir":"in","value":"2764"},{"time":"19:50:02","type":"message_processor_overfill","detail":"confirm_ack","dir":"in","value":"0"},{"time":"19:50:02","type":"traffic_tcp_type","detail":"vote","dir":"out","value":"26588736"},{"time":"19:50:02","type":"election","detail":"all","dir":"in","value":"0"},{"time":"19:50:02","type":"active_elections_confirmed","detail":"priority","dir":"in","value":"45025"},{"time":"19:50:02","type":"active_elections","detail":"unconfirmed","dir":"in","value":"88"},{"time":"19:50:02","type":"election_bucket_activation","detail":"39","dir":"in","value":"570"},{"time":"19:50:02","type":"block_processor_overfill","detail":"local","dir":"in","value":"0"},{"time":"19:50:02","type":"traffic_tcp_type","detail":"vote_reply","dir":"out","value":"0"},{"time":"19:50:02","type":"bootstrap_queue","detail":"reprocess_failed","dir":"in","value":"4"},{"time":"19:50:02","type":"bootstrap_server_response","detail":"frontiers","dir":"in","value":"600"},{"time":"19:50:02","type":"active_elections_stopped","detail":"passive","dir":"in","value":"19"},{"time":"19:50:02","type":"election_bucket_activation","detail":"26","dir":"in","value":"300"},{"time":"19:50:02","type":"election_bucket_activation","detail":"12","dir":"in","value":"388"},{"time":"19:50:02","type":"backlog_scan_queue","detail":"overfill","dir":"in","value":"0"},{"time":"19:50:02","type":"rep_crawler","detail":"query_completion","dir":"in","value":"6"},{"time":"19:50:02","type":"election_bucket_activation","detail":"18","dir":"in","value":"814"},{"time":"19:50:02","type":"tcp_server","detail":"confirm_ack","dir":"in","value":"3164"},{"time":"19:50:02","type":"election_scheduler","detail":"activate_failed","dir":"in","value":"546"},{"time":"19:50:02","type":"traffic_tcp_type","detail":"keepalive","dir":"out","value":"13072"},{"time":"19:50:02","type":"tcp_listener_rejected","detail":"max_per_subnetwork","dir":"in","value":"0"},{"time":"19:50:02","type":"ledger_ev_proc","detail":"ev_blocks_rolled_back_total","dir":"in","value":"0"},{"time":"19:50:02","type":"vote_rebroadcaster","detail":"all","dir":"in","value":"0"},{"time":"19:50:02","type":"bootstrap_server","detail":"cooldown","dir":"in","value":"300"},{"time":"19:50:02","type":"bootstrap_verify_blocks","detail":"nothing_new","dir":"in","value":"104"},{"time":"19:50:02","type":"block_processor","detail":"enqueued","dir":"in","value":"45345"},{"time":"19:50:02","type":"block_processor","detail":"overfill","dir":"in","value":"0"},{"time":"19:50:02","type":"message_processor_type","detail":"bulk_pull","dir":"in","value":"0"},{"time":"19:50:02","type":"bootstrap_queue","detail":"dependency_requested","dir":"in","value":"0"},{"time":"19:50:02","type":"election_bucket_activation","detail":"61","dir":"in","value":"281"},{"time":"19:50:02","type":"ledger_ev_proc","detail":"processed","dir":"in","value":"38955"},{"time":"19:50:02","type":"election_bucket_activation","detail":"9","dir":"in","value":"781"},{"time":"19:50:02","type":"message_processor_overfill","detail":"bulk_push","dir":"in","value":"0"},{"time":"19:50:02","type":"vote_generator_final","detail":"generator_broadcasts","dir":"in","value":"257"},{"time":"19:50:02","type":"election_bucket_activation","detail":"27","dir":"in","value":"285"},{"time":"19:50:02","type":"handshake","detail":"empty_response","dir":"in","value":"0"},{"time":"19:50:02","type":"request_aggregator_replies","detail":"all","dir":"in","value":"0"},{"time":"19:50:02","type":"election_bucket_activation","detail":"8","dir":"in","value":"1111"},{"time":"19:50:02","type":"optimistic_scheduler","detail":"insert","dir":"in","value":"4"},{"time":"19:50:02","type":"bootstrap_server","detail":"request","dir":"in","value":"959"},{"time":"19:50:02","type":"vote_cache","detail":"top","dir":"in","value":"62"},{"time":"19:50:02","type":"election_bucket_activation","detail":"30","dir":"in","value":"214"},{"time":"19:50:02","type":"bootstrap_frontiers","detail":"nothing_new","dir":"in","value":"25"},{"time":"19:50:02","type":"election_bucket","detail":"replaced","dir":"in","value":"88"},{"time":"19:50:02","type":"block_processor_result","detail":"representative_mismatch","dir":"in","value":"0"},{"time":"19:50:02","type":"message_processor_overfill","detail":"confirm_req","dir":"in","value":"0"},{"time":"19:50:02","type":"vote_generator_final","detail":"all","dir":"in","value":"0"},{"time":"19:50:02","type":"active_elections_started","detail":"manual","dir":"in","value":"0"},{"time":"19:50:02","type":"bootstrap_queue","detail":"unblocked","dir":"in","value":"0"},{"time":"19:50:02","type":"election_bucket_activation","detail":"38","dir":"in","value":"602"},{"time":"19:50:02","type":"aggregator","detail":"all","dir":"in","value":"0"},{"time":"19:50:02","type":"active_elections_confirmed","detail":"hinted","dir":"in","value":"27"},{"time":"19:50:02","type":"bootstrap_server","detail":"all","dir":"out","value":"0"},{"time":"19:50:02","type":"election_bucket_activation","detail":"25","dir":"in","value":"360"},{"time":"19:50:02","type":"vote_rebroadcaster","detail":"already_rebroadcasted","dir":"in","value":"3736"},{"time":"19:50:02","type":"ev_proc_duration","detail":"prio_sched_queue","dir":"in","value":"3161820"},{"time":"19:50:02","type":"message_processor_overfill","detail":"bulk_pull","dir":"in","value":"0"},{"time":"19:50:02","type":"bootstrap_frontiers","detail":"outdated","dir":"in","value":"58"},{"time":"19:50:02","type":"tcp","detail":"tcp_read_error","dir":"in","value":"7"},{"time":"19:50:02","type":"election_bucket","detail":"activate_failed_confirmed","dir":"in","value":"602"},{"time":"19:50:02","type":"election_vote","detail":"replayed","dir":"in","value":"4866"},{"time":"19:50:02","type":"message_processor_overfill","detail":"asc_pull_ack","dir":"in","value":"0"},{"time":"19:50:02","type":"bootstrap","detail":"all","dir":"in","value":"0"},{"time":"19:50:02","type":"tcp_listener","detail":"accept_rejected","dir":"in","value":"0"},{"time":"19:50:02","type":"block_processor_source","detail":"bootstrap","dir":"in","value":"32"},{"time":"19:50:02","type":"bootstrap_queue","detail":"trim_download_queue","dir":"in","value":"0"},{"time":"19:50:02","type":"block_processor_result","detail":"opened_burn_account","dir":"in","value":"0"},{"time":"19:50:02","type":"vote_cache","detail":"processed","dir":"in","value":"45140"},{"time":"19:50:02","type":"traffic_tcp_type","detail":"telemetry","dir":"out","value":"1890"},{"time":"19:50:02","type":"bootstrap_reply","detail":"all","dir":"in","value":"0"},{"time":"19:50:02","type":"drop","detail":"all","dir":"out","value":"6"},{"time":"19:50:02","type":"hinting","detail":"activate_immediate","dir":"in","value":"310"},{"time":"19:50:02","type":"unchecked","detail":"put","dir":"in","value":"15"},{"time":"19:50:02","type":"block_processor_result","detail":"gap_source","dir":"in","value":"9"},{"time":"19:50:02","type":"tcp_listener_rejected","detail":"not_a_peer","dir":"in","value":"0"},{"time":"19:50:02","type":"message_processor_type","detail":"publish","dir":"in","value":"45297"},{"time":"19:50:02","type":"network","detail":"reachout_live","dir":"in","value":"118"},{"time":"19:50:02","type":"tcp_listener","detail":"connect_rejected","dir":"out","value":"173"},{"time":"19:50:02","type":"block_processor_result","detail":"fork","dir":"in","value":"0"},{"time":"19:50:02","type":"rep_crawler","detail":"all","dir":"in","value":"0"},{"time":"19:50:02","type":"election_vote","detail":"direct","dir":"in","value":"233526"},{"time":"19:50:02","type":"message_processor_type","detail":"asc_pull_ack","dir":"in","value":"379"},{"time":"19:50:02","type":"bootstrap_queue","detail":"removed","dir":"in","value":"0"},{"time":"19:50:02","type":"election","detail":"vote","dir":"in","value":"238393"},{"time":"19:50:02","type":"bootstrap_queue","detail":"deprioritized","dir":"in","value":"76"},{"time":"19:50:02","type":"vote_generator","detail":"queue","dir":"in","value":"44910"},{"time":"19:50:02","type":"message_processor_overfill","detail":"publish","dir":"in","value":"0"},{"time":"19:50:02","type":"election_scheduler","detail":"all","dir":"in","value":"0"},{"time":"19:50:02","type":"election_bucket_activation","detail":"48","dir":"in","value":"5567"},{"time":"19:50:02","type":"election_bucket_activation","detail":"56","dir":"in","value":"5711"},{"time":"19:50:02","type":"active_elections","detail":"block_conflict","dir":"in","value":"0"},{"time":"19:50:02","type":"message","detail":"publish","dir":"out","value":"6395"},{"time":"19:50:02","type":"hinting","detail":"dependent_unconfirmed","dir":"in","value":"8"},{"time":"19:50:02","type":"rep_crawler","detail":"loop","dir":"in","value":"31"},{"time":"19:50:02","type":"message_processor_type","detail":"asc_pull_req","dir":"in","value":"959"},{"time":"19:50:02","type":"ledger_ev_dur","detail":"dur_confirmation_failed","dir":"in","value":"0"},{"time":"19:50:02","type":"local_block_broadcaster","detail":"broadcast","dir":"out","value":"1"},{"time":"19:50:02","type":"bootstrap_queue","detail":"trim_blocked","dir":"in","value":"0"},{"time":"19:50:02","type":"tcp_server","detail":"all","dir":"in","value":"0"},{"time":"19:50:02","type":"block_processor_overfill","detail":"forced","dir":"in","value":"0"},{"time":"19:50:02","type":"requests","detail":"all","dir":"in","value":"0"},{"time":"19:50:02","type":"message_processor_type","detail":"not_a_type","dir":"in","value":"0"},{"time":"19:50:02","type":"telemetry","detail":"all","dir":"in","value":"0"},{"time":"19:50:02","type":"election_bucket_activation","detail":"34","dir":"in","value":"1313"},{"time":"19:50:02","type":"confirmation_observer","detail":"active_confirmation_height","dir":"in","value":"0"},{"time":"19:50:02","type":"filter","detail":"duplicate_publish_message","dir":"in","value":"3803"},{"time":"19:50:02","type":"requests","detail":"requests_unknown","dir":"in","value":"712"},{"time":"19:50:02","type":"block_processor_result","detail":"block_position","dir":"in","value":"0"},{"time":"19:50:02","type":"message_processor_overfill","detail":"frontier_req","dir":"in","value":"0"},{"time":"19:50:02","type":"bootstrap_queue","detail":"processing_started_reverted","dir":"in","value":"0"},{"time":"19:50:02","type":"filter","detail":"all","dir":"in","value":"0"},{"time":"19:50:02","type":"active_elections_cancelled","detail":"manual","dir":"in","value":"0"},{"time":"19:50:02","type":"tcp_listener","detail":"connect_error","dir":"out","value":"0"},{"time":"19:50:02","type":"requests","detail":"requests_non_final","dir":"in","value":"56835"},{"time":"19:50:02","type":"message_processor_overfill","detail":"invalid","dir":"in","value":"0"},{"time":"19:50:02","type":"bootstrap_queue","detail":"download_start_failed","dir":"in","value":"0"},{"time":"19:50:02","type":"ledger_ev_proc","detail":"cool_down","dir":"in","value":"0"},{"time":"19:50:02","type":"election_bucket_activation","detail":"10","dir":"in","value":"586"},{"time":"19:50:02","type":"bootstrap_queue","detail":"decayed_blocked","dir":"in","value":"0"},{"time":"19:50:02","type":"active_elections","detail":"settled","dir":"in","value":"44726"},{"time":"19:50:02","type":"bootstrap_server","detail":"all","dir":"in","value":"0"},{"time":"19:50:02","type":"vote_cache","detail":"inserted","dir":"in","value":"240265"},{"time":"19:50:02","type":"ledger_ev_dur","detail":"dur_blocks_rolled_back","dir":"in","value":"0"},{"time":"19:50:02","type":"election_bucket_activation","detail":"35","dir":"in","value":"982"},{"time":"19:50:02","type":"active_elections_dropped","detail":"manual","dir":"in","value":"0"},{"time":"19:50:02","type":"boot_requester","detail":"wait_next_download","dir":"in","value":"1038"},{"time":"19:50:02","type":"message_processor_type","detail":"telemetry_req","dir":"in","value":"0"},{"time":"19:50:02","type":"vote_rebroadcaster_tier","detail":"tier2","dir":"in","value":"0"},{"time":"19:50:02","type":"bootstrap_server_response","detail":"blocks","dir":"in","value":"350"},{"time":"19:50:02","type":"message_processor_type","detail":"node_id_handshake","dir":"in","value":"0"},{"time":"19:50:02","type":"bootstrap_queue","detail":"download_finished_failed","dir":"in","value":"0"},{"time":"19:50:02","type":"hinting","detail":"all","dir":"in","value":"0"},{"time":"19:50:02","type":"rep_tiers","detail":"processed","dir":"in","value":"17858"},{"time":"19:50:02","type":"confirmation_time","detail":"p99","dir":"in","value":"124"},{"time":"19:50:02","type":"active_elections_stopped","detail":"active","dir":"in","value":"57"},{"time":"19:50:02","type":"vote_generator_final","detail":"queue","dir":"in","value":"45052"},{"time":"19:50:02","type":"bootstrap_queue","detail":"download_finished","dir":"in","value":"122"},{"time":"19:50:02","type":"confirmation_observer","detail":"active_quorum","dir":"in","value":"45052"},{"time":"19:50:02","type":"election_bucket_activation","detail":"59","dir":"in","value":"451"},{"time":"19:50:02","type":"hinting","detail":"loop","dir":"in","value":"63"},{"time":"19:50:02","type":"optimistic_scheduler","detail":"insert_failed","dir":"in","value":"24"},{"time":"19:50:02","type":"election_bucket_activation","detail":"17","dir":"in","value":"1091"},{"time":"19:50:02","type":"ledger_ev_dur","detail":"dur_dependent_elections","dir":"in","value":"37"},{"time":"19:50:02","type":"confirmation_observer","detail":"inactive","dir":"in","value":"0"},{"time":"19:50:02","type":"bootstrap_request","detail":"frontiers","dir":"in","value":"266"},{"time":"19:50:02","type":"ledger_ev_dur","detail":"dur_conf_set_recovered","dir":"in","value":"0"},{"time":"19:50:02","type":"block_processor_result","detail":"gap_previous","dir":"in","value":"6"},{"time":"19:50:02","type":"election_bucket_activation","detail":"55","dir":"in","value":"503"},{"time":"19:50:02","type":"tcp_listener","detail":"accept_success","dir":"in","value":"7"},{"time":"19:50:02","type":"election_bucket_activation","detail":"4","dir":"in","value":"703"},{"time":"19:50:02","type":"bootstrap_frontiers","detail":"all","dir":"in","value":"0"},{"time":"19:50:02","type":"election_bucket_activation","detail":"54","dir":"in","value":"707"},{"time":"19:50:02","type":"rep_crawler","detail":"keepalive","dir":"in","value":"16"},{"time":"19:50:02","type":"unchecked","detail":"duplicate","dir":"in","value":"0"},{"time":"19:50:02","type":"tcp_listener","detail":"connect_success","dir":"out","value":"7"},{"time":"19:50:02","type":"handshake","detail":"invalid_signature","dir":"in","value":"0"},{"time":"19:50:02","type":"message_processor_type","detail":"keepalive","dir":"in","value":"62"},{"time":"19:50:02","type":"message_processor_type","detail":"telemetry_ack","dir":"in","value":"5"},{"time":"19:50:02","type":"message_processor_overfill","detail":"asc_pull_req","dir":"in","value":"0"},{"time":"19:50:02","type":"requests","detail":"requests_final","dir":"in","value":"6950"},{"time":"19:50:02","type":"bootstrap","detail":"request","dir":"in","value":"391"},{"time":"19:50:02","type":"handshake","detail":"invalid_genesis","dir":"in","value":"0"},{"time":"19:50:02","type":"boot_requester","detail":"rate_limit","dir":"in","value":"0"},{"time":"19:50:02","type":"ledger_ev_proc","detail":"ev_blocks_processed_total","dir":"in","value":"45345"},{"time":"19:50:02","type":"election_vote","detail":"forwarded","dir":"in","value":"1"}],"stat_duration_seconds":"62"}
=== PR5 stats objects ===
{"node":{"work":{"pending":{"count":"0","size":"56"}},"ledger":{"rep_weights":{"rep_weights":{"count":"11556","size":"48"}}},"active":{"roots":{"count":"0","size":"3488"},"slots":{"count":"0","size":"168"},"normal":{"count":"0","size":"0"},"hinted":{"count":"0","size":"0"},"optimistic":{"count":"0","size":"0"},"recently_confirmed":{"confirmed":{"count":"45052","size":"160"}},"vote_router":{"elections":{"count":"0","size":"96"}},"buckets":{"bucket 0":{"count":"0","size":"0"},"bucket 1":{"count":"0","size":"0"},"bucket 2":{"count":"0","size":"0"},"bucket 3":{"count":"0","size":"0"},"bucket 4":{"count":"0","size":"0"},"bucket 5":{"count":"0","size":"0"},"bucket 6":{"count":"0","size":"0"},"bucket 7":{"count":"0","size":"0"},"bucket 8":{"count":"0","size":"0"},"bucket 9":{"count":"0","size":"0"},"bucket 10":{"count":"0","size":"0"},"bucket 11":{"count":"0","size":"0"},"bucket 12":{"count":"0","size":"0"},"bucket 13":{"count":"0","size":"0"},"bucket 14":{"count":"0","size":"0"},"bucket 15":{"count":"0","size":"0"},"bucket 16":{"count":"0","size":"0"},"bucket 17":{"count":"0","size":"0"},"bucket 18":{"count":"0","size":"0"},"bucket 19":{"count":"0","size":"0"},"bucket 20":{"count":"0","size":"0"},"bucket 21":{"count":"0","size":"0"},"bucket 22":{"count":"0","size":"0"},"bucket 23":{"count":"0","size":"0"},"bucket 24":{"count":"0","size":"0"},"bucket 25":{"count":"0","size":"0"},"bucket 26":{"count":"0","size":"0"},"bucket 27":{"count":"0","size":"0"},"bucket 28":{"count":"0","size":"0"},"bucket 29":{"count":"0","size":"0"},"bucket 30":{"count":"0","size":"0"},"bucket 31":{"count":"0","size":"0"},"bucket 32":{"count":"0","size":"0"},"bucket 33":{"count":"0","size":"0"},"bucket 34":{"count":"0","size":"0"},"bucket 35":{"count":"0","size":"0"},"bucket 36":{"count":"0","size":"0"},"bucket 37":{"count":"0","size":"0"},"bucket 38":{"count":"0","size":"0"},"bucket 39":{"count":"0","size":"0"},"bucket 40":{"count":"0","size":"0"},"bucket 41":{"count":"0","size":"0"},"bucket 42":{"count":"0","size":"0"},"bucket 43":{"count":"0","size":"0"},"bucket 44":{"count":"0","size":"0"},"bucket 45":{"count":"0","size":"0"},"bucket 46":{"count":"0","size":"0"},"bucket 47":{"count":"0","size":"0"},"bucket 48":{"count":"0","size":"0"},"bucket 49":{"count":"0","size":"0"},"bucket 50":{"count":"0","size":"0"},"bucket 51":{"count":"0","size":"0"},"bucket 52":{"count":"0","size":"0"},"bucket 53":{"count":"0","size":"0"},"bucket 54":{"count":"0","size":"0"},"bucket 55":{"count":"0","size":"0"},"bucket 56":{"count":"0","size":"0"},"bucket 57":{"count":"0","size":"0"},"bucket 58":{"count":"0","size":"0"},"bucket 59":{"count":"0","size":"0"},"bucket 60":{"count":"0","size":"0"},"bucket 61":{"count":"0","size":"0"},"bucket 62":{"count":"0","size":"0"},"bucket 63":{"count":"0","size":"0"},"bucket 64":{"count":"0","size":"0"},"bucket 65":{"count":"0","size":"0"}}},"network":{"channels":{"count":"9","size":"8"},"attempts":{"count":"0","size":"80"},"excluded_peers":{"peers":{"count":"0","size":"64"}},"bandwidth":{"generic":{"count":"999976931","size":"0"},"bootstrap":{"count":"5241562","size":"0"}}},"syn_cookies":{"syn_cookies":{"count":"0","size":"48"},"syn_cookies_per_ip":{"count":"1","size":"8"}},"telemetry":{"telemetries":{"count":"5","size":"352"}},"wallets":{"items":{"count":"1","size":"256"}},"vote_processor":{"votes":{"count":"0","size":"16"},"queue":{"queues":{"count":"0","size":"64"},"total_size":{"count":"0","size":"64"}}},"rep_crawler":{"queries":{"count":"51","size":"120"},"responses":{"count":"0","size":"16"},"prioritized":{"count":"0","size":"0"}},"block_processor":{"blocks":{"count":"0","size":"8"},"forced":{"count":"0","size":"8"},"queue":{"queues":{"count":"0","size":"64"},"total_size":{"count":"0","size":"64"}}},"online_reps":{"reps":{"count":"6","size":"0"}},"history":{"history":{"count":"89943","size":"72"}},"confirming_set":{"set":{"count":"0","size":"0"},"deferred":{"count":"0","size":"0"}},"request_aggregator":{"queue":{"queues":{"count":"0","size":"56"},"total_size":{"count":"0","size":"56"}}},"election_scheduler":{"hinted":{"cooldowns":{"count":"10294","size":"96"}},"manual":{"queue":{"count":"0","size":"41"}},"optimistic":{"candidates":{"count":"3188","size":"1"}},"priority":{"blocks":{"0":{"count":"0","size":"0"},"1":{"count":"0","size":"0"},"2":{"count":"0","size":"0"},"3":{"count":"0","size":"0"},"4":{"count":"0","size":"0"},"5":{"count":"0","size":"0"},"6":{"count":"0","size":"0"},"7":{"count":"0","size":"0"},"8":{"count":"0","size":"0"},"9":{"count":"0","size":"0"},"10":{"count":"0","size":"0"},"11":{"count":"0","size":"0"},"12":{"count":"0","size":"0"},"13":{"count":"0","size":"0"},"14":{"count":"0","size":"0"},"15":{"count":"0","size":"0"},"16":{"count":"0","size":"0"},"17":{"count":"0","size":"0"},"18":{"count":"0","size":"0"},"19":{"count":"0","size":"0"},"20":{"count":"0","size":"0"},"21":{"count":"0","size":"0"},"22":{"count":"0","size":"0"},"23":{"count":"0","size":"0"},"24":{"count":"0","size":"0"},"25":{"count":"0","size":"0"},"26":{"count":"0","size":"0"},"27":{"count":"0","size":"0"},"28":{"count":"0","size":"0"},"29":{"count":"0","size":"0"},"30":{"count":"0","size":"0"},"31":{"count":"0","size":"0"},"32":{"count":"0","size":"0"},"33":{"count":"0","size":"0"},"34":{"count":"0","size":"0"},"35":{"count":"0","size":"0"},"36":{"count":"0","size":"0"},"37":{"count":"0","size":"0"},"38":{"count":"0","size":"0"},"39":{"count":"0","size":"0"},"40":{"count":"0","size":"0"},"41":{"count":"0","size":"0"},"42":{"count":"0","size":"0"},"43":{"count":"0","size":"0"},"44":{"count":"0","size":"0"},"45":{"count":"0","size":"0"},"46":{"count":"0","size":"0"},"47":{"count":"0","size":"0"},"48":{"count":"0","size":"0"},"49":{"count":"0","size":"0"},"50":{"count":"0","size":"0"},"51":{"count":"0","size":"0"},"52":{"count":"0","size":"0"},"53":{"count":"0","size":"0"},"54":{"count":"0","size":"0"},"55":{"count":"0","size":"0"},"56":{"count":"0","size":"0"},"57":{"count":"0","size":"0"},"58":{"count":"0","size":"0"},"59":{"count":"0","size":"0"},"60":{"count":"0","size":"0"},"61":{"count":"0","size":"0"},"62":{"count":"0","size":"0"}}},"ev_proc":{"prio_sched_queue":{"count":"0","size":"0"}}},"vote_cache":{"blocks":{"count":"830","size":"0"},"processor":{"count":"0","size":"0"}},"vote_generators":{"non_final":{"candidates":{"count":"0","size":"64"},"requests":{"count":"0","size":"32"}},"final":{"candidates":{"count":"0","size":"64"},"requests":{"count":"0","size":"32"}},"notar":{"candidates":{"count":"0","size":"64"},"requests":{"count":"0","size":"32"}},"timeout":{"candidates":{"count":"0","size":"64"},"requests":{"count":"0","size":"32"}}},"bootstrapper":{"query_tracker":{"running_queries":{"count":"0","size":"216"}},"peer_scoring":{"scores":{"count":"9","size":"0"}},"bootstrap_queue":{"download_queue":{"count":"32","size":"0"},"blocked":{"count":"0","size":"0"},"blocked_unknown":{"count":"0","size":"0"},"unblocked":{"count":"32","size":"0"},"downloading":{"count":"0","size":"0"},"optimistic":{"count":"1","size":"0"},"fails":{"count":"27","size":"0"},"processing":{"ready_to_process":{"count":"0","size":"0"},"processing":{"count":"0","size":"0"},"cached_blocks":{"count":"0","size":"0"}},"priorities":{"priorities":{"count":"32","size":"0"}},"download_queue_detail":{"accounts":{"count":"32","size":"0"}},"blocked_detail":{"accounts":{"count":"0","size":"0"},"by_dependency":{"count":"0","size":"0"},"by_dependency_account":{"count":"0","size":"0"},"by_timestamp":{"count":"0","size":"0"},"requested_dependencies":{"count":"0","size":"0"}}},"frontiers":{"total_processed":{"count":"0","size":"0"}}},"unchecked":{"entries":{"count":"0","size":"0"}},"local_block_broadcaster":{"local":{"count":"0","size":"112"}},"rep_tiers":{"tier_1":{"count":"345","size":"32"},"tier_2":{"count":"27","size":"32"},"tier_3":{"count":"6","size":"32"}},"inbound_msg_queue":{"queue":{"queues":{"count":"0","size":"56"},"total_size":{"count":"0","size":"56"}}},"vote_rebroadcaster":{"queue":{"queues":{"count":"0","size":"49"},"total_size":{"count":"0","size":"49"}},"queue_total":{"count":"0","size":"0"},"queue_hashes":{"count":"0","size":"0"}},"fork_cache":{"fork_cache":{"count":"0","size":"0"}},"event_queues":{"ledger":{"count":"0","size":"0"},"aec":{"count":"0","size":"0"}},"aec_voter":{"scheduler":{"records":{"count":"28231","size":"144"},"expiry_queue":{"count":"56378","size":"112"}}},"backlog_scan":{"ev_proc":{"backlog_scan_queue":{"count":"0","size":"0"}}}}}
 40M	/Users/ruimorais/NanoSpam/pr0/
 39M	/Users/ruimorais/NanoSpam/pr1/
 61M	/Users/ruimorais/NanoSpam/pr2/
 49M	/Users/ruimorais/NanoSpam/pr3/
 37M	/Users/ruimorais/NanoSpam/pr4/
 37M	/Users/ruimorais/NanoSpam/pr5/
cleanup done
