2026-10-07T14:15:23.398286Z  INFO nanospam::setup::account_map_factory: Creating account keys file with 45000 keys: "/var/folders/1y/px089b2s6f9d893xp1p4c7wh0000gn/T/rai-gate-b-jhr2qavg/account_keys.txt"
2026-10-07T14:15:24.126513Z  INFO nanospam::setup::node_config_factory: ********************************************************************************
2026-10-07T14:15:24.126525Z  INFO nanospam::setup::node_config_factory: Setting up node PR0...
2026-10-07T14:15:24.126529Z  INFO nanospam::setup::node_config_factory: Creating directory "/var/folders/1y/px089b2s6f9d893xp1p4c7wh0000gn/T/rai-gate-b-jhr2qavg/pr0"
2026-10-07T14:15:24.126626Z  INFO nanospam::setup::node_config_factory: Creating node config file: "/var/folders/1y/px089b2s6f9d893xp1p4c7wh0000gn/T/rai-gate-b-jhr2qavg/pr0/config-node.toml"
2026-10-07T14:15:24.126732Z  INFO nanospam::setup::node_config_factory: Creating rpc config file: "/var/folders/1y/px089b2s6f9d893xp1p4c7wh0000gn/T/rai-gate-b-jhr2qavg/pr0/config-rpc.toml"
2026-10-07T14:15:24.126798Z  INFO nanospam::setup::node_config_factory: ********************************************************************************
2026-10-07T14:15:24.126801Z  INFO nanospam::setup::node_config_factory: Setting up node PR1...
2026-10-07T14:15:24.126805Z  INFO nanospam::setup::node_config_factory: Creating directory "/var/folders/1y/px089b2s6f9d893xp1p4c7wh0000gn/T/rai-gate-b-jhr2qavg/pr1"
2026-10-07T14:15:24.126854Z  INFO nanospam::setup::node_config_factory: Creating node config file: "/var/folders/1y/px089b2s6f9d893xp1p4c7wh0000gn/T/rai-gate-b-jhr2qavg/pr1/config-node.toml"
2026-10-07T14:15:24.126932Z  INFO nanospam::setup::node_config_factory: Creating rpc config file: "/var/folders/1y/px089b2s6f9d893xp1p4c7wh0000gn/T/rai-gate-b-jhr2qavg/pr1/config-rpc.toml"
2026-10-07T14:15:24.126992Z  INFO nanospam::setup::node_config_factory: ********************************************************************************
2026-10-07T14:15:24.126996Z  INFO nanospam::setup::node_config_factory: Setting up node PR2...
2026-10-07T14:15:24.126999Z  INFO nanospam::setup::node_config_factory: Creating directory "/var/folders/1y/px089b2s6f9d893xp1p4c7wh0000gn/T/rai-gate-b-jhr2qavg/pr2"
2026-10-07T14:15:24.127042Z  INFO nanospam::setup::node_config_factory: Creating node config file: "/var/folders/1y/px089b2s6f9d893xp1p4c7wh0000gn/T/rai-gate-b-jhr2qavg/pr2/config-node.toml"
2026-10-07T14:15:24.127112Z  INFO nanospam::setup::node_config_factory: Creating rpc config file: "/var/folders/1y/px089b2s6f9d893xp1p4c7wh0000gn/T/rai-gate-b-jhr2qavg/pr2/config-rpc.toml"
2026-10-07T14:15:24.127172Z  INFO nanospam::setup::node_config_factory: ********************************************************************************
2026-10-07T14:15:24.127175Z  INFO nanospam::setup::node_config_factory: Setting up node PR3...
2026-10-07T14:15:24.127178Z  INFO nanospam::setup::node_config_factory: Creating directory "/var/folders/1y/px089b2s6f9d893xp1p4c7wh0000gn/T/rai-gate-b-jhr2qavg/pr3"
2026-10-07T14:15:24.127220Z  INFO nanospam::setup::node_config_factory: Creating node config file: "/var/folders/1y/px089b2s6f9d893xp1p4c7wh0000gn/T/rai-gate-b-jhr2qavg/pr3/config-node.toml"
2026-10-07T14:15:24.127285Z  INFO nanospam::setup::node_config_factory: Creating rpc config file: "/var/folders/1y/px089b2s6f9d893xp1p4c7wh0000gn/T/rai-gate-b-jhr2qavg/pr3/config-rpc.toml"
2026-10-07T14:15:24.127344Z  INFO nanospam::setup::node_config_factory: ********************************************************************************
2026-10-07T14:15:24.127348Z  INFO nanospam::setup::node_config_factory: Setting up node PR4...
2026-10-07T14:15:24.127351Z  INFO nanospam::setup::node_config_factory: Creating directory "/var/folders/1y/px089b2s6f9d893xp1p4c7wh0000gn/T/rai-gate-b-jhr2qavg/pr4"
2026-10-07T14:15:24.127393Z  INFO nanospam::setup::node_config_factory: Creating node config file: "/var/folders/1y/px089b2s6f9d893xp1p4c7wh0000gn/T/rai-gate-b-jhr2qavg/pr4/config-node.toml"
2026-10-07T14:15:24.127475Z  INFO nanospam::setup::node_config_factory: Creating rpc config file: "/var/folders/1y/px089b2s6f9d893xp1p4c7wh0000gn/T/rai-gate-b-jhr2qavg/pr4/config-rpc.toml"
2026-10-07T14:15:24.127584Z  INFO nanospam::setup::node_launcher: Starting node: NANO_TEST_GENESIS_BLOCK="{\n    \"type\": \"open\",\n    \"account\": \"nano_3nroioygg54nusrmyun4woimqex36sp3drnctdt5955uqu47fxbkrxk7n7ne\",\n    \"source\": \"D315857CE70C54DE713F6E82E5613BB3A1266C15E28AD2F4338C7BBEC456F532\",\n    \"representative\": \"nano_3nroioygg54nusrmyun4woimqex36sp3drnctdt5955uqu47fxbkrxk7n7ne\",\n    \"signature\": \"3F6792C2DC623DF2E8643777160AB983B66B337E2478E13D2C3448126A8F4CD8DCCD19803C158A057FA44060AE0EFC09B1C311CB4FBF42F8D240610B38F56E08\",\n    \"work\": \"70FEF01F7EC45DEC\"\n    }" NANO_TEST_GENESIS_PRV ="49643F9B10CA1AA34F9AF8ED4AABD29F436104CCC375974B108534A48EAE3FE1" "rsnano" "--network" "test" "--data-path" "/var/folders/1y/px089b2s6f9d893xp1p4c7wh0000gn/T/rai-gate-b-jhr2qavg/pr0" "node" "run"
2026-10-07T14:15:24.128109Z  INFO nanospam::setup::node_launcher: Waiting for RPC...
2026-10-07T14:15:24.231049Z  INFO nanospam::setup::node_launcher: Starting node: NANO_TEST_GENESIS_BLOCK="{\n    \"type\": \"open\",\n    \"account\": \"nano_3nroioygg54nusrmyun4woimqex36sp3drnctdt5955uqu47fxbkrxk7n7ne\",\n    \"source\": \"D315857CE70C54DE713F6E82E5613BB3A1266C15E28AD2F4338C7BBEC456F532\",\n    \"representative\": \"nano_3nroioygg54nusrmyun4woimqex36sp3drnctdt5955uqu47fxbkrxk7n7ne\",\n    \"signature\": \"3F6792C2DC623DF2E8643777160AB983B66B337E2478E13D2C3448126A8F4CD8DCCD19803C158A057FA44060AE0EFC09B1C311CB4FBF42F8D240610B38F56E08\",\n    \"work\": \"70FEF01F7EC45DEC\"\n    }" NANO_TEST_GENESIS_PRV ="49643F9B10CA1AA34F9AF8ED4AABD29F436104CCC375974B108534A48EAE3FE1" "rsnano" "--network" "test" "--data-path" "/var/folders/1y/px089b2s6f9d893xp1p4c7wh0000gn/T/rai-gate-b-jhr2qavg/pr1" "node" "run"
2026-10-07T14:15:24.231759Z  INFO nanospam::setup::node_launcher: Waiting for RPC...
2026-10-07T14:15:24.334823Z  INFO nanospam::setup::node_launcher: Starting node: NANO_TEST_GENESIS_BLOCK="{\n    \"type\": \"open\",\n    \"account\": \"nano_3nroioygg54nusrmyun4woimqex36sp3drnctdt5955uqu47fxbkrxk7n7ne\",\n    \"source\": \"D315857CE70C54DE713F6E82E5613BB3A1266C15E28AD2F4338C7BBEC456F532\",\n    \"representative\": \"nano_3nroioygg54nusrmyun4woimqex36sp3drnctdt5955uqu47fxbkrxk7n7ne\",\n    \"signature\": \"3F6792C2DC623DF2E8643777160AB983B66B337E2478E13D2C3448126A8F4CD8DCCD19803C158A057FA44060AE0EFC09B1C311CB4FBF42F8D240610B38F56E08\",\n    \"work\": \"70FEF01F7EC45DEC\"\n    }" NANO_TEST_GENESIS_PRV ="49643F9B10CA1AA34F9AF8ED4AABD29F436104CCC375974B108534A48EAE3FE1" "rsnano" "--network" "test" "--data-path" "/var/folders/1y/px089b2s6f9d893xp1p4c7wh0000gn/T/rai-gate-b-jhr2qavg/pr2" "node" "run"
2026-10-07T14:15:24.335571Z  INFO nanospam::setup::node_launcher: Waiting for RPC...
2026-10-07T14:15:24.438570Z  INFO nanospam::setup::node_launcher: Starting node: NANO_TEST_GENESIS_BLOCK="{\n    \"type\": \"open\",\n    \"account\": \"nano_3nroioygg54nusrmyun4woimqex36sp3drnctdt5955uqu47fxbkrxk7n7ne\",\n    \"source\": \"D315857CE70C54DE713F6E82E5613BB3A1266C15E28AD2F4338C7BBEC456F532\",\n    \"representative\": \"nano_3nroioygg54nusrmyun4woimqex36sp3drnctdt5955uqu47fxbkrxk7n7ne\",\n    \"signature\": \"3F6792C2DC623DF2E8643777160AB983B66B337E2478E13D2C3448126A8F4CD8DCCD19803C158A057FA44060AE0EFC09B1C311CB4FBF42F8D240610B38F56E08\",\n    \"work\": \"70FEF01F7EC45DEC\"\n    }" NANO_TEST_GENESIS_PRV ="49643F9B10CA1AA34F9AF8ED4AABD29F436104CCC375974B108534A48EAE3FE1" "rsnano" "--network" "test" "--data-path" "/var/folders/1y/px089b2s6f9d893xp1p4c7wh0000gn/T/rai-gate-b-jhr2qavg/pr3" "node" "run"
2026-10-07T14:15:24.439722Z  INFO nanospam::setup::node_launcher: Waiting for RPC...
2026-10-07T14:15:24.543636Z  INFO nanospam::setup::node_launcher: Starting node: NANO_TEST_GENESIS_BLOCK="{\n    \"type\": \"open\",\n    \"account\": \"nano_3nroioygg54nusrmyun4woimqex36sp3drnctdt5955uqu47fxbkrxk7n7ne\",\n    \"source\": \"D315857CE70C54DE713F6E82E5613BB3A1266C15E28AD2F4338C7BBEC456F532\",\n    \"representative\": \"nano_3nroioygg54nusrmyun4woimqex36sp3drnctdt5955uqu47fxbkrxk7n7ne\",\n    \"signature\": \"3F6792C2DC623DF2E8643777160AB983B66B337E2478E13D2C3448126A8F4CD8DCCD19803C158A057FA44060AE0EFC09B1C311CB4FBF42F8D240610B38F56E08\",\n    \"work\": \"70FEF01F7EC45DEC\"\n    }" NANO_TEST_GENESIS_PRV ="49643F9B10CA1AA34F9AF8ED4AABD29F436104CCC375974B108534A48EAE3FE1" "rsnano" "--network" "test" "--data-path" "/var/folders/1y/px089b2s6f9d893xp1p4c7wh0000gn/T/rai-gate-b-jhr2qavg/pr4" "node" "run"
2026-10-07T14:15:24.545150Z  INFO nanospam::setup::node_launcher: Waiting for RPC...
2026-10-07T14:15:24.649107Z  INFO nanospam::wallets_factory: Creating wallet...
2026-10-07T14:15:24.725175Z  INFO nanospam::wallets_factory: Setting default representative...
2026-10-07T14:15:24.725550Z  INFO nanospam::wallets_factory: Creating wallet...
2026-10-07T14:15:24.769652Z  INFO nanospam::wallets_factory: Setting default representative...
2026-10-07T14:15:24.769957Z  INFO nanospam::wallets_factory: Sending Ӿ56,547,061 to PR1 wallet nano_3atmwjh8t11psdqf3qx6xjfiei94oajch6zsyauowxzjogbbgz168g5mp8f1 ...
2026-10-07T14:15:24.770429Z  INFO nanospam::wallets_factory: Waiting for confirmation for 70B574FB519B8DEA27D8F4952C2E7B0378B009608D6FC967984D3C83440C9C3D
2026-10-07T14:15:39.887824Z  INFO nanospam::wallets_factory: Receiving...
2026-10-07T14:15:39.890009Z  INFO nanospam::wallets_factory: Waiting for confirmation for 011C6AC2721054F46B03A50885AF48083A4A685154A55D85116DBCE413673F86
2026-10-07T14:15:39.992708Z  INFO nanospam::wallets_factory: DONE
2026-10-07T14:15:39.992838Z  INFO nanospam::wallets_factory: ********************************************************************************
2026-10-07T14:15:39.992858Z  INFO nanospam::wallets_factory: Creating wallet...
2026-10-07T14:15:40.072239Z  INFO nanospam::wallets_factory: Setting default representative...
2026-10-07T14:15:40.072623Z  INFO nanospam::wallets_factory: Sending Ӿ56,547,061 to PR2 wallet nano_36asm8scxymtsjmgqp14per3zxpgaec1c65qb9en1buscq7qzqa93tfyyzs3 ...
2026-10-07T14:15:40.073105Z  INFO nanospam::wallets_factory: Waiting for confirmation for 76B3937072C015B69E45D5458B47CF52A54A38F8ED441B0E21561A3048243E90
2026-10-07T14:15:40.382135Z  INFO nanospam::wallets_factory: Receiving...
2026-10-07T14:15:40.384948Z  INFO nanospam::wallets_factory: Waiting for confirmation for 402DCF4725254BECF5C5CB5F707C169725EE114819D289F8A5477C2FFF19BDC0
2026-10-07T14:15:40.590911Z  INFO nanospam::wallets_factory: DONE
2026-10-07T14:15:40.590989Z  INFO nanospam::wallets_factory: ********************************************************************************
2026-10-07T14:15:40.591009Z  INFO nanospam::wallets_factory: Creating wallet...
2026-10-07T14:15:40.668329Z  INFO nanospam::wallets_factory: Setting default representative...
2026-10-07T14:15:40.668659Z  INFO nanospam::wallets_factory: Sending Ӿ56,547,061 to PR3 wallet nano_1sfb11jzfi8k51fcnrzi1qe3qh1e1jkic3h45oak9yfg5yhbkczzxfwtat7m ...
2026-10-07T14:15:40.669062Z  INFO nanospam::wallets_factory: Waiting for confirmation for FF4589BE1759B38CC94ABA0AE4FE6644845FE957C02EA9CEA669A28C8D1ADE97
2026-10-07T14:15:55.870019Z  INFO nanospam::wallets_factory: Receiving...
2026-10-07T14:15:55.872760Z  INFO nanospam::wallets_factory: Waiting for confirmation for 1210B877FF188F4FF352C0EDE856AA702A1D6763EFA96EA84BB10519898BE6D0
2026-10-07T14:15:55.975167Z  INFO nanospam::wallets_factory: DONE
2026-10-07T14:15:55.975323Z  INFO nanospam::wallets_factory: ********************************************************************************
2026-10-07T14:15:55.975350Z  INFO nanospam::wallets_factory: Creating wallet...
2026-10-07T14:15:56.053719Z  INFO nanospam::wallets_factory: Setting default representative...
2026-10-07T14:15:56.054036Z  INFO nanospam::wallets_factory: Sending Ӿ56,547,061 to PR4 wallet nano_1rsxmoinip7d4wafdp855194n43fs7s1jgne6tx8ruatiu6g89815pddzijp ...
2026-10-07T14:15:56.054486Z  INFO nanospam::wallets_factory: Waiting for confirmation for 23D89F3531AC5EE2378D3606C70B24D2A7B9016B8ADB1A970E6B1D9E7576186D
2026-10-07T14:15:56.259996Z  INFO nanospam::wallets_factory: Receiving...
2026-10-07T14:15:56.262253Z  INFO nanospam::wallets_factory: Waiting for confirmation for 8D401F6072C9B3A9EFBA68DA33CC97FF1D15EEB9F09CE4731C1A7614578C3E56
2026-10-07T14:15:56.468618Z  INFO nanospam::wallets_factory: DONE
2026-10-07T14:15:56.468723Z  INFO nanospam::wallets_factory: ********************************************************************************
2026-10-07T14:15:56.468851Z  INFO nanospam::wallets_factory: Sending Ӿ56,547,061 to PR5 (no node) nano_1wtzwadxk9naxc356m4rienp93ht131w7ypadk39qck8uah3bg3zohsmj9th ...
2026-10-07T14:15:56.470568Z  INFO nanospam::wallets_factory: Waiting for confirmation for A5666BC59C8DD98A7E52D6F61006629E4EDB37063C12A73BFB41D35538B371CA
2026-10-07T14:16:11.568049Z  INFO nanospam::wallets_factory: Waiting for confirmation for 49EEF9EFFD843E7FE6FB8D0DE0A19E8B88DBE91F26F5FDDB0E8862DEF7553864
2026-10-07T14:16:11.672005Z  INFO nanospam::wallets_factory: DONE
2026-10-07T14:16:11.672125Z  INFO nanospam::wallets_factory: Sending initial spam amount...
2026-10-07T14:16:11.673679Z  INFO nanospam::wallets_factory: Waiting for confirmation for 8BC1457F28D68C9AFC73B26802F4A33D175C1EAAA30790C13D9EE85663922176
2026-10-07T14:16:11.777995Z  INFO nanospam::wallets_factory: Receiving initial spam amount...
2026-10-07T14:16:11.779330Z  INFO nanospam::wallets_factory: Waiting for confirmation for 6B6BDA01C4A89F2714259EF72E6FCE78E90D3B52955BBD487273441822DA73F2
2026-10-07T14:16:11.882840Z  INFO nanospam::wallets_factory: Seeding Ӿ142,857 to nano_1g6494tozwi7tcaunskf6u4gnnnauxmhe9ods97hm8y8m7cxkgm7ohmjj4km for representative D315857CE70C54DE713F6E82E5613BB3A1266C15E28AD2F4338C7BBEC456F532
2026-10-07T14:16:11.883411Z  INFO nanospam::wallets_factory: Waiting for confirmation for EB07B5218464ED0FE162D26B924EB2871D3138A726B5D3DB24F32AC4BF46C2AF
2026-10-07T14:16:11.987850Z  INFO nanospam::wallets_factory: Waiting for confirmation for 2A8E8D1934762C2861B5DD2EE7C4868795C01FC532431EBBBC56B349A1605E0B
2026-10-07T14:16:12.091876Z  INFO nanospam::wallets_factory: Seeding Ӿ142,857 to nano_1ysa17dn11ehbcs61qh6zczqujtnscoj3734eztn7rz7rp1syp549f8op8yo for representative A353E45E6D0016CAEED0DFA4EC5B0640E2AA22A793F9F2375E77F1AB92977C04
2026-10-07T14:16:12.093208Z  INFO nanospam::wallets_factory: Waiting for confirmation for FE94C2A27B87D24A2DE126157B355D04B5E4D38E93E8DCBA43DAB65F8593CD1A
2026-10-07T14:16:12.198804Z  INFO nanospam::wallets_factory: Waiting for confirmation for 7682AAFBD26EAAF67BE75E2B7A7FCE9AD284C2DA1519B4F5D3FA32BBB60EF6EC
2026-10-07T14:16:12.302948Z  INFO nanospam::wallets_factory: Seeding Ӿ142,857 to nano_3g3ndy54731y7utcgnijmect6u5bimg5tmwj8q84umhocdcqqnxt8d3kiyfx for representative 911999B2AEFA7ACC66EBD802B3301FF6CE431405107749D940277955CB7FDD07
2026-10-07T14:16:12.304176Z  INFO nanospam::wallets_factory: Waiting for confirmation for D112EDC7EE6327B1F61EFC2A9A303ADB5C6C81F6E5743203EA564B4D430B2580
2026-10-07T14:16:12.409458Z  INFO nanospam::wallets_factory: Waiting for confirmation for D83AC1710A05E7354ED2C92C4D1352F2C620EFED9C86DC7F543C9BDBBFFE5804
2026-10-07T14:16:12.512066Z  INFO nanospam::wallets_factory: Seeding Ӿ142,857 to nano_3bu9rarej38am6xkg9565q1c3nm9muchts7i7cgzm91more18nums8zcbds6 for representative 65A90023F6C0D2181AAA63F005D81BBC0C04650505E21D5123F9AE1F9E992BFF
2026-10-07T14:16:12.512758Z  INFO nanospam::wallets_factory: Waiting for confirmation for DDC0DCE49DE6D167416AC766EE47C049635021445335556157CD653E3EA43318
2026-10-07T14:16:12.617844Z  INFO nanospam::wallets_factory: Waiting for confirmation for A87BFB7F341E9D47D50C26AEB3CF8834AD2A6B3F845243B7E44C354498300A0E
2026-10-07T14:16:12.719602Z  INFO nanospam::wallets_factory: Seeding Ӿ142,857 to nano_3e9ed3trx5fuy7q3ie7zipq5tqtw8jy5zukkr6jz5uwp7e1q9p49xkk6ze1e for representative 633D9D614858AB1710D5D8C3180E2A082DC97208BA8C26BA6C6D1A86C8E31CC0
2026-10-07T14:16:12.720125Z  INFO nanospam::wallets_factory: Waiting for confirmation for DD15BBACB82B975129D357D3040AA0F34BEB33E97DCDDA33FB0A705EC38EF2AE
2026-10-07T14:16:12.823321Z  INFO nanospam::wallets_factory: Waiting for confirmation for 54FFF2872933F364735E9F12D2630288BD65582B0B7EA082D00556022E222446
2026-10-07T14:16:12.926419Z  INFO nanospam::wallets_factory: Seeding Ӿ142,857 to nano_3xwqte7a95r9tbi7pifueri54w94yjx7qew4e9fjkee8ug4oaedssifnc6tm for representative 735FE217D91E88EA82324C5883296385FA0041C2FAC85C827BAA46DA1E14B83F
2026-10-07T14:16:12.927304Z  INFO nanospam::wallets_factory: Waiting for confirmation for 41D7016D442B23D1AA9E22A40C83FB19F21583145324EE2AF97FE5FD45291FFD
2026-10-07T14:16:13.031656Z  INFO nanospam::wallets_factory: Waiting for confirmation for 62687C1C3766272F70C4B5FAB65D0D0AD4881F68596247CD46E6029B40A56EDB
2026-10-07T14:16:13.137300Z  INFO nanospam::high_prio_check: Creating high priority accounts...
2026-10-07T14:16:13.163492Z  INFO nanospam::high_prio_check: Waiting for confirmations...
2026-10-07T14:16:15.314226Z  INFO nanospam::app: Waiting for all PRs to see the full quorum...
2026-10-07T14:16:15.316289Z  INFO nanospam::app: All PRs see the full quorum after 1.952541ms
2026-10-07T14:16:15.316369Z  INFO nanospam::app: Waiting for all PRs to hold the same cemented ledger...
2026-10-07T14:16:15.317365Z  INFO nanospam::app: All PRs hold the same ledger of 65 blocks after 986.167µs
EPOCH_COMMITTEE derived_by=genesis members=6 accounts=33 n=6 digest=95D409445152DD075E6A4799205DFA5689496EB8EE1A22AC2A200B9DBC2DCF27 shares=["A353E45E:16.7%", "65A90023:16.7%", "D315857C:16.7%", "911999B2:16.7%", "633D9D61:16.7%", "735FE217:16.7%"] t=1791382575317
EPOCH_START epoch=0 elections=0 t=1791382575317
EPOCH_COMMITTEE derived_by=genesis members=6 accounts=33 n=6 digest=95D409445152DD075E6A4799205DFA5689496EB8EE1A22AC2A200B9DBC2DCF27 shares=["A353E45E:16.7%", "65A90023:16.7%", "D315857C:16.7%", "911999B2:16.7%", "633D9D61:16.7%", "735FE217:16.7%"] t=1791382575318
EPOCH_START epoch=0 elections=0 t=1791382575318
EPOCH_COMMITTEE derived_by=genesis members=6 accounts=33 n=6 digest=95D409445152DD075E6A4799205DFA5689496EB8EE1A22AC2A200B9DBC2DCF27 shares=["A353E45E:16.7%", "65A90023:16.7%", "D315857C:16.7%", "911999B2:16.7%", "633D9D61:16.7%", "735FE217:16.7%"] t=1791382575318
EPOCH_START epoch=0 elections=0 t=1791382575318
EPOCH_COMMITTEE derived_by=genesis members=6 accounts=33 n=6 digest=95D409445152DD075E6A4799205DFA5689496EB8EE1A22AC2A200B9DBC2DCF27 shares=["A353E45E:16.7%", "65A90023:16.7%", "D315857C:16.7%", "911999B2:16.7%", "633D9D61:16.7%", "735FE217:16.7%"] t=1791382575318
EPOCH_START epoch=0 elections=0 t=1791382575318
EPOCH_COMMITTEE derived_by=genesis members=6 accounts=33 n=6 digest=95D409445152DD075E6A4799205DFA5689496EB8EE1A22AC2A200B9DBC2DCF27 shares=["A353E45E:16.7%", "65A90023:16.7%", "D315857C:16.7%", "911999B2:16.7%", "633D9D61:16.7%", "735FE217:16.7%"] t=1791382575319
EPOCH_START epoch=0 elections=0 t=1791382575319
2026-10-07T14:16:15.319785Z  INFO nanospam::app: Started the epochs on every PR
2026-10-07T14:16:15.319828Z  INFO nanospam::app: Connecting to node PR0... peer_addr=[::1]:17075
2026-10-07T14:16:15.320285Z  INFO nanospam::app: Performing handshake...
2026-10-07T14:16:15.321112Z  INFO nanospam::app: Performing handshake...
2026-10-07T14:16:15.332310Z  INFO nanospam::app: Performing handshake...
2026-10-07T14:16:15.343235Z  INFO nanospam::app: Performing handshake...
2026-10-07T14:16:15.353970Z  INFO nanospam::app: Connecting to node PR1... peer_addr=[::1]:17085
2026-10-07T14:16:15.354222Z  INFO nanospam::app: Performing handshake...
2026-10-07T14:16:15.354885Z  INFO nanospam::app: Performing handshake...
2026-10-07T14:16:15.366015Z  INFO nanospam::app: Performing handshake...
2026-10-07T14:16:15.377033Z  INFO nanospam::app: Performing handshake...
2026-10-07T14:16:15.387874Z  INFO nanospam::app: Connecting to node PR2... peer_addr=[::1]:17095
2026-10-07T14:16:15.388126Z  INFO nanospam::app: Performing handshake...
2026-10-07T14:16:15.388723Z  INFO nanospam::app: Performing handshake...
2026-10-07T14:16:15.399883Z  INFO nanospam::app: Performing handshake...
2026-10-07T14:16:15.411191Z  INFO nanospam::app: Performing handshake...
2026-10-07T14:16:15.422128Z  INFO nanospam::app: Connecting to node PR3... peer_addr=[::1]:17105
2026-10-07T14:16:15.422416Z  INFO nanospam::app: Performing handshake...
2026-10-07T14:16:15.422999Z  INFO nanospam::app: Performing handshake...
2026-10-07T14:16:15.434101Z  INFO nanospam::app: Performing handshake...
2026-10-07T14:16:15.445570Z  INFO nanospam::app: Performing handshake...
2026-10-07T14:16:15.456023Z  INFO nanospam::app: Connecting to node PR4... peer_addr=[::1]:17115
2026-10-07T14:16:15.456336Z  INFO nanospam::app: Performing handshake...
2026-10-07T14:16:15.457045Z  INFO nanospam::app: Performing handshake...
2026-10-07T14:16:15.468096Z  INFO nanospam::app: Performing handshake...
2026-10-07T14:16:15.479296Z  INFO nanospam::app: Performing handshake...
2026-10-07T14:16:15.490036Z  INFO nanospam::app: Connecting to websocket...
2026-10-07T14:16:15.490837Z  INFO nanospam::app: Starting with 2000 BPS
2026-10-07T14:16:16.491377Z  INFO nanospam::app: Confirmed 563 blocks | 2,000 bps | 638 cps | avg conf time: 103 ms
2026-10-07T14:16:17.492366Z  INFO nanospam::app: Confirmed 3,820 blocks | 2,000 bps | 3,253 cps | avg conf time: 143 ms
2026-10-07T14:16:18.493606Z  INFO nanospam::app: Confirmed 5,717 blocks | 2,000 bps | 1,894 cps | avg conf time: 117 ms
2026-10-07T14:16:19.494303Z  INFO nanospam::app: Confirmed 7,490 blocks | 2,000 bps | 1,771 cps | avg conf time: 107 ms
2026-10-07T14:16:20.495331Z  INFO nanospam::app: Confirmed 9,231 blocks | 2,000 bps | 1,739 cps | avg conf time: 110 ms
2026-10-07T14:16:21.496273Z  INFO nanospam::app: Confirmed 10,904 blocks | 2,000 bps | 1,671 cps | avg conf time: 110 ms
2026-10-07T14:16:22.497262Z  INFO nanospam::app: Confirmed 12,581 blocks | 2,000 bps | 1,675 cps | avg conf time: 113 ms
EPOCH_ENDED epoch=0 elections=1792 active=1706 t=1791382583317
EPOCH_ENDED epoch=0 elections=1792 active=1706 t=1791382583318
EPOCH_ENDED epoch=0 elections=1706 active=1685 t=1791382583323
EPOCH_ENDED epoch=0 elections=1707 active=1686 t=1791382583323
EPOCH_ENDED epoch=0 elections=1709 active=1688 t=1791382583324
EPOCH_ADVANCED epoch=1 elections=1792 active=1706 vote_records=146442 t=1791382583338
EPOCH_ADVANCED epoch=1 elections=1707 active=1686 vote_records=146633 t=1791382583346
EPOCH_ADVANCED epoch=1 elections=1709 active=1688 vote_records=146549 t=1791382583346
EPOCH_ADVANCED epoch=1 elections=1706 active=1685 vote_records=146661 t=1791382583346
EPOCH_REPORT epoch=0 certified=14151 residual=1705 root=E7D0A0CCF30C51FEEF35293FEE5773A5746DC58758E537186153454EA1E23679 reports=1 t=1791382583351
EPOCH_REPORT epoch=0 certified=14172 residual=1674 root=32709BEE8535036C0F022AB4E461A925BC58F38C0EAA2B868AE33CD03CD8B8B4 reports=1 t=1791382583355
EPOCH_REPORT epoch=0 certified=14172 residual=1651 root=32709BEE8535036C0F022AB4E461A925BC58F38C0EAA2B868AE33CD03CD8B8B4 reports=1 t=1791382583361
EPOCH_ADVANCED epoch=1 elections=1792 active=1706 vote_records=146337 t=1791382583364
EPOCH_REPORT epoch=0 certified=14172 residual=1672 root=32709BEE8535036C0F022AB4E461A925BC58F38C0EAA2B868AE33CD03CD8B8B4 reports=1 t=1791382583370
EPOCH_REPORT epoch=0 certified=14151 residual=1708 root=E7D0A0CCF30C51FEEF35293FEE5773A5746DC58758E537186153454EA1E23679 reports=1 t=1791382583378
EPOCH_RECONCILED epoch=0 reporter=911999B2AEFA7ACC66EBD802B3301FF6CE431405107749D940277955CB7FDD07 complete=false entries=0 total=14172 symbols=0 dropped=false t=1791382583397
EPOCH_RECONCILED epoch=0 reporter=911999B2AEFA7ACC66EBD802B3301FF6CE431405107749D940277955CB7FDD07 complete=true entries=1674 total=1674 symbols=0 dropped=false t=1791382583403
EPOCH_CLOSE_UNREADY epoch=0 short_of=reports usable=2 weight=2 required=5 held=4 theirs=["D315857C:E7D0A0CC:F8FB18DE", "633D9D61:32709BEE:AFA18EB3", "911999B2:32709BEE:4D972FF3", "A353E45E:E7D0A0CC:E03922CF"] t=1791382583426
EPOCH_RECONCILED epoch=0 reporter=D315857CE70C54DE713F6E82E5613BB3A1266C15E28AD2F4338C7BBEC456F532 complete=false entries=0 total=14151 symbols=0 dropped=false t=1791382583455
EPOCH_RECONCILED epoch=0 reporter=D315857CE70C54DE713F6E82E5613BB3A1266C15E28AD2F4338C7BBEC456F532 complete=false entries=194 total=14151 symbols=364 dropped=false t=1791382583459
EPOCH_RECONCILED epoch=0 reporter=D315857CE70C54DE713F6E82E5613BB3A1266C15E28AD2F4338C7BBEC456F532 complete=false entries=1684 total=1684 symbols=0 dropped=false t=1791382583460
EPOCH_RECONCILED epoch=0 reporter=911999B2AEFA7ACC66EBD802B3301FF6CE431405107749D940277955CB7FDD07 complete=false entries=0 total=14172 symbols=0 dropped=false t=1791382583479
EPOCH_RECONCILED epoch=0 reporter=911999B2AEFA7ACC66EBD802B3301FF6CE431405107749D940277955CB7FDD07 complete=true entries=1674 total=1674 symbols=0 dropped=false t=1791382583485
EPOCH_CLOSE_UNREADY epoch=0 short_of=reports usable=1 weight=1 required=5 held=4 theirs=["D315857C:E7D0A0CC:F8FB18DE", "911999B2:32709BEE:4D972FF3", "65A90023:32709BEE:146EDCBC", "633D9D61:32709BEE:AFA18EB3"] t=1791382583491
EPOCH_RECONCILED epoch=0 reporter=D315857CE70C54DE713F6E82E5613BB3A1266C15E28AD2F4338C7BBEC456F532 complete=true entries=21 total=1705 symbols=48 dropped=false t=1791382583493
2026-10-07T14:16:23.498209Z  INFO nanospam::app: Confirmed 14,177 blocks | 2,000 bps | 1,594 cps | avg conf time: 116 ms
EPOCH_RECONCILED epoch=0 reporter=65A90023F6C0D2181AAA63F005D81BBC0C04650505E21D5123F9AE1F9E992BFF complete=false entries=0 total=14172 symbols=0 dropped=false t=1791382583507
EPOCH_RECONCILED epoch=0 reporter=65A90023F6C0D2181AAA63F005D81BBC0C04650505E21D5123F9AE1F9E992BFF complete=true entries=1651 total=1651 symbols=0 dropped=false t=1791382583511
EPOCH_CLOSE_UNREADY epoch=0 short_of=reports usable=3 weight=3 required=5 held=4 theirs=["D315857C:E7D0A0CC:F8FB18DE", "911999B2:32709BEE:4D972FF3", "A353E45E:E7D0A0CC:E03922CF", "65A90023:32709BEE:146EDCBC"] t=1791382583530
EPOCH_RECONCILED epoch=0 reporter=911999B2AEFA7ACC66EBD802B3301FF6CE431405107749D940277955CB7FDD07 complete=false entries=123 total=14172 symbols=243 dropped=false t=1791382583546
EPOCH_RECONCILED epoch=0 reporter=65A90023F6C0D2181AAA63F005D81BBC0C04650505E21D5123F9AE1F9E992BFF complete=false entries=123 total=14172 symbols=243 dropped=false t=1791382583546
EPOCH_RECONCILED epoch=0 reporter=633D9D614858AB1710D5D8C3180E2A082DC97208BA8C26BA6C6D1A86C8E31CC0 complete=false entries=123 total=14172 symbols=243 dropped=false t=1791382583546
EPOCH_RECONCILED epoch=0 reporter=633D9D614858AB1710D5D8C3180E2A082DC97208BA8C26BA6C6D1A86C8E31CC0 complete=false entries=0 total=14172 symbols=0 dropped=false t=1791382583575
EPOCH_RECONCILED epoch=0 reporter=D315857CE70C54DE713F6E82E5613BB3A1266C15E28AD2F4338C7BBEC456F532 complete=false entries=274 total=14151 symbols=546 dropped=false t=1791382583576
EPOCH_RECONCILED epoch=0 reporter=A353E45E6D0016CAEED0DFA4EC5B0640E2AA22A793F9F2375E77F1AB92977C04 complete=false entries=274 total=14151 symbols=546 dropped=false t=1791382583576
EPOCH_RECONCILED epoch=0 reporter=633D9D614858AB1710D5D8C3180E2A082DC97208BA8C26BA6C6D1A86C8E31CC0 complete=true entries=1672 total=1672 symbols=0 dropped=false t=1791382583578
EPOCH_RECONCILED epoch=0 reporter=65A90023F6C0D2181AAA63F005D81BBC0C04650505E21D5123F9AE1F9E992BFF complete=false entries=0 total=14172 symbols=0 dropped=false t=1791382583583
EPOCH_RECONCILED epoch=0 reporter=65A90023F6C0D2181AAA63F005D81BBC0C04650505E21D5123F9AE1F9E992BFF complete=true entries=1651 total=1651 symbols=0 dropped=false t=1791382583586
EPOCH_CLOSE_UNREADY epoch=0 short_of=reports usable=3 weight=3 required=5 held=4 theirs=["633D9D61:32709BEE:AFA18EB3", "A353E45E:E7D0A0CC:E03922CF", "65A90023:32709BEE:146EDCBC", "D315857C:E7D0A0CC:F8FB18DE"] t=1791382583607
EPOCH_RECONCILED epoch=0 reporter=A353E45E6D0016CAEED0DFA4EC5B0640E2AA22A793F9F2375E77F1AB92977C04 complete=false entries=0 total=14151 symbols=0 dropped=false t=1791382583625
EPOCH_RECONCILED epoch=0 reporter=A353E45E6D0016CAEED0DFA4EC5B0640E2AA22A793F9F2375E77F1AB92977C04 complete=true entries=1708 total=1708 symbols=0 dropped=false t=1791382583628
EPOCH_RECONCILED epoch=0 reporter=A353E45E6D0016CAEED0DFA4EC5B0640E2AA22A793F9F2375E77F1AB92977C04 complete=false entries=274 total=14151 symbols=546 dropped=false t=1791382583648
EPOCH_RECONCILED epoch=0 reporter=D315857CE70C54DE713F6E82E5613BB3A1266C15E28AD2F4338C7BBEC456F532 complete=false entries=274 total=14151 symbols=546 dropped=false t=1791382583648
EPOCH_CLOSE_UNREADY epoch=0 short_of=reports usable=2 weight=2 required=5 held=4 theirs=["A353E45E:E7D0A0CC:E03922CF", "65A90023:32709BEE:146EDCBC", "633D9D61:32709BEE:AFA18EB3", "911999B2:32709BEE:4D972FF3"] t=1791382583650
EPOCH_RECONCILED epoch=0 reporter=65A90023F6C0D2181AAA63F005D81BBC0C04650505E21D5123F9AE1F9E992BFF complete=false entries=123 total=14172 symbols=243 dropped=false t=1791382583693
EPOCH_RECONCILED epoch=0 reporter=633D9D614858AB1710D5D8C3180E2A082DC97208BA8C26BA6C6D1A86C8E31CC0 complete=false entries=123 total=14172 symbols=243 dropped=false t=1791382583693
EPOCH_RECONCILED epoch=0 reporter=911999B2AEFA7ACC66EBD802B3301FF6CE431405107749D940277955CB7FDD07 complete=false entries=123 total=14172 symbols=243 dropped=false t=1791382583693
EPOCH_RECONCILED epoch=0 reporter=D315857CE70C54DE713F6E82E5613BB3A1266C15E28AD2F4338C7BBEC456F532 complete=true entries=1705 total=1705 symbols=0 dropped=false t=1791382583707
EPOCH_RECONCILED epoch=0 reporter=633D9D614858AB1710D5D8C3180E2A082DC97208BA8C26BA6C6D1A86C8E31CC0 complete=false entries=0 total=14172 symbols=0 dropped=false t=1791382583707
EPOCH_RECONCILED epoch=0 reporter=633D9D614858AB1710D5D8C3180E2A082DC97208BA8C26BA6C6D1A86C8E31CC0 complete=true entries=1672 total=1672 symbols=0 dropped=false t=1791382583712
EPOCH_RECONCILED epoch=0 reporter=A353E45E6D0016CAEED0DFA4EC5B0640E2AA22A793F9F2375E77F1AB92977C04 complete=false entries=0 total=14151 symbols=0 dropped=false t=1791382583713
EPOCH_RECONCILED epoch=0 reporter=A353E45E6D0016CAEED0DFA4EC5B0640E2AA22A793F9F2375E77F1AB92977C04 complete=false entries=1697 total=1697 symbols=0 dropped=false t=1791382583718
EPOCH_RECONCILED epoch=0 reporter=A353E45E6D0016CAEED0DFA4EC5B0640E2AA22A793F9F2375E77F1AB92977C04 complete=true entries=11 total=1708 symbols=16 dropped=false t=1791382583768
EPOCH_RECONCILED epoch=0 reporter=D315857CE70C54DE713F6E82E5613BB3A1266C15E28AD2F4338C7BBEC456F532 complete=true entries=1705 total=1705 symbols=0 dropped=false t=1791382583770
EPOCH_RECONCILED epoch=0 reporter=A353E45E6D0016CAEED0DFA4EC5B0640E2AA22A793F9F2375E77F1AB92977C04 complete=true entries=1708 total=1708 symbols=0 dropped=false t=1791382583773
EPOCH_RECONCILED epoch=0 reporter=911999B2AEFA7ACC66EBD802B3301FF6CE431405107749D940277955CB7FDD07 complete=false entries=1647 total=1647 symbols=0 dropped=false t=1791382583776
EPOCH_RECONCILED epoch=0 reporter=65A90023F6C0D2181AAA63F005D81BBC0C04650505E21D5123F9AE1F9E992BFF complete=true entries=1651 total=1651 symbols=0 dropped=false t=1791382583779
EPOCH_RECONCILED epoch=0 reporter=633D9D614858AB1710D5D8C3180E2A082DC97208BA8C26BA6C6D1A86C8E31CC0 complete=true entries=1672 total=1672 symbols=0 dropped=false t=1791382583783
EPOCH_CLOSE_READY epoch=0 t=1791382583793
EPOCH_RECONCILED epoch=0 reporter=911999B2AEFA7ACC66EBD802B3301FF6CE431405107749D940277955CB7FDD07 complete=true entries=27 total=1674 symbols=48 dropped=false t=1791382583810
EPOCH_RECONCILED epoch=0 reporter=A353E45E6D0016CAEED0DFA4EC5B0640E2AA22A793F9F2375E77F1AB92977C04 complete=false entries=1682 total=1682 symbols=0 dropped=false t=1791382583883
EPOCH_RECONCILED epoch=0 reporter=D315857CE70C54DE713F6E82E5613BB3A1266C15E28AD2F4338C7BBEC456F532 complete=true entries=1705 total=1705 symbols=0 dropped=false t=1791382583887
EPOCH_RECONCILED epoch=0 reporter=A353E45E6D0016CAEED0DFA4EC5B0640E2AA22A793F9F2375E77F1AB92977C04 complete=true entries=26 total=1708 symbols=72 dropped=false t=1791382583898
EPOCH_RECONCILED epoch=0 reporter=65A90023F6C0D2181AAA63F005D81BBC0C04650505E21D5123F9AE1F9E992BFF complete=true entries=1651 total=1651 symbols=0 dropped=false t=1791382583942
EPOCH_RECONCILED epoch=0 reporter=633D9D614858AB1710D5D8C3180E2A082DC97208BA8C26BA6C6D1A86C8E31CC0 complete=true entries=1672 total=1672 symbols=0 dropped=false t=1791382583948
EPOCH_RECONCILED epoch=0 reporter=911999B2AEFA7ACC66EBD802B3301FF6CE431405107749D940277955CB7FDD07 complete=true entries=1674 total=1674 symbols=0 dropped=false t=1791382583951
EPOCH_CLOSE_READY epoch=0 t=1791382583976
EPOCH_CLOSE_READY epoch=0 t=1791382583995
EPOCH_PROPOSED epoch=0 round=0 value=7C4A603A341C7AA82ABB101E6148C13BD70D5F2F240C5C03C064FE4FCB020F32 state=3D3DA062B0B2409D464CA595F06A4FE5C0DBA6A60B1EBA6A2E6355D8D4956FE7 reports=5 t=1791382584005
EPOCH_VALUE epoch=0 value=7C4A603A341C7AA82ABB101E6148C13BD70D5F2F240C5C03C064FE4FCB020F32 state=3D3DA062B0B2409D464CA595F06A4FE5C0DBA6A60B1EBA6A2E6355D8D4956FE7 t=1791382584005
EPOCH_CLOSE_ROUND epoch=0 round=0 leader=633D9D614858AB1710D5D8C3180E2A082DC97208BA8C26BA6C6D1A86C8E31CC0 leads=true t=1791382584017
EPOCH_CLOSE_READY epoch=0 t=1791382584082
EPOCH_CLOSE_READY epoch=0 t=1791382584194
EPOCH_CLOSE_ROUND epoch=0 round=0 leader=633D9D614858AB1710D5D8C3180E2A082DC97208BA8C26BA6C6D1A86C8E31CC0 leads=false t=1791382584218
EPOCH_CLOSE_ROUND epoch=0 round=0 leader=633D9D614858AB1710D5D8C3180E2A082DC97208BA8C26BA6C6D1A86C8E31CC0 leads=false t=1791382584245
EPOCH_VALUE epoch=0 value=7C4A603A341C7AA82ABB101E6148C13BD70D5F2F240C5C03C064FE4FCB020F32 state=3D3DA062B0B2409D464CA595F06A4FE5C0DBA6A60B1EBA6A2E6355D8D4956FE7 t=1791382584302
EPOCH_VALUE epoch=0 value=7C4A603A341C7AA82ABB101E6148C13BD70D5F2F240C5C03C064FE4FCB020F32 state=3D3DA062B0B2409D464CA595F06A4FE5C0DBA6A60B1EBA6A2E6355D8D4956FE7 t=1791382584307
EPOCH_CLOSE_ROUND epoch=0 round=0 leader=633D9D614858AB1710D5D8C3180E2A082DC97208BA8C26BA6C6D1A86C8E31CC0 leads=false t=1791382584349
EPOCH_CLOSE_ROUND epoch=0 round=0 leader=633D9D614858AB1710D5D8C3180E2A082DC97208BA8C26BA6C6D1A86C8E31CC0 leads=false t=1791382584468
2026-10-07T14:16:24.499180Z  INFO nanospam::app: Confirmed 14,177 blocks | 2,000 bps | 0 cps | avg conf time: 0 ms
EPOCH_VALUE epoch=0 value=7C4A603A341C7AA82ABB101E6148C13BD70D5F2F240C5C03C064FE4FCB020F32 state=3D3DA062B0B2409D464CA595F06A4FE5C0DBA6A60B1EBA6A2E6355D8D4956FE7 t=1791382584557
EPOCH_VALUE epoch=0 value=7C4A603A341C7AA82ABB101E6148C13BD70D5F2F240C5C03C064FE4FCB020F32 state=3D3DA062B0B2409D464CA595F06A4FE5C0DBA6A60B1EBA6A2E6355D8D4956FE7 t=1791382584584
EPOCH_INSTALL epoch=0 finalized=15782 instances_confirmed=1605 t=1791382584719
EPOCH_INSTALL epoch=0 finalized=15782 instances_confirmed=1605 t=1791382584720
EPOCH_INSTALL epoch=0 finalized=15782 instances_confirmed=1605 t=1791382584720
EPOCH_INSTALL epoch=0 finalized=15782 instances_confirmed=1605 t=1791382584722
EPOCH_INSTALL epoch=0 finalized=15782 instances_confirmed=1605 t=1791382584727
EPOCH_COMMITTEE derived_by=0 members=6 accounts=6900 n=6 digest=95D409445152DD075E6A4799205DFA5689496EB8EE1A22AC2A200B9DBC2DCF27 shares=["A353E45E:16.7%", "735FE217:16.7%", "D315857C:16.7%", "911999B2:16.7%", "633D9D61:16.7%", "65A90023:16.7%"] t=1791382584916
EPOCH_OMITTED epoch=0 instances=14 retained=0 t=1791382584917
EPOCH_COMMITTEE derived_by=0 members=6 accounts=6900 n=6 digest=95D409445152DD075E6A4799205DFA5689496EB8EE1A22AC2A200B9DBC2DCF27 shares=["A353E45E:16.7%", "735FE217:16.7%", "D315857C:16.7%", "911999B2:16.7%", "633D9D61:16.7%", "65A90023:16.7%"] t=1791382584925
EPOCH_OMITTED epoch=0 instances=14 retained=0 t=1791382584926
EPOCH_COMMITTEE derived_by=0 members=6 accounts=6900 n=6 digest=95D409445152DD075E6A4799205DFA5689496EB8EE1A22AC2A200B9DBC2DCF27 shares=["A353E45E:16.7%", "735FE217:16.7%", "D315857C:16.7%", "911999B2:16.7%", "633D9D61:16.7%", "65A90023:16.7%"] t=1791382584927
EPOCH_OMITTED epoch=0 instances=14 retained=0 t=1791382584927
EPOCH_COMMITTEE derived_by=0 members=6 accounts=6900 n=6 digest=95D409445152DD075E6A4799205DFA5689496EB8EE1A22AC2A200B9DBC2DCF27 shares=["A353E45E:16.7%", "735FE217:16.7%", "D315857C:16.7%", "911999B2:16.7%", "633D9D61:16.7%", "65A90023:16.7%"] t=1791382584932
EPOCH_OMITTED epoch=0 instances=14 retained=0 t=1791382584932
EPOCH_GATE epoch=1 released=2626 finalized=2077 t=1791382584932
EPOCH_CLOSED epoch=0 round=0 value=7C4A603A341C7AA82ABB101E6148C13BD70D5F2F240C5C03C064FE4FCB020F32 state=3D3DA062B0B2409D464CA595F06A4FE5C0DBA6A60B1EBA6A2E6355D8D4956FE7 t=1791382584932
EPOCH_COMMITTEE derived_by=0 members=6 accounts=6900 n=6 digest=95D409445152DD075E6A4799205DFA5689496EB8EE1A22AC2A200B9DBC2DCF27 shares=["A353E45E:16.7%", "735FE217:16.7%", "D315857C:16.7%", "911999B2:16.7%", "633D9D61:16.7%", "65A90023:16.7%"] t=1791382584936
EPOCH_OMITTED epoch=0 instances=14 retained=0 t=1791382584936
EPOCH_GATE epoch=1 released=2625 finalized=2077 t=1791382584941
EPOCH_CLOSED epoch=0 round=0 value=7C4A603A341C7AA82ABB101E6148C13BD70D5F2F240C5C03C064FE4FCB020F32 state=3D3DA062B0B2409D464CA595F06A4FE5C0DBA6A60B1EBA6A2E6355D8D4956FE7 t=1791382584941
EPOCH_GATE epoch=1 released=2627 finalized=2077 t=1791382584947
EPOCH_CLOSED epoch=0 round=0 value=7C4A603A341C7AA82ABB101E6148C13BD70D5F2F240C5C03C064FE4FCB020F32 state=3D3DA062B0B2409D464CA595F06A4FE5C0DBA6A60B1EBA6A2E6355D8D4956FE7 t=1791382584947
EPOCH_GATE epoch=1 released=2625 finalized=2077 t=1791382584950
EPOCH_CLOSED epoch=0 round=0 value=7C4A603A341C7AA82ABB101E6148C13BD70D5F2F240C5C03C064FE4FCB020F32 state=3D3DA062B0B2409D464CA595F06A4FE5C0DBA6A60B1EBA6A2E6355D8D4956FE7 t=1791382584951
EPOCH_GATE epoch=1 released=2626 finalized=2077 t=1791382584955
EPOCH_CLOSED epoch=0 round=0 value=7C4A603A341C7AA82ABB101E6148C13BD70D5F2F240C5C03C064FE4FCB020F32 state=3D3DA062B0B2409D464CA595F06A4FE5C0DBA6A60B1EBA6A2E6355D8D4956FE7 t=1791382584955
EPOCH_INSTALLED epoch=0 finalized=15782 cemented=14177 queued=1600 missing=5 t=1791382585009
EPOCH_INSTALLED epoch=0 finalized=15782 cemented=14294 queued=1480 missing=8 t=1791382585011
EPOCH_INSTALLED epoch=0 finalized=15782 cemented=14397 queued=1372 missing=13 t=1791382585029
EPOCH_INSTALLED epoch=0 finalized=15782 cemented=14177 queued=35 missing=1570 t=1791382585043
EPOCH_INSTALLED epoch=0 finalized=15782 cemented=14177 queued=35 missing=1570 t=1791382585056
EPOCH_FOLLOW cemented=1384 cementing=1 requested=0 pending=1 t=1791382585132
EPOCH_FOLLOW cemented=440 cementing=456 requested=709 pending=1165 t=1791382585252
EPOCH_FOLLOW cemented=1488 cementing=0 requested=0 pending=0 t=1791382585351
2026-10-07T14:16:25.500139Z  INFO nanospam::app: Confirmed 19,182 blocks | 2,000 bps | 5,000 cps | avg conf time: 2493 ms
EPOCH_FOLLOW cemented=1605 cementing=0 requested=0 pending=0 t=1791382585503
EPOCH_FOLLOW cemented=1605 cementing=0 requested=0 pending=0 t=1791382585651
EPOCH_FOLLOW cemented=1 cementing=0 requested=0 pending=0 t=1791382586160
EPOCH_FOLLOW cemented=1165 cementing=0 requested=0 pending=0 t=1791382586285
2026-10-07T14:16:26.501171Z  INFO nanospam::app: Confirmed 21,013 blocks | 2,000 bps | 1,829 cps | avg conf time: 135 ms
2026-10-07T14:16:27.502348Z  INFO nanospam::app: Confirmed 22,749 blocks | 2,000 bps | 1,733 cps | avg conf time: 110 ms
2026-10-07T14:16:28.503717Z  INFO nanospam::app: Confirmed 24,469 blocks | 2,000 bps | 1,718 cps | avg conf time: 110 ms
2026-10-07T14:16:29.504006Z  INFO nanospam::app: Confirmed 26,192 blocks | 2,000 bps | 1,721 cps | avg conf time: 111 ms
2026-10-07T14:16:30.505122Z  INFO nanospam::app: Confirmed 27,918 blocks | 2,000 bps | 1,724 cps | avg conf time: 110 ms
EPOCH_ENDED epoch=1 elections=1712 active=1695 t=1791382591318
EPOCH_ENDED epoch=1 elections=1705 active=1688 t=1791382591322
EPOCH_ENDED epoch=1 elections=1730 active=1713 t=1791382591322
EPOCH_ENDED epoch=1 elections=1730 active=1713 t=1791382591323
EPOCH_ENDED epoch=1 elections=1731 active=1714 t=1791382591329
EPOCH_ADVANCED epoch=2 elections=1705 active=1688 vote_records=288568 t=1791382591343
EPOCH_ADVANCED epoch=2 elections=1730 active=1713 vote_records=288607 t=1791382591344
EPOCH_ADVANCED epoch=2 elections=1712 active=1695 vote_records=288703 t=1791382591345
EPOCH_ADVANCED epoch=2 elections=1731 active=1714 vote_records=288617 t=1791382591347
EPOCH_REPORT epoch=1 certified=13591 residual=1682 root=0E8A0F7061BD7C06ABB2E310E91427CF5CBF99469ECA7ABF3D2F88070CFCD5F5 reports=1 t=1791382591353
EPOCH_REPORT epoch=1 certified=13591 residual=1666 root=0E8A0F7061BD7C06ABB2E310E91427CF5CBF99469ECA7ABF3D2F88070CFCD5F5 reports=1 t=1791382591355
EPOCH_REPORT epoch=1 certified=13591 residual=1704 root=0E8A0F7061BD7C06ABB2E310E91427CF5CBF99469ECA7ABF3D2F88070CFCD5F5 reports=1 t=1791382591357
EPOCH_ADVANCED epoch=2 elections=1730 active=1713 vote_records=288790 t=1791382591361
EPOCH_REPORT epoch=1 certified=13591 residual=1713 root=0E8A0F7061BD7C06ABB2E310E91427CF5CBF99469ECA7ABF3D2F88070CFCD5F5 reports=1 t=1791382591370
EPOCH_REPORT epoch=1 certified=13591 residual=1662 root=0E8A0F7061BD7C06ABB2E310E91427CF5CBF99469ECA7ABF3D2F88070CFCD5F5 reports=1 t=1791382591371
EPOCH_RECONCILED epoch=1 reporter=911999B2AEFA7ACC66EBD802B3301FF6CE431405107749D940277955CB7FDD07 complete=false entries=0 total=13591 symbols=0 dropped=false t=1791382591388
EPOCH_RECONCILED epoch=1 reporter=911999B2AEFA7ACC66EBD802B3301FF6CE431405107749D940277955CB7FDD07 complete=false entries=1635 total=1635 symbols=0 dropped=false t=1791382591405
EPOCH_RECONCILED epoch=1 reporter=D315857CE70C54DE713F6E82E5613BB3A1266C15E28AD2F4338C7BBEC456F532 complete=false entries=0 total=13591 symbols=0 dropped=false t=1791382591406
EPOCH_RECONCILED epoch=1 reporter=D315857CE70C54DE713F6E82E5613BB3A1266C15E28AD2F4338C7BBEC456F532 complete=true entries=1666 total=1666 symbols=0 dropped=false t=1791382591410
EPOCH_RECONCILED epoch=1 reporter=65A90023F6C0D2181AAA63F005D81BBC0C04650505E21D5123F9AE1F9E992BFF complete=false entries=0 total=13591 symbols=0 dropped=false t=1791382591410
EPOCH_RECONCILED epoch=1 reporter=65A90023F6C0D2181AAA63F005D81BBC0C04650505E21D5123F9AE1F9E992BFF complete=true entries=1682 total=1682 symbols=0 dropped=false t=1791382591418
EPOCH_RECONCILED epoch=1 reporter=633D9D614858AB1710D5D8C3180E2A082DC97208BA8C26BA6C6D1A86C8E31CC0 complete=false entries=0 total=13591 symbols=0 dropped=false t=1791382591419
EPOCH_RECONCILED epoch=1 reporter=633D9D614858AB1710D5D8C3180E2A082DC97208BA8C26BA6C6D1A86C8E31CC0 complete=false entries=1712 total=1712 symbols=0 dropped=false t=1791382591424
EPOCH_RECONCILED epoch=1 reporter=D315857CE70C54DE713F6E82E5613BB3A1266C15E28AD2F4338C7BBEC456F532 complete=false entries=0 total=13591 symbols=0 dropped=false t=1791382591449
EPOCH_RECONCILED epoch=1 reporter=D315857CE70C54DE713F6E82E5613BB3A1266C15E28AD2F4338C7BBEC456F532 complete=true entries=1666 total=1666 symbols=0 dropped=false t=1791382591453
EPOCH_RECONCILED epoch=1 reporter=65A90023F6C0D2181AAA63F005D81BBC0C04650505E21D5123F9AE1F9E992BFF complete=false entries=0 total=13591 symbols=0 dropped=false t=1791382591454
EPOCH_RECONCILED epoch=1 reporter=65A90023F6C0D2181AAA63F005D81BBC0C04650505E21D5123F9AE1F9E992BFF complete=true entries=1682 total=1682 symbols=0 dropped=false t=1791382591466
EPOCH_RECONCILED epoch=1 reporter=633D9D614858AB1710D5D8C3180E2A082DC97208BA8C26BA6C6D1A86C8E31CC0 complete=false entries=0 total=13591 symbols=0 dropped=false t=1791382591466
EPOCH_RECONCILED epoch=1 reporter=633D9D614858AB1710D5D8C3180E2A082DC97208BA8C26BA6C6D1A86C8E31CC0 complete=true entries=1713 total=1713 symbols=0 dropped=false t=1791382591476
EPOCH_RECONCILED epoch=1 reporter=A353E45E6D0016CAEED0DFA4EC5B0640E2AA22A793F9F2375E77F1AB92977C04 complete=false entries=0 total=13591 symbols=0 dropped=false t=1791382591476
EPOCH_RECONCILED epoch=1 reporter=A353E45E6D0016CAEED0DFA4EC5B0640E2AA22A793F9F2375E77F1AB92977C04 complete=true entries=1662 total=1662 symbols=0 dropped=false t=1791382591480
EPOCH_RECONCILED epoch=1 reporter=633D9D614858AB1710D5D8C3180E2A082DC97208BA8C26BA6C6D1A86C8E31CC0 complete=true entries=1 total=1713 symbols=16 dropped=false t=1791382591483
EPOCH_CLOSE_UNREADY epoch=1 short_of=reports usable=3 weight=3 required=5 held=4 theirs=["911999B2:0E8A0F70:85B6AE1F", "D315857C:0E8A0F70:637F4160", "65A90023:0E8A0F70:ACD896F7", "633D9D61:0E8A0F70:AEBD1F44"] t=1791382591490
2026-10-07T14:16:31.505990Z  INFO nanospam::app: Confirmed 29,477 blocks | 2,000 bps | 1,557 cps | avg conf time: 121 ms
EPOCH_RECONCILED epoch=1 reporter=911999B2AEFA7ACC66EBD802B3301FF6CE431405107749D940277955CB7FDD07 complete=true entries=69 total=1704 symbols=108 dropped=false t=1791382591524
EPOCH_CLOSE_READY epoch=1 t=1791382591526
EPOCH_RECONCILED epoch=1 reporter=A353E45E6D0016CAEED0DFA4EC5B0640E2AA22A793F9F2375E77F1AB92977C04 complete=false entries=0 total=13591 symbols=0 dropped=false t=1791382591553
EPOCH_RECONCILED epoch=1 reporter=A353E45E6D0016CAEED0DFA4EC5B0640E2AA22A793F9F2375E77F1AB92977C04 complete=false entries=1651 total=1651 symbols=0 dropped=false t=1791382591558
EPOCH_RECONCILED epoch=1 reporter=65A90023F6C0D2181AAA63F005D81BBC0C04650505E21D5123F9AE1F9E992BFF complete=false entries=0 total=13591 symbols=0 dropped=false t=1791382591559
EPOCH_RECONCILED epoch=1 reporter=A353E45E6D0016CAEED0DFA4EC5B0640E2AA22A793F9F2375E77F1AB92977C04 complete=false entries=0 total=13591 symbols=0 dropped=false t=1791382591573
EPOCH_RECONCILED epoch=1 reporter=A353E45E6D0016CAEED0DFA4EC5B0640E2AA22A793F9F2375E77F1AB92977C04 complete=false entries=1660 total=1660 symbols=0 dropped=false t=1791382591579
EPOCH_RECONCILED epoch=1 reporter=911999B2AEFA7ACC66EBD802B3301FF6CE431405107749D940277955CB7FDD07 complete=false entries=0 total=13591 symbols=0 dropped=false t=1791382591579
EPOCH_RECONCILED epoch=1 reporter=65A90023F6C0D2181AAA63F005D81BBC0C04650505E21D5123F9AE1F9E992BFF complete=false entries=1676 total=1676 symbols=0 dropped=false t=1791382591580
EPOCH_RECONCILED epoch=1 reporter=911999B2AEFA7ACC66EBD802B3301FF6CE431405107749D940277955CB7FDD07 complete=true entries=1704 total=1704 symbols=0 dropped=false t=1791382591582
EPOCH_RECONCILED epoch=1 reporter=633D9D614858AB1710D5D8C3180E2A082DC97208BA8C26BA6C6D1A86C8E31CC0 complete=false entries=0 total=13591 symbols=0 dropped=false t=1791382591582
EPOCH_RECONCILED epoch=1 reporter=911999B2AEFA7ACC66EBD802B3301FF6CE431405107749D940277955CB7FDD07 complete=false entries=0 total=13591 symbols=0 dropped=false t=1791382591584
EPOCH_RECONCILED epoch=1 reporter=633D9D614858AB1710D5D8C3180E2A082DC97208BA8C26BA6C6D1A86C8E31CC0 complete=false entries=1712 total=1712 symbols=0 dropped=false t=1791382591586
EPOCH_RECONCILED epoch=1 reporter=911999B2AEFA7ACC66EBD802B3301FF6CE431405107749D940277955CB7FDD07 complete=true entries=1704 total=1704 symbols=0 dropped=false t=1791382591587
EPOCH_RECONCILED epoch=1 reporter=D315857CE70C54DE713F6E82E5613BB3A1266C15E28AD2F4338C7BBEC456F532 complete=false entries=0 total=13591 symbols=0 dropped=false t=1791382591587
EPOCH_RECONCILED epoch=1 reporter=633D9D614858AB1710D5D8C3180E2A082DC97208BA8C26BA6C6D1A86C8E31CC0 complete=false entries=0 total=13591 symbols=0 dropped=false t=1791382591588
EPOCH_RECONCILED epoch=1 reporter=633D9D614858AB1710D5D8C3180E2A082DC97208BA8C26BA6C6D1A86C8E31CC0 complete=true entries=1713 total=1713 symbols=0 dropped=false t=1791382591591
EPOCH_RECONCILED epoch=1 reporter=D315857CE70C54DE713F6E82E5613BB3A1266C15E28AD2F4338C7BBEC456F532 complete=false entries=1650 total=1650 symbols=0 dropped=false t=1791382591596
EPOCH_RECONCILED epoch=1 reporter=911999B2AEFA7ACC66EBD802B3301FF6CE431405107749D940277955CB7FDD07 complete=false entries=0 total=13591 symbols=0 dropped=false t=1791382591605
EPOCH_RECONCILED epoch=1 reporter=911999B2AEFA7ACC66EBD802B3301FF6CE431405107749D940277955CB7FDD07 complete=true entries=1704 total=1704 symbols=0 dropped=false t=1791382591608
EPOCH_RECONCILED epoch=1 reporter=D315857CE70C54DE713F6E82E5613BB3A1266C15E28AD2F4338C7BBEC456F532 complete=false entries=0 total=13591 symbols=0 dropped=false t=1791382591608
EPOCH_RECONCILED epoch=1 reporter=D315857CE70C54DE713F6E82E5613BB3A1266C15E28AD2F4338C7BBEC456F532 complete=true entries=1666 total=1666 symbols=0 dropped=false t=1791382591611
EPOCH_RECONCILED epoch=1 reporter=65A90023F6C0D2181AAA63F005D81BBC0C04650505E21D5123F9AE1F9E992BFF complete=false entries=0 total=13591 symbols=0 dropped=false t=1791382591612
EPOCH_RECONCILED epoch=1 reporter=65A90023F6C0D2181AAA63F005D81BBC0C04650505E21D5123F9AE1F9E992BFF complete=false entries=1616 total=1616 symbols=0 dropped=false t=1791382591615
EPOCH_RECONCILED epoch=1 reporter=A353E45E6D0016CAEED0DFA4EC5B0640E2AA22A793F9F2375E77F1AB92977C04 complete=false entries=0 total=13591 symbols=0 dropped=false t=1791382591616
EPOCH_RECONCILED epoch=1 reporter=A353E45E6D0016CAEED0DFA4EC5B0640E2AA22A793F9F2375E77F1AB92977C04 complete=true entries=1662 total=1662 symbols=0 dropped=false t=1791382591618
EPOCH_RECONCILED epoch=1 reporter=A353E45E6D0016CAEED0DFA4EC5B0640E2AA22A793F9F2375E77F1AB92977C04 complete=true entries=11 total=1662 symbols=16 dropped=false t=1791382591621
EPOCH_RECONCILED epoch=1 reporter=65A90023F6C0D2181AAA63F005D81BBC0C04650505E21D5123F9AE1F9E992BFF complete=true entries=6 total=1682 symbols=16 dropped=false t=1791382591622
EPOCH_RECONCILED epoch=1 reporter=A353E45E6D0016CAEED0DFA4EC5B0640E2AA22A793F9F2375E77F1AB92977C04 complete=true entries=2 total=1662 symbols=16 dropped=false t=1791382591623
EPOCH_RECONCILED epoch=1 reporter=633D9D614858AB1710D5D8C3180E2A082DC97208BA8C26BA6C6D1A86C8E31CC0 complete=true entries=1 total=1713 symbols=16 dropped=false t=1791382591623
EPOCH_RECONCILED epoch=1 reporter=D315857CE70C54DE713F6E82E5613BB3A1266C15E28AD2F4338C7BBEC456F532 complete=true entries=16 total=1666 symbols=32 dropped=false t=1791382591625
EPOCH_CLOSE_UNREADY epoch=1 short_of=reports usable=2 weight=2 required=5 held=4 theirs=["A353E45E:0E8A0F70:8A078AC4", "911999B2:0E8A0F70:85B6AE1F", "633D9D61:0E8A0F70:AEBD1F44", "D315857C:0E8A0F70:637F4160"] t=1791382591627
EPOCH_CLOSE_UNREADY epoch=1 short_of=reports usable=3 weight=3 required=5 held=4 theirs=["A353E45E:0E8A0F70:8A078AC4", "65A90023:0E8A0F70:ACD896F7", "911999B2:0E8A0F70:85B6AE1F", "633D9D61:0E8A0F70:AEBD1F44"] t=1791382591628
EPOCH_RECONCILED epoch=1 reporter=65A90023F6C0D2181AAA63F005D81BBC0C04650505E21D5123F9AE1F9E992BFF complete=true entries=66 total=1682 symbols=108 dropped=false t=1791382591651
EPOCH_CLOSE_UNREADY epoch=1 short_of=reports usable=4 weight=4 required=5 held=4 theirs=["911999B2:0E8A0F70:85B6AE1F", "D315857C:0E8A0F70:637F4160", "65A90023:0E8A0F70:ACD896F7", "A353E45E:0E8A0F70:8A078AC4"] t=1791382591656
EPOCH_CLOSE_READY epoch=1 t=1791382591697
EPOCH_CLOSE_ROUND epoch=1 round=0 leader=65A90023F6C0D2181AAA63F005D81BBC0C04650505E21D5123F9AE1F9E992BFF leads=false t=1791382591729
EPOCH_CLOSE_READY epoch=1 t=1791382591877
EPOCH_CLOSE_READY epoch=1 t=1791382591928
EPOCH_CLOSE_ROUND epoch=1 round=0 leader=65A90023F6C0D2181AAA63F005D81BBC0C04650505E21D5123F9AE1F9E992BFF leads=false t=1791382591929
EPOCH_CLOSE_READY epoch=1 t=1791382591974
EPOCH_PROPOSED epoch=1 round=0 value=B5A92F926B590D39EC84C590F30509BA1128DD3D69B47930C901A759BD9558F2 state=7192F2F57F75B697D9297E0634C955E23D8389025B342C1E9C0363FCBC62440C reports=5 t=1791382592129
EPOCH_VALUE epoch=1 value=B5A92F926B590D39EC84C590F30509BA1128DD3D69B47930C901A759BD9558F2 state=7192F2F57F75B697D9297E0634C955E23D8389025B342C1E9C0363FCBC62440C t=1791382592129
EPOCH_CLOSE_ROUND epoch=1 round=0 leader=65A90023F6C0D2181AAA63F005D81BBC0C04650505E21D5123F9AE1F9E992BFF leads=false t=1791382592141
EPOCH_CLOSE_ROUND epoch=1 round=0 leader=65A90023F6C0D2181AAA63F005D81BBC0C04650505E21D5123F9AE1F9E992BFF leads=true t=1791382592170
EPOCH_CLOSE_ROUND epoch=1 round=0 leader=65A90023F6C0D2181AAA63F005D81BBC0C04650505E21D5123F9AE1F9E992BFF leads=false t=1791382592212
2026-10-07T14:16:32.507395Z  INFO nanospam::app: Confirmed 29,477 blocks | 2,000 bps | 0 cps | avg conf time: 0 ms
EPOCH_VALUE epoch=1 value=B5A92F926B590D39EC84C590F30509BA1128DD3D69B47930C901A759BD9558F2 state=7192F2F57F75B697D9297E0634C955E23D8389025B342C1E9C0363FCBC62440C t=1791382592549
EPOCH_VALUE epoch=1 value=B5A92F926B590D39EC84C590F30509BA1128DD3D69B47930C901A759BD9558F2 state=7192F2F57F75B697D9297E0634C955E23D8389025B342C1E9C0363FCBC62440C t=1791382592557
EPOCH_VALUE epoch=1 value=B5A92F926B590D39EC84C590F30509BA1128DD3D69B47930C901A759BD9558F2 state=7192F2F57F75B697D9297E0634C955E23D8389025B342C1E9C0363FCBC62440C t=1791382592568
EPOCH_VALUE epoch=1 value=B5A92F926B590D39EC84C590F30509BA1128DD3D69B47930C901A759BD9558F2 state=7192F2F57F75B697D9297E0634C955E23D8389025B342C1E9C0363FCBC62440C t=1791382592588
EPOCH_CLOSE_ROUND epoch=1 round=1 leader=735FE217D91E88EA82324C5883296385FA0041C2FAC85C827BAA46DA1E14B83F leads=false t=1791382592783
EPOCH_INSTALL epoch=1 finalized=15287 instances_confirmed=1592 t=1791382592807
EPOCH_INSTALL epoch=1 finalized=15287 instances_confirmed=1592 t=1791382592808
EPOCH_INSTALL epoch=1 finalized=15287 instances_confirmed=1592 t=1791382592808
EPOCH_INSTALL epoch=1 finalized=15287 instances_confirmed=1592 t=1791382592818
EPOCH_INSTALL epoch=1 finalized=15287 instances_confirmed=1592 t=1791382592818
EPOCH_COMMITTEE derived_by=1 members=6 accounts=10241 n=6 digest=95D409445152DD075E6A4799205DFA5689496EB8EE1A22AC2A200B9DBC2DCF27 shares=["A353E45E:16.7%", "735FE217:16.7%", "D315857C:16.7%", "911999B2:16.7%", "633D9D61:16.7%", "65A90023:16.7%"] t=1791382593057
EPOCH_OMITTED epoch=1 instances=18 retained=0 t=1791382593057
EPOCH_COMMITTEE derived_by=1 members=6 accounts=10241 n=6 digest=95D409445152DD075E6A4799205DFA5689496EB8EE1A22AC2A200B9DBC2DCF27 shares=["A353E45E:16.7%", "735FE217:16.7%", "D315857C:16.7%", "911999B2:16.7%", "633D9D61:16.7%", "65A90023:16.7%"] t=1791382593063
EPOCH_OMITTED epoch=1 instances=18 retained=0 t=1791382593063
EPOCH_COMMITTEE derived_by=1 members=6 accounts=10241 n=6 digest=95D409445152DD075E6A4799205DFA5689496EB8EE1A22AC2A200B9DBC2DCF27 shares=["A353E45E:16.7%", "735FE217:16.7%", "D315857C:16.7%", "911999B2:16.7%", "633D9D61:16.7%", "65A90023:16.7%"] t=1791382593063
EPOCH_OMITTED epoch=1 instances=18 retained=0 t=1791382593063
EPOCH_COMMITTEE derived_by=1 members=6 accounts=10241 n=6 digest=95D409445152DD075E6A4799205DFA5689496EB8EE1A22AC2A200B9DBC2DCF27 shares=["A353E45E:16.7%", "735FE217:16.7%", "D315857C:16.7%", "911999B2:16.7%", "633D9D61:16.7%", "65A90023:16.7%"] t=1791382593067
EPOCH_OMITTED epoch=1 instances=18 retained=0 t=1791382593067
EPOCH_COMMITTEE derived_by=1 members=6 accounts=10241 n=6 digest=95D409445152DD075E6A4799205DFA5689496EB8EE1A22AC2A200B9DBC2DCF27 shares=["A353E45E:16.7%", "735FE217:16.7%", "D315857C:16.7%", "911999B2:16.7%", "633D9D61:16.7%", "65A90023:16.7%"] t=1791382593069
EPOCH_OMITTED epoch=1 instances=18 retained=0 t=1791382593070
EPOCH_GATE epoch=2 released=2792 finalized=2156 t=1791382593074
EPOCH_CLOSED epoch=1 round=0 value=B5A92F926B590D39EC84C590F30509BA1128DD3D69B47930C901A759BD9558F2 state=7192F2F57F75B697D9297E0634C955E23D8389025B342C1E9C0363FCBC62440C t=1791382593074
EPOCH_GATE epoch=2 released=2715 finalized=2156 t=1791382593085
EPOCH_CLOSED epoch=1 round=0 value=B5A92F926B590D39EC84C590F30509BA1128DD3D69B47930C901A759BD9558F2 state=7192F2F57F75B697D9297E0634C955E23D8389025B342C1E9C0363FCBC62440C t=1791382593086
EPOCH_INSTALLED epoch=1 finalized=15287 cemented=13910 queued=1377 missing=0 t=1791382593138
EPOCH_GATE epoch=2 released=2667 finalized=2156 t=1791382593139
EPOCH_CLOSED epoch=1 round=0 value=B5A92F926B590D39EC84C590F30509BA1128DD3D69B47930C901A759BD9558F2 state=7192F2F57F75B697D9297E0634C955E23D8389025B342C1E9C0363FCBC62440C t=1791382593139
EPOCH_INSTALLED epoch=1 finalized=15287 cemented=13716 queued=13 missing=1558 t=1791382593183
EPOCH_INSTALLED epoch=1 finalized=15287 cemented=13699 queued=31 missing=1557 t=1791382593213
EPOCH_GATE epoch=2 released=2661 finalized=2156 t=1791382593282
EPOCH_CLOSED epoch=1 round=0 value=B5A92F926B590D39EC84C590F30509BA1128DD3D69B47930C901A759BD9558F2 state=7192F2F57F75B697D9297E0634C955E23D8389025B342C1E9C0363FCBC62440C t=1791382593283
EPOCH_GATE epoch=2 released=2664 finalized=2156 t=1791382593289
EPOCH_CLOSED epoch=1 round=0 value=B5A92F926B590D39EC84C590F30509BA1128DD3D69B47930C901A759BD9558F2 state=7192F2F57F75B697D9297E0634C955E23D8389025B342C1E9C0363FCBC62440C t=1791382593289
EPOCH_FOLLOW cemented=1377 cementing=0 requested=0 pending=0 t=1791382593390
EPOCH_INSTALLED epoch=1 finalized=15287 cemented=13952 queued=1335 missing=0 t=1791382593425
2026-10-07T14:16:33.507881Z  INFO nanospam::app: Confirmed 33,443 blocks | 2,000 bps | 3,963 cps | avg conf time: 3119 ms
EPOCH_INSTALLED epoch=1 finalized=15287 cemented=15004 queued=283 missing=0 t=1791382593509
EPOCH_FOLLOW cemented=754 cementing=435 requested=399 pending=834 t=1791382593521
EPOCH_FOLLOW cemented=283 cementing=0 requested=0 pending=0 t=1791382593602
EPOCH_FOLLOW cemented=1571 cementing=0 requested=0 pending=0 t=1791382593730
EPOCH_FOLLOW cemented=1335 cementing=0 requested=0 pending=0 t=1791382593905
2026-10-07T14:16:34.508978Z  INFO nanospam::app: Confirmed 36,267 blocks | 2,000 bps | 2,820 cps | avg conf time: 384 ms
EPOCH_FOLLOW cemented=834 cementing=0 requested=0 pending=0 t=1791382594553
2026-10-07T14:16:35.509834Z  INFO nanospam::app: Confirmed 38,019 blocks | 2,000 bps | 1,750 cps | avg conf time: 108 ms
2026-10-07T14:16:36.510862Z  INFO nanospam::app: Confirmed 39,717 blocks | 2,000 bps | 1,696 cps | avg conf time: 114 ms
2026-10-07T14:16:37.511748Z  INFO nanospam::app: Confirmed 41,436 blocks | 2,000 bps | 1,717 cps | avg conf time: 112 ms
2026-10-07T14:16:38.512739Z  INFO nanospam::app: Confirmed 43,147 blocks | 2,000 bps | 1,709 cps | avg conf time: 114 ms
2026-10-07T14:16:38.857431Z  INFO nanospam::app: Confirming 45000 blocks took 23.37s
2026-10-07T14:16:38.857465Z  INFO nanospam::app: Confirmation rate: 1925 cps
2026-10-07T14:16:38.857469Z  INFO nanospam::app: Average conf time: 659 ms
2026-10-07T14:16:38.857473Z  INFO nanospam::app: Non-fork confirmation rate: 1731 cps (40462 of 40462 non-fork blocks, 3156 of 4538 forks)
2026-10-07T14:16:38.857832Z  INFO nanospam::app: RAI_BENCH_METRICS {"created":45000,"confirmed":43618,"duration_secs":23.367294083,"confirmation_unit":"primary publication or its confirmed fork alternative","alternative_confirmed":3143,"confirmation_histogram_ms":{"48":4,"49":1,"50":2,"51":3,"52":3,"53":2,"54":3,"55":2,"56":1,"57":3,"58":2,"59":6,"60":6,"61":8,"62":7,"63":11,"64":13,"65":15,"66":18,"67":18,"68":16,"69":14,"70":22,"71":28,"72":21,"73":36,"74":35,"75":53,"76":81,"77":85,"78":81,"79":92,"80":93,"81":97,"82":102,"83":132,"84":138,"85":175,"86":176,"87":204,"88":217,"89":245,"90":258,"91":285,"92":360,"93":401,"94":423,"95":433,"96":440,"97":510,"98":547,"99":586,"100":649,"101":657,"102":687,"103":706,"104":770,"105":771,"106":766,"107":795,"108":842,"109":844,"110":915,"111":887,"112":943,"113":897,"114":904,"115":886,"116":837,"117":816,"118":819,"119":787,"120":734,"121":683,"122":666,"123":625,"124":614,"125":542,"126":470,"127":422,"128":431,"129":383,"130":333,"131":258,"132":248,"133":215,"134":172,"135":158,"136":121,"137":97,"138":96,"139":75,"140":74,"141":51,"142":77,"143":73,"144":69,"145":55,"146":54,"147":45,"148":47,"149":42,"150":38,"151":35,"152":29,"153":39,"154":38,"155":25,"156":26,"157":30,"158":20,"159":29,"160":27,"161":32,"162":26,"163":17,"164":25,"165":23,"166":25,"167":21,"168":15,"169":27,"170":25,"171":24,"172":18,"173":20,"174":30,"175":31,"176":25,"177":28,"178":40,"179":25,"180":46,"181":42,"182":49,"183":23,"184":24,"185":24,"186":25,"187":17,"188":19,"189":28,"190":29,"191":22,"192":13,"193":14,"194":11,"195":12,"196":10,"197":16,"198":18,"199":15,"200":17,"201":28,"202":25,"203":21,"204":10,"205":12,"206":18,"207":18,"208":10,"209":16,"210":6,"211":12,"212":6,"213":11,"214":8,"215":18,"216":22,"217":18,"218":9,"219":10,"220":23,"221":23,"222":12,"223":16,"224":11,"225":21,"226":15,"227":14,"228":20,"229":13,"230":25,"231":22,"232":36,"233":47,"234":38,"235":23,"236":17,"237":18,"238":15,"239":19,"240":9,"241":32,"242":15,"243":15,"244":20,"245":19,"246":12,"247":10,"248":12,"249":15,"250":8,"251":8,"252":5,"253":6,"254":9,"255":14,"256":14,"257":5,"258":9,"259":3,"260":3,"261":11,"262":6,"263":6,"264":3,"265":17,"266":17,"267":17,"268":15,"269":12,"270":7,"271":6,"272":5,"273":5,"274":7,"275":7,"276":11,"277":25,"278":26,"279":27,"280":12,"281":10,"282":13,"283":9,"284":9,"285":5,"286":5,"287":6,"288":10,"289":9,"290":7,"291":7,"292":21,"293":10,"294":14,"295":14,"296":18,"297":13,"298":17,"299":9,"300":10,"301":10,"302":22,"303":44,"304":21,"305":18,"306":15,"307":15,"308":20,"309":13,"310":6,"311":13,"312":9,"313":7,"314":17,"315":7,"316":25,"317":6,"318":3,"320":4,"321":1,"322":6,"323":5,"324":15,"325":6,"326":13,"327":13,"328":15,"329":12,"330":20,"331":23,"332":15,"333":17,"334":9,"335":3,"336":8,"337":5,"338":6,"339":5,"340":3,"341":2,"342":3,"343":5,"344":2,"345":2,"347":3,"348":4,"349":4,"350":7,"351":3,"352":11,"353":7,"354":1,"356":1,"357":1,"358":5,"359":1,"361":2,"363":2,"364":2,"365":1,"366":3,"367":2,"368":1,"369":3,"370":2,"371":2,"372":1,"373":4,"374":4,"376":2,"377":4,"378":2,"379":3,"380":1,"381":6,"382":5,"383":1,"384":5,"385":5,"386":3,"387":3,"388":4,"389":4,"390":1,"391":5,"392":4,"393":4,"394":2,"395":3,"396":4,"397":6,"398":8,"399":4,"400":10,"401":11,"402":6,"403":10,"404":11,"405":4,"406":11,"407":10,"408":9,"409":3,"410":11,"411":6,"412":6,"413":8,"414":7,"415":8,"416":4,"417":5,"418":7,"419":5,"420":7,"421":9,"422":8,"423":13,"424":6,"425":5,"426":7,"427":6,"428":13,"429":3,"430":9,"431":5,"432":2,"433":5,"434":6,"435":3,"436":5,"437":4,"438":6,"439":1,"440":4,"441":24,"442":4,"443":6,"444":10,"445":6,"446":8,"447":5,"448":6,"449":9,"450":7,"451":9,"452":8,"453":4,"454":2,"455":8,"456":3,"457":2,"458":11,"459":3,"460":7,"461":4,"462":9,"463":6,"464":7,"465":5,"466":9,"467":6,"468":3,"469":4,"470":4,"471":11,"472":4,"473":8,"474":9,"475":7,"476":12,"477":4,"478":7,"479":7,"480":7,"481":5,"482":3,"483":8,"484":4,"485":4,"486":4,"487":2,"488":7,"489":6,"490":5,"491":4,"492":4,"493":4,"494":13,"495":5,"496":4,"497":3,"498":9,"499":3,"500":2,"501":8,"503":2,"504":6,"505":3,"506":6,"507":6,"508":5,"509":3,"510":6,"511":6,"512":3,"513":1,"514":5,"515":5,"516":6,"517":5,"518":2,"519":5,"520":3,"521":6,"522":2,"523":7,"524":5,"525":5,"526":8,"527":6,"528":7,"529":15,"530":14,"531":5,"532":7,"533":7,"534":9,"535":7,"536":5,"537":9,"538":2,"539":5,"540":4,"541":8,"542":2,"543":9,"544":3,"545":4,"546":5,"547":3,"548":4,"549":10,"550":7,"551":3,"552":4,"553":5,"554":10,"555":5,"556":4,"557":5,"558":5,"559":7,"560":6,"561":4,"562":7,"563":6,"564":6,"565":6,"566":5,"567":4,"568":3,"569":5,"570":7,"571":3,"572":7,"573":6,"574":5,"575":2,"576":4,"577":12,"578":3,"579":5,"580":4,"581":3,"582":2,"583":7,"584":4,"585":3,"586":5,"587":6,"588":5,"589":8,"590":4,"591":4,"592":11,"593":5,"594":4,"595":5,"596":4,"597":7,"598":5,"599":3,"600":1,"601":1,"605":9,"606":9,"607":7,"608":1,"609":1,"610":1,"611":3,"612":2,"613":3,"614":2,"615":3,"616":3,"617":6,"618":5,"619":5,"620":7,"621":6,"622":6,"623":5,"624":4,"625":5,"626":4,"627":5,"628":4,"629":4,"630":5,"631":4,"632":3,"633":4,"634":4,"635":5,"636":2,"637":4,"638":6,"639":4,"640":6,"641":5,"642":5,"643":7,"644":5,"645":2,"646":5,"647":1,"648":1,"649":3,"650":5,"651":4,"652":6,"653":6,"654":5,"655":5,"656":3,"657":2,"658":5,"659":3,"660":4,"661":3,"662":4,"663":6,"664":1,"665":6,"666":5,"667":4,"668":4,"669":7,"670":1,"671":6,"672":4,"673":4,"674":6,"675":1,"676":8,"677":3,"678":5,"679":5,"680":3,"681":2,"682":2,"683":3,"685":7,"686":5,"687":5,"688":7,"689":2,"690":5,"691":4,"692":5,"693":3,"694":1,"695":6,"696":7,"697":6,"698":5,"699":7,"700":7,"701":5,"702":3,"703":3,"704":3,"705":1,"706":8,"707":3,"708":3,"709":4,"710":4,"711":8,"712":6,"713":4,"714":9,"715":4,"716":8,"717":5,"718":6,"719":3,"720":3,"721":6,"722":7,"723":8,"724":12,"725":5,"726":6,"727":6,"728":9,"729":11,"730":6,"731":10,"732":13,"733":8,"734":7,"735":4,"736":4,"737":8,"738":7,"739":4,"740":1,"741":5,"742":9,"743":3,"744":2,"745":2,"746":3,"747":4,"748":3,"749":3,"750":5,"751":4,"752":5,"753":6,"754":10,"755":8,"756":2,"757":7,"758":5,"759":2,"760":5,"761":2,"762":2,"763":6,"764":8,"765":3,"766":5,"767":7,"768":11,"769":6,"770":8,"771":2,"772":9,"773":8,"774":8,"775":4,"776":3,"777":11,"778":8,"779":6,"780":6,"781":4,"782":6,"783":3,"784":9,"785":7,"786":7,"787":8,"788":7,"789":11,"790":10,"791":8,"792":8,"793":11,"794":5,"795":4,"796":8,"797":18,"798":18,"799":19,"800":22,"801":17,"802":10,"803":21,"804":14,"805":15,"806":14,"807":11,"808":24,"809":24,"810":17,"811":15,"812":12,"813":14,"814":9,"815":11,"816":9,"817":10,"818":15,"819":6,"820":11,"821":9,"822":5,"823":8,"824":10,"825":7,"826":9,"827":8,"828":7,"829":7,"830":7,"831":5,"832":8,"833":5,"834":3,"835":7,"836":4,"837":9,"838":3,"839":6,"840":7,"841":6,"842":6,"843":6,"844":3,"845":4,"846":2,"847":8,"848":6,"849":6,"850":4,"851":7,"852":8,"853":5,"854":6,"855":3,"856":5,"857":4,"858":7,"859":8,"860":2,"862":4,"863":4,"864":1,"865":3,"866":1,"867":3,"868":3,"869":8,"870":3,"871":3,"872":5,"873":6,"874":4,"875":1,"876":4,"877":3,"878":2,"880":2,"881":5,"882":2,"883":2,"884":4,"885":4,"886":1,"887":3,"888":4,"889":7,"890":8,"891":3,"892":5,"893":3,"894":10,"895":7,"896":6,"897":7,"898":1,"899":5,"900":3,"901":4,"902":6,"904":5,"905":13,"906":9,"907":5,"908":2,"909":4,"910":4,"911":1,"912":4,"913":5,"914":3,"915":6,"916":1,"917":3,"918":2,"919":5,"920":1,"921":4,"922":5,"923":5,"924":1,"925":4,"926":2,"927":2,"928":6,"929":1,"930":1,"931":5,"932":1,"933":5,"934":2,"935":1,"936":2,"937":3,"938":6,"939":3,"940":4,"941":5,"942":3,"943":5,"944":4,"945":4,"946":5,"947":7,"948":2,"949":4,"950":4,"951":4,"952":9,"953":3,"954":2,"955":6,"956":7,"957":7,"958":3,"960":1,"961":1,"962":1,"963":1,"964":1,"965":1,"966":2,"967":2,"968":2,"969":2,"970":6,"971":2,"972":3,"973":2,"974":3,"975":6,"976":1,"977":3,"978":1,"979":4,"980":3,"981":4,"982":5,"983":2,"984":4,"985":2,"986":3,"987":10,"988":3,"989":4,"990":4,"991":2,"992":3,"993":2,"994":6,"996":2,"997":6,"998":2,"999":6,"1000":2,"1001":3,"1002":4,"1003":6,"1005":3,"1006":4,"1007":3,"1008":3,"1009":3,"1010":2,"1011":2,"1012":4,"1013":2,"1014":7,"1015":8,"1016":4,"1017":1,"1018":2,"1019":2,"1020":3,"1021":3,"1022":2,"1023":5,"1024":5,"1025":4,"1026":3,"1027":3,"1028":5,"1030":5,"1031":5,"1032":5,"1033":4,"1034":3,"1035":4,"1036":9,"1037":1,"1038":6,"1039":2,"1040":6,"1041":3,"1042":4,"1043":4,"1044":3,"1045":4,"1046":4,"1047":9,"1048":5,"1049":6,"1050":4,"1051":1,"1052":4,"1054":2,"1055":1,"1057":1,"1058":2,"1059":1,"1063":1,"1064":2,"1065":4,"1066":3,"1067":3,"1068":2,"1069":6,"1070":4,"1071":6,"1072":4,"1073":7,"1074":6,"1075":3,"1076":2,"1077":3,"1078":3,"1079":3,"1080":5,"1081":1,"1082":8,"1083":7,"1084":5,"1085":5,"1086":1,"1087":1,"1088":5,"1089":2,"1090":1,"1092":2,"1093":1,"1094":2,"1095":5,"1096":6,"1097":2,"1098":5,"1099":2,"1100":5,"1101":1,"1102":2,"1103":6,"1104":3,"1105":5,"1106":2,"1107":2,"1108":2,"1109":4,"1110":3,"1111":3,"1112":3,"1113":5,"1114":2,"1115":2,"1116":2,"1117":6,"1118":1,"1119":1,"1120":3,"1121":2,"1122":4,"1123":2,"1124":5,"1125":3,"1126":4,"1127":10,"1128":4,"1129":5,"1130":4,"1131":2,"1132":7,"1133":1,"1134":2,"1135":2,"1136":2,"1137":2,"1138":8,"1139":4,"1140":5,"1141":4,"1142":4,"1143":4,"1144":4,"1145":5,"1146":4,"1147":4,"1148":2,"1149":6,"1150":8,"1151":1,"1152":10,"1153":2,"1154":2,"1155":4,"1156":4,"1157":1,"1158":4,"1159":6,"1160":2,"1161":7,"1162":2,"1163":5,"1164":2,"1165":3,"1166":3,"1167":6,"1168":1,"1169":4,"1170":7,"1171":4,"1172":6,"1173":2,"1174":6,"1175":4,"1176":6,"1177":3,"1178":3,"1179":3,"1180":6,"1181":4,"1182":2,"1183":3,"1184":4,"1185":3,"1186":3,"1187":3,"1188":4,"1189":1,"1190":3,"1191":2,"1192":2,"1193":2,"1194":1,"1195":2,"1196":1,"1197":1,"1198":1,"1199":2,"1201":3,"1203":2,"1204":2,"1205":6,"1206":4,"1207":3,"1208":4,"1209":5,"1210":3,"1211":2,"1212":7,"1213":2,"1215":5,"1216":2,"1217":4,"1218":2,"1219":3,"1220":2,"1221":4,"1222":6,"1223":2,"1224":6,"1225":2,"1226":4,"1227":1,"1228":2,"1229":5,"1230":3,"1231":2,"1232":5,"1233":4,"1234":1,"1235":1,"1236":5,"1237":2,"1238":7,"1239":4,"1240":5,"1241":5,"1242":5,"1243":2,"1244":7,"1245":4,"1246":5,"1247":8,"1248":2,"1249":2,"1250":1,"1251":6,"1252":5,"1253":1,"1255":5,"1256":4,"1257":2,"1258":2,"1259":3,"1260":6,"1261":4,"1262":5,"1263":6,"1264":1,"1265":3,"1266":1,"1267":4,"1268":4,"1269":4,"1270":3,"1271":6,"1272":5,"1273":6,"1274":3,"1275":3,"1276":5,"1277":1,"1278":4,"1279":3,"1280":1,"1281":4,"1282":3,"1283":3,"1284":7,"1285":2,"1286":3,"1287":6,"1288":4,"1289":3,"1290":5,"1291":1,"1292":1,"1293":4,"1294":8,"1295":5,"1296":3,"1297":3,"1298":7,"1299":6,"1300":3,"1301":5,"1302":6,"1303":1,"1305":5,"1306":5,"1307":2,"1308":5,"1309":1,"1310":1,"1311":2,"1312":1,"1313":1,"1314":3,"1315":4,"1317":3,"1318":4,"1319":7,"1320":5,"1321":2,"1322":2,"1323":4,"1324":5,"1326":5,"1327":3,"1328":4,"1329":5,"1330":4,"1331":6,"1332":4,"1333":3,"1334":6,"1335":11,"1336":5,"1338":3,"1339":3,"1340":3,"1341":7,"1342":4,"1343":2,"1344":7,"1345":6,"1346":7,"1347":3,"1348":4,"1349":2,"1350":2,"1351":5,"1352":3,"1353":5,"1354":6,"1355":3,"1356":3,"1357":3,"1358":4,"1360":2,"1361":3,"1362":7,"1363":2,"1365":1,"1366":2,"1367":5,"1369":2,"1370":3,"1371":8,"1372":2,"1373":2,"1374":2,"1375":4,"1376":1,"1377":3,"1378":5,"1379":4,"1380":2,"1381":2,"1382":4,"1383":3,"1384":4,"1385":3,"1386":2,"1387":3,"1388":2,"1389":3,"1390":2,"1391":1,"1392":2,"1393":3,"1394":2,"1396":6,"1397":4,"1398":2,"1399":4,"1400":3,"1401":2,"1402":4,"1403":1,"1404":5,"1405":3,"1406":3,"1408":4,"1409":4,"1410":4,"1411":5,"1412":5,"1413":6,"1414":6,"1415":2,"1416":2,"1417":3,"1418":6,"1419":2,"1420":1,"1421":9,"1422":5,"1423":6,"1424":6,"1425":1,"1426":1,"1427":3,"1428":2,"1429":3,"1430":4,"1431":1,"1432":2,"1433":4,"1434":3,"1435":5,"1436":6,"1437":1,"1438":5,"1439":2,"1440":3,"1441":3,"1442":2,"1443":4,"1444":3,"1445":3,"1446":8,"1447":2,"1448":2,"1449":8,"1450":2,"1451":2,"1452":3,"1453":3,"1454":1,"1455":2,"1456":5,"1457":4,"1458":4,"1459":5,"1460":5,"1461":3,"1462":1,"1463":1,"1464":3,"1465":4,"1466":3,"1467":3,"1468":4,"1469":5,"1470":3,"1471":6,"1472":2,"1473":6,"1474":3,"1475":4,"1476":6,"1477":4,"1478":2,"1479":4,"1480":3,"1481":6,"1482":1,"1483":2,"1484":4,"1485":4,"1486":6,"1487":1,"1488":6,"1489":3,"1490":2,"1492":3,"1493":6,"1494":4,"1495":3,"1496":2,"1497":1,"1498":4,"1499":4,"1500":5,"1501":5,"1502":4,"1503":2,"1505":3,"1506":3,"1507":4,"1508":5,"1509":2,"1510":6,"1511":5,"1512":2,"1513":5,"1514":4,"1515":3,"1516":2,"1517":4,"1518":3,"1519":4,"1520":3,"1521":1,"1522":8,"1523":3,"1524":3,"1525":4,"1526":4,"1527":2,"1528":5,"1529":4,"1530":7,"1531":5,"1532":2,"1533":1,"1534":2,"1535":2,"1536":4,"1537":4,"1538":7,"1539":5,"1540":4,"1541":5,"1542":3,"1543":3,"1544":2,"1545":1,"1546":3,"1547":4,"1548":2,"1549":1,"1550":4,"1551":2,"1552":3,"1553":3,"1554":7,"1555":5,"1556":4,"1557":6,"1558":5,"1559":4,"1560":3,"1561":4,"1562":4,"1563":8,"1564":6,"1565":4,"1566":9,"1567":4,"1568":5,"1569":4,"1570":1,"1571":3,"1572":3,"1573":2,"1574":2,"1575":2,"1576":3,"1577":1,"1578":3,"1579":2,"1580":7,"1581":5,"1583":4,"1584":3,"1585":2,"1586":3,"1587":3,"1588":3,"1589":6,"1590":3,"1591":3,"1592":3,"1593":1,"1594":2,"1595":5,"1596":5,"1597":3,"1598":3,"1599":3,"1600":1,"1601":5,"1602":2,"1603":5,"1604":4,"1606":3,"1607":1,"1608":1,"1610":4,"1611":4,"1612":5,"1613":1,"1614":5,"1615":2,"1616":3,"1617":2,"1618":1,"1619":5,"1620":4,"1621":1,"1622":8,"1623":6,"1624":3,"1625":2,"1626":6,"1627":3,"1628":2,"1629":9,"1630":6,"1631":1,"1632":4,"1633":6,"1634":3,"1635":3,"1636":1,"1637":6,"1638":6,"1639":5,"1640":1,"1641":5,"1642":3,"1643":4,"1644":5,"1645":3,"1646":7,"1649":3,"1650":3,"1651":5,"1652":4,"1653":6,"1654":4,"1655":2,"1656":5,"1657":3,"1658":2,"1659":2,"1660":1,"1661":1,"1662":1,"1663":1,"1664":4,"1665":3,"1666":3,"1667":2,"1668":1,"1669":4,"1670":2,"1671":2,"1672":7,"1674":4,"1675":1,"1676":4,"1677":3,"1678":1,"1679":1,"1680":6,"1681":7,"1682":3,"1683":3,"1684":1,"1685":3,"1686":5,"1687":3,"1688":2,"1689":5,"1690":5,"1691":1,"1692":1,"1693":1,"1694":4,"1695":2,"1697":4,"1699":3,"1700":2,"1701":3,"1702":3,"1703":5,"1704":4,"1705":3,"1706":6,"1707":2,"1708":4,"1709":3,"1710":4,"1711":5,"1712":5,"1713":3,"1714":3,"1715":8,"1716":5,"1717":3,"1718":3,"1719":7,"1720":6,"1721":3,"1722":2,"1723":3,"1724":3,"1725":5,"1726":2,"1727":2,"1728":3,"1729":3,"1730":4,"1731":5,"1732":4,"1733":1,"1734":2,"1735":8,"1736":3,"1737":3,"1738":3,"1739":7,"1740":2,"1741":3,"1742":2,"1743":1,"1744":3,"1745":3,"1746":4,"1747":8,"1748":3,"1749":3,"1750":3,"1751":5,"1752":6,"1753":4,"1754":5,"1755":5,"1756":2,"1757":2,"1758":4,"1759":7,"1760":3,"1761":2,"1762":8,"1763":7,"1764":6,"1765":2,"1766":7,"1767":1,"1768":2,"1769":3,"1770":2,"1771":6,"1772":2,"1773":3,"1774":3,"1775":2,"1776":2,"1777":1,"1778":3,"1779":3,"1780":5,"1781":2,"1782":3,"1783":4,"1784":4,"1785":3,"1786":1,"1787":2,"1789":2,"1790":5,"1791":1,"1792":2,"1793":4,"1794":2,"1796":2,"1797":3,"1798":2,"1799":7,"1800":2,"1801":1,"1802":3,"1803":2,"1804":4,"1805":3,"1806":4,"1807":5,"1808":4,"1809":2,"1810":5,"1811":4,"1813":4,"1814":3,"1815":4,"1816":1,"1817":5,"1818":3,"1819":3,"1820":6,"1821":9,"1822":2,"1823":1,"1824":3,"1825":9,"1826":1,"1827":2,"1828":1,"1829":4,"1830":5,"1832":2,"1833":2,"1834":2,"1835":3,"1836":2,"1837":5,"1838":6,"1839":5,"1840":4,"1841":6,"1842":5,"1843":4,"1844":6,"1845":1,"1846":6,"1847":3,"1848":4,"1849":11,"1850":5,"1851":6,"1853":2,"1855":6,"1856":2,"1857":5,"1858":3,"1859":3,"1860":4,"1861":5,"1862":5,"1863":7,"1864":4,"1865":6,"1866":4,"1867":4,"1868":2,"1869":6,"1871":4,"1872":2,"1873":5,"1874":4,"1875":3,"1876":1,"1877":1,"1878":5,"1879":4,"1880":6,"1881":5,"1882":1,"1883":4,"1884":4,"1885":5,"1886":5,"1887":2,"1888":4,"1889":2,"1890":4,"1891":3,"1892":5,"1893":1,"1894":1,"1895":5,"1896":4,"1897":2,"1898":1,"1899":5,"1900":1,"1901":5,"1902":4,"1903":3,"1904":7,"1905":6,"1906":7,"1907":6,"1908":9,"1909":3,"1910":2,"1911":5,"1912":5,"1913":4,"1914":5,"1915":2,"1916":4,"1917":3,"1918":4,"1919":2,"1920":2,"1921":4,"1922":4,"1923":4,"1924":4,"1925":4,"1926":4,"1927":4,"1928":2,"1929":1,"1930":3,"1932":2,"1933":3,"1939":1,"1940":3,"1941":2,"1942":4,"1943":2,"1944":3,"1945":1,"1949":1,"1955":1,"1956":1,"1957":2,"1960":1,"1961":3,"1962":4,"1968":3,"1971":2,"1974":1,"1980":2,"1983":1,"1986":1,"1987":1,"1988":2,"1990":1,"1993":1,"1996":1,"1998":3,"2005":1,"2007":1,"2012":2,"2015":3,"2016":1,"2020":1,"2021":2,"2022":1,"2023":1,"2027":1,"2029":2,"2030":1,"2034":2,"2041":1,"2043":1,"2044":1,"2045":1,"2047":1,"2048":1,"2049":1,"2050":1,"2051":2,"2053":1,"2055":1,"2058":1,"2060":2,"2070":1,"2073":1,"2079":1,"2082":1,"2083":1,"2086":1,"2089":1,"2091":2,"2095":1,"2096":1,"2098":1,"2106":1,"2112":1,"2124":1,"2126":1,"2132":2,"2133":1,"2140":1,"2145":1,"2146":2,"2152":1,"2156":1,"2160":1,"2162":1,"2163":1,"2165":1,"2169":1,"2171":1,"2173":1,"2178":1,"2179":1,"2180":1,"2181":1,"2182":2,"2183":2,"2184":2,"2185":1,"2186":1,"2187":1,"2189":1,"2195":2,"2200":1,"2201":1,"2225":1,"2226":2,"2227":1,"2230":1,"2234":1,"2235":1,"2240":1,"2242":1,"2246":4,"2248":1,"2256":1,"2257":1,"2261":2,"2263":2,"2265":1,"2266":1,"2269":2,"2271":1,"2272":1,"2275":1,"2283":1,"2286":1,"2287":1,"2288":1,"2291":1,"2293":1,"2295":2,"2303":1,"2306":1,"2307":1,"2313":1,"2314":1,"2318":1,"2322":1,"2325":1,"2327":1,"2328":1,"2329":1,"2334":1,"2337":1,"2348":1,"2351":1,"2355":1,"2356":1,"2359":1,"2366":1,"2367":1,"2369":1,"2370":1,"2372":1,"2373":1,"2375":1,"2380":1,"2382":2,"2386":2,"2389":2,"2391":2,"2392":1,"2400":1,"2401":1,"2405":1,"2407":2,"2410":1,"2412":1,"2413":1,"2415":1,"2416":1,"2418":1,"2419":1,"2423":1,"2425":1,"2428":2,"2429":1,"2432":1,"2433":1,"2435":1,"2438":1,"2444":1,"2445":1,"2449":1,"2450":1,"2451":1,"2452":1,"2453":1,"2455":1,"2457":2,"2458":1,"2462":1,"2465":1,"2468":1,"2469":2,"2471":2,"2474":1,"2475":1,"2479":1,"2480":1,"2483":1,"2484":1,"2485":2,"2487":1,"2488":1,"2493":1,"2498":1,"2507":1,"2510":1,"2519":1,"2524":2,"2525":1,"2535":1,"2539":1,"2541":2,"2543":1,"2547":1,"2549":1,"2551":2,"2552":1,"2553":1,"2554":1,"2555":1,"2556":1,"2558":1,"2560":1,"2566":1,"2567":1,"2568":1,"2571":1,"2580":1,"2588":1,"2596":2,"2599":1,"2603":1,"2608":1,"2614":1,"2617":1,"2618":2,"2619":1,"2624":1,"2628":1,"2632":1,"2635":1,"2636":1,"2639":1,"2647":1,"2649":1,"2651":2,"2652":1,"2654":2,"2658":1,"2665":1,"2667":1,"2669":1,"2672":1,"2674":1,"2681":1,"2686":1,"2687":1,"2690":1,"2692":1,"2695":1,"2696":1,"2705":1,"2711":2,"2713":1,"2718":1,"2720":1,"2723":1,"2724":1,"2727":1,"2728":1,"2731":1,"2732":1,"2736":1,"2741":1,"2743":1,"2745":1,"2746":2,"2748":2,"2750":1,"2752":1,"2753":2,"2767":1,"2768":2,"2769":1,"2771":1,"2774":1,"2777":2,"2779":1,"2782":2,"2786":1,"2787":1,"2794":1,"2799":1,"2804":2,"2808":1,"2811":1,"2819":1,"2822":2,"2823":1,"2825":1,"2828":1,"2832":1,"2834":1,"2836":2,"2839":1,"2842":1,"2843":1,"2850":1,"2851":2,"2854":1,"2855":1,"2857":1,"2858":2,"2861":2,"2863":1,"2864":2,"2869":1,"2872":2,"2873":1,"2874":1,"2879":1,"2880":1,"2882":1,"2889":1,"2893":1,"2897":1,"2898":1,"2899":2,"2900":1,"2910":2,"2912":1,"2914":1,"2915":1,"2918":1,"2920":1,"2923":1,"2924":1,"2926":1,"2932":2,"2938":1,"2939":1,"2942":1,"2944":2,"2945":1,"2954":1,"2955":1,"2957":1,"2964":1,"2965":1,"2968":2,"2974":1,"2975":2,"2978":1,"2979":2,"2980":1,"2982":1,"2985":1,"2987":1,"2990":1,"2993":1,"2994":2,"2995":2,"2999":1,"3006":1,"3012":2,"3014":1,"3016":1,"3017":1,"3020":1,"3021":1,"3022":1,"3025":1,"3026":1,"3037":1,"3038":1,"3039":1,"3043":1,"3044":1,"3045":1,"3046":1,"3050":1,"3055":1,"3064":1,"3067":2,"3072":1,"3077":1,"3078":2,"3080":1,"3084":1,"3089":1,"3090":2,"3092":1,"3094":1,"3098":1,"3101":2,"3106":1,"3111":1,"3115":1,"3118":1,"3120":2,"3121":1,"3122":1,"3126":1,"3135":1,"3136":1,"3140":1,"3149":2,"3151":1,"3153":1,"3154":2,"3159":2,"3161":1,"3162":1,"3164":1,"3166":1,"3171":1,"3179":1,"3181":1,"3186":1,"3187":2,"3188":1,"3190":1,"3192":1,"3194":1,"3199":1,"3204":1,"3206":1,"3208":1,"3210":1,"3211":1,"3213":2,"3215":1,"3219":1,"3223":1,"3224":1,"3226":1,"3228":1,"3232":1,"3239":1,"3241":1,"3243":2,"3247":1,"3248":1,"3250":1,"3255":2,"3259":2,"3261":2,"3265":1,"3281":2,"3285":1,"3286":1,"3287":1,"3290":2,"3291":1,"3295":1,"3297":1,"3299":1,"3300":1,"3301":1,"3305":1,"3311":1,"3312":1,"3324":1,"3325":1,"3326":2,"3329":1,"3330":2,"3332":1,"3338":1,"3342":1,"3344":1,"3345":1,"3363":1,"3365":3,"3368":1,"3370":1,"3372":1,"3373":1,"3383":1,"3386":1,"3388":1,"3397":1,"3400":1,"3401":2,"3402":1,"3403":1,"3405":3,"3406":1,"3412":1,"3415":1,"3419":1,"3420":1,"3422":1,"3423":1,"3426":1,"3427":2,"3428":1,"3436":1,"3440":1,"3441":1,"3442":1,"3445":1,"3448":1,"3450":1,"3452":2,"3453":1,"3459":1,"3462":1,"3466":1,"3467":1,"3473":1,"3477":1,"3479":1,"3482":1,"3484":1,"3489":1,"3490":1,"3492":1,"3494":1,"3495":1,"3496":1,"3497":1,"3500":1,"3501":1,"3504":1,"3514":1,"3515":1,"3516":1,"3517":1,"3519":1,"3523":1,"3527":1,"3528":2,"3529":1,"3531":2,"3534":1,"3539":2,"3540":1,"3543":1,"3546":1,"3550":1,"3558":2,"3563":1,"3565":1,"3566":1,"3572":2,"3573":1,"3575":1,"3576":1,"3577":1,"3578":2,"3580":1,"3582":1,"3586":2,"3591":1,"3599":1,"3600":2,"3602":4,"3604":2,"3605":1,"3616":1,"3617":1,"3620":1,"3623":1,"3631":2,"3634":1,"3635":1,"3636":1,"3637":1,"3638":1,"3639":1,"3641":1,"3644":1,"3648":1,"3654":1,"3659":1,"3661":1,"3668":1,"3669":1,"3675":1,"3679":1,"3683":1,"3687":1,"3688":1,"3693":1,"3701":1,"3704":1,"3709":1,"3710":1,"3715":1,"3721":1,"3729":1,"3731":1,"3736":2,"3741":1,"3745":1,"3749":1,"3752":1,"3755":2,"3756":1,"3757":1,"3761":1,"3763":1,"3765":1,"3767":2,"3768":1,"3771":1,"3775":1,"3780":1,"3784":1,"3788":1,"3795":3,"3796":1,"3797":1,"3799":1,"3800":2,"3802":1,"3807":1,"3811":1,"3813":1,"3815":2,"3820":1,"3823":3,"3824":3,"3829":1,"3832":1,"3833":1,"3837":1,"3844":1,"3847":1,"3850":2,"3858":1,"3861":1,"3863":1,"3869":2,"3870":1,"3873":3,"3875":2,"3881":1,"3883":1,"3885":2,"3888":1,"3889":1,"3891":1,"3894":1,"3901":1,"3910":1,"3915":1,"3916":1,"3921":1,"3923":1,"3925":1,"3928":2,"3929":1,"3932":1,"3933":1,"3935":1,"3936":1,"3940":3,"3945":1,"3948":1,"3951":1,"3952":2,"3956":1,"3968":1,"3970":1,"3975":1,"3977":2,"3980":2,"3983":1,"3984":1,"3985":1,"3986":1,"3991":1,"3993":1,"4003":1,"4004":1,"4006":1,"4007":2,"4012":1,"4014":1,"4021":2,"4029":1,"4034":1,"4042":1,"4043":1,"4045":1,"4051":1,"4055":1,"4056":1,"4058":1,"4068":1,"4069":1,"4072":3,"4075":2,"4082":1,"4088":2,"4089":1,"4091":1,"4099":1,"4100":1,"4101":2,"4102":1,"4104":1,"4105":2,"4110":1,"4112":2,"4113":1,"4115":1,"4116":1,"4117":1,"4119":1,"4120":1,"4123":2,"4126":1,"4131":2,"4132":1,"4133":1,"4134":1,"4140":1,"4141":1,"4151":1,"4154":2,"4158":1,"4162":1,"4165":1,"4168":1,"4171":1,"4179":1,"4183":1,"4185":3,"4195":1,"4202":1,"4205":1,"4208":1,"4214":1,"4215":1,"4218":1,"4231":1,"4232":2,"4234":1,"4236":1,"4237":2,"4241":2,"4250":1,"4259":2,"4260":1,"4264":1,"4268":1,"4269":2,"4274":1,"4275":3,"4277":2,"4280":1,"4282":1,"4286":1,"4288":2,"4290":1,"4291":1,"4292":1,"4297":1,"4299":1,"4304":1,"4307":2,"4326":1,"4328":1,"4331":1,"4334":1,"4337":2,"4338":1,"4344":2,"4346":1,"4349":1,"4350":1,"4353":2,"4355":1,"4357":1,"4358":1,"4360":2,"4362":1,"4365":1,"4369":1,"4373":1,"4374":1,"4377":1,"4379":3,"4380":1,"4386":1,"4389":1,"4392":1,"4395":1,"4397":3,"4401":1,"4403":2,"4404":1,"4405":1,"4409":1,"4410":2,"4418":1,"4421":1,"4424":1,"4425":1,"4428":1,"4432":1,"4433":1,"4434":1,"4436":2,"4439":1,"4443":1,"4449":2,"4452":1,"4453":2,"4455":1,"4464":1,"4467":1,"4471":1,"4476":2,"4482":1,"4488":2,"4489":1,"4491":3,"4492":1,"4494":1,"4496":1,"4499":1,"4500":2,"4501":2,"4502":1,"4504":1,"4506":3,"4511":1,"4516":1,"4518":1,"4519":1,"4523":2,"4524":1,"4528":1,"4529":1,"4535":1,"4537":1,"4538":2,"4542":1,"4543":1,"4546":1,"4548":1,"4550":1,"4551":1,"4555":1,"4556":1,"4558":1,"4561":2,"4564":1,"4565":1,"4569":1,"4570":1,"4571":1,"4572":2,"4574":1,"4575":1,"4577":1,"4580":2,"4588":1,"4593":1,"4594":1,"4595":1,"4600":3,"4605":3,"4610":1,"4613":1,"4614":1,"4615":1,"4616":1,"4618":1,"4621":1,"4624":1,"4626":1,"4635":1,"4636":1,"4637":1,"4639":1,"4640":1,"4643":1,"4644":1,"4647":1,"4649":1,"4653":2,"4658":2,"4661":1,"4662":1,"4664":1,"4668":2,"4669":1,"4672":1,"4674":1,"4675":1,"4678":1,"4682":1,"4687":1,"4694":2,"4697":1,"4700":1,"4701":2,"4702":1,"4703":1,"4707":1,"4709":1,"4715":1,"4717":1,"4719":1,"4720":1,"4722":1,"4724":2,"4725":1,"4726":2,"4731":1,"4732":1,"4733":2,"4735":1,"4740":1,"4743":1,"4747":1,"4751":1,"4771":1,"4772":2,"4773":1,"4774":1,"4776":1,"4777":1,"4778":3,"4779":1,"4782":1,"4784":1,"4790":2,"4791":1,"4793":3,"4798":1,"4799":1,"4801":1,"4807":2,"4809":2,"4810":1,"4811":1,"4812":1,"4819":2,"4820":2,"4822":1,"4827":1,"4828":1,"4834":1,"4837":1,"4839":1,"4842":1,"4843":1,"4847":1,"4851":1,"4853":1,"4862":1,"4866":1,"4873":1,"4876":1,"4881":1,"4882":3,"4890":1,"4896":1,"4904":1,"4911":1,"4924":1,"4926":1,"4930":1,"4931":1,"4936":1,"4939":2,"4940":1,"4941":1,"4943":2,"4947":1,"4953":1,"4955":1,"4961":3,"4963":1,"4964":1,"4968":1,"4970":1,"4972":1,"4973":1,"4976":1,"4982":1,"4983":2,"4984":1,"4987":1,"4988":1,"4989":1,"4998":1,"5004":1,"5008":1,"5009":1,"5010":1,"5011":2,"5014":1,"5020":1,"5023":1,"5024":1,"5026":1,"5030":2,"5031":1,"5033":2,"5037":1,"5042":1,"5048":1,"5052":1,"5053":1,"5056":1,"5060":2,"5065":1,"5066":1,"5070":2,"5073":1,"5078":2,"5080":1,"5081":1,"5085":2,"5088":1,"5089":1,"5090":1,"5091":2,"5092":1,"5093":1,"5094":1,"5097":1,"5100":1,"5102":1,"5104":2,"5107":1,"5109":1,"5111":1,"5112":2,"5115":1,"5117":1,"5120":2,"5126":1,"5130":2,"5132":1,"5134":1,"5135":1,"5138":2,"5140":1,"5141":1,"5144":1,"5145":1,"5147":1,"5156":2,"5167":3,"5169":1,"5170":1,"5173":1,"5175":1,"5186":1,"5188":1,"5190":1,"5191":1,"5194":2,"5201":1,"5202":1,"5204":1,"5205":1,"5209":2,"5214":1,"5219":1,"5220":1,"5221":1,"5222":1,"5224":1,"5226":1,"5227":1,"5231":1,"5232":1,"5236":1,"5240":1,"5243":1,"5246":1,"5247":1,"5250":1,"5255":2,"5262":1,"5266":1,"5268":1,"5270":1,"5285":1,"5287":1,"5289":1,"5291":1,"5292":2,"5295":1,"5296":1,"5297":1,"5299":1,"5303":1,"5304":2,"5308":1,"5309":2,"5314":1,"5315":1,"5316":1,"5317":1,"5320":1,"5321":2,"5322":1,"5324":1,"5325":2,"5326":1,"5330":1,"5331":2,"5335":1,"5337":1,"5340":1,"5341":1,"5345":1,"5346":1,"5348":1,"5363":1,"5364":1,"5365":1,"5369":1,"5373":1,"5378":1,"5381":1,"5383":2,"5384":2,"5385":1,"5387":2,"5389":1,"5392":3,"5394":1,"5395":2,"5396":1,"5408":1,"5411":1,"5412":2,"5415":1,"5422":2,"5429":1,"5432":1,"5434":1,"5435":1,"5436":1,"5437":2,"5441":1,"5445":1,"5446":1,"5448":1,"5452":1,"5455":1,"5458":1,"5459":2,"5460":2,"5463":1,"5464":1,"5466":1,"5468":1,"5471":1,"5472":1,"5475":1,"5482":1,"5484":1,"5485":2,"5490":2,"5494":1,"5497":1,"5498":1,"5503":1,"5505":1,"5506":1,"5508":1,"5510":3,"5511":1,"5525":1,"5527":1,"5530":1,"5532":3,"5534":1,"5535":1,"5537":1,"5540":1,"5549":1,"5553":1,"5554":1,"5555":2,"5556":1,"5557":1,"5560":1,"5563":1,"5565":1,"5569":1,"5570":1,"5572":1,"5588":1,"5592":1,"5596":3,"5597":1,"5600":1,"5602":1,"5603":1,"5604":1,"5605":1,"5609":1,"5610":1,"5612":1,"5613":1,"5616":1,"5620":1,"5627":3,"5628":2,"5629":2,"5631":1,"5632":1,"5638":1,"5642":1,"5645":1,"5647":1,"5649":1,"5650":1,"5652":1,"5658":1,"5660":2,"5662":1,"5666":1,"5667":1,"5672":1,"5675":1,"5680":1,"5689":1,"5690":1,"5691":1,"5693":1,"5700":1,"5701":1,"5705":1,"5710":1,"5711":1,"5712":1,"5713":2,"5715":1,"5716":1,"5721":2,"5722":1,"5725":1,"5726":1,"5735":1,"5736":2,"5743":1,"5746":1,"5752":2,"5753":1,"5755":1,"5757":1,"5758":1,"5759":1,"5761":1,"5765":1,"5767":1,"5768":1,"5769":1,"5771":2,"5772":1,"5774":1,"5775":1,"5777":1,"5781":1,"5788":1,"5790":1,"5794":1,"5795":3,"5798":1,"5802":1,"5807":1,"5813":1,"5814":1,"5817":1,"5818":1,"5820":1,"5823":1,"5828":1,"5831":1,"5832":1,"5834":2,"5835":1,"5842":1,"5844":1,"5845":1,"5848":1,"5849":1,"5852":1,"5856":1,"5859":1,"5861":3,"5863":1,"5867":2,"5870":2,"5879":1,"5881":1,"5882":1,"5883":2,"5887":1,"5888":1,"5892":2,"5894":1,"5895":1,"5899":1,"5901":1,"5904":1,"5905":1,"5912":1,"5915":1,"5916":1,"5917":1,"5919":1,"5922":1,"5923":1,"5925":1,"5936":1,"5938":1,"5952":1,"5954":2,"5955":2,"5956":1,"5959":1,"5961":1,"5962":1,"5965":1,"5967":1,"5969":1,"5977":1,"5979":3,"5989":1,"5991":1,"5994":1,"5998":1,"5999":1,"6002":1,"6004":2,"6010":1,"6013":1,"6018":1,"6020":1,"6021":1,"6025":1,"6027":1,"6029":1,"6038":1,"6039":1,"6041":1,"6046":1,"6048":1,"6049":1,"6053":1,"6063":1,"6065":1,"6066":1,"6072":1,"6074":1,"6075":1,"6079":1,"6082":1,"6088":1,"6090":1,"6093":1,"6095":1,"6100":1,"6104":2,"6108":1,"6114":2,"6115":3,"6121":1,"6123":1,"6125":1,"6128":1,"6133":1,"6136":1,"6139":1,"6142":1,"6150":2,"6151":1,"6153":1,"6156":1,"6157":2,"6158":1,"6159":1,"6160":1,"6161":1,"6162":2,"6163":1,"6165":1,"6166":1,"6169":1,"6170":1,"6171":1,"6173":1,"6176":1,"6185":2,"6187":1,"6191":1,"6196":1,"6197":1,"6201":1,"6202":2,"6210":1,"6224":1,"6227":2,"6230":2,"6233":1,"6235":1,"6236":1,"6238":1,"6239":1,"6241":1,"6242":1,"6243":1,"6247":2,"6248":1,"6250":2,"6253":1,"6254":1,"6256":1,"6258":1,"6265":1,"6267":1,"6268":1,"6271":1,"6278":1,"6282":2,"6283":1,"6284":1,"6286":1,"6289":1,"6291":1,"6295":1,"6297":3,"6303":1,"6305":1,"6314":1,"6316":2,"6317":1,"6319":1,"6326":1,"6329":1,"6333":1,"6337":1,"6338":1,"6339":1,"6343":2,"6344":2,"6345":1,"6346":1,"6350":2,"6351":1,"6355":1,"6357":2,"6365":1,"6368":2,"6386":1,"6390":2,"6391":2,"6395":1,"6408":2,"6414":1,"6416":1,"6417":1,"6427":1,"6428":1,"6434":1,"6437":1,"6438":1,"6440":1,"6443":1,"6444":1,"6445":2,"6446":1,"6457":2,"6458":1,"6459":1,"6463":1,"6465":1,"6472":1,"6474":1,"6479":2,"6487":2,"6491":1,"6492":1,"6493":1,"6498":1,"6500":1,"6503":1,"6513":2,"6515":2,"6516":1,"6522":1,"6528":1,"6529":1,"6530":2,"6532":1,"6534":1,"6537":1,"6547":1,"6548":1,"6552":1,"6555":2,"6556":1,"6563":2,"6565":1,"6572":1,"6576":1,"6577":1,"6582":1,"6587":1,"6597":1,"6600":1,"6604":1,"6609":1,"6611":1,"6615":1,"6617":1,"6623":1,"6628":1,"6629":1,"6633":1,"6634":1,"6643":1,"6645":1,"6650":1,"6652":1,"6660":1,"6665":1,"6668":1,"6673":1,"6674":1,"6676":1,"6678":1,"6679":3,"6681":1,"6682":2,"6686":1,"6687":1,"6689":2,"6700":1,"6706":1,"6713":1,"6716":1,"6717":1,"6722":1,"6724":3,"6727":1,"6730":1,"6731":2,"6732":1,"6741":1,"6750":2,"6755":1,"6759":1,"6761":3,"6764":1,"6770":1,"6774":1,"6777":1,"6778":2,"6779":1,"6780":2,"6786":1,"6792":1,"6796":2,"6798":1,"6801":1,"6803":1,"6804":2,"6814":1,"6815":1,"6817":1,"6823":1,"6825":1,"6826":1,"6830":1,"6831":1,"6832":1,"6834":2,"6840":1,"6841":1,"6847":1,"6849":2,"6851":1,"6855":1,"6859":1,"6860":1,"6862":1,"6863":1,"6869":1,"6873":1,"6874":3,"6878":1,"6882":1,"6894":1,"6895":1,"6904":1,"6911":1,"6914":2,"6915":2,"6916":1,"6917":1,"6919":1,"6920":2,"6925":1,"6931":1,"6932":1,"6933":2,"6941":1,"6943":1,"6947":1,"6948":1,"6952":2,"6953":1,"6955":1,"6958":1,"6961":2,"6963":1,"6964":2,"6966":2,"6968":1,"6969":2,"6973":1,"6976":1,"6980":4,"6982":1,"6983":1,"6985":1,"6986":2,"6987":2,"6991":1,"6996":1,"7002":1,"7003":1,"7004":1,"7008":1,"7009":1,"7011":1,"7012":1,"7015":1,"7016":1,"7022":1,"7024":2,"7028":1,"7029":1,"7034":1,"7037":1,"7040":2,"7042":1,"7043":1,"7046":2,"7050":1,"7053":1,"7054":1,"7056":2,"7059":1,"7060":1,"7066":1,"7068":1,"7071":3,"7073":2,"7076":2,"7080":1,"7081":1,"7082":1,"7085":1,"7088":1,"7098":1,"7099":1,"7101":1,"7109":1,"7111":1,"7112":1,"7114":1,"7115":1,"7117":1,"7120":1,"7121":1,"7122":1,"7123":1,"7128":1,"7131":1,"7133":1,"7137":1,"7138":1,"7139":1,"7145":2,"7152":1,"7155":1,"7156":1,"7157":1,"7161":2,"7166":1,"7168":1,"7170":1,"7171":1,"7173":1,"7174":1,"7176":1,"7181":1,"7182":2,"7186":1,"7188":1,"7191":3,"7192":1,"7193":1,"7194":1,"7195":1,"7197":1,"7198":1,"7202":2,"7205":1,"7206":1,"7209":1,"7212":2,"7213":1,"7214":1,"7215":1,"7217":1,"7219":1,"7229":1,"7231":1,"7232":1,"7237":1,"7240":1,"7242":1,"7246":1,"7251":1,"7252":1,"7254":1,"7255":1,"7262":1,"7263":1,"7265":2,"7267":1,"7269":1,"7272":2,"7277":2,"7279":1,"7282":1,"7284":1,"7286":2,"7288":1,"7290":1,"7292":1,"7295":1,"7302":1,"7308":1,"7309":1,"7311":1,"7312":1,"7313":2,"7314":1,"7317":1,"7321":1,"7325":1,"7330":1,"7331":2,"7342":1,"7343":2,"7347":2,"7351":1,"7352":1,"7353":1,"7358":1,"7364":1,"7365":1,"7367":1,"7378":3,"7380":1,"7383":2,"7385":1,"7395":1,"7396":1,"7397":2,"7398":1,"7402":2,"7405":1,"7406":1,"7416":1,"7421":2,"7424":1,"7425":1,"7430":1,"7433":1,"7437":1,"7438":2,"7441":1,"7447":1,"7449":1,"7456":1,"7457":2,"7459":1,"7461":1,"7466":1,"7467":1,"7468":1,"7475":1,"7476":2,"7480":1,"7482":2,"7485":2,"7489":1,"7490":1,"7495":1,"7497":1,"7498":1,"7506":1,"7508":1,"7509":1,"7511":1,"7512":1,"7514":1,"7515":1,"7516":1,"7520":3,"7522":2,"7523":1,"7525":1,"7526":1,"7527":1,"7534":1,"7547":1,"7549":1,"7550":1,"7552":2,"7557":1,"7562":1,"7563":1,"7569":1,"7570":1,"7571":1,"7572":1,"7574":1,"7575":1,"7576":1,"7578":1,"7584":1,"7585":1,"7587":1,"7588":2,"7591":1,"7595":1,"7596":1,"7600":1,"7601":3,"7602":1,"7603":1,"7612":1,"7617":2,"7621":2,"7625":1,"7626":2,"7633":2,"7634":1,"7636":1,"7638":1,"7640":1,"7644":1,"7646":1,"7647":1,"7648":1,"7649":1,"7654":1,"7658":1,"7663":2,"7664":1,"7667":1,"7668":1,"7673":1,"7678":1,"7681":1,"7683":1,"7686":1,"7689":1,"7693":1,"7697":2,"7706":1,"7708":1,"7710":1,"7711":1,"7715":2,"7716":2,"7717":1,"7722":1,"7727":1,"7731":1,"7732":1,"7734":3,"7736":1,"7737":1,"7738":1,"7740":2,"7741":2,"7745":1,"7752":1,"7753":3,"7754":1,"7763":1,"7769":1,"7770":1,"7773":1,"7774":1,"7778":1,"7780":1,"7781":1,"7783":1,"7812":1,"7813":1,"7827":1,"7834":1,"7835":1,"7838":2,"7839":2,"7842":2,"7843":1,"7855":3,"7856":1,"7859":1,"7860":2,"7862":3,"7871":1,"7876":1,"7878":1,"7880":1,"7882":1,"7887":1,"7902":1,"7903":2,"7908":1,"7912":1,"7915":1,"7917":1,"7919":1,"7920":1,"7924":1,"7929":2,"7930":3,"7931":1,"7932":4,"7934":1,"7936":1,"7938":2,"7943":2,"7944":1,"7945":1,"7947":1,"7950":1,"7951":2,"7952":1,"7961":1,"7963":1,"7964":1,"7965":1,"7966":1,"7967":1,"7970":1,"7971":1,"7976":1,"7977":1,"7978":1,"7979":1,"7980":1,"7983":1,"7985":1,"7986":2,"7987":2,"7988":1,"7989":1,"7990":4,"7991":1,"7992":2,"7993":1,"7995":2,"7996":2,"7997":1,"7998":1,"8000":4,"8002":3,"8003":5,"8004":2,"8005":1,"8006":2,"8007":2,"8009":2,"8011":1,"8012":3,"8013":3,"8014":1,"8018":1,"8019":1,"8020":1,"8023":1,"8024":1,"8026":7,"8027":2,"8029":2,"8030":1,"8031":2,"8032":2,"8033":2,"8034":1,"8036":2,"8037":2,"8038":1,"8039":2,"8041":3,"8042":1,"8043":1,"8046":2,"8047":1,"8049":3,"8052":1,"8054":2,"8055":2,"8058":1,"8059":3,"8064":5,"8066":1,"8067":2,"8068":2,"8069":4,"8070":1,"8073":1,"8074":1,"8075":2,"8076":2,"8077":2,"8079":1,"8080":1,"8084":2,"8087":1,"8090":1,"8091":1,"8096":1,"8098":1,"8100":1,"8101":1,"8104":2,"8105":1,"8106":1,"8107":2,"8108":2,"8109":2,"8113":1,"8114":1,"8117":1,"8121":1,"8123":1,"8148":1,"8158":1,"8164":1,"8166":2,"8170":1,"8172":1,"8177":5,"8178":1,"8179":3,"8181":2,"8182":3,"8184":2,"8185":2,"8187":1,"8189":1,"8190":2,"8192":3,"8193":1,"8194":1,"8195":5,"8196":2,"8197":2,"8198":4,"8199":3,"8200":3,"8203":1,"8212":2,"8213":1,"8218":1,"8222":1,"8224":1,"8226":1,"8231":1,"8233":1,"8236":1,"8239":1,"8243":1,"8245":1,"8248":1,"8249":1,"8255":1,"8258":1,"8260":1,"8265":1,"8273":1,"8277":2,"8278":1,"8289":1,"8290":1,"8295":1,"8296":2,"8298":1,"8299":2,"8300":1,"8301":1,"8303":3,"8304":1,"8307":1,"8308":1,"8309":1,"8313":1,"8315":1,"8316":1,"8318":1,"8319":1,"8320":2,"8321":1,"8322":2,"8323":1,"8324":1,"8325":2,"8330":1,"8331":1,"8333":1,"8335":1,"8336":2,"8338":1,"8339":2,"8341":2,"8342":2,"8343":1,"8351":1,"8352":2,"8356":1,"8362":1,"8365":1,"8368":2,"8369":2,"8370":1,"8371":2,"8372":1,"8373":2,"8375":1,"8378":1,"8380":1,"8382":1,"8384":2,"8386":1,"8388":2,"8389":1,"8390":2,"8391":1,"8392":1,"8393":1,"8394":1,"8396":1,"8400":2,"8407":1,"8408":2,"8411":2,"8412":1,"8417":2,"8419":1,"8422":1,"8425":1,"8428":1,"8432":2,"8434":3,"8436":1,"8440":1,"8441":1,"8442":1,"8444":1,"8445":2,"8446":1,"8447":1,"8451":1,"8456":1,"8457":1,"8461":1,"8465":1,"8467":2,"8470":1,"8471":1,"8472":1,"8477":1,"8479":1,"8480":1,"8482":1,"8486":2,"8487":2,"8488":1,"8490":1,"8491":1,"8494":1,"8496":2,"8498":2,"8499":1,"8500":1,"8501":1,"8503":4,"8504":1,"8506":1,"8517":1,"8519":1,"8524":1,"8526":1,"8528":1,"8529":1,"8530":1,"8531":2,"8532":1,"8535":3,"8537":1,"8538":1,"8539":2,"8541":1,"8542":1,"8544":1,"8546":2,"8548":1,"8549":1,"8552":1,"8556":1,"8557":1,"8560":1,"8562":1,"8563":1,"8566":1,"8570":1,"8571":2,"8573":1,"8577":1,"8578":1,"8581":1,"8583":1,"8586":1,"8588":2,"8595":1,"8596":3,"8598":1,"8599":1,"8603":1,"8605":2,"8609":1,"8610":1,"8611":1,"8612":1,"8614":1,"8616":1,"8617":1,"8618":1,"8622":1,"8627":1,"8629":1,"8635":1,"8637":1,"8640":2,"8641":2,"8642":1,"8643":4,"8644":1,"8646":2,"8649":1,"8650":2,"8652":1,"8655":1,"8662":1,"8664":1,"8665":2,"8666":1,"8670":1,"8671":1,"8672":2,"8679":1,"8681":1,"8684":1,"8685":2,"8688":2,"8690":1,"8693":1,"8696":3,"8698":1,"8703":1,"8706":1,"8717":1,"8719":1,"8720":1,"8721":1,"8731":1,"8740":1,"8747":1,"8751":1,"8755":1,"8756":2,"8757":2,"8759":2,"8762":1,"8764":1,"8766":2,"8767":1,"8768":2,"8772":1,"8774":1,"8775":1,"8776":1,"8778":2,"8783":2,"8784":1,"8787":1,"8788":2,"8789":1,"8791":1,"8792":1,"8793":1,"8796":2,"8798":2,"8801":1,"8802":3,"8803":2,"8805":1,"8807":2,"8808":1,"8809":1,"8811":2,"8816":1,"8819":1,"8825":1,"8841":1,"8845":1,"8866":1,"8874":1,"8881":1,"8885":1,"8891":1,"8892":1,"8893":1,"8895":2,"8901":2,"8902":3,"8903":1,"8906":1,"8910":1,"8916":1,"8918":1,"8932":2,"8934":1,"8935":1,"8937":1,"8946":1,"8949":1,"8950":1,"8954":1,"8957":1,"8959":2,"8969":1,"8972":1,"8973":1,"8975":1,"8976":1,"8978":1,"8980":1,"8982":2,"8983":1,"8986":1,"8987":1,"8992":1,"8994":1,"9000":1,"9002":2,"9003":1,"9009":1,"9010":1,"9011":1,"9017":2,"9021":1,"9029":1,"9032":2,"9033":2,"9036":1,"9038":1,"9046":1,"9051":2,"9063":1,"9075":1,"9076":1,"9080":1,"9098":1,"9099":1,"9101":1,"9106":1,"9107":1,"9109":1,"9113":1,"9117":3,"9118":1,"9120":1,"9132":1,"9145":1,"9146":1,"9147":1,"9148":1,"9167":1,"9184":1,"9188":1,"9189":1,"9196":1,"9197":1,"9200":1,"9207":1,"9215":2,"9223":1,"9227":1,"9235":1,"9242":1,"9247":2,"9252":1,"9256":1,"9259":1,"9269":1,"9282":1,"9295":1,"9296":2,"9301":2,"9304":1,"9306":1,"9320":1,"9324":1,"9326":1,"9328":1,"9329":1,"9330":1,"9332":1,"9341":1,"9351":1,"9355":1,"9357":1,"9361":1,"9369":1,"9372":1,"9375":1,"9376":3,"9383":1,"9388":1,"9397":1,"9401":1,"9402":1,"9403":1,"9416":1,"9417":1,"9423":1,"9424":1,"9426":2,"9430":2,"9432":1,"9438":1,"9449":1,"9469":1,"9473":1,"9493":1,"9494":1,"9509":1,"9515":1,"9519":2,"9522":1,"9526":1,"9528":1,"9533":1,"9534":1,"9541":1,"9547":2,"9552":1,"9558":1,"9563":3,"9565":1,"9569":1,"9573":1,"9575":1,"9577":1,"9580":1,"9585":1,"9588":1,"9593":1,"9595":1,"9599":1,"9603":1,"9615":1,"9622":1,"9632":1,"9638":1,"9639":1,"9660":1,"9669":1,"9674":1,"9677":1,"9684":1,"9688":1,"9691":1,"9700":1,"9705":1,"9719":1,"9723":1,"9724":1,"9729":1,"9739":1,"9740":1,"9745":1,"9746":1,"9756":1,"9762":1,"9771":1,"9780":1,"9787":1,"9788":1,"9796":1,"9808":1,"9810":1,"9814":1,"9816":1,"9833":1,"9838":1,"9844":1,"9850":2,"9856":1,"9857":1,"9859":1,"9870":1,"9877":1,"9879":1,"9882":1,"9887":1,"9889":1,"9898":1,"9900":1,"9901":1,"9906":1,"9911":1,"9918":1,"9925":1},"nonfork_created":40462,"nonfork_confirmed":40462,"nonfork_histogram_ms":{"48":4,"49":1,"50":2,"51":3,"52":3,"53":2,"54":3,"55":2,"56":1,"57":3,"58":2,"59":6,"60":6,"61":8,"62":7,"63":11,"64":13,"65":15,"66":18,"67":18,"68":16,"69":14,"70":22,"71":28,"72":21,"73":36,"74":35,"75":53,"76":81,"77":85,"78":81,"79":92,"80":93,"81":97,"82":102,"83":132,"84":138,"85":175,"86":176,"87":204,"88":217,"89":245,"90":258,"91":285,"92":360,"93":401,"94":423,"95":433,"96":440,"97":510,"98":547,"99":586,"100":649,"101":657,"102":687,"103":706,"104":770,"105":771,"106":766,"107":795,"108":842,"109":844,"110":915,"111":887,"112":943,"113":897,"114":904,"115":886,"116":837,"117":816,"118":819,"119":787,"120":734,"121":683,"122":666,"123":625,"124":614,"125":542,"126":470,"127":422,"128":431,"129":383,"130":333,"131":258,"132":248,"133":215,"134":172,"135":158,"136":121,"137":97,"138":96,"139":75,"140":74,"141":51,"142":77,"143":73,"144":69,"145":55,"146":54,"147":45,"148":47,"149":42,"150":38,"151":35,"152":29,"153":39,"154":38,"155":25,"156":26,"157":30,"158":20,"159":29,"160":27,"161":32,"162":26,"163":17,"164":25,"165":23,"166":25,"167":21,"168":15,"169":27,"170":24,"171":24,"172":18,"173":20,"174":30,"175":31,"176":25,"177":28,"178":40,"179":25,"180":46,"181":42,"182":49,"183":23,"184":24,"185":24,"186":25,"187":17,"188":19,"189":28,"190":29,"191":22,"192":13,"193":14,"194":11,"195":12,"196":10,"197":16,"198":18,"199":15,"200":17,"201":28,"202":25,"203":21,"204":10,"205":12,"206":18,"207":18,"208":10,"209":16,"210":6,"211":12,"212":6,"213":11,"214":8,"215":18,"216":22,"217":18,"218":9,"219":10,"220":23,"221":23,"222":12,"223":16,"224":11,"225":21,"226":15,"227":14,"228":20,"229":13,"230":25,"231":22,"232":36,"233":47,"234":38,"235":23,"236":17,"237":18,"238":15,"239":19,"240":9,"241":32,"242":15,"243":15,"244":20,"245":19,"246":12,"247":10,"248":12,"249":15,"250":8,"251":8,"252":5,"253":6,"254":9,"255":14,"256":14,"257":5,"258":9,"259":3,"260":3,"261":11,"262":6,"263":6,"264":3,"265":17,"266":17,"267":17,"268":15,"269":12,"270":7,"271":6,"272":5,"273":5,"274":7,"275":7,"276":11,"277":25,"278":26,"279":27,"280":12,"281":10,"282":13,"283":9,"284":9,"285":5,"286":5,"287":6,"288":10,"289":9,"290":7,"291":7,"292":21,"293":9,"294":14,"295":14,"296":17,"297":13,"298":17,"299":7,"300":10,"301":10,"302":21,"303":43,"304":17,"305":18,"306":15,"307":15,"308":20,"309":13,"310":6,"311":13,"312":9,"313":7,"314":17,"315":7,"316":25,"317":6,"318":3,"320":4,"321":1,"322":6,"323":5,"324":15,"325":6,"326":13,"327":13,"328":15,"329":12,"330":20,"331":23,"332":15,"333":17,"334":9,"335":3,"336":8,"337":5,"338":6,"339":5,"340":3,"341":2,"342":3,"343":5,"344":2,"345":2,"347":3,"348":4,"349":4,"350":7,"351":3,"352":11,"353":7,"354":1,"356":1,"357":1,"358":5,"359":1,"361":2,"363":2,"364":2,"365":1,"366":2,"367":2,"368":1,"369":3,"370":2,"371":2,"372":1,"373":4,"374":4,"376":2,"377":4,"378":2,"379":3,"380":1,"381":5,"382":5,"383":1,"384":5,"385":5,"386":3,"387":3,"388":4,"389":3,"390":1,"391":5,"392":4,"393":4,"394":2,"395":3,"396":4,"397":6,"398":8,"399":4,"400":10,"401":11,"402":6,"403":10,"404":11,"405":4,"406":11,"407":10,"408":9,"409":3,"410":11,"411":6,"412":6,"413":8,"414":7,"415":8,"416":4,"417":5,"418":7,"419":5,"420":7,"421":9,"422":8,"423":13,"424":6,"425":5,"426":7,"427":6,"428":13,"429":3,"430":9,"431":5,"432":2,"433":5,"434":6,"435":3,"436":5,"437":4,"438":6,"439":1,"440":4,"441":24,"442":4,"443":6,"444":10,"445":6,"446":8,"447":5,"448":6,"449":9,"450":7,"451":9,"452":8,"453":4,"454":2,"455":8,"456":3,"457":2,"458":11,"459":3,"460":7,"461":4,"462":9,"463":6,"464":7,"465":5,"466":9,"467":6,"468":3,"469":4,"470":4,"471":11,"472":4,"473":8,"474":9,"475":7,"476":12,"477":4,"478":7,"479":7,"480":7,"481":5,"482":3,"483":8,"484":4,"485":4,"486":4,"487":2,"488":7,"489":6,"490":5,"491":4,"492":4,"493":4,"494":13,"495":5,"496":4,"497":3,"498":9,"499":3,"500":2,"501":8,"503":2,"504":6,"505":3,"506":6,"507":6,"508":5,"509":3,"510":6,"511":6,"512":3,"513":1,"514":5,"515":5,"516":6,"517":5,"518":2,"519":5,"520":3,"521":6,"522":2,"523":7,"524":5,"525":5,"526":8,"527":6,"528":7,"529":15,"530":14,"531":5,"532":7,"533":7,"534":9,"535":7,"536":5,"537":9,"538":2,"539":5,"540":4,"541":8,"542":2,"543":9,"544":3,"545":4,"546":5,"547":3,"548":4,"549":10,"550":7,"551":3,"552":4,"553":5,"554":10,"555":5,"556":4,"557":5,"558":5,"559":7,"560":6,"561":4,"562":7,"563":6,"564":6,"565":5,"566":5,"567":4,"568":3,"569":5,"570":7,"571":3,"572":7,"573":6,"574":5,"575":2,"576":4,"577":12,"578":3,"579":5,"580":4,"581":3,"582":2,"583":7,"584":4,"585":3,"586":5,"587":6,"588":5,"589":8,"590":4,"591":4,"592":11,"593":5,"594":4,"595":5,"596":4,"597":7,"598":5,"599":3,"600":1,"601":1,"605":9,"606":9,"607":7,"608":1,"609":1,"610":1,"611":3,"612":2,"613":3,"614":2,"615":3,"616":3,"617":6,"618":5,"619":5,"620":7,"621":6,"622":6,"623":5,"624":4,"625":5,"626":4,"627":5,"628":4,"629":4,"630":5,"631":4,"632":3,"633":4,"634":4,"635":5,"636":2,"637":4,"638":6,"639":4,"640":6,"641":5,"642":5,"643":7,"644":5,"645":2,"646":5,"647":1,"648":1,"649":3,"650":5,"651":4,"652":6,"653":6,"654":5,"655":5,"656":3,"657":2,"658":5,"659":3,"660":4,"661":3,"662":4,"663":6,"664":1,"665":6,"666":5,"667":4,"668":4,"669":7,"670":1,"671":6,"672":4,"673":4,"674":6,"675":1,"676":8,"677":3,"678":5,"679":5,"680":3,"681":2,"682":2,"683":3,"685":7,"686":5,"687":5,"688":7,"689":2,"690":5,"691":4,"692":5,"693":3,"694":1,"695":6,"696":7,"697":6,"698":5,"699":7,"700":7,"701":5,"702":3,"703":3,"704":3,"705":1,"706":8,"707":3,"708":3,"709":4,"710":4,"711":8,"712":6,"713":4,"714":9,"715":4,"716":8,"717":5,"718":6,"719":3,"720":3,"721":6,"722":7,"723":8,"724":12,"725":5,"726":6,"727":6,"728":9,"729":11,"730":6,"731":10,"732":13,"733":8,"734":7,"735":4,"736":4,"737":8,"738":7,"739":4,"740":1,"741":5,"742":9,"743":3,"744":2,"745":2,"746":3,"747":4,"748":3,"749":3,"750":5,"751":4,"752":5,"753":6,"754":10,"755":8,"756":2,"757":7,"758":5,"759":2,"760":5,"761":2,"762":2,"763":6,"764":8,"765":3,"766":5,"767":7,"768":11,"769":6,"770":8,"771":2,"772":9,"773":8,"774":8,"775":4,"776":3,"777":11,"778":8,"779":6,"780":6,"781":4,"782":6,"783":3,"784":9,"785":7,"786":7,"787":8,"788":7,"789":11,"790":10,"791":8,"792":8,"793":11,"794":5,"795":4,"796":8,"797":18,"798":18,"799":19,"800":22,"801":17,"802":10,"803":21,"804":14,"805":15,"806":14,"807":11,"808":24,"809":24,"810":17,"811":15,"812":12,"813":14,"814":9,"815":11,"816":9,"817":10,"818":15,"819":6,"820":11,"821":9,"822":5,"823":8,"824":10,"825":7,"826":9,"827":8,"828":7,"829":7,"830":7,"831":5,"832":8,"833":5,"834":3,"835":7,"836":4,"837":9,"838":3,"839":6,"840":7,"841":6,"842":6,"843":6,"844":3,"845":4,"846":2,"847":8,"848":6,"849":6,"850":4,"851":7,"852":8,"853":5,"854":6,"855":3,"856":5,"857":4,"858":7,"859":8,"860":2,"862":4,"863":4,"864":1,"865":3,"866":1,"867":3,"868":3,"869":8,"870":3,"871":3,"872":5,"873":6,"874":4,"875":1,"876":4,"877":3,"878":2,"880":2,"881":5,"882":2,"883":2,"884":4,"885":4,"886":1,"887":3,"888":4,"889":7,"890":8,"891":3,"892":5,"893":3,"894":10,"895":7,"896":6,"897":7,"898":1,"899":5,"900":3,"901":4,"902":6,"904":5,"905":13,"906":9,"907":5,"908":2,"909":4,"910":4,"911":1,"912":4,"913":5,"914":3,"915":6,"916":1,"917":3,"918":2,"919":5,"920":1,"921":4,"922":5,"923":5,"924":1,"925":4,"926":2,"927":2,"928":6,"929":1,"930":1,"931":5,"932":1,"933":5,"934":2,"935":1,"936":2,"937":3,"938":6,"939":3,"940":4,"941":5,"942":3,"943":5,"944":4,"945":4,"946":5,"947":7,"948":2,"949":4,"950":4,"951":4,"952":9,"953":3,"954":2,"955":6,"956":7,"957":7,"958":3,"960":1,"961":1,"962":1,"963":1,"964":1,"965":1,"966":2,"967":2,"968":2,"969":2,"970":6,"971":2,"972":3,"973":2,"974":3,"975":6,"976":1,"977":3,"978":1,"979":4,"980":3,"981":4,"982":5,"983":2,"984":4,"985":2,"986":3,"987":10,"988":3,"989":4,"990":4,"991":2,"992":3,"993":2,"994":6,"996":2,"997":6,"998":2,"999":6,"1000":2,"1001":3,"1002":4,"1003":6,"1005":3,"1006":4,"1007":3,"1008":3,"1009":3,"1010":2,"1011":2,"1012":4,"1013":2,"1014":7,"1015":8,"1016":4,"1017":1,"1018":2,"1019":2,"1020":3,"1021":3,"1022":2,"1023":5,"1024":5,"1025":4,"1026":3,"1027":3,"1028":5,"1030":5,"1031":5,"1032":5,"1033":4,"1034":3,"1035":4,"1036":9,"1037":1,"1038":6,"1039":2,"1040":6,"1041":3,"1042":4,"1043":4,"1044":3,"1045":4,"1046":4,"1047":9,"1048":5,"1049":6,"1050":4,"1051":1,"1052":4,"1054":2,"1055":1,"1057":1,"1058":2,"1059":1,"1063":1,"1064":2,"1065":4,"1066":3,"1067":3,"1068":2,"1069":6,"1070":4,"1071":6,"1072":4,"1073":7,"1074":6,"1075":3,"1076":2,"1077":3,"1078":3,"1079":3,"1080":5,"1081":1,"1082":8,"1083":7,"1084":5,"1085":5,"1086":1,"1087":1,"1088":5,"1089":2,"1090":1,"1092":2,"1093":1,"1094":2,"1095":5,"1096":6,"1097":2,"1098":5,"1099":2,"1100":5,"1101":1,"1102":2,"1103":6,"1104":3,"1105":5,"1106":2,"1107":2,"1108":2,"1109":4,"1110":3,"1111":3,"1112":3,"1113":5,"1114":2,"1115":2,"1116":2,"1117":6,"1118":1,"1119":1,"1120":3,"1121":2,"1122":4,"1123":2,"1124":5,"1125":3,"1126":4,"1127":10,"1128":4,"1129":5,"1130":4,"1131":2,"1132":7,"1133":1,"1134":2,"1135":2,"1136":2,"1137":2,"1138":8,"1139":4,"1140":5,"1141":4,"1142":4,"1143":4,"1144":4,"1145":5,"1146":4,"1147":4,"1148":2,"1149":6,"1150":8,"1151":1,"1152":10,"1153":2,"1154":2,"1155":4,"1156":4,"1157":1,"1158":4,"1159":6,"1160":2,"1161":7,"1162":2,"1163":5,"1164":2,"1165":3,"1166":3,"1167":6,"1168":1,"1169":4,"1170":7,"1171":4,"1172":6,"1173":2,"1174":6,"1175":4,"1176":6,"1177":3,"1178":3,"1179":3,"1180":6,"1181":4,"1182":2,"1183":3,"1184":4,"1185":3,"1186":3,"1187":3,"1188":4,"1189":1,"1190":3,"1191":2,"1192":2,"1193":2,"1194":1,"1195":2,"1196":1,"1197":1,"1198":1,"1199":2,"1201":3,"1203":2,"1204":2,"1205":6,"1206":4,"1207":3,"1208":4,"1209":5,"1210":3,"1211":2,"1212":7,"1213":2,"1215":5,"1216":2,"1217":4,"1218":2,"1219":3,"1220":2,"1221":4,"1222":6,"1223":2,"1224":6,"1225":2,"1226":4,"1227":1,"1228":2,"1229":5,"1230":3,"1231":2,"1232":5,"1233":4,"1234":1,"1235":1,"1236":5,"1237":2,"1238":7,"1239":4,"1240":5,"1241":5,"1242":5,"1243":2,"1244":7,"1245":4,"1246":5,"1247":8,"1248":2,"1249":2,"1250":1,"1251":6,"1252":5,"1253":1,"1255":5,"1256":4,"1257":2,"1258":2,"1259":3,"1260":6,"1261":4,"1262":5,"1263":6,"1264":1,"1265":3,"1266":1,"1267":4,"1268":4,"1269":4,"1270":3,"1271":6,"1272":5,"1273":6,"1274":3,"1275":3,"1276":5,"1277":1,"1278":4,"1279":3,"1280":1,"1281":4,"1282":3,"1283":3,"1284":7,"1285":2,"1286":3,"1287":6,"1288":4,"1289":3,"1290":5,"1291":1,"1292":1,"1293":4,"1294":8,"1295":5,"1296":3,"1297":3,"1298":7,"1299":6,"1300":3,"1301":5,"1302":6,"1303":1,"1305":5,"1306":5,"1307":2,"1308":5,"1309":1,"1310":1,"1311":2,"1312":1,"1313":1,"1314":3,"1315":4,"1317":3,"1318":4,"1319":7,"1320":5,"1321":2,"1322":2,"1323":4,"1324":5,"1326":5,"1327":3,"1328":4,"1329":5,"1330":4,"1331":6,"1332":4,"1333":3,"1334":6,"1335":11,"1336":5,"1338":3,"1339":3,"1340":3,"1341":7,"1342":4,"1343":2,"1344":7,"1345":6,"1346":7,"1347":3,"1348":4,"1349":2,"1350":2,"1351":5,"1352":3,"1353":5,"1354":6,"1355":3,"1356":3,"1357":3,"1358":4,"1360":2,"1361":3,"1362":7,"1363":2,"1365":1,"1366":2,"1367":5,"1369":2,"1370":3,"1371":8,"1372":2,"1373":2,"1374":2,"1375":4,"1376":1,"1377":3,"1378":5,"1379":4,"1380":2,"1381":2,"1382":4,"1383":3,"1384":4,"1385":3,"1386":2,"1387":3,"1388":2,"1389":3,"1390":2,"1391":1,"1392":2,"1393":3,"1394":2,"1396":6,"1397":4,"1398":2,"1399":4,"1400":3,"1401":2,"1402":4,"1403":1,"1404":5,"1405":3,"1406":3,"1408":4,"1409":4,"1410":4,"1411":5,"1412":5,"1413":6,"1414":6,"1415":2,"1416":2,"1417":3,"1418":6,"1419":2,"1420":1,"1421":9,"1422":5,"1423":6,"1424":6,"1425":1,"1426":1,"1427":3,"1428":2,"1429":3,"1430":4,"1431":1,"1432":2,"1433":4,"1434":3,"1435":5,"1436":6,"1437":1,"1438":5,"1439":2,"1440":3,"1441":3,"1442":2,"1443":4,"1444":3,"1445":3,"1446":8,"1447":2,"1448":2,"1449":8,"1450":2,"1451":2,"1452":3,"1453":3,"1454":1,"1455":2,"1456":5,"1457":4,"1458":4,"1459":5,"1460":5,"1461":3,"1462":1,"1463":1,"1464":3,"1465":4,"1466":3,"1467":3,"1468":4,"1469":5,"1470":3,"1471":6,"1472":2,"1473":6,"1474":3,"1475":4,"1476":6,"1477":4,"1478":2,"1479":4,"1480":3,"1481":6,"1482":1,"1483":2,"1484":4,"1485":4,"1486":6,"1487":1,"1488":6,"1489":3,"1490":2,"1492":3,"1493":6,"1494":4,"1495":3,"1496":2,"1497":1,"1498":4,"1499":4,"1500":5,"1501":5,"1502":4,"1503":2,"1505":3,"1506":3,"1507":4,"1508":5,"1509":2,"1510":6,"1511":5,"1512":2,"1513":5,"1514":4,"1515":3,"1516":2,"1517":4,"1518":3,"1519":4,"1520":3,"1521":1,"1522":8,"1523":3,"1524":3,"1525":4,"1526":4,"1527":2,"1528":5,"1529":4,"1530":7,"1531":5,"1532":2,"1533":1,"1534":2,"1535":2,"1536":4,"1537":4,"1538":7,"1539":5,"1540":4,"1541":5,"1542":3,"1543":3,"1544":2,"1545":1,"1546":3,"1547":4,"1548":2,"1549":1,"1550":4,"1551":2,"1552":3,"1553":3,"1554":7,"1555":5,"1556":4,"1557":6,"1558":5,"1559":4,"1560":3,"1561":4,"1562":4,"1563":8,"1564":6,"1565":4,"1566":9,"1567":4,"1568":5,"1569":4,"1570":1,"1571":3,"1572":3,"1573":2,"1574":2,"1575":2,"1576":3,"1577":1,"1578":3,"1579":2,"1580":7,"1581":5,"1583":4,"1584":3,"1585":2,"1586":3,"1587":3,"1588":3,"1589":6,"1590":3,"1591":3,"1592":3,"1593":1,"1594":2,"1595":5,"1596":5,"1597":3,"1598":3,"1599":3,"1600":1,"1601":5,"1602":2,"1603":5,"1604":4,"1606":3,"1607":1,"1608":1,"1610":4,"1611":4,"1612":5,"1613":1,"1614":5,"1615":2,"1616":3,"1617":2,"1618":1,"1619":5,"1620":4,"1621":1,"1622":8,"1623":6,"1624":3,"1625":2,"1626":6,"1627":3,"1628":2,"1629":9,"1630":6,"1631":1,"1632":4,"1633":6,"1634":3,"1635":3,"1636":1,"1637":6,"1638":6,"1639":5,"1640":1,"1641":5,"1642":3,"1643":4,"1644":5,"1645":3,"1646":7,"1649":3,"1650":3,"1651":5,"1652":4,"1653":6,"1654":4,"1655":2,"1656":5,"1657":3,"1658":2,"1659":2,"1660":1,"1661":1,"1662":1,"1663":1,"1664":4,"1665":3,"1666":3,"1667":2,"1668":1,"1669":4,"1670":2,"1671":2,"1672":7,"1674":4,"1675":1,"1676":4,"1677":3,"1678":1,"1679":1,"1680":6,"1681":7,"1682":3,"1683":3,"1684":1,"1685":3,"1686":5,"1687":3,"1688":2,"1689":5,"1690":5,"1691":1,"1692":1,"1693":1,"1694":4,"1695":2,"1697":4,"1699":3,"1700":2,"1701":3,"1702":3,"1703":5,"1704":4,"1705":3,"1706":6,"1707":2,"1708":4,"1709":3,"1710":4,"1711":5,"1712":5,"1713":3,"1714":3,"1715":8,"1716":5,"1717":3,"1718":3,"1719":7,"1720":6,"1721":3,"1722":2,"1723":3,"1724":3,"1725":5,"1726":2,"1727":2,"1728":3,"1729":3,"1730":4,"1731":5,"1732":4,"1733":1,"1734":2,"1735":8,"1736":3,"1737":3,"1738":3,"1739":7,"1740":2,"1741":3,"1742":2,"1743":1,"1744":3,"1745":3,"1746":4,"1747":8,"1748":3,"1749":3,"1750":3,"1751":5,"1752":6,"1753":4,"1754":5,"1755":5,"1756":2,"1757":2,"1758":4,"1759":7,"1760":3,"1761":2,"1762":8,"1763":7,"1764":6,"1765":2,"1766":7,"1767":1,"1768":2,"1769":3,"1770":2,"1771":6,"1772":2,"1773":3,"1774":3,"1775":2,"1776":2,"1777":1,"1778":3,"1779":3,"1780":5,"1781":2,"1782":3,"1783":4,"1784":4,"1785":3,"1786":1,"1787":2,"1789":2,"1790":5,"1791":1,"1792":2,"1793":4,"1794":2,"1796":2,"1797":3,"1798":2,"1799":7,"1800":2,"1801":1,"1802":3,"1803":2,"1804":4,"1805":3,"1806":4,"1807":5,"1808":4,"1809":2,"1810":5,"1811":4,"1813":4,"1814":3,"1815":4,"1816":1,"1817":5,"1818":3,"1819":3,"1820":6,"1821":9,"1822":2,"1823":1,"1824":3,"1825":9,"1826":1,"1827":2,"1828":1,"1829":4,"1830":5,"1832":2,"1833":2,"1834":2,"1835":3,"1836":2,"1837":5,"1838":6,"1839":5,"1840":4,"1841":6,"1842":5,"1843":4,"1844":6,"1845":1,"1846":6,"1847":3,"1848":4,"1849":11,"1850":5,"1851":6,"1853":2,"1855":6,"1856":2,"1857":5,"1858":3,"1859":3,"1860":4,"1861":4,"1862":5,"1863":7,"1864":4,"1865":6,"1866":4,"1867":4,"1868":2,"1869":5,"1871":4,"1872":2,"1873":5,"1874":4,"1875":3,"1876":1,"1877":1,"1878":5,"1879":4,"1880":6,"1881":5,"1882":1,"1883":4,"1884":3,"1885":5,"1886":5,"1887":2,"1888":3,"1889":2,"1890":3,"1891":3,"1892":5,"1893":1,"1894":1,"1895":5,"1896":4,"1897":2,"1898":1,"1899":4,"1900":1,"1901":4,"1902":4,"1903":3,"1904":7,"1905":6,"1906":5,"1907":6,"1908":9,"1909":2,"1910":2,"1911":4,"1912":5,"1913":4,"1914":4,"1915":1,"1916":4,"1917":3,"1918":3,"1919":1,"1920":2,"1921":4,"1922":3,"1923":3,"1924":4,"1925":3,"1926":4,"1927":4,"1928":2,"1930":2,"1932":2,"1933":3,"1939":1,"1940":3,"1941":1,"1942":4,"1943":2,"1944":1,"1945":1,"1955":1,"1960":1,"1961":3,"1962":3,"1968":1,"1987":1,"2007":1,"2021":1,"2034":1,"2041":1,"2043":1,"2044":1,"2048":1,"2049":1,"2051":2,"2053":1,"2055":1,"2178":1,"2179":1,"2181":1,"2182":2,"2183":2,"2184":1,"2185":1,"2186":1},"fork_created":4538,"fork_confirmed":3156,"fork_unresolved_at_end":1382}
EPOCH_ENDED epoch=2 elections=1383 active=1383 t=1791382599342
EPOCH_ENDED epoch=2 elections=1383 active=1383 t=1791382599355
EPOCH_ADVANCED epoch=3 elections=1383 active=1383 vote_records=421744 t=1791382599371
EPOCH_ADVANCED epoch=3 elections=1383 active=1383 vote_records=421710 t=1791382599380
EPOCH_REPORT epoch=2 certified=12549 residual=1385 root=EC937D4FAF6BCDF3EEA8EC9E492850E686C6DC11009EA42ABFDAC17ABAB80ED0 reports=1 t=1791382599384
EPOCH_CLOSE_UNREADY epoch=2 short_of=reports usable=1 weight=1 required=5 held=0 theirs=[] t=1791382599396
EPOCH_REPORT epoch=2 certified=12549 residual=1385 root=EC937D4FAF6BCDF3EEA8EC9E492850E686C6DC11009EA42ABFDAC17ABAB80ED0 reports=1 t=1791382599396
EPOCH_CLOSE_UNREADY epoch=2 short_of=reports usable=1 weight=1 required=5 held=1 theirs=["911999B2:EC937D4F:8FDC9FA5"] t=1791382599397
EPOCH_ENDED epoch=2 elections=1383 active=1383 t=1791382599422
EPOCH_ADVANCED epoch=3 elections=1383 active=1383 vote_records=421835 t=1791382599437
EPOCH_REPORT epoch=2 certified=12549 residual=1385 root=EC937D4FAF6BCDF3EEA8EC9E492850E686C6DC11009EA42ABFDAC17ABAB80ED0 reports=1 t=1791382599447
EPOCH_RECONCILED epoch=2 reporter=911999B2AEFA7ACC66EBD802B3301FF6CE431405107749D940277955CB7FDD07 complete=false entries=0 total=12549 symbols=0 dropped=false t=1791382599454
EPOCH_ENDED epoch=2 elections=1383 active=1383 t=1791382599456
EPOCH_RECONCILED epoch=2 reporter=911999B2AEFA7ACC66EBD802B3301FF6CE431405107749D940277955CB7FDD07 complete=true entries=1385 total=1385 symbols=0 dropped=false t=1791382599456
EPOCH_RECONCILED epoch=2 reporter=633D9D614858AB1710D5D8C3180E2A082DC97208BA8C26BA6C6D1A86C8E31CC0 complete=false entries=0 total=12549 symbols=0 dropped=false t=1791382599457
EPOCH_RECONCILED epoch=2 reporter=633D9D614858AB1710D5D8C3180E2A082DC97208BA8C26BA6C6D1A86C8E31CC0 complete=true entries=1385 total=1385 symbols=0 dropped=false t=1791382599459
EPOCH_ADVANCED epoch=3 elections=1383 active=1383 vote_records=421750 t=1791382599470
EPOCH_CLOSE_UNREADY epoch=2 short_of=reports usable=3 weight=3 required=5 held=2 theirs=["911999B2:EC937D4F:8FDC9FA5", "633D9D61:EC937D4F:390F1BDD"] t=1791382599477
EPOCH_REPORT epoch=2 certified=12549 residual=1385 root=EC937D4FAF6BCDF3EEA8EC9E492850E686C6DC11009EA42ABFDAC17ABAB80ED0 reports=1 t=1791382599479
EPOCH_RECONCILED epoch=2 reporter=911999B2AEFA7ACC66EBD802B3301FF6CE431405107749D940277955CB7FDD07 complete=false entries=0 total=12549 symbols=0 dropped=false t=1791382599486
EPOCH_RECONCILED epoch=2 reporter=911999B2AEFA7ACC66EBD802B3301FF6CE431405107749D940277955CB7FDD07 complete=true entries=1385 total=1385 symbols=0 dropped=false t=1791382599489
EPOCH_RECONCILED epoch=2 reporter=633D9D614858AB1710D5D8C3180E2A082DC97208BA8C26BA6C6D1A86C8E31CC0 complete=false entries=0 total=12549 symbols=0 dropped=false t=1791382599489
EPOCH_RECONCILED epoch=2 reporter=633D9D614858AB1710D5D8C3180E2A082DC97208BA8C26BA6C6D1A86C8E31CC0 complete=true entries=1385 total=1385 symbols=0 dropped=false t=1791382599492
EPOCH_RECONCILED epoch=2 reporter=D315857CE70C54DE713F6E82E5613BB3A1266C15E28AD2F4338C7BBEC456F532 complete=false entries=0 total=12549 symbols=0 dropped=false t=1791382599492
EPOCH_RECONCILED epoch=2 reporter=D315857CE70C54DE713F6E82E5613BB3A1266C15E28AD2F4338C7BBEC456F532 complete=true entries=1385 total=1385 symbols=0 dropped=false t=1791382599494
EPOCH_ENDED epoch=2 elections=1383 active=1383 t=1791382599495
EPOCH_ADVANCED epoch=3 elections=1383 active=1383 vote_records=421697 t=1791382599509
EPOCH_REPORT epoch=2 certified=12549 residual=1386 root=EC937D4FAF6BCDF3EEA8EC9E492850E686C6DC11009EA42ABFDAC17ABAB80ED0 reports=1 t=1791382599518
EPOCH_CLOSE_UNREADY epoch=2 short_of=reports usable=4 weight=4 required=5 held=4 theirs=["A353E45E:EC937D4F:FD302F89", "911999B2:EC937D4F:8FDC9FA5", "633D9D61:EC937D4F:390F1BDD", "D315857C:EC937D4F:7B45869F"] t=1791382599519
EPOCH_RECONCILED epoch=2 reporter=D315857CE70C54DE713F6E82E5613BB3A1266C15E28AD2F4338C7BBEC456F532 complete=false entries=0 total=12549 symbols=0 dropped=false t=1791382599525
EPOCH_RECONCILED epoch=2 reporter=D315857CE70C54DE713F6E82E5613BB3A1266C15E28AD2F4338C7BBEC456F532 complete=false entries=1384 total=1384 symbols=0 dropped=false t=1791382599528
EPOCH_RECONCILED epoch=2 reporter=911999B2AEFA7ACC66EBD802B3301FF6CE431405107749D940277955CB7FDD07 complete=false entries=0 total=12549 symbols=0 dropped=false t=1791382599528
EPOCH_RECONCILED epoch=2 reporter=911999B2AEFA7ACC66EBD802B3301FF6CE431405107749D940277955CB7FDD07 complete=false entries=1371 total=1371 symbols=0 dropped=false t=1791382599531
EPOCH_RECONCILED epoch=2 reporter=65A90023F6C0D2181AAA63F005D81BBC0C04650505E21D5123F9AE1F9E992BFF complete=false entries=0 total=12549 symbols=0 dropped=false t=1791382599531
EPOCH_RECONCILED epoch=2 reporter=65A90023F6C0D2181AAA63F005D81BBC0C04650505E21D5123F9AE1F9E992BFF complete=true entries=1385 total=1385 symbols=0 dropped=false t=1791382599534
EPOCH_RECONCILED epoch=2 reporter=633D9D614858AB1710D5D8C3180E2A082DC97208BA8C26BA6C6D1A86C8E31CC0 complete=false entries=0 total=12549 symbols=0 dropped=false t=1791382599534
EPOCH_RECONCILED epoch=2 reporter=633D9D614858AB1710D5D8C3180E2A082DC97208BA8C26BA6C6D1A86C8E31CC0 complete=true entries=1385 total=1385 symbols=0 dropped=false t=1791382599537
EPOCH_RECONCILED epoch=2 reporter=D315857CE70C54DE713F6E82E5613BB3A1266C15E28AD2F4338C7BBEC456F532 complete=true entries=1 total=1385 symbols=16 dropped=false t=1791382599548
EPOCH_RECONCILED epoch=2 reporter=911999B2AEFA7ACC66EBD802B3301FF6CE431405107749D940277955CB7FDD07 complete=true entries=14 total=1385 symbols=32 dropped=false t=1791382599549
EPOCH_CLOSE_UNREADY epoch=2 short_of=reports usable=3 weight=3 required=5 held=4 theirs=["D315857C:EC937D4F:7B45869F", "911999B2:EC937D4F:8FDC9FA5", "65A90023:EC937D4F:01CB563D", "633D9D61:EC937D4F:390F1BDD"] t=1791382599552
EPOCH_RECONCILED epoch=2 reporter=D315857CE70C54DE713F6E82E5613BB3A1266C15E28AD2F4338C7BBEC456F532 complete=false entries=0 total=12549 symbols=0 dropped=false t=1791382599665
EPOCH_RECONCILED epoch=2 reporter=D315857CE70C54DE713F6E82E5613BB3A1266C15E28AD2F4338C7BBEC456F532 complete=true entries=1385 total=1385 symbols=0 dropped=false t=1791382599668
EPOCH_RECONCILED epoch=2 reporter=65A90023F6C0D2181AAA63F005D81BBC0C04650505E21D5123F9AE1F9E992BFF complete=false entries=0 total=12549 symbols=0 dropped=false t=1791382599669
EPOCH_RECONCILED epoch=2 reporter=65A90023F6C0D2181AAA63F005D81BBC0C04650505E21D5123F9AE1F9E992BFF complete=false entries=1376 total=1376 symbols=0 dropped=false t=1791382599672
EPOCH_RECONCILED epoch=2 reporter=633D9D614858AB1710D5D8C3180E2A082DC97208BA8C26BA6C6D1A86C8E31CC0 complete=false entries=0 total=12549 symbols=0 dropped=false t=1791382599673
EPOCH_RECONCILED epoch=2 reporter=633D9D614858AB1710D5D8C3180E2A082DC97208BA8C26BA6C6D1A86C8E31CC0 complete=true entries=1385 total=1385 symbols=0 dropped=false t=1791382599676
EPOCH_RECONCILED epoch=2 reporter=A353E45E6D0016CAEED0DFA4EC5B0640E2AA22A793F9F2375E77F1AB92977C04 complete=false entries=0 total=12549 symbols=0 dropped=false t=1791382599677
EPOCH_RECONCILED epoch=2 reporter=65A90023F6C0D2181AAA63F005D81BBC0C04650505E21D5123F9AE1F9E992BFF complete=false entries=0 total=12549 symbols=0 dropped=false t=1791382599677
EPOCH_RECONCILED epoch=2 reporter=65A90023F6C0D2181AAA63F005D81BBC0C04650505E21D5123F9AE1F9E992BFF complete=true entries=1385 total=1385 symbols=0 dropped=false t=1791382599680
EPOCH_RECONCILED epoch=2 reporter=A353E45E6D0016CAEED0DFA4EC5B0640E2AA22A793F9F2375E77F1AB92977C04 complete=false entries=1385 total=1385 symbols=0 dropped=false t=1791382599680
EPOCH_RECONCILED epoch=2 reporter=A353E45E6D0016CAEED0DFA4EC5B0640E2AA22A793F9F2375E77F1AB92977C04 complete=false entries=0 total=12549 symbols=0 dropped=false t=1791382599680
EPOCH_RECONCILED epoch=2 reporter=A353E45E6D0016CAEED0DFA4EC5B0640E2AA22A793F9F2375E77F1AB92977C04 complete=false entries=1380 total=1380 symbols=0 dropped=false t=1791382599684
EPOCH_RECONCILED epoch=2 reporter=D315857CE70C54DE713F6E82E5613BB3A1266C15E28AD2F4338C7BBEC456F532 complete=false entries=0 total=12549 symbols=0 dropped=false t=1791382599684
EPOCH_RECONCILED epoch=2 reporter=D315857CE70C54DE713F6E82E5613BB3A1266C15E28AD2F4338C7BBEC456F532 complete=true entries=1385 total=1385 symbols=0 dropped=false t=1791382599687
EPOCH_RECONCILED epoch=2 reporter=911999B2AEFA7ACC66EBD802B3301FF6CE431405107749D940277955CB7FDD07 complete=false entries=0 total=12549 symbols=0 dropped=false t=1791382599688
EPOCH_RECONCILED epoch=2 reporter=911999B2AEFA7ACC66EBD802B3301FF6CE431405107749D940277955CB7FDD07 complete=true entries=1385 total=1385 symbols=0 dropped=false t=1791382599690
EPOCH_RECONCILED epoch=2 reporter=A353E45E6D0016CAEED0DFA4EC5B0640E2AA22A793F9F2375E77F1AB92977C04 complete=true entries=1 total=1386 symbols=16 dropped=false t=1791382599696
EPOCH_RECONCILED epoch=2 reporter=65A90023F6C0D2181AAA63F005D81BBC0C04650505E21D5123F9AE1F9E992BFF complete=true entries=9 total=1385 symbols=32 dropped=false t=1791382599697
EPOCH_RECONCILED epoch=2 reporter=A353E45E6D0016CAEED0DFA4EC5B0640E2AA22A793F9F2375E77F1AB92977C04 complete=true entries=6 total=1386 symbols=16 dropped=false t=1791382599708
EPOCH_RECONCILED epoch=2 reporter=A353E45E6D0016CAEED0DFA4EC5B0640E2AA22A793F9F2375E77F1AB92977C04 complete=false entries=0 total=12549 symbols=0 dropped=false t=1791382599736
EPOCH_RECONCILED epoch=2 reporter=A353E45E6D0016CAEED0DFA4EC5B0640E2AA22A793F9F2375E77F1AB92977C04 complete=false entries=1385 total=1385 symbols=0 dropped=false t=1791382599739
EPOCH_RECONCILED epoch=2 reporter=65A90023F6C0D2181AAA63F005D81BBC0C04650505E21D5123F9AE1F9E992BFF complete=false entries=0 total=12549 symbols=0 dropped=false t=1791382599740
EPOCH_RECONCILED epoch=2 reporter=65A90023F6C0D2181AAA63F005D81BBC0C04650505E21D5123F9AE1F9E992BFF complete=true entries=1385 total=1385 symbols=0 dropped=false t=1791382599742
EPOCH_RECONCILED epoch=2 reporter=A353E45E6D0016CAEED0DFA4EC5B0640E2AA22A793F9F2375E77F1AB92977C04 complete=true entries=1 total=1386 symbols=16 dropped=false t=1791382599748
EPOCH_RECONCILED epoch=2 reporter=A353E45E6D0016CAEED0DFA4EC5B0640E2AA22A793F9F2375E77F1AB92977C04 complete=false entries=0 total=12549 symbols=0 dropped=false t=1791382599773
EPOCH_RECONCILED epoch=2 reporter=A353E45E6D0016CAEED0DFA4EC5B0640E2AA22A793F9F2375E77F1AB92977C04 complete=false entries=1385 total=1385 symbols=0 dropped=false t=1791382599776
EPOCH_RECONCILED epoch=2 reporter=A353E45E6D0016CAEED0DFA4EC5B0640E2AA22A793F9F2375E77F1AB92977C04 complete=true entries=1 total=1386 symbols=16 dropped=false t=1791382599776
EPOCH_CLOSE_READY epoch=2 t=1791382599823
EPOCH_CLOSE_READY epoch=2 t=1791382599993
EPOCH_CLOSE_READY epoch=2 t=1791382599994
EPOCH_CLOSE_READY epoch=2 t=1791382600057
EPOCH_CLOSE_READY epoch=2 t=1791382600090
EPOCH_CLOSE_ROUND epoch=2 round=0 leader=735FE217D91E88EA82324C5883296385FA0041C2FAC85C827BAA46DA1E14B83F leads=false t=1791382600098
EPOCH_CLOSE_ROUND epoch=2 round=0 leader=735FE217D91E88EA82324C5883296385FA0041C2FAC85C827BAA46DA1E14B83F leads=false t=1791382600257
EPOCH_CLOSE_ROUND epoch=2 round=0 leader=735FE217D91E88EA82324C5883296385FA0041C2FAC85C827BAA46DA1E14B83F leads=false t=1791382600268
EPOCH_CLOSE_ROUND epoch=2 round=0 leader=735FE217D91E88EA82324C5883296385FA0041C2FAC85C827BAA46DA1E14B83F leads=false t=1791382600333
EPOCH_CLOSE_ROUND epoch=2 round=0 leader=735FE217D91E88EA82324C5883296385FA0041C2FAC85C827BAA46DA1E14B83F leads=false t=1791382600371
EPOCH_CLOSE_ROUND epoch=2 round=1 leader=911999B2AEFA7ACC66EBD802B3301FF6CE431405107749D940277955CB7FDD07 leads=true t=1791382602682
EPOCH_CLOSE_ROUND epoch=2 round=1 leader=911999B2AEFA7ACC66EBD802B3301FF6CE431405107749D940277955CB7FDD07 leads=false t=1791382602697
EPOCH_CLOSE_ROUND epoch=2 round=1 leader=911999B2AEFA7ACC66EBD802B3301FF6CE431405107749D940277955CB7FDD07 leads=false t=1791382602758
EPOCH_CLOSE_ROUND epoch=2 round=1 leader=911999B2AEFA7ACC66EBD802B3301FF6CE431405107749D940277955CB7FDD07 leads=false t=1791382602800
EPOCH_CLOSE_ROUND epoch=2 round=1 leader=911999B2AEFA7ACC66EBD802B3301FF6CE431405107749D940277955CB7FDD07 leads=false t=1791382602826
EPOCH_PROPOSED epoch=2 round=1 value=DFC3A269D2BE0EBE0906E5133B742360881926E20138A54A79B7D99D17FA5110 state=82AE35C9D9F13BB7CC7A58F2F745CF069085C9D40A976D390E4D23EE8AA76108 reports=5 t=1791382602829
EPOCH_VALUE epoch=2 value=DFC3A269D2BE0EBE0906E5133B742360881926E20138A54A79B7D99D17FA5110 state=82AE35C9D9F13BB7CC7A58F2F745CF069085C9D40A976D390E4D23EE8AA76108 t=1791382602829
EPOCH_VALUE epoch=2 value=DFC3A269D2BE0EBE0906E5133B742360881926E20138A54A79B7D99D17FA5110 state=82AE35C9D9F13BB7CC7A58F2F745CF069085C9D40A976D390E4D23EE8AA76108 t=1791382602960
EPOCH_VALUE epoch=2 value=DFC3A269D2BE0EBE0906E5133B742360881926E20138A54A79B7D99D17FA5110 state=82AE35C9D9F13BB7CC7A58F2F745CF069085C9D40A976D390E4D23EE8AA76108 t=1791382602961
EPOCH_VALUE epoch=2 value=DFC3A269D2BE0EBE0906E5133B742360881926E20138A54A79B7D99D17FA5110 state=82AE35C9D9F13BB7CC7A58F2F745CF069085C9D40A976D390E4D23EE8AA76108 t=1791382602964
EPOCH_VALUE epoch=2 value=DFC3A269D2BE0EBE0906E5133B742360881926E20138A54A79B7D99D17FA5110 state=82AE35C9D9F13BB7CC7A58F2F745CF069085C9D40A976D390E4D23EE8AA76108 t=1791382602966
EPOCH_CLOSE_ROUND epoch=2 round=2 leader=A353E45E6D0016CAEED0DFA4EC5B0640E2AA22A793F9F2375E77F1AB92977C04 leads=false t=1791382603063
EPOCH_INSTALL epoch=2 finalized=13931 instances_confirmed=1382 t=1791382603090
EPOCH_INSTALL epoch=2 finalized=13931 instances_confirmed=1382 t=1791382603095
EPOCH_INSTALL epoch=2 finalized=13931 instances_confirmed=1382 t=1791382603095
EPOCH_INSTALL epoch=2 finalized=13931 instances_confirmed=1382 t=1791382603096
EPOCH_INSTALL epoch=2 finalized=13931 instances_confirmed=1382 t=1791382603096
EPOCH_COMMITTEE derived_by=2 members=6 accounts=11225 n=6 digest=95D409445152DD075E6A4799205DFA5689496EB8EE1A22AC2A200B9DBC2DCF27 shares=["A353E45E:16.7%", "735FE217:16.7%", "D315857C:16.7%", "911999B2:16.7%", "633D9D61:16.7%", "65A90023:16.7%"] t=1791382603222
EPOCH_CLOSED epoch=2 round=1 value=DFC3A269D2BE0EBE0906E5133B742360881926E20138A54A79B7D99D17FA5110 state=82AE35C9D9F13BB7CC7A58F2F745CF069085C9D40A976D390E4D23EE8AA76108 t=1791382603222
EPOCH_COMMITTEE derived_by=2 members=6 accounts=11225 n=6 digest=95D409445152DD075E6A4799205DFA5689496EB8EE1A22AC2A200B9DBC2DCF27 shares=["A353E45E:16.7%", "735FE217:16.7%", "D315857C:16.7%", "911999B2:16.7%", "633D9D61:16.7%", "65A90023:16.7%"] t=1791382603231
EPOCH_CLOSED epoch=2 round=1 value=DFC3A269D2BE0EBE0906E5133B742360881926E20138A54A79B7D99D17FA5110 state=82AE35C9D9F13BB7CC7A58F2F745CF069085C9D40A976D390E4D23EE8AA76108 t=1791382603231
EPOCH_COMMITTEE derived_by=2 members=6 accounts=11225 n=6 digest=95D409445152DD075E6A4799205DFA5689496EB8EE1A22AC2A200B9DBC2DCF27 shares=["A353E45E:16.7%", "735FE217:16.7%", "D315857C:16.7%", "911999B2:16.7%", "633D9D61:16.7%", "65A90023:16.7%"] t=1791382603234
EPOCH_CLOSED epoch=2 round=1 value=DFC3A269D2BE0EBE0906E5133B742360881926E20138A54A79B7D99D17FA5110 state=82AE35C9D9F13BB7CC7A58F2F745CF069085C9D40A976D390E4D23EE8AA76108 t=1791382603234
EPOCH_COMMITTEE derived_by=2 members=6 accounts=11225 n=6 digest=95D409445152DD075E6A4799205DFA5689496EB8EE1A22AC2A200B9DBC2DCF27 shares=["A353E45E:16.7%", "735FE217:16.7%", "D315857C:16.7%", "911999B2:16.7%", "633D9D61:16.7%", "65A90023:16.7%"] t=1791382603234
EPOCH_CLOSED epoch=2 round=1 value=DFC3A269D2BE0EBE0906E5133B742360881926E20138A54A79B7D99D17FA5110 state=82AE35C9D9F13BB7CC7A58F2F745CF069085C9D40A976D390E4D23EE8AA76108 t=1791382603234
EPOCH_COMMITTEE derived_by=2 members=6 accounts=11225 n=6 digest=95D409445152DD075E6A4799205DFA5689496EB8EE1A22AC2A200B9DBC2DCF27 shares=["A353E45E:16.7%", "735FE217:16.7%", "D315857C:16.7%", "911999B2:16.7%", "633D9D61:16.7%", "65A90023:16.7%"] t=1791382603234
EPOCH_CLOSED epoch=2 round=1 value=DFC3A269D2BE0EBE0906E5133B742360881926E20138A54A79B7D99D17FA5110 state=82AE35C9D9F13BB7CC7A58F2F745CF069085C9D40A976D390E4D23EE8AA76108 t=1791382603234
EPOCH_INSTALLED epoch=2 finalized=13931 cemented=13428 queued=500 missing=3 t=1791382603272
EPOCH_INSTALLED epoch=2 finalized=13931 cemented=12551 queued=66 missing=1314 t=1791382603272
EPOCH_INSTALLED epoch=2 finalized=13931 cemented=12549 queued=48 missing=1334 t=1791382603274
EPOCH_INSTALLED epoch=2 finalized=13931 cemented=12786 queued=1105 missing=40 t=1791382603291
EPOCH_INSTALLED epoch=2 finalized=13931 cemented=12651 queued=1240 missing=40 t=1791382603293
EPOCH_FOLLOW cemented=1145 cementing=0 requested=0 pending=0 t=1791382603712
EPOCH_FOLLOW cemented=1382 cementing=0 requested=0 pending=0 t=1791382603859
