2026-10-08T19:17:06.107972Z  INFO nanospam::setup::account_map_factory: Creating account keys file with 45000 keys: "/var/folders/1y/px089b2s6f9d893xp1p4c7wh0000gn/T/rai-gate-b-jrfd7zdg/account_keys.txt"
2026-10-08T19:17:06.833819Z  INFO nanospam::setup::node_config_factory: ********************************************************************************
2026-10-08T19:17:06.833830Z  INFO nanospam::setup::node_config_factory: Setting up node PR0...
2026-10-08T19:17:06.833834Z  INFO nanospam::setup::node_config_factory: Creating directory "/var/folders/1y/px089b2s6f9d893xp1p4c7wh0000gn/T/rai-gate-b-jrfd7zdg/pr0"
2026-10-08T19:17:06.833919Z  INFO nanospam::setup::node_config_factory: Creating node config file: "/var/folders/1y/px089b2s6f9d893xp1p4c7wh0000gn/T/rai-gate-b-jrfd7zdg/pr0/config-node.toml"
2026-10-08T19:17:06.834050Z  INFO nanospam::setup::node_config_factory: Creating rpc config file: "/var/folders/1y/px089b2s6f9d893xp1p4c7wh0000gn/T/rai-gate-b-jrfd7zdg/pr0/config-rpc.toml"
2026-10-08T19:17:06.834125Z  INFO nanospam::setup::node_config_factory: ********************************************************************************
2026-10-08T19:17:06.834129Z  INFO nanospam::setup::node_config_factory: Setting up node PR1...
2026-10-08T19:17:06.834133Z  INFO nanospam::setup::node_config_factory: Creating directory "/var/folders/1y/px089b2s6f9d893xp1p4c7wh0000gn/T/rai-gate-b-jrfd7zdg/pr1"
2026-10-08T19:17:06.834181Z  INFO nanospam::setup::node_config_factory: Creating node config file: "/var/folders/1y/px089b2s6f9d893xp1p4c7wh0000gn/T/rai-gate-b-jrfd7zdg/pr1/config-node.toml"
2026-10-08T19:17:06.834257Z  INFO nanospam::setup::node_config_factory: Creating rpc config file: "/var/folders/1y/px089b2s6f9d893xp1p4c7wh0000gn/T/rai-gate-b-jrfd7zdg/pr1/config-rpc.toml"
2026-10-08T19:17:06.834323Z  INFO nanospam::setup::node_config_factory: ********************************************************************************
2026-10-08T19:17:06.834327Z  INFO nanospam::setup::node_config_factory: Setting up node PR2...
2026-10-08T19:17:06.834330Z  INFO nanospam::setup::node_config_factory: Creating directory "/var/folders/1y/px089b2s6f9d893xp1p4c7wh0000gn/T/rai-gate-b-jrfd7zdg/pr2"
2026-10-08T19:17:06.834377Z  INFO nanospam::setup::node_config_factory: Creating node config file: "/var/folders/1y/px089b2s6f9d893xp1p4c7wh0000gn/T/rai-gate-b-jrfd7zdg/pr2/config-node.toml"
2026-10-08T19:17:06.834453Z  INFO nanospam::setup::node_config_factory: Creating rpc config file: "/var/folders/1y/px089b2s6f9d893xp1p4c7wh0000gn/T/rai-gate-b-jrfd7zdg/pr2/config-rpc.toml"
2026-10-08T19:17:06.834511Z  INFO nanospam::setup::node_config_factory: ********************************************************************************
2026-10-08T19:17:06.834515Z  INFO nanospam::setup::node_config_factory: Setting up node PR3...
2026-10-08T19:17:06.834519Z  INFO nanospam::setup::node_config_factory: Creating directory "/var/folders/1y/px089b2s6f9d893xp1p4c7wh0000gn/T/rai-gate-b-jrfd7zdg/pr3"
2026-10-08T19:17:06.834565Z  INFO nanospam::setup::node_config_factory: Creating node config file: "/var/folders/1y/px089b2s6f9d893xp1p4c7wh0000gn/T/rai-gate-b-jrfd7zdg/pr3/config-node.toml"
2026-10-08T19:17:06.834646Z  INFO nanospam::setup::node_config_factory: Creating rpc config file: "/var/folders/1y/px089b2s6f9d893xp1p4c7wh0000gn/T/rai-gate-b-jrfd7zdg/pr3/config-rpc.toml"
2026-10-08T19:17:06.834706Z  INFO nanospam::setup::node_config_factory: ********************************************************************************
2026-10-08T19:17:06.834710Z  INFO nanospam::setup::node_config_factory: Setting up node PR4...
2026-10-08T19:17:06.834713Z  INFO nanospam::setup::node_config_factory: Creating directory "/var/folders/1y/px089b2s6f9d893xp1p4c7wh0000gn/T/rai-gate-b-jrfd7zdg/pr4"
2026-10-08T19:17:06.834755Z  INFO nanospam::setup::node_config_factory: Creating node config file: "/var/folders/1y/px089b2s6f9d893xp1p4c7wh0000gn/T/rai-gate-b-jrfd7zdg/pr4/config-node.toml"
2026-10-08T19:17:06.834830Z  INFO nanospam::setup::node_config_factory: Creating rpc config file: "/var/folders/1y/px089b2s6f9d893xp1p4c7wh0000gn/T/rai-gate-b-jrfd7zdg/pr4/config-rpc.toml"
2026-10-08T19:17:06.835012Z  INFO nanospam::setup::node_launcher: Starting node: NANO_TEST_GENESIS_BLOCK="{\n    \"type\": \"open\",\n    \"account\": \"nano_3nroioygg54nusrmyun4woimqex36sp3drnctdt5955uqu47fxbkrxk7n7ne\",\n    \"source\": \"D315857CE70C54DE713F6E82E5613BB3A1266C15E28AD2F4338C7BBEC456F532\",\n    \"representative\": \"nano_3nroioygg54nusrmyun4woimqex36sp3drnctdt5955uqu47fxbkrxk7n7ne\",\n    \"signature\": \"3F6792C2DC623DF2E8643777160AB983B66B337E2478E13D2C3448126A8F4CD8DCCD19803C158A057FA44060AE0EFC09B1C311CB4FBF42F8D240610B38F56E08\",\n    \"work\": \"70FEF01F7EC45DEC\"\n    }" NANO_TEST_GENESIS_PRV ="49643F9B10CA1AA34F9AF8ED4AABD29F436104CCC375974B108534A48EAE3FE1" "rsnano" "--network" "test" "--data-path" "/var/folders/1y/px089b2s6f9d893xp1p4c7wh0000gn/T/rai-gate-b-jrfd7zdg/pr0" "node" "run"
2026-10-08T19:17:06.835573Z  INFO nanospam::setup::node_launcher: Waiting for RPC...
2026-10-08T19:17:06.939908Z  INFO nanospam::setup::node_launcher: Starting node: NANO_TEST_GENESIS_BLOCK="{\n    \"type\": \"open\",\n    \"account\": \"nano_3nroioygg54nusrmyun4woimqex36sp3drnctdt5955uqu47fxbkrxk7n7ne\",\n    \"source\": \"D315857CE70C54DE713F6E82E5613BB3A1266C15E28AD2F4338C7BBEC456F532\",\n    \"representative\": \"nano_3nroioygg54nusrmyun4woimqex36sp3drnctdt5955uqu47fxbkrxk7n7ne\",\n    \"signature\": \"3F6792C2DC623DF2E8643777160AB983B66B337E2478E13D2C3448126A8F4CD8DCCD19803C158A057FA44060AE0EFC09B1C311CB4FBF42F8D240610B38F56E08\",\n    \"work\": \"70FEF01F7EC45DEC\"\n    }" NANO_TEST_GENESIS_PRV ="49643F9B10CA1AA34F9AF8ED4AABD29F436104CCC375974B108534A48EAE3FE1" "rsnano" "--network" "test" "--data-path" "/var/folders/1y/px089b2s6f9d893xp1p4c7wh0000gn/T/rai-gate-b-jrfd7zdg/pr1" "node" "run"
2026-10-08T19:17:06.940321Z  INFO nanospam::setup::node_launcher: Waiting for RPC...
2026-10-08T19:17:07.044092Z  INFO nanospam::setup::node_launcher: Starting node: NANO_TEST_GENESIS_BLOCK="{\n    \"type\": \"open\",\n    \"account\": \"nano_3nroioygg54nusrmyun4woimqex36sp3drnctdt5955uqu47fxbkrxk7n7ne\",\n    \"source\": \"D315857CE70C54DE713F6E82E5613BB3A1266C15E28AD2F4338C7BBEC456F532\",\n    \"representative\": \"nano_3nroioygg54nusrmyun4woimqex36sp3drnctdt5955uqu47fxbkrxk7n7ne\",\n    \"signature\": \"3F6792C2DC623DF2E8643777160AB983B66B337E2478E13D2C3448126A8F4CD8DCCD19803C158A057FA44060AE0EFC09B1C311CB4FBF42F8D240610B38F56E08\",\n    \"work\": \"70FEF01F7EC45DEC\"\n    }" NANO_TEST_GENESIS_PRV ="49643F9B10CA1AA34F9AF8ED4AABD29F436104CCC375974B108534A48EAE3FE1" "rsnano" "--network" "test" "--data-path" "/var/folders/1y/px089b2s6f9d893xp1p4c7wh0000gn/T/rai-gate-b-jrfd7zdg/pr2" "node" "run"
2026-10-08T19:17:07.044588Z  INFO nanospam::setup::node_launcher: Waiting for RPC...
2026-10-08T19:17:07.147476Z  INFO nanospam::setup::node_launcher: Starting node: NANO_TEST_GENESIS_BLOCK="{\n    \"type\": \"open\",\n    \"account\": \"nano_3nroioygg54nusrmyun4woimqex36sp3drnctdt5955uqu47fxbkrxk7n7ne\",\n    \"source\": \"D315857CE70C54DE713F6E82E5613BB3A1266C15E28AD2F4338C7BBEC456F532\",\n    \"representative\": \"nano_3nroioygg54nusrmyun4woimqex36sp3drnctdt5955uqu47fxbkrxk7n7ne\",\n    \"signature\": \"3F6792C2DC623DF2E8643777160AB983B66B337E2478E13D2C3448126A8F4CD8DCCD19803C158A057FA44060AE0EFC09B1C311CB4FBF42F8D240610B38F56E08\",\n    \"work\": \"70FEF01F7EC45DEC\"\n    }" NANO_TEST_GENESIS_PRV ="49643F9B10CA1AA34F9AF8ED4AABD29F436104CCC375974B108534A48EAE3FE1" "rsnano" "--network" "test" "--data-path" "/var/folders/1y/px089b2s6f9d893xp1p4c7wh0000gn/T/rai-gate-b-jrfd7zdg/pr3" "node" "run"
2026-10-08T19:17:07.148885Z  INFO nanospam::setup::node_launcher: Waiting for RPC...
2026-10-08T19:17:07.253856Z  INFO nanospam::setup::node_launcher: Starting node: NANO_TEST_GENESIS_BLOCK="{\n    \"type\": \"open\",\n    \"account\": \"nano_3nroioygg54nusrmyun4woimqex36sp3drnctdt5955uqu47fxbkrxk7n7ne\",\n    \"source\": \"D315857CE70C54DE713F6E82E5613BB3A1266C15E28AD2F4338C7BBEC456F532\",\n    \"representative\": \"nano_3nroioygg54nusrmyun4woimqex36sp3drnctdt5955uqu47fxbkrxk7n7ne\",\n    \"signature\": \"3F6792C2DC623DF2E8643777160AB983B66B337E2478E13D2C3448126A8F4CD8DCCD19803C158A057FA44060AE0EFC09B1C311CB4FBF42F8D240610B38F56E08\",\n    \"work\": \"70FEF01F7EC45DEC\"\n    }" NANO_TEST_GENESIS_PRV ="49643F9B10CA1AA34F9AF8ED4AABD29F436104CCC375974B108534A48EAE3FE1" "rsnano" "--network" "test" "--data-path" "/var/folders/1y/px089b2s6f9d893xp1p4c7wh0000gn/T/rai-gate-b-jrfd7zdg/pr4" "node" "run"
2026-10-08T19:17:07.254959Z  INFO nanospam::setup::node_launcher: Waiting for RPC...
2026-10-08T19:17:07.360045Z  INFO nanospam::wallets_factory: Creating wallet...
2026-10-08T19:17:07.410879Z  INFO nanospam::wallets_factory: Setting default representative...
2026-10-08T19:17:07.411237Z  INFO nanospam::wallets_factory: Creating wallet...
2026-10-08T19:17:07.455065Z  INFO nanospam::wallets_factory: Setting default representative...
2026-10-08T19:17:07.455339Z  INFO nanospam::wallets_factory: Sending Ӿ56,547,061 to PR1 wallet nano_3atmwjh8t11psdqf3qx6xjfiei94oajch6zsyauowxzjogbbgz168g5mp8f1 ...
2026-10-08T19:17:07.455729Z  INFO nanospam::wallets_factory: Waiting for confirmation for 70B574FB519B8DEA27D8F4952C2E7B0378B009608D6FC967984D3C83440C9C3D
2026-10-08T19:17:22.562782Z  INFO nanospam::wallets_factory: Receiving...
2026-10-08T19:17:22.565856Z  INFO nanospam::wallets_factory: Waiting for confirmation for 011C6AC2721054F46B03A50885AF48083A4A685154A55D85116DBCE413673F86
2026-10-08T19:17:22.669932Z  INFO nanospam::wallets_factory: DONE
2026-10-08T19:17:22.669981Z  INFO nanospam::wallets_factory: ********************************************************************************
2026-10-08T19:17:22.669989Z  INFO nanospam::wallets_factory: Creating wallet...
2026-10-08T19:17:22.735471Z  INFO nanospam::wallets_factory: Setting default representative...
2026-10-08T19:17:22.735721Z  INFO nanospam::wallets_factory: Sending Ӿ56,547,061 to PR2 wallet nano_36asm8scxymtsjmgqp14per3zxpgaec1c65qb9en1buscq7qzqa93tfyyzs3 ...
2026-10-08T19:17:22.736132Z  INFO nanospam::wallets_factory: Waiting for confirmation for 76B3937072C015B69E45D5458B47CF52A54A38F8ED441B0E21561A3048243E90
2026-10-08T19:17:22.941634Z  INFO nanospam::wallets_factory: Receiving...
2026-10-08T19:17:22.943749Z  INFO nanospam::wallets_factory: Waiting for confirmation for 402DCF4725254BECF5C5CB5F707C169725EE114819D289F8A5477C2FFF19BDC0
2026-10-08T19:17:23.150847Z  INFO nanospam::wallets_factory: DONE
2026-10-08T19:17:23.150967Z  INFO nanospam::wallets_factory: ********************************************************************************
2026-10-08T19:17:23.150988Z  INFO nanospam::wallets_factory: Creating wallet...
2026-10-08T19:17:23.230090Z  INFO nanospam::wallets_factory: Setting default representative...
2026-10-08T19:17:23.230473Z  INFO nanospam::wallets_factory: Sending Ӿ56,547,061 to PR3 wallet nano_1sfb11jzfi8k51fcnrzi1qe3qh1e1jkic3h45oak9yfg5yhbkczzxfwtat7m ...
2026-10-08T19:17:23.230890Z  INFO nanospam::wallets_factory: Waiting for confirmation for FF4589BE1759B38CC94ABA0AE4FE6644845FE957C02EA9CEA669A28C8D1ADE97
2026-10-08T19:17:38.335507Z  INFO nanospam::wallets_factory: Receiving...
2026-10-08T19:17:38.337895Z  INFO nanospam::wallets_factory: Waiting for confirmation for 1210B877FF188F4FF352C0EDE856AA702A1D6763EFA96EA84BB10519898BE6D0
2026-10-08T19:17:38.441307Z  INFO nanospam::wallets_factory: DONE
2026-10-08T19:17:38.441412Z  INFO nanospam::wallets_factory: ********************************************************************************
2026-10-08T19:17:38.441448Z  INFO nanospam::wallets_factory: Creating wallet...
2026-10-08T19:17:38.519530Z  INFO nanospam::wallets_factory: Setting default representative...
2026-10-08T19:17:38.519868Z  INFO nanospam::wallets_factory: Sending Ӿ56,547,061 to PR4 wallet nano_1rsxmoinip7d4wafdp855194n43fs7s1jgne6tx8ruatiu6g89815pddzijp ...
2026-10-08T19:17:38.520376Z  INFO nanospam::wallets_factory: Waiting for confirmation for 23D89F3531AC5EE2378D3606C70B24D2A7B9016B8ADB1A970E6B1D9E7576186D
2026-10-08T19:17:38.828331Z  INFO nanospam::wallets_factory: Receiving...
2026-10-08T19:17:38.830517Z  INFO nanospam::wallets_factory: Waiting for confirmation for 8D401F6072C9B3A9EFBA68DA33CC97FF1D15EEB9F09CE4731C1A7614578C3E56
2026-10-08T19:17:39.037369Z  INFO nanospam::wallets_factory: DONE
2026-10-08T19:17:39.037427Z  INFO nanospam::wallets_factory: ********************************************************************************
2026-10-08T19:17:39.037478Z  INFO nanospam::wallets_factory: Sending Ӿ56,547,061 to PR5 (no node) nano_1wtzwadxk9naxc356m4rienp93ht131w7ypadk39qck8uah3bg3zohsmj9th ...
2026-10-08T19:17:39.038270Z  INFO nanospam::wallets_factory: Waiting for confirmation for A5666BC59C8DD98A7E52D6F61006629E4EDB37063C12A73BFB41D35538B371CA
2026-10-08T19:17:54.243491Z  INFO nanospam::wallets_factory: Waiting for confirmation for 49EEF9EFFD843E7FE6FB8D0DE0A19E8B88DBE91F26F5FDDB0E8862DEF7553864
2026-10-08T19:17:54.347956Z  INFO nanospam::wallets_factory: DONE
2026-10-08T19:17:54.348096Z  INFO nanospam::wallets_factory: Sending initial spam amount...
2026-10-08T19:17:54.349555Z  INFO nanospam::wallets_factory: Waiting for confirmation for 4C46A3138C4182DEB7C88AE06184A9A60D6FFADA7048219023268781A9ED303D
2026-10-08T19:17:54.454570Z  INFO nanospam::wallets_factory: Receiving initial spam amount...
2026-10-08T19:17:54.456003Z  INFO nanospam::wallets_factory: Waiting for confirmation for 3271E029DCAA8796B7277550E2BDFE0667AA17BE386BB6AE63D6C5748EE39279
2026-10-08T19:17:54.663989Z  INFO nanospam::wallets_factory: Seeding Ӿ142,857 to nano_3qmhrsz1fgi6bwgqztpbxi7d69qyibe6jei4k3583axb8eorde5wz8n9rqd1 for representative D315857CE70C54DE713F6E82E5613BB3A1266C15E28AD2F4338C7BBEC456F532
2026-10-08T19:17:54.665496Z  INFO nanospam::wallets_factory: Waiting for confirmation for A3FB107784B9239778BC3C546DC38030E4F4483538FA287BDB1F686185120161
2026-10-08T19:17:54.770461Z  INFO nanospam::wallets_factory: Waiting for confirmation for 711323AB18A9826EDC95807A1F3D7CB469AA140FB15CDE7FC9CD05690CA94483
2026-10-08T19:17:54.875055Z  INFO nanospam::wallets_factory: Seeding Ӿ142,857 to nano_34eo8mijpopqeo8kn1u7ykkgrzfgph14nowtrgqjynq4u9ocihmjmjb1kwqk for representative A353E45E6D0016CAEED0DFA4EC5B0640E2AA22A793F9F2375E77F1AB92977C04
2026-10-08T19:17:54.876112Z  INFO nanospam::wallets_factory: Waiting for confirmation for 3A270F43F972DB0C7256027AD347B646AE10E9684B5BAFA1CBBD68E857C19B1C
2026-10-08T19:17:54.981920Z  INFO nanospam::wallets_factory: Waiting for confirmation for DBB053FFC0F41E11ABA35F0C5C5C1AFCDD30C80E7F644E7B97E057C67A7E2C2E
2026-10-08T19:17:55.086053Z  INFO nanospam::wallets_factory: Seeding Ӿ142,857 to nano_1x6wnp4mk54648qwoy9a9o4a7c5cm9oxozfp3bj4rdhz3yja147jgrd4wixk for representative 911999B2AEFA7ACC66EBD802B3301FF6CE431405107749D940277955CB7FDD07
2026-10-08T19:17:55.086956Z  INFO nanospam::wallets_factory: Waiting for confirmation for 8F85C6781755B92B754D3CC86C80413E979D3FD7CC27568C15FCE1DB0D4322F4
2026-10-08T19:17:55.192634Z  INFO nanospam::wallets_factory: Waiting for confirmation for 8843214C413F24E411FEEE1CB5B031A21913488383874AC153186995CCBC66FF
2026-10-08T19:17:55.297524Z  INFO nanospam::wallets_factory: Seeding Ӿ142,857 to nano_1se77rsqq61qtdgy3u8opkky55dfinra8p7anyutirjsmb9fbsydptcb7ze8 for representative 65A90023F6C0D2181AAA63F005D81BBC0C04650505E21D5123F9AE1F9E992BFF
2026-10-08T19:17:55.298726Z  INFO nanospam::wallets_factory: Waiting for confirmation for BDBE6D252BEB3AA65B3C40384DE3F517D99D54ED80A6E451B91C3C1A5C0E5E8B
2026-10-08T19:17:55.404545Z  INFO nanospam::wallets_factory: Waiting for confirmation for 3C105C8D8648F04B52D60948A2F621E59BF525D0E882894DA4884F913EB91A1F
2026-10-08T19:17:55.509367Z  INFO nanospam::wallets_factory: Seeding Ӿ142,857 to nano_165ki9p8ukw6nbkina86k44h1gqdo7y8qn6z3z7pqpiqstubdbwcznyfsxsb for representative 633D9D614858AB1710D5D8C3180E2A082DC97208BA8C26BA6C6D1A86C8E31CC0
2026-10-08T19:17:55.510799Z  INFO nanospam::wallets_factory: Waiting for confirmation for 10051932815033CB2752474BF767D353A200F521E3DBEDCA047A268210BB3D25
2026-10-08T19:17:55.617184Z  INFO nanospam::wallets_factory: Waiting for confirmation for A1F6642504C5E549959D685C600F721B9A820F1728235AE0C8A1759D8A55BF96
2026-10-08T19:17:55.722180Z  INFO nanospam::wallets_factory: Seeding Ӿ142,857 to nano_3xezpniwwrzthji8i4o7u6kwfu9am488s9owje49gynd9u5te8fobb8pusoc for representative 735FE217D91E88EA82324C5883296385FA0041C2FAC85C827BAA46DA1E14B83F
2026-10-08T19:17:55.723663Z  INFO nanospam::wallets_factory: Waiting for confirmation for 203DD56649271BA56F044D03A0DDFA2F8666F671FD1476FE9D79A8FEFB81B848
2026-10-08T19:17:55.828401Z  INFO nanospam::wallets_factory: Waiting for confirmation for E386059159EED76779BF6784AE47896A8EA9560AB8A27DE388EC314B47DE2F81
2026-10-08T19:17:55.936142Z  INFO nanospam::high_prio_check: Creating high priority accounts...
2026-10-08T19:17:55.966499Z  INFO nanospam::high_prio_check: Waiting for confirmations...
2026-10-08T19:17:58.204485Z  INFO nanospam::app: Waiting for all PRs to see the full quorum...
2026-10-08T19:17:58.206046Z  INFO nanospam::app: All PRs see the full quorum after 1.511041ms
2026-10-08T19:17:58.206074Z  INFO nanospam::app: Waiting for all PRs to hold the same cemented ledger...
2026-10-08T19:17:58.207081Z  INFO nanospam::app: All PRs hold the same ledger of 65 blocks after 999.334µs
EPOCH_COMMITTEE derived_by=genesis members=6 accounts=33 n=6 digest=95D409445152DD075E6A4799205DFA5689496EB8EE1A22AC2A200B9DBC2DCF27 shares=["A353E45E:16.7%", "65A90023:16.7%", "D315857C:16.7%", "911999B2:16.7%", "633D9D61:16.7%", "735FE217:16.7%"] t=1791487078207
EPOCH_START epoch=0 elections=0 t=1791487078207
EPOCH_COMMITTEE derived_by=genesis members=6 accounts=33 n=6 digest=95D409445152DD075E6A4799205DFA5689496EB8EE1A22AC2A200B9DBC2DCF27 shares=["A353E45E:16.7%", "65A90023:16.7%", "D315857C:16.7%", "911999B2:16.7%", "633D9D61:16.7%", "735FE217:16.7%"] t=1791487078207
EPOCH_START epoch=0 elections=0 t=1791487078207
EPOCH_COMMITTEE derived_by=genesis members=6 accounts=33 n=6 digest=95D409445152DD075E6A4799205DFA5689496EB8EE1A22AC2A200B9DBC2DCF27 shares=["A353E45E:16.7%", "65A90023:16.7%", "D315857C:16.7%", "911999B2:16.7%", "633D9D61:16.7%", "735FE217:16.7%"] t=1791487078208
EPOCH_START epoch=0 elections=0 t=1791487078208
EPOCH_COMMITTEE derived_by=genesis members=6 accounts=33 n=6 digest=95D409445152DD075E6A4799205DFA5689496EB8EE1A22AC2A200B9DBC2DCF27 shares=["A353E45E:16.7%", "65A90023:16.7%", "D315857C:16.7%", "911999B2:16.7%", "633D9D61:16.7%", "735FE217:16.7%"] t=1791487078208
EPOCH_START epoch=0 elections=0 t=1791487078208
EPOCH_COMMITTEE derived_by=genesis members=6 accounts=33 n=6 digest=95D409445152DD075E6A4799205DFA5689496EB8EE1A22AC2A200B9DBC2DCF27 shares=["A353E45E:16.7%", "65A90023:16.7%", "D315857C:16.7%", "911999B2:16.7%", "633D9D61:16.7%", "735FE217:16.7%"] t=1791487078208
EPOCH_START epoch=0 elections=0 t=1791487078209
2026-10-08T19:17:58.209155Z  INFO nanospam::app: Started the epochs on every PR
2026-10-08T19:17:58.209190Z  INFO nanospam::app: Connecting to node PR0... peer_addr=[::1]:17075
2026-10-08T19:17:58.209466Z  INFO nanospam::app: Performing handshake...
2026-10-08T19:17:58.209961Z  INFO nanospam::app: Performing handshake...
2026-10-08T19:17:58.222010Z  INFO nanospam::app: Performing handshake...
2026-10-08T19:17:58.233195Z  INFO nanospam::app: Performing handshake...
2026-10-08T19:17:58.244919Z  INFO nanospam::app: Connecting to node PR1... peer_addr=[::1]:17085
2026-10-08T19:17:58.245097Z  INFO nanospam::app: Performing handshake...
2026-10-08T19:17:58.245615Z  INFO nanospam::app: Performing handshake...
2026-10-08T19:17:58.257942Z  INFO nanospam::app: Performing handshake...
2026-10-08T19:17:58.269288Z  INFO nanospam::app: Performing handshake...
2026-10-08T19:17:58.279987Z  INFO nanospam::app: Connecting to node PR2... peer_addr=[::1]:17095
2026-10-08T19:17:58.280168Z  INFO nanospam::app: Performing handshake...
2026-10-08T19:17:58.280707Z  INFO nanospam::app: Performing handshake...
2026-10-08T19:17:58.292749Z  INFO nanospam::app: Performing handshake...
2026-10-08T19:17:58.304757Z  INFO nanospam::app: Performing handshake...
2026-10-08T19:17:58.316701Z  INFO nanospam::app: Connecting to node PR3... peer_addr=[::1]:17105
2026-10-08T19:17:58.316922Z  INFO nanospam::app: Performing handshake...
2026-10-08T19:17:58.317677Z  INFO nanospam::app: Performing handshake...
2026-10-08T19:17:58.329073Z  INFO nanospam::app: Performing handshake...
2026-10-08T19:17:58.341138Z  INFO nanospam::app: Performing handshake...
2026-10-08T19:17:58.353044Z  INFO nanospam::app: Connecting to node PR4... peer_addr=[::1]:17115
2026-10-08T19:17:58.353319Z  INFO nanospam::app: Performing handshake...
2026-10-08T19:17:58.354251Z  INFO nanospam::app: Performing handshake...
2026-10-08T19:17:58.365340Z  INFO nanospam::app: Performing handshake...
2026-10-08T19:17:58.376707Z  INFO nanospam::app: Performing handshake...
2026-10-08T19:17:58.387650Z  INFO nanospam::app: Connecting to websocket...
2026-10-08T19:17:58.388792Z  INFO nanospam::app: Starting with 2000 BPS
2026-10-08T19:17:58.398466Z  INFO nanospam::byzantine: 1 Byzantine representative(s) voting at random into 5 node(s)
2026-10-08T19:17:59.389828Z  INFO nanospam::app: Confirmed 487 blocks | 2,000 bps | 537 cps | avg conf time: 114 ms
2026-10-08T19:18:00.391001Z  INFO nanospam::app: Confirmed 3,886 blocks | 2,000 bps | 3,394 cps | avg conf time: 151 ms
2026-10-08T19:18:01.391853Z  INFO nanospam::app: Confirmed 6,068 blocks | 2,000 bps | 2,180 cps | avg conf time: 137 ms
2026-10-08T19:18:02.397158Z  INFO nanospam::app: Confirmed 7,803 blocks | 2,000 bps | 1,733 cps | avg conf time: 106 ms
2026-10-08T19:18:03.397813Z  INFO nanospam::app: Confirmed 9,673 blocks | 2,000 bps | 1,860 cps | avg conf time: 107 ms
2026-10-08T19:18:04.398799Z  INFO nanospam::app: Confirmed 11,559 blocks | 2,000 bps | 1,884 cps | avg conf time: 109 ms
2026-10-08T19:18:05.399708Z  INFO nanospam::app: Confirmed 13,317 blocks | 2,000 bps | 1,756 cps | avg conf time: 102 ms
EPOCH_ENDED epoch=0 elections=980 active=937 t=1791487086207
EPOCH_ENDED epoch=0 elections=978 active=935 t=1791487086208
EPOCH_ENDED epoch=0 elections=977 active=934 t=1791487086208
EPOCH_ENDED epoch=0 elections=980 active=937 t=1791487086208
EPOCH_ENDED epoch=0 elections=1018 active=973 t=1791487086228
EPOCH_CARRIED epoch=0 instances=969 split=9 t=1791487086231
EPOCH_ADVANCED epoch=1 elections=1947 active=1904 vote_records=151295 t=1791487086231
EPOCH_CARRIED epoch=0 instances=968 split=9 t=1791487086232
EPOCH_ADVANCED epoch=1 elections=1945 active=1902 vote_records=151253 t=1791487086232
EPOCH_CARRIED epoch=0 instances=971 split=9 t=1791487086236
EPOCH_ADVANCED epoch=1 elections=1951 active=1908 vote_records=151247 t=1791487086236
EPOCH_CARRIED epoch=0 instances=971 split=9 t=1791487086246
EPOCH_ADVANCED epoch=1 elections=1951 active=1908 vote_records=151261 t=1791487086246
EPOCH_CARRIED epoch=0 instances=1009 split=9 t=1791487086269
EPOCH_ADVANCED epoch=1 elections=2027 active=1982 vote_records=151439 t=1791487086269
EPOCH_CLOSE_UNREADY epoch=0 short_of=reports usable=0 weight=0 required=5 held=0 theirs=[] t=1791487086272
EPOCH_CLOSE_UNREADY epoch=0 short_of=reports usable=0 weight=0 required=5 held=0 theirs=[] t=1791487086276
EPOCH_REPORT epoch=0 certified=14876 residual=916 root=4BF06C4BEEDCD494CC52C16670A9FD4486A6B19C4D99A0F70861A77E2A282D7A reports=1 t=1791487086293
EPOCH_REPORT epoch=0 certified=14876 residual=921 root=4BF06C4BEEDCD494CC52C16670A9FD4486A6B19C4D99A0F70861A77E2A282D7A reports=1 t=1791487086315
EPOCH_RECONCILED epoch=0 reporter=D315857CE70C54DE713F6E82E5613BB3A1266C15E28AD2F4338C7BBEC456F532 complete=false entries=0 total=14876 symbols=0 dropped=false t=1791487086350
EPOCH_RECONCILED epoch=0 reporter=D315857CE70C54DE713F6E82E5613BB3A1266C15E28AD2F4338C7BBEC456F532 complete=false entries=901 total=901 symbols=0 dropped=false t=1791487086354
EPOCH_CLOSE_UNREADY epoch=0 short_of=reports usable=1 weight=1 required=5 held=1 theirs=["D315857C:4BF06C4B:BCCBAC00"] t=1791487086354
2026-10-08T19:18:06.407394Z  INFO nanospam::app: Confirmed 14,777 blocks | 2,000 bps | 1,448 cps | avg conf time: 103 ms
EPOCH_RECONCILED epoch=0 reporter=D315857CE70C54DE713F6E82E5613BB3A1266C15E28AD2F4338C7BBEC456F532 complete=true entries=20 total=921 symbols=48 dropped=false t=1791487086445
EPOCH_REPORT epoch=0 certified=14876 residual=930 root=4BF06C4BEEDCD494CC52C16670A9FD4486A6B19C4D99A0F70861A77E2A282D7A reports=1 t=1791487086474
EPOCH_RECONCILED epoch=0 reporter=D315857CE70C54DE713F6E82E5613BB3A1266C15E28AD2F4338C7BBEC456F532 complete=false entries=0 total=14876 symbols=0 dropped=false t=1791487086543
EPOCH_RECONCILED epoch=0 reporter=D315857CE70C54DE713F6E82E5613BB3A1266C15E28AD2F4338C7BBEC456F532 complete=true entries=921 total=921 symbols=0 dropped=false t=1791487086548
EPOCH_RECONCILED epoch=0 reporter=A353E45E6D0016CAEED0DFA4EC5B0640E2AA22A793F9F2375E77F1AB92977C04 complete=false entries=0 total=14876 symbols=0 dropped=false t=1791487086550
EPOCH_RECONCILED epoch=0 reporter=A353E45E6D0016CAEED0DFA4EC5B0640E2AA22A793F9F2375E77F1AB92977C04 complete=false entries=898 total=898 symbols=0 dropped=false t=1791487086558
EPOCH_RECONCILED epoch=0 reporter=A353E45E6D0016CAEED0DFA4EC5B0640E2AA22A793F9F2375E77F1AB92977C04 complete=true entries=18 total=916 symbols=32 dropped=false t=1791487086563
EPOCH_REPORT epoch=0 certified=14876 residual=930 root=4BF06C4BEEDCD494CC52C16670A9FD4486A6B19C4D99A0F70861A77E2A282D7A reports=1 t=1791487086666
EPOCH_REPORT epoch=0 certified=14878 residual=937 root=47186C14F7280359E9AD743B2FD1D2535872DE256189AE38F5098629B1F17F44 reports=1 t=1791487086668
EPOCH_RECONCILED epoch=0 reporter=A353E45E6D0016CAEED0DFA4EC5B0640E2AA22A793F9F2375E77F1AB92977C04 complete=false entries=230 total=14876 symbols=364 dropped=false t=1791487086681
EPOCH_RECONCILED epoch=0 reporter=D315857CE70C54DE713F6E82E5613BB3A1266C15E28AD2F4338C7BBEC456F532 complete=false entries=230 total=14876 symbols=364 dropped=false t=1791487086681
EPOCH_CLOSE_UNREADY epoch=0 short_of=reports usable=1 weight=1 required=5 held=4 theirs=["A353E45E:4BF06C4B:2DCE4765", "D315857C:4BF06C4B:BCCBAC00", "911999B2:4BF06C4B:0FBE3310", "65A90023:4BF06C4B:BFC0DB63"] t=1791487086682
EPOCH_RECONCILED epoch=0 reporter=A353E45E6D0016CAEED0DFA4EC5B0640E2AA22A793F9F2375E77F1AB92977C04 complete=false entries=0 total=14876 symbols=0 dropped=false t=1791487086683
EPOCH_RECONCILED epoch=0 reporter=A353E45E6D0016CAEED0DFA4EC5B0640E2AA22A793F9F2375E77F1AB92977C04 complete=true entries=916 total=916 symbols=0 dropped=false t=1791487086695
EPOCH_RECONCILED epoch=0 reporter=911999B2AEFA7ACC66EBD802B3301FF6CE431405107749D940277955CB7FDD07 complete=false entries=0 total=14876 symbols=0 dropped=false t=1791487086696
EPOCH_RECONCILED epoch=0 reporter=65A90023F6C0D2181AAA63F005D81BBC0C04650505E21D5123F9AE1F9E992BFF complete=false entries=0 total=14876 symbols=0 dropped=false t=1791487086728
EPOCH_RECONCILED epoch=0 reporter=D315857CE70C54DE713F6E82E5613BB3A1266C15E28AD2F4338C7BBEC456F532 complete=false entries=0 total=14876 symbols=0 dropped=false t=1791487086776
EPOCH_RECONCILED epoch=0 reporter=911999B2AEFA7ACC66EBD802B3301FF6CE431405107749D940277955CB7FDD07 complete=true entries=930 total=930 symbols=0 dropped=false t=1791487086778
EPOCH_RECONCILED epoch=0 reporter=D315857CE70C54DE713F6E82E5613BB3A1266C15E28AD2F4338C7BBEC456F532 complete=true entries=921 total=921 symbols=0 dropped=false t=1791487086785
EPOCH_RECONCILED epoch=0 reporter=A353E45E6D0016CAEED0DFA4EC5B0640E2AA22A793F9F2375E77F1AB92977C04 complete=false entries=0 total=14876 symbols=0 dropped=false t=1791487086787
EPOCH_RECONCILED epoch=0 reporter=A353E45E6D0016CAEED0DFA4EC5B0640E2AA22A793F9F2375E77F1AB92977C04 complete=true entries=916 total=916 symbols=0 dropped=false t=1791487086870
EPOCH_RECONCILED epoch=0 reporter=65A90023F6C0D2181AAA63F005D81BBC0C04650505E21D5123F9AE1F9E992BFF complete=false entries=921 total=921 symbols=0 dropped=false t=1791487086890
EPOCH_RECONCILED epoch=0 reporter=911999B2AEFA7ACC66EBD802B3301FF6CE431405107749D940277955CB7FDD07 complete=false entries=0 total=14876 symbols=0 dropped=false t=1791487086890
EPOCH_CLOSE_UNREADY epoch=0 short_of=reports usable=2 weight=2 required=5 held=4 theirs=["D315857C:4BF06C4B:BCCBAC00", "A353E45E:4BF06C4B:2DCE4765", "633D9D61:47186C14:90799415", "65A90023:4BF06C4B:BFC0DB63"] t=1791487086891
EPOCH_RECONCILED epoch=0 reporter=911999B2AEFA7ACC66EBD802B3301FF6CE431405107749D940277955CB7FDD07 complete=false entries=0 total=14876 symbols=0 dropped=false t=1791487086892
EPOCH_RECONCILED epoch=0 reporter=A353E45E6D0016CAEED0DFA4EC5B0640E2AA22A793F9F2375E77F1AB92977C04 complete=true entries=916 total=916 symbols=0 dropped=false t=1791487086900
EPOCH_RECONCILED epoch=0 reporter=911999B2AEFA7ACC66EBD802B3301FF6CE431405107749D940277955CB7FDD07 complete=true entries=930 total=930 symbols=0 dropped=false t=1791487086904
EPOCH_RECONCILED epoch=0 reporter=911999B2AEFA7ACC66EBD802B3301FF6CE431405107749D940277955CB7FDD07 complete=true entries=930 total=930 symbols=0 dropped=false t=1791487086916
EPOCH_RECONCILED epoch=0 reporter=D315857CE70C54DE713F6E82E5613BB3A1266C15E28AD2F4338C7BBEC456F532 complete=true entries=921 total=921 symbols=0 dropped=false t=1791487087020
EPOCH_RECONCILED epoch=0 reporter=911999B2AEFA7ACC66EBD802B3301FF6CE431405107749D940277955CB7FDD07 complete=false entries=0 total=14876 symbols=0 dropped=false t=1791487087022
EPOCH_RECONCILED epoch=0 reporter=65A90023F6C0D2181AAA63F005D81BBC0C04650505E21D5123F9AE1F9E992BFF complete=true entries=9 total=930 symbols=32 dropped=false t=1791487087030
EPOCH_RECONCILED epoch=0 reporter=911999B2AEFA7ACC66EBD802B3301FF6CE431405107749D940277955CB7FDD07 complete=true entries=930 total=930 symbols=0 dropped=false t=1791487087036
EPOCH_RECONCILED epoch=0 reporter=65A90023F6C0D2181AAA63F005D81BBC0C04650505E21D5123F9AE1F9E992BFF complete=false entries=0 total=14876 symbols=0 dropped=false t=1791487087054
EPOCH_RECONCILED epoch=0 reporter=65A90023F6C0D2181AAA63F005D81BBC0C04650505E21D5123F9AE1F9E992BFF complete=false entries=924 total=924 symbols=0 dropped=false t=1791487087083
EPOCH_RECONCILED epoch=0 reporter=633D9D614858AB1710D5D8C3180E2A082DC97208BA8C26BA6C6D1A86C8E31CC0 complete=false entries=232 total=14878 symbols=364 dropped=false t=1791487087093
EPOCH_RECONCILED epoch=0 reporter=65A90023F6C0D2181AAA63F005D81BBC0C04650505E21D5123F9AE1F9E992BFF complete=true entries=6 total=930 symbols=16 dropped=false t=1791487087093
EPOCH_RECONCILED epoch=0 reporter=65A90023F6C0D2181AAA63F005D81BBC0C04650505E21D5123F9AE1F9E992BFF complete=false entries=0 total=14876 symbols=0 dropped=false t=1791487087154
EPOCH_RECONCILED epoch=0 reporter=65A90023F6C0D2181AAA63F005D81BBC0C04650505E21D5123F9AE1F9E992BFF complete=false entries=921 total=921 symbols=0 dropped=false t=1791487087161
EPOCH_RECONCILED epoch=0 reporter=65A90023F6C0D2181AAA63F005D81BBC0C04650505E21D5123F9AE1F9E992BFF complete=false entries=0 total=14876 symbols=0 dropped=false t=1791487087176
EPOCH_RECONCILED epoch=0 reporter=65A90023F6C0D2181AAA63F005D81BBC0C04650505E21D5123F9AE1F9E992BFF complete=false entries=924 total=924 symbols=0 dropped=false t=1791487087188
EPOCH_RECONCILED epoch=0 reporter=65A90023F6C0D2181AAA63F005D81BBC0C04650505E21D5123F9AE1F9E992BFF complete=true entries=9 total=930 symbols=32 dropped=false t=1791487087202
EPOCH_RECONCILED epoch=0 reporter=633D9D614858AB1710D5D8C3180E2A082DC97208BA8C26BA6C6D1A86C8E31CC0 complete=true entries=937 total=937 symbols=0 dropped=false t=1791487087207
EPOCH_RECONCILED epoch=0 reporter=65A90023F6C0D2181AAA63F005D81BBC0C04650505E21D5123F9AE1F9E992BFF complete=true entries=6 total=930 symbols=16 dropped=false t=1791487087215
EPOCH_CLOSE_READY epoch=0 t=1791487087258
EPOCH_RECONCILED epoch=0 reporter=633D9D614858AB1710D5D8C3180E2A082DC97208BA8C26BA6C6D1A86C8E31CC0 complete=false entries=232 total=14878 symbols=364 dropped=false t=1791487087290
EPOCH_RECONCILED epoch=0 reporter=633D9D614858AB1710D5D8C3180E2A082DC97208BA8C26BA6C6D1A86C8E31CC0 complete=false entries=232 total=14878 symbols=364 dropped=false t=1791487087292
EPOCH_RECONCILED epoch=0 reporter=633D9D614858AB1710D5D8C3180E2A082DC97208BA8C26BA6C6D1A86C8E31CC0 complete=false entries=232 total=14878 symbols=364 dropped=false t=1791487087339
2026-10-08T19:18:07.407802Z  INFO nanospam::app: Confirmed 16,451 blocks | 2,000 bps | 1,673 cps | avg conf time: 449 ms
EPOCH_CLOSE_ROUND epoch=0 round=0 leader=633D9D614858AB1710D5D8C3180E2A082DC97208BA8C26BA6C6D1A86C8E31CC0 leads=false t=1791487087466
EPOCH_CLOSE_READY epoch=0 t=1791487087567
EPOCH_RECONCILED epoch=0 reporter=633D9D614858AB1710D5D8C3180E2A082DC97208BA8C26BA6C6D1A86C8E31CC0 complete=true entries=937 total=937 symbols=0 dropped=false t=1791487087626
EPOCH_RECONCILED epoch=0 reporter=633D9D614858AB1710D5D8C3180E2A082DC97208BA8C26BA6C6D1A86C8E31CC0 complete=true entries=937 total=937 symbols=0 dropped=false t=1791487087678
EPOCH_RECONCILED epoch=0 reporter=633D9D614858AB1710D5D8C3180E2A082DC97208BA8C26BA6C6D1A86C8E31CC0 complete=true entries=937 total=937 symbols=0 dropped=false t=1791487087788
EPOCH_CLOSE_READY epoch=0 t=1791487087812
EPOCH_CLOSE_ROUND epoch=0 round=0 leader=633D9D614858AB1710D5D8C3180E2A082DC97208BA8C26BA6C6D1A86C8E31CC0 leads=false t=1791487087820
EPOCH_CLOSE_READY epoch=0 t=1791487087868
EPOCH_CLOSE_ROUND epoch=0 round=0 leader=633D9D614858AB1710D5D8C3180E2A082DC97208BA8C26BA6C6D1A86C8E31CC0 leads=false t=1791487087869
EPOCH_CLOSE_READY epoch=0 t=1791487087873
EPOCH_CLOSE_ROUND epoch=0 round=0 leader=633D9D614858AB1710D5D8C3180E2A082DC97208BA8C26BA6C6D1A86C8E31CC0 leads=false t=1791487087876
EPOCH_DERIVE_TIMING epoch=0 claims=16512 claim_ms=231 manifest_ms=147 build_ms=133 t=1791487088185
EPOCH_PROPOSED epoch=0 round=0 value=3A6D27528C71EFA7E0EE2C71878E52BB901FA9926DEB4ECBDAAED59C83BFA4CF state=8C8C0D09C13A98AFA32FBB8D2E549638229037880175408F939BDE5B8D46FA1A reports=5 t=1791487088185
EPOCH_VALUE epoch=0 value=3A6D27528C71EFA7E0EE2C71878E52BB901FA9926DEB4ECBDAAED59C83BFA4CF state=8C8C0D09C13A98AFA32FBB8D2E549638229037880175408F939BDE5B8D46FA1A t=1791487088185
EPOCH_CLOSE_ROUND epoch=0 round=0 leader=633D9D614858AB1710D5D8C3180E2A082DC97208BA8C26BA6C6D1A86C8E31CC0 leads=true t=1791487088186
EPOCH_VALIDATE_TIMING epoch=0 evidence_ms=54 build_ms=50 t=1791487088293
EPOCH_VALUE epoch=0 value=3A6D27528C71EFA7E0EE2C71878E52BB901FA9926DEB4ECBDAAED59C83BFA4CF state=8C8C0D09C13A98AFA32FBB8D2E549638229037880175408F939BDE5B8D46FA1A t=1791487088293
EPOCH_VALIDATE_TIMING epoch=0 evidence_ms=59 build_ms=145 t=1791487088391
EPOCH_VALIDATE_TIMING epoch=0 evidence_ms=61 build_ms=149 t=1791487088398
EPOCH_VALUE epoch=0 value=3A6D27528C71EFA7E0EE2C71878E52BB901FA9926DEB4ECBDAAED59C83BFA4CF state=8C8C0D09C13A98AFA32FBB8D2E549638229037880175408F939BDE5B8D46FA1A t=1791487088402
EPOCH_VALUE epoch=0 value=3A6D27528C71EFA7E0EE2C71878E52BB901FA9926DEB4ECBDAAED59C83BFA4CF state=8C8C0D09C13A98AFA32FBB8D2E549638229037880175408F939BDE5B8D46FA1A t=1791487088404
2026-10-08T19:18:08.408646Z  INFO nanospam::app: Confirmed 18,455 blocks | 2,000 bps | 2,002 cps | avg conf time: 302 ms
EPOCH_VALIDATE_TIMING epoch=0 evidence_ms=61 build_ms=197 t=1791487088449
EPOCH_VALUE epoch=0 value=3A6D27528C71EFA7E0EE2C71878E52BB901FA9926DEB4ECBDAAED59C83BFA4CF state=8C8C0D09C13A98AFA32FBB8D2E549638229037880175408F939BDE5B8D46FA1A t=1791487088449
EPOCH_CLOSE_ROUND epoch=0 round=1 leader=65A90023F6C0D2181AAA63F005D81BBC0C04650505E21D5123F9AE1F9E992BFF leads=false t=1791487088473
EPOCH_CLOSE_ROUND epoch=0 round=1 leader=65A90023F6C0D2181AAA63F005D81BBC0C04650505E21D5123F9AE1F9E992BFF leads=false t=1791487088492
EPOCH_CLOSE_ROUND epoch=0 round=1 leader=65A90023F6C0D2181AAA63F005D81BBC0C04650505E21D5123F9AE1F9E992BFF leads=false t=1791487088493
EPOCH_INSTALL epoch=0 finalized=14813 instances_confirmed=3 t=1791487088542
EPOCH_INSTALL epoch=0 finalized=14813 instances_confirmed=3 t=1791487088543
EPOCH_LATE_NOTAR epoch=0 blocks=4584 notarized=4042 cast=3991 t=1791487088544
EPOCH_LATE_NOTAR epoch=0 blocks=4584 notarized=4042 cast=3970 t=1791487088545
EPOCH_INSTALL epoch=0 finalized=14813 instances_confirmed=3 t=1791487088545
EPOCH_INSTALL epoch=0 finalized=14813 instances_confirmed=3 t=1791487088546
EPOCH_LATE_NOTAR epoch=0 blocks=4584 notarized=4042 cast=4015 t=1791487088547
EPOCH_GATE epoch=1 released=1329 finalized=0 t=1791487088548
EPOCH_LATE_NOTAR epoch=0 blocks=4584 notarized=4042 cast=4204 t=1791487088549
EPOCH_GATE epoch=1 released=1318 finalized=0 t=1791487088549
EPOCH_INSTALL epoch=0 finalized=14813 instances_confirmed=3 t=1791487088550
EPOCH_GATE epoch=1 released=1391 finalized=0 t=1791487088551
EPOCH_GATE epoch=1 released=1396 finalized=0 t=1791487088553
EPOCH_LATE_NOTAR epoch=0 blocks=4584 notarized=4042 cast=4142 t=1791487088555
EPOCH_GATE epoch=1 released=1400 finalized=0 t=1791487088569
EPOCH_COMMITTEE derived_by=0 members=6 accounts=6632 n=6 digest=95D409445152DD075E6A4799205DFA5689496EB8EE1A22AC2A200B9DBC2DCF27 shares=["65A90023:16.7%", "A353E45E:16.7%", "D315857C:16.7%", "911999B2:16.7%", "633D9D61:16.7%", "735FE217:16.7%"] t=1791487088572
EPOCH_COMMITTEE derived_by=0 members=6 accounts=6632 n=6 digest=95D409445152DD075E6A4799205DFA5689496EB8EE1A22AC2A200B9DBC2DCF27 shares=["65A90023:16.7%", "A353E45E:16.7%", "D315857C:16.7%", "911999B2:16.7%", "633D9D61:16.7%", "735FE217:16.7%"] t=1791487088572
EPOCH_LOCKS_CONTINUED epoch=0 instances=9 t=1791487088573
EPOCH_LOCKS epoch=0 continued=9 kinds={"locks=1 kind=Some(Recovery) nc_here=false saved=true": 753, "locks=1 kind=Some(Recovery) nc_here=true saved=true": 4} t=1791487088574
EPOCH_OMITTED epoch=0 instances=147 retained=757 t=1791487088574
EPOCH_CLOSED epoch=0 round=0 value=3A6D27528C71EFA7E0EE2C71878E52BB901FA9926DEB4ECBDAAED59C83BFA4CF state=8C8C0D09C13A98AFA32FBB8D2E549638229037880175408F939BDE5B8D46FA1A t=1791487088574
EPOCH_LOCKS epoch=0 continued=0 kinds={"locks=1 kind=Some(Recovery) nc_here=false saved=false": 753, "locks=1 kind=Some(Recovery) nc_here=true saved=true": 4} t=1791487088574
EPOCH_OMITTED epoch=0 instances=147 retained=757 t=1791487088574
EPOCH_CLOSED epoch=0 round=0 value=3A6D27528C71EFA7E0EE2C71878E52BB901FA9926DEB4ECBDAAED59C83BFA4CF state=8C8C0D09C13A98AFA32FBB8D2E549638229037880175408F939BDE5B8D46FA1A t=1791487088574
EPOCH_COMMITTEE derived_by=0 members=6 accounts=6632 n=6 digest=95D409445152DD075E6A4799205DFA5689496EB8EE1A22AC2A200B9DBC2DCF27 shares=["65A90023:16.7%", "A353E45E:16.7%", "D315857C:16.7%", "911999B2:16.7%", "633D9D61:16.7%", "735FE217:16.7%"] t=1791487088576
EPOCH_LOCKS_CONTINUED epoch=0 instances=9 t=1791487088577
EPOCH_COMMITTEE derived_by=0 members=6 accounts=6632 n=6 digest=95D409445152DD075E6A4799205DFA5689496EB8EE1A22AC2A200B9DBC2DCF27 shares=["65A90023:16.7%", "A353E45E:16.7%", "D315857C:16.7%", "911999B2:16.7%", "633D9D61:16.7%", "735FE217:16.7%"] t=1791487088577
EPOCH_LOCKS epoch=0 continued=9 kinds={"locks=1 kind=Some(Recovery) nc_here=false saved=true": 753, "locks=1 kind=Some(Recovery) nc_here=true saved=true": 4} t=1791487088578
EPOCH_OMITTED epoch=0 instances=147 retained=757 t=1791487088578
EPOCH_CLOSED epoch=0 round=0 value=3A6D27528C71EFA7E0EE2C71878E52BB901FA9926DEB4ECBDAAED59C83BFA4CF state=8C8C0D09C13A98AFA32FBB8D2E549638229037880175408F939BDE5B8D46FA1A t=1791487088578
EPOCH_LOCKS_CONTINUED epoch=0 instances=9 t=1791487088578
EPOCH_LOCKS epoch=0 continued=9 kinds={"locks=1 kind=Some(Recovery) nc_here=false saved=true": 753, "locks=1 kind=Some(Recovery) nc_here=true saved=true": 4} t=1791487088579
EPOCH_OMITTED epoch=0 instances=147 retained=757 t=1791487088579
EPOCH_CLOSED epoch=0 round=0 value=3A6D27528C71EFA7E0EE2C71878E52BB901FA9926DEB4ECBDAAED59C83BFA4CF state=8C8C0D09C13A98AFA32FBB8D2E549638229037880175408F939BDE5B8D46FA1A t=1791487088579
EPOCH_INSTALLED epoch=0 finalized=14813 cemented=14813 queued=0 missing=0 t=1791487088641
EPOCH_RETAINED epoch=0 retained=919 held=919 missing=0 t=1791487088641
EPOCH_INSTALLED epoch=0 finalized=14813 cemented=14813 queued=0 missing=0 t=1791487088649
EPOCH_INSTALLED epoch=0 finalized=14813 cemented=14813 queued=0 missing=0 t=1791487088651
EPOCH_RETAINED epoch=0 retained=919 held=919 missing=0 t=1791487088651
EPOCH_INSTALLED epoch=0 finalized=14813 cemented=14813 queued=0 missing=0 t=1791487088651
EPOCH_RETAINED epoch=0 retained=919 held=919 missing=0 t=1791487088652
EPOCH_RETAINED epoch=0 retained=919 held=166 missing=753 t=1791487088653
EPOCH_COMMITTEE derived_by=0 members=6 accounts=6632 n=6 digest=95D409445152DD075E6A4799205DFA5689496EB8EE1A22AC2A200B9DBC2DCF27 shares=["65A90023:16.7%", "A353E45E:16.7%", "D315857C:16.7%", "911999B2:16.7%", "633D9D61:16.7%", "735FE217:16.7%"] t=1791487088679
EPOCH_LOCKS epoch=0 continued=0 kinds={"locks=1 kind=Some(Recovery) nc_here=false saved=false": 753, "locks=1 kind=Some(Recovery) nc_here=true saved=true": 4} t=1791487088681
EPOCH_OMITTED epoch=0 instances=147 retained=757 t=1791487088681
EPOCH_CLOSED epoch=0 round=0 value=3A6D27528C71EFA7E0EE2C71878E52BB901FA9926DEB4ECBDAAED59C83BFA4CF state=8C8C0D09C13A98AFA32FBB8D2E549638229037880175408F939BDE5B8D46FA1A t=1791487088681
EPOCH_EVIDENCE_RELEASED epoch=0 t=1791487088711
EPOCH_EVIDENCE_RELEASED epoch=0 t=1791487088720
EPOCH_EVIDENCE_RELEASED epoch=0 t=1791487088722
EPOCH_EVIDENCE_RELEASED epoch=0 t=1791487088723
EPOCH_EVIDENCE_RELEASED epoch=0 t=1791487088724
EPOCH_INSTALLED epoch=0 finalized=14813 cemented=14813 queued=0 missing=0 t=1791487088897
EPOCH_RETAINED epoch=0 retained=919 held=166 missing=753 t=1791487088897
2026-10-08T19:18:09.411222Z  INFO nanospam::app: Confirmed 20,281 blocks | 2,000 bps | 1,821 cps | avg conf time: 239 ms
EPOCH_FOLLOW cemented=1 cementing=0 requested=752 pending=752 t=1791487089431
EPOCH_FOLLOW cemented=11 cementing=0 requested=742 pending=742 t=1791487089523
2026-10-08T19:18:10.411717Z  INFO nanospam::app: Confirmed 22,179 blocks | 2,000 bps | 1,897 cps | avg conf time: 140 ms
EPOCH_FOLLOW cemented=168 cementing=0 requested=584 pending=584 t=1791487090471
EPOCH_FOLLOW cemented=248 cementing=0 requested=494 pending=494 t=1791487090568
2026-10-08T19:18:11.412584Z  INFO nanospam::app: Confirmed 24,003 blocks | 2,000 bps | 1,822 cps | avg conf time: 138 ms
EPOCH_FOLLOW cemented=249 cementing=0 requested=0 pending=335 t=1791487091523
EPOCH_FOLLOW cemented=203 cementing=0 requested=0 pending=291 t=1791487091617
2026-10-08T19:18:12.414813Z  INFO nanospam::app: Confirmed 25,766 blocks | 2,000 bps | 1,759 cps | avg conf time: 129 ms
EPOCH_FOLLOW cemented=1 cementing=0 requested=334 pending=334 t=1791487092573
EPOCH_FOLLOW cemented=2 cementing=0 requested=289 pending=289 t=1791487092654
2026-10-08T19:18:13.415509Z  INFO nanospam::app: Confirmed 27,585 blocks | 2,000 bps | 1,817 cps | avg conf time: 151 ms
EPOCH_FOLLOW cemented=236 cementing=0 requested=0 pending=98 t=1791487093618
EPOCH_FOLLOW cemented=242 cementing=0 requested=0 pending=47 t=1791487093694
EPOCH_ENDED epoch=1 elections=2606 active=2395 t=1791487094208
EPOCH_ENDED epoch=1 elections=2698 active=2470 t=1791487094210
EPOCH_ENDED epoch=1 elections=2691 active=2463 t=1791487094211
EPOCH_ENDED epoch=1 elections=2656 active=2428 t=1791487094211
EPOCH_ENDED epoch=1 elections=2680 active=2452 t=1791487094212
EPOCH_CARRIED epoch=1 instances=1812 split=37 t=1791487094257
EPOCH_ADVANCED epoch=2 elections=3699 active=3488 vote_records=300258 t=1791487094257
EPOCH_CARRIED epoch=1 instances=1897 split=37 t=1791487094258
EPOCH_ADVANCED epoch=2 elections=4588 active=4360 vote_records=300253 t=1791487094258
EPOCH_CARRIED epoch=1 instances=1904 split=37 t=1791487094261
EPOCH_ADVANCED epoch=2 elections=3883 active=3655 vote_records=300235 t=1791487094261
EPOCH_CARRIED epoch=1 instances=1886 split=37 t=1791487094280
EPOCH_ADVANCED epoch=2 elections=4566 active=4338 vote_records=300255 t=1791487094280
EPOCH_LOCKS_CONTINUED epoch=0 instances=25 t=1791487094281
EPOCH_CARRIED epoch=1 instances=1862 split=37 t=1791487094301
EPOCH_ADVANCED epoch=2 elections=4518 active=4290 vote_records=300242 t=1791487094301
EPOCH_LOCKS_CONTINUED epoch=0 instances=25 t=1791487094310
EPOCH_LOCKS_CONTINUED epoch=0 instances=25 t=1791487094313
EPOCH_CLOSE_UNREADY epoch=1 short_of=reports usable=0 weight=0 required=5 held=0 theirs=[] t=1791487094366
EPOCH_CLOSE_UNREADY epoch=1 short_of=reports usable=0 weight=0 required=5 held=0 theirs=[] t=1791487094422
2026-10-08T19:18:14.425143Z  INFO nanospam::app: Confirmed 28,760 blocks | 2,000 bps | 1,172 cps | avg conf time: 166 ms
EPOCH_FOLLOW cemented=2 cementing=0 requested=0 pending=96 t=1791487094670
EPOCH_CLOSE_UNREADY epoch=1 short_of=reports usable=0 weight=0 required=5 held=0 theirs=[] t=1791487094733
EPOCH_FOLLOW cemented=1 cementing=0 requested=0 pending=46 t=1791487094740
EPOCH_CLOSE_UNREADY epoch=1 short_of=reports usable=0 weight=0 required=5 held=0 theirs=[] t=1791487094799
EPOCH_CLOSE_UNREADY epoch=1 short_of=reports usable=0 weight=0 required=5 held=0 theirs=[] t=1791487094848
EPOCH_REPORT epoch=1 certified=29734 residual=1697 root=29749A1CFEA98D364A68683127F36C64FE5DA9131F3070EF65DFF40E43B88867 reports=1 t=1791487095169
EPOCH_REPORT epoch=1 certified=29734 residual=1711 root=7992566D9EAFA53C8253C57F327CA14C8B49E7E4C8A47F88FF09E9A7867CB5E7 reports=1 t=1791487095389
EPOCH_REPORT epoch=1 certified=29734 residual=1727 root=7992566D9EAFA53C8253C57F327CA14C8B49E7E4C8A47F88FF09E9A7867CB5E7 reports=1 t=1791487095402
2026-10-08T19:18:15.425471Z  INFO nanospam::app: Confirmed 28,760 blocks | 2,000 bps | 0 cps | avg conf time: 0 ms
EPOCH_REPORT epoch=1 certified=29734 residual=1721 root=7992566D9EAFA53C8253C57F327CA14C8B49E7E4C8A47F88FF09E9A7867CB5E7 reports=1 t=1791487095506
EPOCH_REPORT epoch=1 certified=29734 residual=1554 root=7992566D9EAFA53C8253C57F327CA14C8B49E7E4C8A47F88FF09E9A7867CB5E7 reports=1 t=1791487095523
EPOCH_RECONCILED epoch=1 reporter=911999B2AEFA7ACC66EBD802B3301FF6CE431405107749D940277955CB7FDD07 complete=false entries=0 total=29734 symbols=0 dropped=false t=1791487095681
EPOCH_FOLLOW cemented=15 cementing=0 requested=0 pending=81 t=1791487095708
EPOCH_RECONCILED epoch=1 reporter=911999B2AEFA7ACC66EBD802B3301FF6CE431405107749D940277955CB7FDD07 complete=true entries=1727 total=1727 symbols=0 dropped=false t=1791487095714
EPOCH_CLOSE_UNREADY epoch=1 short_of=reports usable=1 weight=1 required=5 held=4 theirs=["911999B2:7992566D:6273D621", "633D9D61:7992566D:E2A216F9", "A353E45E:29749A1C:8233C222", "65A90023:7992566D:22C375EC"] t=1791487095719
EPOCH_RECONCILED epoch=1 reporter=D315857CE70C54DE713F6E82E5613BB3A1266C15E28AD2F4338C7BBEC456F532 complete=false entries=0 total=29734 symbols=0 dropped=false t=1791487095722
EPOCH_RECONCILED epoch=1 reporter=D315857CE70C54DE713F6E82E5613BB3A1266C15E28AD2F4338C7BBEC456F532 complete=true entries=1711 total=1711 symbols=0 dropped=false t=1791487095726
EPOCH_RECONCILED epoch=1 reporter=D315857CE70C54DE713F6E82E5613BB3A1266C15E28AD2F4338C7BBEC456F532 complete=false entries=0 total=29734 symbols=0 dropped=false t=1791487095764
EPOCH_RECONCILED epoch=1 reporter=D315857CE70C54DE713F6E82E5613BB3A1266C15E28AD2F4338C7BBEC456F532 complete=true entries=1711 total=1711 symbols=0 dropped=false t=1791487095782
EPOCH_RECONCILED epoch=1 reporter=D315857CE70C54DE713F6E82E5613BB3A1266C15E28AD2F4338C7BBEC456F532 complete=false entries=0 total=29734 symbols=0 dropped=false t=1791487095783
EPOCH_FOLLOW cemented=10 cementing=0 requested=0 pending=36 t=1791487095786
EPOCH_RECONCILED epoch=1 reporter=D315857CE70C54DE713F6E82E5613BB3A1266C15E28AD2F4338C7BBEC456F532 complete=false entries=1689 total=1689 symbols=0 dropped=false t=1791487095902
EPOCH_RECONCILED epoch=1 reporter=633D9D614858AB1710D5D8C3180E2A082DC97208BA8C26BA6C6D1A86C8E31CC0 complete=false entries=0 total=29734 symbols=0 dropped=false t=1791487095903
EPOCH_CLOSE_UNREADY epoch=1 short_of=reports usable=2 weight=2 required=5 held=4 theirs=["D315857C:7992566D:119FD85B", "A353E45E:29749A1C:8233C222", "633D9D61:7992566D:E2A216F9", "65A90023:7992566D:22C375EC"] t=1791487096025
EPOCH_RECONCILED epoch=1 reporter=911999B2AEFA7ACC66EBD802B3301FF6CE431405107749D940277955CB7FDD07 complete=false entries=399 total=29734 symbols=819 dropped=false t=1791487096037
EPOCH_RECONCILED epoch=1 reporter=633D9D614858AB1710D5D8C3180E2A082DC97208BA8C26BA6C6D1A86C8E31CC0 complete=false entries=399 total=29734 symbols=819 dropped=false t=1791487096037
EPOCH_RECONCILED epoch=1 reporter=D315857CE70C54DE713F6E82E5613BB3A1266C15E28AD2F4338C7BBEC456F532 complete=false entries=399 total=29734 symbols=819 dropped=false t=1791487096037
EPOCH_RECONCILED epoch=1 reporter=A353E45E6D0016CAEED0DFA4EC5B0640E2AA22A793F9F2375E77F1AB92977C04 complete=false entries=365 total=29734 symbols=546 dropped=false t=1791487096049
EPOCH_RECONCILED epoch=1 reporter=633D9D614858AB1710D5D8C3180E2A082DC97208BA8C26BA6C6D1A86C8E31CC0 complete=false entries=1709 total=1709 symbols=0 dropped=false t=1791487096157
EPOCH_RECONCILED epoch=1 reporter=911999B2AEFA7ACC66EBD802B3301FF6CE431405107749D940277955CB7FDD07 complete=false entries=0 total=29734 symbols=0 dropped=false t=1791487096173
EPOCH_RECONCILED epoch=1 reporter=911999B2AEFA7ACC66EBD802B3301FF6CE431405107749D940277955CB7FDD07 complete=false entries=1704 total=1704 symbols=0 dropped=false t=1791487096187
EPOCH_CLOSE_UNREADY epoch=1 short_of=reports usable=1 weight=1 required=5 held=4 theirs=["A353E45E:29749A1C:8233C222", "D315857C:7992566D:119FD85B", "633D9D61:7992566D:E2A216F9", "911999B2:7992566D:6273D621"] t=1791487096190
EPOCH_RECONCILED epoch=1 reporter=A353E45E6D0016CAEED0DFA4EC5B0640E2AA22A793F9F2375E77F1AB92977C04 complete=false entries=365 total=29734 symbols=546 dropped=false t=1791487096218
EPOCH_RECONCILED epoch=1 reporter=A353E45E6D0016CAEED0DFA4EC5B0640E2AA22A793F9F2375E77F1AB92977C04 complete=false entries=365 total=29734 symbols=546 dropped=false t=1791487096230
EPOCH_RECONCILED epoch=1 reporter=633D9D614858AB1710D5D8C3180E2A082DC97208BA8C26BA6C6D1A86C8E31CC0 complete=true entries=12 total=1721 symbols=32 dropped=false t=1791487096239
EPOCH_RECONCILED epoch=1 reporter=D315857CE70C54DE713F6E82E5613BB3A1266C15E28AD2F4338C7BBEC456F532 complete=true entries=22 total=1711 symbols=48 dropped=false t=1791487096258
EPOCH_RECONCILED epoch=1 reporter=911999B2AEFA7ACC66EBD802B3301FF6CE431405107749D940277955CB7FDD07 complete=true entries=23 total=1727 symbols=48 dropped=false t=1791487096272
EPOCH_RECONCILED epoch=1 reporter=A353E45E6D0016CAEED0DFA4EC5B0640E2AA22A793F9F2375E77F1AB92977C04 complete=false entries=365 total=29734 symbols=546 dropped=false t=1791487096284
EPOCH_RECONCILED epoch=1 reporter=911999B2AEFA7ACC66EBD802B3301FF6CE431405107749D940277955CB7FDD07 complete=false entries=0 total=29734 symbols=0 dropped=false t=1791487096309
EPOCH_CLOSE_UNREADY epoch=1 short_of=reports usable=1 weight=1 required=5 held=4 theirs=["911999B2:7992566D:6273D621", "65A90023:7992566D:22C375EC", "633D9D61:7992566D:E2A216F9", "D315857C:7992566D:119FD85B"] t=1791487096316
EPOCH_CLOSE_UNREADY epoch=1 short_of=reports usable=3 weight=3 required=5 held=4 theirs=["911999B2:7992566D:6273D621", "65A90023:7992566D:22C375EC", "A353E45E:29749A1C:8233C222", "D315857C:7992566D:119FD85B"] t=1791487096342
EPOCH_RECONCILED epoch=1 reporter=911999B2AEFA7ACC66EBD802B3301FF6CE431405107749D940277955CB7FDD07 complete=true entries=1727 total=1727 symbols=0 dropped=false t=1791487096417
EPOCH_RECONCILED epoch=1 reporter=633D9D614858AB1710D5D8C3180E2A082DC97208BA8C26BA6C6D1A86C8E31CC0 complete=false entries=0 total=29734 symbols=0 dropped=false t=1791487096418
2026-10-08T19:18:16.427276Z  INFO nanospam::app: Confirmed 31,177 blocks | 2,000 bps | 2,412 cps | avg conf time: 1363 ms
EPOCH_RECONCILED epoch=1 reporter=633D9D614858AB1710D5D8C3180E2A082DC97208BA8C26BA6C6D1A86C8E31CC0 complete=true entries=1721 total=1721 symbols=0 dropped=false t=1791487096451
EPOCH_RECONCILED epoch=1 reporter=A353E45E6D0016CAEED0DFA4EC5B0640E2AA22A793F9F2375E77F1AB92977C04 complete=true entries=1697 total=1697 symbols=0 dropped=false t=1791487096479
EPOCH_RECONCILED epoch=1 reporter=65A90023F6C0D2181AAA63F005D81BBC0C04650505E21D5123F9AE1F9E992BFF complete=false entries=0 total=29734 symbols=0 dropped=false t=1791487096480
EPOCH_RECONCILED epoch=1 reporter=A353E45E6D0016CAEED0DFA4EC5B0640E2AA22A793F9F2375E77F1AB92977C04 complete=true entries=1697 total=1697 symbols=0 dropped=false t=1791487096668
EPOCH_RECONCILED epoch=1 reporter=633D9D614858AB1710D5D8C3180E2A082DC97208BA8C26BA6C6D1A86C8E31CC0 complete=false entries=0 total=29734 symbols=0 dropped=false t=1791487096669
EPOCH_RECONCILED epoch=1 reporter=633D9D614858AB1710D5D8C3180E2A082DC97208BA8C26BA6C6D1A86C8E31CC0 complete=true entries=1721 total=1721 symbols=0 dropped=false t=1791487096673
EPOCH_RECONCILED epoch=1 reporter=65A90023F6C0D2181AAA63F005D81BBC0C04650505E21D5123F9AE1F9E992BFF complete=false entries=0 total=29734 symbols=0 dropped=false t=1791487096674
EPOCH_RECONCILED epoch=1 reporter=65A90023F6C0D2181AAA63F005D81BBC0C04650505E21D5123F9AE1F9E992BFF complete=true entries=1554 total=1554 symbols=0 dropped=false t=1791487096678
EPOCH_RECONCILED epoch=1 reporter=65A90023F6C0D2181AAA63F005D81BBC0C04650505E21D5123F9AE1F9E992BFF complete=true entries=1554 total=1554 symbols=0 dropped=false t=1791487096683
EPOCH_FOLLOW cemented=2 cementing=0 requested=79 pending=79 t=1791487096739
EPOCH_FOLLOW cemented=0 cementing=0 requested=36 pending=36 t=1791487096958
EPOCH_RECONCILED epoch=1 reporter=911999B2AEFA7ACC66EBD802B3301FF6CE431405107749D940277955CB7FDD07 complete=true entries=1727 total=1727 symbols=0 dropped=false t=1791487096975
EPOCH_RECONCILED epoch=1 reporter=65A90023F6C0D2181AAA63F005D81BBC0C04650505E21D5123F9AE1F9E992BFF complete=false entries=0 total=29734 symbols=0 dropped=false t=1791487096976
EPOCH_RECONCILED epoch=1 reporter=A353E45E6D0016CAEED0DFA4EC5B0640E2AA22A793F9F2375E77F1AB92977C04 complete=true entries=1697 total=1697 symbols=0 dropped=false t=1791487096986
EPOCH_RECONCILED epoch=1 reporter=65A90023F6C0D2181AAA63F005D81BBC0C04650505E21D5123F9AE1F9E992BFF complete=false entries=0 total=29734 symbols=0 dropped=false t=1791487097019
EPOCH_RECONCILED epoch=1 reporter=65A90023F6C0D2181AAA63F005D81BBC0C04650505E21D5123F9AE1F9E992BFF complete=true entries=1554 total=1554 symbols=0 dropped=false t=1791487097148
EPOCH_RECONCILED epoch=1 reporter=A353E45E6D0016CAEED0DFA4EC5B0640E2AA22A793F9F2375E77F1AB92977C04 complete=true entries=1697 total=1697 symbols=0 dropped=false t=1791487097160
EPOCH_RECONCILED epoch=1 reporter=65A90023F6C0D2181AAA63F005D81BBC0C04650505E21D5123F9AE1F9E992BFF complete=true entries=1554 total=1554 symbols=0 dropped=false t=1791487097168
EPOCH_RECONCILED epoch=1 reporter=633D9D614858AB1710D5D8C3180E2A082DC97208BA8C26BA6C6D1A86C8E31CC0 complete=true entries=1721 total=1721 symbols=0 dropped=false t=1791487097197
EPOCH_RECONCILED epoch=1 reporter=D315857CE70C54DE713F6E82E5613BB3A1266C15E28AD2F4338C7BBEC456F532 complete=true entries=1711 total=1711 symbols=0 dropped=false t=1791487097209
EPOCH_CLOSE_READY epoch=1 t=1791487097243
EPOCH_CLOSE_ROUND epoch=1 round=0 leader=65A90023F6C0D2181AAA63F005D81BBC0C04650505E21D5123F9AE1F9E992BFF leads=false t=1791487097247
EPOCH_CLOSE_READY epoch=1 t=1791487097365
EPOCH_CLOSE_ROUND epoch=1 round=0 leader=65A90023F6C0D2181AAA63F005D81BBC0C04650505E21D5123F9AE1F9E992BFF leads=false t=1791487097372
2026-10-08T19:18:17.427420Z  INFO nanospam::app: Confirmed 33,393 blocks | 2,000 bps | 2,215 cps | avg conf time: 1072 ms
EPOCH_CLOSE_READY epoch=1 t=1791487097460
EPOCH_CLOSE_ROUND epoch=1 round=0 leader=65A90023F6C0D2181AAA63F005D81BBC0C04650505E21D5123F9AE1F9E992BFF leads=false t=1791487097461
EPOCH_CLOSE_READY epoch=1 t=1791487097753
EPOCH_FOLLOW cemented=78 cementing=0 requested=0 pending=1 t=1791487097778
EPOCH_FOLLOW cemented=36 cementing=0 requested=0 pending=0 t=1791487097894
EPOCH_CLOSE_READY epoch=1 t=1791487098083
EPOCH_CLOSE_ROUND epoch=1 round=0 leader=65A90023F6C0D2181AAA63F005D81BBC0C04650505E21D5123F9AE1F9E992BFF leads=false t=1791487098085
2026-10-08T19:18:18.428432Z  INFO nanospam::app: Confirmed 35,333 blocks | 2,000 bps | 1,938 cps | avg conf time: 807 ms
EPOCH_DERIVE_TIMING epoch=1 claims=32047 claim_ms=225 manifest_ms=199 build_ms=1039 t=1791487099406
EPOCH_PROPOSED epoch=1 round=0 value=2E27D6F7EDB3BE1E8176B876F6AEF7788BABB4FCECD0A10CA0BD2D3824E14C39 state=C488B3A28730706D1C9EB93C889B873B2AC4AEF59D76357EF9E0B70F25C15DEA reports=5 t=1791487099407
2026-10-08T19:18:19.429963Z  INFO nanospam::app: Confirmed 36,901 blocks | 2,000 bps | 1,565 cps | avg conf time: 731 ms
EPOCH_VALUE epoch=1 value=2E27D6F7EDB3BE1E8176B876F6AEF7788BABB4FCECD0A10CA0BD2D3824E14C39 state=C488B3A28730706D1C9EB93C889B873B2AC4AEF59D76357EF9E0B70F25C15DEA t=1791487099531
EPOCH_CLOSE_ROUND epoch=1 round=0 leader=65A90023F6C0D2181AAA63F005D81BBC0C04650505E21D5123F9AE1F9E992BFF leads=true t=1791487099562
EPOCH_MANIFEST_FETCHED epoch=1 manifest=41D2AA1ACF00CD7D1A69413006B740F09EFA0D283EF81B19CCF4CDF7493D09F2 entries=22520 t=1791487100416
2026-10-08T19:18:20.430926Z  INFO nanospam::app: Confirmed 38,653 blocks | 2,000 bps | 1,750 cps | avg conf time: 772 ms
EPOCH_MANIFEST_FETCHED epoch=1 manifest=41D2AA1ACF00CD7D1A69413006B740F09EFA0D283EF81B19CCF4CDF7493D09F2 entries=22520 t=1791487100454
EPOCH_MANIFEST_FETCHED epoch=1 manifest=41D2AA1ACF00CD7D1A69413006B740F09EFA0D283EF81B19CCF4CDF7493D09F2 entries=22520 t=1791487100552
EPOCH_MANIFEST_FETCHED epoch=1 manifest=41D2AA1ACF00CD7D1A69413006B740F09EFA0D283EF81B19CCF4CDF7493D09F2 entries=22520 t=1791487100627
2026-10-08T19:18:21.432054Z  INFO nanospam::app: Confirmed 40,468 blocks | 2,000 bps | 1,812 cps | avg conf time: 901 ms
EPOCH_VALIDATE_TIMING epoch=1 evidence_ms=695 build_ms=426 t=1791487101558
EPOCH_VALUE epoch=1 value=2E27D6F7EDB3BE1E8176B876F6AEF7788BABB4FCECD0A10CA0BD2D3824E14C39 state=C488B3A28730706D1C9EB93C889B873B2AC4AEF59D76357EF9E0B70F25C15DEA t=1791487101559
EPOCH_VALIDATE_TIMING epoch=1 evidence_ms=925 build_ms=251 t=1791487101571
EPOCH_VALUE epoch=1 value=2E27D6F7EDB3BE1E8176B876F6AEF7788BABB4FCECD0A10CA0BD2D3824E14C39 state=C488B3A28730706D1C9EB93C889B873B2AC4AEF59D76357EF9E0B70F25C15DEA t=1791487101574
EPOCH_VALIDATE_TIMING epoch=1 evidence_ms=846 build_ms=209 t=1791487101588
EPOCH_VALUE epoch=1 value=2E27D6F7EDB3BE1E8176B876F6AEF7788BABB4FCECD0A10CA0BD2D3824E14C39 state=C488B3A28730706D1C9EB93C889B873B2AC4AEF59D76357EF9E0B70F25C15DEA t=1791487101589
EPOCH_VALIDATE_TIMING epoch=1 evidence_ms=759 build_ms=240 t=1791487101594
EPOCH_VALUE epoch=1 value=2E27D6F7EDB3BE1E8176B876F6AEF7788BABB4FCECD0A10CA0BD2D3824E14C39 state=C488B3A28730706D1C9EB93C889B873B2AC4AEF59D76357EF9E0B70F25C15DEA t=1791487101595
EPOCH_CLOSE_ROUND epoch=1 round=1 leader=735FE217D91E88EA82324C5883296385FA0041C2FAC85C827BAA46DA1E14B83F leads=false t=1791487101941
EPOCH_INSTALL epoch=1 finalized=14112 instances_confirmed=77 t=1791487101983
EPOCH_INSTALL epoch=1 finalized=14112 instances_confirmed=77 t=1791487101983
EPOCH_INSTALL epoch=1 finalized=14112 instances_confirmed=77 t=1791487101987
EPOCH_INSTALL epoch=1 finalized=14112 instances_confirmed=77 t=1791487101989
EPOCH_LATE_NOTAR epoch=1 blocks=15449 notarized=13058 cast=18303 t=1791487101991
EPOCH_LATE_NOTAR epoch=1 blocks=15205 notarized=13008 cast=16781 t=1791487101994
EPOCH_LATE_NOTAR epoch=1 blocks=15301 notarized=13077 cast=17768 t=1791487101996
EPOCH_LATE_NOTAR epoch=1 blocks=15475 notarized=13150 cast=18267 t=1791487101998
EPOCH_GATE epoch=2 released=3150 finalized=0 t=1791487102001
EPOCH_GATE epoch=2 released=3162 finalized=0 t=1791487102006
EPOCH_GATE epoch=2 released=2670 finalized=0 t=1791487102011
EPOCH_GATE epoch=2 released=3037 finalized=0 t=1791487102015
EPOCH_COMMITTEE derived_by=1 members=6 accounts=11742 n=6 digest=95D409445152DD075E6A4799205DFA5689496EB8EE1A22AC2A200B9DBC2DCF27 shares=["65A90023:16.7%", "A353E45E:16.7%", "D315857C:16.7%", "911999B2:16.7%", "633D9D61:16.7%", "735FE217:16.7%"] t=1791487102042
EPOCH_COMMITTEE derived_by=1 members=6 accounts=11742 n=6 digest=95D409445152DD075E6A4799205DFA5689496EB8EE1A22AC2A200B9DBC2DCF27 shares=["65A90023:16.7%", "A353E45E:16.7%", "D315857C:16.7%", "911999B2:16.7%", "633D9D61:16.7%", "735FE217:16.7%"] t=1791487102044
EPOCH_LOCKS_CONTINUED epoch=1 instances=12 t=1791487102045
EPOCH_COMMITTEE derived_by=1 members=6 accounts=11742 n=6 digest=95D409445152DD075E6A4799205DFA5689496EB8EE1A22AC2A200B9DBC2DCF27 shares=["65A90023:16.7%", "A353E45E:16.7%", "D315857C:16.7%", "911999B2:16.7%", "633D9D61:16.7%", "735FE217:16.7%"] t=1791487102045
EPOCH_LOCKS_CONTINUED epoch=1 instances=12 t=1791487102047
EPOCH_LOCKS epoch=1 continued=12 kinds={"locks=1 kind=Some(Recovery) nc_here=false saved=false": 10, "locks=1 kind=Some(Recovery) nc_here=false saved=true": 1504, "locks=1 kind=Some(Recovery) nc_here=true saved=true": 131} t=1791487102047
EPOCH_OMITTED epoch=1 instances=376 retained=1645 t=1791487102047
EPOCH_CLOSED epoch=1 round=0 value=2E27D6F7EDB3BE1E8176B876F6AEF7788BABB4FCECD0A10CA0BD2D3824E14C39 state=C488B3A28730706D1C9EB93C889B873B2AC4AEF59D76357EF9E0B70F25C15DEA t=1791487102047
EPOCH_LOCKS epoch=1 continued=12 kinds={"locks=1 kind=Some(Recovery) nc_here=false saved=true": 1514, "locks=1 kind=Some(Recovery) nc_here=true saved=true": 131} t=1791487102049
EPOCH_OMITTED epoch=1 instances=376 retained=1645 t=1791487102049
EPOCH_CLOSED epoch=1 round=0 value=2E27D6F7EDB3BE1E8176B876F6AEF7788BABB4FCECD0A10CA0BD2D3824E14C39 state=C488B3A28730706D1C9EB93C889B873B2AC4AEF59D76357EF9E0B70F25C15DEA t=1791487102049
EPOCH_COMMITTEE derived_by=1 members=6 accounts=11742 n=6 digest=95D409445152DD075E6A4799205DFA5689496EB8EE1A22AC2A200B9DBC2DCF27 shares=["65A90023:16.7%", "A353E45E:16.7%", "D315857C:16.7%", "911999B2:16.7%", "633D9D61:16.7%", "735FE217:16.7%"] t=1791487102050
EPOCH_LOCKS epoch=1 continued=0 kinds={"locks=1 kind=Some(Recovery) nc_here=false saved=false": 1491, "locks=1 kind=Some(Recovery) nc_here=false saved=true": 23, "locks=1 kind=Some(Recovery) nc_here=true saved=true": 131} t=1791487102052
EPOCH_OMITTED epoch=1 instances=367 retained=1645 t=1791487102052
EPOCH_CLOSED epoch=1 round=0 value=2E27D6F7EDB3BE1E8176B876F6AEF7788BABB4FCECD0A10CA0BD2D3824E14C39 state=C488B3A28730706D1C9EB93C889B873B2AC4AEF59D76357EF9E0B70F25C15DEA t=1791487102052
EPOCH_LOCKS_CONTINUED epoch=1 instances=12 t=1791487102053
EPOCH_INSTALL epoch=1 finalized=14112 instances_confirmed=77 t=1791487102055
EPOCH_LOCKS epoch=1 continued=12 kinds={"locks=1 kind=Some(Recovery) nc_here=false saved=false": 10, "locks=1 kind=Some(Recovery) nc_here=false saved=true": 1504, "locks=1 kind=Some(Recovery) nc_here=true saved=true": 131} t=1791487102055
EPOCH_OMITTED epoch=1 instances=376 retained=1645 t=1791487102055
EPOCH_CLOSED epoch=1 round=0 value=2E27D6F7EDB3BE1E8176B876F6AEF7788BABB4FCECD0A10CA0BD2D3824E14C39 state=C488B3A28730706D1C9EB93C889B873B2AC4AEF59D76357EF9E0B70F25C15DEA t=1791487102055
EPOCH_LATE_NOTAR epoch=1 blocks=15551 notarized=13217 cast=17186 t=1791487102063
EPOCH_GATE epoch=2 released=3162 finalized=0 t=1791487102077
EPOCH_COMMITTEE derived_by=1 members=6 accounts=11742 n=6 digest=95D409445152DD075E6A4799205DFA5689496EB8EE1A22AC2A200B9DBC2DCF27 shares=["65A90023:16.7%", "A353E45E:16.7%", "D315857C:16.7%", "911999B2:16.7%", "633D9D61:16.7%", "735FE217:16.7%"] t=1791487102118
EPOCH_LOCKS epoch=1 continued=0 kinds={"locks=1 kind=Some(Recovery) nc_here=false saved=false": 1491, "locks=1 kind=Some(Recovery) nc_here=false saved=true": 23, "locks=1 kind=Some(Recovery) nc_here=true saved=true": 131} t=1791487102123
EPOCH_OMITTED epoch=1 instances=378 retained=1645 t=1791487102123
EPOCH_CLOSED epoch=1 round=0 value=2E27D6F7EDB3BE1E8176B876F6AEF7788BABB4FCECD0A10CA0BD2D3824E14C39 state=C488B3A28730706D1C9EB93C889B873B2AC4AEF59D76357EF9E0B70F25C15DEA t=1791487102123
EPOCH_INSTALLED epoch=1 finalized=14112 cemented=14112 queued=0 missing=0 t=1791487102147
EPOCH_RETAINED epoch=1 retained=1711 held=1701 missing=10 t=1791487102190
EPOCH_ENDED epoch=2 elections=5546 active=3945 t=1791487102209
EPOCH_ENDED epoch=2 elections=5558 active=4231 t=1791487102213
EPOCH_ENDED epoch=2 elections=5557 active=4228 t=1791487102213
EPOCH_ENDED epoch=2 elections=5539 active=4943 t=1791487102214
EPOCH_ENDED epoch=2 elections=5155 active=4197 t=1791487102226
EPOCH_INSTALLED epoch=1 finalized=14112 cemented=14112 queued=0 missing=0 t=1791487102244
EPOCH_INSTALLED epoch=1 finalized=14112 cemented=14112 queued=0 missing=0 t=1791487102245
EPOCH_RETAINED epoch=1 retained=1711 held=964 missing=747 t=1791487102248
EPOCH_RETAINED epoch=1 retained=1711 held=1711 missing=0 t=1791487102248
EPOCH_CARRIED epoch=2 instances=3122 split=35 t=1791487102275
EPOCH_ADVANCED epoch=3 elections=7957 active=6356 vote_records=442651 t=1791487102275
EPOCH_CARRIED epoch=2 instances=3115 split=35 t=1791487102295
EPOCH_ADVANCED epoch=3 elections=8644 active=8048 vote_records=439949 t=1791487102295
EPOCH_CARRIED epoch=2 instances=2731 split=35 t=1791487102299
EPOCH_ADVANCED epoch=3 elections=7175 active=6217 vote_records=439319 t=1791487102299
EPOCH_CARRIED epoch=2 instances=3134 split=35 t=1791487102301
EPOCH_ADVANCED epoch=3 elections=8682 active=7355 vote_records=442101 t=1791487102301
EPOCH_CARRIED epoch=2 instances=3134 split=34 t=1791487102309
EPOCH_ADVANCED epoch=3 elections=8691 active=7362 vote_records=442159 t=1791487102309
EPOCH_CLOSE_UNREADY epoch=2 short_of=reports usable=0 weight=0 required=5 held=0 theirs=[] t=1791487102390
EPOCH_CLOSE_UNREADY epoch=2 short_of=reports usable=0 weight=0 required=5 held=0 theirs=[] t=1791487102393
EPOCH_LOCKS_CONTINUED epoch=1 instances=24 t=1791487102397
2026-10-08T19:18:22.432796Z  INFO nanospam::app: Confirmed 41,811 blocks | 2,000 bps | 1,341 cps | avg conf time: 918 ms
EPOCH_EVIDENCE_RELEASED epoch=1 t=1791487102443
EPOCH_EVIDENCE_RELEASED epoch=1 t=1791487102457
EPOCH_EVIDENCE_RELEASED epoch=1 t=1791487102458
EPOCH_EVIDENCE_RELEASED epoch=1 t=1791487102460
EPOCH_CLOSE_UNREADY epoch=2 short_of=reports usable=0 weight=0 required=5 held=0 theirs=[] t=1791487102485
EPOCH_LOCKS_CONTINUED epoch=1 instances=24 t=1791487102488
EPOCH_CLOSE_UNREADY epoch=2 short_of=reports usable=0 weight=0 required=5 held=0 theirs=[] t=1791487102524
EPOCH_LOCKS_CONTINUED epoch=1 instances=24 t=1791487102527
EPOCH_INSTALLED epoch=1 finalized=14112 cemented=14112 queued=0 missing=0 t=1791487102529
EPOCH_RETAINED epoch=1 retained=1711 held=963 missing=748 t=1791487102530
EPOCH_CLOSE_UNREADY epoch=2 short_of=reports usable=0 weight=0 required=5 held=0 theirs=[] t=1791487102626
EPOCH_EVIDENCE_RELEASED epoch=1 t=1791487102649
EPOCH_INSTALLED epoch=1 finalized=14112 cemented=14112 queued=0 missing=0 t=1791487102672
EPOCH_RETAINED epoch=1 retained=1711 held=1701 missing=10 t=1791487102672
EPOCH_FOLLOW cemented=0 cementing=0 requested=10 pending=10 t=1791487102923
EPOCH_FOLLOW cemented=0 cementing=0 requested=10 pending=10 t=1791487103022
EPOCH_FOLLOW cemented=13 cementing=0 requested=734 pending=735 t=1791487103025
EPOCH_FOLLOW cemented=14 cementing=0 requested=733 pending=733 t=1791487103131
2026-10-08T19:18:23.434516Z  INFO nanospam::app: Confirmed 41,816 blocks | 2,000 bps | 4 cps | avg conf time: 1791 ms
EPOCH_CLOSE_UNREADY epoch=2 short_of=reports usable=0 weight=0 required=5 held=0 theirs=[] t=1791487103557
EPOCH_CLOSE_UNREADY epoch=2 short_of=reports usable=0 weight=0 required=5 held=0 theirs=[] t=1791487103583
EPOCH_CLOSE_UNREADY epoch=2 short_of=reports usable=0 weight=0 required=5 held=0 theirs=[] t=1791487103588
EPOCH_CLOSE_UNREADY epoch=2 short_of=reports usable=0 weight=0 required=5 held=0 theirs=[] t=1791487103645
EPOCH_CLOSE_UNREADY epoch=2 short_of=reports usable=0 weight=0 required=5 held=0 theirs=[] t=1791487103891
EPOCH_REPORT epoch=2 certified=43749 residual=2781 root=74FF6BD99B5EB539EB8C85D9C76E57142E3C72CCE79B9A7D344355F7601666D0 reports=1 t=1791487103923
EPOCH_FOLLOW cemented=10 cementing=0 requested=0 pending=0 t=1791487103964
EPOCH_FOLLOW cemented=256 cementing=0 requested=478 pending=479 t=1791487104065
EPOCH_FOLLOW cemented=10 cementing=0 requested=0 pending=0 t=1791487104077
EPOCH_REPORT epoch=2 certified=43969 residual=2078 root=5C2FA6B5BEE80F6F49E6E52858EEFB604267A1CEA925EE03DC855DAF0F21FEDF reports=1 t=1791487104126
EPOCH_REPORT epoch=2 certified=43969 residual=1702 root=5C2FA6B5BEE80F6F49E6E52858EEFB604267A1CEA925EE03DC855DAF0F21FEDF reports=1 t=1791487104132
EPOCH_REPORT epoch=2 certified=44007 residual=1793 root=4321E7F52569997FF74ADF878A917AD5BB4F6296543AA0CEC7971EBEB1A516C0 reports=1 t=1791487104160
EPOCH_FOLLOW cemented=255 cementing=0 requested=478 pending=478 t=1791487104175
EPOCH_RECONCILED epoch=2 reporter=D315857CE70C54DE713F6E82E5613BB3A1266C15E28AD2F4338C7BBEC456F532 complete=false entries=0 total=43969 symbols=0 dropped=false t=1791487104182
EPOCH_RECONCILED epoch=2 reporter=D315857CE70C54DE713F6E82E5613BB3A1266C15E28AD2F4338C7BBEC456F532 complete=true entries=2078 total=2078 symbols=0 dropped=false t=1791487104187
EPOCH_REPORT epoch=2 certified=43587 residual=1950 root=20470C6C3C57A87DE1840A9820937FEB623D156EAFF0814452FE9817CFBB0D50 reports=1 t=1791487104375
2026-10-08T19:18:24.436854Z  INFO nanospam::app: Confirmed 41,824 blocks | 2,000 bps | 7 cps | avg conf time: 2941 ms
EPOCH_RECONCILED epoch=2 reporter=911999B2AEFA7ACC66EBD802B3301FF6CE431405107749D940277955CB7FDD07 complete=false entries=1763 total=43749 symbols=2728 dropped=false t=1791487104603
EPOCH_RECONCILED epoch=2 reporter=911999B2AEFA7ACC66EBD802B3301FF6CE431405107749D940277955CB7FDD07 complete=false entries=1762 total=43749 symbols=2728 dropped=false t=1791487104616
EPOCH_CLOSE_UNREADY epoch=2 short_of=reports usable=1 weight=1 required=5 held=4 theirs=["65A90023:4321E7F5:3B214E27", "D315857C:5C2FA6B5:42828512", "633D9D61:5C2FA6B5:A0C36931", "A353E45E:20470C6C:9E303B96"] t=1791487104646
EPOCH_RECONCILED epoch=2 reporter=911999B2AEFA7ACC66EBD802B3301FF6CE431405107749D940277955CB7FDD07 complete=false entries=1733 total=43749 symbols=2728 dropped=false t=1791487104699
EPOCH_RECONCILED epoch=2 reporter=911999B2AEFA7ACC66EBD802B3301FF6CE431405107749D940277955CB7FDD07 complete=false entries=1780 total=43749 symbols=2728 dropped=false t=1791487104753
EPOCH_CLOSE_UNREADY epoch=2 short_of=reports usable=1 weight=1 required=5 held=4 theirs=["D315857C:5C2FA6B5:42828512", "633D9D61:5C2FA6B5:A0C36931", "911999B2:74FF6BD9:FFB0ECB6", "A353E45E:20470C6C:9E303B96"] t=1791487104776
EPOCH_RECONCILED epoch=2 reporter=D315857CE70C54DE713F6E82E5613BB3A1266C15E28AD2F4338C7BBEC456F532 complete=false entries=528 total=43969 symbols=819 dropped=false t=1791487104796
EPOCH_RECONCILED epoch=2 reporter=633D9D614858AB1710D5D8C3180E2A082DC97208BA8C26BA6C6D1A86C8E31CC0 complete=false entries=528 total=43969 symbols=819 dropped=false t=1791487104796
EPOCH_RECONCILED epoch=2 reporter=D315857CE70C54DE713F6E82E5613BB3A1266C15E28AD2F4338C7BBEC456F532 complete=false entries=510 total=43969 symbols=819 dropped=false t=1791487104800
EPOCH_RECONCILED epoch=2 reporter=633D9D614858AB1710D5D8C3180E2A082DC97208BA8C26BA6C6D1A86C8E31CC0 complete=false entries=510 total=43969 symbols=819 dropped=false t=1791487104800
2026-10-08T19:18:25.056434Z  INFO nanospam::app: Confirming 45000 blocks took 26.67s
2026-10-08T19:18:25.056495Z  INFO nanospam::app: Confirmation rate: 1687 cps
2026-10-08T19:18:25.056504Z  INFO nanospam::app: Average conf time: 825 ms
2026-10-08T19:18:25.056512Z  INFO nanospam::app: Non-fork confirmation rate: 1602 cps (42729 of 42729 non-fork blocks, 770 of 2271 forks)
2026-10-08T19:18:25.057229Z  INFO nanospam::app: RAI_BENCH_METRICS {"created":45000,"confirmed":43499,"duration_secs":26.668232417,"confirmation_unit":"primary publication or its confirmed fork alternative","alternative_confirmed":770,"confirmation_histogram_ms":{"37":2,"38":2,"39":1,"40":2,"41":2,"42":2,"43":2,"44":2,"45":2,"46":10,"47":8,"48":13,"49":16,"50":10,"51":8,"52":19,"53":17,"54":12,"55":18,"56":24,"57":30,"58":38,"59":44,"60":57,"61":61,"62":63,"63":62,"64":64,"65":79,"66":65,"67":69,"68":60,"69":80,"70":74,"71":76,"72":86,"73":111,"74":116,"75":128,"76":118,"77":117,"78":127,"79":132,"80":139,"81":146,"82":148,"83":141,"84":166,"85":161,"86":167,"87":168,"88":186,"89":183,"90":165,"91":184,"92":215,"93":232,"94":216,"95":206,"96":231,"97":235,"98":253,"99":240,"100":274,"101":294,"102":277,"103":273,"104":253,"105":301,"106":283,"107":326,"108":370,"109":329,"110":308,"111":337,"112":324,"113":315,"114":345,"115":331,"116":331,"117":343,"118":395,"119":387,"120":426,"121":411,"122":391,"123":372,"124":375,"125":370,"126":366,"127":357,"128":355,"129":336,"130":370,"131":322,"132":328,"133":282,"134":259,"135":229,"136":223,"137":271,"138":210,"139":185,"140":174,"141":168,"142":177,"143":170,"144":165,"145":133,"146":132,"147":113,"148":122,"149":111,"150":132,"151":114,"152":97,"153":104,"154":110,"155":109,"156":118,"157":78,"158":98,"159":62,"160":56,"161":59,"162":58,"163":48,"164":51,"165":43,"166":55,"167":55,"168":76,"169":61,"170":40,"171":33,"172":32,"173":32,"174":28,"175":30,"176":30,"177":35,"178":49,"179":26,"180":33,"181":33,"182":30,"183":30,"184":33,"185":29,"186":31,"187":21,"188":27,"189":31,"190":15,"191":31,"192":9,"193":16,"194":28,"195":24,"196":29,"197":18,"198":19,"199":25,"200":22,"201":20,"202":23,"203":6,"204":12,"205":17,"206":13,"207":16,"208":23,"209":23,"210":26,"211":26,"212":26,"213":28,"214":28,"215":28,"216":28,"217":25,"218":24,"219":24,"220":29,"221":40,"222":23,"223":28,"224":16,"225":24,"226":29,"227":26,"228":23,"229":21,"230":23,"231":22,"232":27,"233":17,"234":31,"235":29,"236":26,"237":25,"238":34,"239":26,"240":34,"241":29,"242":33,"243":29,"244":31,"245":31,"246":29,"247":21,"248":25,"249":26,"250":20,"251":23,"252":31,"253":41,"254":38,"255":22,"256":36,"257":31,"258":32,"259":20,"260":28,"261":27,"262":27,"263":28,"264":37,"265":43,"266":38,"267":32,"268":30,"269":31,"270":23,"271":22,"272":30,"273":27,"274":26,"275":39,"276":25,"277":18,"278":28,"279":54,"280":31,"281":48,"282":57,"283":84,"284":21,"285":30,"286":41,"287":51,"288":38,"289":33,"290":36,"291":24,"292":28,"293":34,"294":25,"295":25,"296":17,"297":17,"298":14,"299":21,"300":17,"301":20,"302":21,"303":18,"304":37,"305":51,"306":32,"307":22,"308":23,"309":18,"310":24,"311":22,"312":39,"313":45,"314":36,"315":30,"316":24,"317":23,"318":33,"319":25,"320":24,"321":19,"322":15,"323":19,"324":16,"325":20,"326":26,"327":26,"328":23,"329":21,"330":21,"331":35,"332":37,"333":35,"334":34,"335":29,"336":34,"337":17,"338":14,"339":17,"340":17,"341":30,"342":21,"343":24,"344":27,"345":20,"346":13,"347":14,"348":14,"349":13,"350":16,"351":13,"352":21,"353":9,"354":9,"355":16,"356":9,"357":10,"358":14,"359":19,"360":18,"361":9,"362":21,"363":8,"364":12,"365":8,"366":22,"367":17,"368":19,"369":21,"370":25,"371":11,"372":19,"373":32,"374":31,"375":35,"376":42,"377":37,"378":30,"379":14,"380":27,"381":23,"382":20,"383":14,"384":5,"385":12,"386":13,"387":6,"388":11,"389":8,"390":6,"391":14,"392":11,"393":9,"394":16,"395":21,"396":27,"397":17,"398":18,"399":13,"400":7,"401":8,"402":7,"403":7,"404":3,"405":6,"406":5,"407":8,"408":8,"409":3,"410":4,"411":8,"412":7,"413":15,"414":13,"415":20,"416":17,"417":34,"418":32,"419":16,"420":24,"421":4,"422":7,"423":5,"424":10,"425":8,"426":9,"427":4,"428":13,"429":10,"430":12,"431":3,"432":8,"433":33,"434":4,"435":12,"436":11,"437":10,"438":7,"439":4,"440":5,"441":1,"442":3,"443":4,"444":2,"445":3,"446":6,"447":14,"448":5,"449":4,"450":4,"451":5,"452":10,"453":9,"454":8,"455":5,"456":5,"457":6,"458":13,"459":11,"460":7,"461":6,"462":10,"463":13,"464":9,"465":10,"466":3,"467":3,"468":4,"469":8,"470":16,"471":17,"472":23,"473":19,"474":10,"475":10,"476":4,"477":5,"478":6,"479":11,"480":10,"481":7,"482":9,"483":7,"484":7,"485":4,"486":6,"487":5,"488":9,"489":8,"490":9,"491":10,"492":6,"493":7,"494":5,"495":7,"496":6,"497":6,"498":10,"499":8,"500":5,"501":5,"502":9,"503":10,"504":12,"505":12,"506":11,"507":11,"508":14,"509":15,"510":13,"511":12,"512":4,"513":5,"514":2,"515":6,"516":5,"517":8,"518":8,"519":4,"520":12,"521":11,"522":20,"523":10,"524":11,"525":7,"526":7,"527":3,"528":4,"529":2,"530":5,"531":10,"532":7,"533":6,"534":3,"535":7,"536":3,"537":7,"538":9,"539":13,"540":7,"541":5,"542":7,"543":7,"544":8,"545":13,"546":8,"547":10,"548":22,"549":10,"550":7,"551":6,"552":8,"553":12,"554":6,"555":11,"556":6,"557":7,"558":8,"559":9,"560":17,"561":20,"562":23,"563":13,"564":13,"565":16,"566":18,"567":15,"568":13,"569":14,"570":16,"571":12,"572":18,"573":18,"574":21,"575":17,"576":10,"577":17,"578":14,"579":16,"580":15,"581":19,"582":19,"583":14,"584":15,"585":19,"586":20,"587":29,"588":22,"589":24,"590":26,"591":16,"592":13,"593":28,"594":11,"595":16,"596":22,"597":23,"598":21,"599":15,"600":17,"601":13,"602":16,"603":12,"604":10,"605":9,"606":14,"607":11,"608":10,"609":22,"610":16,"611":18,"612":17,"613":13,"614":12,"615":10,"616":16,"617":11,"618":10,"619":8,"620":10,"621":12,"622":10,"623":8,"624":6,"625":11,"626":7,"627":14,"628":15,"629":16,"630":10,"631":8,"632":12,"633":11,"634":8,"635":8,"636":6,"637":11,"638":15,"639":9,"640":13,"641":17,"642":14,"643":18,"644":11,"645":8,"646":19,"647":10,"648":8,"649":21,"650":34,"651":34,"652":37,"653":37,"654":41,"655":30,"656":23,"657":31,"658":20,"659":19,"660":16,"661":15,"662":9,"663":23,"664":9,"665":13,"666":29,"667":23,"668":17,"669":19,"670":14,"671":15,"672":17,"673":11,"674":16,"675":20,"676":20,"677":19,"678":26,"679":15,"680":5,"681":30,"682":26,"683":17,"684":12,"685":20,"686":19,"687":20,"688":23,"689":20,"690":11,"691":18,"692":23,"693":37,"694":47,"695":45,"696":34,"697":14,"698":17,"699":29,"700":16,"701":9,"702":19,"703":15,"704":13,"705":24,"706":33,"707":29,"708":39,"709":43,"710":22,"711":20,"712":22,"713":22,"714":25,"715":30,"716":24,"717":28,"718":46,"719":39,"720":63,"721":35,"722":49,"723":22,"724":25,"725":24,"726":16,"727":20,"728":23,"729":25,"730":23,"731":22,"732":38,"733":24,"734":25,"735":16,"736":30,"737":20,"738":27,"739":21,"740":28,"741":31,"742":19,"743":18,"744":21,"745":27,"746":31,"747":26,"748":17,"749":21,"750":16,"751":16,"752":21,"753":20,"754":11,"755":22,"756":17,"757":17,"758":17,"759":21,"760":20,"761":21,"762":26,"763":24,"764":13,"765":20,"766":27,"767":14,"768":21,"769":20,"770":22,"771":23,"772":10,"773":17,"774":18,"775":16,"776":17,"777":10,"778":16,"779":13,"780":16,"781":13,"782":13,"783":21,"784":9,"785":11,"786":13,"787":10,"788":10,"789":19,"790":24,"791":27,"792":21,"793":18,"794":27,"795":19,"796":15,"797":10,"798":17,"799":19,"800":9,"801":7,"802":12,"803":7,"804":9,"805":14,"806":6,"807":18,"808":16,"809":13,"810":19,"811":18,"812":18,"813":16,"814":20,"815":25,"816":27,"817":29,"818":28,"819":20,"820":12,"821":21,"822":15,"823":27,"824":25,"825":11,"826":17,"827":12,"828":11,"829":20,"830":17,"831":19,"832":11,"833":23,"834":14,"835":15,"836":19,"837":13,"838":10,"839":19,"840":14,"841":16,"842":20,"843":16,"844":18,"845":26,"846":29,"847":21,"848":25,"849":13,"850":18,"851":20,"852":19,"853":10,"854":21,"855":19,"856":11,"857":9,"858":7,"859":23,"860":25,"861":19,"862":7,"863":10,"864":19,"865":17,"866":12,"867":14,"868":18,"869":8,"870":10,"871":10,"872":14,"873":18,"874":11,"875":12,"876":12,"877":15,"878":15,"879":21,"880":17,"881":16,"882":15,"883":17,"884":18,"885":23,"886":28,"887":21,"888":13,"889":15,"890":21,"891":15,"892":11,"893":17,"894":19,"895":12,"896":11,"897":12,"898":18,"899":9,"900":7,"901":17,"902":14,"903":34,"904":18,"905":17,"906":17,"907":9,"908":11,"909":22,"910":19,"911":19,"912":23,"913":17,"914":36,"915":25,"916":24,"917":22,"918":29,"919":19,"920":22,"921":14,"922":24,"923":29,"924":21,"925":15,"926":5,"927":15,"928":13,"929":9,"930":4,"931":13,"932":10,"933":7,"934":13,"935":24,"936":19,"937":3,"938":5,"939":9,"940":7,"941":10,"942":12,"943":11,"944":7,"945":11,"946":18,"947":16,"948":19,"949":20,"950":29,"951":23,"952":17,"953":30,"954":21,"955":23,"956":20,"957":22,"958":25,"959":14,"960":12,"961":6,"962":10,"963":17,"964":16,"965":16,"966":23,"967":20,"968":19,"969":23,"970":19,"971":8,"972":14,"973":6,"974":9,"975":17,"976":16,"977":10,"978":11,"979":6,"980":7,"981":13,"982":10,"983":7,"984":19,"985":20,"986":16,"987":12,"988":24,"989":17,"990":15,"991":9,"992":18,"993":16,"994":12,"995":15,"996":17,"997":18,"998":14,"999":15,"1000":5,"1001":15,"1002":10,"1003":10,"1004":12,"1005":10,"1006":9,"1007":9,"1008":18,"1009":19,"1010":17,"1011":12,"1012":15,"1013":11,"1014":15,"1015":16,"1016":21,"1017":17,"1018":15,"1019":15,"1020":19,"1021":18,"1022":20,"1023":14,"1024":27,"1025":10,"1026":13,"1027":14,"1028":8,"1029":9,"1030":13,"1031":25,"1032":16,"1033":11,"1034":16,"1035":14,"1036":16,"1037":9,"1038":12,"1039":12,"1040":3,"1041":6,"1042":11,"1043":21,"1044":9,"1045":12,"1046":24,"1047":15,"1048":16,"1049":6,"1050":11,"1051":11,"1052":24,"1053":14,"1054":26,"1055":20,"1056":14,"1057":20,"1058":24,"1059":21,"1060":8,"1061":6,"1062":7,"1063":8,"1064":24,"1065":30,"1066":21,"1067":15,"1068":21,"1069":17,"1070":25,"1071":15,"1072":14,"1073":13,"1074":25,"1075":8,"1076":12,"1077":8,"1078":17,"1079":12,"1080":10,"1081":15,"1082":10,"1083":5,"1084":13,"1085":21,"1086":7,"1087":11,"1088":14,"1089":9,"1090":11,"1091":6,"1092":8,"1093":7,"1094":3,"1095":6,"1096":9,"1097":12,"1098":11,"1099":9,"1100":15,"1101":18,"1102":8,"1103":6,"1104":6,"1105":7,"1106":7,"1107":14,"1108":14,"1109":19,"1110":18,"1111":23,"1112":10,"1113":8,"1114":14,"1115":12,"1116":6,"1117":5,"1118":15,"1119":14,"1120":10,"1121":11,"1122":6,"1123":11,"1124":8,"1125":5,"1126":5,"1127":14,"1128":15,"1129":19,"1130":13,"1131":22,"1132":26,"1133":16,"1134":21,"1135":14,"1136":8,"1137":14,"1138":13,"1139":7,"1140":7,"1141":8,"1142":4,"1143":12,"1144":4,"1145":6,"1146":7,"1147":5,"1148":16,"1149":11,"1150":15,"1151":8,"1152":15,"1153":20,"1154":27,"1155":27,"1156":14,"1157":9,"1158":7,"1159":16,"1160":16,"1161":22,"1162":31,"1163":17,"1164":16,"1165":19,"1166":19,"1167":16,"1168":11,"1169":8,"1170":25,"1171":24,"1172":22,"1173":18,"1174":18,"1175":13,"1176":26,"1177":19,"1178":21,"1179":13,"1180":7,"1181":5,"1182":9,"1183":6,"1184":11,"1185":8,"1186":11,"1187":10,"1188":5,"1189":11,"1190":8,"1191":7,"1192":12,"1193":14,"1194":13,"1195":7,"1196":7,"1197":9,"1198":11,"1199":12,"1200":7,"1201":5,"1202":4,"1203":9,"1204":6,"1205":8,"1206":10,"1207":9,"1208":19,"1209":15,"1210":18,"1211":9,"1212":13,"1213":18,"1214":24,"1215":8,"1216":1,"1217":3,"1218":15,"1219":10,"1220":14,"1221":11,"1222":15,"1223":14,"1224":9,"1225":20,"1226":19,"1227":5,"1228":34,"1229":23,"1230":19,"1231":16,"1232":5,"1233":10,"1234":12,"1235":23,"1236":32,"1237":21,"1238":18,"1239":17,"1240":19,"1241":26,"1242":26,"1243":16,"1244":15,"1245":7,"1246":6,"1247":5,"1248":9,"1249":5,"1250":9,"1251":10,"1252":10,"1253":8,"1254":11,"1255":10,"1256":9,"1257":3,"1258":1,"1260":3,"1261":1,"1262":3,"1263":2,"1264":3,"1265":5,"1266":3,"1267":2,"1268":1,"1269":2,"1270":2,"1271":2,"1272":1,"1273":3,"1274":1,"1275":1,"1276":2,"1277":4,"1278":1,"1279":1,"1281":2,"1282":2,"1283":4,"1284":2,"1287":1,"1289":1,"1292":1,"1294":1,"1296":1,"1297":1,"1298":2,"1299":1,"1301":3,"1304":2,"1306":1,"1307":1,"1310":1,"1314":1,"1315":1,"1317":4,"1318":9,"1319":11,"1320":10,"1321":15,"1322":10,"1323":9,"1324":10,"1325":18,"1326":11,"1327":9,"1328":11,"1329":12,"1330":12,"1331":18,"1332":16,"1333":20,"1334":12,"1335":18,"1336":12,"1337":6,"1338":9,"1339":6,"1340":11,"1341":7,"1342":12,"1343":8,"1344":7,"1345":10,"1346":8,"1347":10,"1348":7,"1349":9,"1350":17,"1351":6,"1352":16,"1353":4,"1354":6,"1355":5,"1356":4,"1357":3,"1358":6,"1359":4,"1360":3,"1361":3,"1362":1,"1363":5,"1366":1,"1367":3,"1371":2,"1373":1,"1374":2,"1375":4,"1376":4,"1377":13,"1378":10,"1379":5,"1380":1,"1381":1,"1382":3,"1383":3,"1384":3,"1385":1,"1387":2,"1388":5,"1389":4,"1390":2,"1391":3,"1393":1,"1394":1,"1395":2,"1396":3,"1397":4,"1398":7,"1399":3,"1400":4,"1401":4,"1402":3,"1403":3,"1404":1,"1405":3,"1406":2,"1407":4,"1408":1,"1409":3,"1410":2,"1411":6,"1412":3,"1413":1,"1414":2,"1415":2,"1416":2,"1417":3,"1418":2,"1419":3,"1420":1,"1421":2,"1423":1,"1425":1,"1426":1,"1427":1,"1428":1,"1430":1,"1431":1,"1440":1,"1459":1,"1461":1,"1473":1,"1475":2,"1476":1,"1492":1,"1498":3,"1501":2,"1502":1,"1503":1,"1504":3,"1507":2,"1511":1,"1512":2,"1513":1,"1517":2,"1518":1,"1520":1,"1521":2,"1522":1,"1523":2,"1524":1,"1525":1,"1526":2,"1527":2,"1528":4,"1529":6,"1530":9,"1531":8,"1532":4,"1533":2,"1534":4,"1535":8,"1536":5,"1537":4,"1538":2,"1540":3,"1542":2,"1544":1,"1545":1,"1546":1,"1548":1,"1549":1,"1552":2,"1553":1,"1554":1,"1556":2,"1557":1,"1558":1,"1559":4,"1560":1,"1561":1,"1562":1,"1564":5,"1565":3,"1567":3,"1569":2,"1570":4,"1571":2,"1572":5,"1573":1,"1574":2,"1575":2,"1577":3,"1578":2,"1579":2,"1580":2,"1581":1,"1583":2,"1584":2,"1585":2,"1586":5,"1587":5,"1588":4,"1589":2,"1591":1,"1593":2,"1594":1,"1595":1,"1597":7,"1598":22,"1599":6,"1601":3,"1602":1,"1604":1,"1605":1,"1606":1,"1607":2,"1608":1,"1609":1,"1611":2,"1612":2,"1613":1,"1614":2,"1615":1,"1616":1,"1617":1,"1618":1,"1619":2,"1620":1,"1621":1,"1622":3,"1624":3,"1625":3,"1628":2,"1629":1,"1630":2,"1631":2,"1632":1,"1633":3,"1635":2,"1637":1,"1638":1,"1639":4,"1640":2,"1641":7,"1642":1,"1643":1,"1644":1,"1645":1,"1646":4,"1647":2,"1648":2,"1650":1,"1652":3,"1653":3,"1654":1,"1655":2,"1656":7,"1657":1,"1658":1,"1659":1,"1660":5,"1662":1,"1664":2,"1665":1,"1666":3,"1667":1,"1668":5,"1669":1,"1670":3,"1671":4,"1672":5,"1673":1,"1674":1,"1675":1,"1676":2,"1678":1,"1679":4,"1680":4,"1681":1,"1682":6,"1683":2,"1684":4,"1685":4,"1686":2,"1687":3,"1688":4,"1689":1,"1690":5,"1691":4,"1692":3,"1693":5,"1694":3,"1695":5,"1696":2,"1697":4,"1698":1,"1699":4,"1700":2,"1701":5,"1702":1,"1703":5,"1704":5,"1705":2,"1706":3,"1707":1,"1708":3,"1709":5,"1710":2,"1711":5,"1712":6,"1713":1,"1714":5,"1715":5,"1716":4,"1717":5,"1718":4,"1719":1,"1720":3,"1721":3,"1722":4,"1723":3,"1724":6,"1725":4,"1726":2,"1727":4,"1728":3,"1729":2,"1730":3,"1731":2,"1732":2,"1733":2,"1734":6,"1735":4,"1736":5,"1737":8,"1738":4,"1739":3,"1740":5,"1741":5,"1742":2,"1743":1,"1744":2,"1745":2,"1747":1,"1748":2,"1750":6,"1751":1,"1752":1,"1753":3,"1754":3,"1755":3,"1758":1,"1760":2,"1761":4,"1762":2,"1763":2,"1764":1,"1765":4,"1766":1,"1767":1,"1768":1,"1769":2,"1770":1,"1771":2,"1772":2,"1773":2,"1774":1,"1776":3,"1777":2,"1778":2,"1779":2,"1780":2,"1782":1,"1783":10,"1784":22,"1785":14,"1786":3,"1788":1,"1789":12,"1790":6,"1791":13,"1792":4,"1793":8,"1794":7,"1796":1,"1797":2,"1798":1,"1805":2,"1812":1,"1815":1,"1823":1,"1824":3,"1826":2,"1828":1,"1829":1,"1831":2,"1833":1,"1835":1,"1840":2,"1841":1,"1843":2,"1844":2,"1845":1,"1846":4,"1847":1,"1848":2,"1849":2,"1850":2,"1851":1,"1852":3,"1853":2,"1854":1,"1855":2,"1856":2,"1857":2,"1858":2,"1859":3,"1860":1,"1861":3,"1863":1,"1864":2,"1865":2,"1866":1,"1867":1,"1868":7,"1871":1,"1872":3,"1874":2,"1875":5,"1876":5,"1882":2,"1883":1,"1884":2,"1885":2,"1886":1,"1887":2,"1888":2,"1889":2,"1891":3,"1892":1,"1893":3,"1894":2,"1895":2,"1897":3,"1898":2,"1899":3,"1900":1,"1901":1,"1902":1,"1903":1,"1904":3,"1905":3,"1906":1,"1907":1,"1909":2,"1910":4,"1911":3,"1914":1,"1915":4,"1916":2,"1917":2,"1918":2,"1919":2,"1920":2,"1921":2,"1922":4,"1923":1,"1924":1,"1925":7,"1926":3,"1927":1,"1932":5,"1933":2,"1936":2,"1937":1,"1939":3,"1940":2,"1941":5,"1942":2,"1943":5,"1944":10,"1945":5,"1946":1,"1947":1,"1953":5,"1954":4,"1955":3,"1956":3,"1957":4,"1964":1,"1965":5,"1966":5,"2072":1,"2076":1,"2626":1,"2778":1,"2782":1,"2787":2,"2789":1,"2794":1,"2811":2,"2812":1,"2819":2,"2820":1,"2821":1,"2822":1,"2823":1,"2824":2,"2826":1,"2828":4,"2829":1,"2832":1,"2833":2,"2834":5,"2835":2,"2836":1,"2837":2,"2838":5,"2839":2,"2840":2,"2841":1,"2842":2,"2843":1,"2850":2,"2851":1,"2854":1,"2858":2,"2864":2,"2867":1,"2868":1,"2874":1,"2875":1,"2881":1,"2885":1,"2886":2,"2891":1,"2892":1,"2895":2,"2896":1,"2898":2,"2899":1,"2900":1,"2902":1,"2903":1,"2904":3,"2905":1,"2906":2,"2911":2,"2913":1,"2915":1,"2917":2,"2919":1,"2921":2,"2922":1,"2926":1,"2929":3,"2934":1,"2936":1,"2939":1,"2940":1,"2941":1,"2942":2,"2945":2,"2947":1,"2949":1,"2950":1,"2952":2,"2955":1,"2956":2,"2957":3,"2958":1,"2959":3,"2960":4,"2961":2,"2963":2,"2964":1,"2965":4,"2966":3,"2968":1,"2969":1,"2970":3,"2971":2,"2972":1,"2973":5,"2975":6,"2976":1,"2977":2,"2978":2,"2979":5,"2980":5,"2981":6,"2982":7,"2983":4,"2984":2,"2985":7,"2986":7,"2987":7,"2988":6,"2989":10,"2990":7,"2991":3,"2992":2,"2993":4,"2994":5,"2995":4,"2996":6,"2997":7,"2998":7,"2999":3,"3000":4,"3001":5,"3002":6,"3003":6,"3004":13,"3005":1,"3006":5,"3007":3,"3008":5,"3009":6,"3010":2,"3011":2,"3012":6,"3013":6,"3014":4,"3015":7,"3016":3,"3017":2,"3018":2,"3019":4,"3020":3,"3021":2,"3022":1,"3023":5,"3024":2,"3025":1,"3026":1,"3027":3,"3028":2,"3030":2,"3031":3,"3032":4,"3034":6,"3035":2,"3036":3,"3037":3,"3038":2,"3039":2,"3040":2,"3042":1,"3043":1,"3045":1,"3046":1,"3047":1,"3049":1,"3050":1,"3052":1,"3055":2,"3056":1,"3057":2,"3062":1,"3063":2,"3064":1,"3065":2,"3066":1,"3068":1,"3070":1,"3072":1,"3073":2,"3077":3,"3080":2,"3081":2,"3082":1,"3083":3,"3085":2,"3086":2,"3087":1,"3088":2,"3089":2,"3090":5,"3091":3,"3092":2,"3093":1,"3095":4,"3096":2,"3098":2,"3099":4,"3100":3,"3101":1,"3102":2,"3103":1,"3104":2,"3105":2,"3106":1,"3107":1,"3108":4,"3109":2,"3110":3,"3112":1,"3113":1,"3114":1,"3115":2,"3116":2,"3117":2,"3118":2,"3119":6,"3120":6,"3121":1,"3122":2,"3123":3,"3124":2,"3125":2,"3126":1,"3127":6,"3128":5,"3129":6,"3130":1,"3131":3,"3132":4,"3133":2,"3135":4,"3137":1,"3139":1,"3140":3,"3141":2,"3142":1,"3143":5,"3144":1,"3145":1,"3146":3,"3147":3,"3148":5,"3149":3,"3150":4,"3151":2,"3152":3,"3153":2,"3154":5,"3155":1,"3157":4,"3159":5,"3160":2,"3161":1,"3162":1,"3163":1,"3164":1,"3165":4,"3166":3,"3167":2,"3168":3,"3169":3,"3170":2,"3171":2,"3172":3,"3174":1,"3175":4,"3176":1,"3177":1,"3178":1,"3179":2,"3180":3,"3182":1,"3184":1,"3185":1,"3186":1,"3187":1,"3188":3,"3189":3,"3190":3,"3191":2,"3193":2,"3194":2,"3195":1,"3198":2,"3199":1,"3200":3,"3201":5,"3202":3,"3203":1,"3205":1,"3206":1,"3208":1,"3209":2,"3213":1,"3214":2,"3215":2,"3216":1,"3217":1,"3219":1,"3222":3,"3223":1,"3225":4,"3226":1,"3228":1,"3229":1,"3230":1,"3231":3,"3232":2,"3233":1,"3234":1,"3235":2,"3236":2,"3238":2,"3240":1,"3241":1,"3242":1,"3243":1,"3245":3,"3246":1,"3247":2,"3249":1,"3250":1,"3253":2,"3254":3,"3255":2,"3256":1,"3257":1,"3258":1,"3261":2,"3262":1,"3265":1,"3266":6,"3267":3,"3268":4,"3269":1,"3270":2,"3271":4,"3275":1,"3277":2,"3278":3,"3281":1,"3282":3,"3284":1,"3287":1,"3288":4,"3289":2,"3290":1,"3291":1,"3298":1,"3300":1,"3302":2,"3307":3,"3308":2,"3310":2,"3311":1,"3314":1,"3315":2,"3321":2,"3322":1,"3324":1,"3326":2,"3329":1,"3330":1,"3333":2,"3334":1,"3335":1,"3337":1,"3338":1,"3339":3,"3340":1,"3345":1,"3347":1,"3348":1,"3349":1,"3350":3,"3354":1,"3355":2,"3357":2,"3358":2,"3359":5,"3360":3,"3362":1,"3363":2,"3364":2,"3365":1,"3367":1,"3368":1,"3369":2,"3379":1,"3380":2,"3389":1,"3390":3,"3391":2,"3393":1,"3396":1,"3397":1,"3399":1,"3403":1,"3404":1,"3408":1,"3412":1,"3416":1,"3418":1,"3423":1,"3424":1,"3426":1,"3428":1,"3434":1,"3435":1,"3437":1,"3449":1,"3453":1,"3460":2,"3469":1,"3470":1,"3471":1,"3482":1,"3491":1,"3516":1,"3528":1,"3546":1,"3555":1,"3561":1,"3565":1,"3573":1,"3578":1,"3584":1,"3899":1,"3949":1,"4093":1,"4140":1,"4374":1,"4393":1,"4756":1,"4967":1,"5032":1,"5235":1,"5336":1,"6481":1,"6519":1,"6729":1,"6766":1,"6767":1,"6949":1,"7027":1,"7031":1,"7080":1,"7223":1,"7420":1,"8443":1,"8503":1,"8504":1,"9046":1,"9327":1,"10926":1,"11823":1,"12974":1,"13264":1,"13635":1,"14074":1,"14921":1,"15762":1,"17393":1,"17960":1,"18067":1,"18260":1,"18297":1,"18383":1,"18410":1,"18420":1,"18423":1,"18446":2,"18465":2,"18484":1,"18507":1,"18516":1,"18524":1,"18534":1,"18549":1,"18569":1,"18591":1,"18614":1,"18619":1,"18626":1,"18630":1,"18639":1,"18668":1,"18669":1,"18671":1,"18681":1,"18690":1,"18692":1,"18705":1,"18709":1,"18719":1,"18726":1,"18730":1,"18732":1,"18736":1,"18755":1,"18761":1,"18772":1,"18784":1,"18803":1,"18821":1,"18824":1,"18825":1,"18839":1,"18880":1,"18881":1,"18888":1,"18904":1,"18911":1,"18912":1,"18915":1,"18925":1,"18926":1,"18932":2,"18934":1,"18937":1,"18968":1,"18969":1,"18990":1,"18994":2,"19002":1,"19029":1,"19039":1,"19070":1,"19078":1,"19102":1,"19178":1,"19183":1,"19187":1,"19188":1,"19200":1,"19206":1,"19217":1,"19221":1,"19236":1,"19241":2,"19245":1,"19252":1,"19269":2,"19289":1,"19312":1,"19314":1,"19348":1,"19352":1,"19355":2,"19365":1,"19371":1,"19387":1,"19391":1,"19410":1,"19424":1,"19433":1,"19442":1,"19448":1,"19451":1,"19456":1,"19457":1,"19461":1,"19463":1,"19465":1,"19467":1,"19506":1,"19523":1,"19525":1,"19534":1,"19586":1,"19595":1,"19641":1,"19656":1,"19658":1,"19664":1,"19708":1,"19717":1,"19740":1,"19757":1,"19772":1,"19776":1,"19800":1,"19820":1,"19831":1,"19834":1,"19840":1,"19842":1,"19843":1,"19863":1,"19866":1,"19885":1,"19887":1,"19904":1,"19912":1,"19939":1,"19946":1,"19961":1,"19970":1,"19979":1,"19981":1,"19992":1,"19998":1,"20000":1,"20001":1,"20017":1,"20033":1,"20040":1,"20055":1,"20059":1,"20074":1,"20086":1,"20116":1,"20129":1,"20137":1,"20149":1,"20191":1,"20192":1,"20200":1,"20204":1,"20241":1,"20249":1,"20259":1,"20265":2,"20266":1,"20281":1,"20291":1,"20302":1,"20310":1,"20311":1,"20318":1,"20327":1,"20335":1,"20337":1,"20340":1,"20354":1,"20355":1,"20390":1,"20393":2,"20398":1,"20400":1,"20402":1,"20421":1,"20461":1,"20467":1,"20480":1,"20486":1,"20489":1,"20495":1,"20497":1,"20501":1,"20507":1,"20514":1,"20516":1,"20517":1,"20525":1,"20563":2,"20568":1,"20573":1,"20582":1,"20589":1,"20603":1,"20609":1,"20613":1,"20622":1,"20646":2,"20652":1,"20653":1,"20658":1,"20667":1,"20673":1,"20682":1,"20692":1,"20724":1,"20756":1,"20762":1,"20764":1,"20782":2,"20797":1,"20805":1,"20815":2,"20841":1,"20854":1,"20872":1,"20921":1,"20937":1,"20947":1,"20952":1,"21004":1,"21010":1,"21015":1,"21045":1,"21049":1,"21051":1,"21063":1,"21090":1,"21092":1,"21104":1,"21105":1,"21120":1,"21121":1,"21139":1,"21145":1,"21153":1,"21168":1,"21184":1,"21185":1,"21230":1,"21294":1,"21302":1,"21330":1,"21343":1,"21351":1,"21354":1,"21364":1,"21393":1,"21396":1,"21404":1,"21405":1,"21408":1,"21414":1,"21418":1,"21429":1,"21437":1,"21455":1,"21457":1,"21460":1,"21468":1,"21483":1,"21494":1,"21495":1,"21520":1,"21527":1,"21532":1,"21550":1,"21556":1,"21596":1,"21624":1,"21625":1,"21647":1,"21663":1,"21667":1,"21683":1,"21686":1,"21704":1,"21710":1,"21718":1,"21721":1,"21734":1,"21753":1,"21758":1,"21783":1,"21804":1,"21821":1,"21889":1,"21891":1,"21918":1,"21923":2,"21936":1,"21963":1,"21974":1,"21999":1,"22001":1,"22002":1,"22008":1,"22017":1,"22033":1,"22034":1,"22039":1,"22049":1,"22065":1,"22071":1,"22074":1,"22112":1,"22144":2,"22160":2,"22168":1,"22202":1,"22213":1,"22222":1,"22225":1,"22226":1,"22274":1,"22282":1,"22288":1,"22294":1,"22323":1,"22344":1,"22349":1,"22350":1,"22354":1,"22355":1,"22361":1,"22366":1,"22372":1,"22382":1,"22398":1,"22409":1,"22411":1,"22415":1,"22419":1,"22436":1,"22441":1,"22443":1,"22449":1,"22450":1,"22455":1,"22462":1,"22484":1,"22494":1,"22516":1,"22549":1,"22555":1,"22571":1,"22577":1,"22590":1,"22593":1,"22605":1,"22616":1,"22622":1,"22625":1,"22627":1,"22637":1,"22638":1,"22651":1,"22672":1,"22688":1,"22690":1,"22696":1,"22704":1,"22710":1,"22723":1,"22725":1,"22730":1,"22738":1,"22739":1,"22747":1,"22760":1,"22762":1,"22764":1,"22769":1,"22786":1,"22812":1,"22834":1,"22842":1,"22846":1,"22848":1,"22875":1,"22896":1,"22924":1,"22928":1,"22934":1,"22941":1,"22946":2,"22949":1,"22950":1,"22989":1,"23001":1,"23007":1,"23014":1,"23017":1,"23023":1,"23029":1,"23040":1,"23058":1,"23096":1,"23101":1,"23105":1,"23109":1,"23119":1,"23126":1,"23132":1,"23151":1,"23154":1,"23185":1,"23208":1,"23218":1,"23232":1,"23242":1,"23253":1,"23266":1,"23279":1,"23306":1,"23308":1,"23316":1,"23318":1,"23329":1,"23344":1,"23358":1,"23371":1,"23376":1,"23377":1,"23412":1,"23436":1,"23441":1,"23445":1,"23447":1,"23448":1,"23466":1,"23471":1,"23479":2,"23483":1,"23494":1,"23498":1,"23508":1,"23538":1,"23542":1,"23552":1,"23560":1,"23569":1,"23574":1,"23586":1,"23589":1,"23600":1,"23602":1,"23650":1,"23659":1,"23665":1,"23675":1,"23709":1,"23717":1,"23724":1,"23730":1,"23741":1,"23743":1,"23747":1,"23748":1,"23761":1,"23777":1,"23796":1,"23810":1,"23820":1,"23822":1,"23824":1,"23827":1,"23847":1,"23849":1,"23864":2,"23879":1,"23881":1,"23889":1,"23894":2,"23898":1,"23904":1,"23912":1,"23913":2,"23920":1,"23941":1,"23963":1,"23973":1,"23978":1,"23979":1,"23995":1,"24039":1,"24041":1,"24056":1,"24059":1,"24077":1,"24084":1,"24090":1,"24108":1,"24122":1,"24154":1,"24156":1,"24160":1,"24163":1,"24173":1,"24175":1,"24191":1,"24207":2,"24209":1,"24220":1,"24227":1,"24281":1,"24284":1,"24286":1,"24300":1,"24309":1,"24330":1,"24356":1,"24367":1,"24386":1,"24419":1,"24421":1,"24428":1,"24431":1,"24433":1,"24434":1,"24455":1,"24458":1,"24459":1,"24465":1,"24472":1,"24474":1,"24475":1,"24482":1,"24486":1,"24488":1,"24489":1,"24491":1,"24493":2,"24496":2,"24501":2,"24507":1,"24513":1,"24517":2,"24528":1,"24530":2,"24534":1,"24536":1,"24541":1,"24542":1,"24551":1,"24559":1,"24562":1,"24564":1,"24570":1,"24581":1,"24590":1,"24595":1,"24602":2,"24604":1,"24615":2,"24621":1,"24633":1,"24648":1,"24649":1,"24651":2,"24653":1,"24658":1,"24674":1,"24688":1,"24695":1,"24696":1,"24700":1,"24713":1,"24714":1,"24719":1,"24725":2,"24733":1,"24743":1,"24748":1,"24751":1,"24752":1,"24753":1,"24763":1,"24767":1,"24774":2,"24776":1,"24783":1,"24793":1,"24795":1,"24810":1,"24817":1,"24822":1,"24825":1,"24830":1,"24831":1,"24838":1,"24850":2,"24866":2,"24868":1,"24870":1,"24872":1,"24878":1,"24891":1,"24896":1,"24900":1,"24905":1,"24908":1,"24910":1,"24925":1,"24941":1,"24958":1,"24961":1,"24974":1,"24975":1,"24977":1,"24982":1,"24984":1,"24988":2,"24994":1,"25010":1,"25014":1,"25015":2,"25017":1,"25029":1,"25041":1,"25045":1,"25046":1,"25052":1,"25053":1,"25059":1,"25060":1,"25061":1,"25067":1,"25068":1,"25074":1,"25077":1,"25078":1,"25086":1,"25111":1,"25112":2,"25115":1,"25116":1,"25119":1,"25120":1,"25121":1,"25124":1,"25130":1,"25131":1,"25134":1,"25137":1,"25148":1,"25150":1,"25151":2,"25163":1,"25165":2,"25175":1,"25176":1,"25180":1,"25186":1,"25187":1,"25192":1,"25196":1,"25202":1,"25207":1,"25214":1,"25229":1,"25246":1,"25253":1,"25258":1,"25263":1,"25267":1,"25275":1,"25276":1,"25285":1,"25296":2,"25297":1,"25299":1,"25330":1,"25339":1,"25364":1,"25365":1,"25374":1,"25375":1,"25379":1,"25380":1,"25386":1,"25387":1,"25399":1,"25413":1,"25457":1,"25463":1,"25464":1,"25472":1,"25474":1,"25479":1,"25480":1,"25510":1,"25587":1,"25594":1,"25634":1,"25702":1,"25762":2,"25851":1,"25855":1,"25856":1,"26181":1},"nonfork_created":42729,"nonfork_confirmed":42729,"nonfork_histogram_ms":{"37":2,"38":2,"39":1,"40":2,"41":2,"42":2,"43":2,"44":2,"45":2,"46":10,"47":8,"48":13,"49":16,"50":10,"51":8,"52":19,"53":17,"54":12,"55":18,"56":24,"57":30,"58":38,"59":44,"60":57,"61":61,"62":63,"63":62,"64":64,"65":79,"66":65,"67":69,"68":60,"69":80,"70":74,"71":76,"72":86,"73":111,"74":116,"75":128,"76":118,"77":117,"78":127,"79":132,"80":139,"81":146,"82":148,"83":141,"84":166,"85":161,"86":167,"87":168,"88":186,"89":183,"90":165,"91":184,"92":215,"93":232,"94":216,"95":206,"96":231,"97":235,"98":253,"99":240,"100":274,"101":294,"102":277,"103":273,"104":253,"105":301,"106":283,"107":326,"108":370,"109":329,"110":308,"111":337,"112":324,"113":315,"114":345,"115":331,"116":331,"117":343,"118":395,"119":387,"120":426,"121":411,"122":391,"123":372,"124":375,"125":370,"126":366,"127":357,"128":355,"129":336,"130":370,"131":322,"132":328,"133":282,"134":259,"135":229,"136":223,"137":271,"138":210,"139":185,"140":174,"141":168,"142":177,"143":170,"144":165,"145":133,"146":132,"147":113,"148":122,"149":111,"150":132,"151":114,"152":97,"153":104,"154":110,"155":109,"156":118,"157":78,"158":98,"159":62,"160":56,"161":59,"162":58,"163":48,"164":51,"165":43,"166":55,"167":55,"168":76,"169":61,"170":40,"171":33,"172":32,"173":32,"174":28,"175":30,"176":30,"177":35,"178":49,"179":26,"180":33,"181":33,"182":30,"183":30,"184":33,"185":29,"186":31,"187":21,"188":27,"189":31,"190":15,"191":31,"192":9,"193":16,"194":28,"195":24,"196":29,"197":18,"198":19,"199":25,"200":22,"201":20,"202":23,"203":6,"204":12,"205":17,"206":13,"207":16,"208":23,"209":23,"210":25,"211":26,"212":26,"213":28,"214":28,"215":28,"216":28,"217":25,"218":24,"219":24,"220":29,"221":40,"222":23,"223":28,"224":16,"225":21,"226":29,"227":26,"228":23,"229":21,"230":23,"231":22,"232":27,"233":17,"234":31,"235":29,"236":26,"237":25,"238":34,"239":26,"240":34,"241":29,"242":33,"243":29,"244":31,"245":31,"246":29,"247":21,"248":25,"249":26,"250":20,"251":23,"252":31,"253":41,"254":38,"255":22,"256":36,"257":31,"258":32,"259":20,"260":28,"261":27,"262":27,"263":28,"264":37,"265":43,"266":38,"267":32,"268":30,"269":31,"270":23,"271":22,"272":30,"273":27,"274":26,"275":39,"276":25,"277":18,"278":28,"279":54,"280":31,"281":48,"282":57,"283":84,"284":21,"285":30,"286":41,"287":51,"288":38,"289":33,"290":36,"291":23,"292":28,"293":33,"294":25,"295":25,"296":17,"297":17,"298":14,"299":21,"300":17,"301":20,"302":21,"303":18,"304":37,"305":51,"306":32,"307":22,"308":23,"309":18,"310":24,"311":22,"312":39,"313":45,"314":36,"315":30,"316":24,"317":23,"318":33,"319":25,"320":24,"321":19,"322":14,"323":19,"324":16,"325":20,"326":26,"327":26,"328":23,"329":21,"330":21,"331":35,"332":37,"333":35,"334":34,"335":29,"336":34,"337":17,"338":14,"339":17,"340":17,"341":30,"342":21,"343":24,"344":27,"345":20,"346":13,"347":14,"348":14,"349":13,"350":16,"351":13,"352":21,"353":9,"354":9,"355":16,"356":9,"357":10,"358":14,"359":19,"360":18,"361":9,"362":20,"363":8,"364":12,"365":8,"366":21,"367":17,"368":19,"369":21,"370":25,"371":11,"372":19,"373":32,"374":31,"375":35,"376":42,"377":37,"378":30,"379":14,"380":27,"381":23,"382":20,"383":14,"384":5,"385":12,"386":13,"387":6,"388":11,"389":8,"390":6,"391":14,"392":11,"393":9,"394":16,"395":21,"396":27,"397":17,"398":18,"399":13,"400":7,"401":8,"402":7,"403":7,"404":3,"405":6,"406":5,"407":8,"408":8,"409":3,"410":4,"411":8,"412":7,"413":15,"414":13,"415":20,"416":17,"417":34,"418":32,"419":16,"420":24,"421":4,"422":7,"423":5,"424":10,"425":8,"426":9,"427":4,"428":13,"429":10,"430":12,"431":3,"432":8,"433":33,"434":4,"435":12,"436":11,"437":10,"438":7,"439":4,"440":5,"441":1,"442":3,"443":4,"444":2,"445":3,"446":6,"447":14,"448":5,"449":4,"450":4,"451":5,"452":10,"453":9,"454":8,"455":5,"456":5,"457":6,"458":13,"459":11,"460":7,"461":6,"462":10,"463":13,"464":9,"465":10,"466":3,"467":3,"468":4,"469":8,"470":16,"471":17,"472":23,"473":19,"474":10,"475":10,"476":4,"477":5,"478":6,"479":11,"480":10,"481":7,"482":9,"483":7,"484":7,"485":4,"486":6,"487":5,"488":9,"489":8,"490":9,"491":10,"492":6,"493":7,"494":5,"495":7,"496":6,"497":6,"498":10,"499":8,"500":5,"501":5,"502":9,"503":10,"504":12,"505":12,"506":11,"507":11,"508":14,"509":15,"510":13,"511":12,"512":4,"513":5,"514":2,"515":6,"516":5,"517":8,"518":8,"519":4,"520":12,"521":11,"522":20,"523":10,"524":11,"525":7,"526":7,"527":3,"528":4,"529":2,"530":5,"531":10,"532":7,"533":6,"534":3,"535":7,"536":3,"537":7,"538":9,"539":13,"540":7,"541":5,"542":7,"543":7,"544":8,"545":13,"546":8,"547":10,"548":22,"549":10,"550":7,"551":6,"552":8,"553":12,"554":6,"555":11,"556":6,"557":7,"558":8,"559":9,"560":17,"561":20,"562":23,"563":13,"564":13,"565":16,"566":18,"567":15,"568":13,"569":14,"570":16,"571":12,"572":18,"573":18,"574":21,"575":17,"576":10,"577":17,"578":14,"579":16,"580":15,"581":19,"582":19,"583":14,"584":15,"585":19,"586":20,"587":29,"588":22,"589":24,"590":26,"591":16,"592":13,"593":28,"594":11,"595":16,"596":22,"597":23,"598":21,"599":15,"600":17,"601":13,"602":16,"603":12,"604":10,"605":9,"606":14,"607":11,"608":10,"609":22,"610":16,"611":18,"612":17,"613":13,"614":12,"615":10,"616":16,"617":11,"618":10,"619":8,"620":10,"621":12,"622":10,"623":8,"624":6,"625":11,"626":7,"627":14,"628":15,"629":16,"630":10,"631":8,"632":12,"633":11,"634":8,"635":8,"636":6,"637":11,"638":15,"639":9,"640":13,"641":17,"642":14,"643":18,"644":11,"645":8,"646":19,"647":10,"648":8,"649":21,"650":34,"651":34,"652":37,"653":37,"654":41,"655":30,"656":23,"657":31,"658":20,"659":19,"660":16,"661":15,"662":9,"663":23,"664":9,"665":13,"666":29,"667":23,"668":17,"669":19,"670":14,"671":15,"672":17,"673":11,"674":16,"675":20,"676":20,"677":19,"678":26,"679":15,"680":5,"681":30,"682":26,"683":17,"684":12,"685":20,"686":19,"687":20,"688":23,"689":20,"690":11,"691":18,"692":23,"693":37,"694":47,"695":45,"696":34,"697":14,"698":17,"699":29,"700":16,"701":9,"702":19,"703":15,"704":13,"705":24,"706":33,"707":29,"708":39,"709":43,"710":22,"711":20,"712":22,"713":22,"714":25,"715":30,"716":24,"717":28,"718":46,"719":39,"720":63,"721":35,"722":49,"723":22,"724":25,"725":24,"726":16,"727":20,"728":23,"729":25,"730":23,"731":22,"732":38,"733":24,"734":25,"735":16,"736":30,"737":20,"738":27,"739":21,"740":28,"741":31,"742":19,"743":18,"744":21,"745":27,"746":31,"747":26,"748":17,"749":21,"750":16,"751":16,"752":21,"753":20,"754":11,"755":22,"756":17,"757":17,"758":17,"759":21,"760":20,"761":21,"762":26,"763":24,"764":13,"765":20,"766":27,"767":14,"768":21,"769":20,"770":22,"771":23,"772":10,"773":17,"774":18,"775":16,"776":17,"777":10,"778":16,"779":13,"780":16,"781":13,"782":13,"783":21,"784":9,"785":11,"786":13,"787":10,"788":10,"789":19,"790":24,"791":27,"792":21,"793":18,"794":27,"795":19,"796":15,"797":10,"798":17,"799":19,"800":9,"801":7,"802":12,"803":7,"804":9,"805":14,"806":6,"807":18,"808":16,"809":13,"810":19,"811":18,"812":18,"813":16,"814":20,"815":25,"816":27,"817":29,"818":28,"819":20,"820":12,"821":21,"822":15,"823":27,"824":25,"825":11,"826":17,"827":12,"828":11,"829":20,"830":17,"831":19,"832":11,"833":23,"834":14,"835":15,"836":19,"837":13,"838":10,"839":19,"840":14,"841":16,"842":20,"843":16,"844":18,"845":26,"846":29,"847":21,"848":25,"849":13,"850":18,"851":20,"852":19,"853":10,"854":21,"855":19,"856":11,"857":9,"858":7,"859":23,"860":25,"861":19,"862":7,"863":10,"864":19,"865":17,"866":12,"867":14,"868":18,"869":8,"870":10,"871":10,"872":14,"873":18,"874":11,"875":12,"876":12,"877":15,"878":15,"879":21,"880":17,"881":16,"882":15,"883":17,"884":18,"885":23,"886":28,"887":21,"888":13,"889":15,"890":21,"891":15,"892":11,"893":17,"894":19,"895":12,"896":11,"897":12,"898":18,"899":9,"900":7,"901":17,"902":14,"903":34,"904":18,"905":17,"906":17,"907":9,"908":11,"909":22,"910":19,"911":19,"912":23,"913":17,"914":36,"915":25,"916":24,"917":22,"918":29,"919":19,"920":22,"921":14,"922":24,"923":29,"924":21,"925":15,"926":5,"927":15,"928":13,"929":9,"930":4,"931":13,"932":10,"933":7,"934":13,"935":24,"936":19,"937":3,"938":5,"939":9,"940":7,"941":10,"942":12,"943":11,"944":7,"945":11,"946":18,"947":16,"948":19,"949":20,"950":29,"951":23,"952":17,"953":30,"954":21,"955":23,"956":20,"957":22,"958":25,"959":14,"960":12,"961":6,"962":10,"963":17,"964":16,"965":16,"966":23,"967":20,"968":19,"969":23,"970":19,"971":8,"972":14,"973":6,"974":9,"975":17,"976":16,"977":10,"978":11,"979":6,"980":7,"981":13,"982":10,"983":7,"984":19,"985":20,"986":16,"987":12,"988":24,"989":17,"990":15,"991":9,"992":18,"993":16,"994":12,"995":15,"996":17,"997":18,"998":14,"999":15,"1000":5,"1001":15,"1002":10,"1003":10,"1004":12,"1005":10,"1006":9,"1007":9,"1008":18,"1009":19,"1010":17,"1011":12,"1012":15,"1013":11,"1014":15,"1015":16,"1016":21,"1017":17,"1018":15,"1019":15,"1020":19,"1021":18,"1022":20,"1023":14,"1024":27,"1025":10,"1026":13,"1027":14,"1028":8,"1029":9,"1030":13,"1031":25,"1032":16,"1033":11,"1034":16,"1035":14,"1036":16,"1037":9,"1038":12,"1039":12,"1040":3,"1041":6,"1042":11,"1043":21,"1044":9,"1045":12,"1046":24,"1047":15,"1048":16,"1049":6,"1050":11,"1051":11,"1052":24,"1053":14,"1054":26,"1055":20,"1056":14,"1057":20,"1058":24,"1059":21,"1060":8,"1061":6,"1062":7,"1063":8,"1064":24,"1065":30,"1066":21,"1067":15,"1068":21,"1069":17,"1070":25,"1071":15,"1072":14,"1073":13,"1074":25,"1075":8,"1076":12,"1077":8,"1078":17,"1079":12,"1080":10,"1081":15,"1082":10,"1083":5,"1084":13,"1085":21,"1086":7,"1087":11,"1088":14,"1089":9,"1090":11,"1091":6,"1092":8,"1093":7,"1094":3,"1095":6,"1096":9,"1097":12,"1098":11,"1099":9,"1100":15,"1101":18,"1102":8,"1103":6,"1104":6,"1105":7,"1106":7,"1107":14,"1108":14,"1109":19,"1110":18,"1111":23,"1112":10,"1113":8,"1114":14,"1115":12,"1116":6,"1117":5,"1118":15,"1119":14,"1120":10,"1121":11,"1122":6,"1123":11,"1124":8,"1125":5,"1126":5,"1127":14,"1128":15,"1129":19,"1130":13,"1131":22,"1132":26,"1133":16,"1134":21,"1135":14,"1136":8,"1137":14,"1138":13,"1139":7,"1140":7,"1141":8,"1142":4,"1143":12,"1144":4,"1145":6,"1146":7,"1147":5,"1148":16,"1149":11,"1150":15,"1151":8,"1152":15,"1153":20,"1154":27,"1155":27,"1156":14,"1157":9,"1158":7,"1159":16,"1160":16,"1161":22,"1162":31,"1163":17,"1164":16,"1165":19,"1166":19,"1167":16,"1168":11,"1169":8,"1170":25,"1171":24,"1172":22,"1173":18,"1174":18,"1175":13,"1176":26,"1177":19,"1178":21,"1179":13,"1180":7,"1181":5,"1182":9,"1183":6,"1184":11,"1185":8,"1186":11,"1187":10,"1188":5,"1189":11,"1190":8,"1191":7,"1192":12,"1193":14,"1194":13,"1195":7,"1196":7,"1197":9,"1198":11,"1199":12,"1200":7,"1201":5,"1202":4,"1203":9,"1204":6,"1205":8,"1206":10,"1207":9,"1208":19,"1209":15,"1210":18,"1211":9,"1212":13,"1213":18,"1214":24,"1215":8,"1216":1,"1217":3,"1218":15,"1219":10,"1220":14,"1221":11,"1222":15,"1223":14,"1224":9,"1225":20,"1226":19,"1227":5,"1228":34,"1229":23,"1230":19,"1231":16,"1232":5,"1233":10,"1234":12,"1235":23,"1236":32,"1237":21,"1238":18,"1239":17,"1240":19,"1241":26,"1242":26,"1243":16,"1244":15,"1245":7,"1246":6,"1247":5,"1248":9,"1249":5,"1250":9,"1251":10,"1252":10,"1253":8,"1254":11,"1255":10,"1256":9,"1257":3,"1258":1,"1260":3,"1261":1,"1262":3,"1263":2,"1264":3,"1265":5,"1266":3,"1267":2,"1268":1,"1269":2,"1270":2,"1271":2,"1272":1,"1273":3,"1274":1,"1275":1,"1276":2,"1277":4,"1278":1,"1279":1,"1281":2,"1282":2,"1283":4,"1284":2,"1287":1,"1289":1,"1292":1,"1294":1,"1296":1,"1297":1,"1298":2,"1299":1,"1301":3,"1304":2,"1306":1,"1307":1,"1310":1,"1314":1,"1315":1,"1317":4,"1318":9,"1319":11,"1320":10,"1321":15,"1322":10,"1323":9,"1324":10,"1325":18,"1326":11,"1327":9,"1328":11,"1329":12,"1330":12,"1331":18,"1332":16,"1333":20,"1334":12,"1335":18,"1336":12,"1337":6,"1338":9,"1339":6,"1340":11,"1341":7,"1342":12,"1343":8,"1344":7,"1345":10,"1346":8,"1347":10,"1348":7,"1349":9,"1350":17,"1351":6,"1352":16,"1353":4,"1354":6,"1355":5,"1356":4,"1357":3,"1358":6,"1359":4,"1360":3,"1361":3,"1362":1,"1363":5,"1366":1,"1367":3,"1371":2,"1373":1,"1374":2,"1375":4,"1376":4,"1377":13,"1378":10,"1379":5,"1380":1,"1381":1,"1382":3,"1383":3,"1384":3,"1385":1,"1387":2,"1388":5,"1389":4,"1390":2,"1391":3,"1393":1,"1394":1,"1395":2,"1396":3,"1397":4,"1398":7,"1399":3,"1400":4,"1401":4,"1402":3,"1403":3,"1404":1,"1405":3,"1406":2,"1407":4,"1408":1,"1409":3,"1410":2,"1411":6,"1412":3,"1413":1,"1414":2,"1415":2,"1416":2,"1417":3,"1418":2,"1419":3,"1420":1,"1421":2,"1423":1,"1425":1,"1426":1,"1427":1,"1428":1,"1430":1,"1431":1,"1440":1,"1459":1,"1461":1,"1473":1,"1475":2,"1476":1,"1492":1,"1498":3,"1501":2,"1502":1,"1503":1,"1504":3,"1507":2,"1511":1,"1512":2,"1513":1,"1517":2,"1518":1,"1520":1,"1521":2,"1522":1,"1523":2,"1524":1,"1525":1,"1526":2,"1527":2,"1528":4,"1529":6,"1530":9,"1531":8,"1532":4,"1533":2,"1534":4,"1535":8,"1536":5,"1537":4,"1538":2,"1540":3,"1542":2,"1544":1,"1545":1,"1546":1,"1548":1,"1549":1,"1552":2,"1553":1,"1554":1,"1556":2,"1557":1,"1558":1,"1559":4,"1560":1,"1561":1,"1562":1,"1564":5,"1565":3,"1567":3,"1569":2,"1570":4,"1571":2,"1572":5,"1573":1,"1574":2,"1575":2,"1577":3,"1578":2,"1579":2,"1580":2,"1581":1,"1583":2,"1584":2,"1585":2,"1586":5,"1587":5,"1588":4,"1589":2,"1591":1,"1593":2,"1594":1,"1595":1,"1597":7,"1598":22,"1599":6,"1601":3,"1602":1,"1604":1,"1605":1,"1606":1,"1607":2,"1608":1,"1609":1,"1611":2,"1612":2,"1613":1,"1614":2,"1615":1,"1616":1,"1617":1,"1618":1,"1619":2,"1620":1,"1621":1,"1622":3,"1624":3,"1625":3,"1628":2,"1629":1,"1630":2,"1631":2,"1632":1,"1633":3,"1635":2,"1637":1,"1638":1,"1639":4,"1640":2,"1641":7,"1642":1,"1643":1,"1644":1,"1645":1,"1646":4,"1647":2,"1648":2,"1650":1,"1652":3,"1653":3,"1654":1,"1655":2,"1656":7,"1657":1,"1658":1,"1659":1,"1660":5,"1662":1,"1664":2,"1665":1,"1666":3,"1667":1,"1668":5,"1669":1,"1670":3,"1671":4,"1672":5,"1673":1,"1674":1,"1675":1,"1676":2,"1678":1,"1679":4,"1680":4,"1681":1,"1682":6,"1683":2,"1684":4,"1685":4,"1686":2,"1687":3,"1688":4,"1689":1,"1690":5,"1691":4,"1692":3,"1693":5,"1694":3,"1695":5,"1696":2,"1697":4,"1698":1,"1699":4,"1700":2,"1701":5,"1702":1,"1703":5,"1704":5,"1705":2,"1706":3,"1707":1,"1708":3,"1709":5,"1710":2,"1711":5,"1712":6,"1713":1,"1714":5,"1715":5,"1716":4,"1717":5,"1718":4,"1719":1,"1720":3,"1721":3,"1722":4,"1723":3,"1724":6,"1725":4,"1726":2,"1727":4,"1728":3,"1729":2,"1730":3,"1731":2,"1732":2,"1733":2,"1734":6,"1735":4,"1736":5,"1737":8,"1738":4,"1739":3,"1740":5,"1741":5,"1742":2,"1743":1,"1744":2,"1745":2,"1747":1,"1748":2,"1750":6,"1751":1,"1752":1,"1753":3,"1754":3,"1755":3,"1758":1,"1760":2,"1761":4,"1762":2,"1763":2,"1764":1,"1765":4,"1766":1,"1767":1,"1768":1,"1769":2,"1770":1,"1771":2,"1772":2,"1773":2,"1774":1,"1776":3,"1777":2,"1778":2,"1779":2,"1780":2,"1782":1,"1783":10,"1784":22,"1785":14,"1786":3,"1788":1,"1789":12,"1790":6,"1791":13,"1792":4,"1793":8,"1794":7,"1796":1,"1797":2,"1798":1,"1805":2,"1812":1,"1815":1,"1823":1,"1824":3,"1826":2,"1828":1,"1829":1,"1831":2,"1833":1,"1835":1,"1840":2,"1841":1,"1843":2,"1844":2,"1845":1,"1846":4,"1847":1,"1848":2,"1849":2,"1850":2,"1851":1,"1852":3,"1853":2,"1854":1,"1855":2,"1856":2,"1857":2,"1858":2,"1859":3,"1860":1,"1861":3,"1863":1,"1864":2,"1865":2,"1866":1,"1867":1,"1868":7,"1871":1,"1872":3,"1874":2,"1875":5,"1876":5,"1882":2,"1883":1,"1884":2,"1885":2,"1886":1,"1887":2,"1888":2,"1889":2,"1891":3,"1892":1,"1893":3,"1894":2,"1895":2,"1897":3,"1898":2,"1899":3,"1900":1,"1901":1,"1902":1,"1903":1,"1904":3,"1905":3,"1906":1,"1907":1,"1909":2,"1910":4,"1911":3,"1914":1,"1915":4,"1916":2,"1917":2,"1918":2,"1919":2,"1920":2,"1921":2,"1922":4,"1923":1,"1924":1,"1925":7,"1926":3,"1927":1,"1932":5,"1933":2,"1936":2,"1937":1,"1939":3,"1940":2,"1941":5,"1942":2,"1943":5,"1944":10,"1945":5,"1946":1,"1947":1,"1953":5,"1954":4,"1955":3,"1956":3,"1957":4,"1964":1,"1965":5,"1966":5,"2072":1,"2076":1,"2626":1,"2778":1,"2782":1,"2787":2,"2789":1,"2794":1,"2811":2,"2812":1,"2819":2,"2820":1,"2821":1,"2822":1,"2823":1,"2824":2,"2826":1,"2828":4,"2829":1,"2832":1,"2833":2,"2834":5,"2835":2,"2836":1,"2837":2,"2838":5,"2839":2,"2840":2,"2841":1,"2842":2,"2843":1,"2850":2,"2851":1,"2854":1,"2858":2,"2864":2,"2867":1,"2868":1,"2874":1,"2875":1,"2881":1,"2885":1,"2886":2,"2891":1,"2892":1,"2895":2,"2896":1,"2898":2,"2899":1,"2900":1,"2902":1,"2903":1,"2904":3,"2905":1,"2906":2,"2911":2,"2913":1,"2915":1,"2917":2,"2919":1,"2921":2,"2922":1,"2926":1,"2929":3,"2934":1,"2936":1,"2939":1,"2940":1,"2941":1,"2942":2,"2945":2,"2947":1,"2949":1,"2950":1,"2952":2,"2955":1,"2956":2,"2957":3,"2958":1,"2959":3,"2960":4,"2961":2,"2963":2,"2964":1,"2965":4,"2966":3,"2968":1,"2969":1,"2970":3,"2971":2,"2972":1,"2973":5,"2975":6,"2976":1,"2977":2,"2978":2,"2979":5,"2980":5,"2981":6,"2982":7,"2983":4,"2984":2,"2985":7,"2986":7,"2987":7,"2988":6,"2989":10,"2990":7,"2991":3,"2992":2,"2993":4,"2994":5,"2995":4,"2996":6,"2997":7,"2998":7,"2999":3,"3000":4,"3001":5,"3002":6,"3003":6,"3004":13,"3005":1,"3006":5,"3007":3,"3008":5,"3009":6,"3010":2,"3011":2,"3012":6,"3013":6,"3014":4,"3015":7,"3016":3,"3017":2,"3018":2,"3019":4,"3020":3,"3021":2,"3022":1,"3023":5,"3024":2,"3025":1,"3026":1,"3027":3,"3028":2,"3030":2,"3031":3,"3032":4,"3034":6,"3035":2,"3036":3,"3037":3,"3038":2,"3039":2,"3040":2,"3042":1,"3043":1,"3045":1,"3046":1,"3047":1,"3049":1,"3050":1,"3052":1,"3055":2,"3056":1,"3057":2,"3062":1,"3063":2,"3064":1,"3065":2,"3066":1,"3068":1,"3070":1,"3072":1,"3073":2,"3077":3,"3080":2,"3081":2,"3082":1,"3083":3,"3085":2,"3086":2,"3087":1,"3088":2,"3089":2,"3090":5,"3091":3,"3092":2,"3093":1,"3095":4,"3096":2,"3098":2,"3099":4,"3100":3,"3101":1,"3102":2,"3103":1,"3104":2,"3105":2,"3106":1,"3107":1,"3108":4,"3109":2,"3110":3,"3112":1,"3113":1,"3114":1,"3115":2,"3116":2,"3117":2,"3118":2,"3119":6,"3120":6,"3121":1,"3122":2,"3123":3,"3124":2,"3125":2,"3126":1,"3127":6,"3128":5,"3129":6,"3130":1,"3131":3,"3132":4,"3133":2,"3135":4,"3137":1,"3139":1,"3140":3,"3141":2,"3142":1,"3143":5,"3144":1,"3145":1,"3146":3,"3147":3,"3148":5,"3149":3,"3150":4,"3151":2,"3152":3,"3153":2,"3154":5,"3155":1,"3157":4,"3159":5,"3160":2,"3161":1,"3162":1,"3163":1,"3164":1,"3165":4,"3166":3,"3167":2,"3168":3,"3169":3,"3170":2,"3171":2,"3172":3,"3174":1,"3175":4,"3176":1,"3177":1,"3178":1,"3179":2,"3180":3,"3182":1,"3184":1,"3185":1,"3186":1,"3187":1,"3188":3,"3189":3,"3190":3,"3191":2,"3193":2,"3194":2,"3195":1,"3198":2,"3199":1,"3200":3,"3201":5,"3202":3,"3203":1,"3205":1,"3206":1,"3208":1,"3209":2,"3213":1,"3214":2,"3215":2,"3216":1,"3217":1,"3219":1,"3222":3,"3223":1,"3225":4,"3226":1,"3228":1,"3229":1,"3230":1,"3231":3,"3232":2,"3233":1,"3234":1,"3235":2,"3236":2,"3238":2,"3240":1,"3241":1,"3242":1,"3243":1,"3245":3,"3246":1,"3247":2,"3249":1,"3250":1,"3253":2,"3254":3,"3255":2,"3256":1,"3257":1,"3258":1,"3261":2,"3262":1,"3265":1,"3266":6,"3267":3,"3268":4,"3269":1,"3270":2,"3271":4,"3275":1,"3277":2,"3278":3,"3281":1,"3282":3,"3284":1,"3287":1,"3288":4,"3289":2,"3290":1,"3291":1,"3298":1,"3300":1,"3302":2,"3307":3,"3308":2,"3310":2,"3311":1,"3314":1,"3315":2,"3321":2,"3322":1,"3324":1,"3326":2,"3329":1,"3330":1,"3333":2,"3334":1,"3335":1,"3337":1,"3338":1,"3339":3,"3340":1,"3345":1,"3347":1,"3348":1,"3349":1,"3350":3,"3354":1,"3355":2,"3357":2,"3358":2,"3359":5,"3360":3,"3362":1,"3363":2,"3364":2,"3365":1,"3367":1,"3368":1,"3369":2,"3379":1,"3380":2,"3389":1,"3390":3,"3391":2,"3393":1,"3396":1,"3397":1,"3399":1,"3403":1,"3404":1,"3408":1,"3412":1,"3416":1,"3418":1,"3423":1,"3424":1,"3426":1,"3428":1,"3434":1,"3435":1,"3437":1,"3449":1,"3453":1,"3460":2,"3469":1,"3470":1,"3471":1,"3482":1,"3491":1,"3516":1,"3528":1,"3546":1,"3555":1,"3561":1,"3565":1,"3573":1,"3578":1,"3584":1,"3899":1,"3949":1,"4093":1,"4140":1,"4374":1,"4756":1,"4967":1,"5032":1,"5336":1,"6481":1,"6729":1,"6766":1,"6767":1,"6949":1,"7027":1,"7031":1,"7080":1,"7420":1,"8443":1,"8503":1,"8504":1},"fork_created":2271,"fork_confirmed":770,"fork_unresolved_at_end":1501}
EPOCH_FOLLOW cemented=183 cementing=0 requested=1 pending=296 t=1791487105104
EPOCH_RECONCILED epoch=2 reporter=633D9D614858AB1710D5D8C3180E2A082DC97208BA8C26BA6C6D1A86C8E31CC0 complete=false entries=0 total=43969 symbols=0 dropped=false t=1791487105183
EPOCH_RECONCILED epoch=2 reporter=633D9D614858AB1710D5D8C3180E2A082DC97208BA8C26BA6C6D1A86C8E31CC0 complete=true entries=1702 total=1702 symbols=0 dropped=false t=1791487105187
EPOCH_RECONCILED epoch=2 reporter=911999B2AEFA7ACC66EBD802B3301FF6CE431405107749D940277955CB7FDD07 complete=true entries=2781 total=2781 symbols=0 dropped=false t=1791487105207
EPOCH_FOLLOW cemented=165 cementing=0 requested=0 pending=313 t=1791487105231
EPOCH_RECONCILED epoch=2 reporter=911999B2AEFA7ACC66EBD802B3301FF6CE431405107749D940277955CB7FDD07 complete=true entries=2781 total=2781 symbols=0 dropped=false t=1791487105243
EPOCH_RECONCILED epoch=2 reporter=D315857CE70C54DE713F6E82E5613BB3A1266C15E28AD2F4338C7BBEC456F532 complete=true entries=2078 total=2078 symbols=0 dropped=false t=1791487105264
EPOCH_RECONCILED epoch=2 reporter=633D9D614858AB1710D5D8C3180E2A082DC97208BA8C26BA6C6D1A86C8E31CC0 complete=true entries=1702 total=1702 symbols=0 dropped=false t=1791487105268
EPOCH_RECONCILED epoch=2 reporter=911999B2AEFA7ACC66EBD802B3301FF6CE431405107749D940277955CB7FDD07 complete=true entries=2781 total=2781 symbols=0 dropped=false t=1791487105273
EPOCH_RECONCILED epoch=2 reporter=65A90023F6C0D2181AAA63F005D81BBC0C04650505E21D5123F9AE1F9E992BFF complete=false entries=7 total=44007 symbols=16 dropped=false t=1791487105281
EPOCH_RECONCILED epoch=2 reporter=D315857CE70C54DE713F6E82E5613BB3A1266C15E28AD2F4338C7BBEC456F532 complete=true entries=2078 total=2078 symbols=0 dropped=false t=1791487105306
EPOCH_RECONCILED epoch=2 reporter=633D9D614858AB1710D5D8C3180E2A082DC97208BA8C26BA6C6D1A86C8E31CC0 complete=true entries=1702 total=1702 symbols=0 dropped=false t=1791487105311
EPOCH_RECONCILED epoch=2 reporter=911999B2AEFA7ACC66EBD802B3301FF6CE431405107749D940277955CB7FDD07 complete=false entries=2779 total=2779 symbols=0 dropped=false t=1791487105322
EPOCH_RECONCILED epoch=2 reporter=65A90023F6C0D2181AAA63F005D81BBC0C04650505E21D5123F9AE1F9E992BFF complete=false entries=24 total=44007 symbols=48 dropped=false t=1791487105348
EPOCH_RECONCILED epoch=2 reporter=911999B2AEFA7ACC66EBD802B3301FF6CE431405107749D940277955CB7FDD07 complete=true entries=2 total=2781 symbols=16 dropped=false t=1791487105357
EPOCH_CLOSE_UNREADY epoch=2 short_of=reports usable=3 weight=3 required=5 held=4 theirs=["A353E45E:20470C6C:9E303B96", "633D9D61:5C2FA6B5:A0C36931", "65A90023:4321E7F5:3B214E27", "911999B2:74FF6BD9:FFB0ECB6"] t=1791487105359
EPOCH_CLOSE_UNREADY epoch=2 short_of=reports usable=3 weight=3 required=5 held=4 theirs=["A353E45E:20470C6C:9E303B96", "D315857C:5C2FA6B5:42828512", "65A90023:4321E7F5:3B214E27", "911999B2:74FF6BD9:FFB0ECB6"] t=1791487105402
EPOCH_RECONCILED epoch=2 reporter=65A90023F6C0D2181AAA63F005D81BBC0C04650505E21D5123F9AE1F9E992BFF complete=false entries=24 total=44007 symbols=48 dropped=false t=1791487105426
EPOCH_RECONCILED epoch=2 reporter=65A90023F6C0D2181AAA63F005D81BBC0C04650505E21D5123F9AE1F9E992BFF complete=false entries=20 total=44007 symbols=48 dropped=false t=1791487105447
EPOCH_CLOSE_UNREADY epoch=2 short_of=reports usable=1 weight=1 required=5 held=4 theirs=["65A90023:4321E7F5:3B214E27", "D315857C:5C2FA6B5:42828512", "633D9D61:5C2FA6B5:A0C36931", "911999B2:74FF6BD9:FFB0ECB6"] t=1791487105599
EPOCH_RECONCILED epoch=2 reporter=D315857CE70C54DE713F6E82E5613BB3A1266C15E28AD2F4338C7BBEC456F532 complete=false entries=524 total=43969 symbols=819 dropped=false t=1791487105651
EPOCH_RECONCILED epoch=2 reporter=633D9D614858AB1710D5D8C3180E2A082DC97208BA8C26BA6C6D1A86C8E31CC0 complete=false entries=524 total=43969 symbols=819 dropped=false t=1791487105651
EPOCH_RECONCILED epoch=2 reporter=65A90023F6C0D2181AAA63F005D81BBC0C04650505E21D5123F9AE1F9E992BFF complete=true entries=1793 total=1793 symbols=0 dropped=false t=1791487105677
EPOCH_RECONCILED epoch=2 reporter=65A90023F6C0D2181AAA63F005D81BBC0C04650505E21D5123F9AE1F9E992BFF complete=true entries=1793 total=1793 symbols=0 dropped=false t=1791487105694
EPOCH_RECONCILED epoch=2 reporter=65A90023F6C0D2181AAA63F005D81BBC0C04650505E21D5123F9AE1F9E992BFF complete=true entries=1793 total=1793 symbols=0 dropped=false t=1791487105723
EPOCH_CLOSE_UNREADY epoch=2 short_of=reports usable=4 weight=4 required=5 held=4 theirs=["D315857C:5C2FA6B5:42828512", "633D9D61:5C2FA6B5:A0C36931", "911999B2:74FF6BD9:FFB0ECB6", "A353E45E:20470C6C:9E303B96"] t=1791487105868
EPOCH_CLOSE_UNREADY epoch=2 short_of=reports usable=4 weight=4 required=5 held=4 theirs=["65A90023:4321E7F5:3B214E27", "D315857C:5C2FA6B5:42828512", "633D9D61:5C2FA6B5:A0C36931", "A353E45E:20470C6C:9E303B96"] t=1791487105872
EPOCH_RECONCILED epoch=2 reporter=A353E45E6D0016CAEED0DFA4EC5B0640E2AA22A793F9F2375E77F1AB92977C04 complete=false entries=932 total=43587 symbols=1728 dropped=false t=1791487105906
EPOCH_RECONCILED epoch=2 reporter=A353E45E6D0016CAEED0DFA4EC5B0640E2AA22A793F9F2375E77F1AB92977C04 complete=false entries=932 total=43587 symbols=1728 dropped=false t=1791487105910
EPOCH_RECONCILED epoch=2 reporter=65A90023F6C0D2181AAA63F005D81BBC0C04650505E21D5123F9AE1F9E992BFF complete=true entries=1793 total=1793 symbols=0 dropped=false t=1791487105959
EPOCH_RECONCILED epoch=2 reporter=A353E45E6D0016CAEED0DFA4EC5B0640E2AA22A793F9F2375E77F1AB92977C04 complete=false entries=915 total=43587 symbols=1728 dropped=false t=1791487105963
EPOCH_RECONCILED epoch=2 reporter=D315857CE70C54DE713F6E82E5613BB3A1266C15E28AD2F4338C7BBEC456F532 complete=true entries=2078 total=2078 symbols=0 dropped=false t=1791487105964
EPOCH_RECONCILED epoch=2 reporter=633D9D614858AB1710D5D8C3180E2A082DC97208BA8C26BA6C6D1A86C8E31CC0 complete=true entries=1702 total=1702 symbols=0 dropped=false t=1791487106025
EPOCH_RECONCILED epoch=2 reporter=A353E45E6D0016CAEED0DFA4EC5B0640E2AA22A793F9F2375E77F1AB92977C04 complete=false entries=932 total=43587 symbols=1728 dropped=false t=1791487106053
EPOCH_FOLLOW cemented=6 cementing=0 requested=290 pending=290 t=1791487106134
EPOCH_RECONCILED epoch=2 reporter=A353E45E6D0016CAEED0DFA4EC5B0640E2AA22A793F9F2375E77F1AB92977C04 complete=true entries=1950 total=1950 symbols=0 dropped=false t=1791487106177
EPOCH_RECONCILED epoch=2 reporter=A353E45E6D0016CAEED0DFA4EC5B0640E2AA22A793F9F2375E77F1AB92977C04 complete=true entries=1950 total=1950 symbols=0 dropped=false t=1791487106182
EPOCH_RECONCILED epoch=2 reporter=A353E45E6D0016CAEED0DFA4EC5B0640E2AA22A793F9F2375E77F1AB92977C04 complete=true entries=1950 total=1950 symbols=0 dropped=false t=1791487106197
EPOCH_CLOSE_READY epoch=2 t=1791487106216
EPOCH_CLOSE_ROUND epoch=2 round=0 leader=735FE217D91E88EA82324C5883296385FA0041C2FAC85C827BAA46DA1E14B83F leads=false t=1791487106218
EPOCH_RECONCILED epoch=2 reporter=A353E45E6D0016CAEED0DFA4EC5B0640E2AA22A793F9F2375E77F1AB92977C04 complete=true entries=1950 total=1950 symbols=0 dropped=false t=1791487106224
EPOCH_CLOSE_READY epoch=2 t=1791487106227
EPOCH_CLOSE_READY epoch=2 t=1791487106227
EPOCH_CLOSE_ROUND epoch=2 round=0 leader=735FE217D91E88EA82324C5883296385FA0041C2FAC85C827BAA46DA1E14B83F leads=false t=1791487106230
EPOCH_CLOSE_ROUND epoch=2 round=0 leader=735FE217D91E88EA82324C5883296385FA0041C2FAC85C827BAA46DA1E14B83F leads=false t=1791487106230
EPOCH_CLOSE_READY epoch=2 t=1791487106274
EPOCH_CLOSE_ROUND epoch=2 round=0 leader=735FE217D91E88EA82324C5883296385FA0041C2FAC85C827BAA46DA1E14B83F leads=false t=1791487106276
EPOCH_FOLLOW cemented=4 cementing=0 requested=309 pending=309 t=1791487106285
EPOCH_CLOSE_READY epoch=2 t=1791487106315
EPOCH_CLOSE_ROUND epoch=2 round=0 leader=735FE217D91E88EA82324C5883296385FA0041C2FAC85C827BAA46DA1E14B83F leads=false t=1791487106317
EPOCH_FOLLOW cemented=148 cementing=0 requested=0 pending=142 t=1791487107243
EPOCH_FOLLOW cemented=90 cementing=0 requested=0 pending=219 t=1791487107353
EPOCH_FOLLOW cemented=1 cementing=0 requested=0 pending=218 t=1791487108428
EPOCH_CLOSE_ROUND epoch=2 round=1 leader=911999B2AEFA7ACC66EBD802B3301FF6CE431405107749D940277955CB7FDD07 leads=false t=1791487108671
EPOCH_CLOSE_ROUND epoch=2 round=1 leader=911999B2AEFA7ACC66EBD802B3301FF6CE431405107749D940277955CB7FDD07 leads=false t=1791487108679
EPOCH_CLOSE_ROUND epoch=2 round=1 leader=911999B2AEFA7ACC66EBD802B3301FF6CE431405107749D940277955CB7FDD07 leads=true t=1791487108687
EPOCH_CLOSE_ROUND epoch=2 round=1 leader=911999B2AEFA7ACC66EBD802B3301FF6CE431405107749D940277955CB7FDD07 leads=false t=1791487108788
EPOCH_CLOSE_ROUND epoch=2 round=1 leader=911999B2AEFA7ACC66EBD802B3301FF6CE431405107749D940277955CB7FDD07 leads=false t=1791487108792
EPOCH_DERIVE_TIMING epoch=2 claims=44102 claim_ms=68 manifest_ms=18 build_ms=138 t=1791487108984
EPOCH_PROPOSED epoch=2 round=1 value=5D99D18CC9D288453C93AADB4504F2BD0FD46A880E59D67EDAD2BB45B4047B44 state=0472AD9B466466EE9FF25CBBC8DF88BBE2BEEAA1EB41559BFF8E78AB7ADDBE56 reports=5 t=1791487108986
EPOCH_VALUE epoch=2 value=5D99D18CC9D288453C93AADB4504F2BD0FD46A880E59D67EDAD2BB45B4047B44 state=0472AD9B466466EE9FF25CBBC8DF88BBE2BEEAA1EB41559BFF8E78AB7ADDBE56 t=1791487108986
EPOCH_MANIFEST_FETCHED epoch=2 manifest=4486D21637E1D1AC704510A544CB3BDBACB5ADA3FF8AB5875C55595E7AB9DF56 entries=31497 t=1791487109540
EPOCH_MANIFEST_FETCHED epoch=2 manifest=4486D21637E1D1AC704510A544CB3BDBACB5ADA3FF8AB5875C55595E7AB9DF56 entries=31497 t=1791487109549
EPOCH_MANIFEST_FETCHED epoch=2 manifest=4486D21637E1D1AC704510A544CB3BDBACB5ADA3FF8AB5875C55595E7AB9DF56 entries=31497 t=1791487109583
EPOCH_MANIFEST_FETCHED epoch=2 manifest=4486D21637E1D1AC704510A544CB3BDBACB5ADA3FF8AB5875C55595E7AB9DF56 entries=31497 t=1791487109621
EPOCH_MANIFEST_VOTES_MISSING epoch=2 manifest=4486D21637E1D1AC704510A544CB3BDBACB5ADA3FF8AB5875C55595E7AB9DF56 hashes=3 t=1791487109702
EPOCH_MANIFEST_VOTES_MISSING epoch=2 manifest=4486D21637E1D1AC704510A544CB3BDBACB5ADA3FF8AB5875C55595E7AB9DF56 hashes=7 t=1791487109707
EPOCH_MANIFEST_VOTES_MISSING epoch=2 manifest=4486D21637E1D1AC704510A544CB3BDBACB5ADA3FF8AB5875C55595E7AB9DF56 hashes=3 t=1791487109729
EPOCH_MANIFEST_VOTES_MISSING epoch=2 manifest=4486D21637E1D1AC704510A544CB3BDBACB5ADA3FF8AB5875C55595E7AB9DF56 hashes=24 t=1791487109731
EPOCH_VALIDATE_TIMING epoch=2 evidence_ms=144 build_ms=231 t=1791487110117
EPOCH_VALUE epoch=2 value=5D99D18CC9D288453C93AADB4504F2BD0FD46A880E59D67EDAD2BB45B4047B44 state=0472AD9B466466EE9FF25CBBC8DF88BBE2BEEAA1EB41559BFF8E78AB7ADDBE56 t=1791487110118
EPOCH_VALIDATE_TIMING epoch=2 evidence_ms=143 build_ms=234 t=1791487110123
EPOCH_VALUE epoch=2 value=5D99D18CC9D288453C93AADB4504F2BD0FD46A880E59D67EDAD2BB45B4047B44 state=0472AD9B466466EE9FF25CBBC8DF88BBE2BEEAA1EB41559BFF8E78AB7ADDBE56 t=1791487110124
EPOCH_VALIDATE_TIMING epoch=2 evidence_ms=162 build_ms=248 t=1791487110132
EPOCH_VALUE epoch=2 value=5D99D18CC9D288453C93AADB4504F2BD0FD46A880E59D67EDAD2BB45B4047B44 state=0472AD9B466466EE9FF25CBBC8DF88BBE2BEEAA1EB41559BFF8E78AB7ADDBE56 t=1791487110133
EPOCH_VALIDATE_TIMING epoch=2 evidence_ms=181 build_ms=269 t=1791487110161
EPOCH_VALUE epoch=2 value=5D99D18CC9D288453C93AADB4504F2BD0FD46A880E59D67EDAD2BB45B4047B44 state=0472AD9B466466EE9FF25CBBC8DF88BBE2BEEAA1EB41559BFF8E78AB7ADDBE56 t=1791487110170
EPOCH_ENDED epoch=3 elections=6936 active=5166 t=1791487110209
EPOCH_ENDED epoch=3 elections=7047 active=5299 t=1791487110232
EPOCH_ENDED epoch=3 elections=6829 active=5076 t=1791487110234
EPOCH_ENDED epoch=3 elections=7047 active=5293 t=1791487110236
EPOCH_DRAIN_WAIT epoch=3 unterminated=1475 previous_closed=false first=["08D566605EF2E148C06F76B0640901CBF19B8B9639655294C45A85570234D63A:active:2:3", "8174309CE8EB8B25089BBBE18162A15D14D44BAADFD7CC993815A562BA0A1994:active:2:5", "7EC619BC985AB750E2055D5390B06F980C10DD9778FCA59BA842EFEA8FE75F9D:active:2:3"] t=1791487110237
EPOCH_ENDED epoch=3 elections=7047 active=5293 t=1791487110262
EPOCH_INSTALL epoch=2 finalized=14259 instances_confirmed=1506 t=1791487110296
EPOCH_LATE_NOTAR epoch=2 blocks=1990 notarized=1605 cast=17973 t=1791487110297
EPOCH_GATE epoch=3 released=1270 finalized=0 t=1791487110302
EPOCH_INSTALL epoch=2 finalized=14259 instances_confirmed=1506 t=1791487110319
EPOCH_INSTALL epoch=2 finalized=14259 instances_confirmed=1537 t=1791487110319
EPOCH_LATE_NOTAR epoch=2 blocks=1990 notarized=1605 cast=18318 t=1791487110320
EPOCH_LATE_NOTAR epoch=2 blocks=1988 notarized=1605 cast=17311 t=1791487110321
EPOCH_INSTALL epoch=2 finalized=14259 instances_confirmed=1506 t=1791487110323
EPOCH_LATE_NOTAR epoch=2 blocks=1990 notarized=1605 cast=18303 t=1791487110324
EPOCH_COMMITTEE derived_by=2 members=6 accounts=14351 n=6 digest=95D409445152DD075E6A4799205DFA5689496EB8EE1A22AC2A200B9DBC2DCF27 shares=["735FE217:16.7%", "65A90023:16.7%", "D315857C:16.7%", "911999B2:16.7%", "633D9D61:16.7%", "A353E45E:16.7%"] t=1791487110324
EPOCH_INSTALL epoch=2 finalized=14259 instances_confirmed=1506 t=1791487110325
EPOCH_LATE_NOTAR epoch=2 blocks=1990 notarized=1605 cast=18350 t=1791487110326
EPOCH_GATE epoch=3 released=1346 finalized=0 t=1791487110326
EPOCH_GATE epoch=3 released=1488 finalized=0 t=1791487110326
EPOCH_GATE epoch=3 released=1488 finalized=0 t=1791487110330
EPOCH_GATE epoch=3 released=1488 finalized=0 t=1791487110332
EPOCH_LOCKS epoch=2 continued=0 kinds={"locks=1 kind=Some(Recovery) nc_here=false saved=false": 1458, "locks=1 kind=Some(Recovery) nc_here=false saved=true": 271, "locks=1 kind=Some(Recovery) nc_here=true saved=true": 24} t=1791487110333
EPOCH_OMITTED epoch=2 instances=55 retained=1753 t=1791487110333
EPOCH_CLOSED epoch=2 round=1 value=5D99D18CC9D288453C93AADB4504F2BD0FD46A880E59D67EDAD2BB45B4047B44 state=0472AD9B466466EE9FF25CBBC8DF88BBE2BEEAA1EB41559BFF8E78AB7ADDBE56 t=1791487110333
EPOCH_COMMITTEE derived_by=2 members=6 accounts=14351 n=6 digest=95D409445152DD075E6A4799205DFA5689496EB8EE1A22AC2A200B9DBC2DCF27 shares=["735FE217:16.7%", "65A90023:16.7%", "D315857C:16.7%", "911999B2:16.7%", "633D9D61:16.7%", "A353E45E:16.7%"] t=1791487110348
EPOCH_LOCKS_CONTINUED epoch=2 instances=9 t=1791487110351
EPOCH_COMMITTEE derived_by=2 members=6 accounts=14351 n=6 digest=95D409445152DD075E6A4799205DFA5689496EB8EE1A22AC2A200B9DBC2DCF27 shares=["735FE217:16.7%", "65A90023:16.7%", "D315857C:16.7%", "911999B2:16.7%", "633D9D61:16.7%", "A353E45E:16.7%"] t=1791487110353
EPOCH_LOCKS epoch=2 continued=9 kinds={"locks=1 kind=Some(Recovery) nc_here=false saved=false": 10, "locks=1 kind=Some(Recovery) nc_here=false saved=true": 1719, "locks=1 kind=Some(Recovery) nc_here=true saved=true": 24} t=1791487110354
EPOCH_OMITTED epoch=2 instances=55 retained=1753 t=1791487110354
EPOCH_CLOSED epoch=2 round=1 value=5D99D18CC9D288453C93AADB4504F2BD0FD46A880E59D67EDAD2BB45B4047B44 state=0472AD9B466466EE9FF25CBBC8DF88BBE2BEEAA1EB41559BFF8E78AB7ADDBE56 t=1791487110354
EPOCH_COMMITTEE derived_by=2 members=6 accounts=14351 n=6 digest=95D409445152DD075E6A4799205DFA5689496EB8EE1A22AC2A200B9DBC2DCF27 shares=["735FE217:16.7%", "65A90023:16.7%", "D315857C:16.7%", "911999B2:16.7%", "633D9D61:16.7%", "A353E45E:16.7%"] t=1791487110354
EPOCH_LOCKS_CONTINUED epoch=2 instances=9 t=1791487110356
EPOCH_COMMITTEE derived_by=2 members=6 accounts=14351 n=6 digest=95D409445152DD075E6A4799205DFA5689496EB8EE1A22AC2A200B9DBC2DCF27 shares=["735FE217:16.7%", "65A90023:16.7%", "D315857C:16.7%", "911999B2:16.7%", "633D9D61:16.7%", "A353E45E:16.7%"] t=1791487110356
EPOCH_LOCKS_CONTINUED epoch=2 instances=9 t=1791487110358
EPOCH_LOCKS epoch=2 continued=9 kinds={"locks=1 kind=Some(Recovery) nc_here=false saved=false": 10, "locks=1 kind=Some(Recovery) nc_here=false saved=true": 1719, "locks=1 kind=Some(Recovery) nc_here=true saved=true": 24} t=1791487110358
EPOCH_OMITTED epoch=2 instances=55 retained=1753 t=1791487110358
EPOCH_CLOSED epoch=2 round=1 value=5D99D18CC9D288453C93AADB4504F2BD0FD46A880E59D67EDAD2BB45B4047B44 state=0472AD9B466466EE9FF25CBBC8DF88BBE2BEEAA1EB41559BFF8E78AB7ADDBE56 t=1791487110358
EPOCH_LOCKS epoch=2 continued=0 kinds={"locks=1 kind=Some(Recovery) nc_here=false saved=false": 1458, "locks=1 kind=Some(Recovery) nc_here=false saved=true": 271, "locks=1 kind=Some(Recovery) nc_here=true saved=true": 24} t=1791487110358
EPOCH_OMITTED epoch=2 instances=55 retained=1753 t=1791487110358
EPOCH_CLOSED epoch=2 round=1 value=5D99D18CC9D288453C93AADB4504F2BD0FD46A880E59D67EDAD2BB45B4047B44 state=0472AD9B466466EE9FF25CBBC8DF88BBE2BEEAA1EB41559BFF8E78AB7ADDBE56 t=1791487110358
EPOCH_LOCKS epoch=2 continued=9 kinds={"locks=1 kind=Some(Recovery) nc_here=false saved=true": 1729, "locks=1 kind=Some(Recovery) nc_here=true saved=true": 24} t=1791487110360
EPOCH_OMITTED epoch=2 instances=55 retained=1753 t=1791487110360
EPOCH_CLOSED epoch=2 round=1 value=5D99D18CC9D288453C93AADB4504F2BD0FD46A880E59D67EDAD2BB45B4047B44 state=0472AD9B466466EE9FF25CBBC8DF88BBE2BEEAA1EB41559BFF8E78AB7ADDBE56 t=1791487110360
EPOCH_INSTALLED epoch=2 finalized=14259 cemented=14259 queued=0 missing=0 t=1791487110429
EPOCH_RETAINED epoch=2 retained=1753 held=812 missing=941 t=1791487110430
EPOCH_FOLLOW cemented=0 cementing=0 requested=142 pending=142 t=1791487110442
EPOCH_CARRIED epoch=3 instances=1333 split=13 t=1791487110499
EPOCH_ADVANCED epoch=4 elections=4490 active=3741 vote_records=470789 t=1791487110499
EPOCH_CARRIED epoch=3 instances=983 split=13 t=1791487110512
EPOCH_ADVANCED epoch=4 elections=4491 active=4171 vote_records=471573 t=1791487110512
EPOCH_INSTALLED epoch=2 finalized=14259 cemented=14259 queued=0 missing=0 t=1791487110521
EPOCH_RETAINED epoch=2 retained=1753 held=1753 missing=0 t=1791487110523
EPOCH_INSTALLED epoch=2 finalized=14259 cemented=14259 queued=0 missing=0 t=1791487110539
EPOCH_RETAINED epoch=2 retained=1753 held=1753 missing=0 t=1791487110540
EPOCH_CARRIED epoch=3 instances=756 split=13 t=1791487110541
EPOCH_ADVANCED epoch=4 elections=3336 active=3165 vote_records=471591 t=1791487110541
EPOCH_CARRIED epoch=3 instances=983 split=13 t=1791487110548
EPOCH_ADVANCED epoch=4 elections=4491 active=4171 vote_records=471616 t=1791487110548
EPOCH_INSTALLED epoch=2 finalized=14259 cemented=14259 queued=0 missing=0 t=1791487110559
EPOCH_RETAINED epoch=2 retained=1753 held=1753 missing=0 t=1791487110560
EPOCH_FOLLOW cemented=3 cementing=0 requested=938 pending=938 t=1791487110563
EPOCH_CARRIED epoch=3 instances=974 split=13 t=1791487110616
EPOCH_ADVANCED epoch=4 elections=4473 active=4162 vote_records=471751 t=1791487110616
EPOCH_EVIDENCE_RELEASED epoch=2 t=1791487110731
EPOCH_EVIDENCE_RELEASED epoch=2 t=1791487110754
EPOCH_EVIDENCE_RELEASED epoch=2 t=1791487110757
EPOCH_EVIDENCE_RELEASED epoch=2 t=1791487110770
EPOCH_EVIDENCE_RELEASED epoch=2 t=1791487110843
EPOCH_CLOSE_UNREADY epoch=3 short_of=reports usable=0 weight=0 required=5 held=0 theirs=[] t=1791487110953
EPOCH_CLOSE_UNREADY epoch=3 short_of=reports usable=0 weight=0 required=5 held=0 theirs=[] t=1791487110969
EPOCH_LOCKS_CONTINUED epoch=2 instances=13 t=1791487110970
EPOCH_CLOSE_UNREADY epoch=3 short_of=reports usable=0 weight=0 required=5 held=0 theirs=[] t=1791487110995
EPOCH_LOCKS_CONTINUED epoch=2 instances=13 t=1791487110997
EPOCH_CLOSE_UNREADY epoch=3 short_of=reports usable=0 weight=0 required=5 held=0 theirs=[] t=1791487111069
EPOCH_LOCKS_CONTINUED epoch=2 instances=13 t=1791487111071
EPOCH_INSTALLED epoch=2 finalized=14259 cemented=14259 queued=0 missing=0 t=1791487111124
EPOCH_RETAINED epoch=2 retained=1753 held=1001 missing=752 t=1791487111125
EPOCH_CLOSE_UNREADY epoch=3 short_of=reports usable=0 weight=0 required=5 held=0 theirs=[] t=1791487111132
EPOCH_REPORT epoch=3 certified=45036 residual=743 root=DD9E56B287EB597323C1977C733B75ABE68D3D72EA0353DF8AA7227C726F0A76 reports=1 t=1791487111138
EPOCH_REPORT epoch=3 certified=45036 residual=822 root=8058D9EE3CF4E7C744275FC28F64B334F2D580999DBB2C1C1A4B6362D4A1A1D5 reports=1 t=1791487111417
EPOCH_REPORT epoch=3 certified=45036 residual=743 root=90DC8423BEE8018EEB7C6AC1283749CC57E5E4F4F91EC1215E019E8EF2DF1615 reports=1 t=1791487111449
