[2m2026-09-22T23:19:51.686509Z[0m [32m INFO[0m [2mnanospam::setup::account_map_factory[0m[2m:[0m Creating account keys file with 45000 keys: "/Users/ruimorais/NanoSpam/account_keys.txt"
[2m2026-09-22T23:19:52.401764Z[0m [32m INFO[0m [2mnanospam::setup::node_config_factory[0m[2m:[0m ********************************************************************************
[2m2026-09-22T23:19:52.401774Z[0m [32m INFO[0m [2mnanospam::setup::node_config_factory[0m[2m:[0m Setting up node PR0...
[2m2026-09-22T23:19:52.401778Z[0m [32m INFO[0m [2mnanospam::setup::node_config_factory[0m[2m:[0m Creating directory "/Users/ruimorais/NanoSpam/pr0"
[2m2026-09-22T23:19:52.401860Z[0m [32m INFO[0m [2mnanospam::setup::node_config_factory[0m[2m:[0m Creating node config file: "/Users/ruimorais/NanoSpam/pr0/config-node.toml"
[2m2026-09-22T23:19:52.401965Z[0m [32m INFO[0m [2mnanospam::setup::node_config_factory[0m[2m:[0m Creating rpc config file: "/Users/ruimorais/NanoSpam/pr0/config-rpc.toml"
[2m2026-09-22T23:19:52.402025Z[0m [32m INFO[0m [2mnanospam::setup::node_config_factory[0m[2m:[0m ********************************************************************************
[2m2026-09-22T23:19:52.402028Z[0m [32m INFO[0m [2mnanospam::setup::node_config_factory[0m[2m:[0m Setting up node PR1...
[2m2026-09-22T23:19:52.402031Z[0m [32m INFO[0m [2mnanospam::setup::node_config_factory[0m[2m:[0m Creating directory "/Users/ruimorais/NanoSpam/pr1"
[2m2026-09-22T23:19:52.402071Z[0m [32m INFO[0m [2mnanospam::setup::node_config_factory[0m[2m:[0m Creating node config file: "/Users/ruimorais/NanoSpam/pr1/config-node.toml"
[2m2026-09-22T23:19:52.402147Z[0m [32m INFO[0m [2mnanospam::setup::node_config_factory[0m[2m:[0m Creating rpc config file: "/Users/ruimorais/NanoSpam/pr1/config-rpc.toml"
[2m2026-09-22T23:19:52.402214Z[0m [32m INFO[0m [2mnanospam::setup::node_config_factory[0m[2m:[0m ********************************************************************************
[2m2026-09-22T23:19:52.402217Z[0m [32m INFO[0m [2mnanospam::setup::node_config_factory[0m[2m:[0m Setting up node PR2...
[2m2026-09-22T23:19:52.402220Z[0m [32m INFO[0m [2mnanospam::setup::node_config_factory[0m[2m:[0m Creating directory "/Users/ruimorais/NanoSpam/pr2"
[2m2026-09-22T23:19:52.402262Z[0m [32m INFO[0m [2mnanospam::setup::node_config_factory[0m[2m:[0m Creating node config file: "/Users/ruimorais/NanoSpam/pr2/config-node.toml"
[2m2026-09-22T23:19:52.402322Z[0m [32m INFO[0m [2mnanospam::setup::node_config_factory[0m[2m:[0m Creating rpc config file: "/Users/ruimorais/NanoSpam/pr2/config-rpc.toml"
[2m2026-09-22T23:19:52.402378Z[0m [32m INFO[0m [2mnanospam::setup::node_config_factory[0m[2m:[0m ********************************************************************************
[2m2026-09-22T23:19:52.402380Z[0m [32m INFO[0m [2mnanospam::setup::node_config_factory[0m[2m:[0m Setting up node PR3...
[2m2026-09-22T23:19:52.402383Z[0m [32m INFO[0m [2mnanospam::setup::node_config_factory[0m[2m:[0m Creating directory "/Users/ruimorais/NanoSpam/pr3"
[2m2026-09-22T23:19:52.402417Z[0m [32m INFO[0m [2mnanospam::setup::node_config_factory[0m[2m:[0m Creating node config file: "/Users/ruimorais/NanoSpam/pr3/config-node.toml"
[2m2026-09-22T23:19:52.402478Z[0m [32m INFO[0m [2mnanospam::setup::node_config_factory[0m[2m:[0m Creating rpc config file: "/Users/ruimorais/NanoSpam/pr3/config-rpc.toml"
[2m2026-09-22T23:19:52.402528Z[0m [32m INFO[0m [2mnanospam::setup::node_config_factory[0m[2m:[0m ********************************************************************************
[2m2026-09-22T23:19:52.402531Z[0m [32m INFO[0m [2mnanospam::setup::node_config_factory[0m[2m:[0m Setting up node PR4...
[2m2026-09-22T23:19:52.402533Z[0m [32m INFO[0m [2mnanospam::setup::node_config_factory[0m[2m:[0m Creating directory "/Users/ruimorais/NanoSpam/pr4"
[2m2026-09-22T23:19:52.402569Z[0m [32m INFO[0m [2mnanospam::setup::node_config_factory[0m[2m:[0m Creating node config file: "/Users/ruimorais/NanoSpam/pr4/config-node.toml"
[2m2026-09-22T23:19:52.402653Z[0m [32m INFO[0m [2mnanospam::setup::node_config_factory[0m[2m:[0m Creating rpc config file: "/Users/ruimorais/NanoSpam/pr4/config-rpc.toml"
[2m2026-09-22T23:19:52.402715Z[0m [32m INFO[0m [2mnanospam::setup::node_config_factory[0m[2m:[0m ********************************************************************************
[2m2026-09-22T23:19:52.402718Z[0m [32m INFO[0m [2mnanospam::setup::node_config_factory[0m[2m:[0m Setting up node PR5...
[2m2026-09-22T23:19:52.402720Z[0m [32m INFO[0m [2mnanospam::setup::node_config_factory[0m[2m:[0m Creating directory "/Users/ruimorais/NanoSpam/pr5"
[2m2026-09-22T23:19:52.402773Z[0m [32m INFO[0m [2mnanospam::setup::node_config_factory[0m[2m:[0m Creating node config file: "/Users/ruimorais/NanoSpam/pr5/config-node.toml"
[2m2026-09-22T23:19:52.402845Z[0m [32m INFO[0m [2mnanospam::setup::node_config_factory[0m[2m:[0m Creating rpc config file: "/Users/ruimorais/NanoSpam/pr5/config-rpc.toml"
[2m2026-09-22T23:19:52.402942Z[0m [32m INFO[0m [2mnanospam::setup::node_launcher[0m[2m:[0m Starting node: NANO_TEST_GENESIS_BLOCK="{\n    \"type\": \"open\",\n    \"account\": \"nano_3nroioygg54nusrmyun4woimqex36sp3drnctdt5955uqu47fxbkrxk7n7ne\",\n    \"source\": \"D315857CE70C54DE713F6E82E5613BB3A1266C15E28AD2F4338C7BBEC456F532\",\n    \"representative\": \"nano_3nroioygg54nusrmyun4woimqex36sp3drnctdt5955uqu47fxbkrxk7n7ne\",\n    \"signature\": \"3F6792C2DC623DF2E8643777160AB983B66B337E2478E13D2C3448126A8F4CD8DCCD19803C158A057FA44060AE0EFC09B1C311CB4FBF42F8D240610B38F56E08\",\n    \"work\": \"70FEF01F7EC45DEC\"\n    }" NANO_TEST_GENESIS_PRV ="49643F9B10CA1AA34F9AF8ED4AABD29F436104CCC375974B108534A48EAE3FE1" "rsnano" "--network" "test" "--data-path" "/Users/ruimorais/NanoSpam/pr0" "node" "run"
[2m2026-09-22T23:19:52.403414Z[0m [32m INFO[0m [2mnanospam::setup::node_launcher[0m[2m:[0m Waiting for RPC...
[2m2026-09-22T23:19:52.506498Z[0m [32m INFO[0m [2mnanospam::setup::node_launcher[0m[2m:[0m Starting node: NANO_TEST_GENESIS_BLOCK="{\n    \"type\": \"open\",\n    \"account\": \"nano_3nroioygg54nusrmyun4woimqex36sp3drnctdt5955uqu47fxbkrxk7n7ne\",\n    \"source\": \"D315857CE70C54DE713F6E82E5613BB3A1266C15E28AD2F4338C7BBEC456F532\",\n    \"representative\": \"nano_3nroioygg54nusrmyun4woimqex36sp3drnctdt5955uqu47fxbkrxk7n7ne\",\n    \"signature\": \"3F6792C2DC623DF2E8643777160AB983B66B337E2478E13D2C3448126A8F4CD8DCCD19803C158A057FA44060AE0EFC09B1C311CB4FBF42F8D240610B38F56E08\",\n    \"work\": \"70FEF01F7EC45DEC\"\n    }" NANO_TEST_GENESIS_PRV ="49643F9B10CA1AA34F9AF8ED4AABD29F436104CCC375974B108534A48EAE3FE1" "rsnano" "--network" "test" "--data-path" "/Users/ruimorais/NanoSpam/pr1" "node" "run"
[2m2026-09-22T23:19:52.506922Z[0m [32m INFO[0m [2mnanospam::setup::node_launcher[0m[2m:[0m Waiting for RPC...
[2m2026-09-22T23:19:52.609303Z[0m [32m INFO[0m [2mnanospam::setup::node_launcher[0m[2m:[0m Starting node: NANO_TEST_GENESIS_BLOCK="{\n    \"type\": \"open\",\n    \"account\": \"nano_3nroioygg54nusrmyun4woimqex36sp3drnctdt5955uqu47fxbkrxk7n7ne\",\n    \"source\": \"D315857CE70C54DE713F6E82E5613BB3A1266C15E28AD2F4338C7BBEC456F532\",\n    \"representative\": \"nano_3nroioygg54nusrmyun4woimqex36sp3drnctdt5955uqu47fxbkrxk7n7ne\",\n    \"signature\": \"3F6792C2DC623DF2E8643777160AB983B66B337E2478E13D2C3448126A8F4CD8DCCD19803C158A057FA44060AE0EFC09B1C311CB4FBF42F8D240610B38F56E08\",\n    \"work\": \"70FEF01F7EC45DEC\"\n    }" NANO_TEST_GENESIS_PRV ="49643F9B10CA1AA34F9AF8ED4AABD29F436104CCC375974B108534A48EAE3FE1" "rsnano" "--network" "test" "--data-path" "/Users/ruimorais/NanoSpam/pr2" "node" "run"
[2m2026-09-22T23:19:52.609812Z[0m [32m INFO[0m [2mnanospam::setup::node_launcher[0m[2m:[0m Waiting for RPC...
[2m2026-09-22T23:19:52.712275Z[0m [32m INFO[0m [2mnanospam::setup::node_launcher[0m[2m:[0m Starting node: NANO_TEST_GENESIS_BLOCK="{\n    \"type\": \"open\",\n    \"account\": \"nano_3nroioygg54nusrmyun4woimqex36sp3drnctdt5955uqu47fxbkrxk7n7ne\",\n    \"source\": \"D315857CE70C54DE713F6E82E5613BB3A1266C15E28AD2F4338C7BBEC456F532\",\n    \"representative\": \"nano_3nroioygg54nusrmyun4woimqex36sp3drnctdt5955uqu47fxbkrxk7n7ne\",\n    \"signature\": \"3F6792C2DC623DF2E8643777160AB983B66B337E2478E13D2C3448126A8F4CD8DCCD19803C158A057FA44060AE0EFC09B1C311CB4FBF42F8D240610B38F56E08\",\n    \"work\": \"70FEF01F7EC45DEC\"\n    }" NANO_TEST_GENESIS_PRV ="49643F9B10CA1AA34F9AF8ED4AABD29F436104CCC375974B108534A48EAE3FE1" "rsnano" "--network" "test" "--data-path" "/Users/ruimorais/NanoSpam/pr3" "node" "run"
[2m2026-09-22T23:19:52.712854Z[0m [32m INFO[0m [2mnanospam::setup::node_launcher[0m[2m:[0m Waiting for RPC...
[2m2026-09-22T23:19:52.815447Z[0m [32m INFO[0m [2mnanospam::setup::node_launcher[0m[2m:[0m Starting node: NANO_TEST_GENESIS_BLOCK="{\n    \"type\": \"open\",\n    \"account\": \"nano_3nroioygg54nusrmyun4woimqex36sp3drnctdt5955uqu47fxbkrxk7n7ne\",\n    \"source\": \"D315857CE70C54DE713F6E82E5613BB3A1266C15E28AD2F4338C7BBEC456F532\",\n    \"representative\": \"nano_3nroioygg54nusrmyun4woimqex36sp3drnctdt5955uqu47fxbkrxk7n7ne\",\n    \"signature\": \"3F6792C2DC623DF2E8643777160AB983B66B337E2478E13D2C3448126A8F4CD8DCCD19803C158A057FA44060AE0EFC09B1C311CB4FBF42F8D240610B38F56E08\",\n    \"work\": \"70FEF01F7EC45DEC\"\n    }" NANO_TEST_GENESIS_PRV ="49643F9B10CA1AA34F9AF8ED4AABD29F436104CCC375974B108534A48EAE3FE1" "rsnano" "--network" "test" "--data-path" "/Users/ruimorais/NanoSpam/pr4" "node" "run"
[2m2026-09-22T23:19:52.815826Z[0m [32m INFO[0m [2mnanospam::setup::node_launcher[0m[2m:[0m Waiting for RPC...
[2m2026-09-22T23:19:52.918922Z[0m [32m INFO[0m [2mnanospam::setup::node_launcher[0m[2m:[0m Starting node: NANO_TEST_GENESIS_BLOCK="{\n    \"type\": \"open\",\n    \"account\": \"nano_3nroioygg54nusrmyun4woimqex36sp3drnctdt5955uqu47fxbkrxk7n7ne\",\n    \"source\": \"D315857CE70C54DE713F6E82E5613BB3A1266C15E28AD2F4338C7BBEC456F532\",\n    \"representative\": \"nano_3nroioygg54nusrmyun4woimqex36sp3drnctdt5955uqu47fxbkrxk7n7ne\",\n    \"signature\": \"3F6792C2DC623DF2E8643777160AB983B66B337E2478E13D2C3448126A8F4CD8DCCD19803C158A057FA44060AE0EFC09B1C311CB4FBF42F8D240610B38F56E08\",\n    \"work\": \"70FEF01F7EC45DEC\"\n    }" NANO_TEST_GENESIS_PRV ="49643F9B10CA1AA34F9AF8ED4AABD29F436104CCC375974B108534A48EAE3FE1" "rsnano" "--network" "test" "--data-path" "/Users/ruimorais/NanoSpam/pr5" "node" "run"
[2m2026-09-22T23:19:52.919461Z[0m [32m INFO[0m [2mnanospam::setup::node_launcher[0m[2m:[0m Waiting for RPC...
[2m2026-09-22T23:19:53.022725Z[0m [32m INFO[0m [2mnanospam::wallets_factory[0m[2m:[0m Creating wallet...
[2m2026-09-22T23:19:53.083758Z[0m [32m INFO[0m [2mnanospam::wallets_factory[0m[2m:[0m Setting default representative...
[2m2026-09-22T23:19:53.084137Z[0m [32m INFO[0m [2mnanospam::wallets_factory[0m[2m:[0m Creating wallet...
[2m2026-09-22T23:19:53.129992Z[0m [32m INFO[0m [2mnanospam::wallets_factory[0m[2m:[0m Setting default representative...
[2m2026-09-22T23:19:53.130303Z[0m [32m INFO[0m [2mnanospam::wallets_factory[0m[2m:[0m Sending Ӿ40,047,061 to PR1 wallet nano_3atmwjh8t11psdqf3qx6xjfiei94oajch6zsyauowxzjogbbgz168g5mp8f1 ...
[2m2026-09-22T23:19:53.130754Z[0m [32m INFO[0m [2mnanospam::wallets_factory[0m[2m:[0m Waiting for confirmation for B19EAD8221E07E52EEB7CA7EE50577B662C489ADBA15C0727DB6F8AEDAD50081
[2m2026-09-22T23:20:08.305051Z[0m [32m INFO[0m [2mnanospam::wallets_factory[0m[2m:[0m Receiving...
[2m2026-09-22T23:20:08.305985Z[0m [32m INFO[0m [2mnanospam::wallets_factory[0m[2m:[0m Waiting for confirmation for CBAA8D9FE2AA2CFEB77B87886D76922E22E4C51C0C091A54179A7E5CF79FC967
[2m2026-09-22T23:20:08.409079Z[0m [32m INFO[0m [2mnanospam::wallets_factory[0m[2m:[0m DONE
[2m2026-09-22T23:20:08.409212Z[0m [32m INFO[0m [2mnanospam::wallets_factory[0m[2m:[0m ********************************************************************************
[2m2026-09-22T23:20:08.409226Z[0m [32m INFO[0m [2mnanospam::wallets_factory[0m[2m:[0m Creating wallet...
[2m2026-09-22T23:20:08.487104Z[0m [32m INFO[0m [2mnanospam::wallets_factory[0m[2m:[0m Setting default representative...
[2m2026-09-22T23:20:08.487419Z[0m [32m INFO[0m [2mnanospam::wallets_factory[0m[2m:[0m Sending Ӿ40,047,061 to PR2 wallet nano_36asm8scxymtsjmgqp14per3zxpgaec1c65qb9en1buscq7qzqa93tfyyzs3 ...
[2m2026-09-22T23:20:08.487893Z[0m [32m INFO[0m [2mnanospam::wallets_factory[0m[2m:[0m Waiting for confirmation for CAFB013DCCB20BBF4CC103A0FDD2BF25C8F109B9E984B96D0666840E4B0F89BA
[2m2026-09-22T23:20:08.590347Z[0m [32m INFO[0m [2mnanospam::wallets_factory[0m[2m:[0m Receiving...
[2m2026-09-22T23:20:08.591150Z[0m [32m INFO[0m [2mnanospam::wallets_factory[0m[2m:[0m Waiting for confirmation for 7189E44F408196E8FD1F393F06CDAD4F7C5A415B2A2DDFA8ABEABEE83DA60182
[2m2026-09-22T23:20:08.694126Z[0m [32m INFO[0m [2mnanospam::wallets_factory[0m[2m:[0m DONE
[2m2026-09-22T23:20:08.694189Z[0m [32m INFO[0m [2mnanospam::wallets_factory[0m[2m:[0m ********************************************************************************
[2m2026-09-22T23:20:08.694203Z[0m [32m INFO[0m [2mnanospam::wallets_factory[0m[2m:[0m Creating wallet...
[2m2026-09-22T23:20:08.771340Z[0m [32m INFO[0m [2mnanospam::wallets_factory[0m[2m:[0m Setting default representative...
[2m2026-09-22T23:20:08.771684Z[0m [32m INFO[0m [2mnanospam::wallets_factory[0m[2m:[0m Sending Ӿ40,047,061 to PR3 wallet nano_1sfb11jzfi8k51fcnrzi1qe3qh1e1jkic3h45oak9yfg5yhbkczzxfwtat7m ...
[2m2026-09-22T23:20:08.772079Z[0m [32m INFO[0m [2mnanospam::wallets_factory[0m[2m:[0m Waiting for confirmation for E2CEA882BAF6FE5BE932C387FEB7740D791CAF9E5BECC7CEE8176C7DDEE6378A
[2m2026-09-22T23:20:08.874381Z[0m [32m INFO[0m [2mnanospam::wallets_factory[0m[2m:[0m Receiving...
[2m2026-09-22T23:20:08.875305Z[0m [32m INFO[0m [2mnanospam::wallets_factory[0m[2m:[0m Waiting for confirmation for EA5EC3EAA2535557DB68742DBFA22A64B7B314876EE136F919471550E89D65D4
[2m2026-09-22T23:20:08.978255Z[0m [32m INFO[0m [2mnanospam::wallets_factory[0m[2m:[0m DONE
[2m2026-09-22T23:20:08.978312Z[0m [32m INFO[0m [2mnanospam::wallets_factory[0m[2m:[0m ********************************************************************************
[2m2026-09-22T23:20:08.978324Z[0m [32m INFO[0m [2mnanospam::wallets_factory[0m[2m:[0m Creating wallet...
[2m2026-09-22T23:20:09.056473Z[0m [32m INFO[0m [2mnanospam::wallets_factory[0m[2m:[0m Setting default representative...
[2m2026-09-22T23:20:09.056802Z[0m [32m INFO[0m [2mnanospam::wallets_factory[0m[2m:[0m Sending Ӿ40,047,061 to PR4 wallet nano_1rsxmoinip7d4wafdp855194n43fs7s1jgne6tx8ruatiu6g89815pddzijp ...
[2m2026-09-22T23:20:09.057202Z[0m [32m INFO[0m [2mnanospam::wallets_factory[0m[2m:[0m Waiting for confirmation for 22677C7E74B964C1E24887306A66EAC48330280DFA5744E0E21166EC47B5438A
[2m2026-09-22T23:20:09.262373Z[0m [32m INFO[0m [2mnanospam::wallets_factory[0m[2m:[0m Receiving...
[2m2026-09-22T23:20:09.263136Z[0m [32m INFO[0m [2mnanospam::wallets_factory[0m[2m:[0m Waiting for confirmation for 686B8354F9897585048EDBC473B612A3E2823DE919A66201E69841219A6B5651
[2m2026-09-22T23:20:09.467801Z[0m [32m INFO[0m [2mnanospam::wallets_factory[0m[2m:[0m DONE
[2m2026-09-22T23:20:09.467875Z[0m [32m INFO[0m [2mnanospam::wallets_factory[0m[2m:[0m ********************************************************************************
[2m2026-09-22T23:20:09.467890Z[0m [32m INFO[0m [2mnanospam::wallets_factory[0m[2m:[0m Creating wallet...
[2m2026-09-22T23:20:09.541006Z[0m [32m INFO[0m [2mnanospam::wallets_factory[0m[2m:[0m Setting default representative...
[2m2026-09-22T23:20:09.541397Z[0m [32m INFO[0m [2mnanospam::wallets_factory[0m[2m:[0m Sending Ӿ40,047,061 to PR5 wallet nano_1wtzwadxk9naxc356m4rienp93ht131w7ypadk39qck8uah3bg3zohsmj9th ...
[2m2026-09-22T23:20:09.541922Z[0m [32m INFO[0m [2mnanospam::wallets_factory[0m[2m:[0m Waiting for confirmation for 86B6E149E407121861E950D6B66B56BA39E500C199E580ED6065515C3C25094F
[2m2026-09-22T23:20:26.165699Z[0m [32m INFO[0m [2mnanospam::wallets_factory[0m[2m:[0m Receiving...
[2m2026-09-22T23:20:26.167831Z[0m [32m INFO[0m [2mnanospam::wallets_factory[0m[2m:[0m Waiting for confirmation for 417F8AEA0F6FDD9A5EE6F5896819E98A81FC15AA2CF56207A5BCFB27193E37A9
[2m2026-09-22T23:20:26.271063Z[0m [32m INFO[0m [2mnanospam::wallets_factory[0m[2m:[0m DONE
[2m2026-09-22T23:20:26.271120Z[0m [32m INFO[0m [2mnanospam::wallets_factory[0m[2m:[0m ********************************************************************************
[2m2026-09-22T23:20:26.271135Z[0m [32m INFO[0m [2mnanospam::wallets_factory[0m[2m:[0m Sending initial spam amount...
[2m2026-09-22T23:20:26.272093Z[0m [32m INFO[0m [2mnanospam::wallets_factory[0m[2m:[0m Waiting for confirmation for 19489B47FAB80CF661DE1F92B940ED879095A103828B5AA91DA73092B6DE3993
[2m2026-09-22T23:20:26.477596Z[0m [32m INFO[0m [2mnanospam::wallets_factory[0m[2m:[0m Receiving initial spam amount...
[2m2026-09-22T23:20:26.478236Z[0m [32m INFO[0m [2mnanospam::wallets_factory[0m[2m:[0m Waiting for confirmation for B8D28A8338F4EBC09B8A0C9640603C4C462C618CE46C42884F5D3E58224309A5
[2m2026-09-22T23:20:26.581253Z[0m [32m INFO[0m [2mnanospam::wallets_factory[0m[2m:[0m Seeding Ӿ14,285,714 to nano_1u4xjf46jidnumtdof9r9e5krnzcb5ysaeqafbf3bf1pnj6orxhf8bdomon1 for representative D315857CE70C54DE713F6E82E5613BB3A1266C15E28AD2F4338C7BBEC456F532
[2m2026-09-22T23:20:26.581903Z[0m [32m INFO[0m [2mnanospam::wallets_factory[0m[2m:[0m Waiting for confirmation for DC1FEAF96B7B6B6BB5266906EA833FC2F5C3439C9DD906388CA92B21E044E944
[2m2026-09-22T23:20:26.685459Z[0m [32m INFO[0m [2mnanospam::wallets_factory[0m[2m:[0m Waiting for confirmation for 228A7530217DB74A879B442CE8B60A190BD6CC5C774574CA552F6A357D049A93
[2m2026-09-22T23:20:26.788402Z[0m [32m INFO[0m [2mnanospam::wallets_factory[0m[2m:[0m Seeding Ӿ14,285,714 to nano_14u48f7j79gwtk5hhdmz1mcjgm44mtwx9wji3bh1ceyumhmqhqjqptrc4px1 for representative A353E45E6D0016CAEED0DFA4EC5B0640E2AA22A793F9F2375E77F1AB92977C04
[2m2026-09-22T23:20:26.789391Z[0m [32m INFO[0m [2mnanospam::wallets_factory[0m[2m:[0m Waiting for confirmation for B588396821376143AE05595EF84D3A4C7D9DC69972315356181C049EDDC8E613
[2m2026-09-22T23:20:26.995691Z[0m [32m INFO[0m [2mnanospam::wallets_factory[0m[2m:[0m Waiting for confirmation for CE8DF6C885A8A218A43E99110456616996C26A5F4B5BD0C47C5BAC283FDC61D5
[2m2026-09-22T23:20:27.098374Z[0m [32m INFO[0m [2mnanospam::wallets_factory[0m[2m:[0m Seeding Ӿ14,285,714 to nano_1p9n3qj8j7rbt4h1xhp6dxsphqic1yj8wpax1jygypqkq5kmdi6cy1dksj1z for representative 911999B2AEFA7ACC66EBD802B3301FF6CE431405107749D940277955CB7FDD07
[2m2026-09-22T23:20:27.099529Z[0m [32m INFO[0m [2mnanospam::wallets_factory[0m[2m:[0m Waiting for confirmation for 861CDF3D2D3406218CDB7528C1382F130226952F3FD2A53923D3C981C9999584
[2m2026-09-22T23:20:27.205663Z[0m [32m INFO[0m [2mnanospam::wallets_factory[0m[2m:[0m Waiting for confirmation for 8B8F774459C02FA70C831BE6F845936E1A01061822488CCEB8B7510F6FBBD7D9
[2m2026-09-22T23:20:27.310065Z[0m [32m INFO[0m [2mnanospam::wallets_factory[0m[2m:[0m Seeding Ӿ14,285,714 to nano_3ezdxuk1ucemnuxmtfhfjyy9gspc964if6rz664oot5eqfzao8c1ton6zh91 for representative 65A90023F6C0D2181AAA63F005D81BBC0C04650505E21D5123F9AE1F9E992BFF
[2m2026-09-22T23:20:27.311030Z[0m [32m INFO[0m [2mnanospam::wallets_factory[0m[2m:[0m Waiting for confirmation for F5C6504D254974449441EC0F7C1275AFBC27AD208A5DB6EFE6EE8A0630A17FDE
[2m2026-09-22T23:20:27.516546Z[0m [32m INFO[0m [2mnanospam::wallets_factory[0m[2m:[0m Waiting for confirmation for 6964018F69AC36E94D66C6720A3D22EC9136FC5991244E2D6D55134640CB6E29
[2m2026-09-22T23:20:27.721785Z[0m [32m INFO[0m [2mnanospam::wallets_factory[0m[2m:[0m Seeding Ӿ14,285,714 to nano_17qzg9ou1af9ssqcuc7kyc1ehdhhqebxsuga41ftafu86bgimw7mkc1gnxak for representative 633D9D614858AB1710D5D8C3180E2A082DC97208BA8C26BA6C6D1A86C8E31CC0
[2m2026-09-22T23:20:27.722905Z[0m [32m INFO[0m [2mnanospam::wallets_factory[0m[2m:[0m Waiting for confirmation for 3EACD8C49DBE318A8CCD3EC119E567583EBFBFA3E34274936EC5229BF607C3CE
[2m2026-09-22T23:20:27.929793Z[0m [32m INFO[0m [2mnanospam::wallets_factory[0m[2m:[0m Waiting for confirmation for 1FFCE4C39EB2ACCEC05DC22EAF8C8237BE6A61DE9227F0833AFB3ACB080FA2DE
[2m2026-09-22T23:20:28.136052Z[0m [32m INFO[0m [2mnanospam::wallets_factory[0m[2m:[0m Seeding Ӿ14,285,714 to nano_16a569gat466jkn3ryq84shwf6j6j5cqn7hj69on8nfqz19cutj5963fynj9 for representative 735FE217D91E88EA82324C5883296385FA0041C2FAC85C827BAA46DA1E14B83F
[2m2026-09-22T23:20:28.136789Z[0m [32m INFO[0m [2mnanospam::wallets_factory[0m[2m:[0m Waiting for confirmation for F9769BF22052FBDCD9AD81806CEC8560E1F6B7F36041062F21CB4096D67C45E2
[2m2026-09-22T23:20:28.343115Z[0m [32m INFO[0m [2mnanospam::wallets_factory[0m[2m:[0m Waiting for confirmation for B5ECA385F7D554A8715EAB45C31B3375A0B6749C49FF5AB4387C6D3BBF3C2D63
[2m2026-09-22T23:20:28.552116Z[0m [32m INFO[0m [2mnanospam::high_prio_check[0m[2m:[0m Creating high priority accounts...
[2m2026-09-22T23:20:28.577182Z[0m [32m INFO[0m [2mnanospam::high_prio_check[0m[2m:[0m Waiting for confirmations...
[2m2026-09-22T23:20:30.790959Z[0m [32m INFO[0m [2mnanospam::app[0m[2m:[0m Waiting for all PRs to see the full quorum...
[2m2026-09-22T23:20:30.792717Z[0m [32m INFO[0m [2mnanospam::app[0m[2m:[0m All PRs see the full quorum after 1.717042ms
[2m2026-09-22T23:20:30.792739Z[0m [32m INFO[0m [2mnanospam::app[0m[2m:[0m Waiting for all PRs to hold the same cemented ledger...
[2m2026-09-22T23:20:30.794038Z[0m [32m INFO[0m [2mnanospam::app[0m[2m:[0m All PRs hold the same ledger of 65 blocks after 1.289625ms
EPOCH_COMMITTEE derived_by=genesis members=6 accounts=33 n=340282366920938463463374607431768211455 digest=6BA9264170B331470BE87218817AE67B16A25EDC1C9BE866C5DE08F9B5D44556 shares=["65A90023:20.2%", "A353E45E:16.0%", "735FE217:16.0%", "633D9D61:16.0%", "911999B2:16.0%", "D315857C:16.0%"] t=1790119230794
EPOCH_START epoch=0 elections=0 t=1790119230794
EPOCH_COMMITTEE derived_by=genesis members=6 accounts=33 n=340282366920938463463374607431768211455 digest=6BA9264170B331470BE87218817AE67B16A25EDC1C9BE866C5DE08F9B5D44556 shares=["65A90023:20.2%", "A353E45E:16.0%", "735FE217:16.0%", "633D9D61:16.0%", "911999B2:16.0%", "D315857C:16.0%"] t=1790119230794
EPOCH_START epoch=0 elections=0 t=1790119230794
EPOCH_COMMITTEE derived_by=genesis members=6 accounts=33 n=340282366920938463463374607431768211455 digest=6BA9264170B331470BE87218817AE67B16A25EDC1C9BE866C5DE08F9B5D44556 shares=["65A90023:20.2%", "A353E45E:16.0%", "735FE217:16.0%", "633D9D61:16.0%", "911999B2:16.0%", "D315857C:16.0%"] t=1790119230794
EPOCH_START epoch=0 elections=0 t=1790119230794
EPOCH_COMMITTEE derived_by=genesis members=6 accounts=33 n=340282366920938463463374607431768211455 digest=6BA9264170B331470BE87218817AE67B16A25EDC1C9BE866C5DE08F9B5D44556 shares=["65A90023:20.2%", "A353E45E:16.0%", "735FE217:16.0%", "633D9D61:16.0%", "911999B2:16.0%", "D315857C:16.0%"] t=1790119230795
EPOCH_START epoch=0 elections=0 t=1790119230795
EPOCH_COMMITTEE derived_by=genesis members=6 accounts=33 n=340282366920938463463374607431768211455 digest=6BA9264170B331470BE87218817AE67B16A25EDC1C9BE866C5DE08F9B5D44556 shares=["65A90023:20.2%", "A353E45E:16.0%", "735FE217:16.0%", "633D9D61:16.0%", "911999B2:16.0%", "D315857C:16.0%"] t=1790119230795
EPOCH_START epoch=0 elections=0 t=1790119230795
EPOCH_COMMITTEE derived_by=genesis members=6 accounts=33 n=340282366920938463463374607431768211455 digest=6BA9264170B331470BE87218817AE67B16A25EDC1C9BE866C5DE08F9B5D44556 shares=["65A90023:20.2%", "A353E45E:16.0%", "735FE217:16.0%", "633D9D61:16.0%", "911999B2:16.0%", "D315857C:16.0%"] t=1790119230795
EPOCH_START epoch=0 elections=0 t=1790119230795
[2m2026-09-22T23:20:30.795907Z[0m [32m INFO[0m [2mnanospam::app[0m[2m:[0m Started the epochs on every PR
[2m2026-09-22T23:20:30.795920Z[0m [32m INFO[0m [2mnanospam::app[0m[2m:[0m Connecting to node PR0... [3mpeer_addr[0m[2m=[0m[::1]:17075
[2m2026-09-22T23:20:30.796397Z[0m [32m INFO[0m [2mnanospam::app[0m[2m:[0m Performing handshake...
[2m2026-09-22T23:20:30.797093Z[0m [32m INFO[0m [2mnanospam::app[0m[2m:[0m Performing handshake...
[2m2026-09-22T23:20:30.808109Z[0m [32m INFO[0m [2mnanospam::app[0m[2m:[0m Performing handshake...
[2m2026-09-22T23:20:30.819061Z[0m [32m INFO[0m [2mnanospam::app[0m[2m:[0m Performing handshake...
[2m2026-09-22T23:20:30.830816Z[0m [32m INFO[0m [2mnanospam::app[0m[2m:[0m Connecting to node PR1... [3mpeer_addr[0m[2m=[0m[::1]:17085
[2m2026-09-22T23:20:30.831132Z[0m [32m INFO[0m [2mnanospam::app[0m[2m:[0m Performing handshake...
[2m2026-09-22T23:20:30.831753Z[0m [32m INFO[0m [2mnanospam::app[0m[2m:[0m Performing handshake...
[2m2026-09-22T23:20:30.842970Z[0m [32m INFO[0m [2mnanospam::app[0m[2m:[0m Performing handshake...
[2m2026-09-22T23:20:30.853526Z[0m [32m INFO[0m [2mnanospam::app[0m[2m:[0m Performing handshake...
[2m2026-09-22T23:20:30.865360Z[0m [32m INFO[0m [2mnanospam::app[0m[2m:[0m Connecting to node PR2... [3mpeer_addr[0m[2m=[0m[::1]:17095
[2m2026-09-22T23:20:30.865679Z[0m [32m INFO[0m [2mnanospam::app[0m[2m:[0m Performing handshake...
[2m2026-09-22T23:20:30.866164Z[0m [32m INFO[0m [2mnanospam::app[0m[2m:[0m Performing handshake...
[2m2026-09-22T23:20:30.877728Z[0m [32m INFO[0m [2mnanospam::app[0m[2m:[0m Performing handshake...
[2m2026-09-22T23:20:30.888743Z[0m [32m INFO[0m [2mnanospam::app[0m[2m:[0m Performing handshake...
[2m2026-09-22T23:20:30.899325Z[0m [32m INFO[0m [2mnanospam::app[0m[2m:[0m Connecting to node PR3... [3mpeer_addr[0m[2m=[0m[::1]:17105
[2m2026-09-22T23:20:30.899684Z[0m [32m INFO[0m [2mnanospam::app[0m[2m:[0m Performing handshake...
[2m2026-09-22T23:20:30.900189Z[0m [32m INFO[0m [2mnanospam::app[0m[2m:[0m Performing handshake...
[2m2026-09-22T23:20:30.911200Z[0m [32m INFO[0m [2mnanospam::app[0m[2m:[0m Performing handshake...
[2m2026-09-22T23:20:30.921907Z[0m [32m INFO[0m [2mnanospam::app[0m[2m:[0m Performing handshake...
[2m2026-09-22T23:20:30.933398Z[0m [32m INFO[0m [2mnanospam::app[0m[2m:[0m Connecting to node PR4... [3mpeer_addr[0m[2m=[0m[::1]:17115
[2m2026-09-22T23:20:30.933651Z[0m [32m INFO[0m [2mnanospam::app[0m[2m:[0m Performing handshake...
[2m2026-09-22T23:20:30.934215Z[0m [32m INFO[0m [2mnanospam::app[0m[2m:[0m Performing handshake...
[2m2026-09-22T23:20:30.946394Z[0m [32m INFO[0m [2mnanospam::app[0m[2m:[0m Performing handshake...
[2m2026-09-22T23:20:30.958863Z[0m [32m INFO[0m [2mnanospam::app[0m[2m:[0m Performing handshake...
[2m2026-09-22T23:20:30.969861Z[0m [32m INFO[0m [2mnanospam::app[0m[2m:[0m Connecting to node PR5... [3mpeer_addr[0m[2m=[0m[::1]:17125
[2m2026-09-22T23:20:30.970202Z[0m [32m INFO[0m [2mnanospam::app[0m[2m:[0m Performing handshake...
[2m2026-09-22T23:20:30.970777Z[0m [32m INFO[0m [2mnanospam::app[0m[2m:[0m Performing handshake...
[2m2026-09-22T23:20:30.982172Z[0m [32m INFO[0m [2mnanospam::app[0m[2m:[0m Performing handshake...
[2m2026-09-22T23:20:30.994349Z[0m [32m INFO[0m [2mnanospam::app[0m[2m:[0m Performing handshake...
[2m2026-09-22T23:20:31.006784Z[0m [32m INFO[0m [2mnanospam::app[0m[2m:[0m Connecting to websocket...
[2m2026-09-22T23:20:31.007549Z[0m [32m INFO[0m [2mnanospam::app[0m[2m:[0m Starting with 2000 BPS
[2m2026-09-22T23:20:32.008305Z[0m [32m INFO[0m [2mnanospam::app[0m[2m:[0m Confirmed 574 blocks | 2,000 bps | 643 cps | avg conf time: 102 ms
[2m2026-09-22T23:20:33.010349Z[0m [32m INFO[0m [2mnanospam::app[0m[2m:[0m Confirmed 3,465 blocks | 2,000 bps | 2,886 cps | avg conf time: 158 ms
[2m2026-09-22T23:20:34.011228Z[0m [32m INFO[0m [2mnanospam::app[0m[2m:[0m Confirmed 5,987 blocks | 2,000 bps | 2,518 cps | avg conf time: 143 ms
[2m2026-09-22T23:20:35.012824Z[0m [32m INFO[0m [2mnanospam::app[0m[2m:[0m Confirmed 7,766 blocks | 2,000 bps | 1,777 cps | avg conf time: 102 ms
[2m2026-09-22T23:20:36.013182Z[0m [32m INFO[0m [2mnanospam::app[0m[2m:[0m Confirmed 9,677 blocks | 2,000 bps | 1,909 cps | avg conf time: 105 ms
[2m2026-09-22T23:20:37.014163Z[0m [32m INFO[0m [2mnanospam::app[0m[2m:[0m Confirmed 11,505 blocks | 2,000 bps | 1,826 cps | avg conf time: 98 ms
[2m2026-09-22T23:20:38.015281Z[0m [32m INFO[0m [2mnanospam::app[0m[2m:[0m Confirmed 13,338 blocks | 2,000 bps | 1,830 cps | avg conf time: 103 ms
EPOCH_ENDED epoch=0 elections=919 active=123 t=1790119238796
EPOCH_ENDED epoch=0 elections=919 active=123 t=1790119238796
EPOCH_ENDED epoch=0 elections=915 active=119 t=1790119238796
EPOCH_ENDED epoch=0 elections=917 active=121 t=1790119238796
EPOCH_ENDED epoch=0 elections=915 active=119 t=1790119238796
EPOCH_ENDED epoch=0 elections=917 active=121 t=1790119238796
EPOCH_DRAIN_WAIT epoch=0 unterminated=71 previous_closed=true first=["91378488BAC2974D48259E13BCE80BC34D5F1CE14F93E05E9B2DA4DAD66FFF09:active:1:2", "0F4B8461DF0EF18B52977F5685A13A5D5EAACDD9B29825D578A800DFBDF83D8C:active:1:2", "37C02EB63C5BE0ABC17E5E12171981B94F1239763F5FBF4B20A1992233BA42E4:active:1:3"] t=1790119238846
EPOCH_DRAIN_WAIT epoch=0 unterminated=43 previous_closed=true first=["91378488BAC2974D48259E13BCE80BC34D5F1CE14F93E05E9B2DA4DAD66FFF09:active:1:3", "0F4B8461DF0EF18B52977F5685A13A5D5EAACDD9B29825D578A800DFBDF83D8C:active:1:3", "644CCF7696B8D0498B49205A9D0E2815D7FEFE3F256933685D99D25C5AF2635B:active:1:3"] t=1790119238861
EPOCH_ADVANCED epoch=1 elections=745 active=0 t=1790119238934
EPOCH_REPORT epoch=0 certified=16161 residual=416 root=BCCC7C7C4F116230D5DFC59E4FA061D8EF7715DD9E050622D609C522356CD24B reports=1 t=1790119238966
EPOCH_CLOSE_UNREADY epoch=0 short_of=reports usable=1 weight=54332782939204029624848148857675654289 required=275628717205960155405333432019732251279 held=0 theirs=[] t=1790119238966
EPOCH_ADVANCED epoch=1 elections=745 active=0 t=1790119238976
EPOCH_RECON_REQUEST epoch=0 reporter=A353E45E6D0016CAEED0DFA4EC5B0640E2AA22A793F9F2375E77F1AB92977C04 target=BCCC7C7C4F116230D5DFC59E4FA061D8EF7715DD9E050622D609C522356CD24B sources=["8CFC6930"] t=1790119239002
[2m2026-09-22T23:20:39.016133Z[0m [32m INFO[0m [2mnanospam::app[0m[2m:[0m Confirmed 14,980 blocks | 2,000 bps | 1,640 cps | avg conf time: 106 ms
EPOCH_RECON_REFUSED epoch=0 target=BCCC7C7C4F116230D5DFC59E4FA061D8EF7715DD9E050622D609C522356CD24B reason=UnknownTarget sources=["8CFC6930"] t=1790119239019
EPOCH_RECON_REFUSED epoch=0 target=BCCC7C7C4F116230D5DFC59E4FA061D8EF7715DD9E050622D609C522356CD24B reason=UnknownTarget sources=["8CFC6930"] t=1790119239019
EPOCH_RECON_REFUSED epoch=0 target=BCCC7C7C4F116230D5DFC59E4FA061D8EF7715DD9E050622D609C522356CD24B reason=UnknownSource sources=["8CFC6930"] t=1790119239019
EPOCH_RECON_REFUSED epoch=0 target=BCCC7C7C4F116230D5DFC59E4FA061D8EF7715DD9E050622D609C522356CD24B reason=UnknownTarget sources=["8CFC6930"] t=1790119239019
EPOCH_REPORT epoch=0 certified=16170 residual=411 root=3A066FC0BF1441719B7E71FC35433BEC923BEA8D1072A6433074B881933197C6 reports=1 t=1790119239020
EPOCH_RECON_REFUSED epoch=0 target=BCCC7C7C4F116230D5DFC59E4FA061D8EF7715DD9E050622D609C522356CD24B reason=UnknownTarget sources=["8CFC6930"] t=1790119239020
EPOCH_CLOSE_UNREADY epoch=0 short_of=reports usable=1 weight=54332779939204029624848148857675654289 required=275628717205960155405333432019732251279 held=2 theirs=["A353E45E:BCCC7C7C:34D503A0", "633D9D61:3A066FC0:CEB5214A"] t=1790119239020
EPOCH_RECONCILED epoch=0 reporter=A353E45E6D0016CAEED0DFA4EC5B0640E2AA22A793F9F2375E77F1AB92977C04 complete=false entries=416 total=416 t=1790119239021
EPOCH_ADVANCED epoch=1 elections=743 active=0 t=1790119239049
EPOCH_ADVANCED epoch=1 elections=743 active=0 t=1790119239051
EPOCH_REPORT epoch=0 certified=16082 residual=517 root=1386A7D2957AA1DC1AFD6484E9D187259D2F731D541863C068807DE483627F6C reports=1 t=1790119239087
EPOCH_REPORT epoch=0 certified=16170 residual=412 root=7FBF56C2E633C775EC9EAFFC46547F841EE70EE2565C2EA55672E351CFF85A8A reports=1 t=1790119239090
EPOCH_ADVANCED epoch=1 elections=743 active=0 t=1790119239093
EPOCH_ADVANCED epoch=1 elections=743 active=0 t=1790119239093
EPOCH_RECON_REQUEST epoch=0 reporter=A353E45E6D0016CAEED0DFA4EC5B0640E2AA22A793F9F2375E77F1AB92977C04 target=BCCC7C7C4F116230D5DFC59E4FA061D8EF7715DD9E050622D609C522356CD24B sources=["1386A7D2", "1386A7D2"] t=1790119239113
EPOCH_RECON_REFUSED epoch=0 target=BCCC7C7C4F116230D5DFC59E4FA061D8EF7715DD9E050622D609C522356CD24B reason=UnknownTarget sources=["1386A7D2", "1386A7D2"] t=1790119239113
EPOCH_RECONCILED epoch=0 reporter=A353E45E6D0016CAEED0DFA4EC5B0640E2AA22A793F9F2375E77F1AB92977C04 complete=false entries=416 total=416 t=1790119239114
EPOCH_CLOSE_UNREADY epoch=0 short_of=reports usable=1 weight=54332782939204029624848148857675654289 required=275628717205960155405333432019732251279 held=4 theirs=["911999B2:7FBF56C2:38E0B24D", "A353E45E:BCCC7C7C:34D503A0", "633D9D61:3A066FC0:CEB5214A", "735FE217:1386A7D2:A2FFFD03"] t=1790119239118
EPOCH_RECONCILED epoch=0 reporter=633D9D614858AB1710D5D8C3180E2A082DC97208BA8C26BA6C6D1A86C8E31CC0 complete=false entries=411 total=411 t=1790119239118
EPOCH_RECON_REQUEST epoch=0 reporter=633D9D614858AB1710D5D8C3180E2A082DC97208BA8C26BA6C6D1A86C8E31CC0 target=3A066FC0BF1441719B7E71FC35433BEC923BEA8D1072A6433074B881933197C6 sources=["7FBF56C2", "7FBF56C2"] t=1790119239125
EPOCH_CLOSE_UNREADY epoch=0 short_of=reports usable=1 weight=54332776939204029624848148857675654289 required=275628717205960155405333432019732251279 held=4 theirs=["633D9D61:3A066FC0:CEB5214A", "735FE217:1386A7D2:A2FFFD03", "A353E45E:BCCC7C7C:34D503A0", "911999B2:7FBF56C2:38E0B24D"] t=1790119239125
EPOCH_RECONCILED epoch=0 reporter=633D9D614858AB1710D5D8C3180E2A082DC97208BA8C26BA6C6D1A86C8E31CC0 complete=false entries=411 total=411 t=1790119239125
EPOCH_RECONCILED epoch=0 reporter=A353E45E6D0016CAEED0DFA4EC5B0640E2AA22A793F9F2375E77F1AB92977C04 complete=false entries=416 total=416 t=1790119239126
EPOCH_REPORT epoch=0 certified=16170 residual=389 root=7FBF56C2E633C775EC9EAFFC46547F841EE70EE2565C2EA55672E351CFF85A8A reports=1 t=1790119239134
EPOCH_REPORT epoch=0 certified=16156 residual=435 root=38A07DB2928CFD66E880AC2C3787EC541E666751EF04598C5491EA9979AA8925 reports=1 t=1790119239144
EPOCH_RECON_REQUEST epoch=0 reporter=633D9D614858AB1710D5D8C3180E2A082DC97208BA8C26BA6C6D1A86C8E31CC0 target=3A066FC0BF1441719B7E71FC35433BEC923BEA8D1072A6433074B881933197C6 sources=["7FBF56C2", "7FBF56C2"] t=1790119239167
EPOCH_RECONCILED epoch=0 reporter=911999B2AEFA7ACC66EBD802B3301FF6CE431405107749D940277955CB7FDD07 complete=false entries=0 total=16170 t=1790119239168
EPOCH_CLOSE_UNREADY epoch=0 short_of=reports usable=1 weight=54332751439204029624848148857675654294 required=275628717205960155405333432019732251279 held=6 theirs=["633D9D61:3A066FC0:CEB5214A", "735FE217:1386A7D2:A2FFFD03", "65A90023:38A07DB2:16D51EEE", "911999B2:7FBF56C2:38E0B24D", "D315857C:7FBF56C2:C71B5721", "A353E45E:BCCC7C7C:34D503A0"] t=1790119239168
EPOCH_RECONCILED epoch=0 reporter=65A90023F6C0D2181AAA63F005D81BBC0C04650505E21D5123F9AE1F9E992BFF complete=false entries=435 total=435 t=1790119239170
EPOCH_RECONCILED epoch=0 reporter=633D9D614858AB1710D5D8C3180E2A082DC97208BA8C26BA6C6D1A86C8E31CC0 complete=false entries=411 total=411 t=1790119239170
EPOCH_RECONCILED epoch=0 reporter=911999B2AEFA7ACC66EBD802B3301FF6CE431405107749D940277955CB7FDD07 complete=true entries=412 total=412 t=1790119239171
EPOCH_RECONCILED epoch=0 reporter=735FE217D91E88EA82324C5883296385FA0041C2FAC85C827BAA46DA1E14B83F complete=false entries=517 total=517 t=1790119239171
EPOCH_RECONCILED epoch=0 reporter=A353E45E6D0016CAEED0DFA4EC5B0640E2AA22A793F9F2375E77F1AB92977C04 complete=false entries=416 total=416 t=1790119239171
EPOCH_RECON_REQUEST epoch=0 reporter=911999B2AEFA7ACC66EBD802B3301FF6CE431405107749D940277955CB7FDD07 target=7FBF56C2E633C775EC9EAFFC46547F841EE70EE2565C2EA55672E351CFF85A8A sources=["38A07DB2", "38A07DB2"] t=1790119239187
EPOCH_CLOSE_UNREADY epoch=0 short_of=reports usable=1 weight=68618492724918315339133863143389940005 required=275628717205960155405333432019732251279 held=6 theirs=["911999B2:7FBF56C2:38E0B24D", "A353E45E:BCCC7C7C:34D503A0", "633D9D61:3A066FC0:CEB5214A", "D315857C:7FBF56C2:C71B5721", "65A90023:38A07DB2:16D51EEE", "735FE217:1386A7D2:A2FFFD03"] t=1790119239195
EPOCH_RECONCILED epoch=0 reporter=911999B2AEFA7ACC66EBD802B3301FF6CE431405107749D940277955CB7FDD07 complete=false entries=412 total=412 t=1790119239196
EPOCH_RECONCILED epoch=0 reporter=735FE217D91E88EA82324C5883296385FA0041C2FAC85C827BAA46DA1E14B83F complete=false entries=517 total=517 t=1790119239196
EPOCH_RECONCILED epoch=0 reporter=D315857CE70C54DE713F6E82E5613BB3A1266C15E28AD2F4338C7BBEC456F532 complete=false entries=389 total=389 t=1790119239196
EPOCH_RECONCILED epoch=0 reporter=633D9D614858AB1710D5D8C3180E2A082DC97208BA8C26BA6C6D1A86C8E31CC0 complete=false entries=411 total=411 t=1790119239197
EPOCH_RECONCILED epoch=0 reporter=A353E45E6D0016CAEED0DFA4EC5B0640E2AA22A793F9F2375E77F1AB92977C04 complete=false entries=416 total=416 t=1790119239197
EPOCH_RECON_REQUEST epoch=0 reporter=633D9D614858AB1710D5D8C3180E2A082DC97208BA8C26BA6C6D1A86C8E31CC0 target=3A066FC0BF1441719B7E71FC35433BEC923BEA8D1072A6433074B881933197C6 sources=["BCCC7C7C", "7FBF56C2"] t=1790119239251
EPOCH_RECONCILED epoch=0 reporter=911999B2AEFA7ACC66EBD802B3301FF6CE431405107749D940277955CB7FDD07 complete=false entries=0 total=16170 t=1790119239251
EPOCH_RECONCILED epoch=0 reporter=633D9D614858AB1710D5D8C3180E2A082DC97208BA8C26BA6C6D1A86C8E31CC0 complete=false entries=411 total=411 t=1790119239252
EPOCH_RECONCILED epoch=0 reporter=735FE217D91E88EA82324C5883296385FA0041C2FAC85C827BAA46DA1E14B83F complete=false entries=517 total=517 t=1790119239252
EPOCH_RECONCILED epoch=0 reporter=65A90023F6C0D2181AAA63F005D81BBC0C04650505E21D5123F9AE1F9E992BFF complete=false entries=435 total=435 t=1790119239252
EPOCH_RECONCILED epoch=0 reporter=911999B2AEFA7ACC66EBD802B3301FF6CE431405107749D940277955CB7FDD07 complete=true entries=412 total=412 t=1790119239253
EPOCH_RECONCILED epoch=0 reporter=D315857CE70C54DE713F6E82E5613BB3A1266C15E28AD2F4338C7BBEC456F532 complete=false entries=0 total=16170 t=1790119239254
EPOCH_RECONCILED epoch=0 reporter=D315857CE70C54DE713F6E82E5613BB3A1266C15E28AD2F4338C7BBEC456F532 complete=true entries=389 total=389 t=1790119239255
EPOCH_RECONCILED epoch=0 reporter=911999B2AEFA7ACC66EBD802B3301FF6CE431405107749D940277955CB7FDD07 complete=false entries=0 total=16170 t=1790119239345
EPOCH_RECONCILED epoch=0 reporter=A353E45E6D0016CAEED0DFA4EC5B0640E2AA22A793F9F2375E77F1AB92977C04 complete=true entries=11 total=16161 t=1790119239346
EPOCH_RECONCILED epoch=0 reporter=911999B2AEFA7ACC66EBD802B3301FF6CE431405107749D940277955CB7FDD07 complete=true entries=412 total=412 t=1790119239347
EPOCH_RECONCILED epoch=0 reporter=D315857CE70C54DE713F6E82E5613BB3A1266C15E28AD2F4338C7BBEC456F532 complete=false entries=0 total=16170 t=1790119239347
EPOCH_RECONCILED epoch=0 reporter=D315857CE70C54DE713F6E82E5613BB3A1266C15E28AD2F4338C7BBEC456F532 complete=true entries=389 total=389 t=1790119239354
EPOCH_RECONCILED epoch=0 reporter=65A90023F6C0D2181AAA63F005D81BBC0C04650505E21D5123F9AE1F9E992BFF complete=false entries=435 total=435 t=1790119239372
EPOCH_RECONCILED epoch=0 reporter=735FE217D91E88EA82324C5883296385FA0041C2FAC85C827BAA46DA1E14B83F complete=false entries=517 total=517 t=1790119239372
EPOCH_RECONCILED epoch=0 reporter=911999B2AEFA7ACC66EBD802B3301FF6CE431405107749D940277955CB7FDD07 complete=false entries=412 total=412 t=1790119239391
EPOCH_RECONCILED epoch=0 reporter=D315857CE70C54DE713F6E82E5613BB3A1266C15E28AD2F4338C7BBEC456F532 complete=false entries=0 total=16170 t=1790119239427
EPOCH_RECONCILED epoch=0 reporter=D315857CE70C54DE713F6E82E5613BB3A1266C15E28AD2F4338C7BBEC456F532 complete=true entries=389 total=389 t=1790119239428
EPOCH_RECONCILED epoch=0 reporter=65A90023F6C0D2181AAA63F005D81BBC0C04650505E21D5123F9AE1F9E992BFF complete=false entries=435 total=435 t=1790119239430
EPOCH_RECONCILED epoch=0 reporter=A353E45E6D0016CAEED0DFA4EC5B0640E2AA22A793F9F2375E77F1AB92977C04 complete=true entries=11 total=16161 t=1790119239435
EPOCH_RECONCILED epoch=0 reporter=633D9D614858AB1710D5D8C3180E2A082DC97208BA8C26BA6C6D1A86C8E31CC0 complete=true entries=2 total=16170 t=1790119239494
EPOCH_RECONCILED epoch=0 reporter=A353E45E6D0016CAEED0DFA4EC5B0640E2AA22A793F9F2375E77F1AB92977C04 complete=true entries=11 total=16161 t=1790119239495
EPOCH_RECONCILED epoch=0 reporter=911999B2AEFA7ACC66EBD802B3301FF6CE431405107749D940277955CB7FDD07 complete=true entries=0 total=16170 t=1790119239507
EPOCH_RECONCILED epoch=0 reporter=A353E45E6D0016CAEED0DFA4EC5B0640E2AA22A793F9F2375E77F1AB92977C04 complete=true entries=11 total=16161 t=1790119239513
EPOCH_RECONCILED epoch=0 reporter=633D9D614858AB1710D5D8C3180E2A082DC97208BA8C26BA6C6D1A86C8E31CC0 complete=true entries=2 total=16170 t=1790119239521
EPOCH_RECONCILED epoch=0 reporter=D315857CE70C54DE713F6E82E5613BB3A1266C15E28AD2F4338C7BBEC456F532 complete=true entries=0 total=16170 t=1790119239528
EPOCH_CLOSE_READY epoch=0 t=1790119239528
EPOCH_RECONCILED epoch=0 reporter=633D9D614858AB1710D5D8C3180E2A082DC97208BA8C26BA6C6D1A86C8E31CC0 complete=true entries=2 total=16170 t=1790119239573
EPOCH_RECONCILED epoch=0 reporter=65A90023F6C0D2181AAA63F005D81BBC0C04650505E21D5123F9AE1F9E992BFF complete=true entries=11 total=16156 t=1790119239580
EPOCH_RECONCILED epoch=0 reporter=633D9D614858AB1710D5D8C3180E2A082DC97208BA8C26BA6C6D1A86C8E31CC0 complete=true entries=2 total=16170 t=1790119239704
EPOCH_RECONCILED epoch=0 reporter=735FE217D91E88EA82324C5883296385FA0041C2FAC85C827BAA46DA1E14B83F complete=false entries=517 total=517 t=1790119239704
EPOCH_CLOSE_ROUND epoch=0 round=0 leader=633D9D614858AB1710D5D8C3180E2A082DC97208BA8C26BA6C6D1A86C8E31CC0 leads=false t=1790119239765
EPOCH_RECONCILED epoch=0 reporter=65A90023F6C0D2181AAA63F005D81BBC0C04650505E21D5123F9AE1F9E992BFF complete=true entries=11 total=16156 t=1790119239812
EPOCH_CLOSE_READY epoch=0 t=1790119239915
EPOCH_RECONCILED epoch=0 reporter=65A90023F6C0D2181AAA63F005D81BBC0C04650505E21D5123F9AE1F9E992BFF complete=true entries=11 total=16156 t=1790119239986
EPOCH_RECONCILED epoch=0 reporter=65A90023F6C0D2181AAA63F005D81BBC0C04650505E21D5123F9AE1F9E992BFF complete=true entries=11 total=16156 t=1790119240017
[2m2026-09-22T23:20:40.017615Z[0m [32m INFO[0m [2mnanospam::app[0m[2m:[0m Confirmed 16,981 blocks | 2,000 bps | 1,997 cps | avg conf time: 156 ms
EPOCH_CLOSE_READY epoch=0 t=1790119240078
EPOCH_CLOSE_ROUND epoch=0 round=0 leader=633D9D614858AB1710D5D8C3180E2A082DC97208BA8C26BA6C6D1A86C8E31CC0 leads=false t=1790119240141
EPOCH_CLOSE_READY epoch=0 t=1790119240272
EPOCH_RECON_REQUEST epoch=0 reporter=911999B2AEFA7ACC66EBD802B3301FF6CE431405107749D940277955CB7FDD07 target=7FBF56C2E633C775EC9EAFFC46547F841EE70EE2565C2EA55672E351CFF85A8A sources=["1386A7D2", "82FA9AA2"] t=1790119240309
EPOCH_RECON_REFUSED epoch=0 target=7FBF56C2E633C775EC9EAFFC46547F841EE70EE2565C2EA55672E351CFF85A8A reason=UnknownSource sources=["1386A7D2", "82FA9AA2"] t=1790119240309
EPOCH_RECON_REFUSED epoch=0 target=7FBF56C2E633C775EC9EAFFC46547F841EE70EE2565C2EA55672E351CFF85A8A reason=UnknownSource sources=["1386A7D2", "82FA9AA2"] t=1790119240310
EPOCH_RECON_REFUSED epoch=0 target=7FBF56C2E633C775EC9EAFFC46547F841EE70EE2565C2EA55672E351CFF85A8A reason=UnknownSource sources=["1386A7D2", "82FA9AA2"] t=1790119240310
EPOCH_RECON_REFUSED epoch=0 target=7FBF56C2E633C775EC9EAFFC46547F841EE70EE2565C2EA55672E351CFF85A8A reason=UnknownTarget sources=["1386A7D2", "82FA9AA2"] t=1790119240310
EPOCH_CLOSE_UNREADY epoch=0 short_of=reports usable=1 weight=54332782939204029624848148857675654289 required=275628717205960155405333432019732251279 held=4 theirs=["911999B2:7FBF56C2:38E0B24D", "A353E45E:BCCC7C7C:34D503A0", "633D9D61:3A066FC0:CEB5214A", "735FE217:1386A7D2:A2FFFD03"] t=1790119240310
EPOCH_RECON_REFUSED epoch=0 target=7FBF56C2E633C775EC9EAFFC46547F841EE70EE2565C2EA55672E351CFF85A8A reason=UnknownSource sources=["1386A7D2", "82FA9AA2"] t=1790119240323
EPOCH_RECON_REQUEST epoch=0 reporter=735FE217D91E88EA82324C5883296385FA0041C2FAC85C827BAA46DA1E14B83F target=1386A7D2957AA1DC1AFD6484E9D187259D2F731D541863C068807DE483627F6C sources=["38A07DB2", "3A066FC0", "7FBF56C2", "BCCC7C7C", "7FBF56C2"] t=1790119240324
EPOCH_CLOSE_READY epoch=0 t=1790119240324
EPOCH_CLOSE_ROUND epoch=0 round=0 leader=633D9D614858AB1710D5D8C3180E2A082DC97208BA8C26BA6C6D1A86C8E31CC0 leads=false t=1790119240360
EPOCH_RECON_REQUEST epoch=0 reporter=735FE217D91E88EA82324C5883296385FA0041C2FAC85C827BAA46DA1E14B83F target=1386A7D2957AA1DC1AFD6484E9D187259D2F731D541863C068807DE483627F6C sources=["38A07DB2", "3A066FC0", "7FBF56C2", "BCCC7C7C", "7FBF56C2"] t=1790119240382
EPOCH_RECON_REQUEST epoch=0 reporter=735FE217D91E88EA82324C5883296385FA0041C2FAC85C827BAA46DA1E14B83F target=1386A7D2957AA1DC1AFD6484E9D187259D2F731D541863C068807DE483627F6C sources=["38A07DB2", "3A066FC0", "7FBF56C2", "BCCC7C7C", "7FBF56C2"] t=1790119240393
EPOCH_RECON_REQUEST epoch=0 reporter=735FE217D91E88EA82324C5883296385FA0041C2FAC85C827BAA46DA1E14B83F target=1386A7D2957AA1DC1AFD6484E9D187259D2F731D541863C068807DE483627F6C sources=["38A07DB2", "3A066FC0", "7FBF56C2", "BCCC7C7C", "7FBF56C2"] t=1790119240475
EPOCH_PROPOSED epoch=0 round=0 value=56ED278C42D6194D24F387495EE1056AFC7F4A21A15B037C83FF6A1220BFA775 state=4B8206CA73E3D0B3F9FA1E8FEB58C821A3C36605F60E203AAC973F5E304528A8 reports=5 t=1790119240516
EPOCH_VALUE epoch=0 value=56ED278C42D6194D24F387495EE1056AFC7F4A21A15B037C83FF6A1220BFA775 state=4B8206CA73E3D0B3F9FA1E8FEB58C821A3C36605F60E203AAC973F5E304528A8 t=1790119240516
EPOCH_RECON_REFUSED epoch=0 target=7FBF56C2E633C775EC9EAFFC46547F841EE70EE2565C2EA55672E351CFF85A8A reason=UnknownSource sources=["1386A7D2", "82FA9AA2"] t=1790119240516
EPOCH_CLOSE_ROUND epoch=0 round=0 leader=633D9D614858AB1710D5D8C3180E2A082DC97208BA8C26BA6C6D1A86C8E31CC0 leads=true t=1790119240516
EPOCH_RECON_REQUEST epoch=0 reporter=735FE217D91E88EA82324C5883296385FA0041C2FAC85C827BAA46DA1E14B83F target=1386A7D2957AA1DC1AFD6484E9D187259D2F731D541863C068807DE483627F6C sources=["38A07DB2", "3A066FC0", "7FBF56C2", "BCCC7C7C", "7FBF56C2"] t=1790119240551
EPOCH_CLOSE_ROUND epoch=0 round=0 leader=633D9D614858AB1710D5D8C3180E2A082DC97208BA8C26BA6C6D1A86C8E31CC0 leads=false t=1790119240573
EPOCH_RECONCILED epoch=0 reporter=911999B2AEFA7ACC66EBD802B3301FF6CE431405107749D940277955CB7FDD07 complete=true entries=0 total=16170 t=1790119240581
EPOCH_VALUE epoch=0 value=56ED278C42D6194D24F387495EE1056AFC7F4A21A15B037C83FF6A1220BFA775 state=4B8206CA73E3D0B3F9FA1E8FEB58C821A3C36605F60E203AAC973F5E304528A8 t=1790119240593
EPOCH_VALUE epoch=0 value=56ED278C42D6194D24F387495EE1056AFC7F4A21A15B037C83FF6A1220BFA775 state=4B8206CA73E3D0B3F9FA1E8FEB58C821A3C36605F60E203AAC973F5E304528A8 t=1790119240599
EPOCH_VALUE epoch=0 value=56ED278C42D6194D24F387495EE1056AFC7F4A21A15B037C83FF6A1220BFA775 state=4B8206CA73E3D0B3F9FA1E8FEB58C821A3C36605F60E203AAC973F5E304528A8 t=1790119240606
EPOCH_VALUE epoch=0 value=56ED278C42D6194D24F387495EE1056AFC7F4A21A15B037C83FF6A1220BFA775 state=4B8206CA73E3D0B3F9FA1E8FEB58C821A3C36605F60E203AAC973F5E304528A8 t=1790119240608
EPOCH_RECONCILED epoch=0 reporter=735FE217D91E88EA82324C5883296385FA0041C2FAC85C827BAA46DA1E14B83F complete=true entries=88 total=16082 t=1790119240631
EPOCH_RECONCILED epoch=0 reporter=735FE217D91E88EA82324C5883296385FA0041C2FAC85C827BAA46DA1E14B83F complete=true entries=88 total=16082 t=1790119240788
EPOCH_CLOSE_ROUND epoch=0 round=1 leader=65A90023F6C0D2181AAA63F005D81BBC0C04650505E21D5123F9AE1F9E992BFF leads=false t=1790119240820
EPOCH_RECONCILED epoch=0 reporter=A353E45E6D0016CAEED0DFA4EC5B0640E2AA22A793F9F2375E77F1AB92977C04 complete=true entries=11 total=16161 t=1790119240897
EPOCH_RECONCILED epoch=0 reporter=633D9D614858AB1710D5D8C3180E2A082DC97208BA8C26BA6C6D1A86C8E31CC0 complete=true entries=2 total=16170 t=1790119240906
[2m2026-09-22T23:20:41.018339Z[0m [32m INFO[0m [2mnanospam::app[0m[2m:[0m Confirmed 18,350 blocks | 2,000 bps | 1,367 cps | avg conf time: 112 ms
EPOCH_FRONTIER_MISSING epoch=0 accounts=2 : blocks this node does not hold t=1790119241062
EPOCH_COMMITTEE derived_by=0 members=6 accounts=6851 n=326253141963356891624903505756964455277 digest=D70AC50F9B6DB4F4BD91FBF429B33FBB030F25F1D00CAC812C12E0C33A95F61B shares=["633D9D61:21.3%", "735FE217:18.4%", "911999B2:15.5%", "D315857C:15.3%", "65A90023:14.9%", "A353E45E:14.7%"] t=1790119241069
EPOCH_CLOSED epoch=0 round=0 value=56ED278C42D6194D24F387495EE1056AFC7F4A21A15B037C83FF6A1220BFA775 state=4B8206CA73E3D0B3F9FA1E8FEB58C821A3C36605F60E203AAC973F5E304528A8 t=1790119241069
EPOCH_FRONTIER_MISSING epoch=0 accounts=2 : blocks this node does not hold t=1790119241070
EPOCH_FRONTIER_MISSING epoch=0 accounts=2 : blocks this node does not hold t=1790119241072
EPOCH_COMMITTEE derived_by=0 members=6 accounts=6851 n=326253141963356891624903505756964455277 digest=D70AC50F9B6DB4F4BD91FBF429B33FBB030F25F1D00CAC812C12E0C33A95F61B shares=["633D9D61:21.3%", "735FE217:18.4%", "911999B2:15.5%", "D315857C:15.3%", "65A90023:14.9%", "A353E45E:14.7%"] t=1790119241077
EPOCH_CLOSED epoch=0 round=0 value=56ED278C42D6194D24F387495EE1056AFC7F4A21A15B037C83FF6A1220BFA775 state=4B8206CA73E3D0B3F9FA1E8FEB58C821A3C36605F60E203AAC973F5E304528A8 t=1790119241077
EPOCH_FRONTIER_MISSING epoch=0 accounts=2 : blocks this node does not hold t=1790119241078
EPOCH_COMMITTEE derived_by=0 members=6 accounts=6851 n=326253141963356891624903505756964455277 digest=D70AC50F9B6DB4F4BD91FBF429B33FBB030F25F1D00CAC812C12E0C33A95F61B shares=["633D9D61:21.3%", "735FE217:18.4%", "911999B2:15.5%", "D315857C:15.3%", "65A90023:14.9%", "A353E45E:14.7%"] t=1790119241079
EPOCH_CLOSED epoch=0 round=0 value=56ED278C42D6194D24F387495EE1056AFC7F4A21A15B037C83FF6A1220BFA775 state=4B8206CA73E3D0B3F9FA1E8FEB58C821A3C36605F60E203AAC973F5E304528A8 t=1790119241079
EPOCH_COMMITTEE derived_by=0 members=6 accounts=6851 n=326253141963356891624903505756964455277 digest=D70AC50F9B6DB4F4BD91FBF429B33FBB030F25F1D00CAC812C12E0C33A95F61B shares=["633D9D61:21.3%", "735FE217:18.4%", "911999B2:15.5%", "D315857C:15.3%", "65A90023:14.9%", "A353E45E:14.7%"] t=1790119241085
EPOCH_CLOSED epoch=0 round=0 value=56ED278C42D6194D24F387495EE1056AFC7F4A21A15B037C83FF6A1220BFA775 state=4B8206CA73E3D0B3F9FA1E8FEB58C821A3C36605F60E203AAC973F5E304528A8 t=1790119241085
EPOCH_FRONTIER_MISSING epoch=0 accounts=2 : blocks this node does not hold t=1790119241097
EPOCH_COMMITTEE derived_by=0 members=6 accounts=6851 n=326253141963356891624903505756964455277 digest=D70AC50F9B6DB4F4BD91FBF429B33FBB030F25F1D00CAC812C12E0C33A95F61B shares=["633D9D61:21.3%", "735FE217:18.4%", "911999B2:15.5%", "D315857C:15.3%", "65A90023:14.9%", "A353E45E:14.7%"] t=1790119241105
EPOCH_CLOSED epoch=0 round=0 value=56ED278C42D6194D24F387495EE1056AFC7F4A21A15B037C83FF6A1220BFA775 state=4B8206CA73E3D0B3F9FA1E8FEB58C821A3C36605F60E203AAC973F5E304528A8 t=1790119241105
EPOCH_CLOSE_UNREADY epoch=0 short_of=reports usable=4 weight=217331122756816118499392595430702617156 required=275628717205960155405333432019732251279 held=4 theirs=["911999B2:7FBF56C2:38E0B24D", "A353E45E:BCCC7C7C:34D503A0", "633D9D61:3A066FC0:CEB5214A", "735FE217:1386A7D2:A2FFFD03"] t=1790119241475
EPOCH_RECON_REQUEST epoch=0 reporter=65A90023F6C0D2181AAA63F005D81BBC0C04650505E21D5123F9AE1F9E992BFF target=38A07DB2928CFD66E880AC2C3787EC541E666751EF04598C5491EA9979AA8925 sources=["1386A7D2", "3A066FC0", "7FBF56C2", "BCCC7C7C", "7FBF56C2"] t=1790119241802
EPOCH_RECON_REFUSED epoch=0 target=38A07DB2928CFD66E880AC2C3787EC541E666751EF04598C5491EA9979AA8925 reason=UnknownTarget sources=["1386A7D2", "3A066FC0", "7FBF56C2", "BCCC7C7C", "7FBF56C2"] t=1790119241802
EPOCH_RECONCILED epoch=0 reporter=65A90023F6C0D2181AAA63F005D81BBC0C04650505E21D5123F9AE1F9E992BFF complete=false entries=435 total=435 t=1790119241803
EPOCH_RECONCILED epoch=0 reporter=65A90023F6C0D2181AAA63F005D81BBC0C04650505E21D5123F9AE1F9E992BFF complete=true entries=11 total=16156 t=1790119241814
[2m2026-09-22T23:20:42.019405Z[0m [32m INFO[0m [2mnanospam::app[0m[2m:[0m Confirmed 20,554 blocks | 2,000 bps | 2,201 cps | avg conf time: 232 ms
EPOCH_CLOSE_READY epoch=0 t=1790119242084
EPOCH_RECONCILED epoch=0 reporter=D315857CE70C54DE713F6E82E5613BB3A1266C15E28AD2F4338C7BBEC456F532 complete=false entries=0 total=16170 t=1790119242726
EPOCH_RECONCILED epoch=0 reporter=D315857CE70C54DE713F6E82E5613BB3A1266C15E28AD2F4338C7BBEC456F532 complete=true entries=389 total=389 t=1790119242727
[2m2026-09-22T23:20:43.020940Z[0m [32m INFO[0m [2mnanospam::app[0m[2m:[0m Confirmed 22,401 blocks | 2,000 bps | 1,844 cps | avg conf time: 108 ms
EPOCH_VALUE epoch=0 value=56ED278C42D6194D24F387495EE1056AFC7F4A21A15B037C83FF6A1220BFA775 state=4B8206CA73E3D0B3F9FA1E8FEB58C821A3C36605F60E203AAC973F5E304528A8 t=1790119243033
EPOCH_FRONTIER_MISSING epoch=0 accounts=2 : blocks this node does not hold t=1790119243481
EPOCH_COMMITTEE derived_by=0 members=6 accounts=6851 n=326253141963356891624903505756964455277 digest=D70AC50F9B6DB4F4BD91FBF429B33FBB030F25F1D00CAC812C12E0C33A95F61B shares=["633D9D61:21.3%", "735FE217:18.4%", "911999B2:15.5%", "D315857C:15.3%", "65A90023:14.9%", "A353E45E:14.7%"] t=1790119243488
EPOCH_CLOSED epoch=0 round=0 value=56ED278C42D6194D24F387495EE1056AFC7F4A21A15B037C83FF6A1220BFA775 state=4B8206CA73E3D0B3F9FA1E8FEB58C821A3C36605F60E203AAC973F5E304528A8 t=1790119243489
[2m2026-09-22T23:20:44.021015Z[0m [32m INFO[0m [2mnanospam::app[0m[2m:[0m Confirmed 24,132 blocks | 2,000 bps | 1,730 cps | avg conf time: 108 ms
[2m2026-09-22T23:20:45.022414Z[0m [32m INFO[0m [2mnanospam::app[0m[2m:[0m Confirmed 25,967 blocks | 2,000 bps | 1,832 cps | avg conf time: 108 ms
[2m2026-09-22T23:20:46.026470Z[0m [32m INFO[0m [2mnanospam::app[0m[2m:[0m Confirmed 27,768 blocks | 2,000 bps | 1,800 cps | avg conf time: 105 ms
EPOCH_ENDED epoch=1 elections=1654 active=172 t=1790119246798
EPOCH_ENDED epoch=1 elections=1654 active=172 t=1790119246799
EPOCH_ENDED epoch=1 elections=1654 active=172 t=1790119246799
EPOCH_ENDED epoch=1 elections=1655 active=177 t=1790119246799
EPOCH_ENDED epoch=1 elections=1655 active=173 t=1790119246799
EPOCH_ENDED epoch=1 elections=1652 active=170 t=1790119246801
EPOCH_DRAIN_WAIT epoch=1 unterminated=154 previous_closed=true first=["1E33A3A3E3B7317C315C487D1B7F6B43E9619D1BC688CD2EEBA438ED1B693CB5:active:1:2", "59F6C7F1A4D2893DF6138ECAE63AAA47DC114B06E2B6BADCE7B1F704E1B27EC4:active:1:2", "7B3E3C5B62BD4EB0D14576F9863A5E07AA9F93230295DF9EBC12C698EB8B87AB:active:1:0"] t=1790119246813
EPOCH_DRAIN_WAIT epoch=1 unterminated=126 previous_closed=true first=["1E33A3A3E3B7317C315C487D1B7F6B43E9619D1BC688CD2EEBA438ED1B693CB5:active:1:3", "59F6C7F1A4D2893DF6138ECAE63AAA47DC114B06E2B6BADCE7B1F704E1B27EC4:active:1:3", "7B3E3C5B62BD4EB0D14576F9863A5E07AA9F93230295DF9EBC12C698EB8B87AB:active:1:1"] t=1790119246832
EPOCH_DRAIN_WAIT epoch=1 unterminated=12 previous_closed=true first=["E1C647EBD2561976547A65DB481A5F8F3ABFE6E7CF5EE751BB6D16ACDFB26D42:active:1:3", "CCDA999CAE50DAB3B79580531109058FDA002681F40C5DADAC906FAFF0DCC011:active:1:3", "E86804DC10024417BF86E630D4B355FAD21F7668232AD3707459026A6B6774FF:active:1:3"] t=1790119246863
EPOCH_DRAIN_WAIT epoch=1 unterminated=3 previous_closed=true first=["E1C647EBD2561976547A65DB481A5F8F3ABFE6E7CF5EE751BB6D16ACDFB26D42:active:1:3", "E86804DC10024417BF86E630D4B355FAD21F7668232AD3707459026A6B6774FF:active:1:3", "CCEEDE69436879D9002CEF29DFB69D3D6B148EA637458104F2C95525C495EEFB:active:1:1"] t=1790119246876
EPOCH_DRAIN_WAIT epoch=1 unterminated=1 previous_closed=true first=["CCEEDE69436879D9002CEF29DFB69D3D6B148EA637458104F2C95525C495EEFB:active:1:5"] t=1790119246926
EPOCH_ADVANCED epoch=2 elections=1460 active=0 t=1790119247026
[2m2026-09-22T23:20:47.026927Z[0m [32m INFO[0m [2mnanospam::app[0m[2m:[0m Confirmed 29,315 blocks | 2,000 bps | 1,540 cps | avg conf time: 101 ms
EPOCH_REPORT epoch=1 certified=15357 residual=448 root=D41EC466A33DE48FE6882B20711B0F520452A65F524F8789C6A3C12373F24368 reports=1 t=1790119247046
EPOCH_CLOSE_UNREADY epoch=1 short_of=reports usable=1 weight=68618492724918315339133863143389940005 required=275628717205960155405333432019732251279 held=1 theirs=["65A90023:D41EC466:63A38843"] t=1790119247053
EPOCH_ADVANCED epoch=2 elections=1460 active=0 t=1790119247114
EPOCH_ADVANCED epoch=2 elections=1460 active=0 t=1790119247131
EPOCH_REPORT epoch=1 certified=15342 residual=511 root=2AD64ABF357733DFB9FE5FB3556F360913A8F4767B5597BEE0499200019C2DBC reports=1 t=1790119247135
EPOCH_CLOSE_UNREADY epoch=1 short_of=reports usable=1 weight=54332782939204029624848148857675654289 required=275628717205960155405333432019732251279 held=1 theirs=["735FE217:2AD64ABF:94B9A85D"] t=1790119247144
EPOCH_REPORT epoch=1 certified=15357 residual=454 root=D41EC466A33DE48FE6882B20711B0F520452A65F524F8789C6A3C12373F24368 reports=1 t=1790119247154
EPOCH_ADVANCED epoch=2 elections=1460 active=0 t=1790119247162
EPOCH_ADVANCED epoch=2 elections=1460 active=0 t=1790119247178
EPOCH_RECON_REQUEST epoch=1 reporter=735FE217D91E88EA82324C5883296385FA0041C2FAC85C827BAA46DA1E14B83F target=2AD64ABF357733DFB9FE5FB3556F360913A8F4767B5597BEE0499200019C2DBC sources=["D41EC466", "D41EC466"] t=1790119247179
EPOCH_RECON_REFUSED epoch=1 target=2AD64ABF357733DFB9FE5FB3556F360913A8F4767B5597BEE0499200019C2DBC reason=UnknownTarget sources=["D41EC466", "D41EC466"] t=1790119247180
EPOCH_RECON_REFUSED epoch=1 target=2AD64ABF357733DFB9FE5FB3556F360913A8F4767B5597BEE0499200019C2DBC reason=UnknownTarget sources=["D41EC466", "D41EC466"] t=1790119247180
EPOCH_RECONCILED epoch=1 reporter=65A90023F6C0D2181AAA63F005D81BBC0C04650505E21D5123F9AE1F9E992BFF complete=false entries=0 total=15357 t=1790119247180
EPOCH_RECON_REFUSED epoch=1 target=2AD64ABF357733DFB9FE5FB3556F360913A8F4767B5597BEE0499200019C2DBC reason=UnknownTarget sources=["D41EC466", "D41EC466"] t=1790119247180
EPOCH_RECON_REFUSED epoch=1 target=2AD64ABF357733DFB9FE5FB3556F360913A8F4767B5597BEE0499200019C2DBC reason=UnknownTarget sources=["D41EC466", "D41EC466"] t=1790119247181
EPOCH_CLOSE_UNREADY epoch=1 short_of=reports usable=1 weight=54332782939204029624848148857675654289 required=275628717205960155405333432019732251279 held=3 theirs=["735FE217:2AD64ABF:94B9A85D", "A353E45E:D41EC466:3C0BA935", "65A90023:D41EC466:63A38843"] t=1790119247182
EPOCH_REPORT epoch=1 certified=15357 residual=496 root=D41EC466A33DE48FE6882B20711B0F520452A65F524F8789C6A3C12373F24368 reports=1 t=1790119247184
EPOCH_RECON_REFUSED epoch=1 target=2AD64ABF357733DFB9FE5FB3556F360913A8F4767B5597BEE0499200019C2DBC reason=UnknownSource sources=["D41EC466", "D41EC466"] t=1790119247186
EPOCH_RECONCILED epoch=1 reporter=735FE217D91E88EA82324C5883296385FA0041C2FAC85C827BAA46DA1E14B83F complete=false entries=511 total=511 t=1790119247187
EPOCH_RECONCILED epoch=1 reporter=65A90023F6C0D2181AAA63F005D81BBC0C04650505E21D5123F9AE1F9E992BFF complete=true entries=448 total=448 t=1790119247188
EPOCH_REPORT epoch=1 certified=15357 residual=482 root=D41EC466A33DE48FE6882B20711B0F520452A65F524F8789C6A3C12373F24368 reports=1 t=1790119247201
EPOCH_RECONCILED epoch=1 reporter=65A90023F6C0D2181AAA63F005D81BBC0C04650505E21D5123F9AE1F9E992BFF complete=false entries=0 total=15357 t=1790119247208
EPOCH_ADVANCED epoch=2 elections=1460 active=0 t=1790119247210
EPOCH_RECONCILED epoch=1 reporter=A353E45E6D0016CAEED0DFA4EC5B0640E2AA22A793F9F2375E77F1AB92977C04 complete=false entries=0 total=15357 t=1790119247210
EPOCH_RECON_REQUEST epoch=1 reporter=735FE217D91E88EA82324C5883296385FA0041C2FAC85C827BAA46DA1E14B83F target=2AD64ABF357733DFB9FE5FB3556F360913A8F4767B5597BEE0499200019C2DBC sources=["D41EC466", "D41EC466"] t=1790119247210
EPOCH_CLOSE_UNREADY epoch=1 short_of=reports usable=1 weight=54332779939204029624848148857675654289 required=275628717205960155405333432019732251279 held=5 theirs=["D315857C:D41EC466:3CA9614F", "633D9D61:D41EC466:6FE6A11D", "65A90023:D41EC466:63A38843", "A353E45E:D41EC466:3C0BA935", "735FE217:2AD64ABF:94B9A85D"] t=1790119247210
EPOCH_RECON_REFUSED epoch=1 target=2AD64ABF357733DFB9FE5FB3556F360913A8F4767B5597BEE0499200019C2DBC reason=UnknownTarget sources=["D41EC466", "D41EC466"] t=1790119247216
EPOCH_RECONCILED epoch=1 reporter=65A90023F6C0D2181AAA63F005D81BBC0C04650505E21D5123F9AE1F9E992BFF complete=true entries=448 total=448 t=1790119247220
EPOCH_RECONCILED epoch=1 reporter=A353E45E6D0016CAEED0DFA4EC5B0640E2AA22A793F9F2375E77F1AB92977C04 complete=true entries=454 total=454 t=1790119247220
EPOCH_RECONCILED epoch=1 reporter=735FE217D91E88EA82324C5883296385FA0041C2FAC85C827BAA46DA1E14B83F complete=false entries=511 total=511 t=1790119247220
EPOCH_REPORT epoch=1 certified=15357 residual=486 root=D41EC466A33DE48FE6882B20711B0F520452A65F524F8789C6A3C12373F24368 reports=1 t=1790119247235
EPOCH_RECONCILED epoch=1 reporter=633D9D614858AB1710D5D8C3180E2A082DC97208BA8C26BA6C6D1A86C8E31CC0 complete=false entries=0 total=15357 t=1790119247239
EPOCH_RECON_REQUEST epoch=1 reporter=735FE217D91E88EA82324C5883296385FA0041C2FAC85C827BAA46DA1E14B83F target=2AD64ABF357733DFB9FE5FB3556F360913A8F4767B5597BEE0499200019C2DBC sources=["D41EC466", "D41EC466"] t=1790119247239
EPOCH_RECONCILED epoch=1 reporter=A353E45E6D0016CAEED0DFA4EC5B0640E2AA22A793F9F2375E77F1AB92977C04 complete=false entries=0 total=15357 t=1790119247239
EPOCH_RECONCILED epoch=1 reporter=65A90023F6C0D2181AAA63F005D81BBC0C04650505E21D5123F9AE1F9E992BFF complete=false entries=0 total=15357 t=1790119247240
EPOCH_CLOSE_UNREADY epoch=1 short_of=reports usable=1 weight=54332751439204029624848148857675654294 required=275628717205960155405333432019732251279 held=6 theirs=["633D9D61:D41EC466:6FE6A11D", "911999B2:D41EC466:58032D75", "735FE217:2AD64ABF:94B9A85D", "D315857C:D41EC466:3CA9614F", "A353E45E:D41EC466:3C0BA935", "65A90023:D41EC466:63A38843"] t=1790119247242
EPOCH_RECONCILED epoch=1 reporter=735FE217D91E88EA82324C5883296385FA0041C2FAC85C827BAA46DA1E14B83F complete=false entries=511 total=511 t=1790119247246
EPOCH_RECONCILED epoch=1 reporter=65A90023F6C0D2181AAA63F005D81BBC0C04650505E21D5123F9AE1F9E992BFF complete=true entries=448 total=448 t=1790119247250
EPOCH_RECONCILED epoch=1 reporter=633D9D614858AB1710D5D8C3180E2A082DC97208BA8C26BA6C6D1A86C8E31CC0 complete=true entries=496 total=496 t=1790119247251
EPOCH_RECONCILED epoch=1 reporter=A353E45E6D0016CAEED0DFA4EC5B0640E2AA22A793F9F2375E77F1AB92977C04 complete=true entries=454 total=454 t=1790119247251
EPOCH_RECONCILED epoch=1 reporter=A353E45E6D0016CAEED0DFA4EC5B0640E2AA22A793F9F2375E77F1AB92977C04 complete=false entries=0 total=15357 t=1790119247379
EPOCH_RECON_REQUEST epoch=1 reporter=735FE217D91E88EA82324C5883296385FA0041C2FAC85C827BAA46DA1E14B83F target=2AD64ABF357733DFB9FE5FB3556F360913A8F4767B5597BEE0499200019C2DBC sources=["D41EC466", "D41EC466"] t=1790119247379
EPOCH_RECONCILED epoch=1 reporter=A353E45E6D0016CAEED0DFA4EC5B0640E2AA22A793F9F2375E77F1AB92977C04 complete=true entries=454 total=454 t=1790119247383
EPOCH_RECONCILED epoch=1 reporter=735FE217D91E88EA82324C5883296385FA0041C2FAC85C827BAA46DA1E14B83F complete=false entries=511 total=511 t=1790119247386
EPOCH_RECONCILED epoch=1 reporter=633D9D614858AB1710D5D8C3180E2A082DC97208BA8C26BA6C6D1A86C8E31CC0 complete=false entries=0 total=15357 t=1790119247386
EPOCH_RECONCILED epoch=1 reporter=65A90023F6C0D2181AAA63F005D81BBC0C04650505E21D5123F9AE1F9E992BFF complete=false entries=0 total=15357 t=1790119247387
EPOCH_RECONCILED epoch=1 reporter=D315857CE70C54DE713F6E82E5613BB3A1266C15E28AD2F4338C7BBEC456F532 complete=false entries=0 total=15357 t=1790119247389
EPOCH_RECONCILED epoch=1 reporter=633D9D614858AB1710D5D8C3180E2A082DC97208BA8C26BA6C6D1A86C8E31CC0 complete=true entries=496 total=496 t=1790119247389
EPOCH_RECONCILED epoch=1 reporter=65A90023F6C0D2181AAA63F005D81BBC0C04650505E21D5123F9AE1F9E992BFF complete=true entries=448 total=448 t=1790119247390
EPOCH_RECONCILED epoch=1 reporter=D315857CE70C54DE713F6E82E5613BB3A1266C15E28AD2F4338C7BBEC456F532 complete=true entries=482 total=482 t=1790119247390
EPOCH_CLOSE_READY epoch=1 t=1790119247394
EPOCH_RECONCILED epoch=1 reporter=633D9D614858AB1710D5D8C3180E2A082DC97208BA8C26BA6C6D1A86C8E31CC0 complete=false entries=0 total=15357 t=1790119247430
EPOCH_RECON_REQUEST epoch=1 reporter=735FE217D91E88EA82324C5883296385FA0041C2FAC85C827BAA46DA1E14B83F target=2AD64ABF357733DFB9FE5FB3556F360913A8F4767B5597BEE0499200019C2DBC sources=["D41EC466", "D41EC466"] t=1790119247431
EPOCH_RECONCILED epoch=1 reporter=A353E45E6D0016CAEED0DFA4EC5B0640E2AA22A793F9F2375E77F1AB92977C04 complete=false entries=0 total=15357 t=1790119247433
EPOCH_RECONCILED epoch=1 reporter=633D9D614858AB1710D5D8C3180E2A082DC97208BA8C26BA6C6D1A86C8E31CC0 complete=true entries=496 total=496 t=1790119247433
EPOCH_RECONCILED epoch=1 reporter=735FE217D91E88EA82324C5883296385FA0041C2FAC85C827BAA46DA1E14B83F complete=false entries=511 total=511 t=1790119247433
EPOCH_RECONCILED epoch=1 reporter=A353E45E6D0016CAEED0DFA4EC5B0640E2AA22A793F9F2375E77F1AB92977C04 complete=true entries=454 total=454 t=1790119247433
EPOCH_RECONCILED epoch=1 reporter=911999B2AEFA7ACC66EBD802B3301FF6CE431405107749D940277955CB7FDD07 complete=false entries=0 total=15357 t=1790119247433
EPOCH_RECONCILED epoch=1 reporter=D315857CE70C54DE713F6E82E5613BB3A1266C15E28AD2F4338C7BBEC456F532 complete=false entries=0 total=15357 t=1790119247435
EPOCH_RECONCILED epoch=1 reporter=911999B2AEFA7ACC66EBD802B3301FF6CE431405107749D940277955CB7FDD07 complete=true entries=486 total=486 t=1790119247435
EPOCH_RECONCILED epoch=1 reporter=D315857CE70C54DE713F6E82E5613BB3A1266C15E28AD2F4338C7BBEC456F532 complete=true entries=482 total=482 t=1790119247436
EPOCH_RECON_REQUEST epoch=1 reporter=A353E45E6D0016CAEED0DFA4EC5B0640E2AA22A793F9F2375E77F1AB92977C04 target=D41EC466A33DE48FE6882B20711B0F520452A65F524F8789C6A3C12373F24368 sources=["2AD64ABF", "4F2687D3"] t=1790119247454
EPOCH_RECONCILED epoch=1 reporter=A353E45E6D0016CAEED0DFA4EC5B0640E2AA22A793F9F2375E77F1AB92977C04 complete=false entries=454 total=454 t=1790119247455
EPOCH_RECONCILED epoch=1 reporter=911999B2AEFA7ACC66EBD802B3301FF6CE431405107749D940277955CB7FDD07 complete=false entries=0 total=15357 t=1790119247456
EPOCH_RECONCILED epoch=1 reporter=D315857CE70C54DE713F6E82E5613BB3A1266C15E28AD2F4338C7BBEC456F532 complete=false entries=0 total=15357 t=1790119247456
EPOCH_RECONCILED epoch=1 reporter=633D9D614858AB1710D5D8C3180E2A082DC97208BA8C26BA6C6D1A86C8E31CC0 complete=false entries=0 total=15357 t=1790119247456
EPOCH_RECONCILED epoch=1 reporter=911999B2AEFA7ACC66EBD802B3301FF6CE431405107749D940277955CB7FDD07 complete=true entries=486 total=486 t=1790119247457
EPOCH_RECONCILED epoch=1 reporter=D315857CE70C54DE713F6E82E5613BB3A1266C15E28AD2F4338C7BBEC456F532 complete=true entries=482 total=482 t=1790119247457
EPOCH_RECONCILED epoch=1 reporter=633D9D614858AB1710D5D8C3180E2A082DC97208BA8C26BA6C6D1A86C8E31CC0 complete=true entries=496 total=496 t=1790119247457
EPOCH_RECONCILED epoch=1 reporter=D315857CE70C54DE713F6E82E5613BB3A1266C15E28AD2F4338C7BBEC456F532 complete=false entries=482 total=482 t=1790119247458
EPOCH_RECONCILED epoch=1 reporter=633D9D614858AB1710D5D8C3180E2A082DC97208BA8C26BA6C6D1A86C8E31CC0 complete=false entries=496 total=496 t=1790119247463
EPOCH_RECONCILED epoch=1 reporter=911999B2AEFA7ACC66EBD802B3301FF6CE431405107749D940277955CB7FDD07 complete=false entries=486 total=486 t=1790119247463
EPOCH_CLOSE_READY epoch=1 t=1790119247463
EPOCH_RECONCILED epoch=1 reporter=911999B2AEFA7ACC66EBD802B3301FF6CE431405107749D940277955CB7FDD07 complete=false entries=0 total=15357 t=1790119247534
EPOCH_RECONCILED epoch=1 reporter=911999B2AEFA7ACC66EBD802B3301FF6CE431405107749D940277955CB7FDD07 complete=true entries=486 total=486 t=1790119247535
EPOCH_CLOSE_READY epoch=1 t=1790119247535
EPOCH_CLOSE_ROUND epoch=1 round=0 leader=65A90023F6C0D2181AAA63F005D81BBC0C04650505E21D5123F9AE1F9E992BFF leads=false t=1790119247544
EPOCH_RECONCILED epoch=1 reporter=D315857CE70C54DE713F6E82E5613BB3A1266C15E28AD2F4338C7BBEC456F532 complete=false entries=0 total=15357 t=1790119247590
EPOCH_RECONCILED epoch=1 reporter=911999B2AEFA7ACC66EBD802B3301FF6CE431405107749D940277955CB7FDD07 complete=false entries=0 total=15357 t=1790119247590
EPOCH_RECONCILED epoch=1 reporter=D315857CE70C54DE713F6E82E5613BB3A1266C15E28AD2F4338C7BBEC456F532 complete=true entries=482 total=482 t=1790119247591
EPOCH_RECONCILED epoch=1 reporter=911999B2AEFA7ACC66EBD802B3301FF6CE431405107749D940277955CB7FDD07 complete=true entries=486 total=486 t=1790119247592
EPOCH_CLOSE_ROUND epoch=1 round=0 leader=65A90023F6C0D2181AAA63F005D81BBC0C04650505E21D5123F9AE1F9E992BFF leads=false t=1790119247736
EPOCH_CLOSE_ROUND epoch=1 round=0 leader=65A90023F6C0D2181AAA63F005D81BBC0C04650505E21D5123F9AE1F9E992BFF leads=false t=1790119247786
EPOCH_CLOSE_READY epoch=1 t=1790119247841
EPOCH_CLOSE_READY epoch=1 t=1790119247927
[2m2026-09-22T23:20:48.028325Z[0m [32m INFO[0m [2mnanospam::app[0m[2m:[0m Confirmed 31,010 blocks | 2,000 bps | 1,692 cps | avg conf time: 262 ms
EPOCH_CLOSE_ROUND epoch=1 round=0 leader=65A90023F6C0D2181AAA63F005D81BBC0C04650505E21D5123F9AE1F9E992BFF leads=false t=1790119248070
EPOCH_RECON_REQUEST epoch=1 reporter=735FE217D91E88EA82324C5883296385FA0041C2FAC85C827BAA46DA1E14B83F target=2AD64ABF357733DFB9FE5FB3556F360913A8F4767B5597BEE0499200019C2DBC sources=["D41EC466", "D41EC466"] t=1790119248232
EPOCH_RECON_REFUSED epoch=1 target=2AD64ABF357733DFB9FE5FB3556F360913A8F4767B5597BEE0499200019C2DBC reason=UnknownTarget sources=["D41EC466", "D41EC466"] t=1790119248232
EPOCH_RECON_REFUSED epoch=1 target=2AD64ABF357733DFB9FE5FB3556F360913A8F4767B5597BEE0499200019C2DBC reason=UnknownTarget sources=["D41EC466", "D41EC466"] t=1790119248232
EPOCH_RECON_REFUSED epoch=1 target=2AD64ABF357733DFB9FE5FB3556F360913A8F4767B5597BEE0499200019C2DBC reason=UnknownTarget sources=["D41EC466", "D41EC466"] t=1790119248232
EPOCH_RECON_REFUSED epoch=1 target=2AD64ABF357733DFB9FE5FB3556F360913A8F4767B5597BEE0499200019C2DBC reason=UnknownTarget sources=["D41EC466", "D41EC466"] t=1790119248234
EPOCH_RECON_REQUEST epoch=1 reporter=735FE217D91E88EA82324C5883296385FA0041C2FAC85C827BAA46DA1E14B83F target=2AD64ABF357733DFB9FE5FB3556F360913A8F4767B5597BEE0499200019C2DBC sources=["D41EC466", "D41EC466"] t=1790119248234
EPOCH_RECON_REFUSED epoch=1 target=2AD64ABF357733DFB9FE5FB3556F360913A8F4767B5597BEE0499200019C2DBC reason=UnknownSource sources=["D41EC466", "D41EC466"] t=1790119248239
EPOCH_CLOSE_UNREADY epoch=1 short_of=reports usable=1 weight=54332782939204029624848148857675654289 required=275628717205960155405333432019732251279 held=5 theirs=["A353E45E:D41EC466:3C0BA935", "D315857C:D41EC466:3CA9614F", "735FE217:2AD64ABF:94B9A85D", "633D9D61:D41EC466:6FE6A11D", "911999B2:D41EC466:58032D75"] t=1790119248239
EPOCH_RECONCILED epoch=1 reporter=A353E45E6D0016CAEED0DFA4EC5B0640E2AA22A793F9F2375E77F1AB92977C04 complete=true entries=0 total=15357 t=1790119248385
EPOCH_RECONCILED epoch=1 reporter=D315857CE70C54DE713F6E82E5613BB3A1266C15E28AD2F4338C7BBEC456F532 complete=true entries=0 total=15357 t=1790119248390
EPOCH_RECONCILED epoch=1 reporter=633D9D614858AB1710D5D8C3180E2A082DC97208BA8C26BA6C6D1A86C8E31CC0 complete=true entries=0 total=15357 t=1790119248393
EPOCH_RECONCILED epoch=1 reporter=911999B2AEFA7ACC66EBD802B3301FF6CE431405107749D940277955CB7FDD07 complete=true entries=0 total=15357 t=1790119248395
EPOCH_RECON_REQUEST epoch=1 reporter=735FE217D91E88EA82324C5883296385FA0041C2FAC85C827BAA46DA1E14B83F target=2AD64ABF357733DFB9FE5FB3556F360913A8F4767B5597BEE0499200019C2DBC sources=["D41EC466", "D41EC466"] t=1790119248457
EPOCH_RECONCILED epoch=1 reporter=735FE217D91E88EA82324C5883296385FA0041C2FAC85C827BAA46DA1E14B83F complete=true entries=15 total=15342 t=1790119248463
EPOCH_RECON_REFUSED epoch=1 target=2AD64ABF357733DFB9FE5FB3556F360913A8F4767B5597BEE0499200019C2DBC reason=UnknownTarget sources=["D41EC466", "D41EC466"] t=1790119248572
EPOCH_PROPOSED epoch=1 round=0 value=6EA978A10173D0392A33B33ADE882A893B493961C525354CC8DEF19EA3CB3EED state=5B7FE8F6D8CCCAA2CC2C8A1D0F2B2AB836D0002BC269D254818B7F004982CDFC reports=5 t=1790119248586
EPOCH_VALUE epoch=1 value=6EA978A10173D0392A33B33ADE882A893B493961C525354CC8DEF19EA3CB3EED state=5B7FE8F6D8CCCAA2CC2C8A1D0F2B2AB836D0002BC269D254818B7F004982CDFC t=1790119248586
EPOCH_CLOSE_ROUND epoch=1 round=0 leader=65A90023F6C0D2181AAA63F005D81BBC0C04650505E21D5123F9AE1F9E992BFF leads=true t=1790119248599
EPOCH_RECON_REQUEST epoch=1 reporter=735FE217D91E88EA82324C5883296385FA0041C2FAC85C827BAA46DA1E14B83F target=2AD64ABF357733DFB9FE5FB3556F360913A8F4767B5597BEE0499200019C2DBC sources=["D41EC466", "D41EC466"] t=1790119248982
EPOCH_RECONCILED epoch=1 reporter=735FE217D91E88EA82324C5883296385FA0041C2FAC85C827BAA46DA1E14B83F complete=true entries=15 total=15342 t=1790119248988
EPOCH_RECONCILED epoch=1 reporter=65A90023F6C0D2181AAA63F005D81BBC0C04650505E21D5123F9AE1F9E992BFF complete=false entries=0 total=15357 t=1790119249010
EPOCH_RECONCILED epoch=1 reporter=65A90023F6C0D2181AAA63F005D81BBC0C04650505E21D5123F9AE1F9E992BFF complete=true entries=448 total=448 t=1790119249011
[2m2026-09-22T23:20:49.033811Z[0m [32m INFO[0m [2mnanospam::app[0m[2m:[0m Confirmed 33,048 blocks | 2,000 bps | 2,036 cps | avg conf time: 164 ms
EPOCH_VALUE epoch=1 value=6EA978A10173D0392A33B33ADE882A893B493961C525354CC8DEF19EA3CB3EED state=5B7FE8F6D8CCCAA2CC2C8A1D0F2B2AB836D0002BC269D254818B7F004982CDFC t=1790119249151
EPOCH_VALUE epoch=1 value=6EA978A10173D0392A33B33ADE882A893B493961C525354CC8DEF19EA3CB3EED state=5B7FE8F6D8CCCAA2CC2C8A1D0F2B2AB836D0002BC269D254818B7F004982CDFC t=1790119249190
EPOCH_VALUE epoch=1 value=6EA978A10173D0392A33B33ADE882A893B493961C525354CC8DEF19EA3CB3EED state=5B7FE8F6D8CCCAA2CC2C8A1D0F2B2AB836D0002BC269D254818B7F004982CDFC t=1790119249194
EPOCH_RECON_REFUSED epoch=1 target=2AD64ABF357733DFB9FE5FB3556F360913A8F4767B5597BEE0499200019C2DBC reason=UnknownTarget sources=["D41EC466", "D41EC466"] t=1790119249237
EPOCH_CLOSE_READY epoch=1 t=1790119249264
EPOCH_VALUE epoch=1 value=6EA978A10173D0392A33B33ADE882A893B493961C525354CC8DEF19EA3CB3EED state=5B7FE8F6D8CCCAA2CC2C8A1D0F2B2AB836D0002BC269D254818B7F004982CDFC t=1790119249288
EPOCH_RECON_REFUSED epoch=1 target=2AD64ABF357733DFB9FE5FB3556F360913A8F4767B5597BEE0499200019C2DBC reason=UnknownTarget sources=["D41EC466", "D41EC466"] t=1790119249662
EPOCH_RECON_REFUSED epoch=1 target=2AD64ABF357733DFB9FE5FB3556F360913A8F4767B5597BEE0499200019C2DBC reason=UnknownTarget sources=["D41EC466", "D41EC466"] t=1790119249668
EPOCH_VALUE epoch=1 value=6EA978A10173D0392A33B33ADE882A893B493961C525354CC8DEF19EA3CB3EED state=5B7FE8F6D8CCCAA2CC2C8A1D0F2B2AB836D0002BC269D254818B7F004982CDFC t=1790119249674
EPOCH_FRONTIER_MISSING epoch=1 accounts=3 : blocks this node does not hold t=1790119249837
EPOCH_FRONTIER_MISSING epoch=1 accounts=3 : blocks this node does not hold t=1790119249849
EPOCH_FRONTIER_MISSING epoch=1 accounts=3 : blocks this node does not hold t=1790119249852
EPOCH_FRONTIER_MISSING epoch=1 accounts=3 : blocks this node does not hold t=1790119249852
EPOCH_COMMITTEE derived_by=1 members=6 accounts=12120 n=323337833254229541554411532495917314850 digest=D62468CB79CA652433C7F161D9FD272CEF34E2C3DCCF260061BE54410DE64292 shares=["633D9D61:20.9%", "735FE217:18.3%", "911999B2:15.4%", "65A90023:15.3%", "D315857C:15.2%", "A353E45E:15.0%"] t=1790119249856
EPOCH_CLOSED epoch=1 round=0 value=6EA978A10173D0392A33B33ADE882A893B493961C525354CC8DEF19EA3CB3EED state=5B7FE8F6D8CCCAA2CC2C8A1D0F2B2AB836D0002BC269D254818B7F004982CDFC t=1790119249856
EPOCH_COMMITTEE derived_by=1 members=6 accounts=12120 n=323337833254229541554411532495917314850 digest=D62468CB79CA652433C7F161D9FD272CEF34E2C3DCCF260061BE54410DE64292 shares=["633D9D61:20.9%", "735FE217:18.3%", "911999B2:15.4%", "65A90023:15.3%", "D315857C:15.2%", "A353E45E:15.0%"] t=1790119249860
EPOCH_CLOSED epoch=1 round=0 value=6EA978A10173D0392A33B33ADE882A893B493961C525354CC8DEF19EA3CB3EED state=5B7FE8F6D8CCCAA2CC2C8A1D0F2B2AB836D0002BC269D254818B7F004982CDFC t=1790119249860
EPOCH_COMMITTEE derived_by=1 members=6 accounts=12120 n=323337833254229541554411532495917314850 digest=D62468CB79CA652433C7F161D9FD272CEF34E2C3DCCF260061BE54410DE64292 shares=["633D9D61:20.9%", "735FE217:18.3%", "911999B2:15.4%", "65A90023:15.3%", "D315857C:15.2%", "A353E45E:15.0%"] t=1790119249862
EPOCH_CLOSED epoch=1 round=0 value=6EA978A10173D0392A33B33ADE882A893B493961C525354CC8DEF19EA3CB3EED state=5B7FE8F6D8CCCAA2CC2C8A1D0F2B2AB836D0002BC269D254818B7F004982CDFC t=1790119249862
EPOCH_COMMITTEE derived_by=1 members=6 accounts=12120 n=323337833254229541554411532495917314850 digest=D62468CB79CA652433C7F161D9FD272CEF34E2C3DCCF260061BE54410DE64292 shares=["633D9D61:20.9%", "735FE217:18.3%", "911999B2:15.4%", "65A90023:15.3%", "D315857C:15.2%", "A353E45E:15.0%"] t=1790119249865
EPOCH_CLOSED epoch=1 round=0 value=6EA978A10173D0392A33B33ADE882A893B493961C525354CC8DEF19EA3CB3EED state=5B7FE8F6D8CCCAA2CC2C8A1D0F2B2AB836D0002BC269D254818B7F004982CDFC t=1790119249865
EPOCH_RECON_REQUEST epoch=1 reporter=735FE217D91E88EA82324C5883296385FA0041C2FAC85C827BAA46DA1E14B83F target=2AD64ABF357733DFB9FE5FB3556F360913A8F4767B5597BEE0499200019C2DBC sources=["D41EC466", "D41EC466"] t=1790119249868
EPOCH_RECONCILED epoch=1 reporter=735FE217D91E88EA82324C5883296385FA0041C2FAC85C827BAA46DA1E14B83F complete=true entries=15 total=15342 t=1790119249922
EPOCH_FRONTIER_MISSING epoch=1 accounts=3 : blocks this node does not hold t=1790119249988
[2m2026-09-22T23:20:50.035266Z[0m [32m INFO[0m [2mnanospam::app[0m[2m:[0m Confirmed 34,048 blocks | 2,000 bps | 994 cps | avg conf time: 446 ms
EPOCH_COMMITTEE derived_by=1 members=6 accounts=12120 n=323337833254229541554411532495917314850 digest=D62468CB79CA652433C7F161D9FD272CEF34E2C3DCCF260061BE54410DE64292 shares=["633D9D61:20.9%", "735FE217:18.3%", "911999B2:15.4%", "65A90023:15.3%", "D315857C:15.2%", "A353E45E:15.0%"] t=1790119250087
EPOCH_CLOSED epoch=1 round=0 value=6EA978A10173D0392A33B33ADE882A893B493961C525354CC8DEF19EA3CB3EED state=5B7FE8F6D8CCCAA2CC2C8A1D0F2B2AB836D0002BC269D254818B7F004982CDFC t=1790119250097
EPOCH_RECON_REQUEST epoch=1 reporter=735FE217D91E88EA82324C5883296385FA0041C2FAC85C827BAA46DA1E14B83F target=2AD64ABF357733DFB9FE5FB3556F360913A8F4767B5597BEE0499200019C2DBC sources=["D41EC466", "D41EC466"] t=1790119250116
EPOCH_RECONCILED epoch=1 reporter=735FE217D91E88EA82324C5883296385FA0041C2FAC85C827BAA46DA1E14B83F complete=true entries=15 total=15342 t=1790119250123
EPOCH_FRONTIER_MISSING epoch=1 accounts=3 : blocks this node does not hold t=1790119250905
EPOCH_COMMITTEE derived_by=1 members=6 accounts=12120 n=323337833254229541554411532495917314850 digest=D62468CB79CA652433C7F161D9FD272CEF34E2C3DCCF260061BE54410DE64292 shares=["633D9D61:20.9%", "735FE217:18.3%", "911999B2:15.4%", "65A90023:15.3%", "D315857C:15.2%", "A353E45E:15.0%"] t=1790119250957
EPOCH_CLOSED epoch=1 round=0 value=6EA978A10173D0392A33B33ADE882A893B493961C525354CC8DEF19EA3CB3EED state=5B7FE8F6D8CCCAA2CC2C8A1D0F2B2AB836D0002BC269D254818B7F004982CDFC t=1790119250957
[2m2026-09-22T23:20:51.036176Z[0m [32m INFO[0m [2mnanospam::app[0m[2m:[0m Confirmed 36,608 blocks | 2,000 bps | 2,557 cps | avg conf time: 325 ms
[2m2026-09-22T23:20:52.037105Z[0m [32m INFO[0m [2mnanospam::app[0m[2m:[0m Confirmed 38,217 blocks | 2,000 bps | 1,607 cps | avg conf time: 206 ms
[2m2026-09-22T23:20:53.038265Z[0m [32m INFO[0m [2mnanospam::app[0m[2m:[0m Confirmed 40,030 blocks | 2,000 bps | 1,810 cps | avg conf time: 162 ms
[2m2026-09-22T23:20:54.039593Z[0m [32m INFO[0m [2mnanospam::app[0m[2m:[0m Confirmed 41,937 blocks | 2,000 bps | 1,904 cps | avg conf time: 157 ms
EPOCH_ENDED epoch=2 elections=2112 active=3 t=1790119254899
EPOCH_DRAIN_WAIT epoch=2 unterminated=3 previous_closed=true first=["2500EF9C4A4BED2DA3A4A1BE581891933758FD013CC98470AFF14207AA57B098:passive:1:3", "9333EED2AA2F2CDEB0FBCCE29C48B8A20A73E4176708D1EDF45B6AF69BBDBB88:passive:1:3", "DFF549103B126D529C9BF4F6F6BF2524C350247ACDE72F4B680B603CCEA3FDE0:passive:1:3"] t=1790119254901
EPOCH_ENDED epoch=2 elections=2111 active=0 t=1790119254962
EPOCH_ADVANCED epoch=3 elections=2111 active=0 t=1790119254964
EPOCH_REPORT epoch=2 certified=14432 residual=471 root=800A336739C7C333183CC1B63221EFBF2424EC3DF444CFF8D609C645403D065C reports=1 t=1790119254985
EPOCH_CLOSE_UNREADY epoch=2 short_of=reports usable=1 weight=69381663628746539099858789012679481359 required=264265044990319082216171839663141208775 held=1 theirs=["633D9D61:800A3367:7AC81E65"] t=1790119254989
EPOCH_ENDED epoch=2 elections=2111 active=0 t=1790119254991
EPOCH_ENDED epoch=2 elections=2111 active=0 t=1790119254991
EPOCH_ADVANCED epoch=3 elections=2111 active=0 t=1790119254992
EPOCH_ADVANCED epoch=3 elections=2111 active=0 t=1790119254992
EPOCH_REPORT epoch=2 certified=14432 residual=485 root=800A336739C7C333183CC1B63221EFBF2424EC3DF444CFF8D609C645403D065C reports=1 t=1790119255009
EPOCH_REPORT epoch=2 certified=14432 residual=486 root=800A336739C7C333183CC1B63221EFBF2424EC3DF444CFF8D609C645403D065C reports=1 t=1790119255010
[2m2026-09-22T23:20:55.040017Z[0m [32m INFO[0m [2mnanospam::app[0m[2m:[0m Confirmed 42,847 blocks | 2,000 bps | 909 cps | avg conf time: 131 ms
EPOCH_RECONCILED epoch=2 reporter=911999B2AEFA7ACC66EBD802B3301FF6CE431405107749D940277955CB7FDD07 complete=false entries=0 total=14432 t=1790119255042
EPOCH_RECONCILED epoch=2 reporter=633D9D614858AB1710D5D8C3180E2A082DC97208BA8C26BA6C6D1A86C8E31CC0 complete=false entries=0 total=14432 t=1790119255043
EPOCH_CLOSE_UNREADY epoch=2 short_of=reports usable=1 weight=49970990099607880871344151077449338224 required=264265044990319082216171839663141208775 held=3 theirs=["911999B2:800A3367:6E4CBA9F", "D315857C:800A3367:FCC33568", "633D9D61:800A3367:7AC81E65"] t=1790119255043
EPOCH_RECONCILED epoch=2 reporter=911999B2AEFA7ACC66EBD802B3301FF6CE431405107749D940277955CB7FDD07 complete=true entries=486 total=486 t=1790119255044
EPOCH_RECONCILED epoch=2 reporter=633D9D614858AB1710D5D8C3180E2A082DC97208BA8C26BA6C6D1A86C8E31CC0 complete=true entries=471 total=471 t=1790119255045
EPOCH_RECONCILED epoch=2 reporter=633D9D614858AB1710D5D8C3180E2A082DC97208BA8C26BA6C6D1A86C8E31CC0 complete=false entries=0 total=14432 t=1790119255049
EPOCH_RECONCILED epoch=2 reporter=D315857CE70C54DE713F6E82E5613BB3A1266C15E28AD2F4338C7BBEC456F532 complete=false entries=0 total=14432 t=1790119255050
EPOCH_RECONCILED epoch=2 reporter=633D9D614858AB1710D5D8C3180E2A082DC97208BA8C26BA6C6D1A86C8E31CC0 complete=true entries=471 total=471 t=1790119255050
EPOCH_CLOSE_UNREADY epoch=2 short_of=reports usable=2 weight=119864062461530002586348004852498873559 required=264265044990319082216171839663141208775 held=3 theirs=["633D9D61:800A3367:7AC81E65", "D315857C:800A3367:FCC33568", "911999B2:800A3367:6E4CBA9F"] t=1790119255050
EPOCH_RECONCILED epoch=2 reporter=D315857CE70C54DE713F6E82E5613BB3A1266C15E28AD2F4338C7BBEC456F532 complete=true entries=485 total=485 t=1790119255050
EPOCH_ENDED epoch=2 elections=2111 active=0 t=1790119255051
EPOCH_ADVANCED epoch=3 elections=2111 active=0 t=1790119255052
EPOCH_REPORT epoch=2 certified=14432 residual=461 root=800A336739C7C333183CC1B63221EFBF2424EC3DF444CFF8D609C645403D065C reports=1 t=1790119255070
EPOCH_ENDED epoch=2 elections=2111 active=0 t=1790119255076
EPOCH_ADVANCED epoch=3 elections=2111 active=0 t=1790119255078
EPOCH_RECONCILED epoch=2 reporter=633D9D614858AB1710D5D8C3180E2A082DC97208BA8C26BA6C6D1A86C8E31CC0 complete=false entries=0 total=14432 t=1790119255084
EPOCH_RECONCILED epoch=2 reporter=911999B2AEFA7ACC66EBD802B3301FF6CE431405107749D940277955CB7FDD07 complete=false entries=0 total=14432 t=1790119255085
EPOCH_RECONCILED epoch=2 reporter=D315857CE70C54DE713F6E82E5613BB3A1266C15E28AD2F4338C7BBEC456F532 complete=false entries=0 total=14432 t=1790119255085
EPOCH_CLOSE_UNREADY epoch=2 short_of=reports usable=1 weight=47978799916455423976675826570050874342 required=264265044990319082216171839663141208775 held=4 theirs=["633D9D61:800A3367:7AC81E65", "911999B2:800A3367:6E4CBA9F", "A353E45E:800A3367:AE60BAEE", "D315857C:800A3367:FCC33568"] t=1790119255085
EPOCH_RECONCILED epoch=2 reporter=633D9D614858AB1710D5D8C3180E2A082DC97208BA8C26BA6C6D1A86C8E31CC0 complete=true entries=471 total=471 t=1790119255086
EPOCH_RECONCILED epoch=2 reporter=911999B2AEFA7ACC66EBD802B3301FF6CE431405107749D940277955CB7FDD07 complete=true entries=486 total=486 t=1790119255086
EPOCH_RECONCILED epoch=2 reporter=D315857CE70C54DE713F6E82E5613BB3A1266C15E28AD2F4338C7BBEC456F532 complete=true entries=485 total=485 t=1790119255087
EPOCH_REPORT epoch=2 certified=14432 residual=488 root=800A336739C7C333183CC1B63221EFBF2424EC3DF444CFF8D609C645403D065C reports=1 t=1790119255095
EPOCH_RECONCILED epoch=2 reporter=633D9D614858AB1710D5D8C3180E2A082DC97208BA8C26BA6C6D1A86C8E31CC0 complete=false entries=0 total=14432 t=1790119255111
EPOCH_RECONCILED epoch=2 reporter=911999B2AEFA7ACC66EBD802B3301FF6CE431405107749D940277955CB7FDD07 complete=false entries=0 total=14432 t=1790119255112
EPOCH_RECONCILED epoch=2 reporter=A353E45E6D0016CAEED0DFA4EC5B0640E2AA22A793F9F2375E77F1AB92977C04 complete=false entries=0 total=14432 t=1790119255113
EPOCH_RECONCILED epoch=2 reporter=633D9D614858AB1710D5D8C3180E2A082DC97208BA8C26BA6C6D1A86C8E31CC0 complete=true entries=471 total=471 t=1790119255113
EPOCH_RECONCILED epoch=2 reporter=911999B2AEFA7ACC66EBD802B3301FF6CE431405107749D940277955CB7FDD07 complete=true entries=486 total=486 t=1790119255113
EPOCH_RECONCILED epoch=2 reporter=D315857CE70C54DE713F6E82E5613BB3A1266C15E28AD2F4338C7BBEC456F532 complete=false entries=0 total=14432 t=1790119255114
EPOCH_RECONCILED epoch=2 reporter=A353E45E6D0016CAEED0DFA4EC5B0640E2AA22A793F9F2375E77F1AB92977C04 complete=true entries=461 total=461 t=1790119255115
EPOCH_CLOSE_UNREADY epoch=2 short_of=reports usable=4 weight=216396095076136340995215654328439630499 required=264265044990319082216171839663141208775 held=5 theirs=["633D9D61:800A3367:7AC81E65", "911999B2:800A3367:6E4CBA9F", "A353E45E:800A3367:AE60BAEE", "65A90023:800A3367:FC6E9402", "D315857C:800A3367:FCC33568"] t=1790119255115
EPOCH_RECONCILED epoch=2 reporter=D315857CE70C54DE713F6E82E5613BB3A1266C15E28AD2F4338C7BBEC456F532 complete=true entries=485 total=485 t=1790119255115
EPOCH_RECONCILED epoch=2 reporter=911999B2AEFA7ACC66EBD802B3301FF6CE431405107749D940277955CB7FDD07 complete=false entries=0 total=14432 t=1790119255286
EPOCH_RECONCILED epoch=2 reporter=D315857CE70C54DE713F6E82E5613BB3A1266C15E28AD2F4338C7BBEC456F532 complete=false entries=0 total=14432 t=1790119255286
EPOCH_RECONCILED epoch=2 reporter=A353E45E6D0016CAEED0DFA4EC5B0640E2AA22A793F9F2375E77F1AB92977C04 complete=false entries=0 total=14432 t=1790119255287
EPOCH_RECONCILED epoch=2 reporter=911999B2AEFA7ACC66EBD802B3301FF6CE431405107749D940277955CB7FDD07 complete=true entries=486 total=486 t=1790119255287
EPOCH_RECONCILED epoch=2 reporter=D315857CE70C54DE713F6E82E5613BB3A1266C15E28AD2F4338C7BBEC456F532 complete=true entries=485 total=485 t=1790119255287
EPOCH_RECONCILED epoch=2 reporter=65A90023F6C0D2181AAA63F005D81BBC0C04650505E21D5123F9AE1F9E992BFF complete=false entries=0 total=14432 t=1790119255287
EPOCH_RECONCILED epoch=2 reporter=A353E45E6D0016CAEED0DFA4EC5B0640E2AA22A793F9F2375E77F1AB92977C04 complete=true entries=461 total=461 t=1790119255288
EPOCH_RECONCILED epoch=2 reporter=65A90023F6C0D2181AAA63F005D81BBC0C04650505E21D5123F9AE1F9E992BFF complete=true entries=488 total=488 t=1790119255288
EPOCH_RECONCILED epoch=2 reporter=A353E45E6D0016CAEED0DFA4EC5B0640E2AA22A793F9F2375E77F1AB92977C04 complete=false entries=0 total=14432 t=1790119255344
EPOCH_RECONCILED epoch=2 reporter=65A90023F6C0D2181AAA63F005D81BBC0C04650505E21D5123F9AE1F9E992BFF complete=false entries=0 total=14432 t=1790119255344
EPOCH_RECONCILED epoch=2 reporter=A353E45E6D0016CAEED0DFA4EC5B0640E2AA22A793F9F2375E77F1AB92977C04 complete=true entries=461 total=461 t=1790119255344
EPOCH_RECONCILED epoch=2 reporter=65A90023F6C0D2181AAA63F005D81BBC0C04650505E21D5123F9AE1F9E992BFF complete=true entries=488 total=488 t=1790119255345
EPOCH_RECONCILED epoch=2 reporter=A353E45E6D0016CAEED0DFA4EC5B0640E2AA22A793F9F2375E77F1AB92977C04 complete=false entries=0 total=14432 t=1790119255350
EPOCH_RECONCILED epoch=2 reporter=65A90023F6C0D2181AAA63F005D81BBC0C04650505E21D5123F9AE1F9E992BFF complete=false entries=0 total=14432 t=1790119255350
EPOCH_RECONCILED epoch=2 reporter=A353E45E6D0016CAEED0DFA4EC5B0640E2AA22A793F9F2375E77F1AB92977C04 complete=true entries=461 total=461 t=1790119255350
EPOCH_RECONCILED epoch=2 reporter=65A90023F6C0D2181AAA63F005D81BBC0C04650505E21D5123F9AE1F9E992BFF complete=true entries=488 total=488 t=1790119255350
EPOCH_RECONCILED epoch=2 reporter=65A90023F6C0D2181AAA63F005D81BBC0C04650505E21D5123F9AE1F9E992BFF complete=false entries=0 total=14432 t=1790119255374
EPOCH_RECONCILED epoch=2 reporter=65A90023F6C0D2181AAA63F005D81BBC0C04650505E21D5123F9AE1F9E992BFF complete=true entries=488 total=488 t=1790119255375
EPOCH_CLOSE_READY epoch=2 t=1790119255391
EPOCH_CLOSE_READY epoch=2 t=1790119255575
EPOCH_CLOSE_READY epoch=2 t=1790119255650
EPOCH_CLOSE_READY epoch=2 t=1790119255657
EPOCH_CLOSE_READY epoch=2 t=1790119255669
EPOCH_CLOSE_ROUND epoch=2 round=0 leader=735FE217D91E88EA82324C5883296385FA0041C2FAC85C827BAA46DA1E14B83F leads=false t=1790119255680
EPOCH_CLOSE_ROUND epoch=2 round=0 leader=735FE217D91E88EA82324C5883296385FA0041C2FAC85C827BAA46DA1E14B83F leads=false t=1790119255868
EPOCH_CLOSE_ROUND epoch=2 round=0 leader=735FE217D91E88EA82324C5883296385FA0041C2FAC85C827BAA46DA1E14B83F leads=false t=1790119255929
EPOCH_CLOSE_ROUND epoch=2 round=0 leader=735FE217D91E88EA82324C5883296385FA0041C2FAC85C827BAA46DA1E14B83F leads=false t=1790119255935
EPOCH_CLOSE_ROUND epoch=2 round=0 leader=735FE217D91E88EA82324C5883296385FA0041C2FAC85C827BAA46DA1E14B83F leads=false t=1790119255958
[2m2026-09-22T23:20:56.042332Z[0m [32m INFO[0m [2mnanospam::app[0m[2m:[0m Confirmed 42,847 blocks | 2,000 bps | 0 cps | avg conf time: 0 ms
EPOCH_DRAIN_WAIT epoch=2 unterminated=3 previous_closed=true first=["2500EF9C4A4BED2DA3A4A1BE581891933758FD013CC98470AFF14207AA57B098:passive:1:3", "9333EED2AA2F2CDEB0FBCCE29C48B8A20A73E4176708D1EDF45B6AF69BBDBB88:passive:1:3", "DFF549103B126D529C9BF4F6F6BF2524C350247ACDE72F4B680B603CCEA3FDE0:passive:1:3"] t=1790119256115
[2m2026-09-22T23:20:57.043175Z[0m [32m INFO[0m [2mnanospam::app[0m[2m:[0m Confirmed 42,847 blocks | 2,000 bps | 0 cps | avg conf time: 0 ms
EPOCH_DRAIN_WAIT epoch=2 unterminated=1 previous_closed=true first=["2500EF9C4A4BED2DA3A4A1BE581891933758FD013CC98470AFF14207AA57B098:passive:1:3"] t=1790119257332
EPOCH_ADVANCED epoch=3 elections=2112 active=0 t=1790119257940
EPOCH_REPORT epoch=2 certified=14423 residual=518 root=1063D3EE57BBE616B05AC92388E4976D57D0478BFC6D4285E87D33540455C07B reports=1 t=1790119257960
EPOCH_RECON_REQUEST epoch=2 reporter=65A90023F6C0D2181AAA63F005D81BBC0C04650505E21D5123F9AE1F9E992BFF target=800A336739C7C333183CC1B63221EFBF2424EC3DF444CFF8D609C645403D065C sources=["1063D3EE", "1063D3EE"] t=1790119257973
EPOCH_RECON_REFUSED epoch=2 target=800A336739C7C333183CC1B63221EFBF2424EC3DF444CFF8D609C645403D065C reason=UnknownTarget sources=["1063D3EE", "1063D3EE"] t=1790119257973
EPOCH_RECON_REFUSED epoch=2 target=800A336739C7C333183CC1B63221EFBF2424EC3DF444CFF8D609C645403D065C reason=UnknownSource sources=["1063D3EE", "1063D3EE"] t=1790119257973
EPOCH_RECON_REFUSED epoch=2 target=800A336739C7C333183CC1B63221EFBF2424EC3DF444CFF8D609C645403D065C reason=UnknownSource sources=["1063D3EE", "1063D3EE"] t=1790119257974
EPOCH_RECON_REFUSED epoch=2 target=800A336739C7C333183CC1B63221EFBF2424EC3DF444CFF8D609C645403D065C reason=UnknownSource sources=["1063D3EE", "1063D3EE"] t=1790119257974
EPOCH_RECON_REFUSED epoch=2 target=800A336739C7C333183CC1B63221EFBF2424EC3DF444CFF8D609C645403D065C reason=UnknownSource sources=["1063D3EE", "1063D3EE"] t=1790119257974
EPOCH_RECONCILED epoch=2 reporter=65A90023F6C0D2181AAA63F005D81BBC0C04650505E21D5123F9AE1F9E992BFF complete=false entries=488 total=488 t=1790119257974
EPOCH_RECON_REFUSED epoch=2 target=800A336739C7C333183CC1B63221EFBF2424EC3DF444CFF8D609C645403D065C reason=UnknownSource sources=["1063D3EE", "1063D3EE"] t=1790119257974
EPOCH_RECONCILED epoch=2 reporter=911999B2AEFA7ACC66EBD802B3301FF6CE431405107749D940277955CB7FDD07 complete=false entries=486 total=486 t=1790119257974
EPOCH_RECONCILED epoch=2 reporter=D315857CE70C54DE713F6E82E5613BB3A1266C15E28AD2F4338C7BBEC456F532 complete=false entries=485 total=485 t=1790119257974
EPOCH_RECONCILED epoch=2 reporter=A353E45E6D0016CAEED0DFA4EC5B0640E2AA22A793F9F2375E77F1AB92977C04 complete=false entries=461 total=461 t=1790119257975
EPOCH_CLOSE_UNREADY epoch=2 short_of=reports usable=1 weight=59886056787612669758343700351075486554 required=264265044990319082216171839663141208775 held=6 theirs=["65A90023:800A3367:FC6E9402", "911999B2:800A3367:6E4CBA9F", "735FE217:1063D3EE:73A55BD8", "D315857C:800A3367:FCC33568", "A353E45E:800A3367:AE60BAEE", "633D9D61:800A3367:7AC81E65"] t=1790119257975
EPOCH_RECONCILED epoch=2 reporter=633D9D614858AB1710D5D8C3180E2A082DC97208BA8C26BA6C6D1A86C8E31CC0 complete=false entries=471 total=471 t=1790119257975
EPOCH_RECON_REQUEST epoch=2 reporter=735FE217D91E88EA82324C5883296385FA0041C2FAC85C827BAA46DA1E14B83F target=1063D3EE57BBE616B05AC92388E4976D57D0478BFC6D4285E87D33540455C07B sources=["800A3367", "800A3367"] t=1790119258016
EPOCH_RECONCILED epoch=2 reporter=735FE217D91E88EA82324C5883296385FA0041C2FAC85C827BAA46DA1E14B83F complete=false entries=518 total=518 t=1790119258017
[2m2026-09-22T23:20:58.044752Z[0m [32m INFO[0m [2mnanospam::app[0m[2m:[0m Confirmed 42,847 blocks | 2,000 bps | 0 cps | avg conf time: 0 ms
EPOCH_RECON_REQUEST epoch=2 reporter=735FE217D91E88EA82324C5883296385FA0041C2FAC85C827BAA46DA1E14B83F target=1063D3EE57BBE616B05AC92388E4976D57D0478BFC6D4285E87D33540455C07B sources=["800A3367", "800A3367"] t=1790119258074
EPOCH_RECONCILED epoch=2 reporter=735FE217D91E88EA82324C5883296385FA0041C2FAC85C827BAA46DA1E14B83F complete=false entries=518 total=518 t=1790119258075
EPOCH_RECON_REQUEST epoch=2 reporter=735FE217D91E88EA82324C5883296385FA0041C2FAC85C827BAA46DA1E14B83F target=1063D3EE57BBE616B05AC92388E4976D57D0478BFC6D4285E87D33540455C07B sources=["800A3367", "800A3367"] t=1790119258077
EPOCH_RECONCILED epoch=2 reporter=735FE217D91E88EA82324C5883296385FA0041C2FAC85C827BAA46DA1E14B83F complete=false entries=518 total=518 t=1790119258077
EPOCH_RECON_REQUEST epoch=2 reporter=735FE217D91E88EA82324C5883296385FA0041C2FAC85C827BAA46DA1E14B83F target=1063D3EE57BBE616B05AC92388E4976D57D0478BFC6D4285E87D33540455C07B sources=["800A3367", "800A3367"] t=1790119258097
EPOCH_RECONCILED epoch=2 reporter=735FE217D91E88EA82324C5883296385FA0041C2FAC85C827BAA46DA1E14B83F complete=false entries=518 total=518 t=1790119258097
EPOCH_RECON_REQUEST epoch=2 reporter=735FE217D91E88EA82324C5883296385FA0041C2FAC85C827BAA46DA1E14B83F target=1063D3EE57BBE616B05AC92388E4976D57D0478BFC6D4285E87D33540455C07B sources=["800A3367", "800A3367"] t=1790119258131
EPOCH_RECONCILED epoch=2 reporter=735FE217D91E88EA82324C5883296385FA0041C2FAC85C827BAA46DA1E14B83F complete=false entries=518 total=518 t=1790119258132
EPOCH_CLOSE_ROUND epoch=2 round=1 leader=911999B2AEFA7ACC66EBD802B3301FF6CE431405107749D940277955CB7FDD07 leads=false t=1790119258295
EPOCH_CLOSE_ROUND epoch=2 round=1 leader=911999B2AEFA7ACC66EBD802B3301FF6CE431405107749D940277955CB7FDD07 leads=true t=1790119258356
EPOCH_CLOSE_ROUND epoch=2 round=1 leader=911999B2AEFA7ACC66EBD802B3301FF6CE431405107749D940277955CB7FDD07 leads=false t=1790119258356
EPOCH_CLOSE_ROUND epoch=2 round=1 leader=911999B2AEFA7ACC66EBD802B3301FF6CE431405107749D940277955CB7FDD07 leads=false t=1790119258384
EPOCH_CLOSE_ROUND epoch=2 round=1 leader=911999B2AEFA7ACC66EBD802B3301FF6CE431405107749D940277955CB7FDD07 leads=false t=1790119258415
EPOCH_PROPOSED epoch=2 round=1 value=A536CE0BC993E134E2356CE3A1EB49A7E880A421F8228DA05B5EBD839E00096F state=408B25DC2366D9EC4A9373C4757ACCB801E825E283031E16BD15C34B9703E069 reports=5 t=1790119258463
EPOCH_VALUE epoch=2 value=A536CE0BC993E134E2356CE3A1EB49A7E880A421F8228DA05B5EBD839E00096F state=408B25DC2366D9EC4A9373C4757ACCB801E825E283031E16BD15C34B9703E069 t=1790119258463
EPOCH_VALUE epoch=2 value=A536CE0BC993E134E2356CE3A1EB49A7E880A421F8228DA05B5EBD839E00096F state=408B25DC2366D9EC4A9373C4757ACCB801E825E283031E16BD15C34B9703E069 t=1790119258570
EPOCH_VALUE epoch=2 value=A536CE0BC993E134E2356CE3A1EB49A7E880A421F8228DA05B5EBD839E00096F state=408B25DC2366D9EC4A9373C4757ACCB801E825E283031E16BD15C34B9703E069 t=1790119258570
EPOCH_VALUE epoch=2 value=A536CE0BC993E134E2356CE3A1EB49A7E880A421F8228DA05B5EBD839E00096F state=408B25DC2366D9EC4A9373C4757ACCB801E825E283031E16BD15C34B9703E069 t=1790119258571
EPOCH_VALUE epoch=2 value=A536CE0BC993E134E2356CE3A1EB49A7E880A421F8228DA05B5EBD839E00096F state=408B25DC2366D9EC4A9373C4757ACCB801E825E283031E16BD15C34B9703E069 t=1790119258573
EPOCH_FRONTIER_MISSING epoch=2 accounts=3 : blocks this node does not hold t=1790119258835
EPOCH_COMMITTEE derived_by=2 members=6 accounts=15088 n=315760650196960484711320871828824248693 digest=00364F80028D4D75AB0229DF16882CA56B3A9B9829672C4A31C90539BF1FDAD7 shares=["633D9D61:20.9%", "735FE217:17.7%", "65A90023:15.6%", "D315857C:15.5%", "911999B2:15.5%", "A353E45E:14.9%"] t=1790119258841
EPOCH_CLOSED epoch=2 round=1 value=A536CE0BC993E134E2356CE3A1EB49A7E880A421F8228DA05B5EBD839E00096F state=408B25DC2366D9EC4A9373C4757ACCB801E825E283031E16BD15C34B9703E069 t=1790119258841
EPOCH_FRONTIER_MISSING epoch=2 accounts=3 : blocks this node does not hold t=1790119258848
EPOCH_FRONTIER_MISSING epoch=2 accounts=3 : blocks this node does not hold t=1790119258850
EPOCH_FRONTIER_MISSING epoch=2 accounts=3 : blocks this node does not hold t=1790119258853
EPOCH_COMMITTEE derived_by=2 members=6 accounts=15088 n=315760650196960484711320871828824248693 digest=00364F80028D4D75AB0229DF16882CA56B3A9B9829672C4A31C90539BF1FDAD7 shares=["633D9D61:20.9%", "735FE217:17.7%", "65A90023:15.6%", "D315857C:15.5%", "911999B2:15.5%", "A353E45E:14.9%"] t=1790119258856
EPOCH_CLOSED epoch=2 round=1 value=A536CE0BC993E134E2356CE3A1EB49A7E880A421F8228DA05B5EBD839E00096F state=408B25DC2366D9EC4A9373C4757ACCB801E825E283031E16BD15C34B9703E069 t=1790119258856
EPOCH_COMMITTEE derived_by=2 members=6 accounts=15088 n=315760650196960484711320871828824248693 digest=00364F80028D4D75AB0229DF16882CA56B3A9B9829672C4A31C90539BF1FDAD7 shares=["633D9D61:20.9%", "735FE217:17.7%", "65A90023:15.6%", "D315857C:15.5%", "911999B2:15.5%", "A353E45E:14.9%"] t=1790119258859
EPOCH_CLOSED epoch=2 round=1 value=A536CE0BC993E134E2356CE3A1EB49A7E880A421F8228DA05B5EBD839E00096F state=408B25DC2366D9EC4A9373C4757ACCB801E825E283031E16BD15C34B9703E069 t=1790119258859
EPOCH_COMMITTEE derived_by=2 members=6 accounts=15088 n=315760650196960484711320871828824248693 digest=00364F80028D4D75AB0229DF16882CA56B3A9B9829672C4A31C90539BF1FDAD7 shares=["633D9D61:20.9%", "735FE217:17.7%", "65A90023:15.6%", "D315857C:15.5%", "911999B2:15.5%", "A353E45E:14.9%"] t=1790119258861
EPOCH_CLOSED epoch=2 round=1 value=A536CE0BC993E134E2356CE3A1EB49A7E880A421F8228DA05B5EBD839E00096F state=408B25DC2366D9EC4A9373C4757ACCB801E825E283031E16BD15C34B9703E069 t=1790119258861
EPOCH_FRONTIER_MISSING epoch=2 accounts=3 : blocks this node does not hold t=1790119258862
EPOCH_COMMITTEE derived_by=2 members=6 accounts=15088 n=315760650196960484711320871828824248693 digest=00364F80028D4D75AB0229DF16882CA56B3A9B9829672C4A31C90539BF1FDAD7 shares=["633D9D61:20.9%", "735FE217:17.7%", "65A90023:15.6%", "D315857C:15.5%", "911999B2:15.5%", "A353E45E:14.9%"] t=1790119258871
EPOCH_CLOSED epoch=2 round=1 value=A536CE0BC993E134E2356CE3A1EB49A7E880A421F8228DA05B5EBD839E00096F state=408B25DC2366D9EC4A9373C4757ACCB801E825E283031E16BD15C34B9703E069 t=1790119258871
[2m2026-09-22T23:20:59.047249Z[0m [32m INFO[0m [2mnanospam::app[0m[2m:[0m Confirmed 42,847 blocks | 2,000 bps | 0 cps | avg conf time: 0 ms
EPOCH_CLOSE_UNREADY epoch=2 short_of=reports usable=1 weight=59886056787612669758343700351075486554 required=264265044990319082216171839663141208775 held=6 theirs=["65A90023:800A3367:FC6E9402", "911999B2:800A3367:6E4CBA9F", "735FE217:1063D3EE:73A55BD8", "D315857C:800A3367:FCC33568", "A353E45E:800A3367:AE60BAEE", "633D9D61:800A3367:7AC81E65"] t=1790119259174
EPOCH_RECONCILED epoch=2 reporter=65A90023F6C0D2181AAA63F005D81BBC0C04650505E21D5123F9AE1F9E992BFF complete=true entries=0 total=14432 t=1790119259485
EPOCH_RECONCILED epoch=2 reporter=911999B2AEFA7ACC66EBD802B3301FF6CE431405107749D940277955CB7FDD07 complete=true entries=0 total=14432 t=1790119259485
EPOCH_RECONCILED epoch=2 reporter=D315857CE70C54DE713F6E82E5613BB3A1266C15E28AD2F4338C7BBEC456F532 complete=true entries=0 total=14432 t=1790119259486
EPOCH_RECONCILED epoch=2 reporter=A353E45E6D0016CAEED0DFA4EC5B0640E2AA22A793F9F2375E77F1AB92977C04 complete=true entries=0 total=14432 t=1790119259486
EPOCH_RECONCILED epoch=2 reporter=633D9D614858AB1710D5D8C3180E2A082DC97208BA8C26BA6C6D1A86C8E31CC0 complete=true entries=0 total=14432 t=1790119259487
EPOCH_CLOSE_READY epoch=2 t=1790119259487
EPOCH_VALUE epoch=2 value=A536CE0BC993E134E2356CE3A1EB49A7E880A421F8228DA05B5EBD839E00096F state=408B25DC2366D9EC4A9373C4757ACCB801E825E283031E16BD15C34B9703E069 t=1790119259662
EPOCH_FRONTIER_MISSING epoch=2 accounts=3 : blocks this node does not hold t=1790119259802
EPOCH_COMMITTEE derived_by=2 members=6 accounts=15088 n=315760650196960484711320871828824248693 digest=00364F80028D4D75AB0229DF16882CA56B3A9B9829672C4A31C90539BF1FDAD7 shares=["633D9D61:20.9%", "735FE217:17.7%", "65A90023:15.6%", "D315857C:15.5%", "911999B2:15.5%", "A353E45E:14.9%"] t=1790119259808
EPOCH_CLOSED epoch=2 round=1 value=A536CE0BC993E134E2356CE3A1EB49A7E880A421F8228DA05B5EBD839E00096F state=408B25DC2366D9EC4A9373C4757ACCB801E825E283031E16BD15C34B9703E069 t=1790119259808
[2m2026-09-22T23:21:00.048708Z[0m [32m INFO[0m [2mnanospam::app[0m[2m:[0m Confirmed 42,847 blocks | 2,000 bps | 0 cps | avg conf time: 0 ms
[2m2026-09-22T23:21:01.050593Z[0m [32m INFO[0m [2mnanospam::app[0m[2m:[0m Confirmed 42,847 blocks | 2,000 bps | 0 cps | avg conf time: 0 ms
[2m2026-09-22T23:21:02.053220Z[0m [32m INFO[0m [2mnanospam::app[0m[2m:[0m Confirmed 42,847 blocks | 2,000 bps | 0 cps | avg conf time: 0 ms
[2m2026-09-22T23:21:03.054627Z[0m [32m INFO[0m [2mnanospam::app[0m[2m:[0m Confirmed 42,847 blocks | 2,000 bps | 0 cps | avg conf time: 0 ms
[2m2026-09-22T23:21:04.056787Z[0m [32m INFO[0m [2mnanospam::app[0m[2m:[0m Confirmed 42,847 blocks | 2,000 bps | 0 cps | avg conf time: 0 ms
[2m2026-09-22T23:21:05.057524Z[0m [32m INFO[0m [2mnanospam::app[0m[2m:[0m Confirmed 42,847 blocks | 2,000 bps | 0 cps | avg conf time: 0 ms
[2m2026-09-22T23:21:06.059408Z[0m [32m INFO[0m [2mnanospam::app[0m[2m:[0m Confirmed 42,847 blocks | 2,000 bps | 0 cps | avg conf time: 0 ms
[2m2026-09-22T23:21:07.062018Z[0m [32m INFO[0m [2mnanospam::app[0m[2m:[0m Confirmed 42,847 blocks | 2,000 bps | 0 cps | avg conf time: 0 ms
[2m2026-09-22T23:21:08.063664Z[0m [32m INFO[0m [2mnanospam::app[0m[2m:[0m Confirmed 42,847 blocks | 2,000 bps | 0 cps | avg conf time: 0 ms
[2m2026-09-22T23:21:09.065238Z[0m [32m INFO[0m [2mnanospam::app[0m[2m:[0m Confirmed 42,847 blocks | 2,000 bps | 0 cps | avg conf time: 0 ms
[2m2026-09-22T23:21:10.066665Z[0m [32m INFO[0m [2mnanospam::app[0m[2m:[0m Confirmed 42,847 blocks | 2,000 bps | 0 cps | avg conf time: 0 ms
[2m2026-09-22T23:21:11.068676Z[0m [32m INFO[0m [2mnanospam::app[0m[2m:[0m Confirmed 42,847 blocks | 2,000 bps | 0 cps | avg conf time: 0 ms
[2m2026-09-22T23:21:12.069397Z[0m [32m INFO[0m [2mnanospam::app[0m[2m:[0m Confirmed 42,847 blocks | 2,000 bps | 0 cps | avg conf time: 0 ms
[2m2026-09-22T23:21:13.071547Z[0m [32m INFO[0m [2mnanospam::app[0m[2m:[0m Confirmed 42,847 blocks | 2,000 bps | 0 cps | avg conf time: 0 ms
[2m2026-09-22T23:21:14.073709Z[0m [32m INFO[0m [2mnanospam::app[0m[2m:[0m Confirmed 42,847 blocks | 2,000 bps | 0 cps | avg conf time: 0 ms
[2m2026-09-22T23:21:15.075413Z[0m [32m INFO[0m [2mnanospam::app[0m[2m:[0m Confirmed 42,847 blocks | 2,000 bps | 0 cps | avg conf time: 0 ms
[2m2026-09-22T23:21:16.077935Z[0m [32m INFO[0m [2mnanospam::app[0m[2m:[0m Confirmed 42,847 blocks | 2,000 bps | 0 cps | avg conf time: 0 ms
cleanup done
