2026-10-07T14:12:05.343658Z  INFO nanospam::setup::account_map_factory: Creating account keys file with 45000 keys: "/var/folders/1y/px089b2s6f9d893xp1p4c7wh0000gn/T/rai-gate-b-f14q6r2h/account_keys.txt"
2026-10-07T14:12:06.061133Z  INFO nanospam::setup::node_config_factory: ********************************************************************************
2026-10-07T14:12:06.061149Z  INFO nanospam::setup::node_config_factory: Setting up node PR0...
2026-10-07T14:12:06.061162Z  INFO nanospam::setup::node_config_factory: Creating directory "/var/folders/1y/px089b2s6f9d893xp1p4c7wh0000gn/T/rai-gate-b-f14q6r2h/pr0"
2026-10-07T14:12:06.061254Z  INFO nanospam::setup::node_config_factory: Creating node config file: "/var/folders/1y/px089b2s6f9d893xp1p4c7wh0000gn/T/rai-gate-b-f14q6r2h/pr0/config-node.toml"
2026-10-07T14:12:06.061374Z  INFO nanospam::setup::node_config_factory: Creating rpc config file: "/var/folders/1y/px089b2s6f9d893xp1p4c7wh0000gn/T/rai-gate-b-f14q6r2h/pr0/config-rpc.toml"
2026-10-07T14:12:06.061447Z  INFO nanospam::setup::node_config_factory: ********************************************************************************
2026-10-07T14:12:06.061451Z  INFO nanospam::setup::node_config_factory: Setting up node PR1...
2026-10-07T14:12:06.061454Z  INFO nanospam::setup::node_config_factory: Creating directory "/var/folders/1y/px089b2s6f9d893xp1p4c7wh0000gn/T/rai-gate-b-f14q6r2h/pr1"
2026-10-07T14:12:06.061503Z  INFO nanospam::setup::node_config_factory: Creating node config file: "/var/folders/1y/px089b2s6f9d893xp1p4c7wh0000gn/T/rai-gate-b-f14q6r2h/pr1/config-node.toml"
2026-10-07T14:12:06.061587Z  INFO nanospam::setup::node_config_factory: Creating rpc config file: "/var/folders/1y/px089b2s6f9d893xp1p4c7wh0000gn/T/rai-gate-b-f14q6r2h/pr1/config-rpc.toml"
2026-10-07T14:12:06.061662Z  INFO nanospam::setup::node_config_factory: ********************************************************************************
2026-10-07T14:12:06.061665Z  INFO nanospam::setup::node_config_factory: Setting up node PR2...
2026-10-07T14:12:06.061669Z  INFO nanospam::setup::node_config_factory: Creating directory "/var/folders/1y/px089b2s6f9d893xp1p4c7wh0000gn/T/rai-gate-b-f14q6r2h/pr2"
2026-10-07T14:12:06.061713Z  INFO nanospam::setup::node_config_factory: Creating node config file: "/var/folders/1y/px089b2s6f9d893xp1p4c7wh0000gn/T/rai-gate-b-f14q6r2h/pr2/config-node.toml"
2026-10-07T14:12:06.061790Z  INFO nanospam::setup::node_config_factory: Creating rpc config file: "/var/folders/1y/px089b2s6f9d893xp1p4c7wh0000gn/T/rai-gate-b-f14q6r2h/pr2/config-rpc.toml"
2026-10-07T14:12:06.061852Z  INFO nanospam::setup::node_config_factory: ********************************************************************************
2026-10-07T14:12:06.061857Z  INFO nanospam::setup::node_config_factory: Setting up node PR3...
2026-10-07T14:12:06.061860Z  INFO nanospam::setup::node_config_factory: Creating directory "/var/folders/1y/px089b2s6f9d893xp1p4c7wh0000gn/T/rai-gate-b-f14q6r2h/pr3"
2026-10-07T14:12:06.061899Z  INFO nanospam::setup::node_config_factory: Creating node config file: "/var/folders/1y/px089b2s6f9d893xp1p4c7wh0000gn/T/rai-gate-b-f14q6r2h/pr3/config-node.toml"
2026-10-07T14:12:06.061967Z  INFO nanospam::setup::node_config_factory: Creating rpc config file: "/var/folders/1y/px089b2s6f9d893xp1p4c7wh0000gn/T/rai-gate-b-f14q6r2h/pr3/config-rpc.toml"
2026-10-07T14:12:06.062024Z  INFO nanospam::setup::node_config_factory: ********************************************************************************
2026-10-07T14:12:06.062027Z  INFO nanospam::setup::node_config_factory: Setting up node PR4...
2026-10-07T14:12:06.062030Z  INFO nanospam::setup::node_config_factory: Creating directory "/var/folders/1y/px089b2s6f9d893xp1p4c7wh0000gn/T/rai-gate-b-f14q6r2h/pr4"
2026-10-07T14:12:06.062072Z  INFO nanospam::setup::node_config_factory: Creating node config file: "/var/folders/1y/px089b2s6f9d893xp1p4c7wh0000gn/T/rai-gate-b-f14q6r2h/pr4/config-node.toml"
2026-10-07T14:12:06.062143Z  INFO nanospam::setup::node_config_factory: Creating rpc config file: "/var/folders/1y/px089b2s6f9d893xp1p4c7wh0000gn/T/rai-gate-b-f14q6r2h/pr4/config-rpc.toml"
2026-10-07T14:12:06.062249Z  INFO nanospam::setup::node_launcher: Starting node: NANO_TEST_GENESIS_BLOCK="{\n    \"type\": \"open\",\n    \"account\": \"nano_3nroioygg54nusrmyun4woimqex36sp3drnctdt5955uqu47fxbkrxk7n7ne\",\n    \"source\": \"D315857CE70C54DE713F6E82E5613BB3A1266C15E28AD2F4338C7BBEC456F532\",\n    \"representative\": \"nano_3nroioygg54nusrmyun4woimqex36sp3drnctdt5955uqu47fxbkrxk7n7ne\",\n    \"signature\": \"3F6792C2DC623DF2E8643777160AB983B66B337E2478E13D2C3448126A8F4CD8DCCD19803C158A057FA44060AE0EFC09B1C311CB4FBF42F8D240610B38F56E08\",\n    \"work\": \"70FEF01F7EC45DEC\"\n    }" NANO_TEST_GENESIS_PRV ="49643F9B10CA1AA34F9AF8ED4AABD29F436104CCC375974B108534A48EAE3FE1" "rsnano" "--network" "test" "--data-path" "/var/folders/1y/px089b2s6f9d893xp1p4c7wh0000gn/T/rai-gate-b-f14q6r2h/pr0" "node" "run"
2026-10-07T14:12:06.062789Z  INFO nanospam::setup::node_launcher: Waiting for RPC...
2026-10-07T14:12:06.165968Z  INFO nanospam::setup::node_launcher: Starting node: NANO_TEST_GENESIS_BLOCK="{\n    \"type\": \"open\",\n    \"account\": \"nano_3nroioygg54nusrmyun4woimqex36sp3drnctdt5955uqu47fxbkrxk7n7ne\",\n    \"source\": \"D315857CE70C54DE713F6E82E5613BB3A1266C15E28AD2F4338C7BBEC456F532\",\n    \"representative\": \"nano_3nroioygg54nusrmyun4woimqex36sp3drnctdt5955uqu47fxbkrxk7n7ne\",\n    \"signature\": \"3F6792C2DC623DF2E8643777160AB983B66B337E2478E13D2C3448126A8F4CD8DCCD19803C158A057FA44060AE0EFC09B1C311CB4FBF42F8D240610B38F56E08\",\n    \"work\": \"70FEF01F7EC45DEC\"\n    }" NANO_TEST_GENESIS_PRV ="49643F9B10CA1AA34F9AF8ED4AABD29F436104CCC375974B108534A48EAE3FE1" "rsnano" "--network" "test" "--data-path" "/var/folders/1y/px089b2s6f9d893xp1p4c7wh0000gn/T/rai-gate-b-f14q6r2h/pr1" "node" "run"
2026-10-07T14:12:06.166732Z  INFO nanospam::setup::node_launcher: Waiting for RPC...
2026-10-07T14:12:06.269840Z  INFO nanospam::setup::node_launcher: Starting node: NANO_TEST_GENESIS_BLOCK="{\n    \"type\": \"open\",\n    \"account\": \"nano_3nroioygg54nusrmyun4woimqex36sp3drnctdt5955uqu47fxbkrxk7n7ne\",\n    \"source\": \"D315857CE70C54DE713F6E82E5613BB3A1266C15E28AD2F4338C7BBEC456F532\",\n    \"representative\": \"nano_3nroioygg54nusrmyun4woimqex36sp3drnctdt5955uqu47fxbkrxk7n7ne\",\n    \"signature\": \"3F6792C2DC623DF2E8643777160AB983B66B337E2478E13D2C3448126A8F4CD8DCCD19803C158A057FA44060AE0EFC09B1C311CB4FBF42F8D240610B38F56E08\",\n    \"work\": \"70FEF01F7EC45DEC\"\n    }" NANO_TEST_GENESIS_PRV ="49643F9B10CA1AA34F9AF8ED4AABD29F436104CCC375974B108534A48EAE3FE1" "rsnano" "--network" "test" "--data-path" "/var/folders/1y/px089b2s6f9d893xp1p4c7wh0000gn/T/rai-gate-b-f14q6r2h/pr2" "node" "run"
2026-10-07T14:12:06.270598Z  INFO nanospam::setup::node_launcher: Waiting for RPC...
2026-10-07T14:12:06.373377Z  INFO nanospam::setup::node_launcher: Starting node: NANO_TEST_GENESIS_BLOCK="{\n    \"type\": \"open\",\n    \"account\": \"nano_3nroioygg54nusrmyun4woimqex36sp3drnctdt5955uqu47fxbkrxk7n7ne\",\n    \"source\": \"D315857CE70C54DE713F6E82E5613BB3A1266C15E28AD2F4338C7BBEC456F532\",\n    \"representative\": \"nano_3nroioygg54nusrmyun4woimqex36sp3drnctdt5955uqu47fxbkrxk7n7ne\",\n    \"signature\": \"3F6792C2DC623DF2E8643777160AB983B66B337E2478E13D2C3448126A8F4CD8DCCD19803C158A057FA44060AE0EFC09B1C311CB4FBF42F8D240610B38F56E08\",\n    \"work\": \"70FEF01F7EC45DEC\"\n    }" NANO_TEST_GENESIS_PRV ="49643F9B10CA1AA34F9AF8ED4AABD29F436104CCC375974B108534A48EAE3FE1" "rsnano" "--network" "test" "--data-path" "/var/folders/1y/px089b2s6f9d893xp1p4c7wh0000gn/T/rai-gate-b-f14q6r2h/pr3" "node" "run"
2026-10-07T14:12:06.374590Z  INFO nanospam::setup::node_launcher: Waiting for RPC...
2026-10-07T14:12:06.478451Z  INFO nanospam::setup::node_launcher: Starting node: NANO_TEST_GENESIS_BLOCK="{\n    \"type\": \"open\",\n    \"account\": \"nano_3nroioygg54nusrmyun4woimqex36sp3drnctdt5955uqu47fxbkrxk7n7ne\",\n    \"source\": \"D315857CE70C54DE713F6E82E5613BB3A1266C15E28AD2F4338C7BBEC456F532\",\n    \"representative\": \"nano_3nroioygg54nusrmyun4woimqex36sp3drnctdt5955uqu47fxbkrxk7n7ne\",\n    \"signature\": \"3F6792C2DC623DF2E8643777160AB983B66B337E2478E13D2C3448126A8F4CD8DCCD19803C158A057FA44060AE0EFC09B1C311CB4FBF42F8D240610B38F56E08\",\n    \"work\": \"70FEF01F7EC45DEC\"\n    }" NANO_TEST_GENESIS_PRV ="49643F9B10CA1AA34F9AF8ED4AABD29F436104CCC375974B108534A48EAE3FE1" "rsnano" "--network" "test" "--data-path" "/var/folders/1y/px089b2s6f9d893xp1p4c7wh0000gn/T/rai-gate-b-f14q6r2h/pr4" "node" "run"
2026-10-07T14:12:06.480161Z  INFO nanospam::setup::node_launcher: Waiting for RPC...
2026-10-07T14:12:06.583229Z  INFO nanospam::wallets_factory: Creating wallet...
2026-10-07T14:12:06.657217Z  INFO nanospam::wallets_factory: Setting default representative...
2026-10-07T14:12:06.657534Z  INFO nanospam::wallets_factory: Creating wallet...
2026-10-07T14:12:06.701967Z  INFO nanospam::wallets_factory: Setting default representative...
2026-10-07T14:12:06.702235Z  INFO nanospam::wallets_factory: Sending Ӿ56,547,061 to PR1 wallet nano_3atmwjh8t11psdqf3qx6xjfiei94oajch6zsyauowxzjogbbgz168g5mp8f1 ...
2026-10-07T14:12:06.702608Z  INFO nanospam::wallets_factory: Waiting for confirmation for 70B574FB519B8DEA27D8F4952C2E7B0378B009608D6FC967984D3C83440C9C3D
2026-10-07T14:12:21.897346Z  INFO nanospam::wallets_factory: Receiving...
2026-10-07T14:12:21.899281Z  INFO nanospam::wallets_factory: Waiting for confirmation for 011C6AC2721054F46B03A50885AF48083A4A685154A55D85116DBCE413673F86
2026-10-07T14:12:22.002904Z  INFO nanospam::wallets_factory: DONE
2026-10-07T14:12:22.003018Z  INFO nanospam::wallets_factory: ********************************************************************************
2026-10-07T14:12:22.003042Z  INFO nanospam::wallets_factory: Creating wallet...
2026-10-07T14:12:22.083918Z  INFO nanospam::wallets_factory: Setting default representative...
2026-10-07T14:12:22.084269Z  INFO nanospam::wallets_factory: Sending Ӿ56,547,061 to PR2 wallet nano_36asm8scxymtsjmgqp14per3zxpgaec1c65qb9en1buscq7qzqa93tfyyzs3 ...
2026-10-07T14:12:22.084678Z  INFO nanospam::wallets_factory: Waiting for confirmation for 76B3937072C015B69E45D5458B47CF52A54A38F8ED441B0E21561A3048243E90
2026-10-07T14:12:22.186383Z  INFO nanospam::wallets_factory: Receiving...
2026-10-07T14:12:22.187351Z  INFO nanospam::wallets_factory: Waiting for confirmation for 402DCF4725254BECF5C5CB5F707C169725EE114819D289F8A5477C2FFF19BDC0
2026-10-07T14:12:22.392485Z  INFO nanospam::wallets_factory: DONE
2026-10-07T14:12:22.392527Z  INFO nanospam::wallets_factory: ********************************************************************************
2026-10-07T14:12:22.392535Z  INFO nanospam::wallets_factory: Creating wallet...
2026-10-07T14:12:22.465493Z  INFO nanospam::wallets_factory: Setting default representative...
2026-10-07T14:12:22.465891Z  INFO nanospam::wallets_factory: Sending Ӿ56,547,061 to PR3 wallet nano_1sfb11jzfi8k51fcnrzi1qe3qh1e1jkic3h45oak9yfg5yhbkczzxfwtat7m ...
2026-10-07T14:12:22.466270Z  INFO nanospam::wallets_factory: Waiting for confirmation for FF4589BE1759B38CC94ABA0AE4FE6644845FE957C02EA9CEA669A28C8D1ADE97
2026-10-07T14:12:37.669221Z  INFO nanospam::wallets_factory: Receiving...
2026-10-07T14:12:37.671474Z  INFO nanospam::wallets_factory: Waiting for confirmation for 1210B877FF188F4FF352C0EDE856AA702A1D6763EFA96EA84BB10519898BE6D0
2026-10-07T14:12:37.876903Z  INFO nanospam::wallets_factory: DONE
2026-10-07T14:12:37.876982Z  INFO nanospam::wallets_factory: ********************************************************************************
2026-10-07T14:12:37.877003Z  INFO nanospam::wallets_factory: Creating wallet...
2026-10-07T14:12:37.924627Z  INFO nanospam::wallets_factory: Setting default representative...
2026-10-07T14:12:37.924925Z  INFO nanospam::wallets_factory: Sending Ӿ56,547,061 to PR4 wallet nano_1rsxmoinip7d4wafdp855194n43fs7s1jgne6tx8ruatiu6g89815pddzijp ...
2026-10-07T14:12:37.925409Z  INFO nanospam::wallets_factory: Waiting for confirmation for 23D89F3531AC5EE2378D3606C70B24D2A7B9016B8ADB1A970E6B1D9E7576186D
2026-10-07T14:12:38.131000Z  INFO nanospam::wallets_factory: Receiving...
2026-10-07T14:12:38.132648Z  INFO nanospam::wallets_factory: Waiting for confirmation for 8D401F6072C9B3A9EFBA68DA33CC97FF1D15EEB9F09CE4731C1A7614578C3E56
2026-10-07T14:12:38.338611Z  INFO nanospam::wallets_factory: DONE
2026-10-07T14:12:38.338715Z  INFO nanospam::wallets_factory: ********************************************************************************
2026-10-07T14:12:38.338781Z  INFO nanospam::wallets_factory: Sending Ӿ56,547,061 to PR5 (no node) nano_1wtzwadxk9naxc356m4rienp93ht131w7ypadk39qck8uah3bg3zohsmj9th ...
2026-10-07T14:12:38.340044Z  INFO nanospam::wallets_factory: Waiting for confirmation for A5666BC59C8DD98A7E52D6F61006629E4EDB37063C12A73BFB41D35538B371CA
2026-10-07T14:12:53.542250Z  INFO nanospam::wallets_factory: Waiting for confirmation for 49EEF9EFFD843E7FE6FB8D0DE0A19E8B88DBE91F26F5FDDB0E8862DEF7553864
2026-10-07T14:12:53.646117Z  INFO nanospam::wallets_factory: DONE
2026-10-07T14:12:53.646229Z  INFO nanospam::wallets_factory: Sending initial spam amount...
2026-10-07T14:12:53.647293Z  INFO nanospam::wallets_factory: Waiting for confirmation for 81D6D2EB6C1AE8DFFEBEF9FC0CC5997CD87090347257C2652E823C3190204141
2026-10-07T14:12:53.751222Z  INFO nanospam::wallets_factory: Receiving initial spam amount...
2026-10-07T14:12:53.752546Z  INFO nanospam::wallets_factory: Waiting for confirmation for 614E55AD9164A11431B3E7610CC4FAB8DE1745913663CBD58DE586675B22E0B3
2026-10-07T14:12:53.856136Z  INFO nanospam::wallets_factory: Seeding Ӿ142,857 to nano_3dm1f3wb83efpcw4bu4mqory1474hfep5q1afb7eiutwpbds97brq5qbmqnz for representative D315857CE70C54DE713F6E82E5613BB3A1266C15E28AD2F4338C7BBEC456F532
2026-10-07T14:12:53.857316Z  INFO nanospam::wallets_factory: Waiting for confirmation for 7F2D129BED8FCC8204F5565AB6E094362A80F56FF7EE2C860BC134310FD6018E
2026-10-07T14:12:53.962496Z  INFO nanospam::wallets_factory: Waiting for confirmation for A6E24CEAAB2803A9FD61C91B028EEC0D2C90573FDC9F8CA165DADC1C63E70AF7
2026-10-07T14:12:54.066439Z  INFO nanospam::wallets_factory: Seeding Ӿ142,857 to nano_1bh9sipppp4jx3rgcgmaktzbu6brm7e8tned5m17m1r9iwkduf8ei1ibmia9 for representative A353E45E6D0016CAEED0DFA4EC5B0640E2AA22A793F9F2375E77F1AB92977C04
2026-10-07T14:12:54.067382Z  INFO nanospam::wallets_factory: Waiting for confirmation for 02EA5B88E3ED4CA9C20DA7ED478B3961550735DCBC6AE00408C58BCE839F88CA
2026-10-07T14:12:54.172408Z  INFO nanospam::wallets_factory: Waiting for confirmation for B2B39B2D49F6847BF1432FE40F17D7CDE71A72166502ACB70E872D9CCD6808BB
2026-10-07T14:12:54.378835Z  INFO nanospam::wallets_factory: Seeding Ӿ142,857 to nano_35ifo8b516wpje7xcfjt6qdahgybkmtjeo7396beeo3dzjxodwkwwhd6jo5t for representative 911999B2AEFA7ACC66EBD802B3301FF6CE431405107749D940277955CB7FDD07
2026-10-07T14:12:54.380000Z  INFO nanospam::wallets_factory: Waiting for confirmation for 288F5B7702BB4E1526C88D58E34BD991713C74C0C1D299105FF9AE239AC210C4
2026-10-07T14:12:54.588771Z  INFO nanospam::wallets_factory: Waiting for confirmation for BE65273F961376CCC3673E29020B161F89E2947D2073EFB693B2A577BC362531
2026-10-07T14:12:54.795191Z  INFO nanospam::wallets_factory: Seeding Ӿ142,857 to nano_3yw74mwycwqz3k1kqmreadepyn1xm8qby9z49ygm4a8mjsg99a13peoia39m for representative 65A90023F6C0D2181AAA63F005D81BBC0C04650505E21D5123F9AE1F9E992BFF
2026-10-07T14:12:54.796598Z  INFO nanospam::wallets_factory: Waiting for confirmation for 25D65F5BD4B97E87E0EEE8AB39DCED529709EBA5C99AF761D5AC9593411D9278
2026-10-07T14:12:54.902598Z  INFO nanospam::wallets_factory: Waiting for confirmation for 9B439C351635F0AAABA4AB2ABE3B32AB5FAACB2F83A507EE62E2CEEE5FD7B521
2026-10-07T14:12:55.109950Z  INFO nanospam::wallets_factory: Seeding Ӿ142,857 to nano_1ypg364rqs3n9zyy7xh8f13cgad6tp1zbxcocpdxhdfedk1ojpif3hy3f84q for representative 633D9D614858AB1710D5D8C3180E2A082DC97208BA8C26BA6C6D1A86C8E31CC0
2026-10-07T14:12:55.111413Z  INFO nanospam::wallets_factory: Waiting for confirmation for F360D440B61CF891133819B4C8A3F1794A99E459A1E31AB6310222B9A84AA2F2
2026-10-07T14:12:55.317056Z  INFO nanospam::wallets_factory: Waiting for confirmation for 827CAC842CB5A43D6299A0F2D3C11117DDF18AE5CCAD0808160E011D50EB5C7F
2026-10-07T14:12:55.522777Z  INFO nanospam::wallets_factory: Seeding Ӿ142,857 to nano_3ru59owp8x4om4gh9hp183yfodmyz5ppgmuke5u3pet9ex54rnc7x4df3f9r for representative 735FE217D91E88EA82324C5883296385FA0041C2FAC85C827BAA46DA1E14B83F
2026-10-07T14:12:55.524097Z  INFO nanospam::wallets_factory: Waiting for confirmation for E1E3DC7828BFB2290FD378F6D2436F7505E1D049F98EC7DE45A228DA49678241
2026-10-07T14:12:55.732407Z  INFO nanospam::wallets_factory: Waiting for confirmation for 3ACB3C4BC1ACD05CE3F5CA0C77B50DC1FAC4ED7F4EEFB9B9BEDDC823C20B58DC
2026-10-07T14:12:55.938447Z  INFO nanospam::high_prio_check: Creating high priority accounts...
2026-10-07T14:12:55.955971Z  INFO nanospam::high_prio_check: Waiting for confirmations...
2026-10-07T14:12:58.168461Z  INFO nanospam::app: Waiting for all PRs to see the full quorum...
2026-10-07T14:12:58.171438Z  INFO nanospam::app: All PRs see the full quorum after 2.862458ms
2026-10-07T14:12:58.171489Z  INFO nanospam::app: Waiting for all PRs to hold the same cemented ledger...
2026-10-07T14:12:58.172701Z  INFO nanospam::app: All PRs hold the same ledger of 65 blocks after 1.192333ms
EPOCH_COMMITTEE derived_by=genesis members=6 accounts=33 n=6 digest=95D409445152DD075E6A4799205DFA5689496EB8EE1A22AC2A200B9DBC2DCF27 shares=["A353E45E:16.7%", "65A90023:16.7%", "D315857C:16.7%", "911999B2:16.7%", "633D9D61:16.7%", "735FE217:16.7%"] t=1791382378173
EPOCH_START epoch=0 elections=0 t=1791382378173
EPOCH_COMMITTEE derived_by=genesis members=6 accounts=33 n=6 digest=95D409445152DD075E6A4799205DFA5689496EB8EE1A22AC2A200B9DBC2DCF27 shares=["A353E45E:16.7%", "65A90023:16.7%", "D315857C:16.7%", "911999B2:16.7%", "633D9D61:16.7%", "735FE217:16.7%"] t=1791382378173
EPOCH_START epoch=0 elections=0 t=1791382378173
EPOCH_COMMITTEE derived_by=genesis members=6 accounts=33 n=6 digest=95D409445152DD075E6A4799205DFA5689496EB8EE1A22AC2A200B9DBC2DCF27 shares=["A353E45E:16.7%", "65A90023:16.7%", "D315857C:16.7%", "911999B2:16.7%", "633D9D61:16.7%", "735FE217:16.7%"] t=1791382378174
EPOCH_START epoch=0 elections=0 t=1791382378174
EPOCH_COMMITTEE derived_by=genesis members=6 accounts=33 n=6 digest=95D409445152DD075E6A4799205DFA5689496EB8EE1A22AC2A200B9DBC2DCF27 shares=["A353E45E:16.7%", "65A90023:16.7%", "D315857C:16.7%", "911999B2:16.7%", "633D9D61:16.7%", "735FE217:16.7%"] t=1791382378174
EPOCH_START epoch=0 elections=0 t=1791382378174
EPOCH_COMMITTEE derived_by=genesis members=6 accounts=33 n=6 digest=95D409445152DD075E6A4799205DFA5689496EB8EE1A22AC2A200B9DBC2DCF27 shares=["A353E45E:16.7%", "65A90023:16.7%", "D315857C:16.7%", "911999B2:16.7%", "633D9D61:16.7%", "735FE217:16.7%"] t=1791382378175
EPOCH_START epoch=0 elections=0 t=1791382378175
2026-10-07T14:12:58.175432Z  INFO nanospam::app: Started the epochs on every PR
2026-10-07T14:12:58.175446Z  INFO nanospam::app: Connecting to node PR0... peer_addr=[::1]:17075
2026-10-07T14:12:58.175877Z  INFO nanospam::app: Performing handshake...
2026-10-07T14:12:58.176486Z  INFO nanospam::app: Performing handshake...
2026-10-07T14:12:58.187975Z  INFO nanospam::app: Performing handshake...
2026-10-07T14:12:58.198844Z  INFO nanospam::app: Performing handshake...
2026-10-07T14:12:58.209743Z  INFO nanospam::app: Connecting to node PR1... peer_addr=[::1]:17085
2026-10-07T14:12:58.210147Z  INFO nanospam::app: Performing handshake...
2026-10-07T14:12:58.210736Z  INFO nanospam::app: Performing handshake...
2026-10-07T14:12:58.223021Z  INFO nanospam::app: Performing handshake...
2026-10-07T14:12:58.234226Z  INFO nanospam::app: Performing handshake...
2026-10-07T14:12:58.245522Z  INFO nanospam::app: Connecting to node PR2... peer_addr=[::1]:17095
2026-10-07T14:12:58.245989Z  INFO nanospam::app: Performing handshake...
2026-10-07T14:12:58.246769Z  INFO nanospam::app: Performing handshake...
2026-10-07T14:12:58.257999Z  INFO nanospam::app: Performing handshake...
2026-10-07T14:12:58.269067Z  INFO nanospam::app: Performing handshake...
2026-10-07T14:12:58.281283Z  INFO nanospam::app: Connecting to node PR3... peer_addr=[::1]:17105
2026-10-07T14:12:58.281657Z  INFO nanospam::app: Performing handshake...
2026-10-07T14:12:58.282429Z  INFO nanospam::app: Performing handshake...
2026-10-07T14:12:58.294010Z  INFO nanospam::app: Performing handshake...
2026-10-07T14:12:58.305088Z  INFO nanospam::app: Performing handshake...
2026-10-07T14:12:58.317464Z  INFO nanospam::app: Connecting to node PR4... peer_addr=[::1]:17115
2026-10-07T14:12:58.318009Z  INFO nanospam::app: Performing handshake...
2026-10-07T14:12:58.318922Z  INFO nanospam::app: Performing handshake...
2026-10-07T14:12:58.330316Z  INFO nanospam::app: Performing handshake...
2026-10-07T14:12:58.341143Z  INFO nanospam::app: Performing handshake...
2026-10-07T14:12:58.353308Z  INFO nanospam::app: Connecting to websocket...
2026-10-07T14:12:58.354001Z  INFO nanospam::app: Starting with 2000 BPS
2026-10-07T14:12:58.364334Z  INFO nanospam::byzantine: 1 Byzantine representative(s) voting at random into 5 node(s)
2026-10-07T14:12:59.354830Z  INFO nanospam::app: Confirmed 1,050 blocks | 2,000 bps | 1,175 cps | avg conf time: 87 ms
2026-10-07T14:13:00.355763Z  INFO nanospam::app: Confirmed 4,663 blocks | 2,000 bps | 3,609 cps | avg conf time: 118 ms
2026-10-07T14:13:01.356727Z  INFO nanospam::app: Confirmed 6,577 blocks | 2,000 bps | 1,912 cps | avg conf time: 110 ms
2026-10-07T14:13:02.357761Z  INFO nanospam::app: Confirmed 8,542 blocks | 2,000 bps | 1,962 cps | avg conf time: 105 ms
2026-10-07T14:13:03.358641Z  INFO nanospam::app: Confirmed 10,549 blocks | 2,000 bps | 2,005 cps | avg conf time: 103 ms
2026-10-07T14:13:04.359894Z  INFO nanospam::app: Confirmed 12,525 blocks | 2,000 bps | 1,973 cps | avg conf time: 102 ms
2026-10-07T14:13:05.360893Z  INFO nanospam::app: Confirmed 14,435 blocks | 2,000 bps | 1,908 cps | avg conf time: 103 ms
EPOCH_ENDED epoch=0 elections=206 active=185 t=1791382386174
EPOCH_ENDED epoch=0 elections=207 active=186 t=1791382386174
EPOCH_ENDED epoch=0 elections=207 active=186 t=1791382386174
EPOCH_ENDED epoch=0 elections=207 active=186 t=1791382386174
EPOCH_ENDED epoch=0 elections=217 active=196 t=1791382386180
EPOCH_ADVANCED epoch=1 elections=207 active=186 vote_records=161388 t=1791382386201
EPOCH_ADVANCED epoch=1 elections=207 active=186 vote_records=161386 t=1791382386201
EPOCH_ADVANCED epoch=1 elections=206 active=185 vote_records=161386 t=1791382386203
EPOCH_ADVANCED epoch=1 elections=207 active=186 vote_records=161386 t=1791382386203
EPOCH_ADVANCED epoch=1 elections=217 active=196 vote_records=161581 t=1791382386203
EPOCH_REPORT epoch=0 certified=16148 residual=200 root=7F83C4BF7613B6AB32B2929114022BA77156E8E4B63BE37FCB8BB8C81333D68B reports=1 t=1791382386208
EPOCH_REPORT epoch=0 certified=16148 residual=146 root=7F83C4BF7613B6AB32B2929114022BA77156E8E4B63BE37FCB8BB8C81333D68B reports=1 t=1791382386211
EPOCH_REPORT epoch=0 certified=16148 residual=201 root=7F83C4BF7613B6AB32B2929114022BA77156E8E4B63BE37FCB8BB8C81333D68B reports=1 t=1791382386211
EPOCH_REPORT epoch=0 certified=16148 residual=201 root=7F83C4BF7613B6AB32B2929114022BA77156E8E4B63BE37FCB8BB8C81333D68B reports=1 t=1791382386212
EPOCH_CLOSE_UNREADY epoch=0 short_of=reports usable=1 weight=1 required=5 held=0 theirs=[] t=1791382386213
EPOCH_CLOSE_UNREADY epoch=0 short_of=reports usable=1 weight=1 required=5 held=0 theirs=[] t=1791382386214
EPOCH_REPORT epoch=0 certified=16148 residual=151 root=7F83C4BF7613B6AB32B2929114022BA77156E8E4B63BE37FCB8BB8C81333D68B reports=1 t=1791382386215
EPOCH_RECONCILED epoch=0 reporter=A353E45E6D0016CAEED0DFA4EC5B0640E2AA22A793F9F2375E77F1AB92977C04 complete=false entries=0 total=16148 symbols=0 dropped=false t=1791382386282
EPOCH_RECONCILED epoch=0 reporter=A353E45E6D0016CAEED0DFA4EC5B0640E2AA22A793F9F2375E77F1AB92977C04 complete=true entries=200 total=200 symbols=0 dropped=false t=1791382386285
EPOCH_RECONCILED epoch=0 reporter=911999B2AEFA7ACC66EBD802B3301FF6CE431405107749D940277955CB7FDD07 complete=false entries=0 total=16148 symbols=0 dropped=false t=1791382386286
EPOCH_RECONCILED epoch=0 reporter=D315857CE70C54DE713F6E82E5613BB3A1266C15E28AD2F4338C7BBEC456F532 complete=false entries=0 total=16148 symbols=0 dropped=false t=1791382386286
EPOCH_RECONCILED epoch=0 reporter=911999B2AEFA7ACC66EBD802B3301FF6CE431405107749D940277955CB7FDD07 complete=true entries=146 total=146 symbols=0 dropped=false t=1791382386289
EPOCH_RECONCILED epoch=0 reporter=65A90023F6C0D2181AAA63F005D81BBC0C04650505E21D5123F9AE1F9E992BFF complete=false entries=0 total=16148 symbols=0 dropped=false t=1791382386289
EPOCH_RECONCILED epoch=0 reporter=D315857CE70C54DE713F6E82E5613BB3A1266C15E28AD2F4338C7BBEC456F532 complete=true entries=201 total=201 symbols=0 dropped=false t=1791382386289
EPOCH_RECONCILED epoch=0 reporter=633D9D614858AB1710D5D8C3180E2A082DC97208BA8C26BA6C6D1A86C8E31CC0 complete=false entries=0 total=16148 symbols=0 dropped=false t=1791382386290
EPOCH_RECONCILED epoch=0 reporter=65A90023F6C0D2181AAA63F005D81BBC0C04650505E21D5123F9AE1F9E992BFF complete=true entries=201 total=201 symbols=0 dropped=false t=1791382386292
EPOCH_RECONCILED epoch=0 reporter=633D9D614858AB1710D5D8C3180E2A082DC97208BA8C26BA6C6D1A86C8E31CC0 complete=true entries=151 total=151 symbols=0 dropped=false t=1791382386293
EPOCH_RECONCILED epoch=0 reporter=65A90023F6C0D2181AAA63F005D81BBC0C04650505E21D5123F9AE1F9E992BFF complete=false entries=0 total=16148 symbols=0 dropped=false t=1791382386294
EPOCH_RECONCILED epoch=0 reporter=D315857CE70C54DE713F6E82E5613BB3A1266C15E28AD2F4338C7BBEC456F532 complete=false entries=0 total=16148 symbols=0 dropped=false t=1791382386294
EPOCH_RECONCILED epoch=0 reporter=D315857CE70C54DE713F6E82E5613BB3A1266C15E28AD2F4338C7BBEC456F532 complete=true entries=201 total=201 symbols=0 dropped=false t=1791382386297
EPOCH_RECONCILED epoch=0 reporter=65A90023F6C0D2181AAA63F005D81BBC0C04650505E21D5123F9AE1F9E992BFF complete=true entries=201 total=201 symbols=0 dropped=false t=1791382386299
EPOCH_RECONCILED epoch=0 reporter=911999B2AEFA7ACC66EBD802B3301FF6CE431405107749D940277955CB7FDD07 complete=false entries=0 total=16148 symbols=0 dropped=false t=1791382386299
EPOCH_RECONCILED epoch=0 reporter=911999B2AEFA7ACC66EBD802B3301FF6CE431405107749D940277955CB7FDD07 complete=true entries=146 total=146 symbols=0 dropped=false t=1791382386302
EPOCH_CLOSE_READY epoch=0 t=1791382386340
EPOCH_CLOSE_READY epoch=0 t=1791382386343
2026-10-07T14:13:06.361863Z  INFO nanospam::app: Confirmed 16,230 blocks | 2,000 bps | 1,793 cps | avg conf time: 109 ms
EPOCH_RECONCILED epoch=0 reporter=A353E45E6D0016CAEED0DFA4EC5B0640E2AA22A793F9F2375E77F1AB92977C04 complete=false entries=0 total=16148 symbols=0 dropped=false t=1791382386386
EPOCH_RECONCILED epoch=0 reporter=A353E45E6D0016CAEED0DFA4EC5B0640E2AA22A793F9F2375E77F1AB92977C04 complete=true entries=200 total=200 symbols=0 dropped=false t=1791382386389
EPOCH_RECONCILED epoch=0 reporter=633D9D614858AB1710D5D8C3180E2A082DC97208BA8C26BA6C6D1A86C8E31CC0 complete=false entries=0 total=16148 symbols=0 dropped=false t=1791382386389
EPOCH_RECONCILED epoch=0 reporter=633D9D614858AB1710D5D8C3180E2A082DC97208BA8C26BA6C6D1A86C8E31CC0 complete=true entries=151 total=151 symbols=0 dropped=false t=1791382386392
EPOCH_RECONCILED epoch=0 reporter=65A90023F6C0D2181AAA63F005D81BBC0C04650505E21D5123F9AE1F9E992BFF complete=false entries=0 total=16148 symbols=0 dropped=false t=1791382386393
EPOCH_RECONCILED epoch=0 reporter=65A90023F6C0D2181AAA63F005D81BBC0C04650505E21D5123F9AE1F9E992BFF complete=true entries=201 total=201 symbols=0 dropped=false t=1791382386396
EPOCH_RECONCILED epoch=0 reporter=D315857CE70C54DE713F6E82E5613BB3A1266C15E28AD2F4338C7BBEC456F532 complete=false entries=0 total=16148 symbols=0 dropped=false t=1791382386405
EPOCH_PROPOSED epoch=0 round=0 value=37606DF2AF825F6AE15E9662307BB6349F96159D3E50266B62A9E770C28B1F7A state=D232996DAD6543CB6427FDE6EB811F57A15A87FE08381189CCA8F60033110B88 reports=5 t=1791382386413
EPOCH_VALUE epoch=0 value=37606DF2AF825F6AE15E9662307BB6349F96159D3E50266B62A9E770C28B1F7A state=D232996DAD6543CB6427FDE6EB811F57A15A87FE08381189CCA8F60033110B88 t=1791382386413
EPOCH_RECONCILED epoch=0 reporter=D315857CE70C54DE713F6E82E5613BB3A1266C15E28AD2F4338C7BBEC456F532 complete=true entries=201 total=201 symbols=0 dropped=false t=1791382386414
EPOCH_RECONCILED epoch=0 reporter=911999B2AEFA7ACC66EBD802B3301FF6CE431405107749D940277955CB7FDD07 complete=false entries=0 total=16148 symbols=0 dropped=false t=1791382386520
EPOCH_RECONCILED epoch=0 reporter=911999B2AEFA7ACC66EBD802B3301FF6CE431405107749D940277955CB7FDD07 complete=true entries=146 total=146 symbols=0 dropped=false t=1791382386523
EPOCH_RECONCILED epoch=0 reporter=D315857CE70C54DE713F6E82E5613BB3A1266C15E28AD2F4338C7BBEC456F532 complete=false entries=0 total=16148 symbols=0 dropped=false t=1791382386523
EPOCH_RECONCILED epoch=0 reporter=A353E45E6D0016CAEED0DFA4EC5B0640E2AA22A793F9F2375E77F1AB92977C04 complete=false entries=0 total=16148 symbols=0 dropped=false t=1791382386523
EPOCH_RECONCILED epoch=0 reporter=D315857CE70C54DE713F6E82E5613BB3A1266C15E28AD2F4338C7BBEC456F532 complete=true entries=201 total=201 symbols=0 dropped=false t=1791382386526
EPOCH_RECONCILED epoch=0 reporter=A353E45E6D0016CAEED0DFA4EC5B0640E2AA22A793F9F2375E77F1AB92977C04 complete=true entries=200 total=200 symbols=0 dropped=false t=1791382386526
EPOCH_RECONCILED epoch=0 reporter=633D9D614858AB1710D5D8C3180E2A082DC97208BA8C26BA6C6D1A86C8E31CC0 complete=false entries=0 total=16148 symbols=0 dropped=false t=1791382386527
EPOCH_RECONCILED epoch=0 reporter=633D9D614858AB1710D5D8C3180E2A082DC97208BA8C26BA6C6D1A86C8E31CC0 complete=false entries=0 total=16148 symbols=0 dropped=false t=1791382386527
EPOCH_RECONCILED epoch=0 reporter=633D9D614858AB1710D5D8C3180E2A082DC97208BA8C26BA6C6D1A86C8E31CC0 complete=true entries=151 total=151 symbols=0 dropped=false t=1791382386530
EPOCH_RECONCILED epoch=0 reporter=A353E45E6D0016CAEED0DFA4EC5B0640E2AA22A793F9F2375E77F1AB92977C04 complete=false entries=0 total=16148 symbols=0 dropped=false t=1791382386531
EPOCH_RECONCILED epoch=0 reporter=633D9D614858AB1710D5D8C3180E2A082DC97208BA8C26BA6C6D1A86C8E31CC0 complete=true entries=151 total=151 symbols=0 dropped=false t=1791382386531
EPOCH_RECONCILED epoch=0 reporter=65A90023F6C0D2181AAA63F005D81BBC0C04650505E21D5123F9AE1F9E992BFF complete=false entries=0 total=16148 symbols=0 dropped=false t=1791382386532
EPOCH_RECONCILED epoch=0 reporter=65A90023F6C0D2181AAA63F005D81BBC0C04650505E21D5123F9AE1F9E992BFF complete=true entries=201 total=201 symbols=0 dropped=false t=1791382386535
EPOCH_CLOSE_READY epoch=0 t=1791382386535
EPOCH_RECONCILED epoch=0 reporter=A353E45E6D0016CAEED0DFA4EC5B0640E2AA22A793F9F2375E77F1AB92977C04 complete=true entries=200 total=200 symbols=0 dropped=false t=1791382386541
EPOCH_RECONCILED epoch=0 reporter=911999B2AEFA7ACC66EBD802B3301FF6CE431405107749D940277955CB7FDD07 complete=false entries=0 total=16148 symbols=0 dropped=false t=1791382386543
EPOCH_RECONCILED epoch=0 reporter=911999B2AEFA7ACC66EBD802B3301FF6CE431405107749D940277955CB7FDD07 complete=true entries=146 total=146 symbols=0 dropped=false t=1791382386547
EPOCH_CLOSE_ROUND epoch=0 round=0 leader=633D9D614858AB1710D5D8C3180E2A082DC97208BA8C26BA6C6D1A86C8E31CC0 leads=true t=1791382386574
EPOCH_CLOSE_ROUND epoch=0 round=0 leader=633D9D614858AB1710D5D8C3180E2A082DC97208BA8C26BA6C6D1A86C8E31CC0 leads=false t=1791382386574
EPOCH_VALUE epoch=0 value=37606DF2AF825F6AE15E9662307BB6349F96159D3E50266B62A9E770C28B1F7A state=D232996DAD6543CB6427FDE6EB811F57A15A87FE08381189CCA8F60033110B88 t=1791382386583
EPOCH_CLOSE_READY epoch=0 t=1791382386598
EPOCH_CLOSE_READY epoch=0 t=1791382386611
EPOCH_CLOSE_ROUND epoch=0 round=0 leader=633D9D614858AB1710D5D8C3180E2A082DC97208BA8C26BA6C6D1A86C8E31CC0 leads=false t=1791382386676
EPOCH_CLOSE_ROUND epoch=0 round=0 leader=633D9D614858AB1710D5D8C3180E2A082DC97208BA8C26BA6C6D1A86C8E31CC0 leads=false t=1791382386810
EPOCH_CLOSE_ROUND epoch=0 round=0 leader=633D9D614858AB1710D5D8C3180E2A082DC97208BA8C26BA6C6D1A86C8E31CC0 leads=false t=1791382386813
EPOCH_VALUE epoch=0 value=37606DF2AF825F6AE15E9662307BB6349F96159D3E50266B62A9E770C28B1F7A state=D232996DAD6543CB6427FDE6EB811F57A15A87FE08381189CCA8F60033110B88 t=1791382386945
EPOCH_VALUE epoch=0 value=37606DF2AF825F6AE15E9662307BB6349F96159D3E50266B62A9E770C28B1F7A state=D232996DAD6543CB6427FDE6EB811F57A15A87FE08381189CCA8F60033110B88 t=1791382386976
EPOCH_VALUE epoch=0 value=37606DF2AF825F6AE15E9662307BB6349F96159D3E50266B62A9E770C28B1F7A state=D232996DAD6543CB6427FDE6EB811F57A15A87FE08381189CCA8F60033110B88 t=1791382386999
EPOCH_CLOSE_ROUND epoch=0 round=1 leader=65A90023F6C0D2181AAA63F005D81BBC0C04650505E21D5123F9AE1F9E992BFF leads=false t=1791382387113
EPOCH_CLOSE_ROUND epoch=0 round=1 leader=65A90023F6C0D2181AAA63F005D81BBC0C04650505E21D5123F9AE1F9E992BFF leads=true t=1791382387115
EPOCH_PROPOSED epoch=0 round=1 value=7B1C6401A89A672FA64FAA485B51349EA93946A21393AE8DFE43191B704D77A1 state=D232996DAD6543CB6427FDE6EB811F57A15A87FE08381189CCA8F60033110B88 reports=5 t=1791382387118
EPOCH_VALUE epoch=0 value=7B1C6401A89A672FA64FAA485B51349EA93946A21393AE8DFE43191B704D77A1 state=D232996DAD6543CB6427FDE6EB811F57A15A87FE08381189CCA8F60033110B88 t=1791382387118
EPOCH_INSTALL epoch=0 finalized=16264 instances_confirmed=132 t=1791382387125
EPOCH_INSTALL epoch=0 finalized=16264 instances_confirmed=132 t=1791382387126
EPOCH_INSTALL epoch=0 finalized=16264 instances_confirmed=132 t=1791382387127
EPOCH_INSTALL epoch=0 finalized=16264 instances_confirmed=132 t=1791382387130
EPOCH_INSTALL epoch=0 finalized=16264 instances_confirmed=132 t=1791382387130
2026-10-07T14:13:07.362523Z  INFO nanospam::app: Confirmed 16,230 blocks | 2,000 bps | 0 cps | avg conf time: 0 ms
EPOCH_COMMITTEE derived_by=0 members=6 accounts=7393 n=6 digest=95D409445152DD075E6A4799205DFA5689496EB8EE1A22AC2A200B9DBC2DCF27 shares=["A353E45E:16.7%", "65A90023:16.7%", "D315857C:16.7%", "911999B2:16.7%", "633D9D61:16.7%", "735FE217:16.7%"] t=1791382387467
EPOCH_OMITTED epoch=0 instances=57 retained=0 t=1791382387467
EPOCH_GATE epoch=1 released=1834 finalized=1546 t=1791382387474
EPOCH_CLOSED epoch=0 round=0 value=37606DF2AF825F6AE15E9662307BB6349F96159D3E50266B62A9E770C28B1F7A state=D232996DAD6543CB6427FDE6EB811F57A15A87FE08381189CCA8F60033110B88 t=1791382387474
EPOCH_VALUE epoch=0 value=7B1C6401A89A672FA64FAA485B51349EA93946A21393AE8DFE43191B704D77A1 state=D232996DAD6543CB6427FDE6EB811F57A15A87FE08381189CCA8F60033110B88 t=1791382387475
EPOCH_COMMITTEE derived_by=0 members=6 accounts=7393 n=6 digest=95D409445152DD075E6A4799205DFA5689496EB8EE1A22AC2A200B9DBC2DCF27 shares=["A353E45E:16.7%", "65A90023:16.7%", "D315857C:16.7%", "911999B2:16.7%", "633D9D61:16.7%", "735FE217:16.7%"] t=1791382387476
EPOCH_OMITTED epoch=0 instances=57 retained=0 t=1791382387476
EPOCH_COMMITTEE derived_by=0 members=6 accounts=7393 n=6 digest=95D409445152DD075E6A4799205DFA5689496EB8EE1A22AC2A200B9DBC2DCF27 shares=["A353E45E:16.7%", "65A90023:16.7%", "D315857C:16.7%", "911999B2:16.7%", "633D9D61:16.7%", "735FE217:16.7%"] t=1791382387481
EPOCH_OMITTED epoch=0 instances=57 retained=0 t=1791382387482
EPOCH_GATE epoch=1 released=1832 finalized=1546 t=1791382387484
EPOCH_CLOSED epoch=0 round=0 value=37606DF2AF825F6AE15E9662307BB6349F96159D3E50266B62A9E770C28B1F7A state=D232996DAD6543CB6427FDE6EB811F57A15A87FE08381189CCA8F60033110B88 t=1791382387484
EPOCH_VALUE epoch=0 value=7B1C6401A89A672FA64FAA485B51349EA93946A21393AE8DFE43191B704D77A1 state=D232996DAD6543CB6427FDE6EB811F57A15A87FE08381189CCA8F60033110B88 t=1791382387489
EPOCH_COMMITTEE derived_by=0 members=6 accounts=7393 n=6 digest=95D409445152DD075E6A4799205DFA5689496EB8EE1A22AC2A200B9DBC2DCF27 shares=["A353E45E:16.7%", "65A90023:16.7%", "D315857C:16.7%", "911999B2:16.7%", "633D9D61:16.7%", "735FE217:16.7%"] t=1791382387493
EPOCH_OMITTED epoch=0 instances=57 retained=0 t=1791382387493
EPOCH_GATE epoch=1 released=1832 finalized=1546 t=1791382387493
EPOCH_CLOSED epoch=0 round=0 value=37606DF2AF825F6AE15E9662307BB6349F96159D3E50266B62A9E770C28B1F7A state=D232996DAD6543CB6427FDE6EB811F57A15A87FE08381189CCA8F60033110B88 t=1791382387493
EPOCH_GATE epoch=1 released=1833 finalized=1546 t=1791382387501
EPOCH_CLOSED epoch=0 round=0 value=37606DF2AF825F6AE15E9662307BB6349F96159D3E50266B62A9E770C28B1F7A state=D232996DAD6543CB6427FDE6EB811F57A15A87FE08381189CCA8F60033110B88 t=1791382387501
EPOCH_VALUE epoch=0 value=7B1C6401A89A672FA64FAA485B51349EA93946A21393AE8DFE43191B704D77A1 state=D232996DAD6543CB6427FDE6EB811F57A15A87FE08381189CCA8F60033110B88 t=1791382387509
EPOCH_VALUE epoch=0 value=7B1C6401A89A672FA64FAA485B51349EA93946A21393AE8DFE43191B704D77A1 state=D232996DAD6543CB6427FDE6EB811F57A15A87FE08381189CCA8F60033110B88 t=1791382387522
EPOCH_INSTALLED epoch=0 finalized=16264 cemented=16230 queued=34 missing=0 t=1791382387530
EPOCH_INSTALLED epoch=0 finalized=16264 cemented=16232 queued=32 missing=0 t=1791382387559
EPOCH_INSTALLED epoch=0 finalized=16264 cemented=16230 queued=34 missing=0 t=1791382387578
EPOCH_INSTALLED epoch=0 finalized=16264 cemented=16230 queued=34 missing=0 t=1791382387647
EPOCH_COMMITTEE derived_by=0 members=6 accounts=7393 n=6 digest=95D409445152DD075E6A4799205DFA5689496EB8EE1A22AC2A200B9DBC2DCF27 shares=["A353E45E:16.7%", "65A90023:16.7%", "D315857C:16.7%", "911999B2:16.7%", "633D9D61:16.7%", "735FE217:16.7%"] t=1791382387863
EPOCH_OMITTED epoch=0 instances=57 retained=0 t=1791382387863
EPOCH_GATE epoch=1 released=1833 finalized=1546 t=1791382387890
EPOCH_CLOSED epoch=0 round=0 value=37606DF2AF825F6AE15E9662307BB6349F96159D3E50266B62A9E770C28B1F7A state=D232996DAD6543CB6427FDE6EB811F57A15A87FE08381189CCA8F60033110B88 t=1791382387890
EPOCH_INSTALLED epoch=0 finalized=16264 cemented=16230 queued=34 missing=0 t=1791382387921
EPOCH_FOLLOW cemented=32 cementing=0 requested=0 pending=0 t=1791382388121
EPOCH_FOLLOW cemented=34 cementing=0 requested=0 pending=0 t=1791382388252
EPOCH_FOLLOW cemented=34 cementing=0 requested=0 pending=0 t=1791382388317
2026-10-07T14:13:08.363709Z  INFO nanospam::app: Confirmed 20,211 blocks | 2,000 bps | 3,976 cps | avg conf time: 607 ms
EPOCH_FOLLOW cemented=34 cementing=0 requested=0 pending=0 t=1791382388410
EPOCH_FOLLOW cemented=34 cementing=0 requested=0 pending=0 t=1791382388561
2026-10-07T14:13:09.364723Z  INFO nanospam::app: Confirmed 22,211 blocks | 2,000 bps | 1,997 cps | avg conf time: 107 ms
2026-10-07T14:13:10.365425Z  INFO nanospam::app: Confirmed 24,195 blocks | 2,000 bps | 1,982 cps | avg conf time: 106 ms
2026-10-07T14:13:11.366362Z  INFO nanospam::app: Confirmed 26,204 blocks | 2,000 bps | 2,007 cps | avg conf time: 106 ms
2026-10-07T14:13:12.367369Z  INFO nanospam::app: Confirmed 28,148 blocks | 2,000 bps | 1,941 cps | avg conf time: 106 ms
2026-10-07T14:13:13.368324Z  INFO nanospam::app: Confirmed 30,082 blocks | 2,000 bps | 1,932 cps | avg conf time: 109 ms
EPOCH_ENDED epoch=1 elections=217 active=173 t=1791382394176
EPOCH_ENDED epoch=1 elections=234 active=190 t=1791382394184
EPOCH_ENDED epoch=1 elections=237 active=193 t=1791382394186
EPOCH_ENDED epoch=1 elections=238 active=194 t=1791382394186
EPOCH_ENDED epoch=1 elections=238 active=194 t=1791382394187
EPOCH_ADVANCED epoch=2 elections=217 active=173 vote_records=317233 t=1791382394200
EPOCH_ADVANCED epoch=2 elections=234 active=190 vote_records=317243 t=1791382394206
EPOCH_CLOSE_UNREADY epoch=1 short_of=reports usable=0 weight=0 required=5 held=0 theirs=[] t=1791382394210
EPOCH_ADVANCED epoch=2 elections=237 active=193 vote_records=317233 t=1791382394210
EPOCH_ADVANCED epoch=2 elections=238 active=194 vote_records=317240 t=1791382394212
EPOCH_ADVANCED epoch=2 elections=238 active=194 vote_records=317242 t=1791382394213
EPOCH_REPORT epoch=1 certified=15435 residual=300 root=2427D12354ACD22978B986F7A3AA0312876B8AF8CB6E5600C7C936BA8217BA92 reports=1 t=1791382394217
EPOCH_REPORT epoch=1 certified=15435 residual=287 root=2427D12354ACD22978B986F7A3AA0312876B8AF8CB6E5600C7C936BA8217BA92 reports=1 t=1791382394218
EPOCH_CLOSE_UNREADY epoch=1 short_of=reports usable=1 weight=1 required=5 held=0 theirs=[] t=1791382394219
EPOCH_REPORT epoch=1 certified=15435 residual=324 root=2427D12354ACD22978B986F7A3AA0312876B8AF8CB6E5600C7C936BA8217BA92 reports=1 t=1791382394220
EPOCH_REPORT epoch=1 certified=15435 residual=320 root=2427D12354ACD22978B986F7A3AA0312876B8AF8CB6E5600C7C936BA8217BA92 reports=1 t=1791382394222
EPOCH_REPORT epoch=1 certified=15435 residual=324 root=2427D12354ACD22978B986F7A3AA0312876B8AF8CB6E5600C7C936BA8217BA92 reports=1 t=1791382394230
EPOCH_RECONCILED epoch=1 reporter=911999B2AEFA7ACC66EBD802B3301FF6CE431405107749D940277955CB7FDD07 complete=false entries=0 total=15435 symbols=0 dropped=false t=1791382394278
EPOCH_RECONCILED epoch=1 reporter=A353E45E6D0016CAEED0DFA4EC5B0640E2AA22A793F9F2375E77F1AB92977C04 complete=false entries=0 total=15435 symbols=0 dropped=false t=1791382394278
EPOCH_RECONCILED epoch=1 reporter=A353E45E6D0016CAEED0DFA4EC5B0640E2AA22A793F9F2375E77F1AB92977C04 complete=false entries=287 total=287 symbols=0 dropped=false t=1791382394281
EPOCH_RECONCILED epoch=1 reporter=911999B2AEFA7ACC66EBD802B3301FF6CE431405107749D940277955CB7FDD07 complete=false entries=320 total=320 symbols=0 dropped=false t=1791382394281
EPOCH_RECONCILED epoch=1 reporter=A353E45E6D0016CAEED0DFA4EC5B0640E2AA22A793F9F2375E77F1AB92977C04 complete=false entries=0 total=15435 symbols=0 dropped=false t=1791382394282
EPOCH_RECONCILED epoch=1 reporter=65A90023F6C0D2181AAA63F005D81BBC0C04650505E21D5123F9AE1F9E992BFF complete=false entries=0 total=15435 symbols=0 dropped=false t=1791382394282
EPOCH_RECONCILED epoch=1 reporter=A353E45E6D0016CAEED0DFA4EC5B0640E2AA22A793F9F2375E77F1AB92977C04 complete=false entries=287 total=287 symbols=0 dropped=false t=1791382394285
EPOCH_RECONCILED epoch=1 reporter=633D9D614858AB1710D5D8C3180E2A082DC97208BA8C26BA6C6D1A86C8E31CC0 complete=false entries=0 total=15435 symbols=0 dropped=false t=1791382394285
EPOCH_RECONCILED epoch=1 reporter=65A90023F6C0D2181AAA63F005D81BBC0C04650505E21D5123F9AE1F9E992BFF complete=false entries=324 total=324 symbols=0 dropped=false t=1791382394285
EPOCH_RECONCILED epoch=1 reporter=633D9D614858AB1710D5D8C3180E2A082DC97208BA8C26BA6C6D1A86C8E31CC0 complete=false entries=0 total=15435 symbols=0 dropped=false t=1791382394286
EPOCH_RECONCILED epoch=1 reporter=633D9D614858AB1710D5D8C3180E2A082DC97208BA8C26BA6C6D1A86C8E31CC0 complete=false entries=300 total=300 symbols=0 dropped=false t=1791382394288
EPOCH_RECONCILED epoch=1 reporter=D315857CE70C54DE713F6E82E5613BB3A1266C15E28AD2F4338C7BBEC456F532 complete=false entries=0 total=15435 symbols=0 dropped=false t=1791382394289
EPOCH_RECONCILED epoch=1 reporter=633D9D614858AB1710D5D8C3180E2A082DC97208BA8C26BA6C6D1A86C8E31CC0 complete=false entries=300 total=300 symbols=0 dropped=false t=1791382394289
EPOCH_RECONCILED epoch=1 reporter=D315857CE70C54DE713F6E82E5613BB3A1266C15E28AD2F4338C7BBEC456F532 complete=false entries=0 total=15435 symbols=0 dropped=false t=1791382394289
EPOCH_RECONCILED epoch=1 reporter=D315857CE70C54DE713F6E82E5613BB3A1266C15E28AD2F4338C7BBEC456F532 complete=false entries=324 total=324 symbols=0 dropped=false t=1791382394292
EPOCH_RECONCILED epoch=1 reporter=D315857CE70C54DE713F6E82E5613BB3A1266C15E28AD2F4338C7BBEC456F532 complete=false entries=324 total=324 symbols=0 dropped=false t=1791382394292
EPOCH_CLOSE_UNREADY epoch=1 short_of=reports usable=1 weight=1 required=5 held=4 theirs=["911999B2:2427D123:6FFBA8BA", "A353E45E:2427D123:D0AF237F", "633D9D61:2427D123:A49CD361", "D315857C:2427D123:1C453161"] t=1791382394295
EPOCH_CLOSE_UNREADY epoch=1 short_of=reports usable=1 weight=1 required=5 held=4 theirs=["A353E45E:2427D123:D0AF237F", "65A90023:2427D123:1C453161", "633D9D61:2427D123:A49CD361", "D315857C:2427D123:1C453161"] t=1791382394295
EPOCH_RECONCILED epoch=1 reporter=D315857CE70C54DE713F6E82E5613BB3A1266C15E28AD2F4338C7BBEC456F532 complete=true entries=98 total=324 symbols=162 dropped=false t=1791382394296
EPOCH_RECONCILED epoch=1 reporter=A353E45E6D0016CAEED0DFA4EC5B0640E2AA22A793F9F2375E77F1AB92977C04 complete=true entries=98 total=287 symbols=162 dropped=false t=1791382394298
EPOCH_RECONCILED epoch=1 reporter=A353E45E6D0016CAEED0DFA4EC5B0640E2AA22A793F9F2375E77F1AB92977C04 complete=true entries=98 total=287 symbols=162 dropped=false t=1791382394298
EPOCH_RECONCILED epoch=1 reporter=633D9D614858AB1710D5D8C3180E2A082DC97208BA8C26BA6C6D1A86C8E31CC0 complete=true entries=82 total=300 symbols=162 dropped=false t=1791382394299
EPOCH_RECONCILED epoch=1 reporter=65A90023F6C0D2181AAA63F005D81BBC0C04650505E21D5123F9AE1F9E992BFF complete=true entries=98 total=324 symbols=162 dropped=false t=1791382394299
EPOCH_RECONCILED epoch=1 reporter=D315857CE70C54DE713F6E82E5613BB3A1266C15E28AD2F4338C7BBEC456F532 complete=true entries=98 total=324 symbols=162 dropped=false t=1791382394299
EPOCH_RECONCILED epoch=1 reporter=633D9D614858AB1710D5D8C3180E2A082DC97208BA8C26BA6C6D1A86C8E31CC0 complete=true entries=82 total=300 symbols=162 dropped=false t=1791382394300
EPOCH_RECONCILED epoch=1 reporter=911999B2AEFA7ACC66EBD802B3301FF6CE431405107749D940277955CB7FDD07 complete=true entries=98 total=320 symbols=162 dropped=false t=1791382394300
2026-10-07T14:13:14.369288Z  INFO nanospam::app: Confirmed 31,844 blocks | 2,000 bps | 1,760 cps | avg conf time: 105 ms
EPOCH_RECONCILED epoch=1 reporter=A353E45E6D0016CAEED0DFA4EC5B0640E2AA22A793F9F2375E77F1AB92977C04 complete=false entries=0 total=15435 symbols=0 dropped=false t=1791382394391
EPOCH_RECONCILED epoch=1 reporter=A353E45E6D0016CAEED0DFA4EC5B0640E2AA22A793F9F2375E77F1AB92977C04 complete=false entries=287 total=287 symbols=0 dropped=false t=1791382394394
EPOCH_RECONCILED epoch=1 reporter=65A90023F6C0D2181AAA63F005D81BBC0C04650505E21D5123F9AE1F9E992BFF complete=false entries=0 total=15435 symbols=0 dropped=false t=1791382394394
EPOCH_RECONCILED epoch=1 reporter=65A90023F6C0D2181AAA63F005D81BBC0C04650505E21D5123F9AE1F9E992BFF complete=false entries=324 total=324 symbols=0 dropped=false t=1791382394398
EPOCH_RECONCILED epoch=1 reporter=633D9D614858AB1710D5D8C3180E2A082DC97208BA8C26BA6C6D1A86C8E31CC0 complete=false entries=0 total=15435 symbols=0 dropped=false t=1791382394398
EPOCH_RECONCILED epoch=1 reporter=633D9D614858AB1710D5D8C3180E2A082DC97208BA8C26BA6C6D1A86C8E31CC0 complete=false entries=300 total=300 symbols=0 dropped=false t=1791382394401
EPOCH_RECONCILED epoch=1 reporter=911999B2AEFA7ACC66EBD802B3301FF6CE431405107749D940277955CB7FDD07 complete=false entries=0 total=15435 symbols=0 dropped=false t=1791382394402
EPOCH_RECONCILED epoch=1 reporter=911999B2AEFA7ACC66EBD802B3301FF6CE431405107749D940277955CB7FDD07 complete=false entries=320 total=320 symbols=0 dropped=false t=1791382394405
EPOCH_CLOSE_UNREADY epoch=1 short_of=reports usable=1 weight=1 required=5 held=4 theirs=["A353E45E:2427D123:D0AF237F", "65A90023:2427D123:1C453161", "633D9D61:2427D123:A49CD361", "911999B2:2427D123:6FFBA8BA"] t=1791382394408
EPOCH_RECONCILED epoch=1 reporter=65A90023F6C0D2181AAA63F005D81BBC0C04650505E21D5123F9AE1F9E992BFF complete=true entries=98 total=324 symbols=162 dropped=false t=1791382394410
EPOCH_RECONCILED epoch=1 reporter=A353E45E6D0016CAEED0DFA4EC5B0640E2AA22A793F9F2375E77F1AB92977C04 complete=true entries=98 total=287 symbols=162 dropped=false t=1791382394412
EPOCH_RECONCILED epoch=1 reporter=911999B2AEFA7ACC66EBD802B3301FF6CE431405107749D940277955CB7FDD07 complete=true entries=98 total=320 symbols=162 dropped=false t=1791382394413
EPOCH_RECONCILED epoch=1 reporter=633D9D614858AB1710D5D8C3180E2A082DC97208BA8C26BA6C6D1A86C8E31CC0 complete=true entries=82 total=300 symbols=162 dropped=false t=1791382394413
EPOCH_RECONCILED epoch=1 reporter=911999B2AEFA7ACC66EBD802B3301FF6CE431405107749D940277955CB7FDD07 complete=false entries=0 total=15435 symbols=0 dropped=false t=1791382394494
EPOCH_RECONCILED epoch=1 reporter=65A90023F6C0D2181AAA63F005D81BBC0C04650505E21D5123F9AE1F9E992BFF complete=false entries=0 total=15435 symbols=0 dropped=false t=1791382394497
EPOCH_RECONCILED epoch=1 reporter=911999B2AEFA7ACC66EBD802B3301FF6CE431405107749D940277955CB7FDD07 complete=false entries=320 total=320 symbols=0 dropped=false t=1791382394500
EPOCH_RECONCILED epoch=1 reporter=65A90023F6C0D2181AAA63F005D81BBC0C04650505E21D5123F9AE1F9E992BFF complete=false entries=324 total=324 symbols=0 dropped=false t=1791382394500
EPOCH_RECONCILED epoch=1 reporter=D315857CE70C54DE713F6E82E5613BB3A1266C15E28AD2F4338C7BBEC456F532 complete=false entries=0 total=15435 symbols=0 dropped=false t=1791382394501
EPOCH_RECONCILED epoch=1 reporter=D315857CE70C54DE713F6E82E5613BB3A1266C15E28AD2F4338C7BBEC456F532 complete=false entries=0 total=15435 symbols=0 dropped=false t=1791382394501
EPOCH_RECONCILED epoch=1 reporter=D315857CE70C54DE713F6E82E5613BB3A1266C15E28AD2F4338C7BBEC456F532 complete=false entries=324 total=324 symbols=0 dropped=false t=1791382394504
EPOCH_RECONCILED epoch=1 reporter=633D9D614858AB1710D5D8C3180E2A082DC97208BA8C26BA6C6D1A86C8E31CC0 complete=false entries=0 total=15435 symbols=0 dropped=false t=1791382394504
EPOCH_RECONCILED epoch=1 reporter=633D9D614858AB1710D5D8C3180E2A082DC97208BA8C26BA6C6D1A86C8E31CC0 complete=false entries=300 total=300 symbols=0 dropped=false t=1791382394507
EPOCH_RECONCILED epoch=1 reporter=911999B2AEFA7ACC66EBD802B3301FF6CE431405107749D940277955CB7FDD07 complete=false entries=0 total=15435 symbols=0 dropped=false t=1791382394508
EPOCH_RECONCILED epoch=1 reporter=911999B2AEFA7ACC66EBD802B3301FF6CE431405107749D940277955CB7FDD07 complete=false entries=320 total=320 symbols=0 dropped=false t=1791382394510
EPOCH_RECONCILED epoch=1 reporter=65A90023F6C0D2181AAA63F005D81BBC0C04650505E21D5123F9AE1F9E992BFF complete=true entries=98 total=324 symbols=162 dropped=false t=1791382394517
EPOCH_RECONCILED epoch=1 reporter=D315857CE70C54DE713F6E82E5613BB3A1266C15E28AD2F4338C7BBEC456F532 complete=true entries=98 total=324 symbols=162 dropped=false t=1791382394517
EPOCH_RECONCILED epoch=1 reporter=911999B2AEFA7ACC66EBD802B3301FF6CE431405107749D940277955CB7FDD07 complete=true entries=98 total=320 symbols=162 dropped=false t=1791382394517
EPOCH_RECONCILED epoch=1 reporter=633D9D614858AB1710D5D8C3180E2A082DC97208BA8C26BA6C6D1A86C8E31CC0 complete=true entries=82 total=300 symbols=162 dropped=false t=1791382394517
EPOCH_RECONCILED epoch=1 reporter=D315857CE70C54DE713F6E82E5613BB3A1266C15E28AD2F4338C7BBEC456F532 complete=false entries=324 total=324 symbols=0 dropped=false t=1791382394518
EPOCH_RECONCILED epoch=1 reporter=A353E45E6D0016CAEED0DFA4EC5B0640E2AA22A793F9F2375E77F1AB92977C04 complete=false entries=0 total=15435 symbols=0 dropped=false t=1791382394519
EPOCH_RECONCILED epoch=1 reporter=A353E45E6D0016CAEED0DFA4EC5B0640E2AA22A793F9F2375E77F1AB92977C04 complete=false entries=287 total=287 symbols=0 dropped=false t=1791382394523
EPOCH_RECONCILED epoch=1 reporter=65A90023F6C0D2181AAA63F005D81BBC0C04650505E21D5123F9AE1F9E992BFF complete=false entries=0 total=15435 symbols=0 dropped=false t=1791382394524
EPOCH_RECONCILED epoch=1 reporter=65A90023F6C0D2181AAA63F005D81BBC0C04650505E21D5123F9AE1F9E992BFF complete=false entries=324 total=324 symbols=0 dropped=false t=1791382394528
EPOCH_RECONCILED epoch=1 reporter=911999B2AEFA7ACC66EBD802B3301FF6CE431405107749D940277955CB7FDD07 complete=true entries=98 total=320 symbols=162 dropped=false t=1791382394531
EPOCH_RECONCILED epoch=1 reporter=D315857CE70C54DE713F6E82E5613BB3A1266C15E28AD2F4338C7BBEC456F532 complete=true entries=98 total=324 symbols=162 dropped=false t=1791382394531
EPOCH_RECONCILED epoch=1 reporter=65A90023F6C0D2181AAA63F005D81BBC0C04650505E21D5123F9AE1F9E992BFF complete=true entries=98 total=324 symbols=162 dropped=false t=1791382394531
EPOCH_RECONCILED epoch=1 reporter=A353E45E6D0016CAEED0DFA4EC5B0640E2AA22A793F9F2375E77F1AB92977C04 complete=true entries=98 total=287 symbols=162 dropped=false t=1791382394531
EPOCH_CLOSE_READY epoch=1 t=1791382394638
EPOCH_CLOSE_READY epoch=1 t=1791382394646
EPOCH_PROPOSED epoch=1 round=0 value=D0DDA068D47DC3E3DACE67F38FBBAF0A77ABF498819DA9E20C701D2ECB817F26 state=20A2A37D42329FD0A366DDDBCE6A0AAABB65FFE1AFD168FF0771F82D30B08380 reports=5 t=1791382394713
EPOCH_VALUE epoch=1 value=D0DDA068D47DC3E3DACE67F38FBBAF0A77ABF498819DA9E20C701D2ECB817F26 state=20A2A37D42329FD0A366DDDBCE6A0AAABB65FFE1AFD168FF0771F82D30B08380 t=1791382394713
EPOCH_VALUE epoch=1 value=D0DDA068D47DC3E3DACE67F38FBBAF0A77ABF498819DA9E20C701D2ECB817F26 state=20A2A37D42329FD0A366DDDBCE6A0AAABB65FFE1AFD168FF0771F82D30B08380 t=1791382394808
EPOCH_CLOSE_ROUND epoch=1 round=0 leader=65A90023F6C0D2181AAA63F005D81BBC0C04650505E21D5123F9AE1F9E992BFF leads=false t=1791382394869
EPOCH_CLOSE_ROUND epoch=1 round=0 leader=65A90023F6C0D2181AAA63F005D81BBC0C04650505E21D5123F9AE1F9E992BFF leads=true t=1791382394874
EPOCH_VALUE epoch=1 value=D0DDA068D47DC3E3DACE67F38FBBAF0A77ABF498819DA9E20C701D2ECB817F26 state=20A2A37D42329FD0A366DDDBCE6A0AAABB65FFE1AFD168FF0771F82D30B08380 t=1791382394893
EPOCH_CLOSE_READY epoch=1 t=1791382394893
EPOCH_CLOSE_READY epoch=1 t=1791382394899
EPOCH_CLOSE_READY epoch=1 t=1791382394905
EPOCH_CLOSE_ROUND epoch=1 round=0 leader=65A90023F6C0D2181AAA63F005D81BBC0C04650505E21D5123F9AE1F9E992BFF leads=false t=1791382394986
EPOCH_CLOSE_ROUND epoch=1 round=0 leader=65A90023F6C0D2181AAA63F005D81BBC0C04650505E21D5123F9AE1F9E992BFF leads=false t=1791382395086
EPOCH_CLOSE_ROUND epoch=1 round=0 leader=65A90023F6C0D2181AAA63F005D81BBC0C04650505E21D5123F9AE1F9E992BFF leads=false t=1791382395092
EPOCH_VALUE epoch=1 value=D0DDA068D47DC3E3DACE67F38FBBAF0A77ABF498819DA9E20C701D2ECB817F26 state=20A2A37D42329FD0A366DDDBCE6A0AAABB65FFE1AFD168FF0771F82D30B08380 t=1791382395262
EPOCH_VALUE epoch=1 value=D0DDA068D47DC3E3DACE67F38FBBAF0A77ABF498819DA9E20C701D2ECB817F26 state=20A2A37D42329FD0A366DDDBCE6A0AAABB65FFE1AFD168FF0771F82D30B08380 t=1791382395263
2026-10-07T14:13:15.370228Z  INFO nanospam::app: Confirmed 31,844 blocks | 2,000 bps | 0 cps | avg conf time: 0 ms
EPOCH_INSTALL epoch=1 finalized=15617 instances_confirmed=124 t=1791382395448
EPOCH_INSTALL epoch=1 finalized=15617 instances_confirmed=124 t=1791382395448
EPOCH_INSTALL epoch=1 finalized=15617 instances_confirmed=124 t=1791382395448
EPOCH_INSTALL epoch=1 finalized=15617 instances_confirmed=124 t=1791382395449
EPOCH_INSTALL epoch=1 finalized=15617 instances_confirmed=124 t=1791382395452
EPOCH_COMMITTEE derived_by=1 members=6 accounts=13382 n=6 digest=95D409445152DD075E6A4799205DFA5689496EB8EE1A22AC2A200B9DBC2DCF27 shares=["A353E45E:16.7%", "65A90023:16.7%", "D315857C:16.7%", "911999B2:16.7%", "633D9D61:16.7%", "735FE217:16.7%"] t=1791382395680
EPOCH_OMITTED epoch=1 instances=97 retained=0 t=1791382395680
EPOCH_COMMITTEE derived_by=1 members=6 accounts=13382 n=6 digest=95D409445152DD075E6A4799205DFA5689496EB8EE1A22AC2A200B9DBC2DCF27 shares=["A353E45E:16.7%", "65A90023:16.7%", "D315857C:16.7%", "911999B2:16.7%", "633D9D61:16.7%", "735FE217:16.7%"] t=1791382395697
EPOCH_OMITTED epoch=1 instances=97 retained=0 t=1791382395697
EPOCH_GATE epoch=2 released=2473 finalized=2214 t=1791382395697
EPOCH_CLOSED epoch=1 round=0 value=D0DDA068D47DC3E3DACE67F38FBBAF0A77ABF498819DA9E20C701D2ECB817F26 state=20A2A37D42329FD0A366DDDBCE6A0AAABB65FFE1AFD168FF0771F82D30B08380 t=1791382395697
EPOCH_COMMITTEE derived_by=1 members=6 accounts=13382 n=6 digest=95D409445152DD075E6A4799205DFA5689496EB8EE1A22AC2A200B9DBC2DCF27 shares=["A353E45E:16.7%", "65A90023:16.7%", "D315857C:16.7%", "911999B2:16.7%", "633D9D61:16.7%", "735FE217:16.7%"] t=1791382395703
EPOCH_OMITTED epoch=1 instances=97 retained=0 t=1791382395703
EPOCH_COMMITTEE derived_by=1 members=6 accounts=13382 n=6 digest=95D409445152DD075E6A4799205DFA5689496EB8EE1A22AC2A200B9DBC2DCF27 shares=["A353E45E:16.7%", "65A90023:16.7%", "D315857C:16.7%", "911999B2:16.7%", "633D9D61:16.7%", "735FE217:16.7%"] t=1791382395710
EPOCH_OMITTED epoch=1 instances=97 retained=0 t=1791382395710
EPOCH_GATE epoch=2 released=2473 finalized=2214 t=1791382395714
EPOCH_COMMITTEE derived_by=1 members=6 accounts=13382 n=6 digest=95D409445152DD075E6A4799205DFA5689496EB8EE1A22AC2A200B9DBC2DCF27 shares=["A353E45E:16.7%", "65A90023:16.7%", "D315857C:16.7%", "911999B2:16.7%", "633D9D61:16.7%", "735FE217:16.7%"] t=1791382395714
EPOCH_CLOSED epoch=1 round=0 value=D0DDA068D47DC3E3DACE67F38FBBAF0A77ABF498819DA9E20C701D2ECB817F26 state=20A2A37D42329FD0A366DDDBCE6A0AAABB65FFE1AFD168FF0771F82D30B08380 t=1791382395714
EPOCH_OMITTED epoch=1 instances=97 retained=0 t=1791382395714
EPOCH_GATE epoch=2 released=2473 finalized=2214 t=1791382395717
EPOCH_CLOSED epoch=1 round=0 value=D0DDA068D47DC3E3DACE67F38FBBAF0A77ABF498819DA9E20C701D2ECB817F26 state=20A2A37D42329FD0A366DDDBCE6A0AAABB65FFE1AFD168FF0771F82D30B08380 t=1791382395717
EPOCH_GATE epoch=2 released=2473 finalized=2214 t=1791382395724
EPOCH_CLOSED epoch=1 round=0 value=D0DDA068D47DC3E3DACE67F38FBBAF0A77ABF498819DA9E20C701D2ECB817F26 state=20A2A37D42329FD0A366DDDBCE6A0AAABB65FFE1AFD168FF0771F82D30B08380 t=1791382395724
EPOCH_GATE epoch=2 released=2473 finalized=2214 t=1791382395725
EPOCH_CLOSED epoch=1 round=0 value=D0DDA068D47DC3E3DACE67F38FBBAF0A77ABF498819DA9E20C701D2ECB817F26 state=20A2A37D42329FD0A366DDDBCE6A0AAABB65FFE1AFD168FF0771F82D30B08380 t=1791382395725
EPOCH_INSTALLED epoch=1 finalized=15617 cemented=15581 queued=36 missing=0 t=1791382395763
EPOCH_INSTALLED epoch=1 finalized=15617 cemented=15580 queued=37 missing=0 t=1791382395773
EPOCH_INSTALLED epoch=1 finalized=15617 cemented=15580 queued=37 missing=0 t=1791382395781
EPOCH_FOLLOW cemented=7 cementing=29 requested=0 pending=29 t=1791382395786
EPOCH_INSTALLED epoch=1 finalized=15617 cemented=15581 queued=36 missing=0 t=1791382395903
EPOCH_INSTALLED epoch=1 finalized=15617 cemented=15581 queued=36 missing=0 t=1791382396020
EPOCH_FOLLOW cemented=36 cementing=0 requested=0 pending=0 t=1791382396368
2026-10-07T14:13:16.371195Z  INFO nanospam::app: Confirmed 35,877 blocks | 2,000 bps | 4,028 cps | avg conf time: 953 ms
EPOCH_FOLLOW cemented=37 cementing=0 requested=0 pending=0 t=1791382396472
EPOCH_FOLLOW cemented=37 cementing=0 requested=0 pending=0 t=1791382396511
EPOCH_FOLLOW cemented=36 cementing=0 requested=0 pending=0 t=1791382396661
EPOCH_FOLLOW cemented=29 cementing=0 requested=0 pending=0 t=1791382396806
2026-10-07T14:13:17.372387Z  INFO nanospam::app: Confirmed 37,886 blocks | 2,000 bps | 2,006 cps | avg conf time: 108 ms
2026-10-07T14:13:18.373454Z  INFO nanospam::app: Confirmed 39,789 blocks | 2,000 bps | 1,900 cps | avg conf time: 105 ms
2026-10-07T14:13:19.374179Z  INFO nanospam::app: Confirmed 41,799 blocks | 2,000 bps | 2,008 cps | avg conf time: 104 ms
2026-10-07T14:13:20.375326Z  INFO nanospam::app: Confirmed 43,759 blocks | 2,000 bps | 1,957 cps | avg conf time: 105 ms
2026-10-07T14:13:21.091400Z  INFO nanospam::app: Confirming 45000 blocks took 22.74s
2026-10-07T14:13:21.091442Z  INFO nanospam::app: Confirmation rate: 1979 cps
2026-10-07T14:13:21.091451Z  INFO nanospam::app: Average conf time: 227 ms
2026-10-07T14:13:21.091457Z  INFO nanospam::app: Non-fork confirmation rate: 1979 cps (45000 of 45000 non-fork blocks, 0 of 0 forks)
2026-10-07T14:13:21.091818Z  INFO nanospam::app: RAI_BENCH_METRICS {"created":45000,"confirmed":45000,"duration_secs":22.738080625,"confirmation_unit":"primary publication or its confirmed fork alternative","alternative_confirmed":0,"confirmation_histogram_ms":{"20":2,"26":19,"27":6,"28":2,"31":1,"32":1,"41":1,"43":4,"44":2,"45":9,"46":6,"47":8,"48":13,"49":14,"50":7,"51":9,"52":12,"53":15,"54":20,"55":26,"56":24,"57":21,"58":25,"59":22,"60":22,"61":22,"62":26,"63":22,"64":23,"65":32,"66":42,"67":42,"68":67,"69":73,"70":77,"71":81,"72":110,"73":122,"74":131,"75":151,"76":147,"77":177,"78":184,"79":203,"80":269,"81":282,"82":298,"83":348,"84":356,"85":388,"86":422,"87":427,"88":470,"89":467,"90":489,"91":537,"92":559,"93":535,"94":618,"95":621,"96":680,"97":722,"98":756,"99":803,"100":836,"101":841,"102":880,"103":884,"104":953,"105":968,"106":942,"107":1050,"108":1031,"109":990,"110":1015,"111":990,"112":971,"113":984,"114":994,"115":937,"116":826,"117":832,"118":815,"119":798,"120":761,"121":690,"122":642,"123":541,"124":521,"125":484,"126":437,"127":382,"128":330,"129":308,"130":256,"131":218,"132":191,"133":137,"134":113,"135":67,"136":58,"137":50,"138":45,"139":44,"140":37,"141":30,"142":35,"143":33,"144":12,"145":12,"146":18,"147":51,"148":40,"149":17,"150":14,"151":20,"152":18,"153":32,"154":19,"155":16,"156":23,"157":25,"158":23,"159":19,"160":22,"161":28,"162":35,"163":28,"164":29,"165":32,"166":40,"167":14,"168":16,"169":19,"170":29,"171":22,"172":12,"173":26,"174":8,"175":5,"176":12,"177":17,"178":12,"179":2,"180":11,"181":4,"182":12,"183":6,"184":7,"185":8,"186":7,"187":5,"188":10,"189":4,"190":9,"191":4,"192":10,"193":18,"194":6,"195":7,"196":9,"197":3,"198":5,"199":3,"200":15,"201":15,"202":24,"203":19,"204":8,"205":7,"206":8,"207":11,"208":7,"209":11,"210":12,"211":13,"212":10,"213":17,"214":30,"215":39,"216":20,"217":19,"218":23,"219":25,"220":17,"221":20,"222":20,"223":6,"224":12,"225":9,"226":16,"227":7,"228":12,"229":13,"230":21,"231":18,"232":18,"233":22,"234":24,"235":13,"236":9,"237":11,"238":13,"239":24,"240":31,"241":18,"242":12,"243":13,"244":8,"245":8,"246":5,"247":17,"248":9,"249":5,"250":7,"251":10,"252":7,"253":4,"254":9,"255":7,"256":7,"257":5,"258":10,"259":7,"260":6,"261":8,"262":5,"263":10,"264":10,"265":9,"266":5,"267":10,"268":8,"269":3,"270":7,"271":9,"272":5,"273":11,"274":3,"275":13,"276":4,"277":8,"278":3,"279":5,"280":3,"281":9,"282":10,"283":7,"284":2,"285":4,"286":7,"287":6,"288":3,"289":3,"290":4,"291":2,"292":2,"293":2,"294":6,"295":6,"296":1,"297":3,"298":5,"299":5,"300":3,"301":8,"302":4,"303":2,"304":2,"305":4,"306":2,"307":4,"308":4,"310":16,"311":11,"312":2,"313":5,"314":4,"315":5,"316":1,"317":5,"318":4,"319":8,"320":4,"321":4,"322":4,"323":4,"324":3,"325":2,"326":3,"327":2,"328":4,"329":2,"330":4,"331":1,"332":2,"333":4,"334":2,"335":5,"336":1,"337":7,"338":4,"339":5,"340":6,"341":9,"342":3,"343":3,"344":3,"345":1,"346":3,"347":5,"348":3,"349":2,"350":6,"351":5,"352":6,"353":20,"354":15,"355":6,"356":14,"357":14,"358":7,"359":4,"360":2,"361":6,"362":8,"363":8,"364":9,"365":4,"366":10,"367":6,"368":1,"369":1,"370":2,"371":5,"372":1,"373":4,"375":5,"376":2,"377":3,"378":2,"379":2,"380":3,"381":1,"382":2,"383":3,"384":2,"385":1,"386":4,"387":5,"388":6,"389":2,"390":3,"391":4,"392":4,"393":5,"394":5,"395":3,"396":2,"398":1,"399":1,"400":2,"401":4,"402":3,"403":6,"404":6,"405":5,"406":4,"407":5,"408":2,"409":2,"410":6,"411":4,"412":3,"413":2,"414":6,"415":10,"416":3,"417":10,"418":5,"419":7,"420":7,"421":8,"422":6,"423":5,"424":4,"425":8,"426":4,"427":2,"428":7,"429":5,"430":13,"431":11,"432":7,"433":7,"434":5,"435":5,"436":3,"437":5,"438":8,"439":11,"440":8,"441":6,"442":4,"443":2,"444":7,"445":8,"446":4,"447":8,"448":3,"449":5,"450":7,"451":7,"452":10,"453":2,"454":2,"455":5,"456":2,"458":3,"459":6,"460":7,"461":3,"462":5,"463":3,"464":5,"465":2,"466":3,"467":3,"468":4,"470":3,"471":1,"472":3,"473":2,"474":2,"475":3,"476":2,"477":3,"478":1,"479":4,"480":2,"481":1,"483":2,"485":1,"486":1,"487":3,"489":2,"490":5,"491":2,"494":1,"495":1,"496":3,"497":1,"498":4,"499":1,"500":1,"501":3,"503":4,"505":2,"506":2,"507":4,"508":4,"509":4,"510":3,"511":4,"512":1,"514":3,"515":1,"516":3,"517":2,"518":1,"519":4,"520":2,"521":4,"522":1,"523":3,"524":3,"525":4,"526":2,"527":2,"528":4,"529":4,"530":9,"531":4,"532":5,"533":5,"534":3,"535":3,"536":2,"537":3,"538":4,"539":4,"540":4,"541":3,"542":2,"543":6,"544":5,"545":2,"546":6,"547":1,"548":5,"549":5,"550":10,"551":3,"552":4,"553":4,"554":4,"555":3,"556":1,"557":2,"558":5,"559":7,"560":7,"561":2,"562":4,"563":4,"564":7,"565":4,"566":4,"567":1,"568":7,"569":2,"570":2,"571":1,"572":7,"573":6,"574":7,"575":6,"576":4,"577":5,"578":3,"579":1,"580":5,"581":7,"582":6,"583":6,"584":1,"585":3,"586":2,"587":1,"588":6,"589":6,"590":5,"591":8,"592":6,"593":4,"594":2,"595":5,"596":7,"597":4,"598":5,"599":12,"600":4,"601":4,"602":6,"603":7,"604":6,"605":10,"606":5,"607":7,"608":5,"609":8,"610":10,"611":3,"612":9,"613":4,"614":8,"615":5,"616":5,"617":3,"618":3,"619":6,"620":4,"621":7,"622":5,"623":8,"624":6,"625":8,"626":6,"627":4,"628":5,"629":6,"630":5,"631":10,"632":6,"633":8,"634":9,"635":10,"636":13,"637":11,"638":6,"639":12,"640":9,"641":8,"642":10,"643":8,"644":9,"645":7,"646":9,"647":10,"648":10,"649":6,"650":8,"651":8,"652":6,"653":10,"654":13,"655":11,"656":12,"657":8,"658":9,"659":7,"660":4,"661":6,"662":11,"663":8,"664":3,"665":3,"666":7,"667":6,"668":5,"669":3,"670":4,"671":10,"672":4,"673":4,"674":6,"675":6,"676":3,"677":5,"678":6,"679":9,"680":8,"681":3,"682":9,"683":3,"684":4,"685":5,"686":8,"687":6,"688":2,"689":6,"690":2,"691":2,"692":6,"693":1,"694":2,"696":4,"697":3,"698":6,"699":5,"700":6,"701":5,"702":2,"703":2,"704":7,"705":2,"706":6,"707":2,"708":9,"709":4,"710":2,"711":2,"712":6,"713":3,"714":3,"715":6,"716":8,"717":5,"718":8,"719":6,"720":6,"721":7,"722":8,"723":8,"724":7,"725":6,"726":5,"727":2,"728":4,"729":4,"730":3,"731":4,"732":7,"733":6,"734":9,"735":6,"736":4,"737":6,"738":8,"739":6,"740":4,"741":7,"742":4,"743":2,"744":8,"745":4,"746":10,"747":8,"748":3,"749":8,"750":3,"751":5,"752":9,"753":3,"754":6,"755":5,"756":8,"757":7,"758":9,"759":6,"760":6,"761":7,"762":5,"763":8,"764":2,"765":6,"766":4,"767":6,"768":11,"769":7,"770":6,"771":10,"772":5,"773":10,"774":8,"775":7,"776":13,"777":9,"778":7,"779":9,"780":4,"781":7,"782":5,"783":6,"784":5,"785":8,"786":5,"787":9,"788":7,"789":9,"790":7,"791":6,"792":6,"793":6,"794":5,"795":3,"796":5,"797":4,"798":4,"799":4,"800":9,"801":6,"802":5,"803":9,"804":7,"805":4,"806":9,"807":3,"808":3,"809":8,"810":6,"811":5,"812":8,"813":7,"814":10,"815":3,"816":7,"817":5,"818":7,"819":7,"820":1,"821":4,"822":1,"823":8,"824":3,"825":3,"826":3,"827":4,"828":1,"829":4,"830":4,"831":8,"832":3,"833":2,"834":1,"835":2,"836":4,"837":3,"838":8,"839":2,"840":4,"841":6,"842":6,"843":4,"844":2,"845":5,"846":3,"847":5,"848":4,"849":5,"850":8,"851":7,"853":3,"854":3,"855":1,"856":3,"857":3,"858":2,"859":6,"860":3,"861":5,"862":2,"863":5,"864":5,"865":3,"866":4,"867":6,"868":5,"869":2,"870":3,"871":6,"872":2,"873":8,"874":5,"875":3,"876":4,"877":4,"878":3,"879":3,"880":1,"881":4,"882":1,"883":5,"884":6,"885":4,"886":8,"887":2,"888":4,"889":5,"890":4,"891":5,"892":3,"893":5,"894":5,"895":3,"896":4,"897":5,"898":6,"899":2,"900":7,"901":3,"902":3,"903":5,"904":3,"905":5,"906":3,"907":4,"908":2,"909":3,"910":4,"911":3,"912":4,"913":5,"914":3,"915":4,"916":1,"917":5,"918":4,"919":3,"920":1,"921":2,"922":3,"923":5,"924":3,"925":6,"926":3,"927":3,"928":11,"929":3,"930":3,"931":2,"932":5,"933":5,"934":5,"935":2,"936":3,"937":3,"938":2,"939":3,"940":5,"941":5,"943":8,"944":3,"945":6,"946":5,"947":2,"948":5,"949":6,"950":6,"951":5,"952":3,"953":1,"954":1,"955":6,"956":4,"957":6,"958":3,"959":3,"960":2,"961":7,"962":2,"963":5,"964":4,"965":4,"966":2,"967":10,"968":4,"969":2,"970":4,"971":6,"972":3,"973":2,"974":3,"976":6,"977":2,"978":2,"979":6,"980":6,"981":3,"982":6,"983":4,"984":4,"985":5,"986":5,"987":3,"988":4,"989":7,"990":2,"991":6,"992":2,"993":3,"994":3,"995":3,"996":3,"997":4,"998":4,"999":4,"1000":7,"1001":4,"1002":2,"1003":5,"1004":4,"1005":4,"1006":5,"1007":5,"1008":4,"1009":2,"1010":1,"1011":5,"1012":5,"1013":2,"1014":7,"1015":3,"1016":7,"1017":1,"1018":2,"1019":5,"1020":4,"1021":3,"1022":7,"1023":4,"1024":3,"1025":7,"1026":3,"1027":3,"1028":3,"1029":4,"1030":1,"1031":5,"1032":7,"1033":4,"1034":1,"1035":5,"1036":4,"1037":2,"1038":4,"1039":2,"1040":3,"1041":7,"1042":3,"1043":6,"1044":2,"1045":3,"1047":2,"1048":5,"1049":8,"1050":4,"1051":6,"1052":5,"1053":1,"1054":2,"1055":3,"1056":4,"1057":6,"1058":6,"1059":2,"1060":2,"1061":2,"1062":5,"1063":2,"1064":4,"1065":4,"1066":7,"1067":5,"1068":3,"1069":4,"1070":6,"1071":6,"1072":6,"1073":3,"1074":3,"1075":1,"1076":4,"1077":1,"1078":5,"1079":3,"1080":3,"1081":3,"1083":9,"1084":4,"1085":1,"1086":5,"1087":4,"1088":5,"1089":4,"1090":6,"1091":5,"1092":5,"1093":7,"1094":2,"1095":3,"1096":2,"1097":4,"1098":4,"1099":6,"1100":12,"1101":2,"1102":3,"1103":4,"1104":2,"1105":3,"1106":3,"1107":6,"1108":4,"1109":4,"1110":4,"1111":2,"1112":3,"1113":4,"1114":4,"1115":3,"1116":6,"1117":2,"1118":8,"1119":10,"1120":3,"1121":1,"1122":3,"1123":2,"1124":3,"1125":4,"1126":6,"1127":3,"1128":3,"1129":3,"1130":7,"1131":3,"1132":3,"1133":2,"1134":6,"1135":4,"1136":4,"1137":4,"1138":1,"1139":5,"1140":6,"1141":4,"1142":3,"1143":2,"1144":1,"1145":5,"1146":5,"1147":3,"1148":6,"1149":2,"1150":4,"1151":5,"1152":8,"1153":5,"1154":3,"1155":4,"1156":6,"1157":3,"1158":4,"1159":1,"1160":3,"1161":2,"1162":5,"1163":4,"1164":6,"1165":6,"1166":2,"1167":2,"1168":2,"1169":3,"1170":4,"1171":6,"1172":5,"1173":4,"1174":3,"1175":4,"1177":7,"1178":2,"1179":5,"1180":6,"1181":4,"1182":6,"1183":3,"1184":4,"1185":4,"1186":6,"1187":2,"1188":4,"1189":5,"1190":4,"1191":3,"1192":5,"1193":3,"1194":13,"1195":2,"1196":2,"1197":3,"1198":2,"1199":2,"1200":3,"1201":1,"1202":5,"1203":3,"1204":7,"1205":3,"1206":4,"1207":5,"1208":4,"1209":2,"1210":4,"1211":4,"1212":5,"1213":7,"1214":7,"1215":2,"1216":2,"1217":1,"1218":3,"1219":4,"1220":3,"1221":5,"1222":9,"1223":4,"1224":2,"1225":5,"1226":2,"1227":4,"1228":3,"1229":3,"1230":5,"1231":5,"1232":5,"1233":2,"1234":2,"1235":4,"1236":9,"1237":3,"1238":4,"1239":3,"1240":4,"1241":3,"1242":3,"1243":5,"1244":3,"1245":5,"1246":3,"1247":1,"1248":3,"1249":2,"1250":3,"1251":5,"1252":7,"1253":2,"1254":3,"1255":3,"1256":3,"1257":5,"1258":5,"1259":1,"1260":2,"1261":3,"1262":2,"1263":5,"1264":2,"1265":6,"1266":3,"1267":5,"1268":3,"1269":4,"1270":3,"1271":2,"1272":5,"1273":4,"1274":7,"1275":5,"1276":4,"1277":6,"1278":7,"1279":3,"1280":4,"1281":5,"1282":2,"1283":4,"1284":4,"1285":5,"1286":2,"1287":4,"1288":1,"1289":4,"1290":6,"1291":4,"1292":6,"1293":7,"1294":3,"1295":3,"1296":3,"1297":8,"1298":3,"1299":3,"1300":4,"1301":5,"1302":6,"1303":4,"1304":5,"1305":2,"1306":1,"1307":7,"1308":6,"1309":3,"1310":4,"1311":6,"1312":4,"1313":2,"1314":4,"1315":5,"1316":5,"1317":3,"1318":2,"1319":4,"1320":2,"1321":3,"1322":2,"1323":2,"1324":3,"1325":5,"1326":1,"1327":1,"1328":1,"1329":4,"1331":3,"1332":2,"1333":6,"1334":3,"1335":2,"1336":4,"1337":6,"1338":2,"1339":1,"1340":3,"1341":6,"1342":2,"1343":1,"1344":5,"1345":2,"1346":3,"1347":4,"1348":6,"1349":3,"1350":2,"1351":3,"1352":2,"1353":4,"1354":3,"1355":2,"1356":4,"1357":4,"1358":4,"1359":3,"1360":9,"1361":3,"1362":5,"1363":4,"1364":8,"1365":8,"1366":2,"1367":2,"1368":1,"1369":6,"1370":2,"1371":6,"1372":2,"1373":2,"1374":8,"1375":4,"1376":6,"1377":5,"1378":7,"1379":4,"1380":5,"1381":5,"1382":6,"1383":6,"1384":10,"1385":8,"1386":4,"1387":2,"1388":5,"1389":3,"1390":4,"1391":2,"1392":3,"1393":5,"1394":6,"1395":5,"1398":2,"1399":3,"1400":4,"1401":2,"1402":1,"1403":9,"1404":3,"1405":2,"1406":1,"1407":1,"1409":2,"1410":1,"1411":1,"1412":1,"1413":3,"1414":5,"1415":1,"1416":5,"1418":4,"1419":4,"1420":5,"1421":3,"1422":6,"1423":1,"1424":8,"1425":3,"1426":2,"1427":4,"1428":5,"1429":4,"1430":6,"1431":6,"1432":3,"1433":5,"1434":3,"1435":1,"1436":2,"1437":8,"1438":6,"1439":7,"1440":3,"1441":4,"1442":4,"1443":5,"1444":5,"1445":2,"1446":5,"1447":3,"1448":4,"1449":3,"1450":4,"1451":6,"1452":3,"1453":1,"1454":2,"1455":2,"1456":3,"1457":3,"1458":1,"1460":1,"1461":6,"1462":1,"1463":1,"1464":4,"1465":1,"1466":2,"1468":2,"1469":5,"1470":1,"1472":6,"1473":2,"1474":2,"1475":1,"1476":5,"1477":1,"1478":1,"1480":3,"1481":2,"1482":3,"1483":3,"1484":2,"1485":2,"1486":1,"1487":1,"1489":1,"1490":1,"1491":1,"1493":1,"1494":3,"1495":2,"1496":1,"1497":2,"1498":3,"1499":3,"1500":2,"1501":2,"1502":1,"1503":1,"1504":2,"1505":2,"1506":3,"1507":2,"1508":4,"1509":1,"1510":2,"1511":5,"1512":3,"1513":2,"1514":3,"1515":6,"1517":3,"1520":4,"1521":5,"1522":2,"1523":1,"1524":1,"1526":1,"1527":3,"1528":2,"1530":2,"1531":1,"1533":1,"1534":3,"1535":1,"1536":3,"1537":2,"1538":2,"1539":4,"1540":2,"1541":3,"1542":3,"1543":3,"1545":2,"1546":1,"1547":4,"1549":1,"1551":4,"1552":1,"1553":2,"1554":3,"1555":3,"1557":2,"1558":2,"1559":4,"1560":1,"1561":4,"1562":2,"1563":2,"1565":2,"1566":2,"1567":2,"1568":1,"1569":2,"1571":1,"1572":2,"1574":6,"1575":4,"1576":1,"1577":4,"1578":2,"1579":2,"1580":2,"1581":7,"1582":1,"1585":1,"1586":4,"1587":1,"1588":2,"1589":1,"1591":4,"1592":5,"1593":1,"1594":3,"1595":6,"1596":4,"1597":1,"1598":1,"1599":1,"1600":3,"1601":1,"1602":2,"1604":2,"1605":1,"1606":4,"1607":2,"1608":2,"1609":3,"1610":2,"1611":1,"1613":2,"1614":4,"1615":1,"1617":1,"1618":3,"1619":4,"1620":3,"1621":2,"1622":3,"1623":2,"1624":1,"1625":2,"1627":3,"1628":4,"1630":2,"1631":1,"1632":1,"1633":1,"1634":1,"1635":2,"1636":5,"1637":3,"1639":4,"1641":3,"1642":2,"1643":3,"1644":3,"1645":2,"1646":3,"1647":1,"1648":1,"1649":3,"1650":1,"1651":1,"1653":2,"1654":1,"1655":1,"1656":3,"1657":4,"1658":1,"1659":1,"1660":3,"1661":3,"1662":4,"1663":1,"1664":1,"1665":1,"1666":2,"1667":2,"1668":3,"1671":1,"1672":3,"1673":2,"1674":9,"1676":1,"1677":3,"1679":1,"1680":5,"1681":3,"1682":2,"1683":4,"1684":2,"1686":4,"1687":2,"1688":1,"1689":3,"1690":2,"1691":1,"1693":1,"1694":4,"1695":3,"1696":2,"1697":1,"1698":3,"1699":5,"1700":1,"1701":2,"1702":3,"1704":1,"1705":3,"1706":2,"1707":3,"1708":4,"1709":1,"1710":4,"1712":1,"1713":2,"1715":3,"1717":1,"1718":1,"1719":5,"1720":2,"1721":3,"1723":2,"1724":2,"1725":3,"1726":7,"1727":2,"1728":2,"1729":4,"1730":4,"1731":2,"1733":3,"1734":4,"1735":1,"1736":3,"1737":1,"1738":1,"1739":1,"1740":2,"1741":1,"1742":2,"1743":4,"1744":4,"1745":1,"1746":3,"1748":2,"1749":1,"1750":2,"1751":2,"1753":3,"1754":2,"1755":2,"1756":2,"1757":3,"1758":3,"1759":6,"1760":2,"1761":2,"1762":4,"1763":3,"1764":1,"1765":1,"1766":1,"1767":4,"1768":2,"1769":1,"1770":2,"1772":1,"1773":1,"1774":2,"1775":2,"1776":3,"1777":6,"1778":1,"1779":1,"1780":1,"1781":2,"1782":1,"1783":2,"1784":2,"1785":3,"1786":3,"1788":1,"1789":4,"1790":1,"1791":1,"1792":3,"1793":1,"1794":2,"1795":1,"1796":2,"1797":4,"1800":1,"1801":1,"1802":1,"1803":3,"1804":1,"1805":1,"1806":1,"1807":2,"1808":4,"1810":5,"1811":3,"1813":3,"1814":2,"1815":3,"1816":3,"1818":1,"1820":3,"1821":4,"1822":2,"1823":1,"1824":2,"1825":1,"1827":1,"1829":3,"1830":2,"1831":6,"1832":5,"1833":3,"1834":4,"1835":2,"1836":3,"1837":3,"1838":5,"1839":1,"1840":4,"1841":1,"1842":2,"1844":1,"1845":5,"1846":11,"1847":1,"1848":4,"1849":3,"1850":2,"1851":8,"1852":4,"1854":6,"1855":7,"1856":4,"1858":1,"1859":2,"1860":3,"1861":4,"1863":1,"1864":3,"1870":1,"1871":1,"1872":1,"1874":2,"1881":1,"1882":2,"1883":1,"1884":4,"1886":1,"1888":1,"1890":1,"1891":1,"1892":1,"1893":2,"1894":2,"1895":1,"1896":1,"1897":1,"1898":5,"1899":1,"1900":2,"1901":3,"1902":4,"1903":3,"1904":8,"1905":2,"1906":2,"1907":4,"1908":5,"1909":4,"1910":2,"1911":4,"1912":4,"1913":3,"1914":2,"1915":2,"1916":2,"1917":2,"1918":2,"1919":2,"1920":1,"1938":1,"1939":1,"1949":1},"nonfork_created":45000,"nonfork_confirmed":45000,"nonfork_histogram_ms":{"20":2,"26":19,"27":6,"28":2,"31":1,"32":1,"41":1,"43":4,"44":2,"45":9,"46":6,"47":8,"48":13,"49":14,"50":7,"51":9,"52":12,"53":15,"54":20,"55":26,"56":24,"57":21,"58":25,"59":22,"60":22,"61":22,"62":26,"63":22,"64":23,"65":32,"66":42,"67":42,"68":67,"69":73,"70":77,"71":81,"72":110,"73":122,"74":131,"75":151,"76":147,"77":177,"78":184,"79":203,"80":269,"81":282,"82":298,"83":348,"84":356,"85":388,"86":422,"87":427,"88":470,"89":467,"90":489,"91":537,"92":559,"93":535,"94":618,"95":621,"96":680,"97":722,"98":756,"99":803,"100":836,"101":841,"102":880,"103":884,"104":953,"105":968,"106":942,"107":1050,"108":1031,"109":990,"110":1015,"111":990,"112":971,"113":984,"114":994,"115":937,"116":826,"117":832,"118":815,"119":798,"120":761,"121":690,"122":642,"123":541,"124":521,"125":484,"126":437,"127":382,"128":330,"129":308,"130":256,"131":218,"132":191,"133":137,"134":113,"135":67,"136":58,"137":50,"138":45,"139":44,"140":37,"141":30,"142":35,"143":33,"144":12,"145":12,"146":18,"147":51,"148":40,"149":17,"150":14,"151":20,"152":18,"153":32,"154":19,"155":16,"156":23,"157":25,"158":23,"159":19,"160":22,"161":28,"162":35,"163":28,"164":29,"165":32,"166":40,"167":14,"168":16,"169":19,"170":29,"171":22,"172":12,"173":26,"174":8,"175":5,"176":12,"177":17,"178":12,"179":2,"180":11,"181":4,"182":12,"183":6,"184":7,"185":8,"186":7,"187":5,"188":10,"189":4,"190":9,"191":4,"192":10,"193":18,"194":6,"195":7,"196":9,"197":3,"198":5,"199":3,"200":15,"201":15,"202":24,"203":19,"204":8,"205":7,"206":8,"207":11,"208":7,"209":11,"210":12,"211":13,"212":10,"213":17,"214":30,"215":39,"216":20,"217":19,"218":23,"219":25,"220":17,"221":20,"222":20,"223":6,"224":12,"225":9,"226":16,"227":7,"228":12,"229":13,"230":21,"231":18,"232":18,"233":22,"234":24,"235":13,"236":9,"237":11,"238":13,"239":24,"240":31,"241":18,"242":12,"243":13,"244":8,"245":8,"246":5,"247":17,"248":9,"249":5,"250":7,"251":10,"252":7,"253":4,"254":9,"255":7,"256":7,"257":5,"258":10,"259":7,"260":6,"261":8,"262":5,"263":10,"264":10,"265":9,"266":5,"267":10,"268":8,"269":3,"270":7,"271":9,"272":5,"273":11,"274":3,"275":13,"276":4,"277":8,"278":3,"279":5,"280":3,"281":9,"282":10,"283":7,"284":2,"285":4,"286":7,"287":6,"288":3,"289":3,"290":4,"291":2,"292":2,"293":2,"294":6,"295":6,"296":1,"297":3,"298":5,"299":5,"300":3,"301":8,"302":4,"303":2,"304":2,"305":4,"306":2,"307":4,"308":4,"310":16,"311":11,"312":2,"313":5,"314":4,"315":5,"316":1,"317":5,"318":4,"319":8,"320":4,"321":4,"322":4,"323":4,"324":3,"325":2,"326":3,"327":2,"328":4,"329":2,"330":4,"331":1,"332":2,"333":4,"334":2,"335":5,"336":1,"337":7,"338":4,"339":5,"340":6,"341":9,"342":3,"343":3,"344":3,"345":1,"346":3,"347":5,"348":3,"349":2,"350":6,"351":5,"352":6,"353":20,"354":15,"355":6,"356":14,"357":14,"358":7,"359":4,"360":2,"361":6,"362":8,"363":8,"364":9,"365":4,"366":10,"367":6,"368":1,"369":1,"370":2,"371":5,"372":1,"373":4,"375":5,"376":2,"377":3,"378":2,"379":2,"380":3,"381":1,"382":2,"383":3,"384":2,"385":1,"386":4,"387":5,"388":6,"389":2,"390":3,"391":4,"392":4,"393":5,"394":5,"395":3,"396":2,"398":1,"399":1,"400":2,"401":4,"402":3,"403":6,"404":6,"405":5,"406":4,"407":5,"408":2,"409":2,"410":6,"411":4,"412":3,"413":2,"414":6,"415":10,"416":3,"417":10,"418":5,"419":7,"420":7,"421":8,"422":6,"423":5,"424":4,"425":8,"426":4,"427":2,"428":7,"429":5,"430":13,"431":11,"432":7,"433":7,"434":5,"435":5,"436":3,"437":5,"438":8,"439":11,"440":8,"441":6,"442":4,"443":2,"444":7,"445":8,"446":4,"447":8,"448":3,"449":5,"450":7,"451":7,"452":10,"453":2,"454":2,"455":5,"456":2,"458":3,"459":6,"460":7,"461":3,"462":5,"463":3,"464":5,"465":2,"466":3,"467":3,"468":4,"470":3,"471":1,"472":3,"473":2,"474":2,"475":3,"476":2,"477":3,"478":1,"479":4,"480":2,"481":1,"483":2,"485":1,"486":1,"487":3,"489":2,"490":5,"491":2,"494":1,"495":1,"496":3,"497":1,"498":4,"499":1,"500":1,"501":3,"503":4,"505":2,"506":2,"507":4,"508":4,"509":4,"510":3,"511":4,"512":1,"514":3,"515":1,"516":3,"517":2,"518":1,"519":4,"520":2,"521":4,"522":1,"523":3,"524":3,"525":4,"526":2,"527":2,"528":4,"529":4,"530":9,"531":4,"532":5,"533":5,"534":3,"535":3,"536":2,"537":3,"538":4,"539":4,"540":4,"541":3,"542":2,"543":6,"544":5,"545":2,"546":6,"547":1,"548":5,"549":5,"550":10,"551":3,"552":4,"553":4,"554":4,"555":3,"556":1,"557":2,"558":5,"559":7,"560":7,"561":2,"562":4,"563":4,"564":7,"565":4,"566":4,"567":1,"568":7,"569":2,"570":2,"571":1,"572":7,"573":6,"574":7,"575":6,"576":4,"577":5,"578":3,"579":1,"580":5,"581":7,"582":6,"583":6,"584":1,"585":3,"586":2,"587":1,"588":6,"589":6,"590":5,"591":8,"592":6,"593":4,"594":2,"595":5,"596":7,"597":4,"598":5,"599":12,"600":4,"601":4,"602":6,"603":7,"604":6,"605":10,"606":5,"607":7,"608":5,"609":8,"610":10,"611":3,"612":9,"613":4,"614":8,"615":5,"616":5,"617":3,"618":3,"619":6,"620":4,"621":7,"622":5,"623":8,"624":6,"625":8,"626":6,"627":4,"628":5,"629":6,"630":5,"631":10,"632":6,"633":8,"634":9,"635":10,"636":13,"637":11,"638":6,"639":12,"640":9,"641":8,"642":10,"643":8,"644":9,"645":7,"646":9,"647":10,"648":10,"649":6,"650":8,"651":8,"652":6,"653":10,"654":13,"655":11,"656":12,"657":8,"658":9,"659":7,"660":4,"661":6,"662":11,"663":8,"664":3,"665":3,"666":7,"667":6,"668":5,"669":3,"670":4,"671":10,"672":4,"673":4,"674":6,"675":6,"676":3,"677":5,"678":6,"679":9,"680":8,"681":3,"682":9,"683":3,"684":4,"685":5,"686":8,"687":6,"688":2,"689":6,"690":2,"691":2,"692":6,"693":1,"694":2,"696":4,"697":3,"698":6,"699":5,"700":6,"701":5,"702":2,"703":2,"704":7,"705":2,"706":6,"707":2,"708":9,"709":4,"710":2,"711":2,"712":6,"713":3,"714":3,"715":6,"716":8,"717":5,"718":8,"719":6,"720":6,"721":7,"722":8,"723":8,"724":7,"725":6,"726":5,"727":2,"728":4,"729":4,"730":3,"731":4,"732":7,"733":6,"734":9,"735":6,"736":4,"737":6,"738":8,"739":6,"740":4,"741":7,"742":4,"743":2,"744":8,"745":4,"746":10,"747":8,"748":3,"749":8,"750":3,"751":5,"752":9,"753":3,"754":6,"755":5,"756":8,"757":7,"758":9,"759":6,"760":6,"761":7,"762":5,"763":8,"764":2,"765":6,"766":4,"767":6,"768":11,"769":7,"770":6,"771":10,"772":5,"773":10,"774":8,"775":7,"776":13,"777":9,"778":7,"779":9,"780":4,"781":7,"782":5,"783":6,"784":5,"785":8,"786":5,"787":9,"788":7,"789":9,"790":7,"791":6,"792":6,"793":6,"794":5,"795":3,"796":5,"797":4,"798":4,"799":4,"800":9,"801":6,"802":5,"803":9,"804":7,"805":4,"806":9,"807":3,"808":3,"809":8,"810":6,"811":5,"812":8,"813":7,"814":10,"815":3,"816":7,"817":5,"818":7,"819":7,"820":1,"821":4,"822":1,"823":8,"824":3,"825":3,"826":3,"827":4,"828":1,"829":4,"830":4,"831":8,"832":3,"833":2,"834":1,"835":2,"836":4,"837":3,"838":8,"839":2,"840":4,"841":6,"842":6,"843":4,"844":2,"845":5,"846":3,"847":5,"848":4,"849":5,"850":8,"851":7,"853":3,"854":3,"855":1,"856":3,"857":3,"858":2,"859":6,"860":3,"861":5,"862":2,"863":5,"864":5,"865":3,"866":4,"867":6,"868":5,"869":2,"870":3,"871":6,"872":2,"873":8,"874":5,"875":3,"876":4,"877":4,"878":3,"879":3,"880":1,"881":4,"882":1,"883":5,"884":6,"885":4,"886":8,"887":2,"888":4,"889":5,"890":4,"891":5,"892":3,"893":5,"894":5,"895":3,"896":4,"897":5,"898":6,"899":2,"900":7,"901":3,"902":3,"903":5,"904":3,"905":5,"906":3,"907":4,"908":2,"909":3,"910":4,"911":3,"912":4,"913":5,"914":3,"915":4,"916":1,"917":5,"918":4,"919":3,"920":1,"921":2,"922":3,"923":5,"924":3,"925":6,"926":3,"927":3,"928":11,"929":3,"930":3,"931":2,"932":5,"933":5,"934":5,"935":2,"936":3,"937":3,"938":2,"939":3,"940":5,"941":5,"943":8,"944":3,"945":6,"946":5,"947":2,"948":5,"949":6,"950":6,"951":5,"952":3,"953":1,"954":1,"955":6,"956":4,"957":6,"958":3,"959":3,"960":2,"961":7,"962":2,"963":5,"964":4,"965":4,"966":2,"967":10,"968":4,"969":2,"970":4,"971":6,"972":3,"973":2,"974":3,"976":6,"977":2,"978":2,"979":6,"980":6,"981":3,"982":6,"983":4,"984":4,"985":5,"986":5,"987":3,"988":4,"989":7,"990":2,"991":6,"992":2,"993":3,"994":3,"995":3,"996":3,"997":4,"998":4,"999":4,"1000":7,"1001":4,"1002":2,"1003":5,"1004":4,"1005":4,"1006":5,"1007":5,"1008":4,"1009":2,"1010":1,"1011":5,"1012":5,"1013":2,"1014":7,"1015":3,"1016":7,"1017":1,"1018":2,"1019":5,"1020":4,"1021":3,"1022":7,"1023":4,"1024":3,"1025":7,"1026":3,"1027":3,"1028":3,"1029":4,"1030":1,"1031":5,"1032":7,"1033":4,"1034":1,"1035":5,"1036":4,"1037":2,"1038":4,"1039":2,"1040":3,"1041":7,"1042":3,"1043":6,"1044":2,"1045":3,"1047":2,"1048":5,"1049":8,"1050":4,"1051":6,"1052":5,"1053":1,"1054":2,"1055":3,"1056":4,"1057":6,"1058":6,"1059":2,"1060":2,"1061":2,"1062":5,"1063":2,"1064":4,"1065":4,"1066":7,"1067":5,"1068":3,"1069":4,"1070":6,"1071":6,"1072":6,"1073":3,"1074":3,"1075":1,"1076":4,"1077":1,"1078":5,"1079":3,"1080":3,"1081":3,"1083":9,"1084":4,"1085":1,"1086":5,"1087":4,"1088":5,"1089":4,"1090":6,"1091":5,"1092":5,"1093":7,"1094":2,"1095":3,"1096":2,"1097":4,"1098":4,"1099":6,"1100":12,"1101":2,"1102":3,"1103":4,"1104":2,"1105":3,"1106":3,"1107":6,"1108":4,"1109":4,"1110":4,"1111":2,"1112":3,"1113":4,"1114":4,"1115":3,"1116":6,"1117":2,"1118":8,"1119":10,"1120":3,"1121":1,"1122":3,"1123":2,"1124":3,"1125":4,"1126":6,"1127":3,"1128":3,"1129":3,"1130":7,"1131":3,"1132":3,"1133":2,"1134":6,"1135":4,"1136":4,"1137":4,"1138":1,"1139":5,"1140":6,"1141":4,"1142":3,"1143":2,"1144":1,"1145":5,"1146":5,"1147":3,"1148":6,"1149":2,"1150":4,"1151":5,"1152":8,"1153":5,"1154":3,"1155":4,"1156":6,"1157":3,"1158":4,"1159":1,"1160":3,"1161":2,"1162":5,"1163":4,"1164":6,"1165":6,"1166":2,"1167":2,"1168":2,"1169":3,"1170":4,"1171":6,"1172":5,"1173":4,"1174":3,"1175":4,"1177":7,"1178":2,"1179":5,"1180":6,"1181":4,"1182":6,"1183":3,"1184":4,"1185":4,"1186":6,"1187":2,"1188":4,"1189":5,"1190":4,"1191":3,"1192":5,"1193":3,"1194":13,"1195":2,"1196":2,"1197":3,"1198":2,"1199":2,"1200":3,"1201":1,"1202":5,"1203":3,"1204":7,"1205":3,"1206":4,"1207":5,"1208":4,"1209":2,"1210":4,"1211":4,"1212":5,"1213":7,"1214":7,"1215":2,"1216":2,"1217":1,"1218":3,"1219":4,"1220":3,"1221":5,"1222":9,"1223":4,"1224":2,"1225":5,"1226":2,"1227":4,"1228":3,"1229":3,"1230":5,"1231":5,"1232":5,"1233":2,"1234":2,"1235":4,"1236":9,"1237":3,"1238":4,"1239":3,"1240":4,"1241":3,"1242":3,"1243":5,"1244":3,"1245":5,"1246":3,"1247":1,"1248":3,"1249":2,"1250":3,"1251":5,"1252":7,"1253":2,"1254":3,"1255":3,"1256":3,"1257":5,"1258":5,"1259":1,"1260":2,"1261":3,"1262":2,"1263":5,"1264":2,"1265":6,"1266":3,"1267":5,"1268":3,"1269":4,"1270":3,"1271":2,"1272":5,"1273":4,"1274":7,"1275":5,"1276":4,"1277":6,"1278":7,"1279":3,"1280":4,"1281":5,"1282":2,"1283":4,"1284":4,"1285":5,"1286":2,"1287":4,"1288":1,"1289":4,"1290":6,"1291":4,"1292":6,"1293":7,"1294":3,"1295":3,"1296":3,"1297":8,"1298":3,"1299":3,"1300":4,"1301":5,"1302":6,"1303":4,"1304":5,"1305":2,"1306":1,"1307":7,"1308":6,"1309":3,"1310":4,"1311":6,"1312":4,"1313":2,"1314":4,"1315":5,"1316":5,"1317":3,"1318":2,"1319":4,"1320":2,"1321":3,"1322":2,"1323":2,"1324":3,"1325":5,"1326":1,"1327":1,"1328":1,"1329":4,"1331":3,"1332":2,"1333":6,"1334":3,"1335":2,"1336":4,"1337":6,"1338":2,"1339":1,"1340":3,"1341":6,"1342":2,"1343":1,"1344":5,"1345":2,"1346":3,"1347":4,"1348":6,"1349":3,"1350":2,"1351":3,"1352":2,"1353":4,"1354":3,"1355":2,"1356":4,"1357":4,"1358":4,"1359":3,"1360":9,"1361":3,"1362":5,"1363":4,"1364":8,"1365":8,"1366":2,"1367":2,"1368":1,"1369":6,"1370":2,"1371":6,"1372":2,"1373":2,"1374":8,"1375":4,"1376":6,"1377":5,"1378":7,"1379":4,"1380":5,"1381":5,"1382":6,"1383":6,"1384":10,"1385":8,"1386":4,"1387":2,"1388":5,"1389":3,"1390":4,"1391":2,"1392":3,"1393":5,"1394":6,"1395":5,"1398":2,"1399":3,"1400":4,"1401":2,"1402":1,"1403":9,"1404":3,"1405":2,"1406":1,"1407":1,"1409":2,"1410":1,"1411":1,"1412":1,"1413":3,"1414":5,"1415":1,"1416":5,"1418":4,"1419":4,"1420":5,"1421":3,"1422":6,"1423":1,"1424":8,"1425":3,"1426":2,"1427":4,"1428":5,"1429":4,"1430":6,"1431":6,"1432":3,"1433":5,"1434":3,"1435":1,"1436":2,"1437":8,"1438":6,"1439":7,"1440":3,"1441":4,"1442":4,"1443":5,"1444":5,"1445":2,"1446":5,"1447":3,"1448":4,"1449":3,"1450":4,"1451":6,"1452":3,"1453":1,"1454":2,"1455":2,"1456":3,"1457":3,"1458":1,"1460":1,"1461":6,"1462":1,"1463":1,"1464":4,"1465":1,"1466":2,"1468":2,"1469":5,"1470":1,"1472":6,"1473":2,"1474":2,"1475":1,"1476":5,"1477":1,"1478":1,"1480":3,"1481":2,"1482":3,"1483":3,"1484":2,"1485":2,"1486":1,"1487":1,"1489":1,"1490":1,"1491":1,"1493":1,"1494":3,"1495":2,"1496":1,"1497":2,"1498":3,"1499":3,"1500":2,"1501":2,"1502":1,"1503":1,"1504":2,"1505":2,"1506":3,"1507":2,"1508":4,"1509":1,"1510":2,"1511":5,"1512":3,"1513":2,"1514":3,"1515":6,"1517":3,"1520":4,"1521":5,"1522":2,"1523":1,"1524":1,"1526":1,"1527":3,"1528":2,"1530":2,"1531":1,"1533":1,"1534":3,"1535":1,"1536":3,"1537":2,"1538":2,"1539":4,"1540":2,"1541":3,"1542":3,"1543":3,"1545":2,"1546":1,"1547":4,"1549":1,"1551":4,"1552":1,"1553":2,"1554":3,"1555":3,"1557":2,"1558":2,"1559":4,"1560":1,"1561":4,"1562":2,"1563":2,"1565":2,"1566":2,"1567":2,"1568":1,"1569":2,"1571":1,"1572":2,"1574":6,"1575":4,"1576":1,"1577":4,"1578":2,"1579":2,"1580":2,"1581":7,"1582":1,"1585":1,"1586":4,"1587":1,"1588":2,"1589":1,"1591":4,"1592":5,"1593":1,"1594":3,"1595":6,"1596":4,"1597":1,"1598":1,"1599":1,"1600":3,"1601":1,"1602":2,"1604":2,"1605":1,"1606":4,"1607":2,"1608":2,"1609":3,"1610":2,"1611":1,"1613":2,"1614":4,"1615":1,"1617":1,"1618":3,"1619":4,"1620":3,"1621":2,"1622":3,"1623":2,"1624":1,"1625":2,"1627":3,"1628":4,"1630":2,"1631":1,"1632":1,"1633":1,"1634":1,"1635":2,"1636":5,"1637":3,"1639":4,"1641":3,"1642":2,"1643":3,"1644":3,"1645":2,"1646":3,"1647":1,"1648":1,"1649":3,"1650":1,"1651":1,"1653":2,"1654":1,"1655":1,"1656":3,"1657":4,"1658":1,"1659":1,"1660":3,"1661":3,"1662":4,"1663":1,"1664":1,"1665":1,"1666":2,"1667":2,"1668":3,"1671":1,"1672":3,"1673":2,"1674":9,"1676":1,"1677":3,"1679":1,"1680":5,"1681":3,"1682":2,"1683":4,"1684":2,"1686":4,"1687":2,"1688":1,"1689":3,"1690":2,"1691":1,"1693":1,"1694":4,"1695":3,"1696":2,"1697":1,"1698":3,"1699":5,"1700":1,"1701":2,"1702":3,"1704":1,"1705":3,"1706":2,"1707":3,"1708":4,"1709":1,"1710":4,"1712":1,"1713":2,"1715":3,"1717":1,"1718":1,"1719":5,"1720":2,"1721":3,"1723":2,"1724":2,"1725":3,"1726":7,"1727":2,"1728":2,"1729":4,"1730":4,"1731":2,"1733":3,"1734":4,"1735":1,"1736":3,"1737":1,"1738":1,"1739":1,"1740":2,"1741":1,"1742":2,"1743":4,"1744":4,"1745":1,"1746":3,"1748":2,"1749":1,"1750":2,"1751":2,"1753":3,"1754":2,"1755":2,"1756":2,"1757":3,"1758":3,"1759":6,"1760":2,"1761":2,"1762":4,"1763":3,"1764":1,"1765":1,"1766":1,"1767":4,"1768":2,"1769":1,"1770":2,"1772":1,"1773":1,"1774":2,"1775":2,"1776":3,"1777":6,"1778":1,"1779":1,"1780":1,"1781":2,"1782":1,"1783":2,"1784":2,"1785":3,"1786":3,"1788":1,"1789":4,"1790":1,"1791":1,"1792":3,"1793":1,"1794":2,"1795":1,"1796":2,"1797":4,"1800":1,"1801":1,"1802":1,"1803":3,"1804":1,"1805":1,"1806":1,"1807":2,"1808":4,"1810":5,"1811":3,"1813":3,"1814":2,"1815":3,"1816":3,"1818":1,"1820":3,"1821":4,"1822":2,"1823":1,"1824":2,"1825":1,"1827":1,"1829":3,"1830":2,"1831":6,"1832":5,"1833":3,"1834":4,"1835":2,"1836":3,"1837":3,"1838":5,"1839":1,"1840":4,"1841":1,"1842":2,"1844":1,"1845":5,"1846":11,"1847":1,"1848":4,"1849":3,"1850":2,"1851":8,"1852":4,"1854":6,"1855":7,"1856":4,"1858":1,"1859":2,"1860":3,"1861":4,"1863":1,"1864":3,"1870":1,"1871":1,"1872":1,"1874":2,"1881":1,"1882":2,"1883":1,"1884":4,"1886":1,"1888":1,"1890":1,"1891":1,"1892":1,"1893":2,"1894":2,"1895":1,"1896":1,"1897":1,"1898":5,"1899":1,"1900":2,"1901":3,"1902":4,"1903":3,"1904":8,"1905":2,"1906":2,"1907":4,"1908":5,"1909":4,"1910":2,"1911":4,"1912":4,"1913":3,"1914":2,"1915":2,"1916":2,"1917":2,"1918":2,"1919":2,"1920":1,"1938":1,"1939":1,"1949":1},"fork_created":0,"fork_confirmed":0,"fork_unresolved_at_end":0}
EPOCH_ENDED epoch=2 elections=0 active=0 t=1791382402268
EPOCH_ADVANCED epoch=3 elections=0 active=0 vote_records=450854 t=1791382402304
EPOCH_CLOSE_UNREADY epoch=2 short_of=reports usable=0 weight=0 required=5 held=0 theirs=[] t=1791382402314
EPOCH_REPORT epoch=2 certified=13119 residual=98 root=DCF95CF3B4B40BF45263B77624C4DC191635E4C1BA6E44285FB8770E5356F6E7 reports=1 t=1791382402321
EPOCH_ENDED epoch=2 elections=0 active=0 t=1791382402339
EPOCH_ENDED epoch=2 elections=0 active=0 t=1791382402339
EPOCH_ENDED epoch=2 elections=0 active=0 t=1791382402339
EPOCH_ENDED epoch=2 elections=0 active=0 t=1791382402339
EPOCH_ADVANCED epoch=3 elections=0 active=0 vote_records=450855 t=1791382402359
EPOCH_ADVANCED epoch=3 elections=0 active=0 vote_records=450853 t=1791382402360
EPOCH_ADVANCED epoch=3 elections=0 active=0 vote_records=450846 t=1791382402360
EPOCH_ADVANCED epoch=3 elections=0 active=0 vote_records=450859 t=1791382402360
EPOCH_REPORT epoch=2 certified=13119 residual=98 root=DCF95CF3B4B40BF45263B77624C4DC191635E4C1BA6E44285FB8770E5356F6E7 reports=1 t=1791382402371
EPOCH_REPORT epoch=2 certified=13119 residual=98 root=DCF95CF3B4B40BF45263B77624C4DC191635E4C1BA6E44285FB8770E5356F6E7 reports=1 t=1791382402372
EPOCH_RECONCILED epoch=2 reporter=D315857CE70C54DE713F6E82E5613BB3A1266C15E28AD2F4338C7BBEC456F532 complete=false entries=0 total=13119 symbols=0 dropped=false t=1791382402372
EPOCH_RECONCILED epoch=2 reporter=D315857CE70C54DE713F6E82E5613BB3A1266C15E28AD2F4338C7BBEC456F532 complete=false entries=0 total=13119 symbols=0 dropped=false t=1791382402374
EPOCH_RECONCILED epoch=2 reporter=D315857CE70C54DE713F6E82E5613BB3A1266C15E28AD2F4338C7BBEC456F532 complete=false entries=98 total=98 symbols=0 dropped=false t=1791382402375
EPOCH_REPORT epoch=2 certified=13119 residual=98 root=DCF95CF3B4B40BF45263B77624C4DC191635E4C1BA6E44285FB8770E5356F6E7 reports=1 t=1791382402375
EPOCH_REPORT epoch=2 certified=13119 residual=98 root=DCF95CF3B4B40BF45263B77624C4DC191635E4C1BA6E44285FB8770E5356F6E7 reports=1 t=1791382402375
EPOCH_RECONCILED epoch=2 reporter=D315857CE70C54DE713F6E82E5613BB3A1266C15E28AD2F4338C7BBEC456F532 complete=false entries=98 total=98 symbols=0 dropped=false t=1791382402377
EPOCH_RECONCILED epoch=2 reporter=D315857CE70C54DE713F6E82E5613BB3A1266C15E28AD2F4338C7BBEC456F532 complete=true entries=144 total=98 symbols=243 dropped=false t=1791382402378
EPOCH_RECONCILED epoch=2 reporter=D315857CE70C54DE713F6E82E5613BB3A1266C15E28AD2F4338C7BBEC456F532 complete=true entries=144 total=98 symbols=243 dropped=false t=1791382402379
EPOCH_CLOSE_UNREADY epoch=2 short_of=reports usable=1 weight=1 required=5 held=4 theirs=["633D9D61:DCF95CF3:A486069E", "911999B2:DCF95CF3:CEBAFE64", "D315857C:DCF95CF3:74BCAFAA", "65A90023:DCF95CF3:74BCAFAA"] t=1791382402380
EPOCH_CLOSE_UNREADY epoch=2 short_of=reports usable=1 weight=1 required=5 held=4 theirs=["D315857C:DCF95CF3:74BCAFAA", "65A90023:DCF95CF3:74BCAFAA", "911999B2:DCF95CF3:CEBAFE64", "A353E45E:DCF95CF3:FE5B980B"] t=1791382402382
EPOCH_RECONCILED epoch=2 reporter=633D9D614858AB1710D5D8C3180E2A082DC97208BA8C26BA6C6D1A86C8E31CC0 complete=false entries=0 total=13119 symbols=0 dropped=false t=1791382402442
EPOCH_RECONCILED epoch=2 reporter=633D9D614858AB1710D5D8C3180E2A082DC97208BA8C26BA6C6D1A86C8E31CC0 complete=false entries=98 total=98 symbols=0 dropped=false t=1791382402444
EPOCH_RECONCILED epoch=2 reporter=D315857CE70C54DE713F6E82E5613BB3A1266C15E28AD2F4338C7BBEC456F532 complete=false entries=0 total=13119 symbols=0 dropped=false t=1791382402445
EPOCH_RECONCILED epoch=2 reporter=D315857CE70C54DE713F6E82E5613BB3A1266C15E28AD2F4338C7BBEC456F532 complete=false entries=98 total=98 symbols=0 dropped=false t=1791382402447
EPOCH_RECONCILED epoch=2 reporter=A353E45E6D0016CAEED0DFA4EC5B0640E2AA22A793F9F2375E77F1AB92977C04 complete=false entries=0 total=13119 symbols=0 dropped=false t=1791382402448
EPOCH_RECONCILED epoch=2 reporter=A353E45E6D0016CAEED0DFA4EC5B0640E2AA22A793F9F2375E77F1AB92977C04 complete=false entries=98 total=98 symbols=0 dropped=false t=1791382402450
EPOCH_RECONCILED epoch=2 reporter=65A90023F6C0D2181AAA63F005D81BBC0C04650505E21D5123F9AE1F9E992BFF complete=false entries=0 total=13119 symbols=0 dropped=false t=1791382402450
EPOCH_RECONCILED epoch=2 reporter=65A90023F6C0D2181AAA63F005D81BBC0C04650505E21D5123F9AE1F9E992BFF complete=false entries=98 total=98 symbols=0 dropped=false t=1791382402452
EPOCH_RECONCILED epoch=2 reporter=D315857CE70C54DE713F6E82E5613BB3A1266C15E28AD2F4338C7BBEC456F532 complete=true entries=144 total=98 symbols=243 dropped=false t=1791382402455
EPOCH_RECONCILED epoch=2 reporter=65A90023F6C0D2181AAA63F005D81BBC0C04650505E21D5123F9AE1F9E992BFF complete=true entries=144 total=98 symbols=243 dropped=false t=1791382402455
EPOCH_RECONCILED epoch=2 reporter=633D9D614858AB1710D5D8C3180E2A082DC97208BA8C26BA6C6D1A86C8E31CC0 complete=true entries=124 total=98 symbols=243 dropped=false t=1791382402455
EPOCH_RECONCILED epoch=2 reporter=A353E45E6D0016CAEED0DFA4EC5B0640E2AA22A793F9F2375E77F1AB92977C04 complete=true entries=122 total=98 symbols=243 dropped=false t=1791382402455
EPOCH_CLOSE_UNREADY epoch=2 short_of=reports usable=1 weight=1 required=5 held=4 theirs=["633D9D61:DCF95CF3:A486069E", "D315857C:DCF95CF3:74BCAFAA", "A353E45E:DCF95CF3:FE5B980B", "65A90023:DCF95CF3:74BCAFAA"] t=1791382402458
EPOCH_RECONCILED epoch=2 reporter=D315857CE70C54DE713F6E82E5613BB3A1266C15E28AD2F4338C7BBEC456F532 complete=false entries=0 total=13119 symbols=0 dropped=false t=1791382402485
EPOCH_RECONCILED epoch=2 reporter=D315857CE70C54DE713F6E82E5613BB3A1266C15E28AD2F4338C7BBEC456F532 complete=false entries=98 total=98 symbols=0 dropped=false t=1791382402487
EPOCH_RECONCILED epoch=2 reporter=911999B2AEFA7ACC66EBD802B3301FF6CE431405107749D940277955CB7FDD07 complete=false entries=0 total=13119 symbols=0 dropped=false t=1791382402487
EPOCH_RECONCILED epoch=2 reporter=911999B2AEFA7ACC66EBD802B3301FF6CE431405107749D940277955CB7FDD07 complete=false entries=98 total=98 symbols=0 dropped=false t=1791382402490
EPOCH_RECONCILED epoch=2 reporter=633D9D614858AB1710D5D8C3180E2A082DC97208BA8C26BA6C6D1A86C8E31CC0 complete=false entries=0 total=13119 symbols=0 dropped=false t=1791382402490
EPOCH_RECONCILED epoch=2 reporter=633D9D614858AB1710D5D8C3180E2A082DC97208BA8C26BA6C6D1A86C8E31CC0 complete=false entries=98 total=98 symbols=0 dropped=false t=1791382402492
EPOCH_RECONCILED epoch=2 reporter=A353E45E6D0016CAEED0DFA4EC5B0640E2AA22A793F9F2375E77F1AB92977C04 complete=false entries=0 total=13119 symbols=0 dropped=false t=1791382402492
EPOCH_RECONCILED epoch=2 reporter=A353E45E6D0016CAEED0DFA4EC5B0640E2AA22A793F9F2375E77F1AB92977C04 complete=false entries=98 total=98 symbols=0 dropped=false t=1791382402494
EPOCH_RECONCILED epoch=2 reporter=D315857CE70C54DE713F6E82E5613BB3A1266C15E28AD2F4338C7BBEC456F532 complete=true entries=144 total=98 symbols=243 dropped=false t=1791382402496
EPOCH_RECONCILED epoch=2 reporter=A353E45E6D0016CAEED0DFA4EC5B0640E2AA22A793F9F2375E77F1AB92977C04 complete=true entries=122 total=98 symbols=243 dropped=false t=1791382402497
EPOCH_RECONCILED epoch=2 reporter=633D9D614858AB1710D5D8C3180E2A082DC97208BA8C26BA6C6D1A86C8E31CC0 complete=true entries=124 total=98 symbols=243 dropped=false t=1791382402497
EPOCH_RECONCILED epoch=2 reporter=911999B2AEFA7ACC66EBD802B3301FF6CE431405107749D940277955CB7FDD07 complete=true entries=136 total=98 symbols=243 dropped=false t=1791382402497
EPOCH_CLOSE_UNREADY epoch=2 short_of=reports usable=1 weight=1 required=5 held=4 theirs=["D315857C:DCF95CF3:74BCAFAA", "911999B2:DCF95CF3:CEBAFE64", "633D9D61:DCF95CF3:A486069E", "A353E45E:DCF95CF3:FE5B980B"] t=1791382402499
EPOCH_RECONCILED epoch=2 reporter=65A90023F6C0D2181AAA63F005D81BBC0C04650505E21D5123F9AE1F9E992BFF complete=false entries=0 total=13119 symbols=0 dropped=false t=1791382402583
EPOCH_RECONCILED epoch=2 reporter=65A90023F6C0D2181AAA63F005D81BBC0C04650505E21D5123F9AE1F9E992BFF complete=false entries=98 total=98 symbols=0 dropped=false t=1791382402585
EPOCH_RECONCILED epoch=2 reporter=633D9D614858AB1710D5D8C3180E2A082DC97208BA8C26BA6C6D1A86C8E31CC0 complete=false entries=0 total=13119 symbols=0 dropped=false t=1791382402586
EPOCH_RECONCILED epoch=2 reporter=633D9D614858AB1710D5D8C3180E2A082DC97208BA8C26BA6C6D1A86C8E31CC0 complete=false entries=98 total=98 symbols=0 dropped=false t=1791382402588
EPOCH_RECONCILED epoch=2 reporter=A353E45E6D0016CAEED0DFA4EC5B0640E2AA22A793F9F2375E77F1AB92977C04 complete=false entries=0 total=13119 symbols=0 dropped=false t=1791382402589
EPOCH_RECONCILED epoch=2 reporter=A353E45E6D0016CAEED0DFA4EC5B0640E2AA22A793F9F2375E77F1AB92977C04 complete=false entries=98 total=98 symbols=0 dropped=false t=1791382402591
EPOCH_RECONCILED epoch=2 reporter=911999B2AEFA7ACC66EBD802B3301FF6CE431405107749D940277955CB7FDD07 complete=false entries=0 total=13119 symbols=0 dropped=false t=1791382402592
EPOCH_RECONCILED epoch=2 reporter=911999B2AEFA7ACC66EBD802B3301FF6CE431405107749D940277955CB7FDD07 complete=false entries=98 total=98 symbols=0 dropped=false t=1791382402594
EPOCH_RECONCILED epoch=2 reporter=65A90023F6C0D2181AAA63F005D81BBC0C04650505E21D5123F9AE1F9E992BFF complete=true entries=144 total=98 symbols=243 dropped=false t=1791382402596
EPOCH_RECONCILED epoch=2 reporter=A353E45E6D0016CAEED0DFA4EC5B0640E2AA22A793F9F2375E77F1AB92977C04 complete=true entries=122 total=98 symbols=243 dropped=false t=1791382402597
EPOCH_RECONCILED epoch=2 reporter=911999B2AEFA7ACC66EBD802B3301FF6CE431405107749D940277955CB7FDD07 complete=true entries=136 total=98 symbols=243 dropped=false t=1791382402597
EPOCH_RECONCILED epoch=2 reporter=633D9D614858AB1710D5D8C3180E2A082DC97208BA8C26BA6C6D1A86C8E31CC0 complete=true entries=124 total=98 symbols=243 dropped=false t=1791382402597
EPOCH_RECONCILED epoch=2 reporter=65A90023F6C0D2181AAA63F005D81BBC0C04650505E21D5123F9AE1F9E992BFF complete=false entries=0 total=13119 symbols=0 dropped=false t=1791382402667
EPOCH_RECONCILED epoch=2 reporter=633D9D614858AB1710D5D8C3180E2A082DC97208BA8C26BA6C6D1A86C8E31CC0 complete=false entries=0 total=13119 symbols=0 dropped=false t=1791382402668
EPOCH_RECONCILED epoch=2 reporter=65A90023F6C0D2181AAA63F005D81BBC0C04650505E21D5123F9AE1F9E992BFF complete=false entries=98 total=98 symbols=0 dropped=false t=1791382402670
EPOCH_RECONCILED epoch=2 reporter=911999B2AEFA7ACC66EBD802B3301FF6CE431405107749D940277955CB7FDD07 complete=false entries=0 total=13119 symbols=0 dropped=false t=1791382402670
EPOCH_RECONCILED epoch=2 reporter=633D9D614858AB1710D5D8C3180E2A082DC97208BA8C26BA6C6D1A86C8E31CC0 complete=false entries=98 total=98 symbols=0 dropped=false t=1791382402670
EPOCH_RECONCILED epoch=2 reporter=911999B2AEFA7ACC66EBD802B3301FF6CE431405107749D940277955CB7FDD07 complete=false entries=0 total=13119 symbols=0 dropped=false t=1791382402671
EPOCH_RECONCILED epoch=2 reporter=911999B2AEFA7ACC66EBD802B3301FF6CE431405107749D940277955CB7FDD07 complete=false entries=98 total=98 symbols=0 dropped=false t=1791382402673
EPOCH_RECONCILED epoch=2 reporter=A353E45E6D0016CAEED0DFA4EC5B0640E2AA22A793F9F2375E77F1AB92977C04 complete=false entries=0 total=13119 symbols=0 dropped=false t=1791382402673
EPOCH_RECONCILED epoch=2 reporter=911999B2AEFA7ACC66EBD802B3301FF6CE431405107749D940277955CB7FDD07 complete=false entries=98 total=98 symbols=0 dropped=false t=1791382402674
EPOCH_RECONCILED epoch=2 reporter=65A90023F6C0D2181AAA63F005D81BBC0C04650505E21D5123F9AE1F9E992BFF complete=false entries=0 total=13119 symbols=0 dropped=false t=1791382402674
EPOCH_RECONCILED epoch=2 reporter=A353E45E6D0016CAEED0DFA4EC5B0640E2AA22A793F9F2375E77F1AB92977C04 complete=false entries=98 total=98 symbols=0 dropped=false t=1791382402676
EPOCH_RECONCILED epoch=2 reporter=65A90023F6C0D2181AAA63F005D81BBC0C04650505E21D5123F9AE1F9E992BFF complete=false entries=98 total=98 symbols=0 dropped=false t=1791382402677
EPOCH_RECONCILED epoch=2 reporter=65A90023F6C0D2181AAA63F005D81BBC0C04650505E21D5123F9AE1F9E992BFF complete=true entries=144 total=98 symbols=243 dropped=false t=1791382402684
EPOCH_RECONCILED epoch=2 reporter=65A90023F6C0D2181AAA63F005D81BBC0C04650505E21D5123F9AE1F9E992BFF complete=true entries=144 total=98 symbols=243 dropped=false t=1791382402685
EPOCH_RECONCILED epoch=2 reporter=911999B2AEFA7ACC66EBD802B3301FF6CE431405107749D940277955CB7FDD07 complete=true entries=136 total=98 symbols=243 dropped=false t=1791382402685
EPOCH_RECONCILED epoch=2 reporter=A353E45E6D0016CAEED0DFA4EC5B0640E2AA22A793F9F2375E77F1AB92977C04 complete=true entries=122 total=98 symbols=243 dropped=false t=1791382402686
EPOCH_RECONCILED epoch=2 reporter=633D9D614858AB1710D5D8C3180E2A082DC97208BA8C26BA6C6D1A86C8E31CC0 complete=true entries=124 total=98 symbols=243 dropped=false t=1791382402686
EPOCH_RECONCILED epoch=2 reporter=911999B2AEFA7ACC66EBD802B3301FF6CE431405107749D940277955CB7FDD07 complete=true entries=136 total=98 symbols=243 dropped=false t=1791382402686
EPOCH_CLOSE_READY epoch=2 t=1791382402770
EPOCH_CLOSE_READY epoch=2 t=1791382402807
EPOCH_CLOSE_READY epoch=2 t=1791382402913
EPOCH_CLOSE_READY epoch=2 t=1791382402995
EPOCH_CLOSE_READY epoch=2 t=1791382402996
EPOCH_CLOSE_ROUND epoch=2 round=0 leader=735FE217D91E88EA82324C5883296385FA0041C2FAC85C827BAA46DA1E14B83F leads=false t=1791382403043
EPOCH_CLOSE_ROUND epoch=2 round=0 leader=735FE217D91E88EA82324C5883296385FA0041C2FAC85C827BAA46DA1E14B83F leads=false t=1791382403083
EPOCH_CLOSE_ROUND epoch=2 round=0 leader=735FE217D91E88EA82324C5883296385FA0041C2FAC85C827BAA46DA1E14B83F leads=false t=1791382403181
EPOCH_CLOSE_ROUND epoch=2 round=0 leader=735FE217D91E88EA82324C5883296385FA0041C2FAC85C827BAA46DA1E14B83F leads=false t=1791382403268
EPOCH_CLOSE_ROUND epoch=2 round=0 leader=735FE217D91E88EA82324C5883296385FA0041C2FAC85C827BAA46DA1E14B83F leads=false t=1791382403268
EPOCH_CLOSE_ROUND epoch=2 round=1 leader=911999B2AEFA7ACC66EBD802B3301FF6CE431405107749D940277955CB7FDD07 leads=true t=1791382405466
EPOCH_CLOSE_ROUND epoch=2 round=1 leader=911999B2AEFA7ACC66EBD802B3301FF6CE431405107749D940277955CB7FDD07 leads=false t=1791382405517
EPOCH_PROPOSED epoch=2 round=1 value=8E37869F552AA664A6ED2D1C796156D8A41DC07B0ECC954F91868CFD02D48EFD state=C53C1611EE3036F33633279FD44EEF005BC372512E75196D53C083DA942075DF reports=5 t=1791382405564
EPOCH_VALUE epoch=2 value=8E37869F552AA664A6ED2D1C796156D8A41DC07B0ECC954F91868CFD02D48EFD state=C53C1611EE3036F33633279FD44EEF005BC372512E75196D53C083DA942075DF t=1791382405564
EPOCH_CLOSE_ROUND epoch=2 round=1 leader=911999B2AEFA7ACC66EBD802B3301FF6CE431405107749D940277955CB7FDD07 leads=false t=1791382405608
EPOCH_VALUE epoch=2 value=8E37869F552AA664A6ED2D1C796156D8A41DC07B0ECC954F91868CFD02D48EFD state=C53C1611EE3036F33633279FD44EEF005BC372512E75196D53C083DA942075DF t=1791382405645
EPOCH_VALUE epoch=2 value=8E37869F552AA664A6ED2D1C796156D8A41DC07B0ECC954F91868CFD02D48EFD state=C53C1611EE3036F33633279FD44EEF005BC372512E75196D53C083DA942075DF t=1791382405646
EPOCH_VALUE epoch=2 value=8E37869F552AA664A6ED2D1C796156D8A41DC07B0ECC954F91868CFD02D48EFD state=C53C1611EE3036F33633279FD44EEF005BC372512E75196D53C083DA942075DF t=1791382405647
EPOCH_VALUE epoch=2 value=8E37869F552AA664A6ED2D1C796156D8A41DC07B0ECC954F91868CFD02D48EFD state=C53C1611EE3036F33633279FD44EEF005BC372512E75196D53C083DA942075DF t=1791382405647
EPOCH_CLOSE_ROUND epoch=2 round=1 leader=911999B2AEFA7ACC66EBD802B3301FF6CE431405107749D940277955CB7FDD07 leads=false t=1791382405691
EPOCH_CLOSE_ROUND epoch=2 round=1 leader=911999B2AEFA7ACC66EBD802B3301FF6CE431405107749D940277955CB7FDD07 leads=false t=1791382405700
EPOCH_INSTALL epoch=2 finalized=13119 instances_confirmed=13 t=1791382405802
EPOCH_INSTALL epoch=2 finalized=13119 instances_confirmed=13 t=1791382405803
EPOCH_INSTALL epoch=2 finalized=13119 instances_confirmed=13 t=1791382405803
EPOCH_INSTALL epoch=2 finalized=13119 instances_confirmed=13 t=1791382405803
EPOCH_INSTALL epoch=2 finalized=13119 instances_confirmed=13 t=1791382405807
EPOCH_COMMITTEE derived_by=2 members=6 accounts=17805 n=6 digest=95D409445152DD075E6A4799205DFA5689496EB8EE1A22AC2A200B9DBC2DCF27 shares=["735FE217:16.7%", "65A90023:16.7%", "D315857C:16.7%", "911999B2:16.7%", "633D9D61:16.7%", "A353E45E:16.7%"] t=1791382405972
EPOCH_CLOSED epoch=2 round=1 value=8E37869F552AA664A6ED2D1C796156D8A41DC07B0ECC954F91868CFD02D48EFD state=C53C1611EE3036F33633279FD44EEF005BC372512E75196D53C083DA942075DF t=1791382405972
EPOCH_COMMITTEE derived_by=2 members=6 accounts=17805 n=6 digest=95D409445152DD075E6A4799205DFA5689496EB8EE1A22AC2A200B9DBC2DCF27 shares=["735FE217:16.7%", "65A90023:16.7%", "D315857C:16.7%", "911999B2:16.7%", "633D9D61:16.7%", "A353E45E:16.7%"] t=1791382405973
EPOCH_CLOSED epoch=2 round=1 value=8E37869F552AA664A6ED2D1C796156D8A41DC07B0ECC954F91868CFD02D48EFD state=C53C1611EE3036F33633279FD44EEF005BC372512E75196D53C083DA942075DF t=1791382405973
EPOCH_COMMITTEE derived_by=2 members=6 accounts=17805 n=6 digest=95D409445152DD075E6A4799205DFA5689496EB8EE1A22AC2A200B9DBC2DCF27 shares=["735FE217:16.7%", "65A90023:16.7%", "D315857C:16.7%", "911999B2:16.7%", "633D9D61:16.7%", "A353E45E:16.7%"] t=1791382405976
EPOCH_CLOSED epoch=2 round=1 value=8E37869F552AA664A6ED2D1C796156D8A41DC07B0ECC954F91868CFD02D48EFD state=C53C1611EE3036F33633279FD44EEF005BC372512E75196D53C083DA942075DF t=1791382405976
EPOCH_COMMITTEE derived_by=2 members=6 accounts=17805 n=6 digest=95D409445152DD075E6A4799205DFA5689496EB8EE1A22AC2A200B9DBC2DCF27 shares=["735FE217:16.7%", "65A90023:16.7%", "D315857C:16.7%", "911999B2:16.7%", "633D9D61:16.7%", "A353E45E:16.7%"] t=1791382405978
EPOCH_CLOSED epoch=2 round=1 value=8E37869F552AA664A6ED2D1C796156D8A41DC07B0ECC954F91868CFD02D48EFD state=C53C1611EE3036F33633279FD44EEF005BC372512E75196D53C083DA942075DF t=1791382405978
EPOCH_COMMITTEE derived_by=2 members=6 accounts=17805 n=6 digest=95D409445152DD075E6A4799205DFA5689496EB8EE1A22AC2A200B9DBC2DCF27 shares=["735FE217:16.7%", "65A90023:16.7%", "D315857C:16.7%", "911999B2:16.7%", "633D9D61:16.7%", "A353E45E:16.7%"] t=1791382405979
EPOCH_CLOSED epoch=2 round=1 value=8E37869F552AA664A6ED2D1C796156D8A41DC07B0ECC954F91868CFD02D48EFD state=C53C1611EE3036F33633279FD44EEF005BC372512E75196D53C083DA942075DF t=1791382405979
EPOCH_INSTALLED epoch=2 finalized=13119 cemented=13119 queued=0 missing=0 t=1791382405993
EPOCH_INSTALLED epoch=2 finalized=13119 cemented=13119 queued=0 missing=0 t=1791382405995
EPOCH_INSTALLED epoch=2 finalized=13119 cemented=13119 queued=0 missing=0 t=1791382406001
EPOCH_INSTALLED epoch=2 finalized=13119 cemented=13119 queued=0 missing=0 t=1791382406001
EPOCH_INSTALLED epoch=2 finalized=13119 cemented=13119 queued=0 missing=0 t=1791382406002
