2026-10-07T13:32:12.944677Z  INFO nanospam::setup::account_map_factory: Creating account keys file with 45000 keys: "/var/folders/1y/px089b2s6f9d893xp1p4c7wh0000gn/T/rai-gate-b-dpcleomr/account_keys.txt"
2026-10-07T13:32:13.664533Z  INFO nanospam::setup::node_config_factory: ********************************************************************************
2026-10-07T13:32:13.664549Z  INFO nanospam::setup::node_config_factory: Setting up node PR0...
2026-10-07T13:32:13.664553Z  INFO nanospam::setup::node_config_factory: Creating directory "/var/folders/1y/px089b2s6f9d893xp1p4c7wh0000gn/T/rai-gate-b-dpcleomr/pr0"
2026-10-07T13:32:13.664640Z  INFO nanospam::setup::node_config_factory: Creating node config file: "/var/folders/1y/px089b2s6f9d893xp1p4c7wh0000gn/T/rai-gate-b-dpcleomr/pr0/config-node.toml"
2026-10-07T13:32:13.664755Z  INFO nanospam::setup::node_config_factory: Creating rpc config file: "/var/folders/1y/px089b2s6f9d893xp1p4c7wh0000gn/T/rai-gate-b-dpcleomr/pr0/config-rpc.toml"
2026-10-07T13:32:13.664827Z  INFO nanospam::setup::node_config_factory: ********************************************************************************
2026-10-07T13:32:13.664830Z  INFO nanospam::setup::node_config_factory: Setting up node PR1...
2026-10-07T13:32:13.664834Z  INFO nanospam::setup::node_config_factory: Creating directory "/var/folders/1y/px089b2s6f9d893xp1p4c7wh0000gn/T/rai-gate-b-dpcleomr/pr1"
2026-10-07T13:32:13.664890Z  INFO nanospam::setup::node_config_factory: Creating node config file: "/var/folders/1y/px089b2s6f9d893xp1p4c7wh0000gn/T/rai-gate-b-dpcleomr/pr1/config-node.toml"
2026-10-07T13:32:13.664973Z  INFO nanospam::setup::node_config_factory: Creating rpc config file: "/var/folders/1y/px089b2s6f9d893xp1p4c7wh0000gn/T/rai-gate-b-dpcleomr/pr1/config-rpc.toml"
2026-10-07T13:32:13.665058Z  INFO nanospam::setup::node_config_factory: ********************************************************************************
2026-10-07T13:32:13.665062Z  INFO nanospam::setup::node_config_factory: Setting up node PR2...
2026-10-07T13:32:13.665066Z  INFO nanospam::setup::node_config_factory: Creating directory "/var/folders/1y/px089b2s6f9d893xp1p4c7wh0000gn/T/rai-gate-b-dpcleomr/pr2"
2026-10-07T13:32:13.665112Z  INFO nanospam::setup::node_config_factory: Creating node config file: "/var/folders/1y/px089b2s6f9d893xp1p4c7wh0000gn/T/rai-gate-b-dpcleomr/pr2/config-node.toml"
2026-10-07T13:32:13.665182Z  INFO nanospam::setup::node_config_factory: Creating rpc config file: "/var/folders/1y/px089b2s6f9d893xp1p4c7wh0000gn/T/rai-gate-b-dpcleomr/pr2/config-rpc.toml"
2026-10-07T13:32:13.665238Z  INFO nanospam::setup::node_config_factory: ********************************************************************************
2026-10-07T13:32:13.665241Z  INFO nanospam::setup::node_config_factory: Setting up node PR3...
2026-10-07T13:32:13.665245Z  INFO nanospam::setup::node_config_factory: Creating directory "/var/folders/1y/px089b2s6f9d893xp1p4c7wh0000gn/T/rai-gate-b-dpcleomr/pr3"
2026-10-07T13:32:13.665288Z  INFO nanospam::setup::node_config_factory: Creating node config file: "/var/folders/1y/px089b2s6f9d893xp1p4c7wh0000gn/T/rai-gate-b-dpcleomr/pr3/config-node.toml"
2026-10-07T13:32:13.665356Z  INFO nanospam::setup::node_config_factory: Creating rpc config file: "/var/folders/1y/px089b2s6f9d893xp1p4c7wh0000gn/T/rai-gate-b-dpcleomr/pr3/config-rpc.toml"
2026-10-07T13:32:13.665413Z  INFO nanospam::setup::node_config_factory: ********************************************************************************
2026-10-07T13:32:13.665417Z  INFO nanospam::setup::node_config_factory: Setting up node PR4...
2026-10-07T13:32:13.665420Z  INFO nanospam::setup::node_config_factory: Creating directory "/var/folders/1y/px089b2s6f9d893xp1p4c7wh0000gn/T/rai-gate-b-dpcleomr/pr4"
2026-10-07T13:32:13.665461Z  INFO nanospam::setup::node_config_factory: Creating node config file: "/var/folders/1y/px089b2s6f9d893xp1p4c7wh0000gn/T/rai-gate-b-dpcleomr/pr4/config-node.toml"
2026-10-07T13:32:13.665532Z  INFO nanospam::setup::node_config_factory: Creating rpc config file: "/var/folders/1y/px089b2s6f9d893xp1p4c7wh0000gn/T/rai-gate-b-dpcleomr/pr4/config-rpc.toml"
2026-10-07T13:32:13.665636Z  INFO nanospam::setup::node_launcher: Starting node: NANO_TEST_GENESIS_BLOCK="{\n    \"type\": \"open\",\n    \"account\": \"nano_3nroioygg54nusrmyun4woimqex36sp3drnctdt5955uqu47fxbkrxk7n7ne\",\n    \"source\": \"D315857CE70C54DE713F6E82E5613BB3A1266C15E28AD2F4338C7BBEC456F532\",\n    \"representative\": \"nano_3nroioygg54nusrmyun4woimqex36sp3drnctdt5955uqu47fxbkrxk7n7ne\",\n    \"signature\": \"3F6792C2DC623DF2E8643777160AB983B66B337E2478E13D2C3448126A8F4CD8DCCD19803C158A057FA44060AE0EFC09B1C311CB4FBF42F8D240610B38F56E08\",\n    \"work\": \"70FEF01F7EC45DEC\"\n    }" NANO_TEST_GENESIS_PRV ="49643F9B10CA1AA34F9AF8ED4AABD29F436104CCC375974B108534A48EAE3FE1" "rsnano" "--network" "test" "--data-path" "/var/folders/1y/px089b2s6f9d893xp1p4c7wh0000gn/T/rai-gate-b-dpcleomr/pr0" "node" "run"
2026-10-07T13:32:13.666182Z  INFO nanospam::setup::node_launcher: Waiting for RPC...
2026-10-07T13:32:13.769292Z  INFO nanospam::setup::node_launcher: Starting node: NANO_TEST_GENESIS_BLOCK="{\n    \"type\": \"open\",\n    \"account\": \"nano_3nroioygg54nusrmyun4woimqex36sp3drnctdt5955uqu47fxbkrxk7n7ne\",\n    \"source\": \"D315857CE70C54DE713F6E82E5613BB3A1266C15E28AD2F4338C7BBEC456F532\",\n    \"representative\": \"nano_3nroioygg54nusrmyun4woimqex36sp3drnctdt5955uqu47fxbkrxk7n7ne\",\n    \"signature\": \"3F6792C2DC623DF2E8643777160AB983B66B337E2478E13D2C3448126A8F4CD8DCCD19803C158A057FA44060AE0EFC09B1C311CB4FBF42F8D240610B38F56E08\",\n    \"work\": \"70FEF01F7EC45DEC\"\n    }" NANO_TEST_GENESIS_PRV ="49643F9B10CA1AA34F9AF8ED4AABD29F436104CCC375974B108534A48EAE3FE1" "rsnano" "--network" "test" "--data-path" "/var/folders/1y/px089b2s6f9d893xp1p4c7wh0000gn/T/rai-gate-b-dpcleomr/pr1" "node" "run"
2026-10-07T13:32:13.769910Z  INFO nanospam::setup::node_launcher: Waiting for RPC...
2026-10-07T13:32:13.872985Z  INFO nanospam::setup::node_launcher: Starting node: NANO_TEST_GENESIS_BLOCK="{\n    \"type\": \"open\",\n    \"account\": \"nano_3nroioygg54nusrmyun4woimqex36sp3drnctdt5955uqu47fxbkrxk7n7ne\",\n    \"source\": \"D315857CE70C54DE713F6E82E5613BB3A1266C15E28AD2F4338C7BBEC456F532\",\n    \"representative\": \"nano_3nroioygg54nusrmyun4woimqex36sp3drnctdt5955uqu47fxbkrxk7n7ne\",\n    \"signature\": \"3F6792C2DC623DF2E8643777160AB983B66B337E2478E13D2C3448126A8F4CD8DCCD19803C158A057FA44060AE0EFC09B1C311CB4FBF42F8D240610B38F56E08\",\n    \"work\": \"70FEF01F7EC45DEC\"\n    }" NANO_TEST_GENESIS_PRV ="49643F9B10CA1AA34F9AF8ED4AABD29F436104CCC375974B108534A48EAE3FE1" "rsnano" "--network" "test" "--data-path" "/var/folders/1y/px089b2s6f9d893xp1p4c7wh0000gn/T/rai-gate-b-dpcleomr/pr2" "node" "run"
2026-10-07T13:32:13.873752Z  INFO nanospam::setup::node_launcher: Waiting for RPC...
2026-10-07T13:32:13.976744Z  INFO nanospam::setup::node_launcher: Starting node: NANO_TEST_GENESIS_BLOCK="{\n    \"type\": \"open\",\n    \"account\": \"nano_3nroioygg54nusrmyun4woimqex36sp3drnctdt5955uqu47fxbkrxk7n7ne\",\n    \"source\": \"D315857CE70C54DE713F6E82E5613BB3A1266C15E28AD2F4338C7BBEC456F532\",\n    \"representative\": \"nano_3nroioygg54nusrmyun4woimqex36sp3drnctdt5955uqu47fxbkrxk7n7ne\",\n    \"signature\": \"3F6792C2DC623DF2E8643777160AB983B66B337E2478E13D2C3448126A8F4CD8DCCD19803C158A057FA44060AE0EFC09B1C311CB4FBF42F8D240610B38F56E08\",\n    \"work\": \"70FEF01F7EC45DEC\"\n    }" NANO_TEST_GENESIS_PRV ="49643F9B10CA1AA34F9AF8ED4AABD29F436104CCC375974B108534A48EAE3FE1" "rsnano" "--network" "test" "--data-path" "/var/folders/1y/px089b2s6f9d893xp1p4c7wh0000gn/T/rai-gate-b-dpcleomr/pr3" "node" "run"
2026-10-07T13:32:13.977703Z  INFO nanospam::setup::node_launcher: Waiting for RPC...
2026-10-07T13:32:14.081145Z  INFO nanospam::setup::node_launcher: Starting node: NANO_TEST_GENESIS_BLOCK="{\n    \"type\": \"open\",\n    \"account\": \"nano_3nroioygg54nusrmyun4woimqex36sp3drnctdt5955uqu47fxbkrxk7n7ne\",\n    \"source\": \"D315857CE70C54DE713F6E82E5613BB3A1266C15E28AD2F4338C7BBEC456F532\",\n    \"representative\": \"nano_3nroioygg54nusrmyun4woimqex36sp3drnctdt5955uqu47fxbkrxk7n7ne\",\n    \"signature\": \"3F6792C2DC623DF2E8643777160AB983B66B337E2478E13D2C3448126A8F4CD8DCCD19803C158A057FA44060AE0EFC09B1C311CB4FBF42F8D240610B38F56E08\",\n    \"work\": \"70FEF01F7EC45DEC\"\n    }" NANO_TEST_GENESIS_PRV ="49643F9B10CA1AA34F9AF8ED4AABD29F436104CCC375974B108534A48EAE3FE1" "rsnano" "--network" "test" "--data-path" "/var/folders/1y/px089b2s6f9d893xp1p4c7wh0000gn/T/rai-gate-b-dpcleomr/pr4" "node" "run"
2026-10-07T13:32:14.082042Z  INFO nanospam::setup::node_launcher: Waiting for RPC...
2026-10-07T13:32:14.185524Z  INFO nanospam::wallets_factory: Creating wallet...
2026-10-07T13:32:14.255482Z  INFO nanospam::wallets_factory: Setting default representative...
2026-10-07T13:32:14.255765Z  INFO nanospam::wallets_factory: Creating wallet...
2026-10-07T13:32:14.299579Z  INFO nanospam::wallets_factory: Setting default representative...
2026-10-07T13:32:14.299805Z  INFO nanospam::wallets_factory: Sending Ӿ56,547,061 to PR1 wallet nano_3atmwjh8t11psdqf3qx6xjfiei94oajch6zsyauowxzjogbbgz168g5mp8f1 ...
2026-10-07T13:32:14.300162Z  INFO nanospam::wallets_factory: Waiting for confirmation for 70B574FB519B8DEA27D8F4952C2E7B0378B009608D6FC967984D3C83440C9C3D
2026-10-07T13:32:29.493038Z  INFO nanospam::wallets_factory: Receiving...
2026-10-07T13:32:29.494945Z  INFO nanospam::wallets_factory: Waiting for confirmation for 011C6AC2721054F46B03A50885AF48083A4A685154A55D85116DBCE413673F86
2026-10-07T13:32:29.598433Z  INFO nanospam::wallets_factory: DONE
2026-10-07T13:32:29.598581Z  INFO nanospam::wallets_factory: ********************************************************************************
2026-10-07T13:32:29.598601Z  INFO nanospam::wallets_factory: Creating wallet...
2026-10-07T13:32:29.678076Z  INFO nanospam::wallets_factory: Setting default representative...
2026-10-07T13:32:29.678462Z  INFO nanospam::wallets_factory: Sending Ӿ56,547,061 to PR2 wallet nano_36asm8scxymtsjmgqp14per3zxpgaec1c65qb9en1buscq7qzqa93tfyyzs3 ...
2026-10-07T13:32:29.678936Z  INFO nanospam::wallets_factory: Waiting for confirmation for 76B3937072C015B69E45D5458B47CF52A54A38F8ED441B0E21561A3048243E90
2026-10-07T13:32:29.780954Z  INFO nanospam::wallets_factory: Receiving...
2026-10-07T13:32:29.781833Z  INFO nanospam::wallets_factory: Waiting for confirmation for 402DCF4725254BECF5C5CB5F707C169725EE114819D289F8A5477C2FFF19BDC0
2026-10-07T13:32:29.988146Z  INFO nanospam::wallets_factory: DONE
2026-10-07T13:32:29.988296Z  INFO nanospam::wallets_factory: ********************************************************************************
2026-10-07T13:32:29.988317Z  INFO nanospam::wallets_factory: Creating wallet...
2026-10-07T13:32:30.069721Z  INFO nanospam::wallets_factory: Setting default representative...
2026-10-07T13:32:30.070067Z  INFO nanospam::wallets_factory: Sending Ӿ56,547,061 to PR3 wallet nano_1sfb11jzfi8k51fcnrzi1qe3qh1e1jkic3h45oak9yfg5yhbkczzxfwtat7m ...
2026-10-07T13:32:30.070463Z  INFO nanospam::wallets_factory: Waiting for confirmation for FF4589BE1759B38CC94ABA0AE4FE6644845FE957C02EA9CEA669A28C8D1ADE97
2026-10-07T13:32:45.162175Z  INFO nanospam::wallets_factory: Receiving...
2026-10-07T13:32:45.164678Z  INFO nanospam::wallets_factory: Waiting for confirmation for 1210B877FF188F4FF352C0EDE856AA702A1D6763EFA96EA84BB10519898BE6D0
2026-10-07T13:32:45.267335Z  INFO nanospam::wallets_factory: DONE
2026-10-07T13:32:45.267459Z  INFO nanospam::wallets_factory: ********************************************************************************
2026-10-07T13:32:45.267485Z  INFO nanospam::wallets_factory: Creating wallet...
2026-10-07T13:32:45.347933Z  INFO nanospam::wallets_factory: Setting default representative...
2026-10-07T13:32:45.348258Z  INFO nanospam::wallets_factory: Sending Ӿ56,547,061 to PR4 wallet nano_1rsxmoinip7d4wafdp855194n43fs7s1jgne6tx8ruatiu6g89815pddzijp ...
2026-10-07T13:32:45.348776Z  INFO nanospam::wallets_factory: Waiting for confirmation for 23D89F3531AC5EE2378D3606C70B24D2A7B9016B8ADB1A970E6B1D9E7576186D
2026-10-07T13:32:45.656885Z  INFO nanospam::wallets_factory: Receiving...
2026-10-07T13:32:45.659466Z  INFO nanospam::wallets_factory: Waiting for confirmation for 8D401F6072C9B3A9EFBA68DA33CC97FF1D15EEB9F09CE4731C1A7614578C3E56
2026-10-07T13:32:45.865556Z  INFO nanospam::wallets_factory: DONE
2026-10-07T13:32:45.865639Z  INFO nanospam::wallets_factory: ********************************************************************************
2026-10-07T13:32:45.865714Z  INFO nanospam::wallets_factory: Sending Ӿ56,547,061 to PR5 (no node) nano_1wtzwadxk9naxc356m4rienp93ht131w7ypadk39qck8uah3bg3zohsmj9th ...
2026-10-07T13:32:45.866788Z  INFO nanospam::wallets_factory: Waiting for confirmation for A5666BC59C8DD98A7E52D6F61006629E4EDB37063C12A73BFB41D35538B371CA
2026-10-07T13:33:01.069388Z  INFO nanospam::wallets_factory: Waiting for confirmation for 49EEF9EFFD843E7FE6FB8D0DE0A19E8B88DBE91F26F5FDDB0E8862DEF7553864
2026-10-07T13:33:01.173632Z  INFO nanospam::wallets_factory: DONE
2026-10-07T13:33:01.173735Z  INFO nanospam::wallets_factory: Sending initial spam amount...
2026-10-07T13:33:01.174907Z  INFO nanospam::wallets_factory: Waiting for confirmation for 3E55B8A7659501FCAD4911E78A027F80BDA7BD5E91506916C3133E49CAFF988F
2026-10-07T13:33:01.381643Z  INFO nanospam::wallets_factory: Receiving initial spam amount...
2026-10-07T13:33:01.383100Z  INFO nanospam::wallets_factory: Waiting for confirmation for 772D120FC9C7B91284D9A120F90CABCF7923A6015D409571562C8FA568B20D38
2026-10-07T13:33:01.589260Z  INFO nanospam::wallets_factory: Seeding Ӿ142,857 to nano_3h9q84s1d9mkkk75sekmmkr44ukhpq1jmnch6xj9pueg43pbxfasqx1k3dpu for representative D315857CE70C54DE713F6E82E5613BB3A1266C15E28AD2F4338C7BBEC456F532
2026-10-07T13:33:01.590144Z  INFO nanospam::wallets_factory: Waiting for confirmation for 3A92E16A2853277595A8468EA938252E2B174128E35ED71F8C5AF6045C100DEC
2026-10-07T13:33:01.695106Z  INFO nanospam::wallets_factory: Waiting for confirmation for 22A3CBE5B2C26B092C1B0A7886719A98C19419716787907CE72CBFE5BC16074E
2026-10-07T13:33:01.901313Z  INFO nanospam::wallets_factory: Seeding Ӿ142,857 to nano_3psgrcg53saprmeyuxe3hq4astgcz55z7y8aqo4yyi1yrjrst8jh8sh56gft for representative A353E45E6D0016CAEED0DFA4EC5B0640E2AA22A793F9F2375E77F1AB92977C04
2026-10-07T13:33:01.902043Z  INFO nanospam::wallets_factory: Waiting for confirmation for BCC7D092E8DBFE083A4552CB5385A68A58C00C78D1887452CE97AC0C1626FAA6
2026-10-07T13:33:02.109225Z  INFO nanospam::wallets_factory: Waiting for confirmation for D87E1DC04747A4476DF78C901D673B36C00639A3ACB1D0289718B7C80AC4B96D
2026-10-07T13:33:02.315535Z  INFO nanospam::wallets_factory: Seeding Ӿ142,857 to nano_313io3xgd95e6bnwwyt7wssax4m7zu1o8ww7djpr8shdntrhd1c4whuq6oy4 for representative 911999B2AEFA7ACC66EBD802B3301FF6CE431405107749D940277955CB7FDD07
2026-10-07T13:33:02.316435Z  INFO nanospam::wallets_factory: Waiting for confirmation for 42DB1BDC2D971A911DF5A4A60DD3A41CDF6C801C8446C2E5D246614F12BDC0D6
2026-10-07T13:33:02.523162Z  INFO nanospam::wallets_factory: Waiting for confirmation for DAC7BB15AD1953BE3DD503DCA8AE519427FC00C32483A8E480C8D6E15C1EE4FF
2026-10-07T13:33:02.627298Z  INFO nanospam::wallets_factory: Seeding Ӿ142,857 to nano_33bk1wr39b5i4h9rdxkiubhotxzcxj6wpznkxyc18yxaw5bps1w1i7tmsbxn for representative 65A90023F6C0D2181AAA63F005D81BBC0C04650505E21D5123F9AE1F9E992BFF
2026-10-07T13:33:02.628527Z  INFO nanospam::wallets_factory: Waiting for confirmation for 981499DFABFF049228996D0FA87B4CA0D96A54438B4F14370CED6C7BBD0A245A
2026-10-07T13:33:02.835865Z  INFO nanospam::wallets_factory: Waiting for confirmation for BFF05901595C684C01F84D8C500228D3865C6F5D8DEC6AE810563FC1C26E29A3
2026-10-07T13:33:02.939599Z  INFO nanospam::wallets_factory: Seeding Ӿ142,857 to nano_3h7ip4pj1bpxokxneacxankwyf4x9ix95k5gxh65uo75857qhjirinpz147d for representative 633D9D614858AB1710D5D8C3180E2A082DC97208BA8C26BA6C6D1A86C8E31CC0
2026-10-07T13:33:02.940515Z  INFO nanospam::wallets_factory: Waiting for confirmation for 7E60B8CA0CBB5531BB4337F614191DA609E1E507B046B041A67E370DB03D6D7E
2026-10-07T13:33:03.147883Z  INFO nanospam::wallets_factory: Waiting for confirmation for C4A75D40F73428BDE7F027E8A5284A0BA79E6095D126AAA40261DC2A796BFE81
2026-10-07T13:33:03.354055Z  INFO nanospam::wallets_factory: Seeding Ӿ142,857 to nano_3szrt973gkp855wi1bnektb7zxjsqjuitthfgfomec3oou1o94411jtgc9cx for representative 735FE217D91E88EA82324C5883296385FA0041C2FAC85C827BAA46DA1E14B83F
2026-10-07T13:33:03.355101Z  INFO nanospam::wallets_factory: Waiting for confirmation for 4843BAB0C9171A1E67512B47E35DAC6060669BF106C229D18FD82BC3B92B70FB
2026-10-07T13:33:03.562375Z  INFO nanospam::wallets_factory: Waiting for confirmation for EB1964DDB7E3B23CF485D02A968BCE0793A6894930D1CEB263A9AEF9DDE1D583
2026-10-07T13:33:03.771118Z  INFO nanospam::high_prio_check: Creating high priority accounts...
2026-10-07T13:33:03.798911Z  INFO nanospam::high_prio_check: Waiting for confirmations...
2026-10-07T13:33:05.986101Z  INFO nanospam::app: Waiting for all PRs to see the full quorum...
2026-10-07T13:33:05.988228Z  INFO nanospam::app: All PRs see the full quorum after 2.034625ms
2026-10-07T13:33:05.988272Z  INFO nanospam::app: Waiting for all PRs to hold the same cemented ledger...
2026-10-07T13:33:05.989203Z  INFO nanospam::app: All PRs hold the same ledger of 65 blocks after 920.334µs
EPOCH_COMMITTEE derived_by=genesis members=6 accounts=33 n=6 digest=95D409445152DD075E6A4799205DFA5689496EB8EE1A22AC2A200B9DBC2DCF27 shares=["A353E45E:16.7%", "65A90023:16.7%", "D315857C:16.7%", "911999B2:16.7%", "633D9D61:16.7%", "735FE217:16.7%"] t=1791379985989
EPOCH_START epoch=0 elections=0 t=1791379985989
EPOCH_COMMITTEE derived_by=genesis members=6 accounts=33 n=6 digest=95D409445152DD075E6A4799205DFA5689496EB8EE1A22AC2A200B9DBC2DCF27 shares=["A353E45E:16.7%", "65A90023:16.7%", "D315857C:16.7%", "911999B2:16.7%", "633D9D61:16.7%", "735FE217:16.7%"] t=1791379985989
EPOCH_START epoch=0 elections=0 t=1791379985989
EPOCH_COMMITTEE derived_by=genesis members=6 accounts=33 n=6 digest=95D409445152DD075E6A4799205DFA5689496EB8EE1A22AC2A200B9DBC2DCF27 shares=["A353E45E:16.7%", "65A90023:16.7%", "D315857C:16.7%", "911999B2:16.7%", "633D9D61:16.7%", "735FE217:16.7%"] t=1791379985990
EPOCH_START epoch=0 elections=0 t=1791379985990
EPOCH_COMMITTEE derived_by=genesis members=6 accounts=33 n=6 digest=95D409445152DD075E6A4799205DFA5689496EB8EE1A22AC2A200B9DBC2DCF27 shares=["A353E45E:16.7%", "65A90023:16.7%", "D315857C:16.7%", "911999B2:16.7%", "633D9D61:16.7%", "735FE217:16.7%"] t=1791379985990
EPOCH_START epoch=0 elections=0 t=1791379985990
EPOCH_COMMITTEE derived_by=genesis members=6 accounts=33 n=6 digest=95D409445152DD075E6A4799205DFA5689496EB8EE1A22AC2A200B9DBC2DCF27 shares=["A353E45E:16.7%", "65A90023:16.7%", "D315857C:16.7%", "911999B2:16.7%", "633D9D61:16.7%", "735FE217:16.7%"] t=1791379985990
EPOCH_START epoch=0 elections=0 t=1791379985990
2026-10-07T13:33:05.990589Z  INFO nanospam::app: Started the epochs on every PR
2026-10-07T13:33:05.990605Z  INFO nanospam::app: Connecting to node PR0... peer_addr=[::1]:17075
2026-10-07T13:33:05.991013Z  INFO nanospam::app: Performing handshake...
2026-10-07T13:33:05.991699Z  INFO nanospam::app: Performing handshake...
2026-10-07T13:33:06.002502Z  INFO nanospam::app: Performing handshake...
2026-10-07T13:33:06.013433Z  INFO nanospam::app: Performing handshake...
2026-10-07T13:33:06.024164Z  INFO nanospam::app: Connecting to node PR1... peer_addr=[::1]:17085
2026-10-07T13:33:06.024371Z  INFO nanospam::app: Performing handshake...
2026-10-07T13:33:06.025011Z  INFO nanospam::app: Performing handshake...
2026-10-07T13:33:06.036448Z  INFO nanospam::app: Performing handshake...
2026-10-07T13:33:06.048253Z  INFO nanospam::app: Performing handshake...
2026-10-07T13:33:06.058998Z  INFO nanospam::app: Connecting to node PR2... peer_addr=[::1]:17095
2026-10-07T13:33:06.059379Z  INFO nanospam::app: Performing handshake...
2026-10-07T13:33:06.060284Z  INFO nanospam::app: Performing handshake...
2026-10-07T13:33:06.070692Z  INFO nanospam::app: Performing handshake...
2026-10-07T13:33:06.082042Z  INFO nanospam::app: Performing handshake...
2026-10-07T13:33:06.093194Z  INFO nanospam::app: Connecting to node PR3... peer_addr=[::1]:17105
2026-10-07T13:33:06.093629Z  INFO nanospam::app: Performing handshake...
2026-10-07T13:33:06.094592Z  INFO nanospam::app: Performing handshake...
2026-10-07T13:33:06.106088Z  INFO nanospam::app: Performing handshake...
2026-10-07T13:33:06.117526Z  INFO nanospam::app: Performing handshake...
2026-10-07T13:33:06.127811Z  INFO nanospam::app: Connecting to node PR4... peer_addr=[::1]:17115
2026-10-07T13:33:06.128091Z  INFO nanospam::app: Performing handshake...
2026-10-07T13:33:06.128638Z  INFO nanospam::app: Performing handshake...
2026-10-07T13:33:06.141096Z  INFO nanospam::app: Performing handshake...
2026-10-07T13:33:06.153191Z  INFO nanospam::app: Performing handshake...
2026-10-07T13:33:06.165105Z  INFO nanospam::app: Connecting to websocket...
2026-10-07T13:33:06.165903Z  INFO nanospam::app: Starting with 2000 BPS
2026-10-07T13:33:06.176326Z  INFO nanospam::byzantine: 1 Byzantine representative(s) voting at random into 5 node(s)
2026-10-07T13:33:07.166777Z  INFO nanospam::app: Confirmed 521 blocks | 2,000 bps | 585 cps | avg conf time: 99 ms
2026-10-07T13:33:08.167715Z  INFO nanospam::app: Confirmed 4,133 blocks | 2,000 bps | 3,608 cps | avg conf time: 130 ms
2026-10-07T13:33:09.168703Z  INFO nanospam::app: Confirmed 6,029 blocks | 2,000 bps | 1,894 cps | avg conf time: 106 ms
2026-10-07T13:33:10.169813Z  INFO nanospam::app: Confirmed 7,855 blocks | 2,000 bps | 1,823 cps | avg conf time: 105 ms
2026-10-07T13:33:11.170803Z  INFO nanospam::app: Confirmed 9,701 blocks | 2,000 bps | 1,844 cps | avg conf time: 100 ms
2026-10-07T13:33:12.171830Z  INFO nanospam::app: Confirmed 11,572 blocks | 2,000 bps | 1,869 cps | avg conf time: 100 ms
2026-10-07T13:33:13.172940Z  INFO nanospam::app: Confirmed 13,490 blocks | 2,000 bps | 1,915 cps | avg conf time: 96 ms
EPOCH_ENDED epoch=0 elections=917 active=911 t=1791379993998
EPOCH_ENDED epoch=0 elections=917 active=911 t=1791379993998
EPOCH_ENDED epoch=0 elections=917 active=911 t=1791379993998
EPOCH_ENDED epoch=0 elections=916 active=910 t=1791379993998
EPOCH_ENDED epoch=0 elections=917 active=911 t=1791379993998
EPOCH_ADVANCED epoch=1 elections=917 active=911 vote_records=153007 t=1791379994017
EPOCH_ADVANCED epoch=1 elections=917 active=911 vote_records=152980 t=1791379994018
EPOCH_ADVANCED epoch=1 elections=916 active=910 vote_records=152987 t=1791379994020
EPOCH_REPORT epoch=0 certified=15083 residual=909 root=E06BE43EA8DA31A15C435979F49CB94B06D49A89B84351402DE6DDBB068215CC reports=1 t=1791379994023
EPOCH_REPORT epoch=0 certified=15083 residual=876 root=E06BE43EA8DA31A15C435979F49CB94B06D49A89B84351402DE6DDBB068215CC reports=1 t=1791379994023
EPOCH_REPORT epoch=0 certified=15083 residual=910 root=E06BE43EA8DA31A15C435979F49CB94B06D49A89B84351402DE6DDBB068215CC reports=1 t=1791379994026
EPOCH_ADVANCED epoch=1 elections=917 active=911 vote_records=153020 t=1791379994033
EPOCH_ADVANCED epoch=1 elections=917 active=911 vote_records=153006 t=1791379994035
EPOCH_REPORT epoch=0 certified=15083 residual=887 root=E06BE43EA8DA31A15C435979F49CB94B06D49A89B84351402DE6DDBB068215CC reports=1 t=1791379994038
EPOCH_REPORT epoch=0 certified=15083 residual=879 root=E06BE43EA8DA31A15C435979F49CB94B06D49A89B84351402DE6DDBB068215CC reports=1 t=1791379994041
EPOCH_RECONCILED epoch=0 reporter=A353E45E6D0016CAEED0DFA4EC5B0640E2AA22A793F9F2375E77F1AB92977C04 complete=false entries=0 total=15083 symbols=0 dropped=false t=1791379994132
EPOCH_RECONCILED epoch=0 reporter=A353E45E6D0016CAEED0DFA4EC5B0640E2AA22A793F9F2375E77F1AB92977C04 complete=true entries=910 total=910 symbols=0 dropped=false t=1791379994136
EPOCH_RECONCILED epoch=0 reporter=65A90023F6C0D2181AAA63F005D81BBC0C04650505E21D5123F9AE1F9E992BFF complete=false entries=0 total=15083 symbols=0 dropped=false t=1791379994137
EPOCH_RECONCILED epoch=0 reporter=65A90023F6C0D2181AAA63F005D81BBC0C04650505E21D5123F9AE1F9E992BFF complete=true entries=876 total=876 symbols=0 dropped=false t=1791379994140
EPOCH_RECONCILED epoch=0 reporter=911999B2AEFA7ACC66EBD802B3301FF6CE431405107749D940277955CB7FDD07 complete=false entries=0 total=15083 symbols=0 dropped=false t=1791379994140
EPOCH_RECONCILED epoch=0 reporter=911999B2AEFA7ACC66EBD802B3301FF6CE431405107749D940277955CB7FDD07 complete=false entries=874 total=874 symbols=0 dropped=false t=1791379994143
EPOCH_RECONCILED epoch=0 reporter=633D9D614858AB1710D5D8C3180E2A082DC97208BA8C26BA6C6D1A86C8E31CC0 complete=false entries=0 total=15083 symbols=0 dropped=false t=1791379994144
EPOCH_RECONCILED epoch=0 reporter=633D9D614858AB1710D5D8C3180E2A082DC97208BA8C26BA6C6D1A86C8E31CC0 complete=false entries=908 total=908 symbols=0 dropped=false t=1791379994147
EPOCH_CLOSE_UNREADY epoch=0 short_of=reports usable=3 weight=3 required=5 held=4 theirs=["A353E45E:E06BE43E:6CD1BF91", "65A90023:E06BE43E:4B703104", "911999B2:E06BE43E:0C198AB4", "633D9D61:E06BE43E:924F685F"] t=1791379994147
EPOCH_RECONCILED epoch=0 reporter=633D9D614858AB1710D5D8C3180E2A082DC97208BA8C26BA6C6D1A86C8E31CC0 complete=true entries=1 total=909 symbols=16 dropped=false t=1791379994148
EPOCH_RECONCILED epoch=0 reporter=911999B2AEFA7ACC66EBD802B3301FF6CE431405107749D940277955CB7FDD07 complete=true entries=13 total=887 symbols=32 dropped=false t=1791379994148
EPOCH_RECONCILED epoch=0 reporter=D315857CE70C54DE713F6E82E5613BB3A1266C15E28AD2F4338C7BBEC456F532 complete=false entries=0 total=15083 symbols=0 dropped=false t=1791379994168
EPOCH_RECONCILED epoch=0 reporter=D315857CE70C54DE713F6E82E5613BB3A1266C15E28AD2F4338C7BBEC456F532 complete=true entries=879 total=879 symbols=0 dropped=false t=1791379994171
EPOCH_RECONCILED epoch=0 reporter=633D9D614858AB1710D5D8C3180E2A082DC97208BA8C26BA6C6D1A86C8E31CC0 complete=false entries=0 total=15083 symbols=0 dropped=false t=1791379994172
2026-10-07T13:33:14.173641Z  INFO nanospam::app: Confirmed 15,088 blocks | 2,000 bps | 1,596 cps | avg conf time: 100 ms
EPOCH_RECONCILED epoch=0 reporter=633D9D614858AB1710D5D8C3180E2A082DC97208BA8C26BA6C6D1A86C8E31CC0 complete=false entries=902 total=902 symbols=0 dropped=false t=1791379994175
EPOCH_RECONCILED epoch=0 reporter=A353E45E6D0016CAEED0DFA4EC5B0640E2AA22A793F9F2375E77F1AB92977C04 complete=false entries=0 total=15083 symbols=0 dropped=false t=1791379994175
EPOCH_RECONCILED epoch=0 reporter=A353E45E6D0016CAEED0DFA4EC5B0640E2AA22A793F9F2375E77F1AB92977C04 complete=true entries=910 total=910 symbols=0 dropped=false t=1791379994179
EPOCH_RECONCILED epoch=0 reporter=911999B2AEFA7ACC66EBD802B3301FF6CE431405107749D940277955CB7FDD07 complete=false entries=0 total=15083 symbols=0 dropped=false t=1791379994179
EPOCH_RECONCILED epoch=0 reporter=911999B2AEFA7ACC66EBD802B3301FF6CE431405107749D940277955CB7FDD07 complete=false entries=875 total=875 symbols=0 dropped=false t=1791379994183
EPOCH_CLOSE_UNREADY epoch=0 short_of=reports usable=3 weight=3 required=5 held=4 theirs=["D315857C:E06BE43E:54DCDB2C", "633D9D61:E06BE43E:924F685F", "A353E45E:E06BE43E:6CD1BF91", "911999B2:E06BE43E:0C198AB4"] t=1791379994183
EPOCH_RECONCILED epoch=0 reporter=633D9D614858AB1710D5D8C3180E2A082DC97208BA8C26BA6C6D1A86C8E31CC0 complete=true entries=7 total=909 symbols=16 dropped=false t=1791379994184
EPOCH_RECONCILED epoch=0 reporter=911999B2AEFA7ACC66EBD802B3301FF6CE431405107749D940277955CB7FDD07 complete=true entries=12 total=887 symbols=32 dropped=false t=1791379994190
EPOCH_RECONCILED epoch=0 reporter=A353E45E6D0016CAEED0DFA4EC5B0640E2AA22A793F9F2375E77F1AB92977C04 complete=false entries=0 total=15083 symbols=0 dropped=false t=1791379994197
EPOCH_RECONCILED epoch=0 reporter=633D9D614858AB1710D5D8C3180E2A082DC97208BA8C26BA6C6D1A86C8E31CC0 complete=false entries=0 total=15083 symbols=0 dropped=false t=1791379994199
EPOCH_RECONCILED epoch=0 reporter=A353E45E6D0016CAEED0DFA4EC5B0640E2AA22A793F9F2375E77F1AB92977C04 complete=true entries=910 total=910 symbols=0 dropped=false t=1791379994201
EPOCH_RECONCILED epoch=0 reporter=D315857CE70C54DE713F6E82E5613BB3A1266C15E28AD2F4338C7BBEC456F532 complete=false entries=0 total=15083 symbols=0 dropped=false t=1791379994202
EPOCH_RECONCILED epoch=0 reporter=633D9D614858AB1710D5D8C3180E2A082DC97208BA8C26BA6C6D1A86C8E31CC0 complete=true entries=909 total=909 symbols=0 dropped=false t=1791379994202
EPOCH_RECONCILED epoch=0 reporter=D315857CE70C54DE713F6E82E5613BB3A1266C15E28AD2F4338C7BBEC456F532 complete=false entries=0 total=15083 symbols=0 dropped=false t=1791379994203
EPOCH_RECONCILED epoch=0 reporter=D315857CE70C54DE713F6E82E5613BB3A1266C15E28AD2F4338C7BBEC456F532 complete=true entries=879 total=879 symbols=0 dropped=false t=1791379994204
EPOCH_RECONCILED epoch=0 reporter=911999B2AEFA7ACC66EBD802B3301FF6CE431405107749D940277955CB7FDD07 complete=false entries=0 total=15083 symbols=0 dropped=false t=1791379994205
EPOCH_RECONCILED epoch=0 reporter=D315857CE70C54DE713F6E82E5613BB3A1266C15E28AD2F4338C7BBEC456F532 complete=true entries=879 total=879 symbols=0 dropped=false t=1791379994206
EPOCH_RECONCILED epoch=0 reporter=65A90023F6C0D2181AAA63F005D81BBC0C04650505E21D5123F9AE1F9E992BFF complete=false entries=0 total=15083 symbols=0 dropped=false t=1791379994206
EPOCH_RECONCILED epoch=0 reporter=911999B2AEFA7ACC66EBD802B3301FF6CE431405107749D940277955CB7FDD07 complete=false entries=875 total=875 symbols=0 dropped=false t=1791379994208
EPOCH_RECONCILED epoch=0 reporter=65A90023F6C0D2181AAA63F005D81BBC0C04650505E21D5123F9AE1F9E992BFF complete=false entries=0 total=15083 symbols=0 dropped=false t=1791379994209
EPOCH_RECONCILED epoch=0 reporter=65A90023F6C0D2181AAA63F005D81BBC0C04650505E21D5123F9AE1F9E992BFF complete=true entries=876 total=876 symbols=0 dropped=false t=1791379994209
EPOCH_RECONCILED epoch=0 reporter=911999B2AEFA7ACC66EBD802B3301FF6CE431405107749D940277955CB7FDD07 complete=false entries=0 total=15083 symbols=0 dropped=false t=1791379994210
EPOCH_RECONCILED epoch=0 reporter=65A90023F6C0D2181AAA63F005D81BBC0C04650505E21D5123F9AE1F9E992BFF complete=true entries=876 total=876 symbols=0 dropped=false t=1791379994212
EPOCH_CLOSE_UNREADY epoch=0 short_of=reports usable=4 weight=4 required=5 held=4 theirs=["A353E45E:E06BE43E:6CD1BF91", "D315857C:E06BE43E:54DCDB2C", "911999B2:E06BE43E:0C198AB4", "65A90023:E06BE43E:4B703104"] t=1791379994212
EPOCH_RECONCILED epoch=0 reporter=911999B2AEFA7ACC66EBD802B3301FF6CE431405107749D940277955CB7FDD07 complete=false entries=875 total=875 symbols=0 dropped=false t=1791379994213
EPOCH_RECONCILED epoch=0 reporter=911999B2AEFA7ACC66EBD802B3301FF6CE431405107749D940277955CB7FDD07 complete=true entries=12 total=887 symbols=32 dropped=false t=1791379994213
EPOCH_CLOSE_UNREADY epoch=0 short_of=reports usable=4 weight=4 required=5 held=4 theirs=["633D9D61:E06BE43E:924F685F", "D315857C:E06BE43E:54DCDB2C", "65A90023:E06BE43E:4B703104", "911999B2:E06BE43E:0C198AB4"] t=1791379994217
EPOCH_RECONCILED epoch=0 reporter=911999B2AEFA7ACC66EBD802B3301FF6CE431405107749D940277955CB7FDD07 complete=true entries=12 total=887 symbols=32 dropped=false t=1791379994218
EPOCH_RECONCILED epoch=0 reporter=A353E45E6D0016CAEED0DFA4EC5B0640E2AA22A793F9F2375E77F1AB92977C04 complete=false entries=0 total=15083 symbols=0 dropped=false t=1791379994288
EPOCH_RECONCILED epoch=0 reporter=A353E45E6D0016CAEED0DFA4EC5B0640E2AA22A793F9F2375E77F1AB92977C04 complete=true entries=910 total=910 symbols=0 dropped=false t=1791379994293
EPOCH_RECONCILED epoch=0 reporter=633D9D614858AB1710D5D8C3180E2A082DC97208BA8C26BA6C6D1A86C8E31CC0 complete=false entries=0 total=15083 symbols=0 dropped=false t=1791379994294
EPOCH_RECONCILED epoch=0 reporter=633D9D614858AB1710D5D8C3180E2A082DC97208BA8C26BA6C6D1A86C8E31CC0 complete=true entries=909 total=909 symbols=0 dropped=false t=1791379994298
EPOCH_RECONCILED epoch=0 reporter=65A90023F6C0D2181AAA63F005D81BBC0C04650505E21D5123F9AE1F9E992BFF complete=false entries=0 total=15083 symbols=0 dropped=false t=1791379994298
EPOCH_RECONCILED epoch=0 reporter=65A90023F6C0D2181AAA63F005D81BBC0C04650505E21D5123F9AE1F9E992BFF complete=true entries=876 total=876 symbols=0 dropped=false t=1791379994303
EPOCH_RECONCILED epoch=0 reporter=D315857CE70C54DE713F6E82E5613BB3A1266C15E28AD2F4338C7BBEC456F532 complete=false entries=0 total=15083 symbols=0 dropped=false t=1791379994304
EPOCH_RECONCILED epoch=0 reporter=D315857CE70C54DE713F6E82E5613BB3A1266C15E28AD2F4338C7BBEC456F532 complete=true entries=879 total=879 symbols=0 dropped=false t=1791379994308
EPOCH_CLOSE_READY epoch=0 t=1791379994309
EPOCH_CLOSE_READY epoch=0 t=1791379994429
EPOCH_CLOSE_READY epoch=0 t=1791379994461
EPOCH_CLOSE_READY epoch=0 t=1791379994484
EPOCH_CLOSE_READY epoch=0 t=1791379994494
EPOCH_PROPOSED epoch=0 round=0 value=2B662E52E1731FAF85D1CE7D0DE9E36DBD930FB28E087EE422A8E4E21CF64B1A state=673DD02CC306E6A131808F57C7DB1BAC7D35372E6EB9D2CCB9719DD77C284DB3 reports=5 t=1791379994565
EPOCH_VALUE epoch=0 value=2B662E52E1731FAF85D1CE7D0DE9E36DBD930FB28E087EE422A8E4E21CF64B1A state=673DD02CC306E6A131808F57C7DB1BAC7D35372E6EB9D2CCB9719DD77C284DB3 t=1791379994565
EPOCH_CLOSE_ROUND epoch=0 round=0 leader=633D9D614858AB1710D5D8C3180E2A082DC97208BA8C26BA6C6D1A86C8E31CC0 leads=false t=1791379994574
EPOCH_VALUE epoch=0 value=2B662E52E1731FAF85D1CE7D0DE9E36DBD930FB28E087EE422A8E4E21CF64B1A state=673DD02CC306E6A131808F57C7DB1BAC7D35372E6EB9D2CCB9719DD77C284DB3 t=1791379994678
EPOCH_VALUE epoch=0 value=2B662E52E1731FAF85D1CE7D0DE9E36DBD930FB28E087EE422A8E4E21CF64B1A state=673DD02CC306E6A131808F57C7DB1BAC7D35372E6EB9D2CCB9719DD77C284DB3 t=1791379994689
EPOCH_VALUE epoch=0 value=2B662E52E1731FAF85D1CE7D0DE9E36DBD930FB28E087EE422A8E4E21CF64B1A state=673DD02CC306E6A131808F57C7DB1BAC7D35372E6EB9D2CCB9719DD77C284DB3 t=1791379994691
EPOCH_VALUE epoch=0 value=2B662E52E1731FAF85D1CE7D0DE9E36DBD930FB28E087EE422A8E4E21CF64B1A state=673DD02CC306E6A131808F57C7DB1BAC7D35372E6EB9D2CCB9719DD77C284DB3 t=1791379994713
EPOCH_CLOSE_ROUND epoch=0 round=0 leader=633D9D614858AB1710D5D8C3180E2A082DC97208BA8C26BA6C6D1A86C8E31CC0 leads=false t=1791379994723
EPOCH_CLOSE_ROUND epoch=0 round=0 leader=633D9D614858AB1710D5D8C3180E2A082DC97208BA8C26BA6C6D1A86C8E31CC0 leads=false t=1791379994760
EPOCH_CLOSE_ROUND epoch=0 round=0 leader=633D9D614858AB1710D5D8C3180E2A082DC97208BA8C26BA6C6D1A86C8E31CC0 leads=true t=1791379994783
EPOCH_CLOSE_ROUND epoch=0 round=0 leader=633D9D614858AB1710D5D8C3180E2A082DC97208BA8C26BA6C6D1A86C8E31CC0 leads=false t=1791379994789
EPOCH_INSTALL epoch=0 finalized=15958 instances_confirmed=936 t=1791379995159
EPOCH_INSTALL epoch=0 finalized=15958 instances_confirmed=936 t=1791379995159
EPOCH_INSTALL epoch=0 finalized=15958 instances_confirmed=936 t=1791379995159
EPOCH_INSTALL epoch=0 finalized=15958 instances_confirmed=936 t=1791379995160
EPOCH_INSTALL epoch=0 finalized=15958 instances_confirmed=936 t=1791379995163
2026-10-07T13:33:15.174776Z  INFO nanospam::app: Confirmed 15,088 blocks | 2,000 bps | 0 cps | avg conf time: 0 ms
EPOCH_COMMITTEE derived_by=0 members=6 accounts=7118 n=6 digest=95D409445152DD075E6A4799205DFA5689496EB8EE1A22AC2A200B9DBC2DCF27 shares=["735FE217:16.7%", "A353E45E:16.7%", "D315857C:16.7%", "911999B2:16.7%", "633D9D61:16.7%", "65A90023:16.7%"] t=1791379995383
EPOCH_OMITTED epoch=0 instances=83 retained=3 t=1791379995383
EPOCH_GATE epoch=1 released=2194 finalized=1875 t=1791379995392
EPOCH_CLOSED epoch=0 round=0 value=2B662E52E1731FAF85D1CE7D0DE9E36DBD930FB28E087EE422A8E4E21CF64B1A state=673DD02CC306E6A131808F57C7DB1BAC7D35372E6EB9D2CCB9719DD77C284DB3 t=1791379995393
EPOCH_COMMITTEE derived_by=0 members=6 accounts=7118 n=6 digest=95D409445152DD075E6A4799205DFA5689496EB8EE1A22AC2A200B9DBC2DCF27 shares=["735FE217:16.7%", "A353E45E:16.7%", "D315857C:16.7%", "911999B2:16.7%", "633D9D61:16.7%", "65A90023:16.7%"] t=1791379995394
EPOCH_OMITTED epoch=0 instances=83 retained=3 t=1791379995395
EPOCH_COMMITTEE derived_by=0 members=6 accounts=7118 n=6 digest=95D409445152DD075E6A4799205DFA5689496EB8EE1A22AC2A200B9DBC2DCF27 shares=["735FE217:16.7%", "A353E45E:16.7%", "D315857C:16.7%", "911999B2:16.7%", "633D9D61:16.7%", "65A90023:16.7%"] t=1791379995400
EPOCH_OMITTED epoch=0 instances=83 retained=3 t=1791379995401
EPOCH_COMMITTEE derived_by=0 members=6 accounts=7118 n=6 digest=95D409445152DD075E6A4799205DFA5689496EB8EE1A22AC2A200B9DBC2DCF27 shares=["735FE217:16.7%", "A353E45E:16.7%", "D315857C:16.7%", "911999B2:16.7%", "633D9D61:16.7%", "65A90023:16.7%"] t=1791379995404
EPOCH_OMITTED epoch=0 instances=83 retained=3 t=1791379995405
EPOCH_GATE epoch=1 released=2194 finalized=1875 t=1791379995411
EPOCH_CLOSED epoch=0 round=0 value=2B662E52E1731FAF85D1CE7D0DE9E36DBD930FB28E087EE422A8E4E21CF64B1A state=673DD02CC306E6A131808F57C7DB1BAC7D35372E6EB9D2CCB9719DD77C284DB3 t=1791379995411
EPOCH_GATE epoch=1 released=2194 finalized=1878 t=1791379995412
EPOCH_CLOSED epoch=0 round=0 value=2B662E52E1731FAF85D1CE7D0DE9E36DBD930FB28E087EE422A8E4E21CF64B1A state=673DD02CC306E6A131808F57C7DB1BAC7D35372E6EB9D2CCB9719DD77C284DB3 t=1791379995412
EPOCH_GATE epoch=1 released=2194 finalized=1875 t=1791379995414
EPOCH_CLOSED epoch=0 round=0 value=2B662E52E1731FAF85D1CE7D0DE9E36DBD930FB28E087EE422A8E4E21CF64B1A state=673DD02CC306E6A131808F57C7DB1BAC7D35372E6EB9D2CCB9719DD77C284DB3 t=1791379995414
EPOCH_COMMITTEE derived_by=0 members=6 accounts=7118 n=6 digest=95D409445152DD075E6A4799205DFA5689496EB8EE1A22AC2A200B9DBC2DCF27 shares=["735FE217:16.7%", "A353E45E:16.7%", "D315857C:16.7%", "911999B2:16.7%", "633D9D61:16.7%", "65A90023:16.7%"] t=1791379995434
EPOCH_OMITTED epoch=0 instances=83 retained=3 t=1791379995435
EPOCH_INSTALLED epoch=0 finalized=15958 cemented=15122 queued=53 missing=783 t=1791379995446
EPOCH_GATE epoch=1 released=2194 finalized=1875 t=1791379995446
EPOCH_CLOSED epoch=0 round=0 value=2B662E52E1731FAF85D1CE7D0DE9E36DBD930FB28E087EE422A8E4E21CF64B1A state=673DD02CC306E6A131808F57C7DB1BAC7D35372E6EB9D2CCB9719DD77C284DB3 t=1791379995446
EPOCH_INSTALLED epoch=0 finalized=15958 cemented=15121 queued=821 missing=16 t=1791379995471
EPOCH_INSTALLED epoch=0 finalized=15958 cemented=15120 queued=55 missing=783 t=1791379995479
EPOCH_INSTALLED epoch=0 finalized=15958 cemented=15121 queued=825 missing=12 t=1791379995582
EPOCH_INSTALLED epoch=0 finalized=15958 cemented=15121 queued=823 missing=14 t=1791379995726
EPOCH_FOLLOW cemented=837 cementing=0 requested=0 pending=0 t=1791379995838
EPOCH_FOLLOW cemented=836 cementing=0 requested=0 pending=0 t=1791379995927
EPOCH_FOLLOW cemented=837 cementing=0 requested=0 pending=0 t=1791379995995
EPOCH_FOLLOW cemented=838 cementing=0 requested=0 pending=0 t=1791379996067
2026-10-07T13:33:16.175468Z  INFO nanospam::app: Confirmed 19,648 blocks | 2,000 bps | 4,556 cps | avg conf time: 1576 ms
EPOCH_FOLLOW cemented=837 cementing=0 requested=0 pending=0 t=1791379996201
2026-10-07T13:33:17.176664Z  INFO nanospam::app: Confirmed 21,519 blocks | 2,000 bps | 1,868 cps | avg conf time: 102 ms
2026-10-07T13:33:18.177471Z  INFO nanospam::app: Confirmed 23,447 blocks | 2,000 bps | 1,926 cps | avg conf time: 105 ms
2026-10-07T13:33:19.178706Z  INFO nanospam::app: Confirmed 25,364 blocks | 2,000 bps | 1,914 cps | avg conf time: 100 ms
2026-10-07T13:33:20.179383Z  INFO nanospam::app: Confirmed 27,112 blocks | 2,000 bps | 1,746 cps | avg conf time: 99 ms
2026-10-07T13:33:21.180576Z  INFO nanospam::app: Confirmed 28,985 blocks | 2,000 bps | 1,870 cps | avg conf time: 100 ms
EPOCH_ENDED epoch=1 elections=918 active=873 t=1791380002012
EPOCH_ENDED epoch=1 elections=934 active=890 t=1791380002020
EPOCH_ENDED epoch=1 elections=934 active=889 t=1791380002020
EPOCH_ENDED epoch=1 elections=934 active=889 t=1791380002020
EPOCH_ENDED epoch=1 elections=934 active=890 t=1791380002020
EPOCH_ADVANCED epoch=2 elections=918 active=873 vote_records=304211 t=1791380002038
EPOCH_ADVANCED epoch=2 elections=934 active=889 vote_records=304221 t=1791380002043
EPOCH_ADVANCED epoch=2 elections=934 active=889 vote_records=304210 t=1791380002044
EPOCH_ADVANCED epoch=2 elections=934 active=890 vote_records=304180 t=1791380002046
EPOCH_REPORT epoch=1 certified=14613 residual=996 root=6CE2D5FABF0E727F5A683B6452B1739C9661C661D34FF7D874BC10015619A257 reports=1 t=1791380002048
EPOCH_REPORT epoch=1 certified=14613 residual=1038 root=6CE2D5FABF0E727F5A683B6452B1739C9661C661D34FF7D874BC10015619A257 reports=1 t=1791380002052
EPOCH_REPORT epoch=1 certified=14613 residual=1012 root=6CE2D5FABF0E727F5A683B6452B1739C9661C661D34FF7D874BC10015619A257 reports=1 t=1791380002052
EPOCH_REPORT epoch=1 certified=14613 residual=1032 root=6CE2D5FABF0E727F5A683B6452B1739C9661C661D34FF7D874BC10015619A257 reports=1 t=1791380002055
EPOCH_RECONCILED epoch=1 reporter=911999B2AEFA7ACC66EBD802B3301FF6CE431405107749D940277955CB7FDD07 complete=false entries=0 total=14613 symbols=0 dropped=false t=1791380002077
EPOCH_RECONCILED epoch=1 reporter=911999B2AEFA7ACC66EBD802B3301FF6CE431405107749D940277955CB7FDD07 complete=false entries=1038 total=1038 symbols=0 dropped=false t=1791380002084
EPOCH_RECONCILED epoch=1 reporter=A353E45E6D0016CAEED0DFA4EC5B0640E2AA22A793F9F2375E77F1AB92977C04 complete=false entries=0 total=14613 symbols=0 dropped=false t=1791380002085
EPOCH_RECONCILED epoch=1 reporter=A353E45E6D0016CAEED0DFA4EC5B0640E2AA22A793F9F2375E77F1AB92977C04 complete=false entries=1019 total=1019 symbols=0 dropped=false t=1791380002089
EPOCH_RECONCILED epoch=1 reporter=D315857CE70C54DE713F6E82E5613BB3A1266C15E28AD2F4338C7BBEC456F532 complete=false entries=0 total=14613 symbols=0 dropped=false t=1791380002090
EPOCH_RECONCILED epoch=1 reporter=911999B2AEFA7ACC66EBD802B3301FF6CE431405107749D940277955CB7FDD07 complete=false entries=0 total=14613 symbols=0 dropped=false t=1791380002093
EPOCH_RECONCILED epoch=1 reporter=911999B2AEFA7ACC66EBD802B3301FF6CE431405107749D940277955CB7FDD07 complete=false entries=1018 total=1018 symbols=0 dropped=false t=1791380002100
EPOCH_RECONCILED epoch=1 reporter=633D9D614858AB1710D5D8C3180E2A082DC97208BA8C26BA6C6D1A86C8E31CC0 complete=false entries=0 total=14613 symbols=0 dropped=false t=1791380002101
EPOCH_RECONCILED epoch=1 reporter=633D9D614858AB1710D5D8C3180E2A082DC97208BA8C26BA6C6D1A86C8E31CC0 complete=false entries=1012 total=1012 symbols=0 dropped=false t=1791380002110
EPOCH_RECONCILED epoch=1 reporter=D315857CE70C54DE713F6E82E5613BB3A1266C15E28AD2F4338C7BBEC456F532 complete=false entries=0 total=14613 symbols=0 dropped=false t=1791380002111
EPOCH_RECONCILED epoch=1 reporter=D315857CE70C54DE713F6E82E5613BB3A1266C15E28AD2F4338C7BBEC456F532 complete=false entries=996 total=996 symbols=0 dropped=false t=1791380002115
EPOCH_RECONCILED epoch=1 reporter=D315857CE70C54DE713F6E82E5613BB3A1266C15E28AD2F4338C7BBEC456F532 complete=false entries=991 total=991 symbols=0 dropped=false t=1791380002119
EPOCH_RECONCILED epoch=1 reporter=911999B2AEFA7ACC66EBD802B3301FF6CE431405107749D940277955CB7FDD07 complete=true entries=138 total=1038 symbols=243 dropped=false t=1791380002119
EPOCH_RECONCILED epoch=1 reporter=911999B2AEFA7ACC66EBD802B3301FF6CE431405107749D940277955CB7FDD07 complete=true entries=158 total=1038 symbols=243 dropped=false t=1791380002122
EPOCH_RECONCILED epoch=1 reporter=D315857CE70C54DE713F6E82E5613BB3A1266C15E28AD2F4338C7BBEC456F532 complete=true entries=139 total=996 symbols=243 dropped=false t=1791380002123
EPOCH_RECONCILED epoch=1 reporter=633D9D614858AB1710D5D8C3180E2A082DC97208BA8C26BA6C6D1A86C8E31CC0 complete=true entries=138 total=1012 symbols=243 dropped=false t=1791380002124
EPOCH_RECONCILED epoch=1 reporter=D315857CE70C54DE713F6E82E5613BB3A1266C15E28AD2F4338C7BBEC456F532 complete=true entries=134 total=996 symbols=243 dropped=false t=1791380002127
EPOCH_CLOSE_UNREADY epoch=1 short_of=reports usable=4 weight=4 required=5 held=3 theirs=["911999B2:6CE2D5FA:D333CFD7", "633D9D61:6CE2D5FA:F75C9614", "D315857C:6CE2D5FA:D9F997F7"] t=1791380002128
EPOCH_RECONCILED epoch=1 reporter=A353E45E6D0016CAEED0DFA4EC5B0640E2AA22A793F9F2375E77F1AB92977C04 complete=true entries=151 total=1032 symbols=243 dropped=false t=1791380002128
EPOCH_CLOSE_UNREADY epoch=1 short_of=reports usable=4 weight=4 required=5 held=3 theirs=["911999B2:6CE2D5FA:D333CFD7", "A353E45E:6CE2D5FA:AE859FF9", "D315857C:6CE2D5FA:D9F997F7"] t=1791380002145
EPOCH_ADVANCED epoch=2 elections=934 active=890 vote_records=304177 t=1791380002145
EPOCH_REPORT epoch=1 certified=14613 residual=1020 root=6CE2D5FABF0E727F5A683B6452B1739C9661C661D34FF7D874BC10015619A257 reports=1 t=1791380002156
EPOCH_RECONCILED epoch=1 reporter=633D9D614858AB1710D5D8C3180E2A082DC97208BA8C26BA6C6D1A86C8E31CC0 complete=false entries=0 total=14613 symbols=0 dropped=false t=1791380002159
EPOCH_RECONCILED epoch=1 reporter=911999B2AEFA7ACC66EBD802B3301FF6CE431405107749D940277955CB7FDD07 complete=false entries=0 total=14613 symbols=0 dropped=false t=1791380002162
EPOCH_RECONCILED epoch=1 reporter=A353E45E6D0016CAEED0DFA4EC5B0640E2AA22A793F9F2375E77F1AB92977C04 complete=false entries=0 total=14613 symbols=0 dropped=false t=1791380002173
EPOCH_RECONCILED epoch=1 reporter=633D9D614858AB1710D5D8C3180E2A082DC97208BA8C26BA6C6D1A86C8E31CC0 complete=false entries=989 total=989 symbols=0 dropped=false t=1791380002179
EPOCH_RECONCILED epoch=1 reporter=D315857CE70C54DE713F6E82E5613BB3A1266C15E28AD2F4338C7BBEC456F532 complete=false entries=0 total=14613 symbols=0 dropped=false t=1791380002180
2026-10-07T13:33:22.181519Z  INFO nanospam::app: Confirmed 30,576 blocks | 2,000 bps | 1,589 cps | avg conf time: 107 ms
EPOCH_RECONCILED epoch=1 reporter=D315857CE70C54DE713F6E82E5613BB3A1266C15E28AD2F4338C7BBEC456F532 complete=false entries=973 total=973 symbols=0 dropped=false t=1791380002192
EPOCH_RECONCILED epoch=1 reporter=911999B2AEFA7ACC66EBD802B3301FF6CE431405107749D940277955CB7FDD07 complete=false entries=0 total=14613 symbols=0 dropped=false t=1791380002194
EPOCH_RECONCILED epoch=1 reporter=A353E45E6D0016CAEED0DFA4EC5B0640E2AA22A793F9F2375E77F1AB92977C04 complete=false entries=1032 total=1032 symbols=0 dropped=false t=1791380002201
EPOCH_RECONCILED epoch=1 reporter=911999B2AEFA7ACC66EBD802B3301FF6CE431405107749D940277955CB7FDD07 complete=false entries=1013 total=1013 symbols=0 dropped=false t=1791380002201
EPOCH_RECONCILED epoch=1 reporter=D315857CE70C54DE713F6E82E5613BB3A1266C15E28AD2F4338C7BBEC456F532 complete=false entries=0 total=14613 symbols=0 dropped=false t=1791380002202
EPOCH_RECONCILED epoch=1 reporter=A353E45E6D0016CAEED0DFA4EC5B0640E2AA22A793F9F2375E77F1AB92977C04 complete=false entries=0 total=14613 symbols=0 dropped=false t=1791380002202
EPOCH_RECONCILED epoch=1 reporter=911999B2AEFA7ACC66EBD802B3301FF6CE431405107749D940277955CB7FDD07 complete=false entries=1038 total=1038 symbols=0 dropped=false t=1791380002202
EPOCH_RECONCILED epoch=1 reporter=633D9D614858AB1710D5D8C3180E2A082DC97208BA8C26BA6C6D1A86C8E31CC0 complete=false entries=0 total=14613 symbols=0 dropped=false t=1791380002203
EPOCH_RECONCILED epoch=1 reporter=A353E45E6D0016CAEED0DFA4EC5B0640E2AA22A793F9F2375E77F1AB92977C04 complete=false entries=1030 total=1030 symbols=0 dropped=false t=1791380002215
EPOCH_RECONCILED epoch=1 reporter=633D9D614858AB1710D5D8C3180E2A082DC97208BA8C26BA6C6D1A86C8E31CC0 complete=true entries=161 total=1012 symbols=243 dropped=false t=1791380002220
EPOCH_RECONCILED epoch=1 reporter=911999B2AEFA7ACC66EBD802B3301FF6CE431405107749D940277955CB7FDD07 complete=true entries=163 total=1038 symbols=243 dropped=false t=1791380002221
EPOCH_RECONCILED epoch=1 reporter=A353E45E6D0016CAEED0DFA4EC5B0640E2AA22A793F9F2375E77F1AB92977C04 complete=true entries=140 total=1032 symbols=243 dropped=false t=1791380002222
EPOCH_RECONCILED epoch=1 reporter=D315857CE70C54DE713F6E82E5613BB3A1266C15E28AD2F4338C7BBEC456F532 complete=true entries=157 total=996 symbols=243 dropped=false t=1791380002223
EPOCH_RECONCILED epoch=1 reporter=D315857CE70C54DE713F6E82E5613BB3A1266C15E28AD2F4338C7BBEC456F532 complete=false entries=996 total=996 symbols=0 dropped=false t=1791380002228
EPOCH_RECONCILED epoch=1 reporter=633D9D614858AB1710D5D8C3180E2A082DC97208BA8C26BA6C6D1A86C8E31CC0 complete=false entries=0 total=14613 symbols=0 dropped=false t=1791380002231
EPOCH_CLOSE_READY epoch=1 t=1791380002231
EPOCH_RECONCILED epoch=1 reporter=633D9D614858AB1710D5D8C3180E2A082DC97208BA8C26BA6C6D1A86C8E31CC0 complete=false entries=1012 total=1012 symbols=0 dropped=false t=1791380002232
EPOCH_RECONCILED epoch=1 reporter=A353E45E6D0016CAEED0DFA4EC5B0640E2AA22A793F9F2375E77F1AB92977C04 complete=false entries=0 total=14613 symbols=0 dropped=false t=1791380002233
EPOCH_RECONCILED epoch=1 reporter=A353E45E6D0016CAEED0DFA4EC5B0640E2AA22A793F9F2375E77F1AB92977C04 complete=false entries=1029 total=1029 symbols=0 dropped=false t=1791380002236
EPOCH_CLOSE_UNREADY epoch=1 short_of=reports usable=1 weight=1 required=5 held=4 theirs=["911999B2:6CE2D5FA:D333CFD7", "633D9D61:6CE2D5FA:F75C9614", "65A90023:6CE2D5FA:102BA619", "A353E45E:6CE2D5FA:AE859FF9"] t=1791380002239
EPOCH_RECONCILED epoch=1 reporter=633D9D614858AB1710D5D8C3180E2A082DC97208BA8C26BA6C6D1A86C8E31CC0 complete=true entries=138 total=1012 symbols=243 dropped=false t=1791380002241
EPOCH_RECONCILED epoch=1 reporter=911999B2AEFA7ACC66EBD802B3301FF6CE431405107749D940277955CB7FDD07 complete=true entries=138 total=1038 symbols=243 dropped=false t=1791380002242
EPOCH_RECONCILED epoch=1 reporter=A353E45E6D0016CAEED0DFA4EC5B0640E2AA22A793F9F2375E77F1AB92977C04 complete=true entries=141 total=1032 symbols=243 dropped=false t=1791380002243
EPOCH_RECONCILED epoch=1 reporter=633D9D614858AB1710D5D8C3180E2A082DC97208BA8C26BA6C6D1A86C8E31CC0 complete=false entries=1012 total=1012 symbols=0 dropped=false t=1791380002244
EPOCH_RECONCILED epoch=1 reporter=D315857CE70C54DE713F6E82E5613BB3A1266C15E28AD2F4338C7BBEC456F532 complete=true entries=134 total=996 symbols=243 dropped=false t=1791380002249
EPOCH_RECONCILED epoch=1 reporter=A353E45E6D0016CAEED0DFA4EC5B0640E2AA22A793F9F2375E77F1AB92977C04 complete=true entries=138 total=1032 symbols=243 dropped=false t=1791380002249
EPOCH_RECONCILED epoch=1 reporter=633D9D614858AB1710D5D8C3180E2A082DC97208BA8C26BA6C6D1A86C8E31CC0 complete=true entries=138 total=1012 symbols=243 dropped=false t=1791380002249
EPOCH_CLOSE_UNREADY epoch=1 short_of=reports usable=4 weight=4 required=5 held=4 theirs=["633D9D61:6CE2D5FA:F75C9614", "65A90023:6CE2D5FA:102BA619", "D315857C:6CE2D5FA:D9F997F7", "A353E45E:6CE2D5FA:AE859FF9"] t=1791380002253
EPOCH_RECONCILED epoch=1 reporter=65A90023F6C0D2181AAA63F005D81BBC0C04650505E21D5123F9AE1F9E992BFF complete=false entries=0 total=14613 symbols=0 dropped=false t=1791380002335
EPOCH_RECONCILED epoch=1 reporter=65A90023F6C0D2181AAA63F005D81BBC0C04650505E21D5123F9AE1F9E992BFF complete=false entries=1017 total=1017 symbols=0 dropped=false t=1791380002338
EPOCH_PROPOSED epoch=1 round=0 value=7F803E2055F171CB7A0A7D7594A202E8D03A6E13208CB30751BE3DAA21CA3128 state=26CF664B35D69BE1B992FAEB9521965A12219980AD5EE5EDF0EE000396C9693E reports=5 t=1791380002368
EPOCH_VALUE epoch=1 value=7F803E2055F171CB7A0A7D7594A202E8D03A6E13208CB30751BE3DAA21CA3128 state=26CF664B35D69BE1B992FAEB9521965A12219980AD5EE5EDF0EE000396C9693E t=1791380002368
EPOCH_CLOSE_ROUND epoch=1 round=0 leader=65A90023F6C0D2181AAA63F005D81BBC0C04650505E21D5123F9AE1F9E992BFF leads=true t=1791380002368
EPOCH_RECONCILED epoch=1 reporter=65A90023F6C0D2181AAA63F005D81BBC0C04650505E21D5123F9AE1F9E992BFF complete=false entries=0 total=14613 symbols=0 dropped=false t=1791380002392
EPOCH_RECONCILED epoch=1 reporter=65A90023F6C0D2181AAA63F005D81BBC0C04650505E21D5123F9AE1F9E992BFF complete=false entries=0 total=14613 symbols=0 dropped=false t=1791380002392
EPOCH_RECONCILED epoch=1 reporter=65A90023F6C0D2181AAA63F005D81BBC0C04650505E21D5123F9AE1F9E992BFF complete=false entries=1015 total=1015 symbols=0 dropped=false t=1791380002395
EPOCH_RECONCILED epoch=1 reporter=65A90023F6C0D2181AAA63F005D81BBC0C04650505E21D5123F9AE1F9E992BFF complete=false entries=1020 total=1020 symbols=0 dropped=false t=1791380002395
EPOCH_RECONCILED epoch=1 reporter=65A90023F6C0D2181AAA63F005D81BBC0C04650505E21D5123F9AE1F9E992BFF complete=true entries=141 total=1020 symbols=243 dropped=false t=1791380002404
EPOCH_RECONCILED epoch=1 reporter=65A90023F6C0D2181AAA63F005D81BBC0C04650505E21D5123F9AE1F9E992BFF complete=true entries=138 total=1020 symbols=243 dropped=false t=1791380002407
EPOCH_RECONCILED epoch=1 reporter=65A90023F6C0D2181AAA63F005D81BBC0C04650505E21D5123F9AE1F9E992BFF complete=true entries=143 total=1020 symbols=243 dropped=false t=1791380002409
EPOCH_RECONCILED epoch=1 reporter=65A90023F6C0D2181AAA63F005D81BBC0C04650505E21D5123F9AE1F9E992BFF complete=false entries=0 total=14613 symbols=0 dropped=false t=1791380002472
EPOCH_RECONCILED epoch=1 reporter=65A90023F6C0D2181AAA63F005D81BBC0C04650505E21D5123F9AE1F9E992BFF complete=false entries=1016 total=1016 symbols=0 dropped=false t=1791380002475
EPOCH_RECONCILED epoch=1 reporter=65A90023F6C0D2181AAA63F005D81BBC0C04650505E21D5123F9AE1F9E992BFF complete=true entries=142 total=1020 symbols=243 dropped=false t=1791380002479
EPOCH_CLOSE_READY epoch=1 t=1791380002626
EPOCH_CLOSE_READY epoch=1 t=1791380002835
EPOCH_VALUE epoch=1 value=7F803E2055F171CB7A0A7D7594A202E8D03A6E13208CB30751BE3DAA21CA3128 state=26CF664B35D69BE1B992FAEB9521965A12219980AD5EE5EDF0EE000396C9693E t=1791380002837
EPOCH_VALUE epoch=1 value=7F803E2055F171CB7A0A7D7594A202E8D03A6E13208CB30751BE3DAA21CA3128 state=26CF664B35D69BE1B992FAEB9521965A12219980AD5EE5EDF0EE000396C9693E t=1791380002852
EPOCH_CLOSE_READY epoch=1 t=1791380002853
EPOCH_VALUE epoch=1 value=7F803E2055F171CB7A0A7D7594A202E8D03A6E13208CB30751BE3DAA21CA3128 state=26CF664B35D69BE1B992FAEB9521965A12219980AD5EE5EDF0EE000396C9693E t=1791380002868
EPOCH_CLOSE_READY epoch=1 t=1791380002871
EPOCH_VALUE epoch=1 value=7F803E2055F171CB7A0A7D7594A202E8D03A6E13208CB30751BE3DAA21CA3128 state=26CF664B35D69BE1B992FAEB9521965A12219980AD5EE5EDF0EE000396C9693E t=1791380002879
EPOCH_CLOSE_ROUND epoch=1 round=0 leader=65A90023F6C0D2181AAA63F005D81BBC0C04650505E21D5123F9AE1F9E992BFF leads=false t=1791380002923
EPOCH_CLOSE_ROUND epoch=1 round=0 leader=65A90023F6C0D2181AAA63F005D81BBC0C04650505E21D5123F9AE1F9E992BFF leads=false t=1791380002978
EPOCH_CLOSE_ROUND epoch=1 round=0 leader=65A90023F6C0D2181AAA63F005D81BBC0C04650505E21D5123F9AE1F9E992BFF leads=false t=1791380002979
EPOCH_CLOSE_ROUND epoch=1 round=0 leader=65A90023F6C0D2181AAA63F005D81BBC0C04650505E21D5123F9AE1F9E992BFF leads=false t=1791380003061
EPOCH_INSTALL epoch=1 finalized=15493 instances_confirmed=847 t=1791380003084
2026-10-07T13:33:23.182253Z  INFO nanospam::app: Confirmed 30,645 blocks | 2,000 bps | 68 cps | avg conf time: 218 ms
EPOCH_CLOSE_ROUND epoch=1 round=1 leader=735FE217D91E88EA82324C5883296385FA0041C2FAC85C827BAA46DA1E14B83F leads=false t=1791380003230
EPOCH_CLOSE_ROUND epoch=1 round=1 leader=735FE217D91E88EA82324C5883296385FA0041C2FAC85C827BAA46DA1E14B83F leads=false t=1791380003276
EPOCH_CLOSE_ROUND epoch=1 round=1 leader=735FE217D91E88EA82324C5883296385FA0041C2FAC85C827BAA46DA1E14B83F leads=false t=1791380003279
EPOCH_CLOSE_ROUND epoch=1 round=1 leader=735FE217D91E88EA82324C5883296385FA0041C2FAC85C827BAA46DA1E14B83F leads=false t=1791380003279
EPOCH_INSTALL epoch=1 finalized=15493 instances_confirmed=847 t=1791380003297
EPOCH_INSTALL epoch=1 finalized=15493 instances_confirmed=847 t=1791380003298
EPOCH_INSTALL epoch=1 finalized=15493 instances_confirmed=847 t=1791380003299
EPOCH_INSTALL epoch=1 finalized=15493 instances_confirmed=847 t=1791380003306
EPOCH_COMMITTEE derived_by=1 members=6 accounts=12059 n=6 digest=95D409445152DD075E6A4799205DFA5689496EB8EE1A22AC2A200B9DBC2DCF27 shares=["735FE217:16.7%", "A353E45E:16.7%", "D315857C:16.7%", "911999B2:16.7%", "633D9D61:16.7%", "65A90023:16.7%"] t=1791380003380
EPOCH_OMITTED epoch=1 instances=77 retained=2 t=1791380003381
EPOCH_GATE epoch=2 released=2024 finalized=1602 t=1791380003390
EPOCH_CLOSED epoch=1 round=0 value=7F803E2055F171CB7A0A7D7594A202E8D03A6E13208CB30751BE3DAA21CA3128 state=26CF664B35D69BE1B992FAEB9521965A12219980AD5EE5EDF0EE000396C9693E t=1791380003391
EPOCH_INSTALLED epoch=1 finalized=15493 cemented=14778 queued=715 missing=0 t=1791380003470
EPOCH_COMMITTEE derived_by=1 members=6 accounts=12059 n=6 digest=95D409445152DD075E6A4799205DFA5689496EB8EE1A22AC2A200B9DBC2DCF27 shares=["735FE217:16.7%", "A353E45E:16.7%", "D315857C:16.7%", "911999B2:16.7%", "633D9D61:16.7%", "65A90023:16.7%"] t=1791380003493
EPOCH_OMITTED epoch=1 instances=87 retained=2 t=1791380003493
EPOCH_COMMITTEE derived_by=1 members=6 accounts=12059 n=6 digest=95D409445152DD075E6A4799205DFA5689496EB8EE1A22AC2A200B9DBC2DCF27 shares=["735FE217:16.7%", "A353E45E:16.7%", "D315857C:16.7%", "911999B2:16.7%", "633D9D61:16.7%", "65A90023:16.7%"] t=1791380003502
EPOCH_OMITTED epoch=1 instances=87 retained=2 t=1791380003502
EPOCH_COMMITTEE derived_by=1 members=6 accounts=12059 n=6 digest=95D409445152DD075E6A4799205DFA5689496EB8EE1A22AC2A200B9DBC2DCF27 shares=["735FE217:16.7%", "A353E45E:16.7%", "D315857C:16.7%", "911999B2:16.7%", "633D9D61:16.7%", "65A90023:16.7%"] t=1791380003508
EPOCH_OMITTED epoch=1 instances=87 retained=2 t=1791380003508
EPOCH_GATE epoch=2 released=2438 finalized=1613 t=1791380003511
EPOCH_CLOSED epoch=1 round=0 value=7F803E2055F171CB7A0A7D7594A202E8D03A6E13208CB30751BE3DAA21CA3128 state=26CF664B35D69BE1B992FAEB9521965A12219980AD5EE5EDF0EE000396C9693E t=1791380003511
EPOCH_GATE epoch=2 released=2444 finalized=1613 t=1791380003517
EPOCH_CLOSED epoch=1 round=0 value=7F803E2055F171CB7A0A7D7594A202E8D03A6E13208CB30751BE3DAA21CA3128 state=26CF664B35D69BE1B992FAEB9521965A12219980AD5EE5EDF0EE000396C9693E t=1791380003517
EPOCH_INSTALLED epoch=1 finalized=15493 cemented=14719 queued=37 missing=737 t=1791380003546
EPOCH_COMMITTEE derived_by=1 members=6 accounts=12059 n=6 digest=95D409445152DD075E6A4799205DFA5689496EB8EE1A22AC2A200B9DBC2DCF27 shares=["735FE217:16.7%", "A353E45E:16.7%", "D315857C:16.7%", "911999B2:16.7%", "633D9D61:16.7%", "65A90023:16.7%"] t=1791380003547
EPOCH_OMITTED epoch=1 instances=87 retained=2 t=1791380003548
EPOCH_GATE epoch=2 released=2444 finalized=1613 t=1791380003578
EPOCH_CLOSED epoch=1 round=0 value=7F803E2055F171CB7A0A7D7594A202E8D03A6E13208CB30751BE3DAA21CA3128 state=26CF664B35D69BE1B992FAEB9521965A12219980AD5EE5EDF0EE000396C9693E t=1791380003578
EPOCH_INSTALLED epoch=1 finalized=15493 cemented=14979 queued=514 missing=0 t=1791380003605
EPOCH_INSTALLED epoch=1 finalized=15493 cemented=14726 queued=30 missing=737 t=1791380003693
EPOCH_GATE epoch=2 released=2429 finalized=1613 t=1791380003701
EPOCH_CLOSED epoch=1 round=0 value=7F803E2055F171CB7A0A7D7594A202E8D03A6E13208CB30751BE3DAA21CA3128 state=26CF664B35D69BE1B992FAEB9521965A12219980AD5EE5EDF0EE000396C9693E t=1791380003701
EPOCH_INSTALLED epoch=1 finalized=15493 cemented=14726 queued=767 missing=0 t=1791380003939
EPOCH_FOLLOW cemented=514 cementing=0 requested=0 pending=0 t=1791380004090
EPOCH_FOLLOW cemented=767 cementing=0 requested=0 pending=0 t=1791380004157
2026-10-07T13:33:24.183450Z  INFO nanospam::app: Confirmed 34,984 blocks | 2,000 bps | 4,333 cps | avg conf time: 1715 ms
EPOCH_FOLLOW cemented=715 cementing=0 requested=0 pending=0 t=1791380004218
EPOCH_FOLLOW cemented=774 cementing=0 requested=0 pending=0 t=1791380004289
EPOCH_FOLLOW cemented=767 cementing=0 requested=0 pending=0 t=1791380004425
2026-10-07T13:33:25.184256Z  INFO nanospam::app: Confirmed 37,067 blocks | 2,000 bps | 2,081 cps | avg conf time: 105 ms
2026-10-07T13:33:26.185200Z  INFO nanospam::app: Confirmed 38,832 blocks | 2,000 bps | 1,763 cps | avg conf time: 99 ms
2026-10-07T13:33:27.186120Z  INFO nanospam::app: Confirmed 40,716 blocks | 2,000 bps | 1,882 cps | avg conf time: 103 ms
2026-10-07T13:33:28.187220Z  INFO nanospam::app: Confirmed 42,599 blocks | 2,000 bps | 1,880 cps | avg conf time: 104 ms
2026-10-07T13:33:29.189313Z  INFO nanospam::app: Confirmed 44,310 blocks | 2,000 bps | 1,707 cps | avg conf time: 107 ms
2026-10-07T13:33:29.227096Z  INFO nanospam::app: Confirming 45000 blocks took 23.06s
2026-10-07T13:33:29.227124Z  INFO nanospam::app: Confirmation rate: 1951 cps
2026-10-07T13:33:29.227130Z  INFO nanospam::app: Average conf time: 408 ms
2026-10-07T13:33:29.227135Z  INFO nanospam::app: Non-fork confirmation rate: 1853 cps (42753 of 42753 non-fork blocks, 1557 of 2247 forks)
2026-10-07T13:33:29.227534Z  INFO nanospam::app: RAI_BENCH_METRICS {"created":45000,"confirmed":44310,"duration_secs":23.0618945,"confirmation_unit":"primary publication or its confirmed fork alternative","alternative_confirmed":1523,"confirmation_histogram_ms":{"28":1,"35":1,"38":1,"39":1,"40":5,"41":11,"42":14,"43":14,"44":13,"45":28,"46":19,"47":23,"48":27,"49":38,"50":40,"51":43,"52":41,"53":62,"54":61,"55":75,"56":91,"57":120,"58":126,"59":135,"60":161,"61":156,"62":153,"63":158,"64":191,"65":196,"66":218,"67":235,"68":260,"69":275,"70":263,"71":276,"72":287,"73":284,"74":300,"75":305,"76":325,"77":340,"78":330,"79":329,"80":320,"81":332,"82":343,"83":312,"84":364,"85":337,"86":327,"87":383,"88":352,"89":380,"90":376,"91":370,"92":382,"93":365,"94":399,"95":396,"96":468,"97":462,"98":477,"99":488,"100":498,"101":533,"102":555,"103":581,"104":568,"105":619,"106":595,"107":663,"108":730,"109":741,"110":765,"111":800,"112":800,"113":765,"114":789,"115":771,"116":777,"117":724,"118":761,"119":739,"120":694,"121":630,"122":634,"123":576,"124":552,"125":506,"126":458,"127":421,"128":373,"129":303,"130":271,"131":216,"132":187,"133":178,"134":147,"135":103,"136":97,"137":96,"138":64,"139":42,"140":57,"141":52,"142":42,"143":44,"144":44,"145":22,"146":26,"147":33,"148":24,"149":24,"150":27,"151":16,"152":38,"153":36,"154":37,"155":33,"156":26,"157":31,"158":24,"159":28,"160":22,"161":35,"162":32,"163":55,"164":53,"165":25,"166":28,"167":26,"168":12,"169":9,"170":17,"171":23,"172":34,"173":40,"174":14,"175":7,"176":8,"177":7,"178":17,"179":15,"180":10,"181":13,"182":28,"183":24,"184":22,"185":43,"186":39,"187":31,"188":30,"189":23,"190":36,"191":50,"192":43,"193":29,"194":17,"195":35,"196":27,"197":9,"198":15,"199":11,"200":16,"201":15,"202":18,"203":24,"204":17,"205":12,"206":27,"207":25,"208":21,"209":11,"210":34,"211":31,"212":30,"213":26,"214":33,"215":32,"216":28,"217":17,"218":16,"219":22,"220":19,"221":10,"222":10,"223":9,"224":9,"225":13,"226":6,"227":7,"228":15,"229":14,"230":44,"231":33,"232":30,"233":12,"234":12,"235":10,"236":20,"237":8,"238":11,"239":5,"240":13,"241":8,"242":18,"243":13,"244":18,"245":8,"246":11,"247":14,"248":10,"249":10,"250":10,"251":9,"252":10,"253":19,"254":18,"255":10,"256":7,"257":10,"258":7,"259":4,"260":6,"261":12,"262":7,"263":11,"264":10,"265":11,"266":6,"267":12,"268":10,"269":10,"270":4,"271":9,"272":10,"273":6,"274":5,"275":11,"276":9,"277":14,"278":9,"279":10,"280":11,"281":15,"282":14,"283":12,"284":8,"285":10,"286":3,"287":10,"288":6,"289":9,"290":8,"291":4,"292":7,"293":6,"294":4,"295":3,"296":3,"297":1,"298":5,"300":2,"301":2,"302":4,"304":8,"307":2,"308":3,"309":2,"310":5,"311":3,"312":2,"313":3,"314":2,"315":1,"316":4,"317":5,"318":3,"319":3,"320":5,"321":3,"322":1,"323":5,"324":4,"325":1,"326":7,"327":5,"328":3,"329":2,"330":5,"331":1,"332":1,"333":3,"334":5,"335":2,"336":6,"337":5,"338":3,"339":2,"340":4,"341":3,"342":3,"343":2,"344":6,"345":3,"346":4,"347":5,"348":4,"349":7,"350":5,"352":2,"353":8,"354":2,"355":6,"356":3,"357":5,"358":5,"359":1,"360":5,"361":4,"362":2,"363":6,"364":4,"365":4,"366":1,"367":5,"368":2,"369":3,"370":3,"372":2,"373":2,"374":4,"375":3,"376":5,"377":2,"378":2,"379":5,"380":4,"381":6,"382":5,"383":3,"384":2,"385":2,"386":4,"387":3,"388":3,"389":2,"390":3,"391":3,"392":1,"394":4,"395":6,"396":5,"397":1,"398":6,"399":5,"400":4,"401":4,"402":4,"403":4,"404":7,"405":1,"406":4,"407":1,"408":4,"409":4,"410":6,"411":1,"412":8,"413":3,"415":6,"416":4,"417":5,"418":4,"419":6,"420":6,"421":7,"422":8,"423":5,"424":6,"425":2,"426":5,"427":2,"429":2,"430":2,"431":3,"432":3,"433":1,"434":1,"435":6,"436":3,"437":6,"438":8,"439":6,"440":8,"441":5,"442":4,"443":4,"444":4,"445":1,"447":4,"448":8,"449":3,"450":6,"451":3,"452":2,"453":1,"454":7,"455":11,"456":5,"457":4,"458":6,"459":3,"460":4,"462":3,"463":2,"464":1,"465":2,"466":3,"467":2,"468":1,"469":5,"470":2,"471":1,"472":3,"473":1,"474":1,"476":2,"477":3,"479":1,"480":2,"481":5,"482":2,"483":5,"484":4,"485":3,"486":1,"487":5,"488":3,"489":6,"490":2,"491":5,"492":6,"493":4,"494":3,"495":2,"496":6,"497":4,"498":5,"499":4,"500":5,"502":4,"503":2,"504":5,"505":5,"506":2,"507":2,"508":3,"509":4,"510":6,"511":6,"512":6,"513":6,"514":6,"515":3,"516":4,"517":5,"518":4,"519":8,"520":2,"521":9,"522":10,"523":9,"524":7,"525":3,"526":9,"527":7,"528":9,"529":7,"530":4,"531":9,"532":17,"533":15,"534":5,"535":9,"536":10,"537":5,"538":9,"539":7,"540":7,"541":9,"542":12,"543":12,"544":8,"545":6,"546":7,"547":13,"548":8,"549":2,"550":4,"551":8,"552":14,"553":6,"554":4,"555":6,"557":5,"558":4,"559":4,"560":5,"561":3,"562":6,"563":7,"564":4,"565":5,"566":8,"567":4,"568":9,"569":5,"570":5,"571":8,"572":7,"573":8,"574":7,"575":4,"576":3,"577":7,"578":3,"579":6,"580":4,"581":4,"582":6,"583":3,"584":3,"585":9,"586":2,"587":3,"588":8,"589":2,"590":4,"591":5,"592":4,"593":5,"594":4,"595":7,"596":5,"597":5,"598":6,"599":8,"600":5,"601":6,"602":4,"603":10,"604":5,"605":8,"606":12,"607":7,"608":10,"609":9,"610":8,"611":5,"612":6,"613":3,"614":10,"615":2,"616":5,"617":4,"618":6,"620":4,"621":2,"622":5,"623":6,"624":4,"625":4,"626":5,"627":4,"628":3,"629":6,"630":5,"631":6,"632":6,"633":3,"634":7,"635":6,"636":5,"637":6,"638":5,"639":3,"640":3,"641":2,"642":2,"643":4,"644":5,"645":6,"646":4,"647":2,"648":5,"649":2,"650":2,"651":2,"652":4,"653":7,"654":4,"655":4,"656":4,"657":5,"658":5,"659":2,"660":5,"661":4,"662":6,"663":7,"664":4,"665":4,"666":5,"667":6,"668":2,"669":3,"670":3,"671":1,"672":5,"673":5,"675":6,"676":9,"677":1,"678":5,"679":9,"680":6,"681":7,"682":5,"683":5,"684":8,"685":8,"686":1,"687":4,"688":7,"689":6,"690":9,"691":9,"692":13,"693":6,"694":13,"695":6,"696":9,"697":6,"698":10,"699":7,"700":6,"701":11,"702":6,"703":4,"704":6,"705":8,"706":3,"707":3,"708":2,"709":5,"711":4,"712":8,"713":2,"714":3,"715":3,"716":6,"717":4,"718":7,"719":1,"720":1,"721":4,"722":6,"723":5,"724":3,"725":6,"726":3,"727":5,"728":4,"729":5,"730":7,"731":3,"732":6,"733":3,"734":5,"735":4,"736":6,"737":2,"738":1,"739":1,"740":5,"741":4,"742":3,"743":2,"744":3,"745":3,"746":5,"747":5,"748":4,"749":9,"750":6,"751":5,"752":8,"753":3,"754":7,"755":5,"756":7,"757":11,"758":4,"759":9,"760":6,"761":8,"762":8,"763":9,"764":3,"765":6,"766":6,"767":10,"768":3,"769":9,"770":3,"771":7,"772":5,"773":10,"774":5,"775":6,"776":5,"777":6,"778":1,"779":12,"780":8,"781":5,"782":7,"783":6,"784":5,"785":3,"786":5,"787":5,"788":9,"789":8,"790":6,"791":8,"792":4,"793":7,"794":7,"795":5,"796":5,"797":8,"798":6,"799":3,"800":3,"801":5,"802":7,"803":5,"804":8,"805":2,"806":5,"807":1,"808":7,"809":6,"810":3,"811":3,"812":6,"813":6,"814":4,"815":2,"816":7,"817":11,"818":3,"819":4,"820":5,"821":3,"822":5,"823":9,"824":5,"825":5,"826":7,"827":8,"828":3,"829":1,"830":3,"831":3,"832":5,"833":6,"834":5,"835":5,"836":5,"837":6,"838":7,"839":7,"840":9,"841":3,"842":4,"843":6,"844":4,"845":5,"846":10,"847":2,"848":3,"849":2,"850":11,"851":11,"852":6,"853":7,"854":4,"855":4,"856":7,"857":7,"858":4,"859":12,"860":2,"861":4,"862":6,"863":5,"864":6,"865":7,"866":10,"867":4,"868":9,"869":5,"870":3,"872":7,"873":1,"874":2,"875":4,"876":7,"877":5,"878":3,"879":5,"880":6,"881":5,"882":6,"883":7,"884":4,"885":2,"887":7,"888":8,"889":5,"890":6,"891":2,"892":1,"893":1,"894":2,"895":4,"896":4,"897":4,"898":6,"899":5,"900":4,"902":5,"903":2,"904":5,"905":4,"906":3,"907":4,"908":5,"909":2,"910":5,"911":6,"912":4,"913":1,"914":4,"916":3,"917":4,"918":2,"919":3,"920":4,"921":4,"922":4,"923":5,"924":4,"925":5,"926":3,"927":3,"928":1,"929":2,"930":4,"931":3,"932":4,"933":2,"934":3,"935":5,"936":8,"937":1,"938":4,"939":3,"940":4,"941":3,"942":2,"943":3,"944":5,"945":5,"946":4,"947":4,"948":3,"949":1,"950":2,"951":1,"952":5,"953":2,"954":5,"955":3,"956":5,"957":3,"958":6,"959":5,"960":4,"961":4,"962":6,"963":3,"964":5,"965":3,"966":2,"967":3,"968":3,"969":5,"970":3,"971":2,"972":3,"973":3,"974":1,"975":3,"976":3,"977":8,"979":4,"980":2,"981":6,"982":6,"983":1,"984":2,"985":1,"986":2,"987":5,"988":5,"989":5,"990":6,"991":5,"992":3,"993":3,"995":3,"996":1,"997":3,"998":1,"999":2,"1000":5,"1001":2,"1002":5,"1003":4,"1004":1,"1005":3,"1006":2,"1008":7,"1009":5,"1010":9,"1011":8,"1012":4,"1013":2,"1014":4,"1015":4,"1016":5,"1017":1,"1018":4,"1019":2,"1020":4,"1021":1,"1022":4,"1023":8,"1024":1,"1025":5,"1026":2,"1027":3,"1028":4,"1029":2,"1030":3,"1031":2,"1032":4,"1033":3,"1034":1,"1035":2,"1036":2,"1037":3,"1038":4,"1039":4,"1040":3,"1041":3,"1042":5,"1043":4,"1044":1,"1045":4,"1046":4,"1047":6,"1048":2,"1049":2,"1050":5,"1051":5,"1052":3,"1053":5,"1054":3,"1055":5,"1056":3,"1057":3,"1058":3,"1059":4,"1060":7,"1061":2,"1062":4,"1063":4,"1064":2,"1065":9,"1066":8,"1067":4,"1068":7,"1069":6,"1071":8,"1072":5,"1073":8,"1074":7,"1075":13,"1076":4,"1077":4,"1078":7,"1079":1,"1080":7,"1081":4,"1082":3,"1083":3,"1084":3,"1085":8,"1086":4,"1087":3,"1088":4,"1089":3,"1090":4,"1091":3,"1092":3,"1093":2,"1094":2,"1095":2,"1097":1,"1098":3,"1099":1,"1100":1,"1102":2,"1103":2,"1104":3,"1105":1,"1106":1,"1107":3,"1108":4,"1109":4,"1110":1,"1112":2,"1113":5,"1115":1,"1116":3,"1117":3,"1118":1,"1119":3,"1120":4,"1121":2,"1122":1,"1123":5,"1124":5,"1125":2,"1126":9,"1127":7,"1128":4,"1129":2,"1130":2,"1131":2,"1132":7,"1133":1,"1134":3,"1135":1,"1136":2,"1137":4,"1138":2,"1139":5,"1140":4,"1141":1,"1142":3,"1143":1,"1144":1,"1145":7,"1146":6,"1147":3,"1148":2,"1149":4,"1150":1,"1151":5,"1152":2,"1153":5,"1154":6,"1155":5,"1156":1,"1157":3,"1158":4,"1159":3,"1160":3,"1161":4,"1162":3,"1163":8,"1164":4,"1165":8,"1166":2,"1167":8,"1168":5,"1169":5,"1170":3,"1171":3,"1172":6,"1173":3,"1174":5,"1175":4,"1176":3,"1177":4,"1178":3,"1179":2,"1180":3,"1181":2,"1182":3,"1183":2,"1184":2,"1185":3,"1186":3,"1187":1,"1188":3,"1189":6,"1190":4,"1191":6,"1192":3,"1193":5,"1194":3,"1195":3,"1196":3,"1197":1,"1198":3,"1199":4,"1200":6,"1201":4,"1202":2,"1203":8,"1204":4,"1205":3,"1206":3,"1207":7,"1208":6,"1209":3,"1210":6,"1211":3,"1212":4,"1213":3,"1214":3,"1215":8,"1216":6,"1217":6,"1218":8,"1219":2,"1220":4,"1221":7,"1222":5,"1223":2,"1224":5,"1225":5,"1227":5,"1228":4,"1229":2,"1230":2,"1231":2,"1232":6,"1233":3,"1234":3,"1235":3,"1236":3,"1237":4,"1238":6,"1239":1,"1240":5,"1241":6,"1242":7,"1243":2,"1244":4,"1246":4,"1247":2,"1248":3,"1249":5,"1250":4,"1251":5,"1252":4,"1253":3,"1254":4,"1255":2,"1256":3,"1257":6,"1258":2,"1259":3,"1260":6,"1261":4,"1262":2,"1263":5,"1264":4,"1265":3,"1266":3,"1267":3,"1268":6,"1269":3,"1270":2,"1271":4,"1272":4,"1273":8,"1274":3,"1275":2,"1276":2,"1278":4,"1279":4,"1280":5,"1281":3,"1283":3,"1284":7,"1285":3,"1286":3,"1287":4,"1288":7,"1289":4,"1290":6,"1292":6,"1293":4,"1294":5,"1296":2,"1297":5,"1298":2,"1299":3,"1300":5,"1301":2,"1302":3,"1303":3,"1304":5,"1305":7,"1306":5,"1307":7,"1308":2,"1309":4,"1310":3,"1311":3,"1312":1,"1313":4,"1314":3,"1315":4,"1316":5,"1317":3,"1318":7,"1319":7,"1320":1,"1321":3,"1322":7,"1323":5,"1324":2,"1325":5,"1326":6,"1327":6,"1329":5,"1330":6,"1331":3,"1333":5,"1334":3,"1335":4,"1336":6,"1337":3,"1338":5,"1339":2,"1340":8,"1341":2,"1342":4,"1343":6,"1344":4,"1345":6,"1346":4,"1347":5,"1348":5,"1349":2,"1350":6,"1351":2,"1352":4,"1353":3,"1354":3,"1355":4,"1356":6,"1357":6,"1358":3,"1359":5,"1360":5,"1361":3,"1362":8,"1363":2,"1364":1,"1365":5,"1366":3,"1367":2,"1368":4,"1369":6,"1370":6,"1372":5,"1373":7,"1374":7,"1375":4,"1376":7,"1377":3,"1378":5,"1379":6,"1380":8,"1381":3,"1382":4,"1383":2,"1384":2,"1386":2,"1387":1,"1388":3,"1389":6,"1390":4,"1391":1,"1392":1,"1393":4,"1394":1,"1395":3,"1396":3,"1397":6,"1398":4,"1399":5,"1400":2,"1401":4,"1402":1,"1403":2,"1404":1,"1405":4,"1406":1,"1407":2,"1408":3,"1409":1,"1410":2,"1411":7,"1412":1,"1413":2,"1414":1,"1415":4,"1416":6,"1417":1,"1418":2,"1419":4,"1420":4,"1421":7,"1422":5,"1423":4,"1424":3,"1425":4,"1426":3,"1427":4,"1428":1,"1429":9,"1430":2,"1431":1,"1432":2,"1433":4,"1434":4,"1435":3,"1436":2,"1437":1,"1438":6,"1439":3,"1440":5,"1441":5,"1442":5,"1443":4,"1444":2,"1445":1,"1446":1,"1447":3,"1448":2,"1449":2,"1450":2,"1451":1,"1452":2,"1453":1,"1454":2,"1455":2,"1456":1,"1457":4,"1458":2,"1459":7,"1460":1,"1461":6,"1462":4,"1463":4,"1464":4,"1465":7,"1466":1,"1467":4,"1468":3,"1469":6,"1470":6,"1471":6,"1472":2,"1473":5,"1474":4,"1475":2,"1476":2,"1477":4,"1478":3,"1479":2,"1480":3,"1481":6,"1483":2,"1484":2,"1485":1,"1486":3,"1487":3,"1488":2,"1489":1,"1490":1,"1491":2,"1493":4,"1494":2,"1495":2,"1496":5,"1497":3,"1498":4,"1499":5,"1500":1,"1502":3,"1503":3,"1504":3,"1505":1,"1506":1,"1507":2,"1508":3,"1509":3,"1510":3,"1511":4,"1512":1,"1513":2,"1514":4,"1515":4,"1516":2,"1517":1,"1518":4,"1519":5,"1522":3,"1524":4,"1525":4,"1527":1,"1530":1,"1531":2,"1532":1,"1534":4,"1535":2,"1536":2,"1537":2,"1538":3,"1539":1,"1540":1,"1541":4,"1542":3,"1543":5,"1544":2,"1545":3,"1546":5,"1547":6,"1549":7,"1550":2,"1551":5,"1552":3,"1553":3,"1554":4,"1555":6,"1556":6,"1557":3,"1558":2,"1559":4,"1560":4,"1561":5,"1562":7,"1563":4,"1564":3,"1565":6,"1566":2,"1567":6,"1568":4,"1569":2,"1570":3,"1571":8,"1572":10,"1573":7,"1574":2,"1575":4,"1576":3,"1577":5,"1578":1,"1579":4,"1580":10,"1581":5,"1582":6,"1583":6,"1584":6,"1585":8,"1586":5,"1587":5,"1588":1,"1589":3,"1590":2,"1591":3,"1592":3,"1593":2,"1594":6,"1595":3,"1596":3,"1597":6,"1598":2,"1599":2,"1600":1,"1601":1,"1602":5,"1603":3,"1604":2,"1605":1,"1606":2,"1607":5,"1608":3,"1609":1,"1610":2,"1611":2,"1612":4,"1613":5,"1614":4,"1615":4,"1616":2,"1617":2,"1618":4,"1619":3,"1620":4,"1621":1,"1622":6,"1623":6,"1624":4,"1625":3,"1626":4,"1627":1,"1628":2,"1629":5,"1631":2,"1632":4,"1633":1,"1634":1,"1635":3,"1636":3,"1637":3,"1638":2,"1639":2,"1640":1,"1642":2,"1643":2,"1644":2,"1645":1,"1646":2,"1647":3,"1648":2,"1649":3,"1650":1,"1651":3,"1652":2,"1653":4,"1654":6,"1655":2,"1656":2,"1657":4,"1658":6,"1660":1,"1661":1,"1662":2,"1663":4,"1664":2,"1665":2,"1666":3,"1667":4,"1668":2,"1669":3,"1670":1,"1671":4,"1672":2,"1673":3,"1674":2,"1675":6,"1676":3,"1677":3,"1678":1,"1679":2,"1680":3,"1681":3,"1682":1,"1683":2,"1684":2,"1685":4,"1686":2,"1687":5,"1688":3,"1689":3,"1690":1,"1691":1,"1692":1,"1693":2,"1694":3,"1695":1,"1696":1,"1697":2,"1698":2,"1700":3,"1701":3,"1703":3,"1704":2,"1705":4,"1706":4,"1707":4,"1710":1,"1711":1,"1713":1,"1714":2,"1715":2,"1716":2,"1719":1,"1720":1,"1721":2,"1722":3,"1723":1,"1724":1,"1725":2,"1727":2,"1728":3,"1729":3,"1730":1,"1731":2,"1732":1,"1733":2,"1734":2,"1735":3,"1736":1,"1737":3,"1738":2,"1748":1,"1749":1,"1753":1,"1755":1,"1759":1,"1760":1,"1762":1,"1769":1,"1773":3,"1775":1,"1776":5,"1777":2,"1778":1,"1779":3,"1780":1,"1781":2,"1782":1,"1783":2,"1784":1,"1785":2,"1787":2,"1788":1,"1799":1,"1801":1,"1804":1,"1805":1,"1816":1,"1818":2,"1819":1,"1830":1,"1839":1,"1841":1,"1842":1,"1843":1,"1850":2,"1851":1,"1852":1,"1853":1,"1854":1,"1855":2,"1857":2,"1858":1,"1859":1,"1860":3,"1861":4,"1862":1,"1864":2,"1865":3,"1866":2,"1867":2,"1868":6,"1871":1,"1872":2,"1873":1,"1874":4,"1875":1,"1876":4,"1877":1,"1878":3,"1879":1,"1880":1,"1881":2,"1882":4,"1883":1,"1884":1,"1885":2,"1886":3,"1887":1,"1888":4,"1889":1,"1891":1,"1894":2,"1895":3,"1896":3,"1897":4,"1898":4,"1899":1,"1900":2,"1901":4,"1902":4,"1903":2,"1904":2,"1906":6,"1907":1,"1908":1,"1909":3,"1913":1,"1914":1,"1915":1,"1916":1,"1917":1,"1919":3,"1920":2,"1921":2,"1922":1,"1923":1,"1924":3,"1925":4,"1926":2,"1927":4,"1928":3,"1931":1,"1932":4,"1933":3,"1934":4,"1935":2,"1936":2,"1938":3,"1940":1,"1944":1,"1957":1,"1962":2,"1968":1,"1969":1,"1970":1,"1974":1,"1980":1,"1982":1,"1985":1,"1986":1,"2000":1,"2002":1,"2007":1,"2027":1,"2028":1,"2029":1,"2030":1,"2040":1,"2045":1,"2048":1,"2053":1,"2054":1,"2056":1,"2060":1,"2069":1,"2076":1,"2085":1,"2087":1,"2088":1,"2093":1,"2095":1,"2096":1,"2105":1,"2106":1,"2115":1,"2121":2,"2132":1,"2135":1,"2140":2,"2143":1,"2144":1,"2147":1,"2159":1,"2161":1,"2163":1,"2164":1,"2179":1,"2180":1,"2192":1,"2194":1,"2196":1,"2204":1,"2214":1,"2215":1,"2217":1,"2218":1,"2227":1,"2233":1,"2234":1,"2236":1,"2238":1,"2242":1,"2252":1,"2253":1,"2272":1,"2275":1,"2278":1,"2280":2,"2285":1,"2288":1,"2291":1,"2294":1,"2300":1,"2303":1,"2305":1,"2306":1,"2307":1,"2326":1,"2336":1,"2340":1,"2343":1,"2344":1,"2346":1,"2362":2,"2365":1,"2369":1,"2378":1,"2379":1,"2414":1,"2426":1,"2431":1,"2438":2,"2441":1,"2442":1,"2448":1,"2455":1,"2456":1,"2470":1,"2476":1,"2484":1,"2498":1,"2514":2,"2534":2,"2540":1,"2545":1,"2549":1,"2563":1,"2572":1,"2577":2,"2581":1,"2585":1,"2594":1,"2608":1,"2616":1,"2617":1,"2620":1,"2621":1,"2626":1,"2627":1,"2630":1,"2635":1,"2649":1,"2652":1,"2653":1,"2658":1,"2672":1,"2689":1,"2696":1,"2698":1,"2700":2,"2708":1,"2711":1,"2712":1,"2718":2,"2742":1,"2744":1,"2745":1,"2748":1,"2749":1,"2762":1,"2765":1,"2774":1,"2776":1,"2779":2,"2786":1,"2799":1,"2800":1,"2803":1,"2807":1,"2809":1,"2821":1,"2824":1,"2837":1,"2840":1,"2844":1,"2848":1,"2851":1,"2852":1,"2853":1,"2856":1,"2857":1,"2863":1,"2865":2,"2872":1,"2882":1,"2889":2,"2890":2,"2892":1,"2898":1,"2901":1,"2911":1,"2913":1,"2914":1,"2916":1,"2926":1,"2927":1,"2946":1,"2963":1,"2965":1,"2966":1,"2968":1,"2975":1,"2978":1,"2979":1,"2981":1,"2985":1,"2992":1,"2999":1,"3004":1,"3005":1,"3011":1,"3034":2,"3040":1,"3046":1,"3072":1,"3073":1,"3079":1,"3083":1,"3092":1,"3105":1,"3106":1,"3108":1,"3118":1,"3123":1,"3127":1,"3130":1,"3138":1,"3149":1,"3151":1,"3160":1,"3162":1,"3168":2,"3172":1,"3179":1,"3186":1,"3216":1,"3224":1,"3231":1,"3234":1,"3237":1,"3239":1,"3244":1,"3246":1,"3250":1,"3252":1,"3255":1,"3258":1,"3275":1,"3276":1,"3282":1,"3288":1,"3297":1,"3306":1,"3307":1,"3309":1,"3314":1,"3316":1,"3318":1,"3329":1,"3335":2,"3349":1,"3353":1,"3354":2,"3355":1,"3364":1,"3371":1,"3374":1,"3376":1,"3379":1,"3380":1,"3385":1,"3387":1,"3399":1,"3405":1,"3411":2,"3412":1,"3416":1,"3426":1,"3430":1,"3433":1,"3434":2,"3436":1,"3444":1,"3450":1,"3451":1,"3452":1,"3459":1,"3471":1,"3487":1,"3489":1,"3490":1,"3509":1,"3510":1,"3515":1,"3523":1,"3527":1,"3534":1,"3542":1,"3545":2,"3546":1,"3550":2,"3558":1,"3561":1,"3565":1,"3583":1,"3586":1,"3588":1,"3603":1,"3614":1,"3620":1,"3622":1,"3625":1,"3626":1,"3636":2,"3655":1,"3664":1,"3676":1,"3688":1,"3693":1,"3696":1,"3698":1,"3706":1,"3708":1,"3716":1,"3726":2,"3734":1,"3737":1,"3740":1,"3743":1,"3744":1,"3754":1,"3765":1,"3767":1,"3770":1,"3771":1,"3773":1,"3774":1,"3782":1,"3787":1,"3789":1,"3793":1,"3795":1,"3797":1,"3801":1,"3802":1,"3806":1,"3819":1,"3820":1,"3821":2,"3823":1,"3825":1,"3826":1,"3834":1,"3846":1,"3854":1,"3862":1,"3866":1,"3875":1,"3890":1,"3893":1,"3898":1,"3901":1,"3907":1,"3911":3,"3917":2,"3919":1,"3931":1,"3935":1,"3942":1,"3954":1,"3964":1,"3974":1,"3976":1,"3978":1,"3985":1,"3989":1,"3991":1,"4001":1,"4005":1,"4017":1,"4029":1,"4033":1,"4037":1,"4041":1,"4048":1,"4049":1,"4056":1,"4057":1,"4060":1,"4061":1,"4063":1,"4064":1,"4074":1,"4087":1,"4092":1,"4103":1,"4107":1,"4108":1,"4115":1,"4123":1,"4127":1,"4131":1,"4133":1,"4155":1,"4160":3,"4161":1,"4166":1,"4181":1,"4188":1,"4191":1,"4204":1,"4225":1,"4227":1,"4229":1,"4233":1,"4247":1,"4268":1,"4270":1,"4278":3,"4279":1,"4282":1,"4286":2,"4287":2,"4292":1,"4297":1,"4299":2,"4306":1,"4307":1,"4309":1,"4313":2,"4314":1,"4318":1,"4320":1,"4329":1,"4330":1,"4343":1,"4346":1,"4353":1,"4358":1,"4362":1,"4368":1,"4375":1,"4378":1,"4401":1,"4402":2,"4412":2,"4424":1,"4426":1,"4428":1,"4429":1,"4439":1,"4443":1,"4461":1,"4466":1,"4470":1,"4475":1,"4477":2,"4487":1,"4488":1,"4494":1,"4509":1,"4513":1,"4515":1,"4518":1,"4519":1,"4523":1,"4524":1,"4525":1,"4529":2,"4552":1,"4553":1,"4557":1,"4558":1,"4564":1,"4573":1,"4574":1,"4584":1,"4602":1,"4610":1,"4612":1,"4614":1,"4622":1,"4623":1,"4624":1,"4639":1,"4640":1,"4642":1,"4644":1,"4646":1,"4649":1,"4660":1,"4665":1,"4668":1,"4675":1,"4676":1,"4679":1,"4691":2,"4696":2,"4700":1,"4704":1,"4706":2,"4710":1,"4711":1,"4746":1,"4760":1,"4762":1,"4771":1,"4796":1,"4807":1,"4812":1,"4814":1,"4831":1,"4835":1,"4838":1,"4848":1,"4852":1,"4856":1,"4858":1,"4867":1,"4875":2,"4876":1,"4879":1,"4891":1,"4898":1,"4906":1,"4907":1,"4914":1,"4949":1,"4961":1,"4971":1,"4978":1,"4984":1,"4989":1,"4995":1,"5000":1,"5013":1,"5014":1,"5025":1,"5033":2,"5039":1,"5040":1,"5042":1,"5047":1,"5049":1,"5050":1,"5052":2,"5059":1,"5063":1,"5068":1,"5083":1,"5097":1,"5101":1,"5124":1,"5127":1,"5129":1,"5135":2,"5145":1,"5148":1,"5150":1,"5151":2,"5155":1,"5156":1,"5165":1,"5171":1,"5174":1,"5175":1,"5176":1,"5177":1,"5180":1,"5195":2,"5197":1,"5199":1,"5206":2,"5211":1,"5216":1,"5219":1,"5223":1,"5226":1,"5233":1,"5252":1,"5254":1,"5257":1,"5261":1,"5263":1,"5264":1,"5279":2,"5285":1,"5286":1,"5300":1,"5303":1,"5307":1,"5310":1,"5312":1,"5314":1,"5321":2,"5330":1,"5335":1,"5340":1,"5343":1,"5345":2,"5348":1,"5349":1,"5355":1,"5362":1,"5365":1,"5369":1,"5376":1,"5378":1,"5379":1,"5383":1,"5389":1,"5392":1,"5399":1,"5402":1,"5404":1,"5409":1,"5411":1,"5414":1,"5419":1,"5420":1,"5421":1,"5429":1,"5440":2,"5452":1,"5453":1,"5457":1,"5463":1,"5466":2,"5468":1,"5473":1,"5475":1,"5477":1,"5484":1,"5498":2,"5501":2,"5502":2,"5503":1,"5508":1,"5511":1,"5538":2,"5540":1,"5542":1,"5546":1,"5548":1,"5564":1,"5567":1,"5572":1,"5576":1,"5582":1,"5596":1,"5598":1,"5600":1,"5601":1,"5609":2,"5612":1,"5614":1,"5624":1,"5631":1,"5635":1,"5637":1,"5639":1,"5640":1,"5647":1,"5676":1,"5680":1,"5681":1,"5699":1,"5702":1,"5724":1,"5725":1,"5732":1,"5736":1,"5747":1,"5749":1,"5755":1,"5772":1,"5773":2,"5776":1,"5778":1,"5782":1,"5784":1,"5785":1,"5788":1,"5795":1,"5796":2,"5802":1,"5811":1,"5833":1,"5836":1,"5839":2,"5849":1,"5856":1,"5859":1,"5860":1,"5862":1,"5866":1,"5869":1,"5876":1,"5877":1,"5879":1,"5884":1,"5892":1,"5895":1,"5916":1,"5917":1,"5918":1,"5925":1,"5930":1,"5933":1,"5934":1,"5938":1,"5941":1,"5942":1,"5944":1,"5953":1,"5955":1,"5957":1,"5974":1,"5993":1,"6004":1,"6006":1,"6015":1,"6021":2,"6024":1,"6033":1,"6036":1,"6039":2,"6046":1,"6047":1,"6048":1,"6049":1,"6058":1,"6061":1,"6069":1,"6071":1,"6073":1,"6075":1,"6077":1,"6078":1,"6089":1,"6091":1,"6095":1,"6100":2,"6101":1,"6104":1,"6110":1,"6112":1,"6113":1,"6118":1,"6120":1,"6123":1,"6128":1,"6138":1,"6143":1,"6147":1,"6151":1,"6152":1,"6156":1,"6162":1,"6168":1,"6177":2,"6186":1,"6189":1,"6198":2,"6205":1,"6210":1,"6213":1,"6214":1,"6215":1,"6221":1,"6222":1,"6223":1,"6224":1,"6225":1,"6228":1,"6237":1,"6243":1,"6245":1,"6255":1,"6261":1,"6269":1,"6270":2,"6279":2,"6282":1,"6295":1,"6298":1,"6306":1,"6310":1,"6313":1,"6325":1,"6330":1,"6332":1,"6336":1,"6346":1,"6347":1,"6349":1,"6352":1,"6353":1,"6360":1,"6368":1,"6377":2,"6380":1,"6383":1,"6386":1,"6389":1,"6390":1,"6397":1,"6403":1,"6408":1,"6411":1,"6412":1,"6420":1,"6422":1,"6423":1,"6436":1,"6441":1,"6455":1,"6460":2,"6469":2,"6470":1,"6482":1,"6501":1,"6508":1,"6523":1,"6524":1,"6534":1,"6536":1,"6545":1,"6549":1,"6558":2,"6559":1,"6566":1,"6584":1,"6589":1,"6600":1,"6602":1,"6605":1,"6613":1,"6614":1,"6616":1,"6618":1,"6623":1,"6637":1,"6638":2,"6639":1,"6642":1,"6649":1,"6656":1,"6662":1,"6668":1,"6670":1,"6681":2,"6686":1,"6691":2,"6692":1,"6695":1,"6702":1,"6705":1,"6710":1,"6715":2,"6716":1,"6717":1,"6723":2,"6736":1,"6737":1,"6738":1,"6741":1,"6747":1,"6760":1,"6762":1,"6768":1,"6769":1,"6784":1,"6785":1,"6791":1,"6797":1,"6799":1,"6804":1,"6823":1,"6828":1,"6831":1,"6840":1,"6850":1,"6851":1,"6854":1,"6866":1,"6869":1,"6872":1,"6875":1,"6882":1,"6887":2,"6889":1,"6892":1,"6893":1,"6894":1,"6896":1,"6899":1,"6901":1,"6903":1,"6912":1,"6915":1,"6924":1,"6928":1,"6935":1,"6942":1,"6943":2,"6946":1,"6947":1,"6948":2,"6959":2,"6964":1,"6974":2,"6979":1,"6985":1,"6991":1,"7014":1,"7018":1,"7024":1,"7032":1,"7035":1,"7037":1,"7039":2,"7046":1,"7054":1,"7055":1,"7060":2,"7063":1,"7065":1,"7067":1,"7071":1,"7074":1,"7075":1,"7091":1,"7097":1,"7111":1,"7119":1,"7124":1,"7129":1,"7134":1,"7142":1,"7150":1,"7157":1,"7158":1,"7161":2,"7169":1,"7172":1,"7185":1,"7186":1,"7188":2,"7196":1,"7199":1,"7202":1,"7203":1,"7208":1,"7211":1,"7215":1,"7219":1,"7224":1,"7228":1,"7229":1,"7230":1,"7233":1,"7237":1,"7242":1,"7244":1,"7249":1,"7252":2,"7264":1,"7265":1,"7268":1,"7270":1,"7275":1,"7282":1,"7284":1,"7285":1,"7286":1,"7290":1,"7291":1,"7298":1,"7300":1,"7303":1,"7305":2,"7308":1,"7314":1,"7321":1,"7325":1,"7327":1,"7331":1,"7348":2,"7351":1,"7383":1,"7385":1,"7396":1,"7401":1,"7406":1,"7410":1,"7412":1,"7420":1,"7423":1,"7424":1,"7426":1,"7439":1,"7470":1,"7474":1,"7484":2,"7494":1,"7497":1,"7498":1,"7504":1,"7514":1,"7522":1,"7525":1,"7531":1,"7534":1,"7539":1,"7541":1,"7544":1,"7553":1,"7555":1,"7563":1,"7566":1,"7567":2,"7570":1,"7592":1,"7600":1,"7608":1,"7619":1,"7622":1,"7623":3,"7633":1,"7635":1,"7639":1,"7650":1,"7672":1,"7676":1,"7677":1,"7678":1,"7679":1,"7684":1,"7692":1,"7701":1,"7709":1,"7710":2,"7712":1,"7714":1,"7715":1,"7716":2,"7722":2,"7725":1,"7726":3,"7727":3,"7728":1,"7731":1,"7732":1,"7737":1,"7738":1,"7740":1,"7742":1,"7745":1,"7750":1,"7787":1,"7792":1,"7793":1,"7794":1,"7795":1,"7799":1,"7801":1,"7802":2,"7817":1,"7823":1,"7830":1,"7836":1,"7855":1,"7856":1,"7857":1,"7859":1,"7861":1,"7865":1,"7866":1,"7891":1,"7898":1,"7903":1,"7904":1,"7911":1,"7913":2,"7917":1,"7918":1,"7919":1,"7925":1,"7928":2,"7937":1,"7939":2,"7940":2,"7942":3,"7945":1,"7946":1,"7948":1,"7949":1,"7950":1,"7953":1,"7957":1,"7958":2,"7960":1,"7961":1,"7986":1,"7989":1,"7990":1,"7991":1,"7994":1,"7995":1,"7997":1,"7999":1,"8003":1,"8005":2,"8006":1,"8007":1,"8008":1,"8011":1,"8013":1,"8019":2,"8021":1,"8036":3,"8056":1,"8062":1,"8065":1,"8072":1,"8088":1,"8089":1,"8094":1,"8096":1,"8098":1,"8106":1,"8109":1,"8111":1,"8112":1,"8118":1,"8121":1,"8127":1,"8128":1,"8130":1,"8131":2,"8142":1,"8145":1,"8154":1,"8160":1,"8164":1,"8166":1,"8167":1,"8170":1,"8174":1,"8175":1,"8178":3,"8179":2,"8180":2,"8181":2,"8183":2,"8185":1,"8186":2,"8187":1,"8194":3,"8195":2,"8197":1,"8198":1,"8199":2,"8216":1,"8227":1,"8229":1,"8230":1,"8231":2,"8233":1,"8237":1,"8241":1,"8245":1,"8246":1,"8248":1,"8252":2,"8257":1,"8271":1,"8276":1,"8285":1,"8287":1,"8295":1,"8296":1,"8297":1,"8304":1,"8309":1,"8317":2,"8318":1,"8319":1,"8321":1,"8322":1,"8327":1,"8334":1,"8339":2,"8341":1,"8344":1,"8348":1,"8353":1,"8355":1,"8356":1,"8365":1,"8368":2,"8369":1,"8370":2,"8375":1,"8382":1,"8396":1,"8399":1,"8400":2,"8401":1,"8402":1,"8404":1,"8406":1,"8408":3,"8410":2,"8423":2,"8428":1,"8436":2,"8438":1,"8439":1,"8452":1,"8481":1,"8486":1,"8508":2,"8509":1,"8510":1,"8512":1,"8513":1,"8516":1,"8517":2,"8519":1,"8521":2,"8528":2,"8536":2,"8557":1,"8559":1,"8573":1,"8606":1,"8607":1,"8608":1,"8617":1,"8622":1,"8623":1,"8625":1,"8629":1,"8638":1,"8640":2,"8641":1,"8642":3,"8648":1,"8653":1,"8665":1,"8691":1,"8694":1,"8714":1,"8729":1,"8733":1,"8734":1,"8738":1,"8739":1,"8740":1,"8742":1,"8743":1,"8745":2,"8779":1,"8781":1,"8787":1,"8788":1,"8794":1,"8797":1,"8814":1,"8829":1,"8830":1,"8834":1,"8836":1,"8841":1,"8842":1,"8846":2,"8851":1,"8860":1,"8883":1,"8894":1,"8896":1,"8907":1,"8912":1,"8924":1,"8925":1,"8935":1,"8937":1,"8955":1,"8960":2,"8961":1,"8974":1,"8976":1,"8977":1,"8984":1,"8997":1,"9012":1,"9033":1,"9036":1,"9056":1,"9058":1,"9062":1,"9075":1,"9076":1,"9079":2,"9125":1,"9134":1,"9136":1,"9165":1,"9176":1,"9197":1,"9230":1,"9232":1,"9239":1,"9240":1,"9258":1,"9290":1,"9296":1,"9354":1,"9357":1,"9366":1,"9381":1,"9382":1,"9389":1,"9396":1,"9413":1,"9423":1,"9434":1,"9447":1,"9451":1,"9465":1,"9492":1,"9493":1,"9524":1,"9548":1,"9559":1,"9587":1,"9604":1,"9610":1,"9611":1,"9620":2,"9628":1,"9645":1,"9646":2,"9673":1,"9693":1,"9705":1,"9709":1,"9736":1},"nonfork_created":42753,"nonfork_confirmed":42753,"nonfork_histogram_ms":{"28":1,"35":1,"38":1,"39":1,"40":5,"41":11,"42":14,"43":14,"44":13,"45":28,"46":19,"47":23,"48":27,"49":38,"50":40,"51":43,"52":41,"53":62,"54":61,"55":75,"56":91,"57":120,"58":126,"59":135,"60":161,"61":156,"62":153,"63":158,"64":191,"65":196,"66":218,"67":235,"68":260,"69":275,"70":263,"71":276,"72":287,"73":284,"74":300,"75":305,"76":325,"77":340,"78":330,"79":329,"80":320,"81":332,"82":343,"83":312,"84":364,"85":337,"86":327,"87":383,"88":352,"89":380,"90":376,"91":370,"92":382,"93":365,"94":399,"95":396,"96":468,"97":462,"98":477,"99":488,"100":498,"101":533,"102":555,"103":581,"104":568,"105":619,"106":595,"107":663,"108":730,"109":741,"110":765,"111":800,"112":800,"113":765,"114":789,"115":771,"116":777,"117":724,"118":761,"119":739,"120":694,"121":630,"122":634,"123":576,"124":552,"125":506,"126":458,"127":421,"128":373,"129":303,"130":271,"131":216,"132":187,"133":178,"134":147,"135":103,"136":97,"137":96,"138":64,"139":42,"140":57,"141":52,"142":42,"143":44,"144":44,"145":22,"146":26,"147":33,"148":24,"149":24,"150":27,"151":16,"152":38,"153":36,"154":37,"155":33,"156":26,"157":31,"158":24,"159":28,"160":22,"161":35,"162":32,"163":54,"164":50,"165":24,"166":27,"167":24,"168":8,"169":9,"170":17,"171":23,"172":34,"173":40,"174":14,"175":7,"176":8,"177":7,"178":17,"179":15,"180":10,"181":13,"182":28,"183":24,"184":22,"185":43,"186":39,"187":31,"188":30,"189":23,"190":36,"191":50,"192":43,"193":29,"194":17,"195":35,"196":27,"197":9,"198":15,"199":11,"200":16,"201":15,"202":18,"203":24,"204":17,"205":12,"206":27,"207":25,"208":21,"209":11,"210":33,"211":31,"212":30,"213":26,"214":33,"215":32,"216":28,"217":17,"218":16,"219":22,"220":19,"221":10,"222":10,"223":9,"224":9,"225":13,"226":6,"227":7,"228":15,"229":14,"230":44,"231":33,"232":30,"233":12,"234":12,"235":10,"236":20,"237":8,"238":11,"239":5,"240":13,"241":8,"242":18,"243":13,"244":18,"245":8,"246":11,"247":14,"248":10,"249":10,"250":10,"251":9,"252":10,"253":19,"254":18,"255":10,"256":7,"257":10,"258":7,"259":4,"260":6,"261":12,"262":7,"263":11,"264":10,"265":11,"266":6,"267":12,"268":10,"269":10,"270":4,"271":9,"272":10,"273":6,"274":5,"275":11,"276":9,"277":14,"278":9,"279":10,"280":11,"281":15,"282":14,"283":12,"284":8,"285":10,"286":3,"287":10,"288":6,"289":9,"290":8,"291":4,"292":7,"293":6,"294":4,"295":3,"296":3,"297":1,"298":5,"300":2,"301":2,"302":4,"304":8,"307":2,"308":3,"309":2,"310":4,"311":3,"312":2,"313":3,"314":2,"315":1,"316":4,"317":5,"318":3,"319":3,"320":5,"321":3,"322":1,"323":5,"324":4,"325":1,"326":7,"327":5,"328":3,"329":2,"330":5,"331":1,"332":1,"333":3,"334":5,"335":2,"336":6,"337":5,"338":3,"339":2,"340":4,"341":3,"342":3,"343":2,"344":6,"345":3,"346":4,"347":5,"348":4,"349":7,"350":5,"352":2,"353":8,"354":2,"355":6,"356":3,"357":5,"358":5,"359":1,"360":5,"361":4,"362":2,"363":6,"364":4,"365":4,"366":1,"367":5,"368":2,"369":3,"370":3,"372":2,"373":2,"374":4,"375":3,"376":5,"377":2,"378":2,"379":5,"380":4,"381":6,"382":5,"383":3,"384":2,"385":2,"386":4,"387":3,"388":3,"389":2,"390":3,"391":3,"392":1,"394":4,"395":6,"396":5,"397":1,"398":5,"399":5,"400":4,"401":4,"402":4,"403":4,"404":7,"405":1,"406":4,"407":1,"408":4,"409":4,"410":6,"411":1,"412":8,"413":3,"415":6,"416":4,"417":5,"418":4,"419":6,"420":6,"421":7,"422":8,"423":5,"424":6,"425":2,"426":5,"427":2,"429":2,"430":2,"431":3,"432":3,"433":1,"434":1,"435":6,"436":3,"437":6,"438":8,"439":6,"440":8,"441":5,"442":4,"443":4,"444":4,"445":1,"447":4,"448":8,"449":3,"450":6,"451":3,"452":2,"453":1,"454":7,"455":11,"456":5,"457":4,"458":6,"459":3,"460":4,"462":3,"463":2,"464":1,"465":2,"466":3,"467":2,"468":1,"469":5,"470":2,"471":1,"472":3,"473":1,"474":1,"476":2,"477":3,"479":1,"480":2,"481":5,"482":2,"483":5,"484":4,"485":3,"486":1,"487":5,"488":3,"489":6,"490":2,"491":5,"492":6,"493":4,"494":3,"495":2,"496":6,"497":4,"498":5,"499":4,"500":5,"502":4,"503":2,"504":5,"505":5,"506":2,"507":2,"508":3,"509":4,"510":6,"511":6,"512":6,"513":6,"514":6,"515":3,"516":4,"517":5,"518":4,"519":8,"520":2,"521":9,"522":10,"523":9,"524":7,"525":3,"526":9,"527":7,"528":9,"529":7,"530":4,"531":9,"532":17,"533":15,"534":5,"535":9,"536":10,"537":5,"538":9,"539":7,"540":7,"541":9,"542":12,"543":12,"544":8,"545":6,"546":7,"547":13,"548":8,"549":2,"550":4,"551":8,"552":14,"553":6,"554":4,"555":6,"557":5,"558":4,"559":4,"560":5,"561":3,"562":6,"563":7,"564":4,"565":5,"566":8,"567":4,"568":9,"569":5,"570":5,"571":8,"572":7,"573":8,"574":7,"575":4,"576":3,"577":7,"578":3,"579":6,"580":4,"581":4,"582":6,"583":3,"584":3,"585":9,"586":2,"587":3,"588":8,"589":2,"590":4,"591":5,"592":4,"593":5,"594":4,"595":7,"596":5,"597":5,"598":6,"599":8,"600":5,"601":6,"602":4,"603":10,"604":5,"605":8,"606":12,"607":7,"608":10,"609":9,"610":8,"611":5,"612":6,"613":3,"614":10,"615":2,"616":5,"617":4,"618":6,"620":4,"621":2,"622":5,"623":6,"624":4,"625":4,"626":5,"627":4,"628":3,"629":6,"630":5,"631":6,"632":6,"633":3,"634":7,"635":6,"636":5,"637":6,"638":5,"639":3,"640":3,"641":2,"642":2,"643":4,"644":5,"645":6,"646":4,"647":2,"648":5,"649":2,"650":2,"651":2,"652":4,"653":7,"654":4,"655":4,"656":4,"657":5,"658":5,"659":2,"660":5,"661":4,"662":6,"663":7,"664":4,"665":4,"666":5,"667":6,"668":2,"669":3,"670":3,"671":1,"672":5,"673":5,"675":6,"676":9,"677":1,"678":5,"679":9,"680":6,"681":7,"682":5,"683":5,"684":8,"685":8,"686":1,"687":4,"688":7,"689":6,"690":9,"691":9,"692":13,"693":6,"694":13,"695":6,"696":9,"697":6,"698":10,"699":7,"700":6,"701":11,"702":6,"703":4,"704":6,"705":8,"706":3,"707":3,"708":2,"709":5,"711":4,"712":8,"713":2,"714":3,"715":3,"716":6,"717":4,"718":7,"719":1,"720":1,"721":4,"722":6,"723":5,"724":3,"725":6,"726":3,"727":5,"728":4,"729":5,"730":7,"731":3,"732":6,"733":3,"734":5,"735":4,"736":6,"737":2,"738":1,"739":1,"740":5,"741":4,"742":3,"743":2,"744":3,"745":3,"746":5,"747":5,"748":4,"749":9,"750":6,"751":5,"752":8,"753":3,"754":7,"755":5,"756":7,"757":11,"758":4,"759":9,"760":6,"761":8,"762":8,"763":9,"764":3,"765":6,"766":6,"767":10,"768":3,"769":9,"770":3,"771":7,"772":5,"773":10,"774":5,"775":6,"776":5,"777":6,"778":1,"779":12,"780":8,"781":5,"782":7,"783":6,"784":5,"785":3,"786":5,"787":5,"788":9,"789":8,"790":6,"791":8,"792":4,"793":7,"794":7,"795":5,"796":5,"797":8,"798":6,"799":3,"800":3,"801":5,"802":7,"803":5,"804":8,"805":2,"806":5,"807":1,"808":7,"809":6,"810":3,"811":3,"812":6,"813":6,"814":4,"815":2,"816":7,"817":11,"818":3,"819":4,"820":5,"821":3,"822":5,"823":9,"824":5,"825":5,"826":7,"827":8,"828":3,"829":1,"830":3,"831":3,"832":5,"833":6,"834":5,"835":5,"836":5,"837":6,"838":7,"839":7,"840":9,"841":3,"842":4,"843":6,"844":4,"845":5,"846":10,"847":2,"848":3,"849":2,"850":11,"851":11,"852":6,"853":7,"854":4,"855":4,"856":7,"857":7,"858":4,"859":12,"860":2,"861":4,"862":6,"863":5,"864":6,"865":7,"866":10,"867":4,"868":9,"869":5,"870":3,"872":7,"873":1,"874":2,"875":4,"876":7,"877":5,"878":3,"879":5,"880":6,"881":5,"882":6,"883":7,"884":4,"885":2,"887":7,"888":8,"889":5,"890":6,"891":2,"892":1,"893":1,"894":2,"895":4,"896":4,"897":4,"898":6,"899":5,"900":4,"902":5,"903":2,"904":5,"905":4,"906":3,"907":4,"908":5,"909":2,"910":5,"911":6,"912":4,"913":1,"914":4,"916":3,"917":4,"918":2,"919":3,"920":4,"921":4,"922":4,"923":5,"924":4,"925":5,"926":3,"927":3,"928":1,"929":2,"930":4,"931":3,"932":4,"933":2,"934":3,"935":5,"936":8,"937":1,"938":4,"939":3,"940":4,"941":3,"942":2,"943":3,"944":5,"945":5,"946":4,"947":4,"948":3,"949":1,"950":2,"951":1,"952":5,"953":2,"954":5,"955":3,"956":5,"957":3,"958":6,"959":5,"960":4,"961":4,"962":6,"963":3,"964":5,"965":3,"966":2,"967":3,"968":3,"969":5,"970":3,"971":2,"972":3,"973":3,"974":1,"975":3,"976":3,"977":8,"979":4,"980":2,"981":6,"982":6,"983":1,"984":2,"985":1,"986":2,"987":5,"988":5,"989":5,"990":6,"991":5,"992":3,"993":3,"995":3,"996":1,"997":3,"998":1,"999":2,"1000":5,"1001":2,"1002":5,"1003":4,"1004":1,"1005":3,"1006":2,"1008":7,"1009":5,"1010":9,"1011":8,"1012":4,"1013":2,"1014":4,"1015":4,"1016":5,"1017":1,"1018":4,"1019":2,"1020":4,"1021":1,"1022":4,"1023":8,"1024":1,"1025":5,"1026":2,"1027":3,"1028":4,"1029":2,"1030":3,"1031":2,"1032":4,"1033":3,"1034":1,"1035":2,"1036":2,"1037":3,"1038":4,"1039":4,"1040":3,"1041":3,"1042":5,"1043":4,"1044":1,"1045":4,"1046":4,"1047":6,"1048":2,"1049":2,"1050":5,"1051":5,"1052":3,"1053":5,"1054":3,"1055":5,"1056":3,"1057":3,"1058":3,"1059":4,"1060":7,"1061":2,"1062":4,"1063":4,"1064":2,"1065":9,"1066":8,"1067":4,"1068":7,"1069":6,"1071":8,"1072":5,"1073":8,"1074":7,"1075":13,"1076":4,"1077":4,"1078":7,"1079":1,"1080":7,"1081":4,"1082":3,"1083":3,"1084":3,"1085":8,"1086":4,"1087":3,"1088":4,"1089":3,"1090":4,"1091":3,"1092":3,"1093":2,"1094":2,"1095":2,"1097":1,"1098":3,"1099":1,"1100":1,"1102":2,"1103":2,"1104":3,"1105":1,"1106":1,"1107":3,"1108":4,"1109":4,"1110":1,"1112":2,"1113":5,"1115":1,"1116":3,"1117":3,"1118":1,"1119":3,"1120":4,"1121":2,"1122":1,"1123":5,"1124":5,"1125":2,"1126":9,"1127":7,"1128":4,"1129":2,"1130":2,"1131":2,"1132":7,"1133":1,"1134":3,"1135":1,"1136":2,"1137":4,"1138":2,"1139":5,"1140":4,"1141":1,"1142":3,"1143":1,"1144":1,"1145":7,"1146":6,"1147":3,"1148":2,"1149":4,"1150":1,"1151":5,"1152":2,"1153":5,"1154":6,"1155":5,"1156":1,"1157":3,"1158":4,"1159":3,"1160":3,"1161":4,"1162":3,"1163":8,"1164":4,"1165":8,"1166":2,"1167":8,"1168":5,"1169":5,"1170":3,"1171":3,"1172":6,"1173":3,"1174":5,"1175":4,"1176":3,"1177":4,"1178":3,"1179":2,"1180":3,"1181":2,"1182":3,"1183":2,"1184":2,"1185":3,"1186":3,"1187":1,"1188":3,"1189":6,"1190":4,"1191":6,"1192":3,"1193":5,"1194":3,"1195":3,"1196":3,"1197":1,"1198":3,"1199":4,"1200":6,"1201":4,"1202":2,"1203":8,"1204":4,"1205":3,"1206":3,"1207":7,"1208":6,"1209":3,"1210":6,"1211":3,"1212":4,"1213":3,"1214":3,"1215":8,"1216":6,"1217":6,"1218":8,"1219":2,"1220":4,"1221":7,"1222":5,"1223":2,"1224":5,"1225":5,"1227":5,"1228":4,"1229":2,"1230":2,"1231":2,"1232":6,"1233":3,"1234":3,"1235":3,"1236":3,"1237":4,"1238":6,"1239":1,"1240":5,"1241":6,"1242":7,"1243":2,"1244":4,"1246":4,"1247":2,"1248":3,"1249":5,"1250":4,"1251":5,"1252":4,"1253":3,"1254":4,"1255":2,"1256":3,"1257":6,"1258":2,"1259":3,"1260":6,"1261":4,"1262":2,"1263":5,"1264":4,"1265":3,"1266":3,"1267":3,"1268":6,"1269":3,"1270":2,"1271":4,"1272":4,"1273":8,"1274":3,"1275":2,"1276":2,"1278":4,"1279":4,"1280":5,"1281":3,"1283":3,"1284":7,"1285":3,"1286":3,"1287":4,"1288":7,"1289":4,"1290":6,"1292":6,"1293":4,"1294":5,"1296":2,"1297":5,"1298":2,"1299":3,"1300":5,"1301":2,"1302":3,"1303":3,"1304":5,"1305":7,"1306":5,"1307":7,"1308":2,"1309":4,"1310":3,"1311":3,"1312":1,"1313":4,"1314":3,"1315":4,"1316":5,"1317":3,"1318":7,"1319":7,"1320":1,"1321":3,"1322":7,"1323":5,"1324":2,"1325":5,"1326":6,"1327":6,"1329":5,"1330":6,"1331":3,"1333":5,"1334":3,"1335":4,"1336":6,"1337":3,"1338":5,"1339":2,"1340":8,"1341":2,"1342":4,"1343":6,"1344":4,"1345":6,"1346":4,"1347":5,"1348":5,"1349":2,"1350":6,"1351":2,"1352":4,"1353":3,"1354":3,"1355":4,"1356":6,"1357":6,"1358":3,"1359":5,"1360":5,"1361":3,"1362":8,"1363":2,"1364":1,"1365":5,"1366":3,"1367":2,"1368":4,"1369":6,"1370":6,"1372":5,"1373":7,"1374":7,"1375":4,"1376":7,"1377":3,"1378":5,"1379":6,"1380":8,"1381":3,"1382":4,"1383":2,"1384":2,"1386":2,"1387":1,"1388":3,"1389":6,"1390":4,"1391":1,"1392":1,"1393":4,"1394":1,"1395":3,"1396":3,"1397":6,"1398":4,"1399":5,"1400":2,"1401":4,"1402":1,"1403":2,"1404":1,"1405":4,"1406":1,"1407":2,"1408":3,"1409":1,"1410":2,"1411":7,"1412":1,"1413":2,"1414":1,"1415":4,"1416":6,"1417":1,"1418":2,"1419":4,"1420":4,"1421":7,"1422":5,"1423":4,"1424":3,"1425":4,"1426":3,"1427":4,"1428":1,"1429":9,"1430":2,"1431":1,"1432":2,"1433":4,"1434":4,"1435":3,"1436":2,"1437":1,"1438":6,"1439":3,"1440":5,"1441":5,"1442":5,"1443":4,"1444":2,"1445":1,"1446":1,"1447":3,"1448":2,"1449":2,"1450":2,"1451":1,"1452":2,"1453":1,"1454":2,"1455":2,"1456":1,"1457":4,"1458":2,"1459":7,"1460":1,"1461":6,"1462":4,"1463":4,"1464":4,"1465":7,"1466":1,"1467":4,"1468":3,"1469":6,"1470":6,"1471":6,"1472":2,"1473":5,"1474":4,"1475":2,"1476":2,"1477":4,"1478":3,"1479":2,"1480":3,"1481":6,"1483":2,"1484":2,"1485":1,"1486":3,"1487":3,"1488":2,"1489":1,"1490":1,"1491":2,"1493":4,"1494":2,"1495":2,"1496":5,"1497":3,"1498":4,"1499":5,"1500":1,"1502":3,"1503":3,"1504":3,"1505":1,"1506":1,"1507":2,"1508":3,"1509":3,"1510":3,"1511":4,"1512":1,"1513":2,"1514":4,"1515":4,"1516":2,"1517":1,"1518":4,"1519":5,"1522":3,"1524":4,"1525":4,"1527":1,"1530":1,"1531":2,"1532":1,"1534":4,"1535":2,"1536":2,"1537":2,"1538":3,"1539":1,"1540":1,"1541":4,"1542":3,"1543":5,"1544":2,"1545":3,"1546":5,"1547":6,"1549":7,"1550":2,"1551":5,"1552":3,"1553":3,"1554":4,"1555":6,"1556":6,"1557":3,"1558":2,"1559":4,"1560":4,"1561":5,"1562":7,"1563":4,"1564":3,"1565":6,"1566":2,"1567":6,"1568":4,"1569":2,"1570":3,"1571":8,"1572":10,"1573":7,"1574":2,"1575":4,"1576":3,"1577":5,"1578":1,"1579":4,"1580":10,"1581":5,"1582":6,"1583":6,"1584":6,"1585":8,"1586":4,"1587":5,"1588":1,"1589":3,"1590":2,"1591":3,"1592":3,"1593":2,"1594":6,"1595":3,"1596":3,"1597":6,"1598":2,"1599":2,"1600":1,"1601":1,"1602":5,"1603":3,"1604":2,"1605":1,"1606":2,"1607":5,"1608":3,"1609":1,"1610":2,"1611":2,"1612":4,"1613":5,"1614":4,"1615":4,"1616":2,"1617":2,"1618":4,"1619":3,"1620":4,"1621":1,"1622":6,"1623":6,"1624":4,"1625":3,"1626":4,"1627":1,"1628":1,"1629":5,"1631":2,"1632":4,"1633":1,"1634":1,"1635":3,"1636":3,"1637":3,"1638":2,"1639":2,"1640":1,"1642":2,"1643":1,"1644":2,"1645":1,"1646":2,"1647":3,"1648":2,"1649":3,"1650":1,"1651":3,"1652":2,"1653":4,"1654":6,"1655":2,"1656":2,"1657":4,"1658":5,"1660":1,"1661":1,"1662":2,"1663":3,"1664":2,"1665":1,"1666":3,"1667":4,"1668":2,"1669":3,"1670":1,"1671":4,"1672":2,"1673":3,"1674":2,"1675":5,"1676":2,"1677":3,"1678":1,"1679":2,"1680":3,"1681":3,"1682":1,"1683":2,"1684":2,"1685":4,"1686":2,"1687":5,"1688":3,"1689":3,"1690":1,"1691":1,"1692":1,"1693":2,"1694":3,"1695":1,"1696":1,"1697":2,"1698":2,"1700":3,"1701":3,"1703":3,"1704":1,"1705":4,"1706":3,"1707":4,"1710":1,"1711":1,"1714":2,"1716":2,"1719":1,"1721":2,"1722":3,"1723":1,"1724":1,"1725":2,"1727":2,"1728":3,"1729":3,"1730":1,"1731":2,"1732":1,"1733":2,"1734":2,"1735":3,"1736":1,"1737":3,"1738":2,"1762":1,"1769":1,"1773":3,"1775":1,"1776":4,"1777":2,"1778":1,"1779":2,"1781":1,"1782":1,"1783":2,"1785":1,"1787":2,"1788":1,"1830":1,"1841":1,"1850":1,"1851":1,"1852":1,"1853":1,"1854":1,"1855":2,"1857":1,"1859":1,"1860":3,"1861":4,"1862":1,"1864":2,"1865":3,"1866":1,"1867":2,"1868":6,"1872":2,"1873":1,"1874":4,"1875":1,"1876":3,"1877":1,"1878":3,"1879":1,"1880":1,"1881":1,"1882":4,"1885":2,"1886":2,"1887":1,"1888":3,"1889":1,"1891":1,"1894":2,"1895":3,"1896":3,"1897":4,"1898":4,"1899":1,"1901":4,"1902":4,"1903":2,"1904":2,"1906":5,"1907":1,"1908":1,"1909":3,"1914":1,"1915":1,"1916":1,"1917":1,"1919":3,"1920":1,"1921":2,"1922":1,"1923":1,"1924":3,"1925":4,"1926":2,"1927":2,"1928":2,"1931":1,"1932":4,"1933":2,"1934":3,"1935":1,"1936":2,"1938":3,"1940":1,"7913":1},"fork_created":2247,"fork_confirmed":1557,"fork_unresolved_at_end":690}
EPOCH_ENDED epoch=2 elections=706 active=702 t=1791380010037
EPOCH_ADVANCED epoch=3 elections=706 active=702 vote_records=438607 t=1791380010063
EPOCH_ENDED epoch=2 elections=706 active=702 t=1791380010077
EPOCH_REPORT epoch=2 certified=12891 residual=779 root=0B052EC26F1D78C95FC81BFA8C7B57730F4311BE412C668D9EDA8A9482FBB5A8 reports=1 t=1791380010077
EPOCH_CLOSE_UNREADY epoch=2 short_of=reports usable=1 weight=1 required=5 held=0 theirs=[] t=1791380010077
EPOCH_ADVANCED epoch=3 elections=706 active=702 vote_records=438592 t=1791380010093
EPOCH_REPORT epoch=2 certified=12891 residual=779 root=0B052EC26F1D78C95FC81BFA8C7B57730F4311BE412C668D9EDA8A9482FBB5A8 reports=1 t=1791380010104
EPOCH_RECONCILED epoch=2 reporter=911999B2AEFA7ACC66EBD802B3301FF6CE431405107749D940277955CB7FDD07 complete=false entries=0 total=12891 symbols=0 dropped=false t=1791380010105
EPOCH_ENDED epoch=2 elections=706 active=702 t=1791380010107
EPOCH_ENDED epoch=2 elections=706 active=702 t=1791380010107
EPOCH_ENDED epoch=2 elections=706 active=702 t=1791380010107
EPOCH_RECONCILED epoch=2 reporter=911999B2AEFA7ACC66EBD802B3301FF6CE431405107749D940277955CB7FDD07 complete=false entries=779 total=779 symbols=0 dropped=false t=1791380010108
EPOCH_RECONCILED epoch=2 reporter=911999B2AEFA7ACC66EBD802B3301FF6CE431405107749D940277955CB7FDD07 complete=true entries=130 total=779 symbols=243 dropped=false t=1791380010112
EPOCH_CLOSE_UNREADY epoch=2 short_of=reports usable=2 weight=2 required=5 held=1 theirs=["911999B2:0B052EC2:8161660D"] t=1791380010113
EPOCH_ADVANCED epoch=3 elections=706 active=702 vote_records=438589 t=1791380010122
EPOCH_ADVANCED epoch=3 elections=706 active=702 vote_records=438586 t=1791380010122
EPOCH_ADVANCED epoch=3 elections=706 active=702 vote_records=438608 t=1791380010123
EPOCH_REPORT epoch=2 certified=12892 residual=744 root=E043C266C3E016ECE667F19D80F5D3EC2A3DF0779ACAA492A5D31FE1C92012C7 reports=1 t=1791380010131
EPOCH_REPORT epoch=2 certified=12891 residual=779 root=0B052EC26F1D78C95FC81BFA8C7B57730F4311BE412C668D9EDA8A9482FBB5A8 reports=1 t=1791380010131
EPOCH_REPORT epoch=2 certified=12891 residual=779 root=0B052EC26F1D78C95FC81BFA8C7B57730F4311BE412C668D9EDA8A9482FBB5A8 reports=1 t=1791380010133
EPOCH_RECONCILED epoch=2 reporter=A353E45E6D0016CAEED0DFA4EC5B0640E2AA22A793F9F2375E77F1AB92977C04 complete=false entries=0 total=12891 symbols=0 dropped=false t=1791380010204
EPOCH_RECONCILED epoch=2 reporter=A353E45E6D0016CAEED0DFA4EC5B0640E2AA22A793F9F2375E77F1AB92977C04 complete=false entries=779 total=779 symbols=0 dropped=false t=1791380010207
EPOCH_RECONCILED epoch=2 reporter=911999B2AEFA7ACC66EBD802B3301FF6CE431405107749D940277955CB7FDD07 complete=false entries=0 total=12891 symbols=0 dropped=false t=1791380010207
EPOCH_RECONCILED epoch=2 reporter=911999B2AEFA7ACC66EBD802B3301FF6CE431405107749D940277955CB7FDD07 complete=false entries=779 total=779 symbols=0 dropped=false t=1791380010210
EPOCH_RECONCILED epoch=2 reporter=633D9D614858AB1710D5D8C3180E2A082DC97208BA8C26BA6C6D1A86C8E31CC0 complete=false entries=0 total=12891 symbols=0 dropped=false t=1791380010211
EPOCH_RECONCILED epoch=2 reporter=633D9D614858AB1710D5D8C3180E2A082DC97208BA8C26BA6C6D1A86C8E31CC0 complete=false entries=779 total=779 symbols=0 dropped=false t=1791380010213
EPOCH_RECONCILED epoch=2 reporter=911999B2AEFA7ACC66EBD802B3301FF6CE431405107749D940277955CB7FDD07 complete=true entries=130 total=779 symbols=243 dropped=false t=1791380010221
EPOCH_RECONCILED epoch=2 reporter=A353E45E6D0016CAEED0DFA4EC5B0640E2AA22A793F9F2375E77F1AB92977C04 complete=true entries=130 total=779 symbols=243 dropped=false t=1791380010222
EPOCH_RECONCILED epoch=2 reporter=633D9D614858AB1710D5D8C3180E2A082DC97208BA8C26BA6C6D1A86C8E31CC0 complete=true entries=130 total=779 symbols=243 dropped=false t=1791380010223
EPOCH_CLOSE_UNREADY epoch=2 short_of=reports usable=4 weight=4 required=5 held=4 theirs=["A353E45E:0B052EC2:176C4048", "911999B2:0B052EC2:8161660D", "633D9D61:0B052EC2:E24DA853", "65A90023:E043C266:41F947C0"] t=1791380010223
EPOCH_RECONCILED epoch=2 reporter=65A90023F6C0D2181AAA63F005D81BBC0C04650505E21D5123F9AE1F9E992BFF complete=false entries=1 total=12892 symbols=16 dropped=false t=1791380010230
EPOCH_CLOSE_UNREADY epoch=2 short_of=reports usable=1 weight=1 required=5 held=4 theirs=["D315857C:0B052EC2:966BD1B6", "911999B2:0B052EC2:8161660D", "A353E45E:0B052EC2:176C4048", "633D9D61:0B052EC2:E24DA853"] t=1791380010284
EPOCH_RECONCILED epoch=2 reporter=633D9D614858AB1710D5D8C3180E2A082DC97208BA8C26BA6C6D1A86C8E31CC0 complete=false entries=0 total=12891 symbols=0 dropped=false t=1791380010289
EPOCH_RECONCILED epoch=2 reporter=633D9D614858AB1710D5D8C3180E2A082DC97208BA8C26BA6C6D1A86C8E31CC0 complete=false entries=779 total=779 symbols=0 dropped=false t=1791380010291
EPOCH_RECONCILED epoch=2 reporter=911999B2AEFA7ACC66EBD802B3301FF6CE431405107749D940277955CB7FDD07 complete=false entries=0 total=12891 symbols=0 dropped=false t=1791380010292
EPOCH_RECONCILED epoch=2 reporter=911999B2AEFA7ACC66EBD802B3301FF6CE431405107749D940277955CB7FDD07 complete=false entries=779 total=779 symbols=0 dropped=false t=1791380010294
EPOCH_RECONCILED epoch=2 reporter=D315857CE70C54DE713F6E82E5613BB3A1266C15E28AD2F4338C7BBEC456F532 complete=false entries=0 total=12891 symbols=0 dropped=false t=1791380010299
EPOCH_RECONCILED epoch=2 reporter=D315857CE70C54DE713F6E82E5613BB3A1266C15E28AD2F4338C7BBEC456F532 complete=false entries=779 total=779 symbols=0 dropped=false t=1791380010301
EPOCH_RECONCILED epoch=2 reporter=633D9D614858AB1710D5D8C3180E2A082DC97208BA8C26BA6C6D1A86C8E31CC0 complete=true entries=130 total=779 symbols=243 dropped=false t=1791380010304
EPOCH_RECONCILED epoch=2 reporter=911999B2AEFA7ACC66EBD802B3301FF6CE431405107749D940277955CB7FDD07 complete=true entries=130 total=779 symbols=243 dropped=false t=1791380010304
EPOCH_RECONCILED epoch=2 reporter=D315857CE70C54DE713F6E82E5613BB3A1266C15E28AD2F4338C7BBEC456F532 complete=false entries=1 total=12891 symbols=16 dropped=false t=1791380010304
EPOCH_RECONCILED epoch=2 reporter=911999B2AEFA7ACC66EBD802B3301FF6CE431405107749D940277955CB7FDD07 complete=false entries=1 total=12891 symbols=16 dropped=false t=1791380010304
EPOCH_RECONCILED epoch=2 reporter=A353E45E6D0016CAEED0DFA4EC5B0640E2AA22A793F9F2375E77F1AB92977C04 complete=false entries=1 total=12891 symbols=16 dropped=false t=1791380010304
EPOCH_RECONCILED epoch=2 reporter=633D9D614858AB1710D5D8C3180E2A082DC97208BA8C26BA6C6D1A86C8E31CC0 complete=false entries=1 total=12891 symbols=16 dropped=false t=1791380010304
EPOCH_RECONCILED epoch=2 reporter=65A90023F6C0D2181AAA63F005D81BBC0C04650505E21D5123F9AE1F9E992BFF complete=false entries=1 total=12892 symbols=16 dropped=false t=1791380010309
EPOCH_CLOSE_UNREADY epoch=2 short_of=reports usable=3 weight=3 required=5 held=4 theirs=["633D9D61:0B052EC2:E24DA853", "911999B2:0B052EC2:8161660D", "65A90023:E043C266:41F947C0", "D315857C:0B052EC2:966BD1B6"] t=1791380010309
EPOCH_RECONCILED epoch=2 reporter=D315857CE70C54DE713F6E82E5613BB3A1266C15E28AD2F4338C7BBEC456F532 complete=true entries=130 total=779 symbols=243 dropped=false t=1791380010312
EPOCH_RECONCILED epoch=2 reporter=633D9D614858AB1710D5D8C3180E2A082DC97208BA8C26BA6C6D1A86C8E31CC0 complete=false entries=0 total=12891 symbols=0 dropped=false t=1791380010357
EPOCH_RECONCILED epoch=2 reporter=633D9D614858AB1710D5D8C3180E2A082DC97208BA8C26BA6C6D1A86C8E31CC0 complete=false entries=779 total=779 symbols=0 dropped=false t=1791380010359
EPOCH_RECONCILED epoch=2 reporter=D315857CE70C54DE713F6E82E5613BB3A1266C15E28AD2F4338C7BBEC456F532 complete=false entries=0 total=12891 symbols=0 dropped=false t=1791380010360
EPOCH_RECONCILED epoch=2 reporter=D315857CE70C54DE713F6E82E5613BB3A1266C15E28AD2F4338C7BBEC456F532 complete=false entries=779 total=779 symbols=0 dropped=false t=1791380010362
EPOCH_RECONCILED epoch=2 reporter=A353E45E6D0016CAEED0DFA4EC5B0640E2AA22A793F9F2375E77F1AB92977C04 complete=false entries=0 total=12891 symbols=0 dropped=false t=1791380010363
EPOCH_RECONCILED epoch=2 reporter=A353E45E6D0016CAEED0DFA4EC5B0640E2AA22A793F9F2375E77F1AB92977C04 complete=false entries=779 total=779 symbols=0 dropped=false t=1791380010365
EPOCH_RECONCILED epoch=2 reporter=65A90023F6C0D2181AAA63F005D81BBC0C04650505E21D5123F9AE1F9E992BFF complete=false entries=1 total=12892 symbols=16 dropped=false t=1791380010370
EPOCH_RECONCILED epoch=2 reporter=633D9D614858AB1710D5D8C3180E2A082DC97208BA8C26BA6C6D1A86C8E31CC0 complete=true entries=130 total=779 symbols=243 dropped=false t=1791380010372
EPOCH_RECONCILED epoch=2 reporter=D315857CE70C54DE713F6E82E5613BB3A1266C15E28AD2F4338C7BBEC456F532 complete=true entries=130 total=779 symbols=243 dropped=false t=1791380010372
EPOCH_RECONCILED epoch=2 reporter=A353E45E6D0016CAEED0DFA4EC5B0640E2AA22A793F9F2375E77F1AB92977C04 complete=true entries=130 total=779 symbols=243 dropped=false t=1791380010373
EPOCH_RECONCILED epoch=2 reporter=A353E45E6D0016CAEED0DFA4EC5B0640E2AA22A793F9F2375E77F1AB92977C04 complete=false entries=0 total=12891 symbols=0 dropped=false t=1791380010391
EPOCH_RECONCILED epoch=2 reporter=A353E45E6D0016CAEED0DFA4EC5B0640E2AA22A793F9F2375E77F1AB92977C04 complete=false entries=779 total=779 symbols=0 dropped=false t=1791380010394
EPOCH_RECONCILED epoch=2 reporter=D315857CE70C54DE713F6E82E5613BB3A1266C15E28AD2F4338C7BBEC456F532 complete=false entries=0 total=12891 symbols=0 dropped=false t=1791380010398
EPOCH_RECONCILED epoch=2 reporter=D315857CE70C54DE713F6E82E5613BB3A1266C15E28AD2F4338C7BBEC456F532 complete=false entries=779 total=779 symbols=0 dropped=false t=1791380010400
EPOCH_RECONCILED epoch=2 reporter=65A90023F6C0D2181AAA63F005D81BBC0C04650505E21D5123F9AE1F9E992BFF complete=false entries=1 total=12892 symbols=16 dropped=false t=1791380010405
EPOCH_RECONCILED epoch=2 reporter=A353E45E6D0016CAEED0DFA4EC5B0640E2AA22A793F9F2375E77F1AB92977C04 complete=true entries=130 total=779 symbols=243 dropped=false t=1791380010407
EPOCH_RECONCILED epoch=2 reporter=D315857CE70C54DE713F6E82E5613BB3A1266C15E28AD2F4338C7BBEC456F532 complete=true entries=130 total=779 symbols=243 dropped=false t=1791380010407
EPOCH_RECONCILED epoch=2 reporter=65A90023F6C0D2181AAA63F005D81BBC0C04650505E21D5123F9AE1F9E992BFF complete=false entries=735 total=735 symbols=0 dropped=false t=1791380010516
EPOCH_RECONCILED epoch=2 reporter=65A90023F6C0D2181AAA63F005D81BBC0C04650505E21D5123F9AE1F9E992BFF complete=true entries=91 total=744 symbols=162 dropped=false t=1791380010518
EPOCH_CLOSE_READY epoch=2 t=1791380010522
EPOCH_RECONCILED epoch=2 reporter=D315857CE70C54DE713F6E82E5613BB3A1266C15E28AD2F4338C7BBEC456F532 complete=false entries=772 total=772 symbols=0 dropped=false t=1791380010568
EPOCH_RECONCILED epoch=2 reporter=911999B2AEFA7ACC66EBD802B3301FF6CE431405107749D940277955CB7FDD07 complete=false entries=780 total=780 symbols=0 dropped=false t=1791380010570
EPOCH_RECONCILED epoch=2 reporter=A353E45E6D0016CAEED0DFA4EC5B0640E2AA22A793F9F2375E77F1AB92977C04 complete=false entries=780 total=780 symbols=0 dropped=false t=1791380010573
EPOCH_RECONCILED epoch=2 reporter=633D9D614858AB1710D5D8C3180E2A082DC97208BA8C26BA6C6D1A86C8E31CC0 complete=false entries=780 total=780 symbols=0 dropped=false t=1791380010576
EPOCH_RECONCILED epoch=2 reporter=911999B2AEFA7ACC66EBD802B3301FF6CE431405107749D940277955CB7FDD07 complete=true entries=131 total=779 symbols=243 dropped=false t=1791380010583
EPOCH_RECONCILED epoch=2 reporter=D315857CE70C54DE713F6E82E5613BB3A1266C15E28AD2F4338C7BBEC456F532 complete=true entries=139 total=779 symbols=243 dropped=false t=1791380010583
EPOCH_RECONCILED epoch=2 reporter=A353E45E6D0016CAEED0DFA4EC5B0640E2AA22A793F9F2375E77F1AB92977C04 complete=true entries=131 total=779 symbols=243 dropped=false t=1791380010585
EPOCH_RECONCILED epoch=2 reporter=633D9D614858AB1710D5D8C3180E2A082DC97208BA8C26BA6C6D1A86C8E31CC0 complete=true entries=131 total=779 symbols=243 dropped=false t=1791380010585
EPOCH_RECONCILED epoch=2 reporter=65A90023F6C0D2181AAA63F005D81BBC0C04650505E21D5123F9AE1F9E992BFF complete=false entries=744 total=744 symbols=0 dropped=false t=1791380010586
EPOCH_RECONCILED epoch=2 reporter=65A90023F6C0D2181AAA63F005D81BBC0C04650505E21D5123F9AE1F9E992BFF complete=true entries=82 total=744 symbols=162 dropped=false t=1791380010587
EPOCH_CLOSE_READY epoch=2 t=1791380010591
EPOCH_RECONCILED epoch=2 reporter=65A90023F6C0D2181AAA63F005D81BBC0C04650505E21D5123F9AE1F9E992BFF complete=false entries=744 total=744 symbols=0 dropped=false t=1791380010661
EPOCH_RECONCILED epoch=2 reporter=65A90023F6C0D2181AAA63F005D81BBC0C04650505E21D5123F9AE1F9E992BFF complete=true entries=82 total=744 symbols=162 dropped=false t=1791380010662
EPOCH_CLOSE_READY epoch=2 t=1791380010667
EPOCH_RECONCILED epoch=2 reporter=65A90023F6C0D2181AAA63F005D81BBC0C04650505E21D5123F9AE1F9E992BFF complete=false entries=744 total=744 symbols=0 dropped=false t=1791380010699
EPOCH_RECONCILED epoch=2 reporter=65A90023F6C0D2181AAA63F005D81BBC0C04650505E21D5123F9AE1F9E992BFF complete=true entries=82 total=744 symbols=162 dropped=false t=1791380010700
EPOCH_CLOSE_READY epoch=2 t=1791380010704
EPOCH_CLOSE_ROUND epoch=2 round=0 leader=735FE217D91E88EA82324C5883296385FA0041C2FAC85C827BAA46DA1E14B83F leads=false t=1791380010801
EPOCH_CLOSE_READY epoch=2 t=1791380010867
EPOCH_CLOSE_ROUND epoch=2 round=0 leader=735FE217D91E88EA82324C5883296385FA0041C2FAC85C827BAA46DA1E14B83F leads=false t=1791380010877
EPOCH_CLOSE_ROUND epoch=2 round=0 leader=735FE217D91E88EA82324C5883296385FA0041C2FAC85C827BAA46DA1E14B83F leads=false t=1791380010951
EPOCH_CLOSE_ROUND epoch=2 round=0 leader=735FE217D91E88EA82324C5883296385FA0041C2FAC85C827BAA46DA1E14B83F leads=false t=1791380010991
EPOCH_CLOSE_ROUND epoch=2 round=0 leader=735FE217D91E88EA82324C5883296385FA0041C2FAC85C827BAA46DA1E14B83F leads=false t=1791380011159
EPOCH_CLOSE_ROUND epoch=2 round=1 leader=911999B2AEFA7ACC66EBD802B3301FF6CE431405107749D940277955CB7FDD07 leads=false t=1791380013227
EPOCH_CLOSE_ROUND epoch=2 round=1 leader=911999B2AEFA7ACC66EBD802B3301FF6CE431405107749D940277955CB7FDD07 leads=false t=1791380013287
EPOCH_CLOSE_ROUND epoch=2 round=1 leader=911999B2AEFA7ACC66EBD802B3301FF6CE431405107749D940277955CB7FDD07 leads=false t=1791380013306
EPOCH_CLOSE_ROUND epoch=2 round=1 leader=911999B2AEFA7ACC66EBD802B3301FF6CE431405107749D940277955CB7FDD07 leads=true t=1791380013387
EPOCH_CLOSE_ROUND epoch=2 round=1 leader=911999B2AEFA7ACC66EBD802B3301FF6CE431405107749D940277955CB7FDD07 leads=false t=1791380013420
EPOCH_PROPOSED epoch=2 round=1 value=711A28DAB930846213406A8B9BBA9FCE07138EDB154DDEAAA271A2D9CB6E9848 state=E7F08A07E3403B2C3D2DCB90D31C139169506F0A6CC27A790B4A8AB4EC8211A2 reports=5 t=1791380013499
EPOCH_VALUE epoch=2 value=711A28DAB930846213406A8B9BBA9FCE07138EDB154DDEAAA271A2D9CB6E9848 state=E7F08A07E3403B2C3D2DCB90D31C139169506F0A6CC27A790B4A8AB4EC8211A2 t=1791380013499
EPOCH_VALUE epoch=2 value=711A28DAB930846213406A8B9BBA9FCE07138EDB154DDEAAA271A2D9CB6E9848 state=E7F08A07E3403B2C3D2DCB90D31C139169506F0A6CC27A790B4A8AB4EC8211A2 t=1791380013599
EPOCH_VALUE epoch=2 value=711A28DAB930846213406A8B9BBA9FCE07138EDB154DDEAAA271A2D9CB6E9848 state=E7F08A07E3403B2C3D2DCB90D31C139169506F0A6CC27A790B4A8AB4EC8211A2 t=1791380013599
EPOCH_VALUE epoch=2 value=711A28DAB930846213406A8B9BBA9FCE07138EDB154DDEAAA271A2D9CB6E9848 state=E7F08A07E3403B2C3D2DCB90D31C139169506F0A6CC27A790B4A8AB4EC8211A2 t=1791380013600
EPOCH_VALUE epoch=2 value=711A28DAB930846213406A8B9BBA9FCE07138EDB154DDEAAA271A2D9CB6E9848 state=E7F08A07E3403B2C3D2DCB90D31C139169506F0A6CC27A790B4A8AB4EC8211A2 t=1791380013601
EPOCH_CLOSE_ROUND epoch=2 round=2 leader=A353E45E6D0016CAEED0DFA4EC5B0640E2AA22A793F9F2375E77F1AB92977C04 leads=false t=1791380013692
EPOCH_INSTALL epoch=2 finalized=13576 instances_confirmed=705 t=1791380013718
EPOCH_INSTALL epoch=2 finalized=13576 instances_confirmed=705 t=1791380013718
EPOCH_INSTALL epoch=2 finalized=13576 instances_confirmed=705 t=1791380013718
EPOCH_INSTALL epoch=2 finalized=13576 instances_confirmed=705 t=1791380013719
EPOCH_INSTALL epoch=2 finalized=13576 instances_confirmed=705 t=1791380013723
EPOCH_COMMITTEE derived_by=2 members=6 accounts=14677 n=6 digest=95D409445152DD075E6A4799205DFA5689496EB8EE1A22AC2A200B9DBC2DCF27 shares=["735FE217:16.7%", "A353E45E:16.7%", "D315857C:16.7%", "911999B2:16.7%", "633D9D61:16.7%", "65A90023:16.7%"] t=1791380013870
EPOCH_CLOSED epoch=2 round=1 value=711A28DAB930846213406A8B9BBA9FCE07138EDB154DDEAAA271A2D9CB6E9848 state=E7F08A07E3403B2C3D2DCB90D31C139169506F0A6CC27A790B4A8AB4EC8211A2 t=1791380013870
EPOCH_COMMITTEE derived_by=2 members=6 accounts=14677 n=6 digest=95D409445152DD075E6A4799205DFA5689496EB8EE1A22AC2A200B9DBC2DCF27 shares=["735FE217:16.7%", "A353E45E:16.7%", "D315857C:16.7%", "911999B2:16.7%", "633D9D61:16.7%", "65A90023:16.7%"] t=1791380013875
EPOCH_CLOSED epoch=2 round=1 value=711A28DAB930846213406A8B9BBA9FCE07138EDB154DDEAAA271A2D9CB6E9848 state=E7F08A07E3403B2C3D2DCB90D31C139169506F0A6CC27A790B4A8AB4EC8211A2 t=1791380013875
EPOCH_COMMITTEE derived_by=2 members=6 accounts=14677 n=6 digest=95D409445152DD075E6A4799205DFA5689496EB8EE1A22AC2A200B9DBC2DCF27 shares=["735FE217:16.7%", "A353E45E:16.7%", "D315857C:16.7%", "911999B2:16.7%", "633D9D61:16.7%", "65A90023:16.7%"] t=1791380013875
EPOCH_CLOSED epoch=2 round=1 value=711A28DAB930846213406A8B9BBA9FCE07138EDB154DDEAAA271A2D9CB6E9848 state=E7F08A07E3403B2C3D2DCB90D31C139169506F0A6CC27A790B4A8AB4EC8211A2 t=1791380013875
EPOCH_COMMITTEE derived_by=2 members=6 accounts=14677 n=6 digest=95D409445152DD075E6A4799205DFA5689496EB8EE1A22AC2A200B9DBC2DCF27 shares=["735FE217:16.7%", "A353E45E:16.7%", "D315857C:16.7%", "911999B2:16.7%", "633D9D61:16.7%", "65A90023:16.7%"] t=1791380013877
EPOCH_CLOSED epoch=2 round=1 value=711A28DAB930846213406A8B9BBA9FCE07138EDB154DDEAAA271A2D9CB6E9848 state=E7F08A07E3403B2C3D2DCB90D31C139169506F0A6CC27A790B4A8AB4EC8211A2 t=1791380013877
EPOCH_COMMITTEE derived_by=2 members=6 accounts=14677 n=6 digest=95D409445152DD075E6A4799205DFA5689496EB8EE1A22AC2A200B9DBC2DCF27 shares=["735FE217:16.7%", "A353E45E:16.7%", "D315857C:16.7%", "911999B2:16.7%", "633D9D61:16.7%", "65A90023:16.7%"] t=1791380013879
EPOCH_CLOSED epoch=2 round=1 value=711A28DAB930846213406A8B9BBA9FCE07138EDB154DDEAAA271A2D9CB6E9848 state=E7F08A07E3403B2C3D2DCB90D31C139169506F0A6CC27A790B4A8AB4EC8211A2 t=1791380013879
EPOCH_INSTALLED epoch=2 finalized=13576 cemented=12893 queued=17 missing=666 t=1791380013901
EPOCH_INSTALLED epoch=2 finalized=13576 cemented=12988 queued=579 missing=9 t=1791380013916
EPOCH_INSTALLED epoch=2 finalized=13576 cemented=12990 queued=580 missing=6 t=1791380013919
EPOCH_INSTALLED epoch=2 finalized=13576 cemented=12893 queued=15 missing=668 t=1791380013921
EPOCH_INSTALLED epoch=2 finalized=13576 cemented=13003 queued=558 missing=15 t=1791380013927
EPOCH_FOLLOW cemented=573 cementing=0 requested=0 pending=0 t=1791380014416
EPOCH_FOLLOW cemented=683 cementing=0 requested=0 pending=0 t=1791380014488
