2026-10-08T19:01:40.918132Z  INFO nanospam::setup::account_map_factory: Creating account keys file with 45000 keys: "/var/folders/1y/px089b2s6f9d893xp1p4c7wh0000gn/T/rai-gate-b-er_qklaq/account_keys.txt"
2026-10-08T19:01:41.676369Z  INFO nanospam::setup::node_config_factory: ********************************************************************************
2026-10-08T19:01:41.676380Z  INFO nanospam::setup::node_config_factory: Setting up node PR0...
2026-10-08T19:01:41.676384Z  INFO nanospam::setup::node_config_factory: Creating directory "/var/folders/1y/px089b2s6f9d893xp1p4c7wh0000gn/T/rai-gate-b-er_qklaq/pr0"
2026-10-08T19:01:41.676480Z  INFO nanospam::setup::node_config_factory: Creating node config file: "/var/folders/1y/px089b2s6f9d893xp1p4c7wh0000gn/T/rai-gate-b-er_qklaq/pr0/config-node.toml"
2026-10-08T19:01:41.676648Z  INFO nanospam::setup::node_config_factory: Creating rpc config file: "/var/folders/1y/px089b2s6f9d893xp1p4c7wh0000gn/T/rai-gate-b-er_qklaq/pr0/config-rpc.toml"
2026-10-08T19:01:41.676727Z  INFO nanospam::setup::node_config_factory: ********************************************************************************
2026-10-08T19:01:41.676731Z  INFO nanospam::setup::node_config_factory: Setting up node PR1...
2026-10-08T19:01:41.676734Z  INFO nanospam::setup::node_config_factory: Creating directory "/var/folders/1y/px089b2s6f9d893xp1p4c7wh0000gn/T/rai-gate-b-er_qklaq/pr1"
2026-10-08T19:01:41.676785Z  INFO nanospam::setup::node_config_factory: Creating node config file: "/var/folders/1y/px089b2s6f9d893xp1p4c7wh0000gn/T/rai-gate-b-er_qklaq/pr1/config-node.toml"
2026-10-08T19:01:41.676872Z  INFO nanospam::setup::node_config_factory: Creating rpc config file: "/var/folders/1y/px089b2s6f9d893xp1p4c7wh0000gn/T/rai-gate-b-er_qklaq/pr1/config-rpc.toml"
2026-10-08T19:01:41.676940Z  INFO nanospam::setup::node_config_factory: ********************************************************************************
2026-10-08T19:01:41.676944Z  INFO nanospam::setup::node_config_factory: Setting up node PR2...
2026-10-08T19:01:41.676947Z  INFO nanospam::setup::node_config_factory: Creating directory "/var/folders/1y/px089b2s6f9d893xp1p4c7wh0000gn/T/rai-gate-b-er_qklaq/pr2"
2026-10-08T19:01:41.676994Z  INFO nanospam::setup::node_config_factory: Creating node config file: "/var/folders/1y/px089b2s6f9d893xp1p4c7wh0000gn/T/rai-gate-b-er_qklaq/pr2/config-node.toml"
2026-10-08T19:01:41.677075Z  INFO nanospam::setup::node_config_factory: Creating rpc config file: "/var/folders/1y/px089b2s6f9d893xp1p4c7wh0000gn/T/rai-gate-b-er_qklaq/pr2/config-rpc.toml"
2026-10-08T19:01:41.677140Z  INFO nanospam::setup::node_config_factory: ********************************************************************************
2026-10-08T19:01:41.677144Z  INFO nanospam::setup::node_config_factory: Setting up node PR3...
2026-10-08T19:01:41.677147Z  INFO nanospam::setup::node_config_factory: Creating directory "/var/folders/1y/px089b2s6f9d893xp1p4c7wh0000gn/T/rai-gate-b-er_qklaq/pr3"
2026-10-08T19:01:41.677191Z  INFO nanospam::setup::node_config_factory: Creating node config file: "/var/folders/1y/px089b2s6f9d893xp1p4c7wh0000gn/T/rai-gate-b-er_qklaq/pr3/config-node.toml"
2026-10-08T19:01:41.677269Z  INFO nanospam::setup::node_config_factory: Creating rpc config file: "/var/folders/1y/px089b2s6f9d893xp1p4c7wh0000gn/T/rai-gate-b-er_qklaq/pr3/config-rpc.toml"
2026-10-08T19:01:41.677333Z  INFO nanospam::setup::node_config_factory: ********************************************************************************
2026-10-08T19:01:41.677337Z  INFO nanospam::setup::node_config_factory: Setting up node PR4...
2026-10-08T19:01:41.677340Z  INFO nanospam::setup::node_config_factory: Creating directory "/var/folders/1y/px089b2s6f9d893xp1p4c7wh0000gn/T/rai-gate-b-er_qklaq/pr4"
2026-10-08T19:01:41.677380Z  INFO nanospam::setup::node_config_factory: Creating node config file: "/var/folders/1y/px089b2s6f9d893xp1p4c7wh0000gn/T/rai-gate-b-er_qklaq/pr4/config-node.toml"
2026-10-08T19:01:41.677459Z  INFO nanospam::setup::node_config_factory: Creating rpc config file: "/var/folders/1y/px089b2s6f9d893xp1p4c7wh0000gn/T/rai-gate-b-er_qklaq/pr4/config-rpc.toml"
2026-10-08T19:01:41.677643Z  INFO nanospam::setup::node_launcher: Starting node: NANO_TEST_GENESIS_BLOCK="{\n    \"type\": \"open\",\n    \"account\": \"nano_3nroioygg54nusrmyun4woimqex36sp3drnctdt5955uqu47fxbkrxk7n7ne\",\n    \"source\": \"D315857CE70C54DE713F6E82E5613BB3A1266C15E28AD2F4338C7BBEC456F532\",\n    \"representative\": \"nano_3nroioygg54nusrmyun4woimqex36sp3drnctdt5955uqu47fxbkrxk7n7ne\",\n    \"signature\": \"3F6792C2DC623DF2E8643777160AB983B66B337E2478E13D2C3448126A8F4CD8DCCD19803C158A057FA44060AE0EFC09B1C311CB4FBF42F8D240610B38F56E08\",\n    \"work\": \"70FEF01F7EC45DEC\"\n    }" NANO_TEST_GENESIS_PRV ="49643F9B10CA1AA34F9AF8ED4AABD29F436104CCC375974B108534A48EAE3FE1" "rsnano" "--network" "test" "--data-path" "/var/folders/1y/px089b2s6f9d893xp1p4c7wh0000gn/T/rai-gate-b-er_qklaq/pr0" "node" "run"
2026-10-08T19:01:41.678202Z  INFO nanospam::setup::node_launcher: Waiting for RPC...
2026-10-08T19:01:41.782394Z  INFO nanospam::setup::node_launcher: Starting node: NANO_TEST_GENESIS_BLOCK="{\n    \"type\": \"open\",\n    \"account\": \"nano_3nroioygg54nusrmyun4woimqex36sp3drnctdt5955uqu47fxbkrxk7n7ne\",\n    \"source\": \"D315857CE70C54DE713F6E82E5613BB3A1266C15E28AD2F4338C7BBEC456F532\",\n    \"representative\": \"nano_3nroioygg54nusrmyun4woimqex36sp3drnctdt5955uqu47fxbkrxk7n7ne\",\n    \"signature\": \"3F6792C2DC623DF2E8643777160AB983B66B337E2478E13D2C3448126A8F4CD8DCCD19803C158A057FA44060AE0EFC09B1C311CB4FBF42F8D240610B38F56E08\",\n    \"work\": \"70FEF01F7EC45DEC\"\n    }" NANO_TEST_GENESIS_PRV ="49643F9B10CA1AA34F9AF8ED4AABD29F436104CCC375974B108534A48EAE3FE1" "rsnano" "--network" "test" "--data-path" "/var/folders/1y/px089b2s6f9d893xp1p4c7wh0000gn/T/rai-gate-b-er_qklaq/pr1" "node" "run"
2026-10-08T19:01:41.782911Z  INFO nanospam::setup::node_launcher: Waiting for RPC...
2026-10-08T19:01:41.885954Z  INFO nanospam::setup::node_launcher: Starting node: NANO_TEST_GENESIS_BLOCK="{\n    \"type\": \"open\",\n    \"account\": \"nano_3nroioygg54nusrmyun4woimqex36sp3drnctdt5955uqu47fxbkrxk7n7ne\",\n    \"source\": \"D315857CE70C54DE713F6E82E5613BB3A1266C15E28AD2F4338C7BBEC456F532\",\n    \"representative\": \"nano_3nroioygg54nusrmyun4woimqex36sp3drnctdt5955uqu47fxbkrxk7n7ne\",\n    \"signature\": \"3F6792C2DC623DF2E8643777160AB983B66B337E2478E13D2C3448126A8F4CD8DCCD19803C158A057FA44060AE0EFC09B1C311CB4FBF42F8D240610B38F56E08\",\n    \"work\": \"70FEF01F7EC45DEC\"\n    }" NANO_TEST_GENESIS_PRV ="49643F9B10CA1AA34F9AF8ED4AABD29F436104CCC375974B108534A48EAE3FE1" "rsnano" "--network" "test" "--data-path" "/var/folders/1y/px089b2s6f9d893xp1p4c7wh0000gn/T/rai-gate-b-er_qklaq/pr2" "node" "run"
2026-10-08T19:01:41.886608Z  INFO nanospam::setup::node_launcher: Waiting for RPC...
2026-10-08T19:01:41.991314Z  INFO nanospam::setup::node_launcher: Starting node: NANO_TEST_GENESIS_BLOCK="{\n    \"type\": \"open\",\n    \"account\": \"nano_3nroioygg54nusrmyun4woimqex36sp3drnctdt5955uqu47fxbkrxk7n7ne\",\n    \"source\": \"D315857CE70C54DE713F6E82E5613BB3A1266C15E28AD2F4338C7BBEC456F532\",\n    \"representative\": \"nano_3nroioygg54nusrmyun4woimqex36sp3drnctdt5955uqu47fxbkrxk7n7ne\",\n    \"signature\": \"3F6792C2DC623DF2E8643777160AB983B66B337E2478E13D2C3448126A8F4CD8DCCD19803C158A057FA44060AE0EFC09B1C311CB4FBF42F8D240610B38F56E08\",\n    \"work\": \"70FEF01F7EC45DEC\"\n    }" NANO_TEST_GENESIS_PRV ="49643F9B10CA1AA34F9AF8ED4AABD29F436104CCC375974B108534A48EAE3FE1" "rsnano" "--network" "test" "--data-path" "/var/folders/1y/px089b2s6f9d893xp1p4c7wh0000gn/T/rai-gate-b-er_qklaq/pr3" "node" "run"
2026-10-08T19:01:41.992759Z  INFO nanospam::setup::node_launcher: Waiting for RPC...
2026-10-08T19:01:42.097512Z  INFO nanospam::setup::node_launcher: Starting node: NANO_TEST_GENESIS_BLOCK="{\n    \"type\": \"open\",\n    \"account\": \"nano_3nroioygg54nusrmyun4woimqex36sp3drnctdt5955uqu47fxbkrxk7n7ne\",\n    \"source\": \"D315857CE70C54DE713F6E82E5613BB3A1266C15E28AD2F4338C7BBEC456F532\",\n    \"representative\": \"nano_3nroioygg54nusrmyun4woimqex36sp3drnctdt5955uqu47fxbkrxk7n7ne\",\n    \"signature\": \"3F6792C2DC623DF2E8643777160AB983B66B337E2478E13D2C3448126A8F4CD8DCCD19803C158A057FA44060AE0EFC09B1C311CB4FBF42F8D240610B38F56E08\",\n    \"work\": \"70FEF01F7EC45DEC\"\n    }" NANO_TEST_GENESIS_PRV ="49643F9B10CA1AA34F9AF8ED4AABD29F436104CCC375974B108534A48EAE3FE1" "rsnano" "--network" "test" "--data-path" "/var/folders/1y/px089b2s6f9d893xp1p4c7wh0000gn/T/rai-gate-b-er_qklaq/pr4" "node" "run"
2026-10-08T19:01:42.098839Z  INFO nanospam::setup::node_launcher: Waiting for RPC...
2026-10-08T19:01:42.201488Z  INFO nanospam::wallets_factory: Creating wallet...
2026-10-08T19:01:42.277581Z  INFO nanospam::wallets_factory: Setting default representative...
2026-10-08T19:01:42.277855Z  INFO nanospam::wallets_factory: Creating wallet...
2026-10-08T19:01:42.323405Z  INFO nanospam::wallets_factory: Setting default representative...
2026-10-08T19:01:42.323732Z  INFO nanospam::wallets_factory: Sending Ӿ56,547,061 to PR1 wallet nano_3atmwjh8t11psdqf3qx6xjfiei94oajch6zsyauowxzjogbbgz168g5mp8f1 ...
2026-10-08T19:01:42.324166Z  INFO nanospam::wallets_factory: Waiting for confirmation for 70B574FB519B8DEA27D8F4952C2E7B0378B009608D6FC967984D3C83440C9C3D
2026-10-08T19:01:57.527853Z  INFO nanospam::wallets_factory: Receiving...
2026-10-08T19:01:57.530018Z  INFO nanospam::wallets_factory: Waiting for confirmation for 011C6AC2721054F46B03A50885AF48083A4A685154A55D85116DBCE413673F86
2026-10-08T19:01:57.738429Z  INFO nanospam::wallets_factory: DONE
2026-10-08T19:01:57.738574Z  INFO nanospam::wallets_factory: ********************************************************************************
2026-10-08T19:01:57.738594Z  INFO nanospam::wallets_factory: Creating wallet...
2026-10-08T19:01:57.818395Z  INFO nanospam::wallets_factory: Setting default representative...
2026-10-08T19:01:57.818716Z  INFO nanospam::wallets_factory: Sending Ӿ56,547,061 to PR2 wallet nano_36asm8scxymtsjmgqp14per3zxpgaec1c65qb9en1buscq7qzqa93tfyyzs3 ...
2026-10-08T19:01:57.819189Z  INFO nanospam::wallets_factory: Waiting for confirmation for 76B3937072C015B69E45D5458B47CF52A54A38F8ED441B0E21561A3048243E90
2026-10-08T19:01:57.922865Z  INFO nanospam::wallets_factory: Receiving...
2026-10-08T19:01:57.923647Z  INFO nanospam::wallets_factory: Waiting for confirmation for 402DCF4725254BECF5C5CB5F707C169725EE114819D289F8A5477C2FFF19BDC0
2026-10-08T19:01:58.131794Z  INFO nanospam::wallets_factory: DONE
2026-10-08T19:01:58.131909Z  INFO nanospam::wallets_factory: ********************************************************************************
2026-10-08T19:01:58.131926Z  INFO nanospam::wallets_factory: Creating wallet...
2026-10-08T19:01:58.196203Z  INFO nanospam::wallets_factory: Setting default representative...
2026-10-08T19:01:58.196462Z  INFO nanospam::wallets_factory: Sending Ӿ56,547,061 to PR3 wallet nano_1sfb11jzfi8k51fcnrzi1qe3qh1e1jkic3h45oak9yfg5yhbkczzxfwtat7m ...
2026-10-08T19:01:58.196872Z  INFO nanospam::wallets_factory: Waiting for confirmation for FF4589BE1759B38CC94ABA0AE4FE6644845FE957C02EA9CEA669A28C8D1ADE97
2026-10-08T19:02:13.516610Z  INFO nanospam::wallets_factory: Receiving...
2026-10-08T19:02:13.518794Z  INFO nanospam::wallets_factory: Waiting for confirmation for 1210B877FF188F4FF352C0EDE856AA702A1D6763EFA96EA84BB10519898BE6D0
2026-10-08T19:02:13.724931Z  INFO nanospam::wallets_factory: DONE
2026-10-08T19:02:13.725093Z  INFO nanospam::wallets_factory: ********************************************************************************
2026-10-08T19:02:13.725121Z  INFO nanospam::wallets_factory: Creating wallet...
2026-10-08T19:02:13.805027Z  INFO nanospam::wallets_factory: Setting default representative...
2026-10-08T19:02:13.805363Z  INFO nanospam::wallets_factory: Sending Ӿ56,547,061 to PR4 wallet nano_1rsxmoinip7d4wafdp855194n43fs7s1jgne6tx8ruatiu6g89815pddzijp ...
2026-10-08T19:02:13.805843Z  INFO nanospam::wallets_factory: Waiting for confirmation for 23D89F3531AC5EE2378D3606C70B24D2A7B9016B8ADB1A970E6B1D9E7576186D
2026-10-08T19:02:14.012597Z  INFO nanospam::wallets_factory: Receiving...
2026-10-08T19:02:14.015124Z  INFO nanospam::wallets_factory: Waiting for confirmation for 8D401F6072C9B3A9EFBA68DA33CC97FF1D15EEB9F09CE4731C1A7614578C3E56
2026-10-08T19:02:14.221538Z  INFO nanospam::wallets_factory: DONE
2026-10-08T19:02:14.221650Z  INFO nanospam::wallets_factory: ********************************************************************************
2026-10-08T19:02:14.221797Z  INFO nanospam::wallets_factory: Sending Ӿ56,547,061 to PR5 (no node) nano_1wtzwadxk9naxc356m4rienp93ht131w7ypadk39qck8uah3bg3zohsmj9th ...
2026-10-08T19:02:14.223425Z  INFO nanospam::wallets_factory: Waiting for confirmation for A5666BC59C8DD98A7E52D6F61006629E4EDB37063C12A73BFB41D35538B371CA
2026-10-08T19:02:29.435350Z  INFO nanospam::wallets_factory: Waiting for confirmation for 49EEF9EFFD843E7FE6FB8D0DE0A19E8B88DBE91F26F5FDDB0E8862DEF7553864
2026-10-08T19:02:29.643160Z  INFO nanospam::wallets_factory: DONE
2026-10-08T19:02:29.643248Z  INFO nanospam::wallets_factory: Sending initial spam amount...
2026-10-08T19:02:29.644506Z  INFO nanospam::wallets_factory: Waiting for confirmation for D5051E8FA9D9668208385570166507CC0F456315FF74CD0AC7A30CEBE68444C3
2026-10-08T19:02:29.853466Z  INFO nanospam::wallets_factory: Receiving initial spam amount...
2026-10-08T19:02:29.854874Z  INFO nanospam::wallets_factory: Waiting for confirmation for 0E19112CEB45507E747D663F7D666FD62D028D56EB12D5A39DCAF79824082C9C
2026-10-08T19:02:29.959990Z  INFO nanospam::wallets_factory: Seeding Ӿ142,857 to nano_1nm78tghstj5ztppu78m8kgi44r5qo8696tz1h54txkas4ddyho8m3xezh6y for representative D315857CE70C54DE713F6E82E5613BB3A1266C15E28AD2F4338C7BBEC456F532
2026-10-08T19:02:29.961319Z  INFO nanospam::wallets_factory: Waiting for confirmation for 71A20784FED937E8D2317705DE83887373F7076502E0C3B63AF33C4EC87579A6
2026-10-08T19:02:30.170883Z  INFO nanospam::wallets_factory: Waiting for confirmation for 58368A9DC874EADCD0A1BE33B03E1EF64178CE43908C68141B35E335F82A3009
2026-10-08T19:02:30.379757Z  INFO nanospam::wallets_factory: Seeding Ӿ142,857 to nano_1ex1juep7czdegczgbgn8mgonh9kbqfxb11zo4bigrfiwkf3znsnfacu57di for representative A353E45E6D0016CAEED0DFA4EC5B0640E2AA22A793F9F2375E77F1AB92977C04
2026-10-08T19:02:30.380919Z  INFO nanospam::wallets_factory: Waiting for confirmation for 821F6E1D39854068B39B4B27CFFF40FB82B3167F6878EA17318E8A49C7C23C06
2026-10-08T19:02:30.590772Z  INFO nanospam::wallets_factory: Waiting for confirmation for 702EC1BA96848E859DDE1D4F06EED94B410D0E183A15345EE67EF814CEDA2B86
2026-10-08T19:02:30.695292Z  INFO nanospam::wallets_factory: Seeding Ӿ142,857 to nano_3z9riy8g8tzgug9hnk49hbipzjyfs3ymzxyisqcnj5pfxx5huua8bon46bcg for representative 911999B2AEFA7ACC66EBD802B3301FF6CE431405107749D940277955CB7FDD07
2026-10-08T19:02:30.696444Z  INFO nanospam::wallets_factory: Waiting for confirmation for 18594A18E300E75C7BAEE79F76B8AD29E444BDF20645186B159E4C5ECB5EC3E7
2026-10-08T19:02:30.905701Z  INFO nanospam::wallets_factory: Waiting for confirmation for 59958ECA86AD3528830731BCE9E155AB842B2D3896DBC08E5ECA318B6A6E043A
2026-10-08T19:02:31.113561Z  INFO nanospam::wallets_factory: Seeding Ӿ142,857 to nano_3qdp4o4d91ah4cckzic4u5186arb1m31dgyz198ebmepcrkkjgh6zpk7kbob for representative 65A90023F6C0D2181AAA63F005D81BBC0C04650505E21D5123F9AE1F9E992BFF
2026-10-08T19:02:31.114724Z  INFO nanospam::wallets_factory: Waiting for confirmation for D7F3FF99A16CAA024848A698BBFCF39696510ADE9D13E6186F5B4D27E61CCFC4
2026-10-08T19:02:31.323979Z  INFO nanospam::wallets_factory: Waiting for confirmation for 98EB2383423D57C0080F8468426DB0588B24B2C44EDBE887BF6977AECF23AE52
2026-10-08T19:02:31.428903Z  INFO nanospam::wallets_factory: Seeding Ӿ142,857 to nano_1hnoaxk8z6wnjoqyazi6ftw3wawr1xn7nbbxffy6184dto4tsxq6sathuhfo for representative 633D9D614858AB1710D5D8C3180E2A082DC97208BA8C26BA6C6D1A86C8E31CC0
2026-10-08T19:02:31.429683Z  INFO nanospam::wallets_factory: Waiting for confirmation for 5112E8AD195FFD555123709A36BF853AE10FC606050FEE1DBE9D100ED1CD6B64
2026-10-08T19:02:31.638219Z  INFO nanospam::wallets_factory: Waiting for confirmation for 74AB34AC3FE676FB62252E2EEC0A7AAAEF212A62E43C95B9EC7E3708032DA039
2026-10-08T19:02:31.844660Z  INFO nanospam::wallets_factory: Seeding Ӿ142,857 to nano_19a8usk1guy6ytsaeocfkofbhkbcwwapht4euw9hjh4hctufpia5m4okxj8z for representative 735FE217D91E88EA82324C5883296385FA0041C2FAC85C827BAA46DA1E14B83F
2026-10-08T19:02:31.845712Z  INFO nanospam::wallets_factory: Waiting for confirmation for 1C9FF1934BB6B417A05DFCE9CE62FFE0A1A9AF0A80726B6697833A3E9EA88ABC
2026-10-08T19:02:32.053152Z  INFO nanospam::wallets_factory: Waiting for confirmation for B298714D8ECEC1CB13B0E41834CA40A4F09AEF6B66DA7F04CE1A8E4A226E6EB8
2026-10-08T19:02:32.264150Z  INFO nanospam::high_prio_check: Creating high priority accounts...
2026-10-08T19:02:32.293168Z  INFO nanospam::high_prio_check: Waiting for confirmations...
2026-10-08T19:02:34.534215Z  INFO nanospam::app: Waiting for all PRs to see the full quorum...
2026-10-08T19:02:34.536423Z  INFO nanospam::app: All PRs see the full quorum after 2.159459ms
2026-10-08T19:02:34.536460Z  INFO nanospam::app: Waiting for all PRs to hold the same cemented ledger...
2026-10-08T19:02:34.537888Z  INFO nanospam::app: All PRs hold the same ledger of 65 blocks after 1.413166ms
EPOCH_COMMITTEE derived_by=genesis members=6 accounts=33 n=6 digest=95D409445152DD075E6A4799205DFA5689496EB8EE1A22AC2A200B9DBC2DCF27 shares=["A353E45E:16.7%", "65A90023:16.7%", "D315857C:16.7%", "911999B2:16.7%", "633D9D61:16.7%", "735FE217:16.7%"] t=1791486154538
EPOCH_START epoch=0 elections=0 t=1791486154538
EPOCH_COMMITTEE derived_by=genesis members=6 accounts=33 n=6 digest=95D409445152DD075E6A4799205DFA5689496EB8EE1A22AC2A200B9DBC2DCF27 shares=["A353E45E:16.7%", "65A90023:16.7%", "D315857C:16.7%", "911999B2:16.7%", "633D9D61:16.7%", "735FE217:16.7%"] t=1791486154538
EPOCH_START epoch=0 elections=0 t=1791486154538
EPOCH_COMMITTEE derived_by=genesis members=6 accounts=33 n=6 digest=95D409445152DD075E6A4799205DFA5689496EB8EE1A22AC2A200B9DBC2DCF27 shares=["A353E45E:16.7%", "65A90023:16.7%", "D315857C:16.7%", "911999B2:16.7%", "633D9D61:16.7%", "735FE217:16.7%"] t=1791486154539
EPOCH_START epoch=0 elections=0 t=1791486154539
EPOCH_COMMITTEE derived_by=genesis members=6 accounts=33 n=6 digest=95D409445152DD075E6A4799205DFA5689496EB8EE1A22AC2A200B9DBC2DCF27 shares=["A353E45E:16.7%", "65A90023:16.7%", "D315857C:16.7%", "911999B2:16.7%", "633D9D61:16.7%", "735FE217:16.7%"] t=1791486154539
EPOCH_START epoch=0 elections=0 t=1791486154539
EPOCH_COMMITTEE derived_by=genesis members=6 accounts=33 n=6 digest=95D409445152DD075E6A4799205DFA5689496EB8EE1A22AC2A200B9DBC2DCF27 shares=["A353E45E:16.7%", "65A90023:16.7%", "D315857C:16.7%", "911999B2:16.7%", "633D9D61:16.7%", "735FE217:16.7%"] t=1791486154540
EPOCH_START epoch=0 elections=0 t=1791486154540
2026-10-08T19:02:34.540534Z  INFO nanospam::app: Started the epochs on every PR
2026-10-08T19:02:34.540569Z  INFO nanospam::app: Connecting to node PR0... peer_addr=[::1]:17075
2026-10-08T19:02:34.540803Z  INFO nanospam::app: Performing handshake...
2026-10-08T19:02:34.541459Z  INFO nanospam::app: Performing handshake...
2026-10-08T19:02:34.553613Z  INFO nanospam::app: Performing handshake...
2026-10-08T19:02:34.565902Z  INFO nanospam::app: Performing handshake...
2026-10-08T19:02:34.577522Z  INFO nanospam::app: Connecting to node PR1... peer_addr=[::1]:17085
2026-10-08T19:02:34.578061Z  INFO nanospam::app: Performing handshake...
2026-10-08T19:02:34.578973Z  INFO nanospam::app: Performing handshake...
2026-10-08T19:02:34.590254Z  INFO nanospam::app: Performing handshake...
2026-10-08T19:02:34.601330Z  INFO nanospam::app: Performing handshake...
2026-10-08T19:02:34.612737Z  INFO nanospam::app: Connecting to node PR2... peer_addr=[::1]:17095
2026-10-08T19:02:34.613004Z  INFO nanospam::app: Performing handshake...
2026-10-08T19:02:34.613959Z  INFO nanospam::app: Performing handshake...
2026-10-08T19:02:34.624456Z  INFO nanospam::app: Performing handshake...
2026-10-08T19:02:34.636788Z  INFO nanospam::app: Performing handshake...
2026-10-08T19:02:34.647736Z  INFO nanospam::app: Connecting to node PR3... peer_addr=[::1]:17105
2026-10-08T19:02:34.647946Z  INFO nanospam::app: Performing handshake...
2026-10-08T19:02:34.648840Z  INFO nanospam::app: Performing handshake...
2026-10-08T19:02:34.661227Z  INFO nanospam::app: Performing handshake...
2026-10-08T19:02:34.673452Z  INFO nanospam::app: Performing handshake...
2026-10-08T19:02:34.684947Z  INFO nanospam::app: Connecting to node PR4... peer_addr=[::1]:17115
2026-10-08T19:02:34.685182Z  INFO nanospam::app: Performing handshake...
2026-10-08T19:02:34.686038Z  INFO nanospam::app: Performing handshake...
2026-10-08T19:02:34.698480Z  INFO nanospam::app: Performing handshake...
2026-10-08T19:02:34.709437Z  INFO nanospam::app: Performing handshake...
2026-10-08T19:02:34.720274Z  INFO nanospam::app: Connecting to websocket...
2026-10-08T19:02:34.721126Z  INFO nanospam::app: Starting with 2000 BPS
2026-10-08T19:02:34.731989Z  INFO nanospam::byzantine: 1 Byzantine representative(s) voting at random into 5 node(s)
2026-10-08T19:02:35.722234Z  INFO nanospam::app: Confirmed 457 blocks | 2,000 bps | 506 cps | avg conf time: 98 ms
2026-10-08T19:02:36.723752Z  INFO nanospam::app: Confirmed 3,393 blocks | 2,000 bps | 2,931 cps | avg conf time: 132 ms
2026-10-08T19:02:37.729979Z  INFO nanospam::app: Confirmed 5,553 blocks | 2,000 bps | 2,158 cps | avg conf time: 125 ms
2026-10-08T19:02:38.730155Z  INFO nanospam::app: Confirmed 7,342 blocks | 2,000 bps | 1,778 cps | avg conf time: 105 ms
2026-10-08T19:02:39.732539Z  INFO nanospam::app: Confirmed 9,003 blocks | 2,000 bps | 1,658 cps | avg conf time: 105 ms
2026-10-08T19:02:40.733059Z  INFO nanospam::app: Confirmed 10,701 blocks | 2,000 bps | 1,695 cps | avg conf time: 109 ms
2026-10-08T19:02:41.735722Z  INFO nanospam::app: Confirmed 12,422 blocks | 2,000 bps | 1,719 cps | avg conf time: 116 ms
EPOCH_ENDED epoch=0 elections=1843 active=1812 t=1791486162546
EPOCH_ENDED epoch=0 elections=1843 active=1812 t=1791486162547
EPOCH_ENDED epoch=0 elections=1843 active=1812 t=1791486162547
EPOCH_ENDED epoch=0 elections=1843 active=1812 t=1791486162547
EPOCH_ENDED epoch=0 elections=1843 active=1812 t=1791486162547
EPOCH_CARRIED epoch=0 instances=1812 split=31 t=1791486162576
EPOCH_ADVANCED epoch=1 elections=3655 active=3624 vote_records=145938 t=1791486162576
EPOCH_CARRIED epoch=0 instances=1812 split=31 t=1791486162576
EPOCH_ADVANCED epoch=1 elections=3655 active=3624 vote_records=145938 t=1791486162576
EPOCH_CARRIED epoch=0 instances=1812 split=31 t=1791486162579
EPOCH_ADVANCED epoch=1 elections=3655 active=3624 vote_records=145951 t=1791486162579
EPOCH_CARRIED epoch=0 instances=1812 split=31 t=1791486162579
EPOCH_ADVANCED epoch=1 elections=3655 active=3624 vote_records=145907 t=1791486162579
EPOCH_CARRIED epoch=0 instances=1812 split=31 t=1791486162589
EPOCH_ADVANCED epoch=1 elections=3655 active=3624 vote_records=145949 t=1791486162589
EPOCH_CLOSE_UNREADY epoch=0 short_of=reports usable=0 weight=0 required=5 held=0 theirs=[] t=1791486162612
EPOCH_CLOSE_UNREADY epoch=0 short_of=reports usable=0 weight=0 required=5 held=0 theirs=[] t=1791486162725
EPOCH_CLOSE_UNREADY epoch=0 short_of=reports usable=0 weight=0 required=5 held=0 theirs=[] t=1791486162811
EPOCH_CLOSE_UNREADY epoch=0 short_of=reports usable=0 weight=0 required=5 held=0 theirs=[] t=1791486162835
2026-10-08T19:02:42.845177Z  INFO nanospam::app: Confirmed 13,819 blocks | 2,000 bps | 1,392 cps | avg conf time: 111 ms
EPOCH_CLOSE_UNREADY epoch=0 short_of=reports usable=0 weight=0 required=5 held=0 theirs=[] t=1791486163080
EPOCH_REPORT epoch=0 certified=13884 residual=1829 root=1BE0950E62E64763E36E418FAB4089F924638AA353C91F7804AFD6F0D9F665B4 reports=1 t=1791486163108
EPOCH_REPORT epoch=0 certified=13884 residual=1832 root=1BE0950E62E64763E36E418FAB4089F924638AA353C91F7804AFD6F0D9F665B4 reports=1 t=1791486163223
EPOCH_REPORT epoch=0 certified=13884 residual=1836 root=1BE0950E62E64763E36E418FAB4089F924638AA353C91F7804AFD6F0D9F665B4 reports=1 t=1791486163257
EPOCH_RECONCILED epoch=0 reporter=65A90023F6C0D2181AAA63F005D81BBC0C04650505E21D5123F9AE1F9E992BFF complete=false entries=0 total=13884 symbols=0 dropped=false t=1791486163311
EPOCH_RECONCILED epoch=0 reporter=A353E45E6D0016CAEED0DFA4EC5B0640E2AA22A793F9F2375E77F1AB92977C04 complete=false entries=0 total=13884 symbols=0 dropped=false t=1791486163316
EPOCH_RECONCILED epoch=0 reporter=A353E45E6D0016CAEED0DFA4EC5B0640E2AA22A793F9F2375E77F1AB92977C04 complete=true entries=1832 total=1832 symbols=0 dropped=false t=1791486163320
EPOCH_REPORT epoch=0 certified=13884 residual=1829 root=1BE0950E62E64763E36E418FAB4089F924638AA353C91F7804AFD6F0D9F665B4 reports=1 t=1791486163325
EPOCH_REPORT epoch=0 certified=13884 residual=1808 root=1BE0950E62E64763E36E418FAB4089F924638AA353C91F7804AFD6F0D9F665B4 reports=1 t=1791486163367
EPOCH_RECONCILED epoch=0 reporter=65A90023F6C0D2181AAA63F005D81BBC0C04650505E21D5123F9AE1F9E992BFF complete=false entries=1810 total=1810 symbols=0 dropped=false t=1791486163368
EPOCH_RECONCILED epoch=0 reporter=A353E45E6D0016CAEED0DFA4EC5B0640E2AA22A793F9F2375E77F1AB92977C04 complete=false entries=0 total=13884 symbols=0 dropped=false t=1791486163369
EPOCH_RECONCILED epoch=0 reporter=D315857CE70C54DE713F6E82E5613BB3A1266C15E28AD2F4338C7BBEC456F532 complete=false entries=0 total=13884 symbols=0 dropped=false t=1791486163390
EPOCH_RECONCILED epoch=0 reporter=D315857CE70C54DE713F6E82E5613BB3A1266C15E28AD2F4338C7BBEC456F532 complete=false entries=1803 total=1803 symbols=0 dropped=false t=1791486163394
EPOCH_RECONCILED epoch=0 reporter=65A90023F6C0D2181AAA63F005D81BBC0C04650505E21D5123F9AE1F9E992BFF complete=true entries=19 total=1829 symbols=48 dropped=false t=1791486163399
EPOCH_RECONCILED epoch=0 reporter=65A90023F6C0D2181AAA63F005D81BBC0C04650505E21D5123F9AE1F9E992BFF complete=false entries=225 total=13884 symbols=364 dropped=false t=1791486163402
EPOCH_RECONCILED epoch=0 reporter=A353E45E6D0016CAEED0DFA4EC5B0640E2AA22A793F9F2375E77F1AB92977C04 complete=false entries=1813 total=1813 symbols=0 dropped=false t=1791486163418
EPOCH_RECONCILED epoch=0 reporter=D315857CE70C54DE713F6E82E5613BB3A1266C15E28AD2F4338C7BBEC456F532 complete=false entries=0 total=13884 symbols=0 dropped=false t=1791486163418
EPOCH_RECONCILED epoch=0 reporter=D315857CE70C54DE713F6E82E5613BB3A1266C15E28AD2F4338C7BBEC456F532 complete=true entries=1836 total=1836 symbols=0 dropped=false t=1791486163422
EPOCH_RECONCILED epoch=0 reporter=65A90023F6C0D2181AAA63F005D81BBC0C04650505E21D5123F9AE1F9E992BFF complete=false entries=0 total=13884 symbols=0 dropped=false t=1791486163423
EPOCH_RECONCILED epoch=0 reporter=65A90023F6C0D2181AAA63F005D81BBC0C04650505E21D5123F9AE1F9E992BFF complete=false entries=0 total=13884 symbols=0 dropped=false t=1791486163471
EPOCH_RECONCILED epoch=0 reporter=65A90023F6C0D2181AAA63F005D81BBC0C04650505E21D5123F9AE1F9E992BFF complete=false entries=1810 total=1810 symbols=0 dropped=false t=1791486163507
EPOCH_RECONCILED epoch=0 reporter=65A90023F6C0D2181AAA63F005D81BBC0C04650505E21D5123F9AE1F9E992BFF complete=true entries=1829 total=1829 symbols=0 dropped=false t=1791486163508
EPOCH_RECONCILED epoch=0 reporter=65A90023F6C0D2181AAA63F005D81BBC0C04650505E21D5123F9AE1F9E992BFF complete=true entries=19 total=1829 symbols=48 dropped=false t=1791486163511
EPOCH_RECONCILED epoch=0 reporter=A353E45E6D0016CAEED0DFA4EC5B0640E2AA22A793F9F2375E77F1AB92977C04 complete=true entries=19 total=1832 symbols=48 dropped=false t=1791486163511
EPOCH_RECONCILED epoch=0 reporter=633D9D614858AB1710D5D8C3180E2A082DC97208BA8C26BA6C6D1A86C8E31CC0 complete=false entries=0 total=13884 symbols=0 dropped=false t=1791486163512
EPOCH_RECONCILED epoch=0 reporter=633D9D614858AB1710D5D8C3180E2A082DC97208BA8C26BA6C6D1A86C8E31CC0 complete=false entries=1798 total=1798 symbols=0 dropped=false t=1791486163519
EPOCH_RECONCILED epoch=0 reporter=911999B2AEFA7ACC66EBD802B3301FF6CE431405107749D940277955CB7FDD07 complete=false entries=0 total=13884 symbols=0 dropped=false t=1791486163519
EPOCH_RECONCILED epoch=0 reporter=911999B2AEFA7ACC66EBD802B3301FF6CE431405107749D940277955CB7FDD07 complete=true entries=1829 total=1829 symbols=0 dropped=false t=1791486163524
EPOCH_RECONCILED epoch=0 reporter=633D9D614858AB1710D5D8C3180E2A082DC97208BA8C26BA6C6D1A86C8E31CC0 complete=true entries=10 total=1808 symbols=32 dropped=false t=1791486163527
EPOCH_RECONCILED epoch=0 reporter=D315857CE70C54DE713F6E82E5613BB3A1266C15E28AD2F4338C7BBEC456F532 complete=true entries=33 total=1836 symbols=72 dropped=false t=1791486163527
EPOCH_RECONCILED epoch=0 reporter=911999B2AEFA7ACC66EBD802B3301FF6CE431405107749D940277955CB7FDD07 complete=false entries=0 total=13884 symbols=0 dropped=false t=1791486163642
EPOCH_RECONCILED epoch=0 reporter=911999B2AEFA7ACC66EBD802B3301FF6CE431405107749D940277955CB7FDD07 complete=true entries=1829 total=1829 symbols=0 dropped=false t=1791486163750
EPOCH_CLOSE_UNREADY epoch=0 short_of=reports usable=3 weight=3 required=5 held=4 theirs=["D315857C:1BE0950E:F165A2F7", "65A90023:1BE0950E:0012DC2A", "633D9D61:1BE0950E:64D19038", "911999B2:1BE0950E:D4371360"] t=1791486163771
EPOCH_RECONCILED epoch=0 reporter=65A90023F6C0D2181AAA63F005D81BBC0C04650505E21D5123F9AE1F9E992BFF complete=true entries=1829 total=1829 symbols=0 dropped=false t=1791486163838
EPOCH_RECONCILED epoch=0 reporter=A353E45E6D0016CAEED0DFA4EC5B0640E2AA22A793F9F2375E77F1AB92977C04 complete=false entries=0 total=13884 symbols=0 dropped=false t=1791486163839
EPOCH_RECONCILED epoch=0 reporter=A353E45E6D0016CAEED0DFA4EC5B0640E2AA22A793F9F2375E77F1AB92977C04 complete=true entries=1832 total=1832 symbols=0 dropped=false t=1791486163843
EPOCH_RECONCILED epoch=0 reporter=D315857CE70C54DE713F6E82E5613BB3A1266C15E28AD2F4338C7BBEC456F532 complete=false entries=0 total=13884 symbols=0 dropped=false t=1791486163844
2026-10-08T19:02:43.848743Z  INFO nanospam::app: Confirmed 14,294 blocks | 2,000 bps | 427 cps | avg conf time: 1040 ms
EPOCH_RECONCILED epoch=0 reporter=D315857CE70C54DE713F6E82E5613BB3A1266C15E28AD2F4338C7BBEC456F532 complete=true entries=1836 total=1836 symbols=0 dropped=false t=1791486163852
EPOCH_RECONCILED epoch=0 reporter=633D9D614858AB1710D5D8C3180E2A082DC97208BA8C26BA6C6D1A86C8E31CC0 complete=false entries=0 total=13884 symbols=0 dropped=false t=1791486163856
EPOCH_RECONCILED epoch=0 reporter=633D9D614858AB1710D5D8C3180E2A082DC97208BA8C26BA6C6D1A86C8E31CC0 complete=true entries=1808 total=1808 symbols=0 dropped=false t=1791486163860
EPOCH_RECONCILED epoch=0 reporter=633D9D614858AB1710D5D8C3180E2A082DC97208BA8C26BA6C6D1A86C8E31CC0 complete=false entries=0 total=13884 symbols=0 dropped=false t=1791486163916
EPOCH_RECONCILED epoch=0 reporter=633D9D614858AB1710D5D8C3180E2A082DC97208BA8C26BA6C6D1A86C8E31CC0 complete=true entries=1808 total=1808 symbols=0 dropped=false t=1791486164032
EPOCH_RECONCILED epoch=0 reporter=D315857CE70C54DE713F6E82E5613BB3A1266C15E28AD2F4338C7BBEC456F532 complete=false entries=0 total=13884 symbols=0 dropped=false t=1791486164032
EPOCH_RECONCILED epoch=0 reporter=D315857CE70C54DE713F6E82E5613BB3A1266C15E28AD2F4338C7BBEC456F532 complete=false entries=1807 total=1807 symbols=0 dropped=false t=1791486164202
EPOCH_RECONCILED epoch=0 reporter=911999B2AEFA7ACC66EBD802B3301FF6CE431405107749D940277955CB7FDD07 complete=false entries=0 total=13884 symbols=0 dropped=false t=1791486164204
EPOCH_RECONCILED epoch=0 reporter=911999B2AEFA7ACC66EBD802B3301FF6CE431405107749D940277955CB7FDD07 complete=true entries=1829 total=1829 symbols=0 dropped=false t=1791486164222
EPOCH_RECONCILED epoch=0 reporter=D315857CE70C54DE713F6E82E5613BB3A1266C15E28AD2F4338C7BBEC456F532 complete=true entries=29 total=1836 symbols=48 dropped=false t=1791486164224
EPOCH_CLOSE_READY epoch=0 t=1791486164274
EPOCH_RECONCILED epoch=0 reporter=633D9D614858AB1710D5D8C3180E2A082DC97208BA8C26BA6C6D1A86C8E31CC0 complete=false entries=0 total=13884 symbols=0 dropped=false t=1791486164287
EPOCH_RECONCILED epoch=0 reporter=633D9D614858AB1710D5D8C3180E2A082DC97208BA8C26BA6C6D1A86C8E31CC0 complete=true entries=1808 total=1808 symbols=0 dropped=false t=1791486164313
EPOCH_RECONCILED epoch=0 reporter=A353E45E6D0016CAEED0DFA4EC5B0640E2AA22A793F9F2375E77F1AB92977C04 complete=false entries=0 total=13884 symbols=0 dropped=false t=1791486164314
EPOCH_RECONCILED epoch=0 reporter=A353E45E6D0016CAEED0DFA4EC5B0640E2AA22A793F9F2375E77F1AB92977C04 complete=true entries=1832 total=1832 symbols=0 dropped=false t=1791486164318
EPOCH_RECONCILED epoch=0 reporter=911999B2AEFA7ACC66EBD802B3301FF6CE431405107749D940277955CB7FDD07 complete=false entries=0 total=13884 symbols=0 dropped=false t=1791486164319
EPOCH_RECONCILED epoch=0 reporter=911999B2AEFA7ACC66EBD802B3301FF6CE431405107749D940277955CB7FDD07 complete=true entries=1829 total=1829 symbols=0 dropped=false t=1791486164323
EPOCH_CLOSE_READY epoch=0 t=1791486164341
EPOCH_CLOSE_ROUND epoch=0 round=0 leader=633D9D614858AB1710D5D8C3180E2A082DC97208BA8C26BA6C6D1A86C8E31CC0 leads=false t=1791486164342
EPOCH_CLOSE_READY epoch=0 t=1791486164354
EPOCH_CLOSE_ROUND epoch=0 round=0 leader=633D9D614858AB1710D5D8C3180E2A082DC97208BA8C26BA6C6D1A86C8E31CC0 leads=false t=1791486164355
EPOCH_CLOSE_UNREADY epoch=0 short_of=reports usable=4 weight=4 required=5 held=4 theirs=["633D9D61:1BE0950E:64D19038", "A353E45E:1BE0950E:4A3D7050", "D315857C:1BE0950E:F165A2F7", "911999B2:1BE0950E:D4371360"] t=1791486164455
EPOCH_CLOSE_READY epoch=0 t=1791486164716
EPOCH_CLOSE_ROUND epoch=0 round=0 leader=633D9D614858AB1710D5D8C3180E2A082DC97208BA8C26BA6C6D1A86C8E31CC0 leads=false t=1791486164717
2026-10-08T19:02:44.848922Z  INFO nanospam::app: Confirmed 16,962 blocks | 2,000 bps | 2,667 cps | avg conf time: 754 ms
EPOCH_CLOSE_READY epoch=0 t=1791486165224
EPOCH_CLOSE_ROUND epoch=0 round=0 leader=633D9D614858AB1710D5D8C3180E2A082DC97208BA8C26BA6C6D1A86C8E31CC0 leads=false t=1791486165226
EPOCH_DERIVE_TIMING epoch=0 claims=17259 claim_ms=17 manifest_ms=155 build_ms=750 t=1791486165250
EPOCH_PROPOSED epoch=0 round=0 value=80FABF06954B5BE68295B8A93BDD19718E7CD406B12C567D3E1F70DA0C20DF00 state=6BF7FC2E3380AED6193539943587DCF53D38A5AA66FCB28098B74AB9A4DA0258 reports=5 t=1791486165250
EPOCH_VALUE epoch=0 value=80FABF06954B5BE68295B8A93BDD19718E7CD406B12C567D3E1F70DA0C20DF00 state=6BF7FC2E3380AED6193539943587DCF53D38A5AA66FCB28098B74AB9A4DA0258 t=1791486165257
EPOCH_CLOSE_ROUND epoch=0 round=0 leader=633D9D614858AB1710D5D8C3180E2A082DC97208BA8C26BA6C6D1A86C8E31CC0 leads=true t=1791486165258
2026-10-08T19:02:45.850027Z  INFO nanospam::app: Confirmed 18,824 blocks | 2,000 bps | 1,859 cps | avg conf time: 535 ms
EPOCH_VALIDATE_TIMING epoch=0 evidence_ms=153 build_ms=610 t=1791486166022
EPOCH_VALIDATE_TIMING epoch=0 evidence_ms=146 build_ms=627 t=1791486166036
EPOCH_VALUE epoch=0 value=80FABF06954B5BE68295B8A93BDD19718E7CD406B12C567D3E1F70DA0C20DF00 state=6BF7FC2E3380AED6193539943587DCF53D38A5AA66FCB28098B74AB9A4DA0258 t=1791486166039
EPOCH_VALUE epoch=0 value=80FABF06954B5BE68295B8A93BDD19718E7CD406B12C567D3E1F70DA0C20DF00 state=6BF7FC2E3380AED6193539943587DCF53D38A5AA66FCB28098B74AB9A4DA0258 t=1791486166064
EPOCH_VALIDATE_TIMING epoch=0 evidence_ms=271 build_ms=552 t=1791486166097
EPOCH_VALUE epoch=0 value=80FABF06954B5BE68295B8A93BDD19718E7CD406B12C567D3E1F70DA0C20DF00 state=6BF7FC2E3380AED6193539943587DCF53D38A5AA66FCB28098B74AB9A4DA0258 t=1791486166097
EPOCH_VALIDATE_TIMING epoch=0 evidence_ms=470 build_ms=581 t=1791486166311
EPOCH_VALUE epoch=0 value=80FABF06954B5BE68295B8A93BDD19718E7CD406B12C567D3E1F70DA0C20DF00 state=6BF7FC2E3380AED6193539943587DCF53D38A5AA66FCB28098B74AB9A4DA0258 t=1791486166324
EPOCH_INSTALL epoch=0 finalized=13819 instances_confirmed=0 t=1791486166538
EPOCH_INSTALL epoch=0 finalized=13819 instances_confirmed=0 t=1791486166539
EPOCH_INSTALL epoch=0 finalized=13819 instances_confirmed=0 t=1791486166541
EPOCH_INSTALL epoch=0 finalized=13819 instances_confirmed=0 t=1791486166541
EPOCH_LATE_NOTAR epoch=0 blocks=8111 notarized=6572 cast=6974 t=1791486166544
EPOCH_LATE_NOTAR epoch=0 blocks=8111 notarized=6572 cast=6917 t=1791486166544
EPOCH_LATE_NOTAR epoch=0 blocks=8028 notarized=6572 cast=6515 t=1791486166544
EPOCH_LATE_NOTAR epoch=0 blocks=8028 notarized=6572 cast=7175 t=1791486166545
EPOCH_GATE epoch=1 released=2912 finalized=0 t=1791486166554
EPOCH_GATE epoch=1 released=3035 finalized=0 t=1791486166556
EPOCH_GATE epoch=1 released=3084 finalized=0 t=1791486166558
EPOCH_INSTALL epoch=0 finalized=13819 instances_confirmed=0 t=1791486166561
EPOCH_GATE epoch=1 released=3040 finalized=0 t=1791486166561
EPOCH_LATE_NOTAR epoch=0 blocks=8026 notarized=6572 cast=6713 t=1791486166565
EPOCH_GATE epoch=1 released=2964 finalized=0 t=1791486166577
EPOCH_COMMITTEE derived_by=0 members=6 accounts=6084 n=6 digest=95D409445152DD075E6A4799205DFA5689496EB8EE1A22AC2A200B9DBC2DCF27 shares=["A353E45E:16.7%", "735FE217:16.7%", "D315857C:16.7%", "911999B2:16.7%", "633D9D61:16.7%", "65A90023:16.7%"] t=1791486166580
EPOCH_COMMITTEE derived_by=0 members=6 accounts=6084 n=6 digest=95D409445152DD075E6A4799205DFA5689496EB8EE1A22AC2A200B9DBC2DCF27 shares=["A353E45E:16.7%", "735FE217:16.7%", "D315857C:16.7%", "911999B2:16.7%", "633D9D61:16.7%", "65A90023:16.7%"] t=1791486166581
EPOCH_LOCKS_CONTINUED epoch=0 instances=30 t=1791486166583
EPOCH_LOCKS epoch=0 continued=30 kinds={"locks=1 kind=Some(Recovery) nc_here=false saved=true": 1600, "locks=1 kind=Some(Recovery) nc_here=true saved=true": 17} t=1791486166585
EPOCH_OMITTED epoch=0 instances=194 retained=1617 t=1791486166585
EPOCH_CLOSED epoch=0 round=0 value=80FABF06954B5BE68295B8A93BDD19718E7CD406B12C567D3E1F70DA0C20DF00 state=6BF7FC2E3380AED6193539943587DCF53D38A5AA66FCB28098B74AB9A4DA0258 t=1791486166585
EPOCH_LOCKS epoch=0 continued=0 kinds={"locks=1 kind=Some(Recovery) nc_here=false saved=false": 1596, "locks=1 kind=Some(Recovery) nc_here=false saved=true": 4, "locks=1 kind=Some(Recovery) nc_here=true saved=true": 17} t=1791486166586
EPOCH_OMITTED epoch=0 instances=193 retained=1617 t=1791486166586
EPOCH_CLOSED epoch=0 round=0 value=80FABF06954B5BE68295B8A93BDD19718E7CD406B12C567D3E1F70DA0C20DF00 state=6BF7FC2E3380AED6193539943587DCF53D38A5AA66FCB28098B74AB9A4DA0258 t=1791486166586
EPOCH_COMMITTEE derived_by=0 members=6 accounts=6084 n=6 digest=95D409445152DD075E6A4799205DFA5689496EB8EE1A22AC2A200B9DBC2DCF27 shares=["A353E45E:16.7%", "735FE217:16.7%", "D315857C:16.7%", "911999B2:16.7%", "633D9D61:16.7%", "65A90023:16.7%"] t=1791486166590
EPOCH_INSTALLED epoch=0 finalized=13819 cemented=13819 queued=0 missing=0 t=1791486166636
EPOCH_RETAINED epoch=0 retained=1825 held=229 missing=1596 t=1791486166639
EPOCH_LOCKS_CONTINUED epoch=0 instances=30 t=1791486166647
EPOCH_COMMITTEE derived_by=0 members=6 accounts=6084 n=6 digest=95D409445152DD075E6A4799205DFA5689496EB8EE1A22AC2A200B9DBC2DCF27 shares=["A353E45E:16.7%", "735FE217:16.7%", "D315857C:16.7%", "911999B2:16.7%", "633D9D61:16.7%", "65A90023:16.7%"] t=1791486166647
EPOCH_INSTALLED epoch=0 finalized=13819 cemented=13819 queued=0 missing=0 t=1791486166648
EPOCH_COMMITTEE derived_by=0 members=6 accounts=6084 n=6 digest=95D409445152DD075E6A4799205DFA5689496EB8EE1A22AC2A200B9DBC2DCF27 shares=["A353E45E:16.7%", "735FE217:16.7%", "D315857C:16.7%", "911999B2:16.7%", "633D9D61:16.7%", "65A90023:16.7%"] t=1791486166648
EPOCH_RETAINED epoch=0 retained=1825 held=1825 missing=0 t=1791486166649
EPOCH_LOCKS epoch=0 continued=30 kinds={"locks=1 kind=Some(Recovery) nc_here=false saved=false": 4, "locks=1 kind=Some(Recovery) nc_here=false saved=true": 1596, "locks=1 kind=Some(Recovery) nc_here=true saved=true": 17} t=1791486166649
EPOCH_OMITTED epoch=0 instances=195 retained=1617 t=1791486166649
EPOCH_CLOSED epoch=0 round=0 value=80FABF06954B5BE68295B8A93BDD19718E7CD406B12C567D3E1F70DA0C20DF00 state=6BF7FC2E3380AED6193539943587DCF53D38A5AA66FCB28098B74AB9A4DA0258 t=1791486166649
EPOCH_LOCKS_CONTINUED epoch=0 instances=30 t=1791486166667
EPOCH_LOCKS epoch=0 continued=30 kinds={"locks=1 kind=Some(Recovery) nc_here=false saved=false": 4, "locks=1 kind=Some(Recovery) nc_here=false saved=true": 1596, "locks=1 kind=Some(Recovery) nc_here=true saved=true": 17} t=1791486166671
EPOCH_OMITTED epoch=0 instances=192 retained=1617 t=1791486166671
EPOCH_CLOSED epoch=0 round=0 value=80FABF06954B5BE68295B8A93BDD19718E7CD406B12C567D3E1F70DA0C20DF00 state=6BF7FC2E3380AED6193539943587DCF53D38A5AA66FCB28098B74AB9A4DA0258 t=1791486166671
EPOCH_LOCKS epoch=0 continued=0 kinds={"locks=1 kind=Some(Recovery) nc_here=false saved=false": 1596, "locks=1 kind=Some(Recovery) nc_here=false saved=true": 4, "locks=1 kind=Some(Recovery) nc_here=true saved=true": 17} t=1791486166690
EPOCH_OMITTED epoch=0 instances=193 retained=1617 t=1791486166690
EPOCH_CLOSED epoch=0 round=0 value=80FABF06954B5BE68295B8A93BDD19718E7CD406B12C567D3E1F70DA0C20DF00 state=6BF7FC2E3380AED6193539943587DCF53D38A5AA66FCB28098B74AB9A4DA0258 t=1791486166690
EPOCH_INSTALLED epoch=0 finalized=13819 cemented=13819 queued=0 missing=0 t=1791486166741
EPOCH_RETAINED epoch=0 retained=1825 held=1821 missing=4 t=1791486166741
EPOCH_INSTALLED epoch=0 finalized=13819 cemented=13819 queued=0 missing=0 t=1791486166798
EPOCH_RETAINED epoch=0 retained=1825 held=229 missing=1596 t=1791486166799
2026-10-08T19:02:46.851443Z  INFO nanospam::app: Confirmed 19,903 blocks | 2,000 bps | 1,077 cps | avg conf time: 481 ms
EPOCH_VALIDATE_TIMING epoch=0 evidence_ms=504 build_ms=498 t=1791486167057
EPOCH_VALIDATE_TIMING epoch=0 evidence_ms=549 build_ms=470 t=1791486167335
EPOCH_FOLLOW cemented=0 cementing=0 requested=4 pending=4 t=1791486167358
EPOCH_EVIDENCE_RELEASED epoch=0 t=1791486167373
EPOCH_EVIDENCE_RELEASED epoch=0 t=1791486167388
EPOCH_EVIDENCE_RELEASED epoch=0 t=1791486167390
EPOCH_EVIDENCE_RELEASED epoch=0 t=1791486167391
EPOCH_EVIDENCE_RELEASED epoch=0 t=1791486167412
EPOCH_INSTALLED epoch=0 finalized=13819 cemented=13819 queued=0 missing=0 t=1791486167436
EPOCH_RETAINED epoch=0 retained=1825 held=1821 missing=4 t=1791486167437
EPOCH_FOLLOW cemented=20 cementing=0 requested=1576 pending=1576 t=1791486167467
EPOCH_FOLLOW cemented=13 cementing=0 requested=1583 pending=1583 t=1791486167537
2026-10-08T19:02:47.852461Z  INFO nanospam::app: Confirmed 19,956 blocks | 2,000 bps | 52 cps | avg conf time: 1575 ms
EPOCH_FOLLOW cemented=0 cementing=0 requested=4 pending=4 t=1791486168181
EPOCH_FOLLOW cemented=4 cementing=0 requested=0 pending=0 t=1791486168403
EPOCH_FOLLOW cemented=515 cementing=0 requested=1061 pending=1061 t=1791486168550
EPOCH_FOLLOW cemented=200 cementing=0 requested=1383 pending=1383 t=1791486168596
2026-10-08T19:02:48.852831Z  INFO nanospam::app: Confirmed 23,672 blocks | 2,000 bps | 3,714 cps | avg conf time: 1296 ms
EPOCH_FOLLOW cemented=4 cementing=0 requested=0 pending=0 t=1791486169231
EPOCH_FOLLOW cemented=409 cementing=0 requested=0 pending=652 t=1791486169581
EPOCH_FOLLOW cemented=484 cementing=0 requested=0 pending=899 t=1791486169624
2026-10-08T19:02:49.853845Z  INFO nanospam::app: Confirmed 25,354 blocks | 2,000 bps | 1,680 cps | avg conf time: 687 ms
EPOCH_ENDED epoch=1 elections=5330 active=5058 t=1791486170540
EPOCH_ENDED epoch=1 elections=4885 active=4614 t=1791486170540
EPOCH_ENDED epoch=1 elections=5178 active=4919 t=1791486170545
EPOCH_ENDED epoch=1 elections=5276 active=5017 t=1791486170550
EPOCH_ENDED epoch=1 elections=5377 active=5014 t=1791486170556
EPOCH_CARRIED epoch=1 instances=3503 split=58 t=1791486170601
EPOCH_ADVANCED epoch=2 elections=7152 active=6893 vote_records=287859 t=1791486170601
EPOCH_CLOSE_UNREADY epoch=1 short_of=reports usable=0 weight=0 required=5 held=0 theirs=[] t=1791486170605
EPOCH_CARRIED epoch=1 instances=3211 split=57 t=1791486170612
EPOCH_ADVANCED epoch=2 elections=8092 active=7821 vote_records=287541 t=1791486170612
EPOCH_CARRIED epoch=1 instances=3703 split=57 t=1791486170615
EPOCH_ADVANCED epoch=2 elections=9080 active=8717 vote_records=286936 t=1791486170615
EPOCH_CARRIED epoch=1 instances=3656 split=57 t=1791486170618
EPOCH_ADVANCED epoch=2 elections=8982 active=8710 vote_records=287997 t=1791486170618
EPOCH_CARRIED epoch=1 instances=3601 split=58 t=1791486170643
EPOCH_ADVANCED epoch=2 elections=7348 active=7089 vote_records=287873 t=1791486170643
EPOCH_FOLLOW cemented=2 cementing=0 requested=897 pending=897 t=1791486170658
EPOCH_CLOSE_UNREADY epoch=1 short_of=reports usable=0 weight=0 required=5 held=0 theirs=[] t=1791486170761
EPOCH_LOCKS_CONTINUED epoch=0 instances=37 t=1791486170765
EPOCH_CLOSE_UNREADY epoch=1 short_of=reports usable=0 weight=0 required=5 held=0 theirs=[] t=1791486170797
2026-10-08T19:02:50.854822Z  INFO nanospam::app: Confirmed 26,842 blocks | 2,000 bps | 1,486 cps | avg conf time: 490 ms
EPOCH_FOLLOW cemented=3 cementing=0 requested=649 pending=649 t=1791486170893
EPOCH_CLOSE_UNREADY epoch=1 short_of=reports usable=0 weight=0 required=5 held=0 theirs=[] t=1791486170923
EPOCH_LOCKS_CONTINUED epoch=0 instances=37 t=1791486170925
EPOCH_CLOSE_UNREADY epoch=1 short_of=reports usable=0 weight=0 required=5 held=0 theirs=[] t=1791486171189
EPOCH_LOCKS_CONTINUED epoch=0 instances=37 t=1791486171193
EPOCH_REPORT epoch=1 certified=28628 residual=3128 root=09267CED1AF3B9A5EB14FBF6F9DDD797F7FF2C6021BBF4970EDB91C7A1A83034 reports=1 t=1791486171546
EPOCH_REPORT epoch=1 certified=28555 residual=3474 root=E9CED8FF155EDE95969C737C1F775B056D26FBF0E9A4313DB7DB4A479099432A reports=1 t=1791486171678
EPOCH_FOLLOW cemented=186 cementing=0 requested=0 pending=463 t=1791486171685
EPOCH_FOLLOW cemented=357 cementing=0 requested=0 pending=540 t=1791486171701
EPOCH_REPORT epoch=1 certified=28615 residual=3252 root=945C10C211B8A10F7F6ACE96615EAEC3BE15DCC8F894146B4BA99DB955C6A049 reports=1 t=1791486171777
EPOCH_REPORT epoch=1 certified=28615 residual=3159 root=326F8335FB9335B71F8DAF8C90E3998AA835C70F1B24333F94C4BD82E7E5DD48 reports=1 t=1791486171789
EPOCH_REPORT epoch=1 certified=28629 residual=3428 root=4AAA662300590939ED108557FE4D6D24BEA5307C6458A53EBF246EA7BE0A3ADE reports=1 t=1791486171808
2026-10-08T19:02:51.872219Z  INFO nanospam::app: Confirmed 26,842 blocks | 2,000 bps | 0 cps | avg conf time: 0 ms
EPOCH_RECONCILED epoch=1 reporter=911999B2AEFA7ACC66EBD802B3301FF6CE431405107749D940277955CB7FDD07 complete=false entries=441 total=28628 symbols=819 dropped=false t=1791486171995
EPOCH_CLOSE_UNREADY epoch=1 short_of=reports usable=1 weight=1 required=5 held=4 theirs=["65A90023:326F8335:301D51D8", "911999B2:09267CED:AC2E63DB", "633D9D61:E9CED8FF:534D5D58", "A353E45E:945C10C2:7E9BE64F"] t=1791486172289
EPOCH_CLOSE_UNREADY epoch=1 short_of=reports usable=1 weight=1 required=5 held=4 theirs=["911999B2:09267CED:AC2E63DB", "633D9D61:E9CED8FF:534D5D58", "65A90023:326F8335:301D51D8", "D315857C:4AAA6623:34C52C15"] t=1791486172678
EPOCH_FOLLOW cemented=8 cementing=0 requested=0 pending=455 t=1791486172747
EPOCH_FOLLOW cemented=5 cementing=0 requested=0 pending=535 t=1791486172773
EPOCH_RECONCILED epoch=1 reporter=911999B2AEFA7ACC66EBD802B3301FF6CE431405107749D940277955CB7FDD07 complete=true entries=3128 total=3128 symbols=0 dropped=false t=1791486172786
EPOCH_CLOSE_UNREADY epoch=1 short_of=reports usable=1 weight=1 required=5 held=4 theirs=["A353E45E:945C10C2:7E9BE64F", "D315857C:4AAA6623:34C52C15", "633D9D61:E9CED8FF:534D5D58", "65A90023:326F8335:301D51D8"] t=1791486172786
2026-10-08T19:02:52.876209Z  INFO nanospam::app: Confirmed 26,961 blocks | 2,000 bps | 118 cps | avg conf time: 2264 ms
EPOCH_RECONCILED epoch=1 reporter=911999B2AEFA7ACC66EBD802B3301FF6CE431405107749D940277955CB7FDD07 complete=false entries=441 total=28628 symbols=819 dropped=false t=1791486172882
EPOCH_CLOSE_UNREADY epoch=1 short_of=reports usable=1 weight=1 required=5 held=4 theirs=["911999B2:09267CED:AC2E63DB", "D315857C:4AAA6623:34C52C15", "A353E45E:945C10C2:7E9BE64F", "633D9D61:E9CED8FF:534D5D58"] t=1791486172999
EPOCH_RECONCILED epoch=1 reporter=D315857CE70C54DE713F6E82E5613BB3A1266C15E28AD2F4338C7BBEC456F532 complete=false entries=444 total=28629 symbols=819 dropped=false t=1791486173040
EPOCH_RECONCILED epoch=1 reporter=911999B2AEFA7ACC66EBD802B3301FF6CE431405107749D940277955CB7FDD07 complete=false entries=441 total=28628 symbols=819 dropped=false t=1791486173107
EPOCH_RECONCILED epoch=1 reporter=D315857CE70C54DE713F6E82E5613BB3A1266C15E28AD2F4338C7BBEC456F532 complete=false entries=442 total=28629 symbols=819 dropped=false t=1791486173116
EPOCH_CLOSE_UNREADY epoch=1 short_of=reports usable=2 weight=2 required=5 held=4 theirs=["D315857C:4AAA6623:34C52C15", "A353E45E:945C10C2:7E9BE64F", "911999B2:09267CED:AC2E63DB", "65A90023:326F8335:301D51D8"] t=1791486173241
EPOCH_RECONCILED epoch=1 reporter=633D9D614858AB1710D5D8C3180E2A082DC97208BA8C26BA6C6D1A86C8E31CC0 complete=false entries=756 total=28555 symbols=1228 dropped=false t=1791486173262
EPOCH_RECONCILED epoch=1 reporter=633D9D614858AB1710D5D8C3180E2A082DC97208BA8C26BA6C6D1A86C8E31CC0 complete=false entries=678 total=28555 symbols=1228 dropped=false t=1791486173310
EPOCH_RECONCILED epoch=1 reporter=D315857CE70C54DE713F6E82E5613BB3A1266C15E28AD2F4338C7BBEC456F532 complete=false entries=442 total=28629 symbols=819 dropped=false t=1791486173340
EPOCH_RECONCILED epoch=1 reporter=911999B2AEFA7ACC66EBD802B3301FF6CE431405107749D940277955CB7FDD07 complete=false entries=443 total=28628 symbols=819 dropped=false t=1791486173432
EPOCH_RECONCILED epoch=1 reporter=D315857CE70C54DE713F6E82E5613BB3A1266C15E28AD2F4338C7BBEC456F532 complete=false entries=364 total=28629 symbols=546 dropped=false t=1791486173514
EPOCH_RECONCILED epoch=1 reporter=65A90023F6C0D2181AAA63F005D81BBC0C04650505E21D5123F9AE1F9E992BFF complete=false entries=446 total=28615 symbols=819 dropped=false t=1791486173634
EPOCH_RECONCILED epoch=1 reporter=633D9D614858AB1710D5D8C3180E2A082DC97208BA8C26BA6C6D1A86C8E31CC0 complete=false entries=756 total=28555 symbols=1228 dropped=false t=1791486173654
EPOCH_RECONCILED epoch=1 reporter=65A90023F6C0D2181AAA63F005D81BBC0C04650505E21D5123F9AE1F9E992BFF complete=false entries=368 total=28615 symbols=546 dropped=false t=1791486173708
EPOCH_FOLLOW cemented=22 cementing=0 requested=0 pending=433 t=1791486173796
EPOCH_FOLLOW cemented=26 cementing=0 requested=0 pending=509 t=1791486173815
EPOCH_RECONCILED epoch=1 reporter=65A90023F6C0D2181AAA63F005D81BBC0C04650505E21D5123F9AE1F9E992BFF complete=false entries=448 total=28615 symbols=819 dropped=false t=1791486173855
2026-10-08T19:02:53.876703Z  INFO nanospam::app: Confirmed 28,235 blocks | 2,000 bps | 1,273 cps | avg conf time: 3082 ms
EPOCH_RECONCILED epoch=1 reporter=911999B2AEFA7ACC66EBD802B3301FF6CE431405107749D940277955CB7FDD07 complete=true entries=3128 total=3128 symbols=0 dropped=false t=1791486173889
EPOCH_RECONCILED epoch=1 reporter=633D9D614858AB1710D5D8C3180E2A082DC97208BA8C26BA6C6D1A86C8E31CC0 complete=true entries=3474 total=3474 symbols=0 dropped=false t=1791486173894
EPOCH_RECONCILED epoch=1 reporter=A353E45E6D0016CAEED0DFA4EC5B0640E2AA22A793F9F2375E77F1AB92977C04 complete=false entries=450 total=28615 symbols=819 dropped=false t=1791486173894
EPOCH_RECONCILED epoch=1 reporter=A353E45E6D0016CAEED0DFA4EC5B0640E2AA22A793F9F2375E77F1AB92977C04 complete=false entries=450 total=28615 symbols=819 dropped=false t=1791486173897
EPOCH_RECONCILED epoch=1 reporter=65A90023F6C0D2181AAA63F005D81BBC0C04650505E21D5123F9AE1F9E992BFF complete=false entries=446 total=28615 symbols=819 dropped=false t=1791486174145
EPOCH_RECONCILED epoch=1 reporter=911999B2AEFA7ACC66EBD802B3301FF6CE431405107749D940277955CB7FDD07 complete=false entries=3122 total=3122 symbols=0 dropped=false t=1791486174152
EPOCH_RECONCILED epoch=1 reporter=A353E45E6D0016CAEED0DFA4EC5B0640E2AA22A793F9F2375E77F1AB92977C04 complete=false entries=450 total=28615 symbols=819 dropped=false t=1791486174200
EPOCH_RECONCILED epoch=1 reporter=911999B2AEFA7ACC66EBD802B3301FF6CE431405107749D940277955CB7FDD07 complete=false entries=3119 total=3119 symbols=0 dropped=false t=1791486174254
EPOCH_RECONCILED epoch=1 reporter=65A90023F6C0D2181AAA63F005D81BBC0C04650505E21D5123F9AE1F9E992BFF complete=true entries=3159 total=3159 symbols=0 dropped=false t=1791486174258
EPOCH_RECONCILED epoch=1 reporter=D315857CE70C54DE713F6E82E5613BB3A1266C15E28AD2F4338C7BBEC456F532 complete=true entries=3428 total=3428 symbols=0 dropped=false t=1791486174265
EPOCH_RECONCILED epoch=1 reporter=633D9D614858AB1710D5D8C3180E2A082DC97208BA8C26BA6C6D1A86C8E31CC0 complete=true entries=3474 total=3474 symbols=0 dropped=false t=1791486174270
EPOCH_RECONCILED epoch=1 reporter=633D9D614858AB1710D5D8C3180E2A082DC97208BA8C26BA6C6D1A86C8E31CC0 complete=false entries=758 total=28555 symbols=1228 dropped=false t=1791486174294
EPOCH_RECONCILED epoch=1 reporter=65A90023F6C0D2181AAA63F005D81BBC0C04650505E21D5123F9AE1F9E992BFF complete=true entries=3159 total=3159 symbols=0 dropped=false t=1791486174367
EPOCH_RECONCILED epoch=1 reporter=D315857CE70C54DE713F6E82E5613BB3A1266C15E28AD2F4338C7BBEC456F532 complete=true entries=3428 total=3428 symbols=0 dropped=false t=1791486174389
EPOCH_RECONCILED epoch=1 reporter=A353E45E6D0016CAEED0DFA4EC5B0640E2AA22A793F9F2375E77F1AB92977C04 complete=true entries=3252 total=3252 symbols=0 dropped=false t=1791486174399
EPOCH_RECONCILED epoch=1 reporter=633D9D614858AB1710D5D8C3180E2A082DC97208BA8C26BA6C6D1A86C8E31CC0 complete=true entries=3474 total=3474 symbols=0 dropped=false t=1791486174404
EPOCH_RECONCILED epoch=1 reporter=911999B2AEFA7ACC66EBD802B3301FF6CE431405107749D940277955CB7FDD07 complete=true entries=9 total=3128 symbols=16 dropped=false t=1791486174411
EPOCH_RECONCILED epoch=1 reporter=A353E45E6D0016CAEED0DFA4EC5B0640E2AA22A793F9F2375E77F1AB92977C04 complete=false entries=450 total=28615 symbols=819 dropped=false t=1791486174424
EPOCH_RECONCILED epoch=1 reporter=D315857CE70C54DE713F6E82E5613BB3A1266C15E28AD2F4338C7BBEC456F532 complete=true entries=3428 total=3428 symbols=0 dropped=false t=1791486174429
EPOCH_RECONCILED epoch=1 reporter=911999B2AEFA7ACC66EBD802B3301FF6CE431405107749D940277955CB7FDD07 complete=true entries=6 total=3128 symbols=16 dropped=false t=1791486174433
EPOCH_RECONCILED epoch=1 reporter=D315857CE70C54DE713F6E82E5613BB3A1266C15E28AD2F4338C7BBEC456F532 complete=true entries=3428 total=3428 symbols=0 dropped=false t=1791486174624
EPOCH_RECONCILED epoch=1 reporter=A353E45E6D0016CAEED0DFA4EC5B0640E2AA22A793F9F2375E77F1AB92977C04 complete=true entries=3252 total=3252 symbols=0 dropped=false t=1791486174628
EPOCH_RECONCILED epoch=1 reporter=65A90023F6C0D2181AAA63F005D81BBC0C04650505E21D5123F9AE1F9E992BFF complete=true entries=3159 total=3159 symbols=0 dropped=false t=1791486174680
EPOCH_CLOSE_UNREADY epoch=1 short_of=reports usable=3 weight=3 required=5 held=4 theirs=["65A90023:326F8335:301D51D8", "911999B2:09267CED:AC2E63DB", "633D9D61:E9CED8FF:534D5D58", "A353E45E:945C10C2:7E9BE64F"] t=1791486174680
EPOCH_CLOSE_UNREADY epoch=1 short_of=reports usable=3 weight=3 required=5 held=4 theirs=["911999B2:09267CED:AC2E63DB", "633D9D61:E9CED8FF:534D5D58", "65A90023:326F8335:301D51D8", "D315857C:4AAA6623:34C52C15"] t=1791486174740
EPOCH_FOLLOW cemented=15 cementing=0 requested=494 pending=494 t=1791486174851
EPOCH_FOLLOW cemented=5 cementing=0 requested=428 pending=428 t=1791486174872
2026-10-08T19:02:54.879440Z  INFO nanospam::app: Confirmed 29,504 blocks | 2,000 bps | 1,265 cps | avg conf time: 3319 ms
EPOCH_CLOSE_UNREADY epoch=1 short_of=reports usable=4 weight=4 required=5 held=4 theirs=["A353E45E:945C10C2:7E9BE64F", "D315857C:4AAA6623:34C52C15", "633D9D61:E9CED8FF:534D5D58", "65A90023:326F8335:301D51D8"] t=1791486174898
EPOCH_CLOSE_UNREADY epoch=1 short_of=reports usable=4 weight=4 required=5 held=4 theirs=["911999B2:09267CED:AC2E63DB", "D315857C:4AAA6623:34C52C15", "A353E45E:945C10C2:7E9BE64F", "633D9D61:E9CED8FF:534D5D58"] t=1791486175140
EPOCH_CLOSE_READY epoch=1 t=1791486175320
EPOCH_CLOSE_ROUND epoch=1 round=0 leader=65A90023F6C0D2181AAA63F005D81BBC0C04650505E21D5123F9AE1F9E992BFF leads=false t=1791486175574
EPOCH_RECONCILED epoch=1 reporter=65A90023F6C0D2181AAA63F005D81BBC0C04650505E21D5123F9AE1F9E992BFF complete=true entries=3159 total=3159 symbols=0 dropped=false t=1791486175790
EPOCH_FOLLOW cemented=171 cementing=0 requested=0 pending=257 t=1791486175876
2026-10-08T19:02:55.880011Z  INFO nanospam::app: Confirmed 33,400 blocks | 2,000 bps | 3,893 cps | avg conf time: 2356 ms
EPOCH_FOLLOW cemented=190 cementing=0 requested=0 pending=304 t=1791486175950
EPOCH_RECONCILED epoch=1 reporter=A353E45E6D0016CAEED0DFA4EC5B0640E2AA22A793F9F2375E77F1AB92977C04 complete=true entries=3252 total=3252 symbols=0 dropped=false t=1791486176003
EPOCH_RECONCILED epoch=1 reporter=A353E45E6D0016CAEED0DFA4EC5B0640E2AA22A793F9F2375E77F1AB92977C04 complete=true entries=3252 total=3252 symbols=0 dropped=false t=1791486176281
EPOCH_RECONCILED epoch=1 reporter=633D9D614858AB1710D5D8C3180E2A082DC97208BA8C26BA6C6D1A86C8E31CC0 complete=true entries=3474 total=3474 symbols=0 dropped=false t=1791486176317
EPOCH_CLOSE_READY epoch=1 t=1791486176514
EPOCH_CLOSE_ROUND epoch=1 round=0 leader=65A90023F6C0D2181AAA63F005D81BBC0C04650505E21D5123F9AE1F9E992BFF leads=false t=1791486176518
EPOCH_CLOSE_READY epoch=1 t=1791486176584
EPOCH_CLOSE_ROUND epoch=1 round=0 leader=65A90023F6C0D2181AAA63F005D81BBC0C04650505E21D5123F9AE1F9E992BFF leads=false t=1791486176592
EPOCH_CLOSE_READY epoch=1 t=1791486176640
EPOCH_CLOSE_ROUND epoch=1 round=0 leader=65A90023F6C0D2181AAA63F005D81BBC0C04650505E21D5123F9AE1F9E992BFF leads=false t=1791486176652
2026-10-08T19:02:56.881134Z  INFO nanospam::app: Confirmed 34,248 blocks | 2,000 bps | 847 cps | avg conf time: 1829 ms
EPOCH_FOLLOW cemented=1 cementing=0 requested=0 pending=256 t=1791486176894
EPOCH_FOLLOW cemented=4 cementing=0 requested=0 pending=300 t=1791486176964
EPOCH_CLOSE_READY epoch=1 t=1791486176993
2026-10-08T19:02:57.881850Z  INFO nanospam::app: Confirmed 36,905 blocks | 2,000 bps | 2,655 cps | avg conf time: 2048 ms
EPOCH_FOLLOW cemented=3 cementing=0 requested=0 pending=253 t=1791486177938
EPOCH_FOLLOW cemented=3 cementing=0 requested=0 pending=297 t=1791486177948
EPOCH_DERIVE_TIMING epoch=1 claims=34195 claim_ms=91 manifest_ms=84 build_ms=1294 t=1791486178525
EPOCH_PROPOSED epoch=1 round=0 value=F3C2AE18C11B864A82784AF31CF33CEFF179C3D11B93D64DB0C6A73606F41DB3 state=9184F98C629CCF844187222EA5C0E857BF56516489AF2422EAA41B9218820499 reports=5 t=1791486178526
EPOCH_VALUE epoch=1 value=F3C2AE18C11B864A82784AF31CF33CEFF179C3D11B93D64DB0C6A73606F41DB3 state=9184F98C629CCF844187222EA5C0E857BF56516489AF2422EAA41B9218820499 t=1791486178526
EPOCH_CLOSE_ROUND epoch=1 round=0 leader=65A90023F6C0D2181AAA63F005D81BBC0C04650505E21D5123F9AE1F9E992BFF leads=true t=1791486178529
EPOCH_ENDED epoch=2 elections=11880 active=10477 t=1791486178539
EPOCH_ENDED epoch=2 elections=12232 active=10837 t=1791486178542
EPOCH_ENDED epoch=2 elections=12035 active=10632 t=1791486178543
EPOCH_ENDED epoch=2 elections=12093 active=10872 t=1791486178568
EPOCH_MANIFEST_FETCHED epoch=1 manifest=42EE1EC4726E4FC2731BAC64005E8DFC89881FDB3CB7F44AE20F176F1DC0EA0A entries=28208 t=1791486178694
EPOCH_ENDED epoch=2 elections=12081 active=10688 t=1791486178715
EPOCH_MANIFEST_FETCHED epoch=1 manifest=42EE1EC4726E4FC2731BAC64005E8DFC89881FDB3CB7F44AE20F176F1DC0EA0A entries=28208 t=1791486178871
2026-10-08T19:02:58.882605Z  INFO nanospam::app: Confirmed 38,437 blocks | 2,000 bps | 1,530 cps | avg conf time: 1896 ms
EPOCH_FOLLOW cemented=3 cementing=0 requested=0 pending=250 t=1791486178963
EPOCH_MANIFEST_FETCHED epoch=1 manifest=42EE1EC4726E4FC2731BAC64005E8DFC89881FDB3CB7F44AE20F176F1DC0EA0A entries=28208 t=1791486178966
EPOCH_FOLLOW cemented=3 cementing=0 requested=0 pending=294 t=1791486178974
EPOCH_MANIFEST_FETCHED epoch=1 manifest=42EE1EC4726E4FC2731BAC64005E8DFC89881FDB3CB7F44AE20F176F1DC0EA0A entries=28208 t=1791486179190
EPOCH_DRAIN_WAIT epoch=2 unterminated=4074 previous_closed=false first=["D059E66CB6A150888F8DDE7D964312A3B1FC5547BCA0D275DDACAEE20257CAA0:active:2:5", "874F2BC7C522378A0B4D66F1CF2CBA3047A61071FE288D19BD349D103C09B392:active:2:5", "84F119EC04A7B8EC67E87726984E06A1FC087998685F8FD125011F9F3AA60934:active:2:3"] t=1791486179623
2026-10-08T19:02:59.884555Z  INFO nanospam::app: Confirmed 40,521 blocks | 2,000 bps | 2,079 cps | avg conf time: 1355 ms
EPOCH_FOLLOW cemented=1 cementing=0 requested=0 pending=249 t=1791486179993
EPOCH_FOLLOW cemented=1 cementing=0 requested=0 pending=293 t=1791486179993
EPOCH_VALIDATE_TIMING epoch=1 evidence_ms=552 build_ms=1202 t=1791486180395
EPOCH_VALUE epoch=1 value=F3C2AE18C11B864A82784AF31CF33CEFF179C3D11B93D64DB0C6A73606F41DB3 state=9184F98C629CCF844187222EA5C0E857BF56516489AF2422EAA41B9218820499 t=1791486180443
EPOCH_VALIDATE_TIMING epoch=1 evidence_ms=815 build_ms=811 t=1791486180539
EPOCH_VALUE epoch=1 value=F3C2AE18C11B864A82784AF31CF33CEFF179C3D11B93D64DB0C6A73606F41DB3 state=9184F98C629CCF844187222EA5C0E857BF56516489AF2422EAA41B9218820499 t=1791486180540
EPOCH_DRAIN_WAIT epoch=2 unterminated=4356 previous_closed=false first=["D059E66CB6A150888F8DDE7D964312A3B1FC5547BCA0D275DDACAEE20257CAA0:active:2:5", "874F2BC7C522378A0B4D66F1CF2CBA3047A61071FE288D19BD349D103C09B392:active:2:5", "84F119EC04A7B8EC67E87726984E06A1FC087998685F8FD125011F9F3AA60934:active:2:3"] t=1791486180548
EPOCH_VALIDATE_TIMING epoch=1 evidence_ms=939 build_ms=847 t=1791486180613
EPOCH_VALIDATE_TIMING epoch=1 evidence_ms=923 build_ms=547 t=1791486180615
EPOCH_VALUE epoch=1 value=F3C2AE18C11B864A82784AF31CF33CEFF179C3D11B93D64DB0C6A73606F41DB3 state=9184F98C629CCF844187222EA5C0E857BF56516489AF2422EAA41B9218820499 t=1791486180658
EPOCH_VALUE epoch=1 value=F3C2AE18C11B864A82784AF31CF33CEFF179C3D11B93D64DB0C6A73606F41DB3 state=9184F98C629CCF844187222EA5C0E857BF56516489AF2422EAA41B9218820499 t=1791486180688
EPOCH_CLOSE_ROUND epoch=1 round=1 leader=735FE217D91E88EA82324C5883296385FA0041C2FAC85C827BAA46DA1E14B83F leads=false t=1791486180852
2026-10-08T19:03:00.885790Z  INFO nanospam::app: Confirmed 40,521 blocks | 2,000 bps | 0 cps | avg conf time: 0 ms
EPOCH_INSTALL epoch=1 finalized=13164 instances_confirmed=72 t=1791486181007
EPOCH_LATE_NOTAR epoch=1 blocks=16740 notarized=13640 cast=21202 t=1791486181015
EPOCH_FOLLOW cemented=4 cementing=0 requested=0 pending=245 t=1791486181016
EPOCH_GATE epoch=2 released=4440 finalized=0 t=1791486181029
EPOCH_FOLLOW cemented=8 cementing=0 requested=0 pending=285 t=1791486181034
EPOCH_INSTALL epoch=1 finalized=13164 instances_confirmed=72 t=1791486181034
EPOCH_LATE_NOTAR epoch=1 blocks=16738 notarized=13640 cast=20600 t=1791486181041
EPOCH_INSTALL epoch=1 finalized=13164 instances_confirmed=72 t=1791486181046
EPOCH_INSTALL epoch=1 finalized=13164 instances_confirmed=72 t=1791486181053
EPOCH_LATE_NOTAR epoch=1 blocks=16736 notarized=13640 cast=21510 t=1791486181054
EPOCH_GATE epoch=2 released=4153 finalized=0 t=1791486181057
EPOCH_LATE_NOTAR epoch=1 blocks=16740 notarized=13640 cast=21679 t=1791486181061
EPOCH_GATE epoch=2 released=4440 finalized=0 t=1791486181071
EPOCH_COMMITTEE derived_by=1 members=6 accounts=9004 n=6 digest=95D409445152DD075E6A4799205DFA5689496EB8EE1A22AC2A200B9DBC2DCF27 shares=["A353E45E:16.7%", "735FE217:16.7%", "D315857C:16.7%", "911999B2:16.7%", "633D9D61:16.7%", "65A90023:16.7%"] t=1791486181074
EPOCH_GATE epoch=2 released=4192 finalized=0 t=1791486181078
EPOCH_LOCKS_CONTINUED epoch=1 instances=17 t=1791486181089
EPOCH_COMMITTEE derived_by=1 members=6 accounts=9004 n=6 digest=95D409445152DD075E6A4799205DFA5689496EB8EE1A22AC2A200B9DBC2DCF27 shares=["A353E45E:16.7%", "735FE217:16.7%", "D315857C:16.7%", "911999B2:16.7%", "633D9D61:16.7%", "65A90023:16.7%"] t=1791486181096
EPOCH_LOCKS epoch=1 continued=17 kinds={"locks=1 kind=Some(Recovery) nc_here=false saved=false": 19, "locks=1 kind=Some(Recovery) nc_here=false saved=true": 3022, "locks=1 kind=Some(Recovery) nc_here=true saved=true": 218} t=1791486181100
EPOCH_OMITTED epoch=1 instances=606 retained=3259 t=1791486181100
EPOCH_CLOSED epoch=1 round=0 value=F3C2AE18C11B864A82784AF31CF33CEFF179C3D11B93D64DB0C6A73606F41DB3 state=9184F98C629CCF844187222EA5C0E857BF56516489AF2422EAA41B9218820499 t=1791486181100
EPOCH_COMMITTEE derived_by=1 members=6 accounts=9004 n=6 digest=95D409445152DD075E6A4799205DFA5689496EB8EE1A22AC2A200B9DBC2DCF27 shares=["A353E45E:16.7%", "735FE217:16.7%", "D315857C:16.7%", "911999B2:16.7%", "633D9D61:16.7%", "65A90023:16.7%"] t=1791486181103
EPOCH_LOCKS epoch=1 continued=0 kinds={"locks=1 kind=Some(Recovery) nc_here=false saved=false": 2970, "locks=1 kind=Some(Recovery) nc_here=false saved=true": 66, "locks=1 kind=Some(Recovery) nc_here=true saved=true": 218} t=1791486181107
EPOCH_OMITTED epoch=1 instances=606 retained=3254 t=1791486181107
EPOCH_CLOSED epoch=1 round=0 value=F3C2AE18C11B864A82784AF31CF33CEFF179C3D11B93D64DB0C6A73606F41DB3 state=9184F98C629CCF844187222EA5C0E857BF56516489AF2422EAA41B9218820499 t=1791486181107
EPOCH_COMMITTEE derived_by=1 members=6 accounts=9004 n=6 digest=95D409445152DD075E6A4799205DFA5689496EB8EE1A22AC2A200B9DBC2DCF27 shares=["A353E45E:16.7%", "735FE217:16.7%", "D315857C:16.7%", "911999B2:16.7%", "633D9D61:16.7%", "65A90023:16.7%"] t=1791486181114
EPOCH_LOCKS_CONTINUED epoch=1 instances=17 t=1791486181120
EPOCH_LOCKS epoch=1 continued=0 kinds={"locks=1 kind=Some(Recovery) nc_here=false saved=false": 2970, "locks=1 kind=Some(Recovery) nc_here=false saved=true": 68, "locks=1 kind=Some(Recovery) nc_here=true saved=true": 218} t=1791486181123
EPOCH_OMITTED epoch=1 instances=606 retained=3256 t=1791486181123
EPOCH_CLOSED epoch=1 round=0 value=F3C2AE18C11B864A82784AF31CF33CEFF179C3D11B93D64DB0C6A73606F41DB3 state=9184F98C629CCF844187222EA5C0E857BF56516489AF2422EAA41B9218820499 t=1791486181123
EPOCH_LOCKS epoch=1 continued=17 kinds={"locks=1 kind=Some(Recovery) nc_here=false saved=false": 4, "locks=1 kind=Some(Recovery) nc_here=false saved=true": 3037, "locks=1 kind=Some(Recovery) nc_here=true saved=true": 218} t=1791486181127
EPOCH_OMITTED epoch=1 instances=605 retained=3259 t=1791486181127
EPOCH_CLOSED epoch=1 round=0 value=F3C2AE18C11B864A82784AF31CF33CEFF179C3D11B93D64DB0C6A73606F41DB3 state=9184F98C629CCF844187222EA5C0E857BF56516489AF2422EAA41B9218820499 t=1791486181127
EPOCH_INSTALLED epoch=1 finalized=13164 cemented=13164 queued=0 missing=0 t=1791486181179
EPOCH_RETAINED epoch=1 retained=3273 held=1625 missing=1648 t=1791486181180
EPOCH_INSTALLED epoch=1 finalized=13164 cemented=13164 queued=0 missing=0 t=1791486181185
EPOCH_RETAINED epoch=1 retained=3273 held=3259 missing=14 t=1791486181186
EPOCH_INSTALLED epoch=1 finalized=13164 cemented=13164 queued=0 missing=0 t=1791486181187
EPOCH_RETAINED epoch=1 retained=3273 held=3273 missing=0 t=1791486181189
EPOCH_CARRIED epoch=2 instances=4056 split=97 t=1791486181230
EPOCH_ADVANCED epoch=3 elections=11723 active=11192 vote_records=446386 t=1791486181230
EPOCH_INSTALLED epoch=1 finalized=13164 cemented=13164 queued=0 missing=0 t=1791486181260
EPOCH_RETAINED epoch=1 retained=3273 held=1584 missing=1689 t=1791486181267
EPOCH_CARRIED epoch=2 instances=4359 split=98 t=1791486181813
EPOCH_ADVANCED epoch=3 elections=13656 active=11787 vote_records=450237 t=1791486181813
EPOCH_CLOSE_UNREADY epoch=2 short_of=reports usable=0 weight=0 required=5 held=0 theirs=[] t=1791486181839
2026-10-08T19:03:01.886551Z  INFO nanospam::app: Confirmed 40,521 blocks | 2,000 bps | 0 cps | avg conf time: 0 ms
EPOCH_FOLLOW cemented=0 cementing=0 requested=14 pending=14 t=1791486181945
EPOCH_VALIDATE_TIMING epoch=1 evidence_ms=585 build_ms=815 t=1791486182036
EPOCH_FOLLOW cemented=12 cementing=0 requested=1394 pending=1637 t=1791486182051
EPOCH_FOLLOW cemented=20 cementing=0 requested=1386 pending=1669 t=1791486182069
EPOCH_VALIDATE_TIMING epoch=1 evidence_ms=650 build_ms=1194 t=1791486182246
EPOCH_CARRIED epoch=2 instances=4345 split=111 t=1791486182318
EPOCH_ADVANCED epoch=3 elections=13628 active=11718 vote_records=458273 t=1791486182318
EPOCH_VALIDATE_TIMING epoch=1 evidence_ms=684 build_ms=1037 t=1791486182348
EPOCH_CARRIED epoch=2 instances=4082 split=111 t=1791486182355
EPOCH_ADVANCED epoch=3 elections=11791 active=9888 vote_records=459001 t=1791486182355
EPOCH_INSTALL epoch=1 finalized=13164 instances_confirmed=72 t=1791486182372
EPOCH_LATE_NOTAR epoch=1 blocks=16738 notarized=13640 cast=21470 t=1791486182408
EPOCH_GATE epoch=2 released=4442 finalized=0 t=1791486182434
EPOCH_CLOSE_UNREADY epoch=2 short_of=reports usable=0 weight=0 required=5 held=0 theirs=[] t=1791486182448
EPOCH_LOCKS_CONTINUED epoch=1 instances=67 t=1791486182454
EPOCH_COMMITTEE derived_by=1 members=6 accounts=9004 n=6 digest=95D409445152DD075E6A4799205DFA5689496EB8EE1A22AC2A200B9DBC2DCF27 shares=["A353E45E:16.7%", "735FE217:16.7%", "D315857C:16.7%", "911999B2:16.7%", "633D9D61:16.7%", "65A90023:16.7%"] t=1791486182675
EPOCH_LOCKS_CONTINUED epoch=1 instances=15 t=1791486182681
EPOCH_LOCKS epoch=1 continued=15 kinds={"locks=1 kind=Some(Recovery) nc_here=false saved=false": 15, "locks=1 kind=Some(Recovery) nc_here=false saved=true": 3026, "locks=1 kind=Some(Recovery) nc_here=true saved=true": 218} t=1791486182686
EPOCH_OMITTED epoch=1 instances=606 retained=3259 t=1791486182686
EPOCH_CLOSED epoch=1 round=0 value=F3C2AE18C11B864A82784AF31CF33CEFF179C3D11B93D64DB0C6A73606F41DB3 state=9184F98C629CCF844187222EA5C0E857BF56516489AF2422EAA41B9218820499 t=1791486182687
2026-10-08T19:03:02.888314Z  INFO nanospam::app: Confirmed 40,521 blocks | 2,000 bps | 0 cps | avg conf time: 0 ms
EPOCH_FOLLOW cemented=14 cementing=0 requested=0 pending=0 t=1791486182974
EPOCH_REPORT epoch=2 certified=43580 residual=2864 root=C1035F18F21B12B086BA56A68A3CBAF9528F7119B4B1F16AA08D5DC876615DEB reports=1 t=1791486183021
EPOCH_CLOSE_UNREADY epoch=2 short_of=reports usable=1 weight=1 required=5 held=0 theirs=[] t=1791486183027
EPOCH_FOLLOW cemented=582 cementing=0 requested=1055 pending=1055 t=1791486183080
EPOCH_FOLLOW cemented=644 cementing=0 requested=1025 pending=1025 t=1791486183095
EPOCH_CARRIED epoch=2 instances=4366 split=90 t=1791486183148
EPOCH_ADVANCED epoch=3 elections=13649 active=13124 vote_records=445960 t=1791486183148
EPOCH_EVIDENCE_RELEASED epoch=1 t=1791486183280
EPOCH_EVIDENCE_RELEASED epoch=1 t=1791486183302
EPOCH_EVIDENCE_RELEASED epoch=1 t=1791486183313
EPOCH_EVIDENCE_RELEASED epoch=1 t=1791486183315
EPOCH_EVIDENCE_RELEASED epoch=1 t=1791486183316
EPOCH_INSTALLED epoch=1 finalized=13164 cemented=13164 queued=0 missing=0 t=1791486183436
EPOCH_RETAINED epoch=1 retained=3273 held=3259 missing=14 t=1791486183438
EPOCH_RECONCILED epoch=2 reporter=65A90023F6C0D2181AAA63F005D81BBC0C04650505E21D5123F9AE1F9E992BFF complete=false entries=2664 total=43580 symbols=3728 dropped=false t=1791486183598
EPOCH_RECONCILED epoch=2 reporter=65A90023F6C0D2181AAA63F005D81BBC0C04650505E21D5123F9AE1F9E992BFF complete=false entries=2664 total=43580 symbols=3728 dropped=false t=1791486183625
EPOCH_CLOSE_UNREADY epoch=2 short_of=reports usable=0 weight=0 required=5 held=1 theirs=["65A90023:C1035F18:930891F4"] t=1791486183629
EPOCH_LOCKS_CONTINUED epoch=1 instances=68 t=1791486183696
EPOCH_RECONCILED epoch=2 reporter=65A90023F6C0D2181AAA63F005D81BBC0C04650505E21D5123F9AE1F9E992BFF complete=false entries=2664 total=43580 symbols=3728 dropped=false t=1791486183828
2026-10-08T19:03:03.888457Z  INFO nanospam::app: Confirmed 40,521 blocks | 2,000 bps | 0 cps | avg conf time: 0 ms
EPOCH_CLOSE_UNREADY epoch=2 short_of=reports usable=0 weight=0 required=5 held=1 theirs=["65A90023:C1035F18:930891F4"] t=1791486183947
EPOCH_CLOSE_UNREADY epoch=2 short_of=reports usable=1 weight=1 required=5 held=0 theirs=[] t=1791486184044
EPOCH_REPORT epoch=2 certified=43580 residual=3125 root=98AACD895AEAC0185EB32C47F4BBAB994083CA9500B6A62A670BEC8FED369BC5 reports=1 t=1791486184080
EPOCH_FOLLOW cemented=452 cementing=0 requested=0 pending=603 t=1791486184108
EPOCH_FOLLOW cemented=531 cementing=0 requested=0 pending=494 t=1791486184125
EPOCH_REPORT epoch=2 certified=43580 residual=2860 root=475CF2BEDE96DE4124EC3D07DD4DA85ABC638E6AB1CBDE538CB6FB086BA7B1BA reports=1 t=1791486184181
EPOCH_REPORT epoch=2 certified=43580 residual=3125 root=475CF2BEDE96DE4124EC3D07DD4DA85ABC638E6AB1CBDE538CB6FB086BA7B1BA reports=1 t=1791486184193
EPOCH_RECONCILED epoch=2 reporter=65A90023F6C0D2181AAA63F005D81BBC0C04650505E21D5123F9AE1F9E992BFF complete=false entries=2598 total=2598 symbols=0 dropped=false t=1791486184380
EPOCH_RECONCILED epoch=2 reporter=A353E45E6D0016CAEED0DFA4EC5B0640E2AA22A793F9F2375E77F1AB92977C04 complete=false entries=0 total=43580 symbols=0 dropped=false t=1791486184383
EPOCH_RECONCILED epoch=2 reporter=65A90023F6C0D2181AAA63F005D81BBC0C04650505E21D5123F9AE1F9E992BFF complete=false entries=2545 total=2545 symbols=0 dropped=false t=1791486184401
EPOCH_CLOSE_UNREADY epoch=2 short_of=reports usable=1 weight=1 required=5 held=3 theirs=["911999B2:475CF2BE:9062F257", "A353E45E:475CF2BE:BD8BF192", "65A90023:C1035F18:930891F4"] t=1791486184407
EPOCH_FOLLOW cemented=0 cementing=0 requested=14 pending=14 t=1791486184409
EPOCH_RECONCILED epoch=2 reporter=65A90023F6C0D2181AAA63F005D81BBC0C04650505E21D5123F9AE1F9E992BFF complete=true entries=319 total=2864 symbols=546 dropped=false t=1791486184418
EPOCH_RECONCILED epoch=2 reporter=A353E45E6D0016CAEED0DFA4EC5B0640E2AA22A793F9F2375E77F1AB92977C04 complete=false entries=2594 total=2594 symbols=0 dropped=false t=1791486184447
EPOCH_RECONCILED epoch=2 reporter=65A90023F6C0D2181AAA63F005D81BBC0C04650505E21D5123F9AE1F9E992BFF complete=true entries=266 total=2864 symbols=364 dropped=false t=1791486184518
EPOCH_RECONCILED epoch=2 reporter=A353E45E6D0016CAEED0DFA4EC5B0640E2AA22A793F9F2375E77F1AB92977C04 complete=true entries=266 total=2860 symbols=364 dropped=false t=1791486184523
EPOCH_RECONCILED epoch=2 reporter=D315857CE70C54DE713F6E82E5613BB3A1266C15E28AD2F4338C7BBEC456F532 complete=false entries=2 total=43580 symbols=16 dropped=false t=1791486184579
EPOCH_RECONCILED epoch=2 reporter=65A90023F6C0D2181AAA63F005D81BBC0C04650505E21D5123F9AE1F9E992BFF complete=true entries=2864 total=2864 symbols=0 dropped=false t=1791486184704
EPOCH_RECONCILED epoch=2 reporter=911999B2AEFA7ACC66EBD802B3301FF6CE431405107749D940277955CB7FDD07 complete=false entries=0 total=43580 symbols=0 dropped=false t=1791486184838
2026-10-08T19:03:04.890015Z  INFO nanospam::app: Confirmed 40,522 blocks | 2,000 bps | 0 cps | avg conf time: 6358 ms
EPOCH_CLOSE_UNREADY epoch=2 short_of=reports usable=3 weight=3 required=5 held=3 theirs=["65A90023:C1035F18:930891F4", "A353E45E:475CF2BE:BD8BF192", "D315857C:98AACD89:93312E8A"] t=1791486184904
EPOCH_RECONCILED epoch=2 reporter=911999B2AEFA7ACC66EBD802B3301FF6CE431405107749D940277955CB7FDD07 complete=false entries=3109 total=3109 symbols=0 dropped=false t=1791486184977
EPOCH_RECONCILED epoch=2 reporter=D315857CE70C54DE713F6E82E5613BB3A1266C15E28AD2F4338C7BBEC456F532 complete=false entries=2 total=43580 symbols=16 dropped=false t=1791486185003
EPOCH_RECONCILED epoch=2 reporter=A353E45E6D0016CAEED0DFA4EC5B0640E2AA22A793F9F2375E77F1AB92977C04 complete=false entries=0 total=43580 symbols=0 dropped=false t=1791486185026
EPOCH_RECONCILED epoch=2 reporter=A353E45E6D0016CAEED0DFA4EC5B0640E2AA22A793F9F2375E77F1AB92977C04 complete=false entries=2509 total=2509 symbols=0 dropped=false t=1791486185032
EPOCH_RECONCILED epoch=2 reporter=911999B2AEFA7ACC66EBD802B3301FF6CE431405107749D940277955CB7FDD07 complete=true entries=16 total=3125 symbols=32 dropped=false t=1791486185049
EPOCH_FOLLOW cemented=6 cementing=0 requested=457 pending=597 t=1791486185139
EPOCH_FOLLOW cemented=6 cementing=0 requested=347 pending=488 t=1791486185152
EPOCH_RECONCILED epoch=2 reporter=911999B2AEFA7ACC66EBD802B3301FF6CE431405107749D940277955CB7FDD07 complete=false entries=0 total=43580 symbols=0 dropped=false t=1791486185270
EPOCH_REPORT epoch=2 certified=43580 residual=4440 root=C02CEF6FA5811DEA96D2FF48006F2A1932BD239A8D6424A1A509365DD419D4DA reports=1 t=1791486185299
EPOCH_RECONCILED epoch=2 reporter=911999B2AEFA7ACC66EBD802B3301FF6CE431405107749D940277955CB7FDD07 complete=false entries=3108 total=3108 symbols=0 dropped=false t=1791486185361
2026-10-08T19:03:05.390733Z  INFO nanospam::app: Confirming 45000 blocks took 30.67s
2026-10-08T19:03:05.390793Z  INFO nanospam::app: Confirmation rate: 1467 cps
2026-10-08T19:03:05.390805Z  INFO nanospam::app: Average conf time: 1729 ms
2026-10-08T19:03:05.390818Z  INFO nanospam::app: Non-fork confirmation rate: 1321 cps (40517 of 40517 non-fork blocks, 1337 of 4483 forks)
2026-10-08T19:03:05.392049Z  INFO nanospam::app: RAI_BENCH_METRICS {"created":45000,"confirmed":41854,"duration_secs":30.670297083,"confirmation_unit":"primary publication or its confirmed fork alternative","alternative_confirmed":1333,"confirmation_histogram_ms":{"37":2,"39":1,"40":4,"42":1,"43":4,"44":7,"45":7,"46":11,"47":7,"48":8,"49":7,"50":14,"51":12,"52":13,"53":16,"54":23,"55":22,"56":27,"57":31,"58":33,"59":32,"60":44,"61":57,"62":51,"63":60,"64":70,"65":69,"66":73,"67":75,"68":77,"69":81,"70":89,"71":77,"72":73,"73":78,"74":93,"75":96,"76":105,"77":110,"78":99,"79":91,"80":107,"81":108,"82":111,"83":109,"84":114,"85":116,"86":125,"87":134,"88":128,"89":120,"90":133,"91":118,"92":138,"93":144,"94":156,"95":161,"96":165,"97":177,"98":196,"99":159,"100":142,"101":159,"102":180,"103":168,"104":157,"105":159,"106":181,"107":172,"108":162,"109":156,"110":190,"111":161,"112":152,"113":186,"114":179,"115":168,"116":185,"117":175,"118":187,"119":203,"120":197,"121":206,"122":215,"123":237,"124":205,"125":202,"126":167,"127":157,"128":158,"129":153,"130":176,"131":137,"132":115,"133":144,"134":123,"135":140,"136":106,"137":84,"138":89,"139":77,"140":70,"141":81,"142":72,"143":81,"144":70,"145":41,"146":59,"147":78,"148":64,"149":69,"150":51,"151":66,"152":83,"153":91,"154":64,"155":72,"156":72,"157":59,"158":102,"159":83,"160":100,"161":99,"162":46,"163":24,"164":49,"165":46,"166":17,"167":21,"168":23,"169":34,"170":30,"171":20,"172":15,"173":11,"174":12,"175":11,"176":10,"177":24,"178":29,"179":30,"180":53,"181":28,"182":28,"183":31,"184":13,"185":19,"186":35,"187":18,"188":17,"189":11,"190":6,"191":6,"192":8,"193":14,"194":13,"195":2,"198":2,"201":1,"203":3,"204":20,"205":9,"206":11,"207":9,"208":4,"209":10,"210":9,"211":9,"212":8,"213":15,"214":7,"215":5,"216":8,"217":13,"218":7,"219":3,"220":4,"221":9,"222":5,"223":3,"224":3,"226":3,"227":14,"228":12,"229":10,"230":10,"231":3,"232":5,"233":1,"234":2,"235":3,"237":5,"238":11,"239":13,"240":7,"241":7,"242":6,"243":3,"244":1,"245":2,"246":2,"247":3,"248":8,"249":2,"250":1,"251":2,"252":3,"253":4,"255":3,"256":9,"257":18,"258":5,"259":10,"260":4,"261":1,"265":1,"267":1,"283":1,"284":1,"285":1,"286":1,"287":2,"289":2,"290":1,"291":1,"292":1,"293":1,"294":1,"295":1,"297":1,"301":1,"302":1,"303":1,"304":1,"305":2,"307":2,"308":1,"309":2,"310":2,"311":3,"312":1,"314":5,"315":1,"316":2,"317":2,"318":1,"319":6,"320":6,"322":2,"323":4,"324":1,"326":1,"327":2,"328":3,"329":1,"330":2,"331":3,"332":1,"333":1,"334":4,"335":3,"336":5,"337":5,"338":3,"339":1,"340":1,"341":3,"342":1,"344":2,"345":11,"346":8,"347":6,"348":5,"349":10,"350":5,"351":2,"352":3,"353":1,"355":1,"356":3,"357":4,"358":8,"359":14,"360":12,"361":8,"362":3,"363":12,"364":7,"365":7,"366":6,"367":17,"368":13,"369":13,"370":13,"371":16,"372":13,"373":19,"374":12,"375":12,"376":13,"377":16,"378":16,"379":16,"380":13,"381":12,"382":12,"383":10,"384":5,"385":15,"386":6,"387":12,"388":4,"389":11,"390":6,"391":25,"392":20,"393":14,"394":11,"395":12,"396":9,"397":15,"398":16,"399":12,"400":13,"401":15,"402":9,"403":12,"404":17,"405":21,"406":24,"407":18,"408":18,"409":12,"410":20,"411":20,"412":24,"413":18,"414":27,"415":28,"416":25,"417":34,"418":25,"419":27,"420":18,"421":8,"422":15,"423":26,"424":18,"425":11,"426":17,"427":17,"428":17,"429":23,"430":29,"431":19,"432":20,"433":19,"434":26,"435":16,"436":24,"437":21,"438":20,"439":16,"440":14,"441":15,"442":21,"443":22,"444":28,"445":14,"446":12,"447":22,"448":12,"449":20,"450":25,"451":25,"452":22,"453":20,"454":16,"455":10,"456":21,"457":4,"458":15,"459":21,"460":33,"461":42,"462":25,"463":26,"464":21,"465":15,"466":9,"467":16,"468":14,"469":19,"470":15,"471":12,"472":31,"473":18,"474":18,"475":21,"476":31,"477":20,"478":16,"479":30,"480":18,"481":27,"482":29,"483":29,"484":21,"485":11,"486":10,"487":13,"488":18,"489":9,"490":17,"491":10,"492":14,"493":16,"494":16,"495":32,"496":32,"497":26,"498":27,"499":14,"500":24,"501":23,"502":29,"503":21,"504":24,"505":20,"506":19,"507":19,"508":17,"509":20,"510":21,"511":33,"512":42,"513":41,"514":44,"515":46,"516":69,"517":56,"518":59,"519":37,"520":22,"521":27,"522":27,"523":27,"524":42,"525":37,"526":16,"527":13,"528":5,"529":14,"530":19,"531":20,"532":18,"533":20,"534":13,"535":31,"536":18,"537":11,"538":12,"539":16,"540":22,"541":12,"542":16,"543":38,"544":38,"545":39,"546":15,"547":18,"548":19,"549":18,"550":24,"551":32,"552":31,"553":24,"554":18,"555":29,"556":33,"557":22,"558":35,"559":34,"560":30,"561":21,"562":15,"563":14,"564":20,"565":23,"566":27,"567":32,"568":24,"569":25,"570":22,"571":18,"572":16,"573":17,"574":15,"575":10,"576":20,"577":16,"578":19,"579":25,"580":16,"581":14,"582":13,"583":12,"584":9,"585":11,"586":34,"587":30,"588":45,"589":40,"590":40,"591":33,"592":37,"593":33,"594":27,"595":38,"596":25,"597":19,"598":12,"599":8,"600":16,"601":17,"602":10,"603":28,"604":26,"605":28,"606":29,"607":23,"608":13,"609":17,"610":8,"611":12,"612":18,"613":25,"614":21,"615":30,"616":27,"617":39,"618":29,"619":25,"620":29,"621":23,"622":24,"623":25,"624":29,"625":26,"626":30,"627":16,"628":5,"629":6,"630":7,"631":10,"632":11,"633":17,"634":10,"635":9,"636":14,"637":10,"638":18,"639":28,"640":28,"641":20,"642":18,"643":21,"644":22,"645":31,"646":29,"647":14,"648":12,"649":9,"650":10,"651":8,"652":15,"653":20,"654":21,"655":14,"656":23,"657":14,"658":12,"659":16,"660":17,"661":11,"662":9,"663":14,"664":5,"665":6,"666":13,"667":9,"668":14,"669":15,"670":14,"671":7,"672":4,"673":14,"674":6,"675":12,"676":13,"677":19,"678":23,"679":13,"680":6,"681":8,"682":5,"683":10,"684":6,"685":13,"686":12,"687":11,"688":7,"689":17,"690":7,"691":11,"692":17,"693":17,"694":16,"695":15,"696":20,"697":18,"698":23,"699":32,"700":23,"701":21,"702":16,"703":26,"704":19,"705":18,"706":6,"707":8,"708":6,"709":7,"710":10,"711":15,"712":23,"713":20,"714":25,"715":17,"716":22,"717":22,"718":23,"719":26,"720":30,"721":26,"722":25,"723":21,"724":16,"725":18,"726":19,"727":22,"728":17,"729":16,"730":6,"731":9,"732":5,"733":6,"734":7,"735":11,"736":12,"737":10,"738":14,"739":14,"740":17,"741":12,"742":9,"743":12,"744":9,"745":14,"746":16,"747":19,"748":25,"749":26,"750":19,"751":23,"752":20,"753":19,"754":10,"755":6,"756":3,"757":6,"758":5,"759":5,"760":6,"761":19,"762":14,"763":11,"764":15,"765":9,"766":12,"767":18,"768":12,"769":18,"770":13,"771":15,"772":11,"773":16,"774":13,"775":16,"776":12,"777":9,"778":2,"780":6,"781":9,"782":13,"783":6,"784":6,"785":6,"786":3,"787":7,"788":6,"789":7,"790":9,"791":3,"792":9,"793":8,"794":17,"795":12,"796":20,"797":18,"798":19,"799":18,"800":15,"801":9,"802":3,"803":10,"804":14,"805":5,"806":12,"807":17,"808":10,"809":21,"810":23,"811":29,"812":29,"813":27,"814":36,"815":20,"816":12,"817":8,"818":5,"819":8,"820":6,"821":6,"822":3,"823":5,"824":5,"825":4,"826":3,"827":2,"828":3,"829":9,"830":5,"831":3,"832":4,"833":6,"834":3,"835":3,"836":3,"837":2,"838":3,"839":2,"840":2,"841":2,"842":1,"843":1,"844":3,"845":3,"846":7,"847":4,"848":6,"849":1,"850":8,"851":3,"852":4,"853":7,"854":8,"855":6,"856":22,"857":30,"858":31,"859":37,"860":33,"861":36,"862":20,"863":20,"864":13,"865":9,"866":4,"867":9,"868":5,"869":8,"870":17,"871":5,"872":4,"873":7,"874":9,"875":10,"876":9,"877":6,"878":8,"879":8,"880":4,"881":2,"882":2,"883":3,"884":2,"885":3,"886":7,"887":5,"888":5,"889":9,"890":7,"891":4,"892":3,"893":1,"894":9,"895":11,"896":5,"897":5,"898":2,"899":4,"900":18,"901":16,"902":1,"903":5,"904":11,"905":5,"906":11,"907":7,"908":8,"909":3,"911":1,"912":2,"913":2,"914":8,"915":11,"916":8,"917":7,"918":3,"919":5,"920":4,"921":3,"922":6,"923":9,"924":9,"925":15,"926":22,"927":34,"928":31,"929":38,"930":21,"931":11,"932":7,"933":16,"934":11,"935":7,"936":7,"937":12,"938":13,"939":7,"940":5,"941":5,"942":9,"943":12,"944":13,"945":8,"946":12,"947":12,"948":13,"949":13,"950":10,"951":6,"952":12,"953":22,"954":14,"955":19,"956":17,"957":25,"958":27,"959":22,"960":14,"961":22,"962":31,"963":32,"964":16,"965":18,"966":15,"967":31,"968":14,"969":6,"970":18,"971":30,"972":14,"973":18,"974":23,"975":14,"976":8,"977":12,"978":6,"979":5,"980":6,"981":11,"982":6,"983":7,"984":13,"985":9,"986":7,"987":3,"988":6,"989":10,"990":7,"991":8,"992":8,"993":6,"994":7,"995":7,"996":2,"997":6,"998":4,"999":6,"1000":9,"1001":9,"1002":15,"1003":17,"1004":17,"1005":17,"1006":19,"1007":20,"1008":16,"1009":17,"1010":11,"1011":10,"1012":9,"1013":9,"1014":7,"1015":9,"1016":6,"1017":11,"1018":12,"1019":7,"1020":12,"1021":15,"1022":11,"1024":1,"1025":1,"1026":1,"1027":1,"1028":10,"1029":9,"1030":14,"1031":7,"1032":7,"1033":4,"1034":3,"1035":2,"1036":4,"1037":7,"1038":17,"1039":13,"1040":26,"1041":17,"1042":13,"1043":17,"1044":15,"1045":6,"1046":7,"1047":12,"1048":5,"1049":11,"1050":9,"1051":4,"1052":6,"1053":12,"1054":9,"1055":5,"1056":6,"1057":6,"1058":9,"1059":7,"1060":6,"1061":6,"1062":6,"1063":14,"1064":8,"1065":7,"1066":5,"1067":8,"1068":5,"1069":8,"1070":4,"1071":7,"1072":6,"1073":4,"1074":2,"1075":5,"1076":4,"1077":7,"1078":16,"1079":12,"1080":11,"1081":13,"1082":9,"1083":2,"1084":3,"1085":5,"1086":4,"1087":1,"1088":1,"1089":1,"1090":3,"1091":10,"1092":5,"1093":8,"1094":5,"1095":5,"1096":3,"1097":6,"1098":3,"1099":6,"1100":4,"1101":8,"1102":5,"1103":9,"1104":13,"1105":7,"1106":5,"1107":9,"1108":7,"1109":4,"1110":1,"1111":4,"1112":3,"1113":4,"1114":6,"1115":6,"1116":4,"1117":4,"1118":6,"1119":7,"1120":2,"1121":7,"1122":5,"1123":4,"1124":4,"1125":3,"1126":6,"1127":4,"1128":2,"1129":4,"1130":6,"1131":7,"1132":3,"1133":5,"1134":3,"1135":3,"1136":3,"1137":2,"1138":7,"1139":6,"1140":2,"1141":7,"1142":7,"1143":4,"1144":2,"1145":8,"1146":6,"1147":14,"1148":4,"1149":6,"1150":6,"1151":5,"1152":3,"1153":2,"1154":4,"1155":3,"1156":6,"1157":9,"1158":6,"1159":7,"1160":6,"1161":4,"1162":9,"1163":7,"1164":4,"1165":7,"1166":8,"1167":8,"1168":7,"1169":8,"1170":6,"1171":5,"1172":6,"1173":6,"1174":5,"1175":3,"1176":3,"1177":6,"1178":6,"1179":3,"1180":4,"1181":4,"1182":5,"1183":2,"1184":4,"1185":3,"1186":1,"1187":7,"1188":2,"1189":2,"1190":1,"1191":4,"1192":1,"1193":6,"1194":4,"1195":7,"1196":3,"1197":4,"1198":8,"1199":5,"1200":6,"1201":6,"1202":5,"1203":6,"1204":6,"1205":10,"1206":5,"1207":8,"1208":6,"1209":4,"1210":3,"1211":10,"1212":7,"1213":3,"1214":8,"1215":7,"1216":9,"1217":6,"1218":8,"1219":11,"1220":8,"1221":7,"1222":9,"1223":7,"1224":8,"1225":5,"1226":8,"1227":14,"1228":7,"1229":8,"1230":10,"1231":7,"1232":7,"1233":15,"1234":9,"1235":7,"1236":5,"1237":5,"1238":7,"1239":6,"1240":10,"1241":2,"1242":4,"1243":7,"1244":9,"1245":7,"1246":6,"1247":6,"1248":4,"1249":8,"1250":6,"1251":5,"1252":4,"1253":9,"1254":6,"1255":8,"1256":5,"1257":12,"1258":8,"1259":6,"1260":8,"1261":9,"1262":14,"1263":5,"1264":7,"1265":7,"1266":8,"1267":9,"1268":14,"1269":3,"1270":4,"1271":2,"1272":5,"1273":1,"1274":12,"1275":2,"1276":2,"1277":3,"1278":2,"1279":7,"1280":4,"1281":3,"1282":2,"1283":1,"1285":4,"1287":2,"1288":2,"1289":2,"1290":2,"1291":2,"1292":5,"1293":8,"1294":10,"1295":8,"1296":3,"1297":1,"1298":1,"1299":4,"1300":2,"1301":2,"1302":3,"1303":4,"1304":4,"1305":4,"1306":3,"1307":4,"1308":4,"1309":7,"1310":5,"1311":5,"1312":5,"1313":3,"1314":9,"1315":5,"1316":5,"1317":5,"1318":2,"1319":4,"1320":5,"1321":4,"1322":1,"1323":13,"1324":10,"1325":8,"1326":2,"1327":6,"1328":5,"1329":9,"1330":3,"1331":4,"1332":4,"1333":5,"1334":7,"1335":8,"1336":7,"1337":7,"1338":9,"1339":6,"1340":4,"1341":5,"1342":12,"1343":6,"1344":5,"1345":8,"1346":15,"1347":15,"1348":9,"1349":5,"1350":10,"1351":11,"1352":5,"1353":10,"1354":6,"1355":12,"1356":10,"1357":5,"1358":7,"1359":20,"1360":6,"1361":4,"1362":3,"1363":2,"1364":10,"1365":6,"1366":4,"1367":10,"1368":10,"1369":10,"1370":8,"1371":14,"1372":11,"1373":11,"1374":3,"1375":12,"1376":2,"1377":10,"1378":7,"1379":6,"1380":6,"1381":10,"1382":7,"1383":2,"1384":9,"1385":10,"1386":7,"1387":14,"1388":6,"1389":6,"1390":8,"1391":9,"1392":7,"1393":3,"1394":3,"1395":3,"1396":3,"1397":4,"1398":6,"1399":5,"1400":4,"1401":3,"1402":10,"1403":5,"1404":3,"1405":3,"1407":2,"1408":2,"1409":2,"1410":5,"1411":1,"1412":3,"1413":8,"1414":5,"1415":3,"1416":2,"1417":2,"1418":1,"1419":4,"1420":4,"1421":5,"1422":5,"1423":5,"1424":4,"1425":5,"1426":2,"1427":6,"1428":4,"1429":5,"1430":8,"1431":10,"1432":5,"1433":3,"1434":2,"1435":5,"1436":3,"1437":12,"1438":1,"1439":4,"1440":2,"1441":4,"1442":1,"1443":3,"1444":3,"1445":1,"1446":2,"1447":7,"1448":5,"1449":17,"1450":9,"1451":5,"1452":13,"1453":3,"1454":4,"1455":6,"1456":4,"1457":3,"1458":6,"1459":5,"1460":6,"1461":16,"1462":2,"1463":5,"1464":4,"1465":4,"1466":7,"1467":3,"1468":9,"1469":13,"1470":13,"1471":10,"1472":12,"1473":8,"1474":4,"1475":8,"1476":6,"1477":2,"1478":8,"1479":3,"1480":3,"1481":7,"1482":4,"1483":3,"1484":8,"1485":5,"1486":5,"1487":6,"1488":7,"1489":6,"1490":2,"1491":2,"1492":3,"1493":13,"1494":7,"1495":10,"1496":7,"1497":6,"1498":7,"1499":6,"1500":6,"1501":9,"1502":10,"1503":7,"1504":5,"1505":5,"1506":4,"1507":3,"1508":4,"1509":6,"1510":4,"1511":4,"1512":2,"1513":14,"1514":16,"1515":1,"1517":2,"1518":3,"1519":1,"1520":1,"1521":3,"1522":7,"1523":5,"1524":5,"1525":4,"1526":8,"1527":4,"1528":4,"1529":6,"1530":10,"1531":10,"1532":6,"1533":14,"1534":6,"1535":5,"1536":10,"1537":9,"1538":14,"1539":13,"1540":10,"1541":10,"1542":11,"1543":10,"1544":6,"1545":8,"1546":19,"1547":13,"1548":11,"1549":12,"1550":13,"1551":12,"1552":15,"1553":7,"1554":11,"1555":7,"1556":10,"1557":11,"1558":8,"1559":5,"1560":9,"1561":4,"1562":6,"1563":14,"1564":19,"1565":15,"1566":12,"1567":10,"1568":7,"1569":14,"1570":12,"1571":12,"1572":13,"1573":7,"1574":6,"1575":5,"1576":4,"1577":13,"1578":6,"1579":5,"1580":7,"1581":7,"1582":7,"1583":2,"1584":4,"1585":7,"1586":4,"1587":5,"1588":4,"1589":5,"1590":10,"1591":9,"1592":7,"1593":3,"1594":5,"1595":7,"1596":8,"1597":7,"1598":6,"1599":7,"1600":7,"1601":7,"1602":14,"1603":11,"1604":4,"1605":14,"1606":9,"1607":19,"1608":16,"1609":7,"1610":10,"1611":12,"1612":5,"1613":4,"1615":4,"1616":10,"1617":9,"1618":4,"1619":5,"1620":3,"1621":2,"1622":1,"1623":5,"1624":5,"1625":3,"1626":8,"1627":7,"1628":4,"1629":1,"1630":6,"1631":2,"1632":6,"1633":6,"1634":4,"1635":1,"1636":6,"1637":5,"1638":8,"1639":5,"1640":9,"1641":2,"1642":7,"1643":5,"1644":6,"1645":13,"1646":6,"1647":10,"1648":7,"1649":10,"1650":5,"1651":6,"1652":4,"1653":5,"1654":10,"1655":12,"1656":6,"1657":6,"1658":6,"1659":11,"1660":4,"1661":10,"1662":13,"1663":8,"1664":21,"1665":8,"1666":13,"1667":6,"1668":12,"1669":13,"1670":19,"1671":22,"1672":13,"1673":14,"1674":9,"1675":12,"1676":6,"1677":13,"1678":8,"1679":8,"1680":14,"1681":11,"1682":14,"1683":9,"1684":7,"1685":9,"1686":15,"1687":21,"1688":8,"1689":13,"1690":14,"1691":11,"1692":12,"1693":5,"1694":10,"1695":10,"1696":6,"1697":8,"1698":8,"1699":11,"1700":9,"1701":14,"1702":16,"1703":14,"1704":5,"1705":11,"1706":14,"1707":4,"1708":6,"1709":5,"1710":4,"1711":10,"1712":11,"1713":10,"1714":9,"1715":7,"1716":7,"1717":9,"1718":10,"1719":8,"1720":21,"1721":20,"1722":13,"1723":10,"1724":6,"1725":11,"1726":8,"1727":5,"1728":12,"1729":8,"1730":8,"1731":13,"1732":12,"1733":22,"1734":15,"1735":16,"1736":7,"1737":12,"1738":9,"1739":17,"1740":11,"1741":17,"1742":12,"1743":12,"1744":12,"1745":14,"1746":7,"1747":8,"1748":9,"1749":3,"1750":4,"1751":7,"1752":8,"1753":5,"1754":7,"1755":11,"1756":14,"1757":16,"1758":19,"1759":18,"1760":24,"1761":20,"1762":23,"1763":23,"1764":13,"1765":11,"1766":10,"1767":15,"1768":19,"1769":16,"1770":17,"1771":13,"1772":24,"1773":18,"1774":23,"1775":17,"1776":21,"1777":13,"1778":13,"1779":10,"1780":9,"1781":6,"1782":11,"1783":11,"1784":14,"1785":12,"1786":7,"1787":13,"1788":15,"1789":16,"1790":16,"1791":14,"1792":19,"1793":13,"1794":21,"1795":21,"1796":15,"1797":19,"1798":16,"1799":23,"1800":17,"1801":11,"1802":22,"1803":12,"1804":12,"1805":12,"1806":19,"1807":7,"1808":8,"1809":15,"1810":14,"1811":12,"1812":12,"1813":11,"1814":18,"1815":19,"1816":20,"1817":17,"1818":18,"1819":24,"1820":16,"1821":16,"1822":13,"1823":10,"1824":9,"1825":3,"1826":12,"1827":11,"1828":14,"1829":12,"1830":12,"1831":15,"1832":12,"1833":13,"1834":17,"1835":16,"1836":10,"1837":9,"1838":5,"1839":11,"1840":12,"1841":15,"1842":13,"1843":16,"1844":15,"1845":20,"1846":15,"1847":18,"1848":24,"1849":22,"1850":14,"1851":13,"1852":19,"1853":17,"1854":8,"1855":16,"1856":19,"1857":7,"1858":6,"1859":7,"1860":10,"1861":12,"1862":12,"1863":6,"1864":16,"1865":15,"1866":17,"1867":7,"1868":15,"1869":21,"1870":13,"1871":12,"1872":20,"1873":16,"1874":10,"1875":20,"1876":14,"1877":8,"1878":21,"1879":15,"1880":14,"1881":11,"1882":11,"1883":14,"1884":17,"1885":22,"1886":11,"1887":13,"1888":15,"1889":13,"1890":11,"1891":12,"1892":10,"1893":8,"1894":10,"1895":12,"1896":14,"1897":12,"1898":17,"1899":10,"1900":9,"1901":12,"1902":15,"1903":7,"1904":16,"1905":18,"1906":14,"1907":15,"1908":13,"1909":19,"1910":18,"1911":8,"1912":5,"1913":11,"1914":14,"1915":12,"1916":14,"1917":12,"1918":11,"1919":12,"1920":16,"1921":8,"1922":13,"1923":11,"1924":11,"1925":18,"1926":12,"1927":11,"1928":8,"1929":16,"1930":11,"1931":11,"1932":9,"1933":13,"1934":7,"1935":18,"1936":13,"1937":7,"1938":6,"1939":10,"1940":8,"1941":9,"1942":6,"1943":18,"1944":14,"1945":9,"1946":8,"1947":8,"1948":9,"1949":8,"1950":12,"1951":10,"1952":4,"1953":3,"1954":5,"1955":14,"1956":21,"1957":14,"1958":7,"1959":7,"1960":9,"1961":7,"1962":9,"1963":9,"1964":19,"1965":6,"1966":10,"1967":6,"1968":15,"1969":12,"1970":9,"1971":11,"1972":5,"1973":17,"1974":16,"1975":10,"1976":14,"1977":10,"1978":10,"1979":13,"1980":7,"1981":5,"1982":12,"1983":9,"1984":4,"1985":13,"1986":9,"1987":8,"1988":9,"1989":11,"1990":1,"1991":7,"1992":14,"1993":15,"1994":15,"1995":14,"1996":4,"1997":9,"1998":18,"1999":15,"2000":13,"2001":11,"2002":3,"2003":10,"2004":8,"2005":11,"2006":12,"2007":10,"2008":6,"2009":9,"2010":11,"2011":13,"2012":10,"2013":10,"2014":9,"2015":10,"2016":10,"2017":10,"2018":10,"2019":9,"2020":14,"2021":9,"2022":8,"2023":9,"2024":11,"2025":10,"2026":12,"2027":6,"2028":13,"2029":12,"2030":8,"2031":13,"2032":16,"2033":14,"2034":11,"2035":5,"2036":8,"2037":14,"2038":11,"2039":10,"2040":7,"2041":5,"2042":12,"2043":11,"2044":11,"2045":8,"2046":2,"2047":7,"2048":4,"2049":8,"2050":4,"2051":5,"2052":10,"2053":8,"2054":11,"2055":9,"2056":14,"2057":7,"2058":15,"2059":11,"2060":10,"2061":13,"2062":9,"2063":3,"2064":10,"2065":15,"2066":4,"2067":6,"2068":6,"2069":9,"2070":9,"2071":5,"2072":7,"2073":7,"2074":8,"2075":7,"2076":9,"2077":11,"2078":12,"2079":15,"2080":5,"2081":17,"2082":10,"2083":6,"2084":13,"2085":15,"2086":17,"2087":10,"2088":13,"2089":10,"2090":14,"2091":7,"2092":6,"2093":9,"2094":18,"2095":11,"2096":4,"2097":5,"2098":5,"2099":12,"2100":11,"2101":17,"2102":10,"2103":10,"2104":16,"2105":12,"2106":16,"2107":14,"2108":16,"2109":6,"2110":16,"2111":15,"2112":14,"2113":13,"2114":11,"2115":18,"2116":10,"2117":18,"2118":16,"2119":11,"2120":8,"2121":9,"2122":10,"2123":8,"2124":13,"2125":23,"2126":22,"2127":21,"2128":18,"2129":13,"2130":12,"2131":18,"2132":9,"2133":15,"2134":16,"2135":12,"2136":15,"2137":15,"2138":21,"2139":8,"2140":14,"2141":22,"2142":10,"2143":18,"2144":9,"2145":10,"2146":11,"2147":13,"2148":21,"2149":20,"2150":10,"2151":7,"2152":13,"2153":11,"2154":10,"2155":9,"2156":11,"2157":15,"2158":14,"2159":19,"2160":8,"2161":11,"2162":20,"2163":10,"2164":5,"2165":11,"2166":10,"2167":5,"2168":9,"2169":19,"2170":8,"2171":8,"2172":7,"2173":15,"2174":12,"2175":8,"2176":12,"2177":9,"2178":9,"2179":7,"2180":8,"2181":9,"2182":6,"2183":8,"2184":4,"2185":16,"2186":11,"2187":9,"2188":5,"2189":8,"2190":10,"2191":7,"2192":13,"2193":6,"2194":10,"2195":14,"2196":10,"2197":10,"2198":12,"2199":8,"2200":5,"2201":11,"2202":11,"2203":11,"2204":6,"2205":8,"2206":5,"2207":5,"2208":8,"2209":5,"2210":9,"2211":9,"2212":10,"2213":7,"2214":6,"2215":10,"2216":7,"2217":5,"2218":5,"2219":3,"2220":5,"2221":18,"2222":9,"2223":3,"2224":3,"2225":4,"2226":6,"2227":8,"2228":4,"2229":10,"2230":6,"2231":11,"2232":6,"2233":4,"2234":6,"2235":4,"2236":9,"2237":11,"2238":4,"2239":6,"2240":7,"2241":7,"2242":4,"2243":5,"2244":2,"2245":2,"2246":10,"2247":1,"2248":4,"2249":4,"2250":6,"2251":5,"2252":7,"2253":5,"2254":4,"2255":11,"2256":10,"2257":10,"2258":6,"2259":5,"2260":2,"2261":6,"2262":4,"2263":2,"2264":4,"2265":4,"2266":4,"2268":3,"2269":3,"2270":6,"2271":2,"2272":2,"2273":3,"2274":3,"2275":6,"2276":3,"2277":3,"2278":3,"2279":5,"2280":5,"2282":4,"2283":10,"2284":2,"2285":4,"2286":5,"2287":5,"2288":6,"2289":4,"2290":1,"2291":5,"2292":4,"2293":4,"2294":3,"2295":6,"2296":1,"2297":4,"2298":5,"2299":8,"2300":1,"2301":2,"2302":4,"2303":1,"2304":5,"2305":1,"2306":5,"2307":8,"2308":5,"2309":6,"2310":9,"2311":4,"2312":2,"2313":1,"2315":3,"2316":3,"2317":2,"2318":7,"2319":8,"2320":7,"2321":7,"2322":10,"2323":9,"2324":11,"2325":8,"2326":2,"2327":2,"2328":2,"2329":2,"2330":4,"2331":2,"2332":2,"2333":5,"2334":3,"2335":6,"2336":6,"2337":5,"2338":5,"2339":2,"2340":2,"2341":6,"2342":1,"2343":1,"2344":2,"2347":4,"2348":4,"2349":3,"2350":2,"2351":5,"2352":5,"2353":3,"2354":5,"2355":5,"2356":4,"2357":2,"2358":7,"2360":2,"2361":4,"2362":7,"2363":4,"2364":2,"2365":4,"2366":5,"2367":8,"2368":4,"2369":4,"2370":2,"2371":2,"2372":8,"2373":4,"2374":3,"2375":7,"2376":1,"2377":4,"2378":8,"2379":2,"2380":5,"2381":6,"2382":3,"2383":6,"2384":3,"2385":5,"2386":7,"2387":4,"2388":6,"2389":5,"2390":6,"2391":13,"2392":8,"2393":7,"2394":5,"2395":6,"2396":5,"2397":4,"2398":4,"2399":7,"2400":9,"2401":3,"2402":16,"2403":9,"2404":8,"2405":1,"2406":4,"2407":2,"2408":1,"2409":5,"2410":6,"2411":4,"2412":4,"2413":2,"2414":2,"2415":3,"2416":3,"2417":3,"2418":3,"2419":2,"2420":4,"2421":3,"2422":5,"2423":4,"2424":6,"2425":3,"2426":3,"2427":5,"2428":6,"2429":5,"2430":3,"2431":6,"2432":7,"2433":2,"2434":6,"2435":5,"2436":5,"2437":4,"2438":2,"2439":4,"2440":3,"2441":5,"2442":3,"2443":2,"2444":7,"2445":1,"2446":7,"2447":7,"2448":6,"2449":9,"2450":8,"2451":9,"2452":4,"2453":12,"2454":6,"2455":6,"2456":8,"2457":4,"2459":9,"2460":4,"2461":6,"2462":9,"2463":5,"2464":2,"2465":5,"2466":6,"2467":6,"2468":11,"2469":17,"2470":8,"2471":9,"2472":7,"2473":11,"2474":4,"2475":12,"2476":11,"2477":12,"2478":14,"2479":6,"2480":6,"2481":6,"2482":4,"2483":3,"2484":2,"2485":6,"2486":7,"2487":4,"2488":4,"2489":9,"2490":6,"2491":2,"2492":6,"2493":4,"2494":7,"2495":8,"2496":8,"2497":4,"2498":5,"2499":17,"2500":13,"2501":9,"2502":5,"2503":1,"2504":6,"2505":7,"2506":3,"2507":3,"2508":3,"2509":3,"2510":11,"2511":11,"2512":3,"2513":3,"2514":5,"2515":3,"2516":3,"2517":1,"2518":2,"2519":2,"2520":4,"2521":5,"2522":4,"2523":6,"2524":2,"2525":2,"2526":5,"2527":4,"2528":8,"2529":1,"2530":4,"2531":5,"2532":6,"2533":5,"2534":3,"2535":5,"2536":1,"2537":1,"2538":2,"2539":1,"2540":6,"2541":1,"2542":6,"2543":5,"2544":1,"2545":4,"2546":1,"2547":3,"2548":2,"2549":5,"2550":2,"2551":1,"2552":4,"2553":5,"2554":1,"2555":2,"2556":2,"2557":4,"2558":7,"2559":3,"2560":1,"2561":1,"2562":1,"2563":2,"2564":14,"2565":8,"2566":4,"2567":6,"2568":3,"2569":2,"2570":1,"2571":2,"2572":2,"2574":3,"2575":2,"2576":7,"2577":5,"2578":8,"2579":4,"2580":3,"2581":2,"2582":1,"2583":4,"2584":2,"2585":4,"2586":2,"2587":1,"2588":3,"2589":3,"2590":7,"2591":3,"2592":1,"2593":3,"2594":1,"2595":4,"2596":6,"2597":7,"2598":3,"2599":5,"2600":4,"2601":8,"2602":1,"2603":2,"2604":3,"2605":2,"2606":6,"2607":2,"2609":2,"2610":2,"2611":2,"2612":3,"2613":3,"2614":2,"2615":2,"2617":1,"2618":2,"2619":5,"2620":8,"2621":7,"2622":5,"2623":2,"2624":2,"2625":1,"2626":4,"2627":6,"2628":1,"2630":2,"2631":1,"2633":1,"2634":1,"2637":1,"2638":2,"2639":1,"2640":6,"2641":3,"2642":3,"2644":3,"2645":6,"2646":5,"2647":3,"2648":5,"2649":3,"2650":2,"2651":4,"2652":6,"2653":6,"2654":2,"2655":7,"2656":4,"2657":6,"2658":6,"2659":3,"2660":3,"2661":4,"2662":4,"2663":1,"2664":5,"2665":7,"2666":5,"2667":8,"2668":7,"2669":8,"2670":3,"2671":7,"2672":9,"2673":10,"2674":7,"2675":5,"2676":2,"2677":4,"2678":5,"2679":8,"2680":4,"2681":7,"2682":6,"2683":4,"2684":3,"2685":3,"2686":3,"2687":1,"2689":4,"2690":3,"2692":1,"2693":1,"2694":2,"2695":2,"2696":4,"2697":1,"2698":1,"2699":4,"2700":1,"2702":4,"2703":2,"2704":1,"2705":1,"2706":2,"2707":2,"2708":2,"2709":1,"2710":1,"2711":2,"2712":2,"2713":2,"2714":6,"2715":4,"2716":4,"2717":4,"2718":5,"2719":3,"2720":4,"2722":4,"2723":3,"2724":1,"2725":5,"2726":8,"2727":5,"2728":8,"2729":9,"2730":5,"2731":3,"2732":2,"2733":5,"2734":2,"2735":2,"2736":2,"2737":5,"2738":4,"2739":6,"2740":5,"2741":8,"2743":3,"2745":2,"2746":4,"2747":2,"2748":1,"2749":7,"2750":3,"2751":3,"2752":9,"2753":7,"2754":4,"2755":4,"2756":9,"2757":11,"2758":9,"2759":1,"2760":6,"2761":2,"2762":5,"2763":5,"2764":3,"2765":3,"2766":10,"2767":12,"2768":11,"2769":5,"2770":3,"2771":5,"2772":2,"2773":1,"2774":1,"2775":6,"2776":4,"2777":3,"2778":5,"2779":4,"2780":3,"2781":3,"2782":8,"2783":4,"2784":6,"2785":6,"2786":5,"2787":2,"2788":2,"2789":3,"2790":1,"2791":6,"2792":2,"2793":5,"2794":7,"2795":6,"2796":6,"2797":4,"2798":6,"2799":5,"2800":6,"2801":4,"2802":2,"2804":2,"2805":3,"2807":1,"2808":6,"2809":4,"2810":6,"2811":5,"2812":2,"2813":1,"2814":2,"2815":1,"2816":1,"2817":2,"2818":7,"2819":2,"2820":5,"2821":1,"2822":3,"2823":1,"2824":4,"2825":3,"2826":5,"2827":5,"2828":7,"2829":3,"2830":5,"2831":4,"2832":1,"2833":4,"2834":2,"2835":1,"2836":6,"2837":6,"2838":7,"2839":14,"2840":8,"2841":7,"2842":4,"2843":5,"2844":4,"2845":1,"2846":4,"2848":7,"2849":2,"2850":6,"2851":6,"2852":7,"2853":5,"2854":4,"2855":3,"2856":5,"2857":8,"2858":1,"2859":5,"2860":5,"2861":7,"2862":9,"2863":11,"2864":5,"2865":3,"2866":2,"2867":6,"2868":3,"2869":3,"2871":2,"2872":7,"2873":4,"2874":7,"2875":4,"2876":4,"2877":9,"2878":12,"2879":24,"2880":7,"2881":7,"2882":4,"2883":3,"2884":3,"2885":2,"2886":3,"2887":2,"2888":3,"2889":3,"2890":6,"2891":8,"2892":9,"2893":8,"2894":3,"2895":5,"2896":2,"2897":5,"2898":2,"2899":5,"2900":4,"2901":2,"2902":6,"2903":3,"2904":7,"2905":7,"2906":6,"2907":2,"2908":5,"2909":3,"2910":4,"2911":1,"2912":2,"2913":3,"2914":3,"2915":7,"2916":3,"2917":6,"2918":6,"2919":4,"2920":2,"2921":4,"2922":3,"2923":1,"2924":5,"2925":6,"2926":5,"2927":8,"2928":5,"2929":7,"2930":10,"2931":4,"2932":6,"2933":4,"2934":6,"2935":3,"2936":3,"2937":6,"2938":4,"2939":5,"2940":4,"2941":5,"2942":1,"2943":2,"2944":4,"2945":5,"2946":7,"2947":5,"2948":6,"2949":4,"2950":8,"2951":10,"2952":7,"2953":4,"2954":4,"2955":6,"2956":1,"2957":8,"2958":5,"2959":1,"2960":2,"2961":3,"2962":3,"2963":5,"2964":3,"2965":7,"2966":6,"2967":7,"2968":2,"2969":9,"2970":5,"2971":2,"2972":2,"2973":4,"2974":4,"2975":3,"2976":3,"2977":2,"2978":4,"2979":7,"2981":2,"2982":2,"2983":1,"2984":1,"2985":4,"2986":3,"2987":3,"2988":5,"2989":3,"2990":4,"2991":1,"2992":5,"2993":2,"2994":4,"2995":3,"2996":5,"2997":2,"2998":3,"2999":5,"3000":4,"3001":2,"3002":6,"3003":5,"3004":4,"3005":5,"3006":4,"3007":3,"3008":4,"3009":9,"3010":5,"3011":9,"3012":16,"3013":8,"3014":14,"3015":12,"3016":10,"3017":12,"3018":13,"3019":11,"3020":5,"3021":6,"3022":7,"3023":8,"3024":11,"3025":10,"3026":7,"3027":11,"3028":18,"3029":15,"3030":10,"3031":12,"3032":6,"3033":5,"3034":2,"3035":7,"3036":11,"3037":14,"3038":9,"3039":10,"3040":16,"3041":16,"3042":17,"3043":14,"3044":8,"3045":8,"3046":7,"3047":6,"3048":2,"3049":5,"3050":3,"3051":5,"3052":2,"3053":3,"3054":2,"3055":1,"3056":5,"3057":1,"3059":2,"3060":2,"3061":3,"3062":7,"3063":6,"3064":3,"3065":6,"3066":1,"3067":4,"3068":3,"3069":2,"3070":2,"3071":4,"3072":1,"3073":3,"3074":5,"3075":7,"3076":2,"3077":4,"3078":1,"3079":3,"3080":2,"3081":2,"3082":3,"3083":5,"3084":1,"3085":5,"3086":4,"3087":6,"3088":7,"3089":3,"3090":4,"3091":5,"3092":5,"3093":7,"3094":4,"3095":2,"3096":6,"3097":2,"3098":3,"3099":1,"3100":5,"3101":7,"3102":5,"3103":2,"3104":2,"3105":3,"3106":1,"3108":1,"3109":4,"3110":3,"3111":3,"3112":2,"3113":3,"3114":4,"3115":4,"3116":3,"3117":1,"3118":2,"3119":2,"3120":2,"3121":1,"3122":2,"3123":8,"3124":4,"3125":2,"3126":3,"3127":5,"3128":7,"3129":2,"3130":3,"3131":6,"3132":2,"3133":3,"3134":1,"3135":3,"3136":4,"3137":4,"3138":3,"3139":2,"3140":3,"3141":5,"3142":5,"3143":2,"3144":6,"3145":1,"3146":8,"3147":5,"3148":1,"3149":6,"3150":8,"3151":2,"3152":3,"3153":4,"3154":3,"3155":2,"3156":4,"3157":3,"3158":3,"3159":3,"3160":10,"3161":4,"3162":3,"3163":1,"3164":2,"3165":4,"3166":1,"3168":2,"3169":6,"3170":2,"3171":4,"3172":2,"3173":4,"3176":2,"3177":8,"3178":10,"3179":4,"3180":7,"3181":8,"3182":8,"3183":8,"3184":4,"3185":3,"3186":4,"3187":1,"3188":2,"3189":3,"3191":3,"3194":1,"3196":2,"3197":2,"3198":3,"3199":2,"3200":2,"3201":1,"3202":2,"3203":3,"3204":1,"3205":4,"3206":1,"3207":2,"3208":1,"3209":2,"3211":2,"3212":3,"3213":2,"3214":3,"3215":4,"3216":2,"3217":1,"3218":1,"3219":3,"3220":1,"3222":3,"3223":1,"3224":1,"3225":1,"3226":1,"3227":4,"3229":5,"3230":3,"3231":4,"3232":2,"3233":3,"3234":4,"3235":2,"3236":2,"3237":3,"3238":2,"3239":2,"3240":3,"3241":6,"3242":4,"3243":2,"3245":9,"3246":4,"3247":5,"3248":4,"3249":4,"3250":5,"3251":2,"3252":1,"3253":2,"3254":3,"3255":2,"3257":3,"3258":4,"3259":2,"3260":7,"3261":1,"3262":2,"3263":2,"3264":3,"3265":4,"3266":3,"3268":1,"3269":3,"3270":2,"3271":4,"3272":1,"3273":3,"3274":2,"3275":3,"3276":3,"3277":1,"3278":3,"3279":2,"3280":5,"3281":2,"3282":2,"3283":2,"3284":1,"3285":3,"3286":8,"3287":3,"3288":2,"3289":2,"3290":2,"3291":3,"3292":3,"3293":2,"3294":1,"3295":7,"3296":1,"3297":2,"3298":2,"3301":4,"3302":4,"3303":4,"3304":2,"3305":3,"3306":2,"3307":2,"3308":4,"3309":2,"3311":5,"3312":5,"3313":3,"3314":2,"3316":6,"3317":3,"3318":6,"3319":7,"3320":10,"3321":8,"3322":6,"3323":2,"3324":4,"3325":5,"3326":2,"3328":1,"3329":2,"3330":2,"3331":2,"3332":2,"3333":3,"3336":2,"3337":1,"3338":1,"3339":5,"3340":1,"3341":4,"3342":2,"3343":7,"3344":1,"3345":2,"3346":4,"3347":1,"3348":2,"3349":3,"3350":1,"3351":3,"3352":2,"3353":2,"3354":3,"3355":2,"3356":5,"3357":4,"3358":1,"3359":1,"3360":3,"3361":2,"3362":3,"3363":1,"3364":1,"3365":2,"3367":1,"3369":4,"3370":2,"3371":3,"3372":2,"3373":3,"3375":2,"3377":3,"3378":3,"3379":4,"3380":2,"3381":5,"3382":6,"3383":2,"3385":2,"3386":4,"3387":4,"3388":2,"3389":2,"3390":1,"3391":2,"3392":3,"3393":3,"3395":2,"3396":2,"3397":2,"3398":5,"3399":2,"3400":4,"3401":1,"3402":4,"3403":1,"3404":9,"3405":4,"3406":6,"3407":1,"3408":5,"3409":1,"3410":3,"3412":4,"3413":1,"3414":1,"3415":1,"3416":1,"3417":2,"3418":2,"3419":2,"3420":5,"3421":5,"3422":2,"3423":4,"3424":3,"3425":1,"3426":2,"3427":2,"3428":4,"3429":5,"3431":4,"3432":2,"3433":3,"3434":3,"3435":2,"3436":3,"3437":3,"3438":2,"3439":1,"3440":2,"3441":1,"3443":3,"3444":3,"3445":1,"3446":3,"3447":2,"3448":1,"3449":5,"3450":5,"3452":3,"3454":4,"3455":1,"3458":2,"3459":2,"3460":4,"3461":4,"3462":8,"3463":1,"3464":3,"3465":1,"3466":1,"3467":2,"3468":4,"3469":2,"3470":2,"3471":1,"3472":2,"3473":1,"3474":4,"3475":2,"3476":3,"3477":2,"3478":3,"3479":1,"3480":1,"3481":2,"3482":1,"3483":2,"3484":4,"3485":5,"3486":6,"3487":2,"3488":3,"3489":3,"3490":1,"3491":2,"3492":6,"3493":5,"3494":8,"3495":1,"3496":4,"3497":2,"3498":2,"3499":1,"3500":3,"3501":4,"3502":1,"3503":1,"3504":2,"3505":3,"3507":3,"3508":2,"3509":3,"3510":6,"3511":6,"3512":4,"3513":5,"3514":3,"3515":2,"3516":2,"3518":2,"3519":4,"3520":4,"3521":9,"3522":2,"3523":4,"3524":6,"3525":1,"3526":2,"3527":2,"3528":4,"3529":4,"3530":5,"3531":6,"3532":5,"3533":2,"3534":2,"3535":1,"3536":3,"3537":1,"3538":1,"3539":2,"3540":4,"3542":2,"3543":2,"3544":4,"3545":1,"3546":1,"3547":2,"3548":7,"3549":1,"3550":3,"3551":3,"3552":3,"3553":3,"3554":5,"3555":1,"3557":3,"3559":2,"3560":3,"3561":3,"3564":1,"3565":1,"3567":3,"3569":2,"3570":4,"3571":3,"3572":4,"3573":1,"3574":2,"3575":2,"3576":1,"3577":1,"3579":2,"3584":1,"3585":1,"3587":1,"3588":1,"3591":1,"3592":1,"3594":1,"3595":1,"3597":1,"3598":1,"3599":1,"3602":2,"3603":2,"3605":1,"3607":2,"3608":4,"3609":2,"3611":1,"3612":1,"3613":2,"3616":2,"3618":1,"3620":2,"3621":3,"3622":1,"3623":3,"3624":2,"3625":3,"3626":3,"3627":2,"3632":1,"3637":1,"3638":1,"3642":1,"3643":2,"3646":1,"3648":2,"3650":1,"3652":5,"3655":2,"3658":1,"3660":3,"3661":5,"3662":2,"3663":2,"3664":2,"3665":2,"3668":2,"3669":1,"3670":1,"3671":1,"3674":1,"3677":2,"3678":2,"3679":2,"3680":2,"3681":1,"3684":1,"3685":2,"3687":1,"3689":1,"3692":1,"3693":1,"3696":1,"3698":1,"3701":2,"3702":1,"3719":2,"3721":2,"3722":1,"3723":3,"3724":1,"3730":1,"3731":3,"3742":1,"3743":1,"3748":1,"3749":1,"3750":1,"3751":1,"3759":1,"3762":1,"3772":3,"3773":1,"3774":2,"3775":4,"3776":4,"3777":1,"3778":1,"3790":1,"3791":1,"3792":3,"3795":2,"3796":1,"3797":1,"3802":2,"3804":3,"3805":4,"3806":2,"3812":1,"3814":2,"3816":3,"3817":4,"3818":2,"3821":1,"3825":1,"3826":1,"3834":1,"3835":1,"3836":1,"3838":1,"3842":1,"3844":1,"3849":1,"3850":1,"3851":1,"3852":2,"3855":2,"3856":3,"3861":2,"3862":1,"3866":3,"3867":2,"3868":1,"3870":2,"3871":1,"3886":1,"3922":1,"3950":1,"4028":1,"4046":7,"4047":5,"4048":2,"4267":2,"4268":1,"4406":2,"4407":4,"4813":1,"5497":1,"5830":1,"5937":1,"6239":1,"6358":1,"6792":4,"6793":3,"6794":1,"6808":1,"6894":1,"6895":2,"6971":1,"7087":1,"7096":1,"7183":1,"7296":1,"7350":1,"7612":1,"7636":1,"7727":1,"7755":1,"7825":1,"8188":1,"8329":1,"8376":1,"8780":1,"8995":1,"9342":1,"9630":1,"10224":1,"10271":1,"10375":1,"10850":1,"11149":1,"11546":1,"12069":1,"12226":1,"12584":1,"12873":1,"12967":1,"13025":1,"13245":1,"13429":1,"13450":1,"14005":1,"15533":1,"17020":1,"17407":1,"18767":1,"19263":1,"19300":1,"21149":1,"22627":1,"22641":1,"22646":1,"22647":1,"22666":1,"22679":1,"22701":1,"22708":1,"22725":1,"22732":1,"22750":1,"22759":1,"22764":1,"22775":1,"22781":1,"22784":1,"22785":1,"22796":1,"22813":1,"22814":1,"22823":1,"22824":2,"22825":1,"22837":1,"22839":1,"22842":1,"22844":1,"22846":1,"22847":1,"22856":1,"22857":1,"22860":1,"22865":1,"22875":1,"22881":1,"22895":1,"22899":1,"22900":1,"22913":1,"22917":1,"22924":1,"22930":1,"22941":1,"22950":1,"22956":1,"22966":1,"22972":1,"22985":1,"22987":1,"23006":1,"23011":1,"23023":1,"23032":2,"23036":1,"23050":1,"23065":1,"23083":1,"23084":1,"23087":1,"23092":1,"23095":2,"23100":1,"23105":1,"23115":1,"23116":1,"23117":1,"23119":2,"23123":1,"23140":1,"23143":1,"23144":1,"23158":1,"23161":1,"23166":1,"23168":1,"23180":1,"23195":1,"23201":1,"23211":1,"23225":1,"23242":1,"23246":1,"23247":2,"23251":1,"23261":1,"23263":3,"23265":1,"23275":1,"23278":1,"23279":1,"23281":1,"23282":1,"23291":1,"23293":1,"23298":1,"23307":1,"23334":1,"23353":1,"23356":1,"23359":1,"23365":1,"23369":1,"23371":1,"23379":1,"23380":1,"23388":1,"23391":1,"23400":1,"23416":1,"23417":1,"23418":1,"23420":1,"23436":1,"23447":1,"23451":1,"23453":1,"23458":1,"23472":1,"23475":2,"23477":2,"23482":1,"23484":1,"23489":1,"23497":1,"23500":1,"23501":1,"23507":1,"23518":1,"23546":1,"23551":1,"23554":1,"23558":1,"23571":2,"23582":1,"23601":1,"23608":1,"23613":1,"23625":2,"23626":1,"23632":1,"23638":1,"23640":1,"23658":1,"23661":1,"23666":1,"23699":1,"23702":1,"23713":1,"23716":1,"23719":2,"23725":1,"23732":1,"23737":1,"23751":1,"23771":1,"23774":1,"23780":1,"23782":1,"23789":1,"23794":1,"23807":1,"23810":1,"23811":1,"23822":1,"23833":1,"23841":1,"23842":2,"23844":1,"23847":1,"23849":1,"23857":1,"23870":1,"23885":1,"23886":3,"23927":1,"23928":2,"23929":1,"23943":1,"23947":1,"23950":1,"23951":1,"23974":1,"23980":1,"23985":1,"23989":1,"23993":1,"23999":1,"24005":1,"24007":1,"24013":1,"24015":1,"24023":1,"24026":1,"24036":1,"24038":2,"24041":1,"24046":1,"24069":1,"24072":1,"24080":1,"24091":1,"24097":2,"24103":1,"24110":2,"24120":1,"24126":1,"24135":2,"24136":1,"24142":1,"24146":1,"24156":1,"24158":1,"24169":1,"24183":1,"24184":1,"24185":1,"24204":1,"24205":1,"24206":1,"24207":2,"24221":1,"24225":1,"24230":2,"24239":1,"24240":1,"24241":1,"24250":1,"24252":1,"24263":1,"24265":2,"24290":1,"24317":1,"24319":1,"24320":1,"24321":1,"24322":1,"24323":1,"24324":1,"24325":1,"24330":1,"24335":1,"24345":1,"24354":2,"24358":1,"24361":2,"24367":1,"24368":1,"24369":1,"24385":1,"24388":1,"24416":1,"24430":1,"24446":1,"24448":1,"24457":1,"24469":1,"24474":1,"24480":1,"24491":1,"24494":1,"24495":1,"24496":1,"24498":1,"24500":1,"24504":1,"24505":1,"24507":1,"24510":1,"24511":1,"24517":1,"24523":1,"24532":1,"24535":1,"24547":1,"24551":1,"24553":1,"24557":1,"24567":1,"24577":1,"24583":1,"24584":1,"24590":1,"24607":1,"24610":1,"24611":1,"24619":1,"24622":1,"24625":1,"24628":1,"24642":1,"24647":1,"24654":1,"24655":1,"24658":1,"24664":1,"24672":1,"24677":1,"24679":1,"24689":1,"24690":1,"24692":1,"24726":1,"24741":1,"24746":1,"24749":1,"24752":1,"24761":1,"24770":1,"24783":1,"24792":1,"24793":1,"24806":1,"24819":2,"24821":1,"24829":1,"24830":1,"24831":2,"24842":2,"24853":1,"24858":1,"24874":1,"24896":1,"24904":1,"24918":1,"24920":1,"24925":1,"24927":2,"24934":1,"24937":1,"24939":1,"24963":1,"24968":1,"24971":2,"24972":1,"24974":1,"24989":1,"24992":1,"24994":1,"24996":1,"24997":1,"25006":2,"25009":2,"25011":1,"25013":1,"25034":1,"25035":1,"25046":1,"25051":1,"25059":1,"25062":1,"25068":1,"25071":1,"25080":1,"25090":1,"25097":1,"25100":1,"25111":1,"25115":1,"25125":1,"25127":1,"25133":2,"25136":1,"25146":2,"25152":1,"25153":1,"25156":1,"25157":1,"25158":1,"25163":1,"25165":1,"25166":1,"25168":1,"25171":1,"25202":1,"25228":1,"25230":1,"25235":1,"25242":1,"25244":1,"25251":1,"25253":1,"25267":2,"25273":1,"25280":1,"25296":1,"25307":1,"25312":1,"25316":1,"25318":1,"25320":1,"25326":1,"25345":1,"25362":1,"25365":1,"25370":1,"25376":1,"25384":1,"25386":1,"25391":2,"25400":1,"25421":2,"25434":1,"25437":1,"25443":1,"25457":1,"25459":1,"25460":1,"25464":1,"25470":1,"25473":1,"25477":1,"25518":1,"25522":1,"25529":1,"25546":1,"25548":1,"25552":1,"25558":1,"25565":1,"25567":1,"25577":1,"25582":1,"25586":1,"25588":1,"25593":1,"25594":1,"25620":1,"25633":1,"25644":1,"25648":1,"25653":1,"25662":1,"25668":1,"25675":1,"25679":1,"25682":1,"25686":1,"25690":1,"25691":3,"25694":1,"25697":1,"25707":1,"25723":1,"25724":1,"25734":1,"25739":1,"25740":1,"25751":1,"25752":1,"25760":1,"25762":1,"25775":2,"25777":1,"25784":1,"25818":1,"25819":1,"25822":1,"25825":1,"25835":1,"25838":1,"25882":1,"25886":1,"25887":1,"25891":1,"25899":2,"25906":1,"25909":1,"25914":1,"25917":1,"25924":1,"25925":1,"25931":1,"25932":1,"25953":1,"25957":1,"25962":1,"25974":1,"25978":1,"25985":1,"25992":1,"26015":1,"26016":1,"26017":1,"26023":1,"26039":1,"26042":1,"26049":1,"26062":1,"26068":1,"26071":1,"26072":1,"26100":1,"26104":1,"26105":1,"26107":1,"26114":1,"26117":2,"26141":1,"26156":1,"26162":1,"26164":2,"26168":1,"26178":1,"26181":1,"26182":1,"26185":1,"26193":2,"26213":1,"26218":1,"26223":1,"26228":1,"26232":1,"26235":1,"26247":1,"26248":1,"26257":1,"26269":1,"26273":1,"26284":1,"26289":2,"26298":1,"26300":1,"26309":1,"26312":1,"26331":2,"26335":1,"26336":2,"26338":1,"26353":1,"26358":1,"26359":1,"26374":1,"26389":1,"26410":1,"26411":1,"26413":1,"26416":1,"26424":1,"26429":1,"26435":1,"26436":1,"26439":1,"26448":1,"26455":1,"26456":1,"26460":1,"26472":2,"26473":1,"26474":1,"26475":1,"26477":1,"26480":1,"26481":1,"26482":2,"26499":1,"26504":1,"26511":1,"26518":1,"26520":1,"26525":1,"26536":1,"26545":1,"26549":1,"26561":1,"26569":2,"26571":1,"26575":1,"26595":1,"26598":1,"26600":1,"26610":1,"26614":1,"26633":1,"26636":1,"26638":1,"26646":1,"26651":1,"26652":1,"26655":1,"26659":1,"26668":1,"26676":1,"26679":1,"26686":1,"26697":1,"26715":1,"26718":1,"26724":1,"26730":1,"26732":1,"26742":1,"26743":1,"26750":1,"26753":1,"26755":1,"26757":1,"26759":1,"26776":1,"26785":1,"26793":1,"26827":1,"26831":1,"26838":1,"26847":1,"26854":1,"26867":1,"26869":1,"26874":1,"26878":1,"26885":2,"26914":1,"26920":2,"26921":1,"26925":1,"26931":1,"26937":1,"26946":1,"26955":1,"26962":1,"26971":1,"26982":1,"26983":1,"26995":1,"27021":1,"27024":1,"27029":1,"27033":1,"27038":1,"27046":1,"27047":1,"27049":1,"27059":1,"27061":1,"27077":1,"27091":1,"27103":1,"27111":1,"27114":1,"27137":2,"27146":2,"27152":1,"27153":1,"27160":1,"27168":1,"27169":2,"27172":1,"27189":1,"27194":1,"27203":1,"27207":1,"27233":1,"27237":2,"27241":1,"27248":1,"27253":1,"27266":1,"27290":1,"27294":1,"27299":1,"27302":1,"27305":1,"27312":1,"27317":1,"27321":1,"27326":1,"27328":1,"27332":1,"27372":1,"27376":1,"27377":1,"27391":1,"27398":1,"27400":1,"27414":1,"27419":2,"27420":1,"27421":1,"27438":1,"27441":1,"27443":1,"27445":1,"27446":1,"27469":1,"27471":1,"27476":2,"27489":1,"27499":1,"27500":1,"27505":1,"27509":1,"27516":1,"27518":1,"27526":1,"27540":1,"27546":1,"27548":1,"27552":2,"27553":1,"27554":1,"27563":1,"27564":1,"27570":1,"27575":1,"27587":1,"27594":1,"27597":1,"27601":1,"27604":1,"27607":1,"27629":1,"27630":1,"27642":1,"27651":1,"27657":1,"27671":1,"27673":1,"27680":1,"27686":1,"27689":1,"27692":1,"27699":1,"27704":1,"27711":2,"27717":1,"27718":1,"27721":1,"27731":1,"27756":1,"27761":1,"27762":1,"27763":2,"27772":1,"27773":2,"27775":1,"27812":1,"27813":1,"27815":2,"27823":1,"27844":1,"27846":1,"27849":1,"27873":1,"27874":1,"27888":1,"27889":1,"27892":1,"27899":1,"27917":1,"27921":1,"27926":1,"27929":1,"27932":1,"27937":1,"27941":1,"27958":1,"27961":2,"27965":1,"27967":1,"27976":1,"27977":1,"27986":1,"27991":1,"27992":1,"28002":1,"28030":1,"28034":1,"28044":1,"28046":1,"28056":1,"28058":1,"28060":1,"28066":1,"28075":1,"28087":1,"28091":2,"28111":1,"28114":1,"28116":1,"28123":1,"28154":1,"28165":1,"28175":1,"28189":1,"28191":1,"28196":1,"28197":1,"28205":1,"28215":1,"28216":1,"28241":1,"28261":1,"28267":1,"28268":1,"28276":1,"28281":1,"28286":1,"28303":1,"28304":1,"28308":1,"28315":1,"28320":1,"28324":1,"28328":1,"28330":1,"28344":1,"28346":2,"28352":1,"28372":1,"28373":2,"28375":1,"28377":1,"28388":1,"28393":1,"28398":1,"28416":1,"28426":2,"28428":1,"28430":1,"28447":2,"28453":1,"28455":1,"28465":1,"28470":1,"28473":1,"28474":1,"28476":1,"28477":1,"28481":1,"28489":1,"28494":1,"28496":1,"28499":1,"28501":1,"28505":1,"28509":1,"28511":1,"28512":1,"28514":1,"28517":1,"28518":1,"28519":2,"28520":1,"28536":1,"28541":1,"28543":1,"28545":1,"28548":1,"28556":1,"28558":1,"28559":1,"28564":1,"28568":1,"28570":1,"28576":1,"28588":1,"28589":1,"28590":1,"28592":1,"28594":3,"28595":1,"28598":4,"28599":2,"28600":1,"28601":1,"28603":1,"28604":1,"28607":2,"28611":2,"28614":1,"28615":2,"28617":1,"28620":1,"28622":1,"28623":1,"28628":1,"28638":1,"28640":2,"28649":4,"28651":1,"28654":1,"28655":1,"28656":1,"28668":1,"28686":1,"28689":1,"28692":1,"28693":1,"28695":2,"28696":1,"28699":1,"28701":2,"28703":1,"28705":1,"28706":1,"28708":2,"28709":1,"28710":1,"28711":1,"28712":1,"28713":2,"28719":1,"28720":1,"28723":2,"28725":2,"28726":2,"28728":1,"28730":3,"28731":2,"28732":3,"28736":1,"28738":2,"28739":1,"28785":1,"28787":1,"28789":1,"28805":1,"28806":1,"28807":1,"28817":1,"28818":1,"28823":1,"28824":2,"28825":1,"28826":3,"28827":2,"28829":2,"28830":1,"28834":1,"28837":1,"28841":1,"28842":2,"28845":1,"28847":1,"28850":2,"28852":1,"28853":1,"28873":1,"28878":1,"28901":1,"28905":1,"28918":1,"28923":1,"28927":1,"28930":1,"28937":1,"28939":1,"28941":1,"28942":1,"28944":2,"28953":2,"28970":1,"28977":1,"28985":1,"29001":1,"29008":1,"29009":1,"29012":1,"29015":1,"29016":1,"29018":1,"29020":1,"29021":1,"29022":3,"29023":1,"29024":1,"29026":3,"29030":1,"29031":1,"29033":2,"29035":2,"29036":2,"29038":2,"29039":2,"29040":1,"29041":1,"29046":1,"29051":1,"29053":1,"29055":1,"29057":1,"29061":1,"29063":1,"29064":1,"29066":1,"29070":1,"29072":1,"29074":1,"29080":2,"29087":2,"29088":1,"29090":1,"29093":1,"29099":1,"29100":1,"29108":1,"29110":1,"29117":1,"29118":1,"29119":1,"29121":1,"29122":2,"29123":1,"29125":1,"29127":1,"29128":1,"29130":1,"29132":1,"29133":1,"29134":1,"29135":1,"29138":2,"29139":2,"29143":2,"29144":1,"29145":1,"29151":1,"29153":1,"29156":1,"29159":1,"29160":1,"29164":2,"29166":1,"29167":1,"29168":1,"29171":1,"29176":1,"29177":1,"29183":1,"29186":1,"29190":2,"29191":1,"29198":2,"29200":3,"29203":1,"29206":1,"29207":1,"29216":1,"29222":2,"29227":1,"29238":1,"29240":1,"29241":1,"29244":1,"29261":1,"29263":1,"29266":1,"29268":1,"29269":1,"29270":1,"29272":1,"29273":2,"29280":1,"29288":1,"29289":1,"29294":1,"29295":1,"29302":1,"29307":1,"29309":1,"29311":1,"29312":2,"29316":1,"29317":2,"29318":1,"29321":2,"29322":1,"29323":1,"29326":1,"29327":1,"29329":1,"29336":1,"29337":1,"29341":2,"29344":2,"29348":1,"29349":1,"29353":1,"29355":2,"29357":1,"29366":1,"29371":1,"29375":1,"29381":1,"29389":1,"29402":1,"29403":1,"29422":2,"29429":1,"29431":1,"29432":1,"29434":3,"29435":1,"29438":1,"29451":3,"29459":1,"29462":2,"29465":2,"29466":1,"29467":1,"29468":1,"29473":1,"29478":1,"29481":1,"29484":1,"29541":1,"29547":1,"29553":1,"29554":1,"29561":1,"29563":1,"29564":1,"29565":1,"29567":1,"29568":1,"29570":1,"29573":1,"29574":1,"29575":1,"29576":2,"29577":1,"29578":1,"29589":1,"29590":1,"29594":1,"29669":1,"29670":1,"29683":2,"29684":1,"29686":1,"29688":1,"29689":1,"29690":1,"29694":1,"29695":1,"29704":1,"29768":1,"29775":1,"29780":1,"29781":1,"29789":1,"29790":1,"29792":1,"29795":1,"29796":1,"29798":1,"29800":2,"29888":1,"29897":1,"29898":2,"29901":2,"29911":1,"29915":1,"29917":1,"29994":1,"29998":1,"30004":1,"30116":1,"30117":2,"30125":1,"30326":1,"30435":1,"30533":1},"nonfork_created":40517,"nonfork_confirmed":40517,"nonfork_histogram_ms":{"37":2,"39":1,"40":4,"42":1,"43":4,"44":7,"45":7,"46":11,"47":7,"48":8,"49":7,"50":14,"51":12,"52":13,"53":16,"54":23,"55":22,"56":27,"57":31,"58":33,"59":32,"60":44,"61":57,"62":51,"63":60,"64":70,"65":69,"66":73,"67":75,"68":77,"69":81,"70":89,"71":77,"72":73,"73":78,"74":93,"75":96,"76":105,"77":110,"78":99,"79":91,"80":107,"81":108,"82":111,"83":109,"84":114,"85":116,"86":125,"87":134,"88":128,"89":120,"90":133,"91":118,"92":138,"93":144,"94":156,"95":161,"96":165,"97":177,"98":196,"99":159,"100":142,"101":159,"102":180,"103":168,"104":157,"105":159,"106":181,"107":172,"108":162,"109":156,"110":190,"111":161,"112":152,"113":186,"114":179,"115":168,"116":185,"117":175,"118":187,"119":203,"120":197,"121":206,"122":215,"123":237,"124":205,"125":202,"126":167,"127":157,"128":158,"129":153,"130":176,"131":137,"132":115,"133":144,"134":123,"135":140,"136":106,"137":84,"138":89,"139":77,"140":70,"141":81,"142":72,"143":81,"144":70,"145":41,"146":59,"147":78,"148":64,"149":69,"150":51,"151":66,"152":83,"153":91,"154":64,"155":72,"156":72,"157":59,"158":102,"159":83,"160":100,"161":99,"162":46,"163":24,"164":49,"165":46,"166":17,"167":21,"168":23,"169":34,"170":30,"171":20,"172":15,"173":11,"174":12,"175":11,"176":10,"177":24,"178":29,"179":30,"180":53,"181":28,"182":28,"183":31,"184":13,"185":19,"186":35,"187":18,"188":17,"189":11,"190":6,"191":6,"192":8,"193":14,"194":13,"195":2,"198":2,"201":1,"203":3,"204":20,"205":9,"206":11,"207":9,"208":4,"209":10,"210":9,"211":9,"212":8,"213":15,"214":7,"215":5,"216":8,"217":13,"218":7,"219":3,"220":4,"221":9,"222":5,"223":3,"224":3,"226":3,"227":14,"228":12,"229":10,"230":10,"231":3,"232":5,"233":1,"234":2,"235":3,"237":5,"238":11,"239":13,"240":7,"241":7,"242":6,"243":3,"244":1,"245":2,"246":2,"247":3,"248":8,"249":2,"250":1,"251":2,"252":3,"253":4,"255":3,"256":9,"257":18,"258":5,"259":10,"260":4,"261":1,"265":1,"267":1,"283":1,"284":1,"285":1,"286":1,"287":2,"289":2,"290":1,"291":1,"292":1,"293":1,"294":1,"295":1,"297":1,"301":1,"302":1,"303":1,"304":1,"305":2,"307":2,"308":1,"309":2,"310":2,"311":3,"312":1,"314":5,"315":1,"316":2,"317":2,"318":1,"319":6,"320":6,"322":2,"323":4,"324":1,"326":1,"327":2,"328":3,"329":1,"330":2,"331":3,"332":1,"333":1,"334":4,"335":3,"336":5,"337":5,"338":3,"339":1,"340":1,"341":3,"342":1,"344":2,"345":11,"346":8,"347":6,"348":5,"349":10,"350":5,"351":2,"352":3,"353":1,"355":1,"356":3,"357":4,"358":8,"359":14,"360":12,"361":8,"362":3,"363":12,"364":7,"365":7,"366":6,"367":17,"368":13,"369":13,"370":13,"371":16,"372":13,"373":19,"374":12,"375":12,"376":13,"377":16,"378":16,"379":16,"380":13,"381":12,"382":12,"383":10,"384":5,"385":15,"386":6,"387":12,"388":4,"389":11,"390":6,"391":25,"392":20,"393":14,"394":11,"395":12,"396":9,"397":15,"398":16,"399":12,"400":13,"401":15,"402":9,"403":12,"404":17,"405":21,"406":24,"407":18,"408":18,"409":12,"410":20,"411":20,"412":24,"413":18,"414":27,"415":28,"416":25,"417":34,"418":25,"419":27,"420":18,"421":8,"422":15,"423":26,"424":18,"425":11,"426":17,"427":17,"428":17,"429":23,"430":29,"431":19,"432":20,"433":19,"434":26,"435":16,"436":24,"437":21,"438":20,"439":16,"440":14,"441":15,"442":21,"443":22,"444":28,"445":14,"446":12,"447":22,"448":12,"449":20,"450":25,"451":25,"452":22,"453":20,"454":16,"455":10,"456":21,"457":4,"458":15,"459":21,"460":33,"461":42,"462":25,"463":26,"464":21,"465":15,"466":9,"467":16,"468":14,"469":19,"470":15,"471":12,"472":31,"473":18,"474":18,"475":21,"476":31,"477":20,"478":16,"479":30,"480":18,"481":27,"482":29,"483":29,"484":21,"485":11,"486":10,"487":13,"488":18,"489":9,"490":17,"491":10,"492":14,"493":16,"494":16,"495":32,"496":32,"497":26,"498":27,"499":14,"500":24,"501":23,"502":29,"503":21,"504":24,"505":20,"506":19,"507":19,"508":17,"509":20,"510":21,"511":33,"512":42,"513":41,"514":44,"515":46,"516":69,"517":56,"518":59,"519":37,"520":22,"521":27,"522":27,"523":27,"524":42,"525":37,"526":16,"527":13,"528":5,"529":14,"530":19,"531":20,"532":18,"533":20,"534":13,"535":31,"536":18,"537":11,"538":12,"539":16,"540":22,"541":12,"542":16,"543":38,"544":38,"545":39,"546":15,"547":18,"548":19,"549":18,"550":24,"551":32,"552":31,"553":24,"554":18,"555":29,"556":33,"557":22,"558":35,"559":34,"560":30,"561":21,"562":15,"563":14,"564":20,"565":23,"566":27,"567":32,"568":24,"569":25,"570":22,"571":18,"572":16,"573":17,"574":15,"575":10,"576":20,"577":16,"578":19,"579":25,"580":16,"581":14,"582":13,"583":12,"584":9,"585":11,"586":34,"587":30,"588":45,"589":40,"590":40,"591":33,"592":37,"593":33,"594":27,"595":38,"596":25,"597":19,"598":12,"599":8,"600":16,"601":17,"602":10,"603":28,"604":26,"605":28,"606":29,"607":23,"608":13,"609":17,"610":8,"611":12,"612":18,"613":25,"614":21,"615":30,"616":27,"617":39,"618":29,"619":25,"620":29,"621":23,"622":24,"623":25,"624":29,"625":26,"626":30,"627":16,"628":5,"629":6,"630":7,"631":10,"632":11,"633":17,"634":10,"635":9,"636":14,"637":10,"638":18,"639":28,"640":28,"641":20,"642":18,"643":21,"644":22,"645":31,"646":29,"647":14,"648":12,"649":9,"650":10,"651":8,"652":15,"653":20,"654":21,"655":14,"656":23,"657":14,"658":12,"659":16,"660":17,"661":11,"662":9,"663":14,"664":5,"665":6,"666":13,"667":9,"668":14,"669":15,"670":14,"671":7,"672":4,"673":14,"674":6,"675":12,"676":13,"677":19,"678":23,"679":13,"680":6,"681":8,"682":5,"683":10,"684":6,"685":13,"686":12,"687":11,"688":7,"689":17,"690":7,"691":11,"692":17,"693":17,"694":16,"695":15,"696":20,"697":18,"698":23,"699":32,"700":23,"701":21,"702":16,"703":26,"704":19,"705":18,"706":6,"707":8,"708":6,"709":7,"710":10,"711":15,"712":23,"713":20,"714":25,"715":17,"716":22,"717":22,"718":23,"719":26,"720":30,"721":26,"722":25,"723":21,"724":16,"725":18,"726":19,"727":22,"728":17,"729":16,"730":6,"731":9,"732":5,"733":6,"734":7,"735":11,"736":12,"737":10,"738":14,"739":14,"740":17,"741":12,"742":9,"743":12,"744":9,"745":14,"746":16,"747":19,"748":25,"749":26,"750":19,"751":23,"752":20,"753":19,"754":10,"755":6,"756":3,"757":6,"758":5,"759":5,"760":6,"761":19,"762":14,"763":11,"764":15,"765":9,"766":12,"767":18,"768":12,"769":18,"770":13,"771":15,"772":11,"773":16,"774":13,"775":16,"776":12,"777":9,"778":2,"780":6,"781":9,"782":13,"783":6,"784":6,"785":6,"786":3,"787":7,"788":6,"789":7,"790":9,"791":3,"792":9,"793":8,"794":17,"795":12,"796":20,"797":18,"798":19,"799":18,"800":15,"801":9,"802":3,"803":10,"804":14,"805":5,"806":12,"807":17,"808":10,"809":21,"810":23,"811":29,"812":29,"813":27,"814":36,"815":20,"816":12,"817":8,"818":5,"819":8,"820":6,"821":6,"822":3,"823":5,"824":5,"825":4,"826":3,"827":2,"828":3,"829":9,"830":5,"831":3,"832":4,"833":6,"834":3,"835":3,"836":3,"837":2,"838":3,"839":2,"840":2,"841":2,"842":1,"843":1,"844":3,"845":3,"846":7,"847":4,"848":6,"849":1,"850":8,"851":3,"852":4,"853":7,"854":8,"855":6,"856":22,"857":30,"858":31,"859":37,"860":33,"861":36,"862":20,"863":20,"864":13,"865":9,"866":4,"867":9,"868":5,"869":8,"870":17,"871":5,"872":4,"873":7,"874":9,"875":10,"876":9,"877":6,"878":8,"879":8,"880":4,"881":2,"882":2,"883":3,"884":2,"885":3,"886":7,"887":5,"888":5,"889":9,"890":7,"891":4,"892":3,"893":1,"894":9,"895":11,"896":5,"897":5,"898":2,"899":4,"900":18,"901":16,"902":1,"903":5,"904":11,"905":5,"906":11,"907":7,"908":8,"909":3,"911":1,"912":2,"913":2,"914":8,"915":11,"916":8,"917":7,"918":3,"919":5,"920":4,"921":3,"922":6,"923":9,"924":9,"925":15,"926":22,"927":34,"928":31,"929":38,"930":21,"931":11,"932":7,"933":16,"934":11,"935":7,"936":7,"937":12,"938":13,"939":7,"940":5,"941":5,"942":9,"943":12,"944":13,"945":8,"946":12,"947":12,"948":13,"949":13,"950":10,"951":6,"952":12,"953":22,"954":14,"955":19,"956":17,"957":25,"958":27,"959":22,"960":14,"961":22,"962":31,"963":32,"964":16,"965":18,"966":15,"967":31,"968":14,"969":6,"970":18,"971":30,"972":14,"973":18,"974":23,"975":14,"976":8,"977":12,"978":6,"979":5,"980":6,"981":11,"982":6,"983":7,"984":13,"985":9,"986":7,"987":3,"988":6,"989":10,"990":7,"991":8,"992":8,"993":6,"994":7,"995":7,"996":2,"997":6,"998":4,"999":6,"1000":9,"1001":9,"1002":15,"1003":17,"1004":17,"1005":17,"1006":19,"1007":20,"1008":16,"1009":17,"1010":11,"1011":10,"1012":9,"1013":9,"1014":7,"1015":9,"1016":6,"1017":11,"1018":12,"1019":7,"1020":12,"1021":15,"1022":11,"1024":1,"1025":1,"1026":1,"1027":1,"1028":10,"1029":9,"1030":14,"1031":7,"1032":7,"1033":4,"1034":3,"1035":2,"1036":4,"1037":7,"1038":17,"1039":13,"1040":26,"1041":17,"1042":13,"1043":17,"1044":15,"1045":6,"1046":7,"1047":12,"1048":5,"1049":11,"1050":9,"1051":4,"1052":6,"1053":12,"1054":9,"1055":5,"1056":6,"1057":6,"1058":9,"1059":7,"1060":6,"1061":6,"1062":6,"1063":14,"1064":8,"1065":7,"1066":5,"1067":8,"1068":5,"1069":8,"1070":4,"1071":7,"1072":6,"1073":4,"1074":2,"1075":5,"1076":4,"1077":7,"1078":16,"1079":12,"1080":11,"1081":13,"1082":9,"1083":2,"1084":3,"1085":5,"1086":4,"1087":1,"1088":1,"1089":1,"1090":3,"1091":10,"1092":5,"1093":8,"1094":5,"1095":5,"1096":3,"1097":6,"1098":3,"1099":6,"1100":4,"1101":8,"1102":5,"1103":9,"1104":13,"1105":7,"1106":5,"1107":9,"1108":7,"1109":4,"1110":1,"1111":4,"1112":3,"1113":4,"1114":6,"1115":6,"1116":4,"1117":4,"1118":6,"1119":7,"1120":2,"1121":7,"1122":5,"1123":4,"1124":4,"1125":3,"1126":6,"1127":4,"1128":2,"1129":4,"1130":6,"1131":7,"1132":3,"1133":5,"1134":3,"1135":3,"1136":3,"1137":2,"1138":7,"1139":6,"1140":2,"1141":7,"1142":7,"1143":4,"1144":2,"1145":8,"1146":6,"1147":14,"1148":4,"1149":6,"1150":6,"1151":5,"1152":3,"1153":2,"1154":4,"1155":3,"1156":6,"1157":9,"1158":6,"1159":7,"1160":6,"1161":4,"1162":9,"1163":7,"1164":4,"1165":7,"1166":8,"1167":8,"1168":7,"1169":8,"1170":6,"1171":5,"1172":6,"1173":6,"1174":5,"1175":3,"1176":3,"1177":6,"1178":6,"1179":3,"1180":4,"1181":4,"1182":5,"1183":2,"1184":4,"1185":3,"1186":1,"1187":7,"1188":2,"1189":2,"1190":1,"1191":4,"1192":1,"1193":6,"1194":4,"1195":7,"1196":3,"1197":4,"1198":8,"1199":5,"1200":6,"1201":6,"1202":5,"1203":6,"1204":6,"1205":10,"1206":5,"1207":8,"1208":6,"1209":4,"1210":3,"1211":10,"1212":7,"1213":3,"1214":8,"1215":7,"1216":9,"1217":6,"1218":8,"1219":11,"1220":8,"1221":7,"1222":9,"1223":7,"1224":8,"1225":5,"1226":8,"1227":14,"1228":7,"1229":8,"1230":10,"1231":7,"1232":7,"1233":15,"1234":9,"1235":7,"1236":5,"1237":5,"1238":7,"1239":6,"1240":10,"1241":2,"1242":4,"1243":7,"1244":9,"1245":7,"1246":6,"1247":6,"1248":4,"1249":8,"1250":6,"1251":5,"1252":4,"1253":9,"1254":6,"1255":8,"1256":5,"1257":12,"1258":8,"1259":6,"1260":8,"1261":9,"1262":14,"1263":5,"1264":7,"1265":7,"1266":8,"1267":9,"1268":14,"1269":3,"1270":4,"1271":2,"1272":5,"1273":1,"1274":12,"1275":2,"1276":2,"1277":3,"1278":2,"1279":7,"1280":4,"1281":3,"1282":2,"1283":1,"1285":4,"1287":2,"1288":2,"1289":2,"1290":2,"1291":2,"1292":5,"1293":8,"1294":10,"1295":8,"1296":3,"1297":1,"1298":1,"1299":4,"1300":2,"1301":2,"1302":3,"1303":4,"1304":4,"1305":4,"1306":3,"1307":4,"1308":4,"1309":7,"1310":5,"1311":5,"1312":5,"1313":3,"1314":9,"1315":5,"1316":5,"1317":5,"1318":2,"1319":4,"1320":5,"1321":4,"1322":1,"1323":13,"1324":10,"1325":8,"1326":2,"1327":6,"1328":5,"1329":9,"1330":3,"1331":4,"1332":4,"1333":5,"1334":7,"1335":8,"1336":7,"1337":7,"1338":9,"1339":6,"1340":4,"1341":5,"1342":12,"1343":6,"1344":5,"1345":8,"1346":15,"1347":15,"1348":9,"1349":5,"1350":10,"1351":11,"1352":5,"1353":10,"1354":6,"1355":12,"1356":10,"1357":5,"1358":7,"1359":20,"1360":6,"1361":4,"1362":3,"1363":2,"1364":10,"1365":6,"1366":4,"1367":10,"1368":10,"1369":10,"1370":8,"1371":14,"1372":11,"1373":11,"1374":3,"1375":12,"1376":2,"1377":10,"1378":7,"1379":6,"1380":6,"1381":10,"1382":7,"1383":2,"1384":9,"1385":10,"1386":7,"1387":14,"1388":6,"1389":6,"1390":8,"1391":9,"1392":7,"1393":3,"1394":3,"1395":3,"1396":3,"1397":4,"1398":6,"1399":5,"1400":4,"1401":3,"1402":10,"1403":5,"1404":3,"1405":3,"1407":2,"1408":2,"1409":2,"1410":5,"1411":1,"1412":3,"1413":8,"1414":5,"1415":3,"1416":2,"1417":2,"1418":1,"1419":4,"1420":4,"1421":5,"1422":5,"1423":5,"1424":4,"1425":5,"1426":2,"1427":6,"1428":4,"1429":5,"1430":8,"1431":10,"1432":5,"1433":3,"1434":2,"1435":5,"1436":3,"1437":12,"1438":1,"1439":4,"1440":2,"1441":4,"1442":1,"1443":3,"1444":3,"1445":1,"1446":2,"1447":7,"1448":5,"1449":17,"1450":9,"1451":5,"1452":13,"1453":3,"1454":4,"1455":6,"1456":4,"1457":3,"1458":6,"1459":5,"1460":6,"1461":16,"1462":2,"1463":5,"1464":4,"1465":4,"1466":7,"1467":3,"1468":9,"1469":13,"1470":13,"1471":10,"1472":12,"1473":8,"1474":4,"1475":8,"1476":6,"1477":2,"1478":8,"1479":3,"1480":3,"1481":7,"1482":4,"1483":3,"1484":8,"1485":5,"1486":5,"1487":6,"1488":7,"1489":6,"1490":2,"1491":2,"1492":3,"1493":13,"1494":7,"1495":10,"1496":7,"1497":6,"1498":7,"1499":6,"1500":6,"1501":9,"1502":10,"1503":7,"1504":5,"1505":5,"1506":4,"1507":3,"1508":4,"1509":6,"1510":4,"1511":4,"1512":2,"1513":14,"1514":16,"1515":1,"1517":2,"1518":3,"1519":1,"1520":1,"1521":3,"1522":7,"1523":5,"1524":5,"1525":4,"1526":8,"1527":4,"1528":4,"1529":6,"1530":10,"1531":10,"1532":6,"1533":14,"1534":6,"1535":5,"1536":10,"1537":9,"1538":14,"1539":13,"1540":10,"1541":10,"1542":11,"1543":10,"1544":6,"1545":8,"1546":19,"1547":13,"1548":11,"1549":12,"1550":13,"1551":12,"1552":15,"1553":7,"1554":11,"1555":7,"1556":10,"1557":11,"1558":8,"1559":5,"1560":9,"1561":4,"1562":6,"1563":14,"1564":19,"1565":15,"1566":12,"1567":10,"1568":7,"1569":14,"1570":12,"1571":12,"1572":13,"1573":7,"1574":6,"1575":5,"1576":4,"1577":13,"1578":6,"1579":5,"1580":7,"1581":7,"1582":7,"1583":2,"1584":4,"1585":7,"1586":4,"1587":5,"1588":4,"1589":5,"1590":10,"1591":9,"1592":7,"1593":3,"1594":5,"1595":7,"1596":8,"1597":7,"1598":6,"1599":7,"1600":7,"1601":7,"1602":14,"1603":11,"1604":4,"1605":14,"1606":9,"1607":19,"1608":16,"1609":7,"1610":10,"1611":12,"1612":5,"1613":4,"1615":4,"1616":10,"1617":9,"1618":4,"1619":5,"1620":3,"1621":2,"1622":1,"1623":5,"1624":5,"1625":3,"1626":8,"1627":7,"1628":4,"1629":1,"1630":6,"1631":2,"1632":6,"1633":6,"1634":4,"1635":1,"1636":6,"1637":5,"1638":8,"1639":5,"1640":9,"1641":2,"1642":7,"1643":5,"1644":6,"1645":13,"1646":6,"1647":10,"1648":7,"1649":10,"1650":5,"1651":6,"1652":4,"1653":5,"1654":10,"1655":12,"1656":6,"1657":6,"1658":6,"1659":11,"1660":4,"1661":10,"1662":13,"1663":8,"1664":21,"1665":8,"1666":13,"1667":6,"1668":12,"1669":13,"1670":19,"1671":22,"1672":13,"1673":14,"1674":9,"1675":12,"1676":6,"1677":13,"1678":8,"1679":8,"1680":14,"1681":11,"1682":14,"1683":9,"1684":7,"1685":9,"1686":15,"1687":21,"1688":8,"1689":13,"1690":14,"1691":11,"1692":12,"1693":5,"1694":10,"1695":10,"1696":6,"1697":8,"1698":8,"1699":11,"1700":9,"1701":14,"1702":16,"1703":14,"1704":5,"1705":11,"1706":14,"1707":4,"1708":6,"1709":5,"1710":4,"1711":10,"1712":11,"1713":10,"1714":9,"1715":7,"1716":7,"1717":9,"1718":10,"1719":8,"1720":21,"1721":20,"1722":13,"1723":10,"1724":6,"1725":11,"1726":8,"1727":5,"1728":12,"1729":8,"1730":8,"1731":13,"1732":12,"1733":22,"1734":15,"1735":16,"1736":7,"1737":12,"1738":9,"1739":17,"1740":11,"1741":17,"1742":12,"1743":12,"1744":12,"1745":14,"1746":7,"1747":8,"1748":9,"1749":3,"1750":4,"1751":7,"1752":8,"1753":5,"1754":7,"1755":11,"1756":14,"1757":16,"1758":19,"1759":18,"1760":24,"1761":20,"1762":23,"1763":23,"1764":13,"1765":11,"1766":10,"1767":15,"1768":19,"1769":16,"1770":17,"1771":13,"1772":24,"1773":18,"1774":23,"1775":17,"1776":21,"1777":13,"1778":13,"1779":10,"1780":9,"1781":6,"1782":11,"1783":11,"1784":14,"1785":12,"1786":7,"1787":13,"1788":15,"1789":16,"1790":16,"1791":14,"1792":19,"1793":13,"1794":21,"1795":21,"1796":15,"1797":19,"1798":16,"1799":23,"1800":17,"1801":11,"1802":22,"1803":12,"1804":12,"1805":12,"1806":19,"1807":7,"1808":8,"1809":15,"1810":14,"1811":12,"1812":12,"1813":11,"1814":18,"1815":19,"1816":20,"1817":17,"1818":18,"1819":24,"1820":16,"1821":16,"1822":13,"1823":10,"1824":9,"1825":3,"1826":12,"1827":11,"1828":14,"1829":12,"1830":12,"1831":15,"1832":12,"1833":13,"1834":17,"1835":16,"1836":10,"1837":9,"1838":5,"1839":11,"1840":12,"1841":15,"1842":13,"1843":16,"1844":15,"1845":20,"1846":15,"1847":18,"1848":24,"1849":22,"1850":14,"1851":13,"1852":19,"1853":17,"1854":8,"1855":16,"1856":19,"1857":7,"1858":6,"1859":7,"1860":10,"1861":12,"1862":12,"1863":6,"1864":16,"1865":15,"1866":17,"1867":7,"1868":15,"1869":21,"1870":13,"1871":12,"1872":20,"1873":16,"1874":10,"1875":20,"1876":14,"1877":8,"1878":21,"1879":15,"1880":14,"1881":11,"1882":11,"1883":14,"1884":17,"1885":22,"1886":11,"1887":13,"1888":15,"1889":13,"1890":11,"1891":12,"1892":10,"1893":8,"1894":10,"1895":12,"1896":14,"1897":12,"1898":17,"1899":10,"1900":9,"1901":12,"1902":15,"1903":7,"1904":16,"1905":18,"1906":14,"1907":15,"1908":13,"1909":19,"1910":18,"1911":8,"1912":5,"1913":11,"1914":14,"1915":12,"1916":14,"1917":12,"1918":11,"1919":12,"1920":16,"1921":8,"1922":13,"1923":11,"1924":11,"1925":18,"1926":12,"1927":11,"1928":8,"1929":16,"1930":11,"1931":11,"1932":9,"1933":13,"1934":7,"1935":18,"1936":13,"1937":7,"1938":6,"1939":10,"1940":8,"1941":9,"1942":6,"1943":18,"1944":14,"1945":9,"1946":8,"1947":8,"1948":9,"1949":8,"1950":12,"1951":10,"1952":4,"1953":3,"1954":5,"1955":14,"1956":21,"1957":14,"1958":7,"1959":7,"1960":9,"1961":7,"1962":9,"1963":9,"1964":19,"1965":6,"1966":10,"1967":6,"1968":15,"1969":12,"1970":9,"1971":11,"1972":5,"1973":17,"1974":16,"1975":10,"1976":14,"1977":10,"1978":10,"1979":13,"1980":7,"1981":5,"1982":12,"1983":9,"1984":4,"1985":13,"1986":9,"1987":8,"1988":9,"1989":11,"1990":1,"1991":7,"1992":14,"1993":15,"1994":15,"1995":14,"1996":4,"1997":9,"1998":18,"1999":15,"2000":13,"2001":11,"2002":3,"2003":10,"2004":8,"2005":11,"2006":12,"2007":10,"2008":6,"2009":9,"2010":11,"2011":13,"2012":10,"2013":10,"2014":9,"2015":10,"2016":10,"2017":10,"2018":10,"2019":9,"2020":14,"2021":9,"2022":8,"2023":9,"2024":11,"2025":10,"2026":12,"2027":6,"2028":13,"2029":12,"2030":8,"2031":13,"2032":16,"2033":14,"2034":11,"2035":5,"2036":8,"2037":14,"2038":11,"2039":10,"2040":7,"2041":5,"2042":12,"2043":11,"2044":11,"2045":8,"2046":2,"2047":7,"2048":4,"2049":8,"2050":4,"2051":5,"2052":10,"2053":8,"2054":11,"2055":9,"2056":14,"2057":7,"2058":15,"2059":11,"2060":10,"2061":13,"2062":9,"2063":3,"2064":10,"2065":15,"2066":4,"2067":6,"2068":6,"2069":9,"2070":9,"2071":5,"2072":7,"2073":7,"2074":8,"2075":7,"2076":9,"2077":11,"2078":12,"2079":15,"2080":5,"2081":17,"2082":10,"2083":6,"2084":13,"2085":15,"2086":17,"2087":10,"2088":13,"2089":10,"2090":14,"2091":7,"2092":6,"2093":9,"2094":18,"2095":11,"2096":4,"2097":5,"2098":5,"2099":12,"2100":11,"2101":17,"2102":10,"2103":10,"2104":16,"2105":12,"2106":16,"2107":14,"2108":16,"2109":6,"2110":16,"2111":15,"2112":14,"2113":13,"2114":11,"2115":18,"2116":10,"2117":18,"2118":16,"2119":11,"2120":8,"2121":9,"2122":10,"2123":8,"2124":13,"2125":23,"2126":22,"2127":21,"2128":18,"2129":13,"2130":12,"2131":18,"2132":9,"2133":15,"2134":16,"2135":12,"2136":15,"2137":15,"2138":21,"2139":8,"2140":14,"2141":22,"2142":10,"2143":18,"2144":9,"2145":10,"2146":11,"2147":13,"2148":21,"2149":20,"2150":10,"2151":7,"2152":13,"2153":11,"2154":10,"2155":9,"2156":11,"2157":15,"2158":14,"2159":19,"2160":8,"2161":11,"2162":20,"2163":10,"2164":5,"2165":11,"2166":10,"2167":5,"2168":9,"2169":19,"2170":8,"2171":8,"2172":7,"2173":15,"2174":12,"2175":8,"2176":12,"2177":9,"2178":9,"2179":7,"2180":8,"2181":9,"2182":6,"2183":8,"2184":4,"2185":16,"2186":11,"2187":9,"2188":5,"2189":8,"2190":10,"2191":7,"2192":13,"2193":6,"2194":10,"2195":14,"2196":10,"2197":10,"2198":12,"2199":8,"2200":5,"2201":11,"2202":11,"2203":11,"2204":6,"2205":8,"2206":5,"2207":5,"2208":8,"2209":5,"2210":9,"2211":9,"2212":10,"2213":7,"2214":6,"2215":10,"2216":7,"2217":5,"2218":5,"2219":3,"2220":5,"2221":18,"2222":9,"2223":3,"2224":3,"2225":4,"2226":6,"2227":8,"2228":4,"2229":10,"2230":6,"2231":11,"2232":6,"2233":4,"2234":6,"2235":4,"2236":9,"2237":11,"2238":4,"2239":6,"2240":7,"2241":7,"2242":4,"2243":5,"2244":2,"2245":2,"2246":10,"2247":1,"2248":4,"2249":4,"2250":6,"2251":5,"2252":7,"2253":5,"2254":4,"2255":11,"2256":10,"2257":10,"2258":6,"2259":5,"2260":2,"2261":6,"2262":4,"2263":2,"2264":4,"2265":4,"2266":4,"2268":3,"2269":3,"2270":6,"2271":2,"2272":2,"2273":3,"2274":3,"2275":6,"2276":3,"2277":3,"2278":3,"2279":5,"2280":5,"2282":4,"2283":10,"2284":2,"2285":4,"2286":5,"2287":5,"2288":6,"2289":4,"2290":1,"2291":5,"2292":4,"2293":4,"2294":3,"2295":6,"2296":1,"2297":4,"2298":5,"2299":8,"2300":1,"2301":2,"2302":4,"2303":1,"2304":5,"2305":1,"2306":5,"2307":8,"2308":5,"2309":6,"2310":9,"2311":4,"2312":2,"2313":1,"2315":3,"2316":3,"2317":2,"2318":7,"2319":8,"2320":7,"2321":7,"2322":10,"2323":9,"2324":11,"2325":8,"2326":2,"2327":2,"2328":2,"2329":2,"2330":4,"2331":2,"2332":2,"2333":5,"2334":3,"2335":6,"2336":6,"2337":5,"2338":5,"2339":2,"2340":2,"2341":6,"2342":1,"2343":1,"2344":2,"2347":4,"2348":4,"2349":3,"2350":2,"2351":5,"2352":5,"2353":3,"2354":5,"2355":5,"2356":4,"2357":2,"2358":7,"2360":2,"2361":4,"2362":7,"2363":4,"2364":2,"2365":4,"2366":5,"2367":8,"2368":4,"2369":4,"2370":2,"2371":2,"2372":8,"2373":4,"2374":3,"2375":7,"2376":1,"2377":4,"2378":8,"2379":2,"2380":5,"2381":6,"2382":3,"2383":6,"2384":3,"2385":5,"2386":7,"2387":4,"2388":6,"2389":5,"2390":6,"2391":13,"2392":8,"2393":7,"2394":5,"2395":6,"2396":5,"2397":4,"2398":4,"2399":7,"2400":9,"2401":3,"2402":16,"2403":9,"2404":8,"2405":1,"2406":4,"2407":2,"2408":1,"2409":5,"2410":6,"2411":4,"2412":4,"2413":2,"2414":2,"2415":3,"2416":3,"2417":3,"2418":3,"2419":2,"2420":4,"2421":3,"2422":5,"2423":4,"2424":6,"2425":3,"2426":3,"2427":5,"2428":6,"2429":5,"2430":3,"2431":6,"2432":7,"2433":2,"2434":6,"2435":5,"2436":5,"2437":4,"2438":2,"2439":4,"2440":3,"2441":5,"2442":3,"2443":2,"2444":7,"2445":1,"2446":7,"2447":7,"2448":6,"2449":9,"2450":8,"2451":9,"2452":4,"2453":12,"2454":6,"2455":6,"2456":8,"2457":4,"2459":9,"2460":4,"2461":6,"2462":9,"2463":5,"2464":2,"2465":5,"2466":6,"2467":6,"2468":11,"2469":17,"2470":8,"2471":9,"2472":7,"2473":11,"2474":4,"2475":12,"2476":11,"2477":12,"2478":14,"2479":6,"2480":6,"2481":6,"2482":4,"2483":3,"2484":2,"2485":6,"2486":7,"2487":4,"2488":4,"2489":9,"2490":6,"2491":2,"2492":6,"2493":4,"2494":7,"2495":8,"2496":8,"2497":4,"2498":5,"2499":17,"2500":13,"2501":9,"2502":5,"2503":1,"2504":6,"2505":7,"2506":3,"2507":3,"2508":3,"2509":3,"2510":11,"2511":11,"2512":3,"2513":3,"2514":5,"2515":3,"2516":3,"2517":1,"2518":2,"2519":2,"2520":4,"2521":5,"2522":4,"2523":6,"2524":2,"2525":2,"2526":5,"2527":4,"2528":8,"2529":1,"2530":4,"2531":5,"2532":6,"2533":5,"2534":3,"2535":5,"2536":1,"2537":1,"2538":2,"2539":1,"2540":6,"2541":1,"2542":6,"2543":5,"2544":1,"2545":4,"2546":1,"2547":3,"2548":2,"2549":5,"2550":2,"2551":1,"2552":4,"2553":5,"2554":1,"2555":2,"2556":2,"2557":4,"2558":7,"2559":3,"2560":1,"2561":1,"2562":1,"2563":2,"2564":14,"2565":8,"2566":4,"2567":6,"2568":3,"2569":2,"2570":1,"2571":2,"2572":2,"2574":3,"2575":2,"2576":7,"2577":5,"2578":8,"2579":4,"2580":3,"2581":2,"2582":1,"2583":4,"2584":2,"2585":4,"2586":2,"2587":1,"2588":3,"2589":3,"2590":7,"2591":3,"2592":1,"2593":3,"2594":1,"2595":4,"2596":6,"2597":7,"2598":3,"2599":5,"2600":4,"2601":8,"2602":1,"2603":2,"2604":3,"2605":2,"2606":6,"2607":2,"2609":2,"2610":2,"2611":2,"2612":3,"2613":3,"2614":2,"2615":2,"2617":1,"2618":2,"2619":5,"2620":8,"2621":7,"2622":5,"2623":2,"2624":2,"2625":1,"2626":4,"2627":6,"2628":1,"2630":2,"2631":1,"2633":1,"2634":1,"2637":1,"2638":2,"2639":1,"2640":6,"2641":3,"2642":3,"2644":3,"2645":6,"2646":5,"2647":3,"2648":5,"2649":3,"2650":2,"2651":4,"2652":6,"2653":6,"2654":2,"2655":7,"2656":4,"2657":6,"2658":6,"2659":3,"2660":3,"2661":4,"2662":4,"2663":1,"2664":5,"2665":7,"2666":5,"2667":8,"2668":7,"2669":8,"2670":3,"2671":7,"2672":9,"2673":10,"2674":7,"2675":5,"2676":2,"2677":4,"2678":5,"2679":8,"2680":4,"2681":7,"2682":6,"2683":4,"2684":3,"2685":3,"2686":3,"2687":1,"2689":4,"2690":3,"2692":1,"2693":1,"2694":2,"2695":2,"2696":4,"2697":1,"2698":1,"2699":4,"2700":1,"2702":4,"2703":2,"2704":1,"2705":1,"2706":2,"2707":2,"2708":2,"2709":1,"2710":1,"2711":2,"2712":2,"2713":2,"2714":6,"2715":4,"2716":4,"2717":4,"2718":5,"2719":3,"2720":4,"2722":4,"2723":3,"2724":1,"2725":5,"2726":8,"2727":5,"2728":8,"2729":9,"2730":5,"2731":3,"2732":2,"2733":5,"2734":2,"2735":2,"2736":2,"2737":5,"2738":4,"2739":6,"2740":5,"2741":8,"2743":3,"2745":2,"2746":4,"2747":2,"2748":1,"2749":7,"2750":3,"2751":3,"2752":9,"2753":7,"2754":4,"2755":4,"2756":9,"2757":11,"2758":9,"2759":1,"2760":6,"2761":2,"2762":5,"2763":5,"2764":3,"2765":3,"2766":10,"2767":12,"2768":11,"2769":5,"2770":3,"2771":5,"2772":2,"2773":1,"2774":1,"2775":6,"2776":4,"2777":3,"2778":5,"2779":4,"2780":3,"2781":3,"2782":8,"2783":4,"2784":6,"2785":6,"2786":5,"2787":2,"2788":2,"2789":3,"2790":1,"2791":6,"2792":2,"2793":5,"2794":7,"2795":6,"2796":6,"2797":4,"2798":6,"2799":5,"2800":6,"2801":4,"2802":2,"2804":2,"2805":3,"2807":1,"2808":6,"2809":4,"2810":6,"2811":5,"2812":2,"2813":1,"2814":2,"2815":1,"2816":1,"2817":2,"2818":7,"2819":2,"2820":5,"2821":1,"2822":3,"2823":1,"2824":4,"2825":3,"2826":5,"2827":5,"2828":7,"2829":3,"2830":5,"2831":4,"2832":1,"2833":4,"2834":2,"2835":1,"2836":6,"2837":6,"2838":7,"2839":14,"2840":8,"2841":7,"2842":4,"2843":5,"2844":4,"2845":1,"2846":4,"2848":7,"2849":2,"2850":6,"2851":6,"2852":7,"2853":5,"2854":4,"2855":3,"2856":5,"2857":8,"2858":1,"2859":5,"2860":5,"2861":7,"2862":9,"2863":11,"2864":5,"2865":3,"2866":2,"2867":6,"2868":3,"2869":3,"2871":2,"2872":7,"2873":4,"2874":7,"2875":4,"2876":4,"2877":9,"2878":12,"2879":24,"2880":7,"2881":7,"2882":4,"2883":3,"2884":3,"2885":2,"2886":3,"2887":2,"2888":3,"2889":3,"2890":6,"2891":8,"2892":9,"2893":8,"2894":3,"2895":5,"2896":2,"2897":5,"2898":2,"2899":5,"2900":4,"2901":2,"2902":6,"2903":3,"2904":7,"2905":7,"2906":6,"2907":2,"2908":5,"2909":3,"2910":4,"2911":1,"2912":2,"2913":3,"2914":3,"2915":7,"2916":3,"2917":6,"2918":6,"2919":4,"2920":2,"2921":4,"2922":3,"2923":1,"2924":5,"2925":6,"2926":5,"2927":8,"2928":5,"2929":7,"2930":10,"2931":4,"2932":6,"2933":4,"2934":6,"2935":3,"2936":3,"2937":6,"2938":4,"2939":5,"2940":4,"2941":5,"2942":1,"2943":2,"2944":4,"2945":5,"2946":7,"2947":5,"2948":6,"2949":4,"2950":8,"2951":10,"2952":7,"2953":4,"2954":4,"2955":6,"2956":1,"2957":8,"2958":5,"2959":1,"2960":2,"2961":3,"2962":3,"2963":5,"2964":3,"2965":7,"2966":6,"2967":7,"2968":2,"2969":9,"2970":5,"2971":2,"2972":2,"2973":4,"2974":4,"2975":3,"2976":3,"2977":2,"2978":4,"2979":7,"2981":2,"2982":2,"2983":1,"2984":1,"2985":4,"2986":3,"2987":3,"2988":5,"2989":3,"2990":4,"2991":1,"2992":5,"2993":2,"2994":4,"2995":3,"2996":5,"2997":2,"2998":3,"2999":5,"3000":4,"3001":2,"3002":6,"3003":5,"3004":4,"3005":5,"3006":4,"3007":3,"3008":4,"3009":9,"3010":5,"3011":9,"3012":16,"3013":8,"3014":14,"3015":12,"3016":10,"3017":12,"3018":13,"3019":11,"3020":5,"3021":6,"3022":7,"3023":8,"3024":11,"3025":10,"3026":7,"3027":11,"3028":18,"3029":15,"3030":10,"3031":12,"3032":6,"3033":5,"3034":2,"3035":7,"3036":11,"3037":14,"3038":9,"3039":10,"3040":16,"3041":16,"3042":17,"3043":14,"3044":8,"3045":8,"3046":7,"3047":6,"3048":2,"3049":5,"3050":3,"3051":5,"3052":2,"3053":3,"3054":2,"3055":1,"3056":5,"3057":1,"3059":2,"3060":2,"3061":3,"3062":7,"3063":6,"3064":3,"3065":6,"3066":1,"3067":4,"3068":3,"3069":2,"3070":2,"3071":4,"3072":1,"3073":3,"3074":5,"3075":7,"3076":2,"3077":4,"3078":1,"3079":3,"3080":2,"3081":2,"3082":3,"3083":5,"3084":1,"3085":5,"3086":4,"3087":6,"3088":7,"3089":3,"3090":4,"3091":5,"3092":5,"3093":7,"3094":4,"3095":2,"3096":6,"3097":2,"3098":3,"3099":1,"3100":5,"3101":7,"3102":5,"3103":2,"3104":2,"3105":3,"3106":1,"3108":1,"3109":4,"3110":3,"3111":3,"3112":2,"3113":3,"3114":4,"3115":4,"3116":3,"3117":1,"3118":2,"3119":2,"3120":2,"3121":1,"3122":2,"3123":8,"3124":4,"3125":2,"3126":3,"3127":5,"3128":7,"3129":2,"3130":3,"3131":6,"3132":2,"3133":3,"3134":1,"3135":3,"3136":4,"3137":4,"3138":3,"3139":2,"3140":3,"3141":5,"3142":5,"3143":2,"3144":6,"3145":1,"3146":8,"3147":5,"3148":1,"3149":6,"3150":8,"3151":2,"3152":3,"3153":4,"3154":3,"3155":2,"3156":4,"3157":3,"3158":3,"3159":3,"3160":10,"3161":4,"3162":3,"3163":1,"3164":2,"3165":4,"3166":1,"3168":2,"3169":6,"3170":2,"3171":4,"3172":2,"3173":4,"3176":2,"3177":8,"3178":10,"3179":4,"3180":7,"3181":8,"3182":8,"3183":8,"3184":4,"3185":3,"3186":4,"3187":1,"3188":2,"3189":3,"3191":3,"3194":1,"3196":2,"3197":2,"3198":3,"3199":2,"3200":2,"3201":1,"3202":2,"3203":3,"3204":1,"3205":4,"3206":1,"3207":2,"3208":1,"3209":2,"3211":2,"3212":3,"3213":2,"3214":3,"3215":4,"3216":2,"3217":1,"3218":1,"3219":3,"3220":1,"3222":3,"3223":1,"3224":1,"3225":1,"3226":1,"3227":4,"3229":5,"3230":3,"3231":4,"3232":2,"3233":3,"3234":4,"3235":2,"3236":2,"3237":3,"3238":2,"3239":2,"3240":3,"3241":6,"3242":4,"3243":2,"3245":9,"3246":4,"3247":5,"3248":4,"3249":4,"3250":5,"3251":2,"3252":1,"3253":2,"3254":3,"3255":2,"3257":3,"3258":4,"3259":2,"3260":7,"3261":1,"3262":2,"3263":2,"3264":3,"3265":4,"3266":3,"3268":1,"3269":3,"3270":2,"3271":4,"3272":1,"3273":3,"3274":2,"3275":3,"3276":3,"3277":1,"3278":3,"3279":2,"3280":5,"3281":2,"3282":2,"3283":2,"3284":1,"3285":3,"3286":8,"3287":3,"3288":2,"3289":2,"3290":2,"3291":3,"3292":3,"3293":2,"3294":1,"3295":7,"3296":1,"3297":2,"3298":2,"3301":4,"3302":4,"3303":4,"3304":2,"3305":3,"3306":2,"3307":2,"3308":4,"3309":2,"3311":5,"3312":5,"3313":3,"3314":2,"3316":6,"3317":3,"3318":6,"3319":7,"3320":10,"3321":8,"3322":6,"3323":2,"3324":4,"3325":5,"3326":2,"3328":1,"3329":2,"3330":2,"3331":2,"3332":2,"3333":3,"3336":2,"3337":1,"3338":1,"3339":5,"3340":1,"3341":4,"3342":2,"3343":7,"3344":1,"3345":2,"3346":4,"3347":1,"3348":2,"3349":3,"3350":1,"3351":3,"3352":2,"3353":2,"3354":3,"3355":2,"3356":5,"3357":4,"3358":1,"3359":1,"3360":3,"3361":2,"3362":3,"3363":1,"3364":1,"3365":2,"3367":1,"3369":4,"3370":2,"3371":3,"3372":2,"3373":3,"3375":2,"3377":3,"3378":3,"3379":4,"3380":2,"3381":5,"3382":6,"3383":2,"3385":2,"3386":4,"3387":4,"3388":2,"3389":2,"3390":1,"3391":2,"3392":3,"3393":3,"3395":2,"3396":2,"3397":2,"3398":5,"3399":2,"3400":4,"3401":1,"3402":4,"3403":1,"3404":9,"3405":4,"3406":6,"3407":1,"3408":5,"3409":1,"3410":3,"3412":4,"3413":1,"3414":1,"3415":1,"3416":1,"3417":2,"3418":2,"3419":2,"3420":5,"3421":5,"3422":2,"3423":4,"3424":3,"3425":1,"3426":2,"3427":2,"3428":4,"3429":5,"3431":4,"3432":2,"3433":3,"3434":3,"3435":2,"3436":3,"3437":3,"3438":2,"3439":1,"3440":2,"3441":1,"3443":3,"3444":3,"3445":1,"3446":3,"3447":2,"3448":1,"3449":5,"3450":5,"3452":3,"3454":4,"3455":1,"3458":2,"3459":2,"3460":4,"3461":4,"3462":8,"3463":1,"3464":3,"3465":1,"3466":1,"3467":2,"3468":4,"3469":2,"3470":2,"3471":1,"3472":2,"3473":1,"3474":4,"3475":2,"3476":3,"3477":2,"3478":3,"3479":1,"3480":1,"3481":2,"3482":1,"3483":2,"3484":4,"3485":5,"3486":6,"3487":2,"3488":3,"3489":3,"3490":1,"3491":2,"3492":6,"3493":5,"3494":8,"3495":1,"3496":4,"3497":2,"3498":2,"3499":1,"3500":3,"3501":4,"3502":1,"3503":1,"3504":2,"3505":3,"3507":3,"3508":2,"3509":3,"3510":6,"3511":6,"3512":4,"3513":5,"3514":3,"3515":2,"3516":2,"3518":2,"3519":4,"3520":4,"3521":9,"3522":2,"3523":4,"3524":6,"3525":1,"3526":2,"3527":2,"3528":4,"3529":4,"3530":5,"3531":6,"3532":5,"3533":2,"3534":2,"3535":1,"3536":3,"3537":1,"3538":1,"3539":2,"3540":4,"3542":2,"3543":2,"3544":4,"3545":1,"3546":1,"3547":2,"3548":7,"3549":1,"3550":3,"3551":3,"3552":3,"3553":3,"3554":5,"3555":1,"3557":3,"3559":2,"3560":3,"3561":3,"3564":1,"3565":1,"3567":3,"3569":2,"3570":4,"3571":3,"3572":4,"3573":1,"3574":2,"3575":2,"3576":1,"3577":1,"3579":2,"3584":1,"3585":1,"3587":1,"3588":1,"3591":1,"3592":1,"3594":1,"3595":1,"3597":1,"3598":1,"3599":1,"3602":2,"3603":2,"3605":1,"3607":2,"3608":4,"3609":2,"3611":1,"3612":1,"3613":2,"3616":2,"3618":1,"3620":2,"3621":3,"3622":1,"3623":3,"3624":2,"3625":3,"3626":3,"3627":2,"3632":1,"3637":1,"3638":1,"3642":1,"3643":2,"3646":1,"3648":2,"3650":1,"3652":5,"3655":2,"3658":1,"3660":3,"3661":5,"3662":2,"3663":2,"3664":2,"3665":2,"3668":2,"3669":1,"3670":1,"3671":1,"3674":1,"3677":2,"3678":2,"3679":2,"3680":2,"3681":1,"3684":1,"3685":2,"3687":1,"3689":1,"3692":1,"3693":1,"3696":1,"3698":1,"3701":2,"3702":1,"3719":2,"3721":2,"3722":1,"3723":3,"3724":1,"3730":1,"3731":3,"3742":1,"3743":1,"3748":1,"3749":1,"3750":1,"3751":1,"3759":1,"3762":1,"3772":3,"3773":1,"3774":2,"3775":4,"3776":4,"3777":1,"3778":1,"3790":1,"3791":1,"3792":3,"3795":2,"3796":1,"3797":1,"3802":2,"3804":3,"3805":4,"3806":2,"3812":1,"3814":2,"3816":3,"3817":4,"3818":2,"3821":1,"3825":1,"3826":1,"3834":1,"3835":1,"3836":1,"3838":1,"3842":1,"3844":1,"3849":1,"3850":1,"3851":1,"3852":2,"3855":2,"3856":3,"3861":2,"3862":1,"3866":3,"3867":2,"3868":1,"3870":2,"3871":1,"3886":1,"3922":1,"3950":1,"4028":1,"4046":7,"4047":5,"4048":2,"4267":2,"4268":1,"4406":2,"4407":4,"4813":1,"5497":1,"5830":1,"5937":1,"6239":1,"6358":1,"6792":4,"6793":3,"6794":1,"6808":1,"6894":1,"6895":2,"7183":1,"7350":1,"7612":1,"7636":1,"7727":1,"7755":1,"8329":1,"8376":1,"8780":1,"10224":1,"10375":1,"11149":1},"fork_created":4483,"fork_confirmed":1337,"fork_unresolved_at_end":3146}
EPOCH_RECONCILED epoch=2 reporter=D315857CE70C54DE713F6E82E5613BB3A1266C15E28AD2F4338C7BBEC456F532 complete=false entries=2 total=43580 symbols=16 dropped=false t=1791486185419
EPOCH_CLOSE_UNREADY epoch=2 short_of=reports usable=3 weight=3 required=5 held=4 theirs=["911999B2:475CF2BE:9062F257", "D315857C:98AACD89:93312E8A", "633D9D61:C02CEF6F:C6544CFE", "65A90023:C1035F18:930891F4"] t=1791486185420
EPOCH_RECONCILED epoch=2 reporter=911999B2AEFA7ACC66EBD802B3301FF6CE431405107749D940277955CB7FDD07 complete=true entries=17 total=3125 symbols=48 dropped=false t=1791486185440
EPOCH_FOLLOW cemented=14 cementing=0 requested=0 pending=0 t=1791486185445
EPOCH_RECONCILED epoch=2 reporter=A353E45E6D0016CAEED0DFA4EC5B0640E2AA22A793F9F2375E77F1AB92977C04 complete=true entries=351 total=2860 symbols=546 dropped=false t=1791486185485
EPOCH_CLOSE_UNREADY epoch=2 short_of=reports usable=1 weight=1 required=5 held=4 theirs=["65A90023:C1035F18:930891F4", "A353E45E:475CF2BE:BD8BF192", "D315857C:98AACD89:93312E8A", "911999B2:475CF2BE:9062F257"] t=1791486185521
EPOCH_RECONCILED epoch=2 reporter=65A90023F6C0D2181AAA63F005D81BBC0C04650505E21D5123F9AE1F9E992BFF complete=false entries=2664 total=43580 symbols=3728 dropped=false t=1791486185584
EPOCH_CLOSE_UNREADY epoch=2 short_of=reports usable=1 weight=1 required=5 held=4 theirs=["633D9D61:C02CEF6F:C6544CFE", "911999B2:475CF2BE:9062F257", "D315857C:98AACD89:93312E8A", "A353E45E:475CF2BE:BD8BF192"] t=1791486185711
EPOCH_RECONCILED epoch=2 reporter=911999B2AEFA7ACC66EBD802B3301FF6CE431405107749D940277955CB7FDD07 complete=false entries=0 total=43580 symbols=0 dropped=false t=1791486185749
EPOCH_RECONCILED epoch=2 reporter=911999B2AEFA7ACC66EBD802B3301FF6CE431405107749D940277955CB7FDD07 complete=false entries=222 total=43580 symbols=364 dropped=false t=1791486185846
EPOCH_RECONCILED epoch=2 reporter=A353E45E6D0016CAEED0DFA4EC5B0640E2AA22A793F9F2375E77F1AB92977C04 complete=false entries=222 total=43580 symbols=364 dropped=false t=1791486185846
EPOCH_RECONCILED epoch=2 reporter=D315857CE70C54DE713F6E82E5613BB3A1266C15E28AD2F4338C7BBEC456F532 complete=false entries=224 total=43580 symbols=364 dropped=false t=1791486185857
EPOCH_RECONCILED epoch=2 reporter=911999B2AEFA7ACC66EBD802B3301FF6CE431405107749D940277955CB7FDD07 complete=true entries=3125 total=3125 symbols=0 dropped=false t=1791486185899
EPOCH_RECONCILED epoch=2 reporter=A353E45E6D0016CAEED0DFA4EC5B0640E2AA22A793F9F2375E77F1AB92977C04 complete=false entries=0 total=43580 symbols=0 dropped=false t=1791486185988
EPOCH_RECONCILED epoch=2 reporter=D315857CE70C54DE713F6E82E5613BB3A1266C15E28AD2F4338C7BBEC456F532 complete=true entries=3125 total=3125 symbols=0 dropped=false t=1791486186147
EPOCH_RECONCILED epoch=2 reporter=A353E45E6D0016CAEED0DFA4EC5B0640E2AA22A793F9F2375E77F1AB92977C04 complete=true entries=2860 total=2860 symbols=0 dropped=false t=1791486186159
EPOCH_FOLLOW cemented=153 cementing=0 requested=0 pending=444 t=1791486186164
EPOCH_FOLLOW cemented=218 cementing=0 requested=0 pending=270 t=1791486186178
EPOCH_CLOSE_UNREADY epoch=2 short_of=reports usable=4 weight=4 required=5 held=4 theirs=["633D9D61:C02CEF6F:C6544CFE", "65A90023:C1035F18:930891F4", "A353E45E:475CF2BE:BD8BF192", "D315857C:98AACD89:93312E8A"] t=1791486186389
EPOCH_RECONCILED epoch=2 reporter=633D9D614858AB1710D5D8C3180E2A082DC97208BA8C26BA6C6D1A86C8E31CC0 complete=false entries=2660 total=43580 symbols=3728 dropped=false t=1791486186456
EPOCH_RECONCILED epoch=2 reporter=633D9D614858AB1710D5D8C3180E2A082DC97208BA8C26BA6C6D1A86C8E31CC0 complete=false entries=2660 total=43580 symbols=3728 dropped=false t=1791486186457
EPOCH_ENDED epoch=3 elections=12845 active=10174 t=1791486186542
EPOCH_ENDED epoch=3 elections=12304 active=10083 t=1791486186543
EPOCH_ENDED epoch=3 elections=11771 active=9569 t=1791486186553
EPOCH_ENDED epoch=3 elections=11934 active=9823 t=1791486186558
EPOCH_CLOSE_UNREADY epoch=2 short_of=reports usable=4 weight=4 required=5 held=4 theirs=["911999B2:475CF2BE:9062F257", "633D9D61:C02CEF6F:C6544CFE", "A353E45E:475CF2BE:BD8BF192", "65A90023:C1035F18:930891F4"] t=1791486186568
EPOCH_RECONCILED epoch=2 reporter=D315857CE70C54DE713F6E82E5613BB3A1266C15E28AD2F4338C7BBEC456F532 complete=true entries=3125 total=3125 symbols=0 dropped=false t=1791486186578
EPOCH_DRAIN_WAIT epoch=3 unterminated=2796 previous_closed=false first=["D059E66CB6A150888F8DDE7D964312A3B1FC5547BCA0D275DDACAEE20257CAA0:active:2:5", "874F2BC7C522378A0B4D66F1CF2CBA3047A61071FE288D19BD349D103C09B392:active:2:3", "9CF545931D7F90BCA7712510BDB2F924A4745C5A6763BE7DEE8CCB32C6A95AB4:active:2:4"] t=1791486186644
EPOCH_ENDED epoch=3 elections=12400 active=10053 t=1791486186646
EPOCH_RECONCILED epoch=2 reporter=65A90023F6C0D2181AAA63F005D81BBC0C04650505E21D5123F9AE1F9E992BFF complete=true entries=2864 total=2864 symbols=0 dropped=false t=1791486186655
EPOCH_RECONCILED epoch=2 reporter=D315857CE70C54DE713F6E82E5613BB3A1266C15E28AD2F4338C7BBEC456F532 complete=true entries=3125 total=3125 symbols=0 dropped=false t=1791486186830
EPOCH_RECONCILED epoch=2 reporter=633D9D614858AB1710D5D8C3180E2A082DC97208BA8C26BA6C6D1A86C8E31CC0 complete=false entries=2660 total=43580 symbols=3728 dropped=false t=1791486186834
EPOCH_RECONCILED epoch=2 reporter=911999B2AEFA7ACC66EBD802B3301FF6CE431405107749D940277955CB7FDD07 complete=true entries=3125 total=3125 symbols=0 dropped=false t=1791486186841
EPOCH_CLOSE_UNREADY epoch=2 short_of=reports usable=4 weight=4 required=5 held=4 theirs=["911999B2:475CF2BE:9062F257", "D315857C:98AACD89:93312E8A", "633D9D61:C02CEF6F:C6544CFE", "65A90023:C1035F18:930891F4"] t=1791486186847
EPOCH_DRAIN_WAIT epoch=3 unterminated=2443 previous_closed=false first=["D059E66CB6A150888F8DDE7D964312A3B1FC5547BCA0D275DDACAEE20257CAA0:active:2:5", "9CF545931D7F90BCA7712510BDB2F924A4745C5A6763BE7DEE8CCB32C6A95AB4:active:1:3", "AED8954B70AC4369EE8F772986B23EA20E75B267DE45C62A8BC465211A2D0FA2:active:2:5"] t=1791486186863
EPOCH_RECONCILED epoch=2 reporter=D315857CE70C54DE713F6E82E5613BB3A1266C15E28AD2F4338C7BBEC456F532 complete=true entries=3125 total=3125 symbols=0 dropped=false t=1791486186908
EPOCH_RECONCILED epoch=2 reporter=A353E45E6D0016CAEED0DFA4EC5B0640E2AA22A793F9F2375E77F1AB92977C04 complete=true entries=2860 total=2860 symbols=0 dropped=false t=1791486186913
EPOCH_RECONCILED epoch=2 reporter=633D9D614858AB1710D5D8C3180E2A082DC97208BA8C26BA6C6D1A86C8E31CC0 complete=false entries=2502 total=43580 symbols=3728 dropped=false t=1791486187061
EPOCH_FOLLOW cemented=30 cementing=0 requested=0 pending=414 t=1791486187200
EPOCH_RECONCILED epoch=2 reporter=633D9D614858AB1710D5D8C3180E2A082DC97208BA8C26BA6C6D1A86C8E31CC0 complete=true entries=4440 total=4440 symbols=0 dropped=false t=1791486187208
EPOCH_FOLLOW cemented=27 cementing=0 requested=0 pending=243 t=1791486187209
EPOCH_RECONCILED epoch=2 reporter=633D9D614858AB1710D5D8C3180E2A082DC97208BA8C26BA6C6D1A86C8E31CC0 complete=true entries=4440 total=4440 symbols=0 dropped=false t=1791486187244
EPOCH_CLOSE_READY epoch=2 t=1791486187255
EPOCH_CLOSE_ROUND epoch=2 round=0 leader=735FE217D91E88EA82324C5883296385FA0041C2FAC85C827BAA46DA1E14B83F leads=false t=1791486187260
EPOCH_DRAIN_WAIT epoch=3 unterminated=2791 previous_closed=false first=["D059E66CB6A150888F8DDE7D964312A3B1FC5547BCA0D275DDACAEE20257CAA0:active:2:5", "874F2BC7C522378A0B4D66F1CF2CBA3047A61071FE288D19BD349D103C09B392:active:2:3", "9CF545931D7F90BCA7712510BDB2F924A4745C5A6763BE7DEE8CCB32C6A95AB4:active:2:4"] t=1791486187260
EPOCH_RECONCILED epoch=2 reporter=633D9D614858AB1710D5D8C3180E2A082DC97208BA8C26BA6C6D1A86C8E31CC0 complete=true entries=4440 total=4440 symbols=0 dropped=false t=1791486187281
EPOCH_CLOSE_READY epoch=2 t=1791486187313
EPOCH_CLOSE_ROUND epoch=2 round=0 leader=735FE217D91E88EA82324C5883296385FA0041C2FAC85C827BAA46DA1E14B83F leads=false t=1791486187317
EPOCH_DRAIN_WAIT epoch=3 unterminated=2786 previous_closed=false first=["D059E66CB6A150888F8DDE7D964312A3B1FC5547BCA0D275DDACAEE20257CAA0:active:2:5", "874F2BC7C522378A0B4D66F1CF2CBA3047A61071FE288D19BD349D103C09B392:active:2:3", "9CF545931D7F90BCA7712510BDB2F924A4745C5A6763BE7DEE8CCB32C6A95AB4:active:2:4"] t=1791486187318
EPOCH_CLOSE_UNREADY epoch=2 short_of=reports usable=4 weight=4 required=5 held=4 theirs=["633D9D61:C02CEF6F:C6544CFE", "911999B2:475CF2BE:9062F257", "D315857C:98AACD89:93312E8A", "A353E45E:475CF2BE:BD8BF192"] t=1791486187335
EPOCH_DRAIN_WAIT epoch=3 unterminated=2617 previous_closed=false first=["D059E66CB6A150888F8DDE7D964312A3B1FC5547BCA0D275DDACAEE20257CAA0:active:2:5", "874F2BC7C522378A0B4D66F1CF2CBA3047A61071FE288D19BD349D103C09B392:active:1:3", "9CF545931D7F90BCA7712510BDB2F924A4745C5A6763BE7DEE8CCB32C6A95AB4:active:1:3"] t=1791486187340
EPOCH_CLOSE_READY epoch=2 t=1791486187369
EPOCH_CLOSE_ROUND epoch=2 round=0 leader=735FE217D91E88EA82324C5883296385FA0041C2FAC85C827BAA46DA1E14B83F leads=false t=1791486187379
EPOCH_CLOSE_READY epoch=2 t=1791486187552
EPOCH_CLOSE_ROUND epoch=2 round=0 leader=735FE217D91E88EA82324C5883296385FA0041C2FAC85C827BAA46DA1E14B83F leads=false t=1791486187556
EPOCH_DRAIN_WAIT epoch=3 unterminated=2795 previous_closed=false first=["D059E66CB6A150888F8DDE7D964312A3B1FC5547BCA0D275DDACAEE20257CAA0:active:2:5", "874F2BC7C522378A0B4D66F1CF2CBA3047A61071FE288D19BD349D103C09B392:active:2:3", "9CF545931D7F90BCA7712510BDB2F924A4745C5A6763BE7DEE8CCB32C6A95AB4:active:2:4"] t=1791486187716
EPOCH_RECONCILED epoch=2 reporter=633D9D614858AB1710D5D8C3180E2A082DC97208BA8C26BA6C6D1A86C8E31CC0 complete=true entries=4440 total=4440 symbols=0 dropped=false t=1791486187831
EPOCH_DRAIN_WAIT epoch=3 unterminated=2445 previous_closed=false first=["D059E66CB6A150888F8DDE7D964312A3B1FC5547BCA0D275DDACAEE20257CAA0:active:2:5", "9CF545931D7F90BCA7712510BDB2F924A4745C5A6763BE7DEE8CCB32C6A95AB4:active:1:3", "AED8954B70AC4369EE8F772986B23EA20E75B267DE45C62A8BC465211A2D0FA2:active:2:5"] t=1791486187885
EPOCH_CLOSE_READY epoch=2 t=1791486187951
EPOCH_CLOSE_ROUND epoch=2 round=0 leader=735FE217D91E88EA82324C5883296385FA0041C2FAC85C827BAA46DA1E14B83F leads=false t=1791486187971
EPOCH_FOLLOW cemented=6 cementing=0 requested=0 pending=408 t=1791486188232
EPOCH_FOLLOW cemented=2 cementing=0 requested=0 pending=241 t=1791486188242
EPOCH_DRAIN_WAIT epoch=3 unterminated=2789 previous_closed=false first=["D059E66CB6A150888F8DDE7D964312A3B1FC5547BCA0D275DDACAEE20257CAA0:active:2:5", "874F2BC7C522378A0B4D66F1CF2CBA3047A61071FE288D19BD349D103C09B392:active:2:3", "9CF545931D7F90BCA7712510BDB2F924A4745C5A6763BE7DEE8CCB32C6A95AB4:active:2:4"] t=1791486188272
EPOCH_DRAIN_WAIT epoch=3 unterminated=2784 previous_closed=false first=["D059E66CB6A150888F8DDE7D964312A3B1FC5547BCA0D275DDACAEE20257CAA0:active:2:5", "874F2BC7C522378A0B4D66F1CF2CBA3047A61071FE288D19BD349D103C09B392:active:2:3", "9CF545931D7F90BCA7712510BDB2F924A4745C5A6763BE7DEE8CCB32C6A95AB4:active:2:4"] t=1791486188340
EPOCH_DRAIN_WAIT epoch=3 unterminated=2617 previous_closed=false first=["D059E66CB6A150888F8DDE7D964312A3B1FC5547BCA0D275DDACAEE20257CAA0:active:2:5", "874F2BC7C522378A0B4D66F1CF2CBA3047A61071FE288D19BD349D103C09B392:active:2:3", "9CF545931D7F90BCA7712510BDB2F924A4745C5A6763BE7DEE8CCB32C6A95AB4:active:1:3"] t=1791486188641
EPOCH_DRAIN_WAIT epoch=3 unterminated=2794 previous_closed=false first=["D059E66CB6A150888F8DDE7D964312A3B1FC5547BCA0D275DDACAEE20257CAA0:active:2:5", "874F2BC7C522378A0B4D66F1CF2CBA3047A61071FE288D19BD349D103C09B392:active:2:3", "9CF545931D7F90BCA7712510BDB2F924A4745C5A6763BE7DEE8CCB32C6A95AB4:active:2:4"] t=1791486188743
EPOCH_DRAIN_WAIT epoch=3 unterminated=2450 previous_closed=false first=["D059E66CB6A150888F8DDE7D964312A3B1FC5547BCA0D275DDACAEE20257CAA0:active:2:5", "9CF545931D7F90BCA7712510BDB2F924A4745C5A6763BE7DEE8CCB32C6A95AB4:active:1:3", "AED8954B70AC4369EE8F772986B23EA20E75B267DE45C62A8BC465211A2D0FA2:active:2:5"] t=1791486188998
EPOCH_FOLLOW cemented=3 cementing=0 requested=127 pending=238 t=1791486189264
EPOCH_FOLLOW cemented=6 cementing=0 requested=297 pending=402 t=1791486189265
EPOCH_DRAIN_WAIT epoch=3 unterminated=2787 previous_closed=false first=["D059E66CB6A150888F8DDE7D964312A3B1FC5547BCA0D275DDACAEE20257CAA0:active:2:5", "874F2BC7C522378A0B4D66F1CF2CBA3047A61071FE288D19BD349D103C09B392:active:2:3", "9CF545931D7F90BCA7712510BDB2F924A4745C5A6763BE7DEE8CCB32C6A95AB4:active:2:4"] t=1791486189337
EPOCH_DRAIN_WAIT epoch=3 unterminated=2782 previous_closed=false first=["D059E66CB6A150888F8DDE7D964312A3B1FC5547BCA0D275DDACAEE20257CAA0:active:2:5", "874F2BC7C522378A0B4D66F1CF2CBA3047A61071FE288D19BD349D103C09B392:active:2:3", "9CF545931D7F90BCA7712510BDB2F924A4745C5A6763BE7DEE8CCB32C6A95AB4:active:2:4"] t=1791486189522
EPOCH_CLOSE_ROUND epoch=2 round=1 leader=911999B2AEFA7ACC66EBD802B3301FF6CE431405107749D940277955CB7FDD07 leads=true t=1791486189803
EPOCH_CLOSE_ROUND epoch=2 round=1 leader=911999B2AEFA7ACC66EBD802B3301FF6CE431405107749D940277955CB7FDD07 leads=false t=1791486189853
EPOCH_DRAIN_WAIT epoch=3 unterminated=2697 previous_closed=false first=["D059E66CB6A150888F8DDE7D964312A3B1FC5547BCA0D275DDACAEE20257CAA0:active:2:5", "874F2BC7C522378A0B4D66F1CF2CBA3047A61071FE288D19BD349D103C09B392:active:2:3", "9CF545931D7F90BCA7712510BDB2F924A4745C5A6763BE7DEE8CCB32C6A95AB4:active:1:3"] t=1791486189853
EPOCH_CLOSE_ROUND epoch=2 round=1 leader=911999B2AEFA7ACC66EBD802B3301FF6CE431405107749D940277955CB7FDD07 leads=false t=1791486189915
EPOCH_DRAIN_WAIT epoch=3 unterminated=2792 previous_closed=false first=["D059E66CB6A150888F8DDE7D964312A3B1FC5547BCA0D275DDACAEE20257CAA0:active:2:5", "874F2BC7C522378A0B4D66F1CF2CBA3047A61071FE288D19BD349D103C09B392:active:2:3", "9CF545931D7F90BCA7712510BDB2F924A4745C5A6763BE7DEE8CCB32C6A95AB4:active:2:4"] t=1791486189916
EPOCH_CLOSE_ROUND epoch=2 round=1 leader=911999B2AEFA7ACC66EBD802B3301FF6CE431405107749D940277955CB7FDD07 leads=false t=1791486190017
EPOCH_CLOSE_ROUND epoch=2 round=1 leader=911999B2AEFA7ACC66EBD802B3301FF6CE431405107749D940277955CB7FDD07 leads=false t=1791486190052
EPOCH_DRAIN_WAIT epoch=3 unterminated=2558 previous_closed=false first=["D059E66CB6A150888F8DDE7D964312A3B1FC5547BCA0D275DDACAEE20257CAA0:active:2:5", "874F2BC7C522378A0B4D66F1CF2CBA3047A61071FE288D19BD349D103C09B392:active:1:3", "9CF545931D7F90BCA7712510BDB2F924A4745C5A6763BE7DEE8CCB32C6A95AB4:active:1:3"] t=1791486190053
EPOCH_FOLLOW cemented=82 cementing=0 requested=0 pending=156 t=1791486190299
EPOCH_FOLLOW cemented=110 cementing=0 requested=0 pending=292 t=1791486190299
EPOCH_DRAIN_WAIT epoch=3 unterminated=2787 previous_closed=false first=["D059E66CB6A150888F8DDE7D964312A3B1FC5547BCA0D275DDACAEE20257CAA0:active:2:5", "874F2BC7C522378A0B4D66F1CF2CBA3047A61071FE288D19BD349D103C09B392:active:2:3", "9CF545931D7F90BCA7712510BDB2F924A4745C5A6763BE7DEE8CCB32C6A95AB4:active:2:4"] t=1791486190640
EPOCH_DRAIN_WAIT epoch=3 unterminated=2697 previous_closed=false first=["D059E66CB6A150888F8DDE7D964312A3B1FC5547BCA0D275DDACAEE20257CAA0:active:2:5", "874F2BC7C522378A0B4D66F1CF2CBA3047A61071FE288D19BD349D103C09B392:active:2:3", "9CF545931D7F90BCA7712510BDB2F924A4745C5A6763BE7DEE8CCB32C6A95AB4:active:1:3"] t=1791486190889
EPOCH_DRAIN_WAIT epoch=3 unterminated=2792 previous_closed=false first=["D059E66CB6A150888F8DDE7D964312A3B1FC5547BCA0D275DDACAEE20257CAA0:active:2:5", "874F2BC7C522378A0B4D66F1CF2CBA3047A61071FE288D19BD349D103C09B392:active:2:3", "9CF545931D7F90BCA7712510BDB2F924A4745C5A6763BE7DEE8CCB32C6A95AB4:active:2:4"] t=1791486190978
EPOCH_DRAIN_WAIT epoch=3 unterminated=2559 previous_closed=false first=["D059E66CB6A150888F8DDE7D964312A3B1FC5547BCA0D275DDACAEE20257CAA0:active:2:5", "874F2BC7C522378A0B4D66F1CF2CBA3047A61071FE288D19BD349D103C09B392:active:1:3", "9CF545931D7F90BCA7712510BDB2F924A4745C5A6763BE7DEE8CCB32C6A95AB4:active:1:3"] t=1791486191097
EPOCH_FOLLOW cemented=6 cementing=0 requested=105 pending=286 t=1791486191341
EPOCH_FOLLOW cemented=2 cementing=0 requested=111 pending=154 t=1791486191370
EPOCH_DERIVE_TIMING epoch=2 claims=49336 claim_ms=238 manifest_ms=122 build_ms=822 t=1791486191400
EPOCH_PROPOSED epoch=2 round=1 value=0F46252E03E8EED07112E3D5EE06154DAF8196B03F2A0837B80A8C472366B8DF state=806E25817210CE6219E7BACECC57CD89DA269BBC58262F62BADC5ED0AE248875 reports=5 t=1791486191401
EPOCH_VALUE epoch=2 value=0F46252E03E8EED07112E3D5EE06154DAF8196B03F2A0837B80A8C472366B8DF state=806E25817210CE6219E7BACECC57CD89DA269BBC58262F62BADC5ED0AE248875 t=1791486191462
EPOCH_DRAIN_WAIT epoch=3 unterminated=2774 previous_closed=false first=["D059E66CB6A150888F8DDE7D964312A3B1FC5547BCA0D275DDACAEE20257CAA0:active:2:5", "874F2BC7C522378A0B4D66F1CF2CBA3047A61071FE288D19BD349D103C09B392:active:2:3", "9CF545931D7F90BCA7712510BDB2F924A4745C5A6763BE7DEE8CCB32C6A95AB4:active:2:4"] t=1791486191469
EPOCH_MANIFEST_FETCHED epoch=2 manifest=D22381AF2E9D5D0782ADCCF035FF4C71C0AF5C8922BA42B0BB75D77C0B42BBE0 entries=36157 t=1791486192023
EPOCH_MANIFEST_FETCHED epoch=2 manifest=D22381AF2E9D5D0782ADCCF035FF4C71C0AF5C8922BA42B0BB75D77C0B42BBE0 entries=36157 t=1791486192171
EPOCH_MANIFEST_FETCHED epoch=2 manifest=D22381AF2E9D5D0782ADCCF035FF4C71C0AF5C8922BA42B0BB75D77C0B42BBE0 entries=36157 t=1791486192176
EPOCH_MANIFEST_FETCHED epoch=2 manifest=D22381AF2E9D5D0782ADCCF035FF4C71C0AF5C8922BA42B0BB75D77C0B42BBE0 entries=36157 t=1791486192187
EPOCH_FOLLOW cemented=92 cementing=0 requested=0 pending=62 t=1791486192364
EPOCH_FOLLOW cemented=97 cementing=0 requested=0 pending=189 t=1791486192365
EPOCH_MANIFEST_VOTES_MISSING epoch=2 manifest=D22381AF2E9D5D0782ADCCF035FF4C71C0AF5C8922BA42B0BB75D77C0B42BBE0 hashes=2 t=1791486192534
EPOCH_MANIFEST_VOTES_MISSING epoch=2 manifest=D22381AF2E9D5D0782ADCCF035FF4C71C0AF5C8922BA42B0BB75D77C0B42BBE0 hashes=58 t=1791486192679
EPOCH_MANIFEST_VOTES_MISSING epoch=2 manifest=D22381AF2E9D5D0782ADCCF035FF4C71C0AF5C8922BA42B0BB75D77C0B42BBE0 hashes=8 t=1791486192691
EPOCH_MANIFEST_VOTES_MISSING epoch=2 manifest=D22381AF2E9D5D0782ADCCF035FF4C71C0AF5C8922BA42B0BB75D77C0B42BBE0 hashes=25 t=1791486192695
EPOCH_DRAIN_WAIT epoch=3 unterminated=2750 previous_closed=false first=["D059E66CB6A150888F8DDE7D964312A3B1FC5547BCA0D275DDACAEE20257CAA0:active:2:5", "874F2BC7C522378A0B4D66F1CF2CBA3047A61071FE288D19BD349D103C09B392:active:2:3", "9CF545931D7F90BCA7712510BDB2F924A4745C5A6763BE7DEE8CCB32C6A95AB4:active:2:4"] t=1791486192829
EPOCH_MANIFEST_VOTES_MISSING epoch=2 manifest=D22381AF2E9D5D0782ADCCF035FF4C71C0AF5C8922BA42B0BB75D77C0B42BBE0 hashes=6 t=1791486193218
EPOCH_MANIFEST_VOTES_MISSING epoch=2 manifest=D22381AF2E9D5D0782ADCCF035FF4C71C0AF5C8922BA42B0BB75D77C0B42BBE0 hashes=17 t=1791486193218
EPOCH_FOLLOW cemented=1 cementing=0 requested=0 pending=61 t=1791486193390
EPOCH_FOLLOW cemented=1 cementing=0 requested=0 pending=188 t=1791486193402
EPOCH_MANIFEST_VOTES_MISSING epoch=2 manifest=D22381AF2E9D5D0782ADCCF035FF4C71C0AF5C8922BA42B0BB75D77C0B42BBE0 hashes=4 t=1791486193733
EPOCH_DRAIN_WAIT epoch=3 unterminated=2750 previous_closed=false first=["D059E66CB6A150888F8DDE7D964312A3B1FC5547BCA0D275DDACAEE20257CAA0:active:2:5", "874F2BC7C522378A0B4D66F1CF2CBA3047A61071FE288D19BD349D103C09B392:active:2:3", "9CF545931D7F90BCA7712510BDB2F924A4745C5A6763BE7DEE8CCB32C6A95AB4:active:2:4"] t=1791486193789
EPOCH_VALIDATE_TIMING epoch=2 evidence_ms=819 build_ms=667 t=1791486194032
EPOCH_VALUE epoch=2 value=0F46252E03E8EED07112E3D5EE06154DAF8196B03F2A0837B80A8C472366B8DF state=806E25817210CE6219E7BACECC57CD89DA269BBC58262F62BADC5ED0AE248875 t=1791486194053
EPOCH_VALIDATE_TIMING epoch=2 evidence_ms=882 build_ms=710 t=1791486194293
EPOCH_VALUE epoch=2 value=0F46252E03E8EED07112E3D5EE06154DAF8196B03F2A0837B80A8C472366B8DF state=806E25817210CE6219E7BACECC57CD89DA269BBC58262F62BADC5ED0AE248875 t=1791486194313
EPOCH_VALIDATE_TIMING epoch=2 evidence_ms=531 build_ms=621 t=1791486194377
EPOCH_VALUE epoch=2 value=0F46252E03E8EED07112E3D5EE06154DAF8196B03F2A0837B80A8C472366B8DF state=806E25817210CE6219E7BACECC57CD89DA269BBC58262F62BADC5ED0AE248875 t=1791486194395
EPOCH_DRAIN_WAIT epoch=3 unterminated=2760 previous_closed=false first=["D059E66CB6A150888F8DDE7D964312A3B1FC5547BCA0D275DDACAEE20257CAA0:active:2:5", "874F2BC7C522378A0B4D66F1CF2CBA3047A61071FE288D19BD349D103C09B392:active:2:3", "9CF545931D7F90BCA7712510BDB2F924A4745C5A6763BE7DEE8CCB32C6A95AB4:active:2:4"] t=1791486194406
EPOCH_CLOSE_ROUND epoch=2 round=2 leader=A353E45E6D0016CAEED0DFA4EC5B0640E2AA22A793F9F2375E77F1AB92977C04 leads=false t=1791486194713
EPOCH_CLOSE_ROUND epoch=2 round=2 leader=A353E45E6D0016CAEED0DFA4EC5B0640E2AA22A793F9F2375E77F1AB92977C04 leads=false t=1791486194714
EPOCH_VALIDATE_TIMING epoch=2 evidence_ms=338 build_ms=637 t=1791486194726
EPOCH_VALUE epoch=2 value=0F46252E03E8EED07112E3D5EE06154DAF8196B03F2A0837B80A8C472366B8DF state=806E25817210CE6219E7BACECC57CD89DA269BBC58262F62BADC5ED0AE248875 t=1791486194728
EPOCH_DRAIN_WAIT epoch=3 unterminated=2755 previous_closed=false first=["D059E66CB6A150888F8DDE7D964312A3B1FC5547BCA0D275DDACAEE20257CAA0:active:2:5", "874F2BC7C522378A0B4D66F1CF2CBA3047A61071FE288D19BD349D103C09B392:active:2:3", "9CF545931D7F90BCA7712510BDB2F924A4745C5A6763BE7DEE8CCB32C6A95AB4:active:2:4"] t=1791486194737
EPOCH_INSTALL epoch=2 finalized=14871 instances_confirmed=1600 t=1791486194938
EPOCH_LATE_NOTAR epoch=2 blocks=2027 notarized=1639 cast=21510 t=1791486194940
EPOCH_INSTALL epoch=2 finalized=14871 instances_confirmed=1600 t=1791486194945
EPOCH_LATE_NOTAR epoch=2 blocks=2027 notarized=1639 cast=21533 t=1791486194947
EPOCH_GATE epoch=3 released=2854 finalized=0 t=1791486194952
EPOCH_INSTALL epoch=2 finalized=14871 instances_confirmed=1600 t=1791486194966
EPOCH_LATE_NOTAR epoch=2 blocks=2027 notarized=1639 cast=21224 t=1791486194968
EPOCH_COMMITTEE derived_by=2 members=6 accounts=10477 n=6 digest=95D409445152DD075E6A4799205DFA5689496EB8EE1A22AC2A200B9DBC2DCF27 shares=["735FE217:16.7%", "A353E45E:16.7%", "D315857C:16.7%", "911999B2:16.7%", "633D9D61:16.7%", "65A90023:16.7%"] t=1791486194982
EPOCH_GATE epoch=3 released=2854 finalized=0 t=1791486194982
EPOCH_GATE epoch=3 released=2854 finalized=0 t=1791486194984
EPOCH_LOCKS_CONTINUED epoch=2 instances=19 t=1791486194991
EPOCH_COMMITTEE derived_by=2 members=6 accounts=10477 n=6 digest=95D409445152DD075E6A4799205DFA5689496EB8EE1A22AC2A200B9DBC2DCF27 shares=["735FE217:16.7%", "A353E45E:16.7%", "D315857C:16.7%", "911999B2:16.7%", "633D9D61:16.7%", "65A90023:16.7%"] t=1791486195008
EPOCH_LOCKS epoch=2 continued=19 kinds={"locks=1 kind=Some(Recovery) nc_here=false saved=false": 14, "locks=1 kind=Some(Recovery) nc_here=false saved=true": 3110} t=1791486195008
EPOCH_OMITTED epoch=2 instances=0 retained=3124 t=1791486195009
EPOCH_CLOSED epoch=2 round=1 value=0F46252E03E8EED07112E3D5EE06154DAF8196B03F2A0837B80A8C472366B8DF state=806E25817210CE6219E7BACECC57CD89DA269BBC58262F62BADC5ED0AE248875 t=1791486195010
EPOCH_LOCKS_CONTINUED epoch=2 instances=19 t=1791486195011
EPOCH_COMMITTEE derived_by=2 members=6 accounts=10477 n=6 digest=95D409445152DD075E6A4799205DFA5689496EB8EE1A22AC2A200B9DBC2DCF27 shares=["735FE217:16.7%", "A353E45E:16.7%", "D315857C:16.7%", "911999B2:16.7%", "633D9D61:16.7%", "65A90023:16.7%"] t=1791486195015
EPOCH_LOCKS epoch=2 continued=19 kinds={"locks=1 kind=Some(Recovery) nc_here=false saved=false": 14, "locks=1 kind=Some(Recovery) nc_here=false saved=true": 3110} t=1791486195016
EPOCH_OMITTED epoch=2 instances=0 retained=3124 t=1791486195016
EPOCH_CLOSED epoch=2 round=1 value=0F46252E03E8EED07112E3D5EE06154DAF8196B03F2A0837B80A8C472366B8DF state=806E25817210CE6219E7BACECC57CD89DA269BBC58262F62BADC5ED0AE248875 t=1791486195016
EPOCH_LOCKS_CONTINUED epoch=2 instances=19 t=1791486195018
EPOCH_LOCKS epoch=2 continued=19 kinds={"locks=1 kind=Some(Recovery) nc_here=false saved=true": 3124} t=1791486195023
EPOCH_OMITTED epoch=2 instances=0 retained=3124 t=1791486195023
EPOCH_CLOSED epoch=2 round=1 value=0F46252E03E8EED07112E3D5EE06154DAF8196B03F2A0837B80A8C472366B8DF state=806E25817210CE6219E7BACECC57CD89DA269BBC58262F62BADC5ED0AE248875 t=1791486195023
EPOCH_VALIDATE_TIMING epoch=2 evidence_ms=526 build_ms=487 t=1791486195073
EPOCH_DRAIN_WAIT epoch=3 unterminated=2702 previous_closed=false first=["D059E66CB6A150888F8DDE7D964312A3B1FC5547BCA0D275DDACAEE20257CAA0:active:2:5", "874F2BC7C522378A0B4D66F1CF2CBA3047A61071FE288D19BD349D103C09B392:active:2:3", "9CF545931D7F90BCA7712510BDB2F924A4745C5A6763BE7DEE8CCB32C6A95AB4:active:1:3"] t=1791486195090
EPOCH_CARRIED epoch=3 instances=2775 split=99 t=1791486195169
EPOCH_ADVANCED epoch=4 elections=10677 active=10281 vote_records=482329 t=1791486195169
EPOCH_INSTALL epoch=2 finalized=14871 instances_confirmed=1600 t=1791486195174
EPOCH_LATE_NOTAR epoch=2 blocks=2027 notarized=1639 cast=22120 t=1791486195176
EPOCH_INSTALLED epoch=2 finalized=14871 cemented=14871 queued=0 missing=0 t=1791486195202
EPOCH_RETAINED epoch=2 retained=3124 held=3124 missing=0 t=1791486195204
EPOCH_INSTALLED epoch=2 finalized=14871 cemented=14871 queued=0 missing=0 t=1791486195211
EPOCH_RETAINED epoch=2 retained=3124 held=3124 missing=0 t=1791486195213
EPOCH_GATE epoch=3 released=2808 finalized=0 t=1791486195218
EPOCH_CARRIED epoch=3 instances=2777 split=96 t=1791486195233
EPOCH_ADVANCED epoch=4 elections=10678 active=10289 vote_records=482333 t=1791486195233
EPOCH_COMMITTEE derived_by=2 members=6 accounts=10477 n=6 digest=95D409445152DD075E6A4799205DFA5689496EB8EE1A22AC2A200B9DBC2DCF27 shares=["735FE217:16.7%", "A353E45E:16.7%", "D315857C:16.7%", "911999B2:16.7%", "633D9D61:16.7%", "65A90023:16.7%"] t=1791486195243
EPOCH_LOCKS epoch=2 continued=0 kinds={"locks=1 kind=Some(Recovery) nc_here=false saved=false": 2852, "locks=1 kind=Some(Recovery) nc_here=false saved=true": 263} t=1791486195258
EPOCH_OMITTED epoch=2 instances=0 retained=3115 t=1791486195258
EPOCH_CLOSED epoch=2 round=1 value=0F46252E03E8EED07112E3D5EE06154DAF8196B03F2A0837B80A8C472366B8DF state=806E25817210CE6219E7BACECC57CD89DA269BBC58262F62BADC5ED0AE248875 t=1791486195258
EPOCH_CARRIED epoch=3 instances=2770 split=104 t=1791486195339
EPOCH_ADVANCED epoch=4 elections=10672 active=10262 vote_records=482383 t=1791486195339
EPOCH_INSTALLED epoch=2 finalized=14871 cemented=14871 queued=0 missing=0 t=1791486195423
EPOCH_RETAINED epoch=2 retained=3124 held=3124 missing=0 t=1791486195425
EPOCH_FOLLOW cemented=12 cementing=0 requested=0 pending=49 t=1791486195485
EPOCH_CLOSE_UNREADY epoch=3 short_of=reports usable=0 weight=0 required=5 held=0 theirs=[] t=1791486195573
EPOCH_VALIDATE_TIMING epoch=2 evidence_ms=475 build_ms=803 t=1791486195590
EPOCH_DRAIN_WAIT epoch=3 unterminated=2566 previous_closed=false first=["D059E66CB6A150888F8DDE7D964312A3B1FC5547BCA0D275DDACAEE20257CAA0:active:2:5", "874F2BC7C522378A0B4D66F1CF2CBA3047A61071FE288D19BD349D103C09B392:active:1:3", "9CF545931D7F90BCA7712510BDB2F924A4745C5A6763BE7DEE8CCB32C6A95AB4:active:1:3"] t=1791486195604
EPOCH_LOCKS_CONTINUED epoch=2 instances=99 t=1791486195786
EPOCH_INSTALL epoch=2 finalized=14871 instances_confirmed=1600 t=1791486195949
EPOCH_CLOSE_UNREADY epoch=3 short_of=reports usable=0 weight=0 required=5 held=0 theirs=[] t=1791486195961
EPOCH_CLOSE_UNREADY epoch=3 short_of=reports usable=0 weight=0 required=5 held=0 theirs=[] t=1791486195965
EPOCH_LATE_NOTAR epoch=2 blocks=2027 notarized=1639 cast=21850 t=1791486195968
EPOCH_LOCKS_CONTINUED epoch=2 instances=87 t=1791486196003
EPOCH_LOCKS_CONTINUED epoch=2 instances=87 t=1791486196005
EPOCH_CARRIED epoch=3 instances=2703 split=106 t=1791486196040
EPOCH_ADVANCED epoch=4 elections=9190 active=7425 vote_records=490392 t=1791486196040
EPOCH_GATE epoch=3 released=2671 finalized=0 t=1791486196059
EPOCH_INSTALLED epoch=2 finalized=14871 cemented=14871 queued=0 missing=0 t=1791486196099
EPOCH_RETAINED epoch=2 retained=3124 held=1616 missing=1508 t=1791486196156
EPOCH_COMMITTEE derived_by=2 members=6 accounts=10477 n=6 digest=95D409445152DD075E6A4799205DFA5689496EB8EE1A22AC2A200B9DBC2DCF27 shares=["735FE217:16.7%", "A353E45E:16.7%", "D315857C:16.7%", "911999B2:16.7%", "633D9D61:16.7%", "65A90023:16.7%"] t=1791486196207
EPOCH_LOCKS epoch=2 continued=0 kinds={"locks=1 kind=Some(Recovery) nc_here=false saved=false": 2852, "locks=1 kind=Some(Recovery) nc_here=false saved=true": 263} t=1791486196216
EPOCH_OMITTED epoch=2 instances=0 retained=3115 t=1791486196216
EPOCH_CLOSED epoch=2 round=1 value=0F46252E03E8EED07112E3D5EE06154DAF8196B03F2A0837B80A8C472366B8DF state=806E25817210CE6219E7BACECC57CD89DA269BBC58262F62BADC5ED0AE248875 t=1791486196216
EPOCH_FOLLOW cemented=8 cementing=0 requested=0 pending=180 t=1791486196511
EPOCH_FOLLOW cemented=17 cementing=0 requested=1451 pending=1495 t=1791486196639
EPOCH_CARRIED epoch=3 instances=2572 split=103 t=1791486196668
EPOCH_ADVANCED epoch=4 elections=8922 active=7295 vote_records=493971 t=1791486196668
EPOCH_CLOSE_UNREADY epoch=3 short_of=reports usable=0 weight=0 required=5 held=0 theirs=[] t=1791486196671
EPOCH_CLOSE_UNREADY epoch=3 short_of=reports usable=0 weight=0 required=5 held=0 theirs=[] t=1791486196921
EPOCH_EVIDENCE_RELEASED epoch=2 t=1791486197026
EPOCH_INSTALLED epoch=2 finalized=14871 cemented=14871 queued=0 missing=0 t=1791486197056
EPOCH_RETAINED epoch=2 retained=3124 held=1485 missing=1639 t=1791486197059
EPOCH_EVIDENCE_RELEASED epoch=2 t=1791486197091
EPOCH_CLOSE_UNREADY epoch=3 short_of=reports usable=0 weight=0 required=5 held=0 theirs=[] t=1791486197157
EPOCH_REPORT epoch=3 certified=45064 residual=2853 root=7560AE26E010088F38E87475622737F0A2BDAC6524DC3904A5DBC37D742CFD22 reports=1 t=1791486197242
EPOCH_REPORT epoch=3 certified=45064 residual=2859 root=3CF889FE42F449726D757A3C5D5CDB43EBB1FAE727B8A8051F416DE7DB382172 reports=1 t=1791486197344
EPOCH_REPORT epoch=3 certified=45064 residual=2840 root=7560AE26E010088F38E87475622737F0A2BDAC6524DC3904A5DBC37D742CFD22 reports=1 t=1791486197356
EPOCH_EVIDENCE_RELEASED epoch=2 t=1791486197369
EPOCH_RECONCILED epoch=3 reporter=D315857CE70C54DE713F6E82E5613BB3A1266C15E28AD2F4338C7BBEC456F532 complete=false entries=0 total=45064 symbols=0 dropped=false t=1791486197434
EPOCH_RECONCILED epoch=3 reporter=D315857CE70C54DE713F6E82E5613BB3A1266C15E28AD2F4338C7BBEC456F532 complete=true entries=2853 total=2853 symbols=0 dropped=false t=1791486197436
EPOCH_RECONCILED epoch=3 reporter=911999B2AEFA7ACC66EBD802B3301FF6CE431405107749D940277955CB7FDD07 complete=false entries=0 total=45064 symbols=0 dropped=false t=1791486197438
EPOCH_FOLLOW cemented=8 cementing=0 requested=1627 pending=1635 t=1791486197547
EPOCH_FOLLOW cemented=521 cementing=0 requested=969 pending=974 t=1791486197552
EPOCH_REPORT epoch=3 certified=45064 residual=1445 root=F8B1AF215F83CA3871E84799247B890147D2283A8151751690AF42265E186BBE reports=1 t=1791486197555
EPOCH_RECONCILED epoch=3 reporter=911999B2AEFA7ACC66EBD802B3301FF6CE431405107749D940277955CB7FDD07 complete=true entries=2859 total=2859 symbols=0 dropped=false t=1791486197653
EPOCH_RECONCILED epoch=3 reporter=D315857CE70C54DE713F6E82E5613BB3A1266C15E28AD2F4338C7BBEC456F532 complete=false entries=2724 total=45064 symbols=3728 dropped=false t=1791486197772
EPOCH_CLOSE_UNREADY epoch=3 short_of=reports usable=1 weight=1 required=5 held=3 theirs=["633D9D61:7560AE26:63675E6E", "65A90023:F8B1AF21:41202862", "D315857C:7560AE26:7C442930"] t=1791486197776
EPOCH_RECONCILED epoch=3 reporter=633D9D614858AB1710D5D8C3180E2A082DC97208BA8C26BA6C6D1A86C8E31CC0 complete=false entries=0 total=45064 symbols=0 dropped=false t=1791486197806
EPOCH_RECONCILED epoch=3 reporter=633D9D614858AB1710D5D8C3180E2A082DC97208BA8C26BA6C6D1A86C8E31CC0 complete=true entries=2840 total=2840 symbols=0 dropped=false t=1791486197816
EPOCH_CLOSE_UNREADY epoch=3 short_of=reports usable=2 weight=2 required=5 held=3 theirs=["633D9D61:7560AE26:63675E6E", "65A90023:F8B1AF21:41202862", "911999B2:3CF889FE:FEE565B1"] t=1791486197869
EPOCH_CLOSE_UNREADY epoch=3 short_of=reports usable=1 weight=1 required=5 held=3 theirs=["D315857C:7560AE26:7C442930", "633D9D61:7560AE26:63675E6E", "911999B2:3CF889FE:FEE565B1"] t=1791486197969
EPOCH_RECONCILED epoch=3 reporter=D315857CE70C54DE713F6E82E5613BB3A1266C15E28AD2F4338C7BBEC456F532 complete=false entries=2730 total=45064 symbols=3728 dropped=false t=1791486198025
EPOCH_CLOSE_UNREADY epoch=3 short_of=reports usable=3 weight=3 required=5 held=3 theirs=["65A90023:F8B1AF21:41202862", "D315857C:7560AE26:7C442930", "911999B2:3CF889FE:FEE565B1"] t=1791486198027
EPOCH_RECONCILED epoch=3 reporter=911999B2AEFA7ACC66EBD802B3301FF6CE431405107749D940277955CB7FDD07 complete=false entries=2740 total=45064 symbols=3728 dropped=false t=1791486198195
EPOCH_FOLLOW cemented=603 cementing=0 requested=950 pending=1032 t=1791486198575
EPOCH_FOLLOW cemented=221 cementing=0 requested=0 pending=753 t=1791486198587
EPOCH_RECONCILED epoch=3 reporter=633D9D614858AB1710D5D8C3180E2A082DC97208BA8C26BA6C6D1A86C8E31CC0 complete=false entries=0 total=45064 symbols=0 dropped=false t=1791486198714
EPOCH_RECONCILED epoch=3 reporter=D315857CE70C54DE713F6E82E5613BB3A1266C15E28AD2F4338C7BBEC456F532 complete=true entries=2853 total=2853 symbols=0 dropped=false t=1791486198809
EPOCH_RECONCILED epoch=3 reporter=633D9D614858AB1710D5D8C3180E2A082DC97208BA8C26BA6C6D1A86C8E31CC0 complete=false entries=0 total=45064 symbols=0 dropped=false t=1791486198811
EPOCH_RECONCILED epoch=3 reporter=633D9D614858AB1710D5D8C3180E2A082DC97208BA8C26BA6C6D1A86C8E31CC0 complete=true entries=2840 total=2840 symbols=0 dropped=false t=1791486198812
EPOCH_RECONCILED epoch=3 reporter=633D9D614858AB1710D5D8C3180E2A082DC97208BA8C26BA6C6D1A86C8E31CC0 complete=true entries=2840 total=2840 symbols=0 dropped=false t=1791486198865
EPOCH_RECONCILED epoch=3 reporter=911999B2AEFA7ACC66EBD802B3301FF6CE431405107749D940277955CB7FDD07 complete=true entries=2859 total=2859 symbols=0 dropped=false t=1791486198915
EPOCH_RECONCILED epoch=3 reporter=D315857CE70C54DE713F6E82E5613BB3A1266C15E28AD2F4338C7BBEC456F532 complete=true entries=2853 total=2853 symbols=0 dropped=false t=1791486198931
EPOCH_CLOSE_UNREADY epoch=3 short_of=reports usable=3 weight=3 required=5 held=3 theirs=["633D9D61:7560AE26:63675E6E", "65A90023:F8B1AF21:41202862", "911999B2:3CF889FE:FEE565B1"] t=1791486199000
EPOCH_RECONCILED epoch=3 reporter=65A90023F6C0D2181AAA63F005D81BBC0C04650505E21D5123F9AE1F9E992BFF complete=false entries=48 total=45064 symbols=108 dropped=false t=1791486199030
EPOCH_CLOSE_UNREADY epoch=3 short_of=reports usable=3 weight=3 required=5 held=3 theirs=["D315857C:7560AE26:7C442930", "633D9D61:7560AE26:63675E6E", "911999B2:3CF889FE:FEE565B1"] t=1791486199059
EPOCH_RECONCILED epoch=3 reporter=65A90023F6C0D2181AAA63F005D81BBC0C04650505E21D5123F9AE1F9E992BFF complete=false entries=48 total=45064 symbols=108 dropped=false t=1791486199062
EPOCH_CLOSE_UNREADY epoch=3 short_of=reports usable=1 weight=1 required=5 held=4 theirs=["633D9D61:7560AE26:63675E6E", "65A90023:F8B1AF21:41202862", "911999B2:3CF889FE:FEE565B1", "D315857C:7560AE26:7C442930"] t=1791486199084
EPOCH_RECONCILED epoch=3 reporter=911999B2AEFA7ACC66EBD802B3301FF6CE431405107749D940277955CB7FDD07 complete=false entries=2704 total=45064 symbols=3728 dropped=false t=1791486199086
EPOCH_REPORT epoch=3 certified=45064 residual=1445 root=A1D9E2AFD9D8CD1D6807760BC4747475BD3132E2652C06BF337EA03657585D2C reports=1 t=1791486199088
EPOCH_CLOSE_UNREADY epoch=3 short_of=reports usable=3 weight=3 required=5 held=4 theirs=["A353E45E:A1D9E2AF:41202862", "65A90023:F8B1AF21:41202862", "D315857C:7560AE26:7C442930", "911999B2:3CF889FE:FEE565B1"] t=1791486199175
EPOCH_RECONCILED epoch=3 reporter=633D9D614858AB1710D5D8C3180E2A082DC97208BA8C26BA6C6D1A86C8E31CC0 complete=false entries=2470 total=45064 symbols=3728 dropped=false t=1791486199180
EPOCH_RECONCILED epoch=3 reporter=D315857CE70C54DE713F6E82E5613BB3A1266C15E28AD2F4338C7BBEC456F532 complete=false entries=2470 total=45064 symbols=3728 dropped=false t=1791486199180
EPOCH_CLOSE_UNREADY epoch=3 short_of=reports usable=3 weight=3 required=5 held=3 theirs=["633D9D61:7560AE26:63675E6E", "65A90023:F8B1AF21:41202862", "D315857C:7560AE26:7C442930"] t=1791486199204
EPOCH_RECONCILED epoch=3 reporter=911999B2AEFA7ACC66EBD802B3301FF6CE431405107749D940277955CB7FDD07 complete=false entries=2444 total=45064 symbols=3728 dropped=false t=1791486199224
EPOCH_RECONCILED epoch=3 reporter=65A90023F6C0D2181AAA63F005D81BBC0C04650505E21D5123F9AE1F9E992BFF complete=false entries=48 total=45064 symbols=108 dropped=false t=1791486199243
EPOCH_RECONCILED epoch=3 reporter=65A90023F6C0D2181AAA63F005D81BBC0C04650505E21D5123F9AE1F9E992BFF complete=false entries=356 total=45064 symbols=546 dropped=false t=1791486199270
EPOCH_FOLLOW cemented=311 cementing=0 requested=8 pending=721 t=1791486199605
EPOCH_FOLLOW cemented=8 cementing=0 requested=728 pending=745 t=1791486199620
EPOCH_RECONCILED epoch=3 reporter=633D9D614858AB1710D5D8C3180E2A082DC97208BA8C26BA6C6D1A86C8E31CC0 complete=true entries=2840 total=2840 symbols=0 dropped=false t=1791486199663
EPOCH_RECONCILED epoch=3 reporter=65A90023F6C0D2181AAA63F005D81BBC0C04650505E21D5123F9AE1F9E992BFF complete=true entries=1445 total=1445 symbols=0 dropped=false t=1791486199679
EPOCH_RECONCILED epoch=3 reporter=911999B2AEFA7ACC66EBD802B3301FF6CE431405107749D940277955CB7FDD07 complete=true entries=2859 total=2859 symbols=0 dropped=false t=1791486199701
EPOCH_RECONCILED epoch=3 reporter=D315857CE70C54DE713F6E82E5613BB3A1266C15E28AD2F4338C7BBEC456F532 complete=true entries=2853 total=2853 symbols=0 dropped=false t=1791486199703
EPOCH_RECONCILED epoch=3 reporter=65A90023F6C0D2181AAA63F005D81BBC0C04650505E21D5123F9AE1F9E992BFF complete=true entries=1445 total=1445 symbols=0 dropped=false t=1791486199713
EPOCH_RECONCILED epoch=3 reporter=911999B2AEFA7ACC66EBD802B3301FF6CE431405107749D940277955CB7FDD07 complete=true entries=2859 total=2859 symbols=0 dropped=false t=1791486199768
EPOCH_RECONCILED epoch=3 reporter=65A90023F6C0D2181AAA63F005D81BBC0C04650505E21D5123F9AE1F9E992BFF complete=true entries=1445 total=1445 symbols=0 dropped=false t=1791486199858
EPOCH_CLOSE_READY epoch=3 t=1791486199863
EPOCH_CLOSE_ROUND epoch=3 round=0 leader=911999B2AEFA7ACC66EBD802B3301FF6CE431405107749D940277955CB7FDD07 leads=false t=1791486199866
EPOCH_RECONCILED epoch=3 reporter=A353E45E6D0016CAEED0DFA4EC5B0640E2AA22A793F9F2375E77F1AB92977C04 complete=false entries=322 total=45064 symbols=546 dropped=false t=1791486199902
EPOCH_RECONCILED epoch=3 reporter=A353E45E6D0016CAEED0DFA4EC5B0640E2AA22A793F9F2375E77F1AB92977C04 complete=false entries=318 total=45064 symbols=546 dropped=false t=1791486199907
EPOCH_RECONCILED epoch=3 reporter=65A90023F6C0D2181AAA63F005D81BBC0C04650505E21D5123F9AE1F9E992BFF complete=true entries=1445 total=1445 symbols=0 dropped=false t=1791486199952
EPOCH_RECONCILED epoch=3 reporter=A353E45E6D0016CAEED0DFA4EC5B0640E2AA22A793F9F2375E77F1AB92977C04 complete=false entries=318 total=45064 symbols=546 dropped=false t=1791486199976
EPOCH_RECONCILED epoch=3 reporter=A353E45E6D0016CAEED0DFA4EC5B0640E2AA22A793F9F2375E77F1AB92977C04 complete=false entries=318 total=45064 symbols=546 dropped=false t=1791486200074
EPOCH_CLOSE_UNREADY epoch=3 short_of=reports usable=4 weight=4 required=5 held=4 theirs=["D315857C:7560AE26:7C442930", "911999B2:3CF889FE:FEE565B1", "A353E45E:A1D9E2AF:41202862", "633D9D61:7560AE26:63675E6E"] t=1791486200126
EPOCH_RECONCILED epoch=3 reporter=A353E45E6D0016CAEED0DFA4EC5B0640E2AA22A793F9F2375E77F1AB92977C04 complete=true entries=1445 total=1445 symbols=0 dropped=false t=1791486200246
EPOCH_CLOSE_READY epoch=3 t=1791486200263
EPOCH_CLOSE_ROUND epoch=3 round=0 leader=911999B2AEFA7ACC66EBD802B3301FF6CE431405107749D940277955CB7FDD07 leads=false t=1791486200268
EPOCH_RECONCILED epoch=3 reporter=A353E45E6D0016CAEED0DFA4EC5B0640E2AA22A793F9F2375E77F1AB92977C04 complete=true entries=1445 total=1445 symbols=0 dropped=false t=1791486200279
EPOCH_RECONCILED epoch=3 reporter=A353E45E6D0016CAEED0DFA4EC5B0640E2AA22A793F9F2375E77F1AB92977C04 complete=true entries=1445 total=1445 symbols=0 dropped=false t=1791486200379
EPOCH_CLOSE_READY epoch=3 t=1791486200399
EPOCH_CLOSE_ROUND epoch=3 round=0 leader=911999B2AEFA7ACC66EBD802B3301FF6CE431405107749D940277955CB7FDD07 leads=false t=1791486200416
EPOCH_RECONCILED epoch=3 reporter=A353E45E6D0016CAEED0DFA4EC5B0640E2AA22A793F9F2375E77F1AB92977C04 complete=true entries=1445 total=1445 symbols=0 dropped=false t=1791486200519
EPOCH_CLOSE_READY epoch=3 t=1791486200556
EPOCH_CLOSE_ROUND epoch=3 round=0 leader=911999B2AEFA7ACC66EBD802B3301FF6CE431405107749D940277955CB7FDD07 leads=false t=1791486200560
EPOCH_CLOSE_READY epoch=3 t=1791486200623
EPOCH_FOLLOW cemented=18 cementing=0 requested=630 pending=703 t=1791486200630
EPOCH_FOLLOW cemented=378 cementing=0 requested=0 pending=367 t=1791486200654
EPOCH_DERIVE_TIMING epoch=3 claims=6854 claim_ms=232 manifest_ms=34 build_ms=296 t=1791486201322
EPOCH_PROPOSED epoch=3 round=0 value=780385E7851EA0CF631605D9A8278AC2189F0333F9F475CBE8E25D3AB6F192A1 state=96B7110309D6D7713979E5243C1D364A00762A4CD57E8711EB2F817F588608CD reports=5 t=1791486201323
EPOCH_VALUE epoch=3 value=780385E7851EA0CF631605D9A8278AC2189F0333F9F475CBE8E25D3AB6F192A1 state=96B7110309D6D7713979E5243C1D364A00762A4CD57E8711EB2F817F588608CD t=1791486201330
EPOCH_MANIFEST_FETCHED epoch=3 manifest=808981740DE4650E1A464B978E11D369406D85F41222409C0DBFD0FA4F2874E3 entries=6819 t=1791486201511
EPOCH_CLOSE_ROUND epoch=3 round=0 leader=911999B2AEFA7ACC66EBD802B3301FF6CE431405107749D940277955CB7FDD07 leads=true t=1791486201518
EPOCH_MANIFEST_FETCHED epoch=3 manifest=808981740DE4650E1A464B978E11D369406D85F41222409C0DBFD0FA4F2874E3 entries=6819 t=1791486201534
EPOCH_MANIFEST_FETCHED epoch=3 manifest=808981740DE4650E1A464B978E11D369406D85F41222409C0DBFD0FA4F2874E3 entries=6819 t=1791486201643
EPOCH_FOLLOW cemented=243 cementing=0 requested=0 pending=460 t=1791486201656
EPOCH_FOLLOW cemented=9 cementing=0 requested=0 pending=358 t=1791486201684
EPOCH_MANIFEST_FETCHED epoch=3 manifest=808981740DE4650E1A464B978E11D369406D85F41222409C0DBFD0FA4F2874E3 entries=6819 t=1791486201810
EPOCH_MANIFEST_VOTES_MISSING epoch=3 manifest=808981740DE4650E1A464B978E11D369406D85F41222409C0DBFD0FA4F2874E3 hashes=8 t=1791486201825
EPOCH_MANIFEST_VOTES_MISSING epoch=3 manifest=808981740DE4650E1A464B978E11D369406D85F41222409C0DBFD0FA4F2874E3 hashes=1 t=1791486201920
EPOCH_MANIFEST_VOTES_MISSING epoch=3 manifest=808981740DE4650E1A464B978E11D369406D85F41222409C0DBFD0FA4F2874E3 hashes=12 t=1791486201943
EPOCH_MANIFEST_VOTES_MISSING epoch=3 manifest=808981740DE4650E1A464B978E11D369406D85F41222409C0DBFD0FA4F2874E3 hashes=13 t=1791486202123
EPOCH_MANIFEST_VOTES_MISSING epoch=3 manifest=808981740DE4650E1A464B978E11D369406D85F41222409C0DBFD0FA4F2874E3 hashes=9 t=1791486202251
EPOCH_ENDED epoch=4 elections=8876 active=7149 t=1791486202540
EPOCH_ENDED epoch=4 elections=9361 active=7574 t=1791486202541
EPOCH_ENDED epoch=4 elections=8979 active=7192 t=1791486202541
EPOCH_ENDED epoch=4 elections=9361 active=7581 t=1791486202671
EPOCH_FOLLOW cemented=2 cementing=0 requested=0 pending=458 t=1791486202688
EPOCH_VALIDATE_TIMING epoch=3 evidence_ms=262 build_ms=485 t=1791486202702
EPOCH_VALUE epoch=3 value=780385E7851EA0CF631605D9A8278AC2189F0333F9F475CBE8E25D3AB6F192A1 state=96B7110309D6D7713979E5243C1D364A00762A4CD57E8711EB2F817F588608CD t=1791486202704
EPOCH_VALIDATE_TIMING epoch=3 evidence_ms=404 build_ms=373 t=1791486202716
EPOCH_FOLLOW cemented=2 cementing=0 requested=0 pending=356 t=1791486202717
EPOCH_ENDED epoch=4 elections=9361 active=7578 t=1791486202723
EPOCH_DRAIN_WAIT epoch=4 unterminated=1459 previous_closed=false first=["D059E66CB6A150888F8DDE7D964312A3B1FC5547BCA0D275DDACAEE20257CAA0:active:2:3", "AED8954B70AC4369EE8F772986B23EA20E75B267DE45C62A8BC465211A2D0FA2:active:2:3", "3BFFB61846D8219DB4EE49F12E8377E4276E4E4E73DF2754466495D922666E9A:active:2:3"] t=1791486202724
EPOCH_VALIDATE_TIMING epoch=3 evidence_ms=336 build_ms=516 t=1791486202731
EPOCH_VALUE epoch=3 value=780385E7851EA0CF631605D9A8278AC2189F0333F9F475CBE8E25D3AB6F192A1 state=96B7110309D6D7713979E5243C1D364A00762A4CD57E8711EB2F817F588608CD t=1791486202731
EPOCH_VALUE epoch=3 value=780385E7851EA0CF631605D9A8278AC2189F0333F9F475CBE8E25D3AB6F192A1 state=96B7110309D6D7713979E5243C1D364A00762A4CD57E8711EB2F817F588608CD t=1791486202732
EPOCH_DRAIN_WAIT epoch=4 unterminated=1060 previous_closed=false first=["D059E66CB6A150888F8DDE7D964312A3B1FC5547BCA0D275DDACAEE20257CAA0:active:2:3", "AED8954B70AC4369EE8F772986B23EA20E75B267DE45C62A8BC465211A2D0FA2:active:1:3", "8F71C79221B561B6C5CA1E1BAFD28808CD291154D83E0600566209CB484CEA53:active:1:3"] t=1791486202750
EPOCH_DRAIN_WAIT epoch=4 unterminated=1104 previous_closed=false first=["AED8954B70AC4369EE8F772986B23EA20E75B267DE45C62A8BC465211A2D0FA2:active:1:3", "8F71C79221B561B6C5CA1E1BAFD28808CD291154D83E0600566209CB484CEA53:active:1:3", "33CA005D14D05576FEB74E7E19D3667A05E2C830082F54C389A5CF5D2B5502CF:active:1:3"] t=1791486202752
EPOCH_DRAIN_WAIT epoch=4 unterminated=1459 previous_closed=false first=["D059E66CB6A150888F8DDE7D964312A3B1FC5547BCA0D275DDACAEE20257CAA0:active:2:3", "AED8954B70AC4369EE8F772986B23EA20E75B267DE45C62A8BC465211A2D0FA2:active:2:3", "3BFFB61846D8219DB4EE49F12E8377E4276E4E4E73DF2754466495D922666E9A:active:2:3"] t=1791486202785
EPOCH_VALIDATE_TIMING epoch=3 evidence_ms=250 build_ms=357 t=1791486202895
EPOCH_VALUE epoch=3 value=780385E7851EA0CF631605D9A8278AC2189F0333F9F475CBE8E25D3AB6F192A1 state=96B7110309D6D7713979E5243C1D364A00762A4CD57E8711EB2F817F588608CD t=1791486202896
EPOCH_CLOSE_ROUND epoch=3 round=1 leader=A353E45E6D0016CAEED0DFA4EC5B0640E2AA22A793F9F2375E77F1AB92977C04 leads=false t=1791486202940
EPOCH_DRAIN_WAIT epoch=4 unterminated=1459 previous_closed=false first=["D059E66CB6A150888F8DDE7D964312A3B1FC5547BCA0D275DDACAEE20257CAA0:active:2:3", "AED8954B70AC4369EE8F772986B23EA20E75B267DE45C62A8BC465211A2D0FA2:active:2:3", "3BFFB61846D8219DB4EE49F12E8377E4276E4E4E73DF2754466495D922666E9A:active:2:3"] t=1791486202941
EPOCH_CLOSE_ROUND epoch=3 round=1 leader=A353E45E6D0016CAEED0DFA4EC5B0640E2AA22A793F9F2375E77F1AB92977C04 leads=false t=1791486203031
EPOCH_INSTALL epoch=3 finalized=1657 instances_confirmed=1636 t=1791486203074
EPOCH_LATE_NOTAR epoch=3 blocks=1835 notarized=1356 cast=21544 t=1791486203076
EPOCH_INSTALL epoch=3 finalized=1657 instances_confirmed=1636 t=1791486203078
EPOCH_LATE_NOTAR epoch=3 blocks=1834 notarized=1356 cast=21225 t=1791486203079
EPOCH_GATE epoch=4 released=1459 finalized=0 t=1791486203081
EPOCH_INSTALL epoch=3 finalized=1657 instances_confirmed=1636 t=1791486203083
EPOCH_LATE_NOTAR epoch=3 blocks=1838 notarized=1356 cast=23169 t=1791486203085
EPOCH_GATE epoch=4 released=1459 finalized=0 t=1791486203085
EPOCH_COMMITTEE derived_by=3 members=6 accounts=10906 n=6 digest=95D409445152DD075E6A4799205DFA5689496EB8EE1A22AC2A200B9DBC2DCF27 shares=["735FE217:16.7%", "A353E45E:16.7%", "D315857C:16.7%", "911999B2:16.7%", "633D9D61:16.7%", "65A90023:16.7%"] t=1791486203090
EPOCH_INSTALL epoch=3 finalized=1657 instances_confirmed=1636 t=1791486203091
EPOCH_GATE epoch=4 released=1065 finalized=0 t=1791486203092
EPOCH_LATE_NOTAR epoch=3 blocks=1838 notarized=1356 cast=22161 t=1791486203092
EPOCH_LOCKS epoch=3 continued=0 kinds={"locks=1 kind=Some(Recovery) nc_here=false saved=true": 1489} t=1791486203093
EPOCH_OMITTED epoch=3 instances=0 retained=1489 t=1791486203093
EPOCH_CLOSED epoch=3 round=0 value=780385E7851EA0CF631605D9A8278AC2189F0333F9F475CBE8E25D3AB6F192A1 state=96B7110309D6D7713979E5243C1D364A00762A4CD57E8711EB2F817F588608CD t=1791486203093
EPOCH_COMMITTEE derived_by=3 members=6 accounts=10906 n=6 digest=95D409445152DD075E6A4799205DFA5689496EB8EE1A22AC2A200B9DBC2DCF27 shares=["735FE217:16.7%", "A353E45E:16.7%", "D315857C:16.7%", "911999B2:16.7%", "633D9D61:16.7%", "65A90023:16.7%"] t=1791486203094
EPOCH_GATE epoch=4 released=1106 finalized=0 t=1791486203096
EPOCH_LOCKS epoch=3 continued=0 kinds={"locks=1 kind=Some(Recovery) nc_here=false saved=true": 1489} t=1791486203097
EPOCH_OMITTED epoch=3 instances=0 retained=1489 t=1791486203097
EPOCH_CLOSED epoch=3 round=0 value=780385E7851EA0CF631605D9A8278AC2189F0333F9F475CBE8E25D3AB6F192A1 state=96B7110309D6D7713979E5243C1D364A00762A4CD57E8711EB2F817F588608CD t=1791486203098
EPOCH_COMMITTEE derived_by=3 members=6 accounts=10906 n=6 digest=95D409445152DD075E6A4799205DFA5689496EB8EE1A22AC2A200B9DBC2DCF27 shares=["735FE217:16.7%", "A353E45E:16.7%", "D315857C:16.7%", "911999B2:16.7%", "633D9D61:16.7%", "65A90023:16.7%"] t=1791486203102
EPOCH_COMMITTEE derived_by=3 members=6 accounts=10906 n=6 digest=95D409445152DD075E6A4799205DFA5689496EB8EE1A22AC2A200B9DBC2DCF27 shares=["735FE217:16.7%", "A353E45E:16.7%", "D315857C:16.7%", "911999B2:16.7%", "633D9D61:16.7%", "65A90023:16.7%"] t=1791486203104
EPOCH_LOCKS epoch=3 continued=0 kinds={"locks=1 kind=Some(Recovery) nc_here=false saved=false": 1445, "locks=1 kind=Some(Recovery) nc_here=false saved=true": 30} t=1791486203105
EPOCH_OMITTED epoch=3 instances=0 retained=1475 t=1791486203105
EPOCH_CLOSED epoch=3 round=0 value=780385E7851EA0CF631605D9A8278AC2189F0333F9F475CBE8E25D3AB6F192A1 state=96B7110309D6D7713979E5243C1D364A00762A4CD57E8711EB2F817F588608CD t=1791486203105
EPOCH_LOCKS epoch=3 continued=0 kinds={"locks=1 kind=Some(Recovery) nc_here=false saved=false": 1445, "locks=1 kind=Some(Recovery) nc_here=false saved=true": 30} t=1791486203108
EPOCH_OMITTED epoch=3 instances=0 retained=1475 t=1791486203108
EPOCH_CLOSED epoch=3 round=0 value=780385E7851EA0CF631605D9A8278AC2189F0333F9F475CBE8E25D3AB6F192A1 state=96B7110309D6D7713979E5243C1D364A00762A4CD57E8711EB2F817F588608CD t=1791486203108
EPOCH_INSTALL epoch=3 finalized=1657 instances_confirmed=1636 t=1791486203119
EPOCH_LATE_NOTAR epoch=3 blocks=1832 notarized=1356 cast=21552 t=1791486203121
EPOCH_GATE epoch=4 released=1459 finalized=0 t=1791486203126
EPOCH_COMMITTEE derived_by=3 members=6 accounts=10906 n=6 digest=95D409445152DD075E6A4799205DFA5689496EB8EE1A22AC2A200B9DBC2DCF27 shares=["735FE217:16.7%", "A353E45E:16.7%", "D315857C:16.7%", "911999B2:16.7%", "633D9D61:16.7%", "65A90023:16.7%"] t=1791486203134
EPOCH_LOCKS epoch=3 continued=0 kinds={"locks=1 kind=Some(Recovery) nc_here=false saved=true": 1489} t=1791486203138
EPOCH_OMITTED epoch=3 instances=0 retained=1489 t=1791486203138
EPOCH_CLOSED epoch=3 round=0 value=780385E7851EA0CF631605D9A8278AC2189F0333F9F475CBE8E25D3AB6F192A1 state=96B7110309D6D7713979E5243C1D364A00762A4CD57E8711EB2F817F588608CD t=1791486203138
EPOCH_CARRIED epoch=4 instances=1106 split=0 t=1791486203147
EPOCH_ADVANCED epoch=5 elections=5200 active=4990 vote_records=503570 t=1791486203147
EPOCH_INSTALLED epoch=3 finalized=1657 cemented=1657 queued=0 missing=0 t=1791486203157
EPOCH_RETAINED epoch=3 retained=1489 held=1489 missing=0 t=1791486203158
EPOCH_CARRIED epoch=4 instances=1066 split=0 t=1791486203194
EPOCH_ADVANCED epoch=5 elections=5120 active=4911 vote_records=503568 t=1791486203194
EPOCH_INSTALLED epoch=3 finalized=1657 cemented=1657 queued=0 missing=0 t=1791486203221
EPOCH_RETAINED epoch=3 retained=1489 held=1489 missing=0 t=1791486203221
EPOCH_CARRIED epoch=4 instances=1459 split=0 t=1791486203233
EPOCH_ADVANCED epoch=5 elections=5927 active=5720 vote_records=503527 t=1791486203233
EPOCH_INSTALLED epoch=3 finalized=1657 cemented=1657 queued=0 missing=0 t=1791486203277
EPOCH_RETAINED epoch=3 retained=1489 held=1094 missing=395 t=1791486203278
EPOCH_CARRIED epoch=4 instances=1459 split=0 t=1791486203317
EPOCH_ADVANCED epoch=5 elections=5927 active=5717 vote_records=504542 t=1791486203317
EPOCH_CLOSE_UNREADY epoch=4 short_of=reports usable=0 weight=0 required=5 held=0 theirs=[] t=1791486203320
EPOCH_INSTALLED epoch=3 finalized=1657 cemented=1657 queued=0 missing=0 t=1791486203366
EPOCH_RETAINED epoch=3 retained=1489 held=1137 missing=352 t=1791486203366
EPOCH_CARRIED epoch=4 instances=1459 split=0 t=1791486203379
EPOCH_ADVANCED epoch=5 elections=5927 active=5719 vote_records=506929 t=1791486203379
EPOCH_CLOSE_UNREADY epoch=4 short_of=reports usable=0 weight=0 required=5 held=0 theirs=[] t=1791486203438
EPOCH_EVIDENCE_RELEASED epoch=3 t=1791486203706
EPOCH_INSTALLED epoch=3 finalized=1657 cemented=1657 queued=0 missing=0 t=1791486203709
EPOCH_EVIDENCE_RELEASED epoch=3 t=1791486203729
EPOCH_EVIDENCE_RELEASED epoch=3 t=1791486203731
EPOCH_FOLLOW cemented=70 cementing=0 requested=1 pending=389 t=1791486203732
EPOCH_EVIDENCE_RELEASED epoch=3 t=1791486203739
EPOCH_EVIDENCE_RELEASED epoch=3 t=1791486203742
EPOCH_FOLLOW cemented=12 cementing=0 requested=335 pending=345 t=1791486203762
EPOCH_CLOSE_UNREADY epoch=4 short_of=reports usable=0 weight=0 required=5 held=0 theirs=[] t=1791486203791
EPOCH_CLOSE_UNREADY epoch=4 short_of=reports usable=0 weight=0 required=5 held=0 theirs=[] t=1791486203809
EPOCH_CLOSE_UNREADY epoch=4 short_of=reports usable=0 weight=0 required=5 held=0 theirs=[] t=1791486203871
EPOCH_RETAINED epoch=3 retained=1489 held=1489 missing=0 t=1791486203896
EPOCH_REPORT epoch=4 certified=45065 residual=1 root=20652B8A67D0E5979CA4A4F419A5EF6070FDAB253FD043C033B7CF02F0370A66 reports=1 t=1791486204556
EPOCH_REPORT epoch=4 certified=45065 residual=1459 root=20652B8A67D0E5979CA4A4F419A5EF6070FDAB253FD043C033B7CF02F0370A66 reports=1 t=1791486204607
EPOCH_RECONCILED epoch=4 reporter=A353E45E6D0016CAEED0DFA4EC5B0640E2AA22A793F9F2375E77F1AB92977C04 complete=false entries=0 total=45065 symbols=0 dropped=false t=1791486204686
EPOCH_REPORT epoch=4 certified=45065 residual=1459 root=20652B8A67D0E5979CA4A4F419A5EF6070FDAB253FD043C033B7CF02F0370A66 reports=1 t=1791486204694
EPOCH_RECONCILED epoch=4 reporter=633D9D614858AB1710D5D8C3180E2A082DC97208BA8C26BA6C6D1A86C8E31CC0 complete=false entries=0 total=45065 symbols=0 dropped=false t=1791486204699
EPOCH_REPORT epoch=4 certified=45065 residual=1 root=20652B8A67D0E5979CA4A4F419A5EF6070FDAB253FD043C033B7CF02F0370A66 reports=1 t=1791486204741
EPOCH_RECONCILED epoch=4 reporter=633D9D614858AB1710D5D8C3180E2A082DC97208BA8C26BA6C6D1A86C8E31CC0 complete=true entries=1459 total=1459 symbols=0 dropped=false t=1791486204752
EPOCH_RECONCILED epoch=4 reporter=A353E45E6D0016CAEED0DFA4EC5B0640E2AA22A793F9F2375E77F1AB92977C04 complete=true entries=1 total=1 symbols=0 dropped=false t=1791486204819
EPOCH_CLOSE_UNREADY epoch=4 short_of=reports usable=2 weight=2 required=5 held=3 theirs=["D315857C:20652B8A:26961C54", "65A90023:20652B8A:5706A2B3", "633D9D61:20652B8A:26961C54"] t=1791486204847
EPOCH_CLOSE_UNREADY epoch=4 short_of=reports usable=2 weight=2 required=5 held=3 theirs=["633D9D61:20652B8A:26961C54", "D315857C:20652B8A:26961C54", "A353E45E:20652B8A:5706A2B3"] t=1791486204861
EPOCH_RECONCILED epoch=4 reporter=633D9D614858AB1710D5D8C3180E2A082DC97208BA8C26BA6C6D1A86C8E31CC0 complete=false entries=0 total=45065 symbols=0 dropped=false t=1791486204866
EPOCH_RECONCILED epoch=4 reporter=633D9D614858AB1710D5D8C3180E2A082DC97208BA8C26BA6C6D1A86C8E31CC0 complete=true entries=1459 total=1459 symbols=0 dropped=false t=1791486204867
EPOCH_RECONCILED epoch=4 reporter=A353E45E6D0016CAEED0DFA4EC5B0640E2AA22A793F9F2375E77F1AB92977C04 complete=false entries=0 total=45065 symbols=0 dropped=false t=1791486204870
EPOCH_RECONCILED epoch=4 reporter=A353E45E6D0016CAEED0DFA4EC5B0640E2AA22A793F9F2375E77F1AB92977C04 complete=true entries=1 total=1 symbols=0 dropped=false t=1791486204870
EPOCH_RECONCILED epoch=4 reporter=65A90023F6C0D2181AAA63F005D81BBC0C04650505E21D5123F9AE1F9E992BFF complete=false entries=0 total=45065 symbols=0 dropped=false t=1791486204874
EPOCH_RECONCILED epoch=4 reporter=65A90023F6C0D2181AAA63F005D81BBC0C04650505E21D5123F9AE1F9E992BFF complete=true entries=1 total=1 symbols=0 dropped=false t=1791486204874
EPOCH_RECONCILED epoch=4 reporter=D315857CE70C54DE713F6E82E5613BB3A1266C15E28AD2F4338C7BBEC456F532 complete=false entries=0 total=45065 symbols=0 dropped=false t=1791486204878
EPOCH_RECONCILED epoch=4 reporter=D315857CE70C54DE713F6E82E5613BB3A1266C15E28AD2F4338C7BBEC456F532 complete=true entries=1459 total=1459 symbols=0 dropped=false t=1791486204880
EPOCH_RECONCILED epoch=4 reporter=A353E45E6D0016CAEED0DFA4EC5B0640E2AA22A793F9F2375E77F1AB92977C04 complete=false entries=0 total=45065 symbols=0 dropped=false t=1791486204883
EPOCH_RECONCILED epoch=4 reporter=A353E45E6D0016CAEED0DFA4EC5B0640E2AA22A793F9F2375E77F1AB92977C04 complete=true entries=1 total=1 symbols=0 dropped=false t=1791486204884
EPOCH_RECONCILED epoch=4 reporter=65A90023F6C0D2181AAA63F005D81BBC0C04650505E21D5123F9AE1F9E992BFF complete=false entries=0 total=45065 symbols=0 dropped=false t=1791486204889
EPOCH_RECONCILED epoch=4 reporter=65A90023F6C0D2181AAA63F005D81BBC0C04650505E21D5123F9AE1F9E992BFF complete=true entries=1 total=1 symbols=0 dropped=false t=1791486204889
EPOCH_REPORT epoch=4 certified=45065 residual=1459 root=20652B8A67D0E5979CA4A4F419A5EF6070FDAB253FD043C033B7CF02F0370A66 reports=1 t=1791486204907
EPOCH_CLOSE_UNREADY epoch=4 short_of=reports usable=4 weight=4 required=5 held=4 theirs=["633D9D61:20652B8A:26961C54", "A353E45E:20652B8A:5706A2B3", "65A90023:20652B8A:5706A2B3", "911999B2:20652B8A:26961C54"] t=1791486204915
EPOCH_CLOSE_UNREADY epoch=4 short_of=reports usable=4 weight=4 required=5 held=4 theirs=["D315857C:20652B8A:26961C54", "65A90023:20652B8A:5706A2B3", "911999B2:20652B8A:26961C54", "A353E45E:20652B8A:5706A2B3"] t=1791486204937
EPOCH_RECONCILED epoch=4 reporter=D315857CE70C54DE713F6E82E5613BB3A1266C15E28AD2F4338C7BBEC456F532 complete=false entries=0 total=45065 symbols=0 dropped=false t=1791486204950
EPOCH_RECONCILED epoch=4 reporter=D315857CE70C54DE713F6E82E5613BB3A1266C15E28AD2F4338C7BBEC456F532 complete=true entries=1459 total=1459 symbols=0 dropped=false t=1791486204952
EPOCH_RECONCILED epoch=4 reporter=A353E45E6D0016CAEED0DFA4EC5B0640E2AA22A793F9F2375E77F1AB92977C04 complete=false entries=0 total=45065 symbols=0 dropped=false t=1791486204961
EPOCH_RECONCILED epoch=4 reporter=A353E45E6D0016CAEED0DFA4EC5B0640E2AA22A793F9F2375E77F1AB92977C04 complete=true entries=1 total=1 symbols=0 dropped=false t=1791486204962
EPOCH_RECONCILED epoch=4 reporter=911999B2AEFA7ACC66EBD802B3301FF6CE431405107749D940277955CB7FDD07 complete=false entries=0 total=45065 symbols=0 dropped=false t=1791486204970
EPOCH_RECONCILED epoch=4 reporter=911999B2AEFA7ACC66EBD802B3301FF6CE431405107749D940277955CB7FDD07 complete=true entries=1459 total=1459 symbols=0 dropped=false t=1791486204973
EPOCH_RECONCILED epoch=4 reporter=D315857CE70C54DE713F6E82E5613BB3A1266C15E28AD2F4338C7BBEC456F532 complete=false entries=0 total=45065 symbols=0 dropped=false t=1791486204977
EPOCH_RECONCILED epoch=4 reporter=633D9D614858AB1710D5D8C3180E2A082DC97208BA8C26BA6C6D1A86C8E31CC0 complete=false entries=0 total=45065 symbols=0 dropped=false t=1791486204977
EPOCH_RECONCILED epoch=4 reporter=D315857CE70C54DE713F6E82E5613BB3A1266C15E28AD2F4338C7BBEC456F532 complete=true entries=1459 total=1459 symbols=0 dropped=false t=1791486204978
EPOCH_RECONCILED epoch=4 reporter=633D9D614858AB1710D5D8C3180E2A082DC97208BA8C26BA6C6D1A86C8E31CC0 complete=true entries=1459 total=1459 symbols=0 dropped=false t=1791486204980
EPOCH_RECONCILED epoch=4 reporter=633D9D614858AB1710D5D8C3180E2A082DC97208BA8C26BA6C6D1A86C8E31CC0 complete=false entries=0 total=45065 symbols=0 dropped=false t=1791486204982
EPOCH_RECONCILED epoch=4 reporter=633D9D614858AB1710D5D8C3180E2A082DC97208BA8C26BA6C6D1A86C8E31CC0 complete=true entries=1459 total=1459 symbols=0 dropped=false t=1791486204983
EPOCH_RECONCILED epoch=4 reporter=65A90023F6C0D2181AAA63F005D81BBC0C04650505E21D5123F9AE1F9E992BFF complete=false entries=0 total=45065 symbols=0 dropped=false t=1791486204989
EPOCH_RECONCILED epoch=4 reporter=65A90023F6C0D2181AAA63F005D81BBC0C04650505E21D5123F9AE1F9E992BFF complete=true entries=1 total=1 symbols=0 dropped=false t=1791486204992
EPOCH_RECONCILED epoch=4 reporter=65A90023F6C0D2181AAA63F005D81BBC0C04650505E21D5123F9AE1F9E992BFF complete=false entries=0 total=45065 symbols=0 dropped=false t=1791486205031
EPOCH_RECONCILED epoch=4 reporter=65A90023F6C0D2181AAA63F005D81BBC0C04650505E21D5123F9AE1F9E992BFF complete=true entries=1 total=1 symbols=0 dropped=false t=1791486205031
EPOCH_RECONCILED epoch=4 reporter=911999B2AEFA7ACC66EBD802B3301FF6CE431405107749D940277955CB7FDD07 complete=false entries=0 total=45065 symbols=0 dropped=false t=1791486205034
EPOCH_RECONCILED epoch=4 reporter=911999B2AEFA7ACC66EBD802B3301FF6CE431405107749D940277955CB7FDD07 complete=true entries=1459 total=1459 symbols=0 dropped=false t=1791486205035
EPOCH_RECONCILED epoch=4 reporter=D315857CE70C54DE713F6E82E5613BB3A1266C15E28AD2F4338C7BBEC456F532 complete=false entries=0 total=45065 symbols=0 dropped=false t=1791486205038
EPOCH_RECONCILED epoch=4 reporter=D315857CE70C54DE713F6E82E5613BB3A1266C15E28AD2F4338C7BBEC456F532 complete=true entries=1459 total=1459 symbols=0 dropped=false t=1791486205039
EPOCH_CLOSE_READY epoch=4 t=1791486205040
EPOCH_CLOSE_READY epoch=4 t=1791486205054
EPOCH_CLOSE_READY epoch=4 t=1791486205076
EPOCH_DERIVE_TIMING epoch=4 claims=1581 claim_ms=50 manifest_ms=0 build_ms=110 t=1791486205284
EPOCH_PROPOSED epoch=4 round=0 value=E3725C05AFF116740AD4F64998C6956A1CCF224699940DA64BCDB244265F576D state=67DCF031B5DCAB2763C96443FDCD6AF25DD6D83544F212752D4E73DEB0369B07 reports=5 t=1791486205285
EPOCH_VALUE epoch=4 value=E3725C05AFF116740AD4F64998C6956A1CCF224699940DA64BCDB244265F576D state=67DCF031B5DCAB2763C96443FDCD6AF25DD6D83544F212752D4E73DEB0369B07 t=1791486205285
