2026-10-08T09:49:12.917904Z  INFO nanospam::setup::account_map_factory: Creating account keys file with 45000 keys: "/var/folders/1y/px089b2s6f9d893xp1p4c7wh0000gn/T/rai-gate-b-ytsqs4io/account_keys.txt"
2026-10-08T09:49:13.669003Z  INFO nanospam::setup::node_config_factory: ********************************************************************************
2026-10-08T09:49:13.669019Z  INFO nanospam::setup::node_config_factory: Setting up node PR0...
2026-10-08T09:49:13.669023Z  INFO nanospam::setup::node_config_factory: Creating directory "/var/folders/1y/px089b2s6f9d893xp1p4c7wh0000gn/T/rai-gate-b-ytsqs4io/pr0"
2026-10-08T09:49:13.669095Z  INFO nanospam::setup::node_config_factory: Creating node config file: "/var/folders/1y/px089b2s6f9d893xp1p4c7wh0000gn/T/rai-gate-b-ytsqs4io/pr0/config-node.toml"
2026-10-08T09:49:13.669220Z  INFO nanospam::setup::node_config_factory: Creating rpc config file: "/var/folders/1y/px089b2s6f9d893xp1p4c7wh0000gn/T/rai-gate-b-ytsqs4io/pr0/config-rpc.toml"
2026-10-08T09:49:13.669286Z  INFO nanospam::setup::node_config_factory: ********************************************************************************
2026-10-08T09:49:13.669290Z  INFO nanospam::setup::node_config_factory: Setting up node PR1...
2026-10-08T09:49:13.669293Z  INFO nanospam::setup::node_config_factory: Creating directory "/var/folders/1y/px089b2s6f9d893xp1p4c7wh0000gn/T/rai-gate-b-ytsqs4io/pr1"
2026-10-08T09:49:13.669345Z  INFO nanospam::setup::node_config_factory: Creating node config file: "/var/folders/1y/px089b2s6f9d893xp1p4c7wh0000gn/T/rai-gate-b-ytsqs4io/pr1/config-node.toml"
2026-10-08T09:49:13.669421Z  INFO nanospam::setup::node_config_factory: Creating rpc config file: "/var/folders/1y/px089b2s6f9d893xp1p4c7wh0000gn/T/rai-gate-b-ytsqs4io/pr1/config-rpc.toml"
2026-10-08T09:49:13.669495Z  INFO nanospam::setup::node_config_factory: ********************************************************************************
2026-10-08T09:49:13.669499Z  INFO nanospam::setup::node_config_factory: Setting up node PR2...
2026-10-08T09:49:13.669503Z  INFO nanospam::setup::node_config_factory: Creating directory "/var/folders/1y/px089b2s6f9d893xp1p4c7wh0000gn/T/rai-gate-b-ytsqs4io/pr2"
2026-10-08T09:49:13.669546Z  INFO nanospam::setup::node_config_factory: Creating node config file: "/var/folders/1y/px089b2s6f9d893xp1p4c7wh0000gn/T/rai-gate-b-ytsqs4io/pr2/config-node.toml"
2026-10-08T09:49:13.669619Z  INFO nanospam::setup::node_config_factory: Creating rpc config file: "/var/folders/1y/px089b2s6f9d893xp1p4c7wh0000gn/T/rai-gate-b-ytsqs4io/pr2/config-rpc.toml"
2026-10-08T09:49:13.669682Z  INFO nanospam::setup::node_config_factory: ********************************************************************************
2026-10-08T09:49:13.669686Z  INFO nanospam::setup::node_config_factory: Setting up node PR3...
2026-10-08T09:49:13.669689Z  INFO nanospam::setup::node_config_factory: Creating directory "/var/folders/1y/px089b2s6f9d893xp1p4c7wh0000gn/T/rai-gate-b-ytsqs4io/pr3"
2026-10-08T09:49:13.669732Z  INFO nanospam::setup::node_config_factory: Creating node config file: "/var/folders/1y/px089b2s6f9d893xp1p4c7wh0000gn/T/rai-gate-b-ytsqs4io/pr3/config-node.toml"
2026-10-08T09:49:13.669801Z  INFO nanospam::setup::node_config_factory: Creating rpc config file: "/var/folders/1y/px089b2s6f9d893xp1p4c7wh0000gn/T/rai-gate-b-ytsqs4io/pr3/config-rpc.toml"
2026-10-08T09:49:13.669864Z  INFO nanospam::setup::node_config_factory: ********************************************************************************
2026-10-08T09:49:13.669868Z  INFO nanospam::setup::node_config_factory: Setting up node PR4...
2026-10-08T09:49:13.669872Z  INFO nanospam::setup::node_config_factory: Creating directory "/var/folders/1y/px089b2s6f9d893xp1p4c7wh0000gn/T/rai-gate-b-ytsqs4io/pr4"
2026-10-08T09:49:13.669918Z  INFO nanospam::setup::node_config_factory: Creating node config file: "/var/folders/1y/px089b2s6f9d893xp1p4c7wh0000gn/T/rai-gate-b-ytsqs4io/pr4/config-node.toml"
2026-10-08T09:49:13.669995Z  INFO nanospam::setup::node_config_factory: Creating rpc config file: "/var/folders/1y/px089b2s6f9d893xp1p4c7wh0000gn/T/rai-gate-b-ytsqs4io/pr4/config-rpc.toml"
2026-10-08T09:49:13.670066Z  INFO nanospam::setup::node_config_factory: ********************************************************************************
2026-10-08T09:49:13.670069Z  INFO nanospam::setup::node_config_factory: Setting up node PR5...
2026-10-08T09:49:13.670071Z  INFO nanospam::setup::node_config_factory: Creating directory "/var/folders/1y/px089b2s6f9d893xp1p4c7wh0000gn/T/rai-gate-b-ytsqs4io/pr5"
2026-10-08T09:49:13.670113Z  INFO nanospam::setup::node_config_factory: Creating node config file: "/var/folders/1y/px089b2s6f9d893xp1p4c7wh0000gn/T/rai-gate-b-ytsqs4io/pr5/config-node.toml"
2026-10-08T09:49:13.670182Z  INFO nanospam::setup::node_config_factory: Creating rpc config file: "/var/folders/1y/px089b2s6f9d893xp1p4c7wh0000gn/T/rai-gate-b-ytsqs4io/pr5/config-rpc.toml"
2026-10-08T09:49:13.670273Z  INFO nanospam::setup::node_launcher: Starting node: NANO_TEST_GENESIS_BLOCK="{\n    \"type\": \"open\",\n    \"account\": \"nano_3nroioygg54nusrmyun4woimqex36sp3drnctdt5955uqu47fxbkrxk7n7ne\",\n    \"source\": \"D315857CE70C54DE713F6E82E5613BB3A1266C15E28AD2F4338C7BBEC456F532\",\n    \"representative\": \"nano_3nroioygg54nusrmyun4woimqex36sp3drnctdt5955uqu47fxbkrxk7n7ne\",\n    \"signature\": \"3F6792C2DC623DF2E8643777160AB983B66B337E2478E13D2C3448126A8F4CD8DCCD19803C158A057FA44060AE0EFC09B1C311CB4FBF42F8D240610B38F56E08\",\n    \"work\": \"70FEF01F7EC45DEC\"\n    }" NANO_TEST_GENESIS_PRV ="49643F9B10CA1AA34F9AF8ED4AABD29F436104CCC375974B108534A48EAE3FE1" "rsnano" "--network" "test" "--data-path" "/var/folders/1y/px089b2s6f9d893xp1p4c7wh0000gn/T/rai-gate-b-ytsqs4io/pr0" "node" "run"
2026-10-08T09:49:13.670847Z  INFO nanospam::setup::node_launcher: Waiting for RPC...
2026-10-08T09:49:13.774954Z  INFO nanospam::setup::node_launcher: Starting node: NANO_TEST_GENESIS_BLOCK="{\n    \"type\": \"open\",\n    \"account\": \"nano_3nroioygg54nusrmyun4woimqex36sp3drnctdt5955uqu47fxbkrxk7n7ne\",\n    \"source\": \"D315857CE70C54DE713F6E82E5613BB3A1266C15E28AD2F4338C7BBEC456F532\",\n    \"representative\": \"nano_3nroioygg54nusrmyun4woimqex36sp3drnctdt5955uqu47fxbkrxk7n7ne\",\n    \"signature\": \"3F6792C2DC623DF2E8643777160AB983B66B337E2478E13D2C3448126A8F4CD8DCCD19803C158A057FA44060AE0EFC09B1C311CB4FBF42F8D240610B38F56E08\",\n    \"work\": \"70FEF01F7EC45DEC\"\n    }" NANO_TEST_GENESIS_PRV ="49643F9B10CA1AA34F9AF8ED4AABD29F436104CCC375974B108534A48EAE3FE1" "rsnano" "--network" "test" "--data-path" "/var/folders/1y/px089b2s6f9d893xp1p4c7wh0000gn/T/rai-gate-b-ytsqs4io/pr1" "node" "run"
2026-10-08T09:49:13.775639Z  INFO nanospam::setup::node_launcher: Waiting for RPC...
2026-10-08T09:49:13.879646Z  INFO nanospam::setup::node_launcher: Starting node: NANO_TEST_GENESIS_BLOCK="{\n    \"type\": \"open\",\n    \"account\": \"nano_3nroioygg54nusrmyun4woimqex36sp3drnctdt5955uqu47fxbkrxk7n7ne\",\n    \"source\": \"D315857CE70C54DE713F6E82E5613BB3A1266C15E28AD2F4338C7BBEC456F532\",\n    \"representative\": \"nano_3nroioygg54nusrmyun4woimqex36sp3drnctdt5955uqu47fxbkrxk7n7ne\",\n    \"signature\": \"3F6792C2DC623DF2E8643777160AB983B66B337E2478E13D2C3448126A8F4CD8DCCD19803C158A057FA44060AE0EFC09B1C311CB4FBF42F8D240610B38F56E08\",\n    \"work\": \"70FEF01F7EC45DEC\"\n    }" NANO_TEST_GENESIS_PRV ="49643F9B10CA1AA34F9AF8ED4AABD29F436104CCC375974B108534A48EAE3FE1" "rsnano" "--network" "test" "--data-path" "/var/folders/1y/px089b2s6f9d893xp1p4c7wh0000gn/T/rai-gate-b-ytsqs4io/pr2" "node" "run"
2026-10-08T09:49:13.880310Z  INFO nanospam::setup::node_launcher: Waiting for RPC...
2026-10-08T09:49:13.984641Z  INFO nanospam::setup::node_launcher: Starting node: NANO_TEST_GENESIS_BLOCK="{\n    \"type\": \"open\",\n    \"account\": \"nano_3nroioygg54nusrmyun4woimqex36sp3drnctdt5955uqu47fxbkrxk7n7ne\",\n    \"source\": \"D315857CE70C54DE713F6E82E5613BB3A1266C15E28AD2F4338C7BBEC456F532\",\n    \"representative\": \"nano_3nroioygg54nusrmyun4woimqex36sp3drnctdt5955uqu47fxbkrxk7n7ne\",\n    \"signature\": \"3F6792C2DC623DF2E8643777160AB983B66B337E2478E13D2C3448126A8F4CD8DCCD19803C158A057FA44060AE0EFC09B1C311CB4FBF42F8D240610B38F56E08\",\n    \"work\": \"70FEF01F7EC45DEC\"\n    }" NANO_TEST_GENESIS_PRV ="49643F9B10CA1AA34F9AF8ED4AABD29F436104CCC375974B108534A48EAE3FE1" "rsnano" "--network" "test" "--data-path" "/var/folders/1y/px089b2s6f9d893xp1p4c7wh0000gn/T/rai-gate-b-ytsqs4io/pr3" "node" "run"
2026-10-08T09:49:13.986160Z  INFO nanospam::setup::node_launcher: Waiting for RPC...
2026-10-08T09:49:14.091102Z  INFO nanospam::setup::node_launcher: Starting node: NANO_TEST_GENESIS_BLOCK="{\n    \"type\": \"open\",\n    \"account\": \"nano_3nroioygg54nusrmyun4woimqex36sp3drnctdt5955uqu47fxbkrxk7n7ne\",\n    \"source\": \"D315857CE70C54DE713F6E82E5613BB3A1266C15E28AD2F4338C7BBEC456F532\",\n    \"representative\": \"nano_3nroioygg54nusrmyun4woimqex36sp3drnctdt5955uqu47fxbkrxk7n7ne\",\n    \"signature\": \"3F6792C2DC623DF2E8643777160AB983B66B337E2478E13D2C3448126A8F4CD8DCCD19803C158A057FA44060AE0EFC09B1C311CB4FBF42F8D240610B38F56E08\",\n    \"work\": \"70FEF01F7EC45DEC\"\n    }" NANO_TEST_GENESIS_PRV ="49643F9B10CA1AA34F9AF8ED4AABD29F436104CCC375974B108534A48EAE3FE1" "rsnano" "--network" "test" "--data-path" "/var/folders/1y/px089b2s6f9d893xp1p4c7wh0000gn/T/rai-gate-b-ytsqs4io/pr4" "node" "run"
2026-10-08T09:49:14.092904Z  INFO nanospam::setup::node_launcher: Waiting for RPC...
2026-10-08T09:49:14.197576Z  INFO nanospam::setup::node_launcher: Starting node: NANO_TEST_GENESIS_BLOCK="{\n    \"type\": \"open\",\n    \"account\": \"nano_3nroioygg54nusrmyun4woimqex36sp3drnctdt5955uqu47fxbkrxk7n7ne\",\n    \"source\": \"D315857CE70C54DE713F6E82E5613BB3A1266C15E28AD2F4338C7BBEC456F532\",\n    \"representative\": \"nano_3nroioygg54nusrmyun4woimqex36sp3drnctdt5955uqu47fxbkrxk7n7ne\",\n    \"signature\": \"3F6792C2DC623DF2E8643777160AB983B66B337E2478E13D2C3448126A8F4CD8DCCD19803C158A057FA44060AE0EFC09B1C311CB4FBF42F8D240610B38F56E08\",\n    \"work\": \"70FEF01F7EC45DEC\"\n    }" NANO_TEST_GENESIS_PRV ="49643F9B10CA1AA34F9AF8ED4AABD29F436104CCC375974B108534A48EAE3FE1" "rsnano" "--network" "test" "--data-path" "/var/folders/1y/px089b2s6f9d893xp1p4c7wh0000gn/T/rai-gate-b-ytsqs4io/pr5" "node" "run"
2026-10-08T09:49:14.198755Z  INFO nanospam::setup::node_launcher: Waiting for RPC...
2026-10-08T09:49:14.303344Z  INFO nanospam::wallets_factory: Creating wallet...
2026-10-08T09:49:14.380980Z  INFO nanospam::wallets_factory: Setting default representative...
2026-10-08T09:49:14.381322Z  INFO nanospam::wallets_factory: Creating wallet...
2026-10-08T09:49:14.427758Z  INFO nanospam::wallets_factory: Setting default representative...
2026-10-08T09:49:14.428044Z  INFO nanospam::wallets_factory: Sending Ӿ56,547,061 to PR1 wallet nano_3atmwjh8t11psdqf3qx6xjfiei94oajch6zsyauowxzjogbbgz168g5mp8f1 ...
2026-10-08T09:49:14.428475Z  INFO nanospam::wallets_factory: Waiting for confirmation for 70B574FB519B8DEA27D8F4952C2E7B0378B009608D6FC967984D3C83440C9C3D
2026-10-08T09:49:29.636914Z  INFO nanospam::wallets_factory: Receiving...
2026-10-08T09:49:29.638935Z  INFO nanospam::wallets_factory: Waiting for confirmation for 011C6AC2721054F46B03A50885AF48083A4A685154A55D85116DBCE413673F86
2026-10-08T09:49:29.847556Z  INFO nanospam::wallets_factory: DONE
2026-10-08T09:49:29.847703Z  INFO nanospam::wallets_factory: ********************************************************************************
2026-10-08T09:49:29.847724Z  INFO nanospam::wallets_factory: Creating wallet...
2026-10-08T09:49:29.928554Z  INFO nanospam::wallets_factory: Setting default representative...
2026-10-08T09:49:29.928940Z  INFO nanospam::wallets_factory: Sending Ӿ56,547,061 to PR2 wallet nano_36asm8scxymtsjmgqp14per3zxpgaec1c65qb9en1buscq7qzqa93tfyyzs3 ...
2026-10-08T09:49:29.929455Z  INFO nanospam::wallets_factory: Waiting for confirmation for 76B3937072C015B69E45D5458B47CF52A54A38F8ED441B0E21561A3048243E90
2026-10-08T09:49:30.136886Z  INFO nanospam::wallets_factory: Receiving...
2026-10-08T09:49:30.138963Z  INFO nanospam::wallets_factory: Waiting for confirmation for 402DCF4725254BECF5C5CB5F707C169725EE114819D289F8A5477C2FFF19BDC0
2026-10-08T09:49:30.347581Z  INFO nanospam::wallets_factory: DONE
2026-10-08T09:49:30.347725Z  INFO nanospam::wallets_factory: ********************************************************************************
2026-10-08T09:49:30.347751Z  INFO nanospam::wallets_factory: Creating wallet...
2026-10-08T09:49:30.427801Z  INFO nanospam::wallets_factory: Setting default representative...
2026-10-08T09:49:30.428204Z  INFO nanospam::wallets_factory: Sending Ӿ56,547,061 to PR3 wallet nano_1sfb11jzfi8k51fcnrzi1qe3qh1e1jkic3h45oak9yfg5yhbkczzxfwtat7m ...
2026-10-08T09:49:30.428654Z  INFO nanospam::wallets_factory: Waiting for confirmation for FF4589BE1759B38CC94ABA0AE4FE6644845FE957C02EA9CEA669A28C8D1ADE97
2026-10-08T09:49:45.739728Z  INFO nanospam::wallets_factory: Receiving...
2026-10-08T09:49:45.742453Z  INFO nanospam::wallets_factory: Waiting for confirmation for 1210B877FF188F4FF352C0EDE856AA702A1D6763EFA96EA84BB10519898BE6D0
2026-10-08T09:49:45.948814Z  INFO nanospam::wallets_factory: DONE
2026-10-08T09:49:45.948956Z  INFO nanospam::wallets_factory: ********************************************************************************
2026-10-08T09:49:45.948984Z  INFO nanospam::wallets_factory: Creating wallet...
2026-10-08T09:49:46.029227Z  INFO nanospam::wallets_factory: Setting default representative...
2026-10-08T09:49:46.029630Z  INFO nanospam::wallets_factory: Sending Ӿ56,547,061 to PR4 wallet nano_1rsxmoinip7d4wafdp855194n43fs7s1jgne6tx8ruatiu6g89815pddzijp ...
2026-10-08T09:49:46.030138Z  INFO nanospam::wallets_factory: Waiting for confirmation for 23D89F3531AC5EE2378D3606C70B24D2A7B9016B8ADB1A970E6B1D9E7576186D
2026-10-08T09:49:46.237664Z  INFO nanospam::wallets_factory: Receiving...
2026-10-08T09:49:46.239860Z  INFO nanospam::wallets_factory: Waiting for confirmation for 8D401F6072C9B3A9EFBA68DA33CC97FF1D15EEB9F09CE4731C1A7614578C3E56
2026-10-08T09:49:46.447408Z  INFO nanospam::wallets_factory: DONE
2026-10-08T09:49:46.447456Z  INFO nanospam::wallets_factory: ********************************************************************************
2026-10-08T09:49:46.447470Z  INFO nanospam::wallets_factory: Creating wallet...
2026-10-08T09:49:46.520635Z  INFO nanospam::wallets_factory: Setting default representative...
2026-10-08T09:49:46.521004Z  INFO nanospam::wallets_factory: Sending Ӿ56,547,061 to PR5 wallet nano_1wtzwadxk9naxc356m4rienp93ht131w7ypadk39qck8uah3bg3zohsmj9th ...
2026-10-08T09:49:46.521463Z  INFO nanospam::wallets_factory: Waiting for confirmation for A5666BC59C8DD98A7E52D6F61006629E4EDB37063C12A73BFB41D35538B371CA
2026-10-08T09:50:01.837836Z  INFO nanospam::wallets_factory: Receiving...
2026-10-08T09:50:01.840506Z  INFO nanospam::wallets_factory: Waiting for confirmation for 49EEF9EFFD843E7FE6FB8D0DE0A19E8B88DBE91F26F5FDDB0E8862DEF7553864
2026-10-08T09:50:02.047693Z  INFO nanospam::wallets_factory: DONE
2026-10-08T09:50:02.047877Z  INFO nanospam::wallets_factory: ********************************************************************************
2026-10-08T09:50:02.047913Z  INFO nanospam::wallets_factory: Sending initial spam amount...
2026-10-08T09:50:02.049700Z  INFO nanospam::wallets_factory: Waiting for confirmation for C93A0011890A20C1018DDC5AE2AA5C8A366250C6FF1EF3CCCB10569AF95507E5
2026-10-08T09:50:02.259128Z  INFO nanospam::wallets_factory: Receiving initial spam amount...
2026-10-08T09:50:02.260532Z  INFO nanospam::wallets_factory: Waiting for confirmation for D8E86B9CD25A91AD6FC020049E350621A4F95B504E5F07A63F74E580CBC414E9
2026-10-08T09:50:02.467020Z  INFO nanospam::wallets_factory: Seeding Ӿ142,857 to nano_3s4jdmdt1qzt4znoeayzdtqcpy1onxc5i457c1sshaa1psjewsegnp4husip for representative D315857CE70C54DE713F6E82E5613BB3A1266C15E28AD2F4338C7BBEC456F532
2026-10-08T09:50:02.468225Z  INFO nanospam::wallets_factory: Waiting for confirmation for E1450861EF550751DCDD83C6ADC356A8B6D881559F057B2FEFCB3A5144B9FF81
2026-10-08T09:50:02.678547Z  INFO nanospam::wallets_factory: Waiting for confirmation for AD0E3411137EE59011ECB40A3BE30E615E3BF5E35E758669FD2733783C2AA2D1
2026-10-08T09:50:02.887357Z  INFO nanospam::wallets_factory: Seeding Ӿ142,857 to nano_1tf5sit3uu3h7ikpcuz3odkcnbczikxj57carcu16oiy886ydc5n5uq8uzzu for representative A353E45E6D0016CAEED0DFA4EC5B0640E2AA22A793F9F2375E77F1AB92977C04
2026-10-08T09:50:02.888654Z  INFO nanospam::wallets_factory: Waiting for confirmation for 1F2C76FE203D4FC0666E7F0A1301A2263EFD33A8FA01C5FA29D990554984E1E6
2026-10-08T09:50:02.994948Z  INFO nanospam::wallets_factory: Waiting for confirmation for 11C3D3AAFE6A3556B997C3DC73A176470667BF4B7440047582719BB438BE70DE
2026-10-08T09:50:03.098341Z  INFO nanospam::wallets_factory: Seeding Ӿ142,857 to nano_1sinirgnfuqeta8rtejngjdrm8g6miy3mo333hdetx8o95dxq7wrfhni4hcm for representative 911999B2AEFA7ACC66EBD802B3301FF6CE431405107749D940277955CB7FDD07
2026-10-08T09:50:03.099282Z  INFO nanospam::wallets_factory: Waiting for confirmation for 0EC2668EFAACE0B028C7594F2F9265DBAD903ADD532F2B31091888BEB7860AB8
2026-10-08T09:50:03.204424Z  INFO nanospam::wallets_factory: Waiting for confirmation for 02F3B0F52689E5C45B9F78AA820C198B8A4726656161E6BC5E2906D3E3C62B5A
2026-10-08T09:50:03.413136Z  INFO nanospam::wallets_factory: Seeding Ӿ142,857 to nano_3zeu1jfnshjxitg4uib5z9jtykeme5feszkkkauzaquzmbubhfbt6cppakki for representative 65A90023F6C0D2181AAA63F005D81BBC0C04650505E21D5123F9AE1F9E992BFF
2026-10-08T09:50:03.414623Z  INFO nanospam::wallets_factory: Waiting for confirmation for E3AE95956B049CC1EF52735B48EDCEBE9D72DD4992E567E8F74A5DB7ABB07EF0
2026-10-08T09:50:03.624755Z  INFO nanospam::wallets_factory: Waiting for confirmation for 1E44F46E35EEA757AA41B02F58942F9C870291ED01F0962D91E030F79E5E1E09
2026-10-08T09:50:03.833454Z  INFO nanospam::wallets_factory: Seeding Ӿ142,857 to nano_3x181wtt58igwpt4fqscswb1bodph54xxzfm37hnbdopbbqymzmyfwicq8nm for representative 633D9D614858AB1710D5D8C3180E2A082DC97208BA8C26BA6C6D1A86C8E31CC0
2026-10-08T09:50:03.834871Z  INFO nanospam::wallets_factory: Waiting for confirmation for 1843A4DD2998DE23838FCDB8EC72122DD1C3AC6C742DCAC37B7281345FE72156
2026-10-08T09:50:04.045405Z  INFO nanospam::wallets_factory: Waiting for confirmation for B900DD6604438B358C5718EAD7D072D8F9B62E56A4A628CE921DBE467AB4F2D8
2026-10-08T09:50:04.253558Z  INFO nanospam::wallets_factory: Seeding Ӿ142,857 to nano_1cao78sdcr5wter5665wirgkka8mgzksgq4id3fcjpr61dafo6wm7jueuaur for representative 735FE217D91E88EA82324C5883296385FA0041C2FAC85C827BAA46DA1E14B83F
2026-10-08T09:50:04.255001Z  INFO nanospam::wallets_factory: Waiting for confirmation for F70991464A1AB95102E8DF51D6D4485683D3AB3F6F56F7E5A73ECF0F427DC42E
2026-10-08T09:50:04.463693Z  INFO nanospam::wallets_factory: Waiting for confirmation for D3F920482DCE4AEB07D111B94134BBF5FE54F108E9C8D7CE2AA47729634604AB
2026-10-08T09:50:04.673789Z  INFO nanospam::high_prio_check: Creating high priority accounts...
2026-10-08T09:50:04.701242Z  INFO nanospam::high_prio_check: Waiting for confirmations...
2026-10-08T09:50:06.855833Z  INFO nanospam::app: Waiting for all PRs to see the full quorum...
2026-10-08T09:50:17.065362Z  INFO nanospam::app: Republished the genesis chain to all PRs
2026-10-08T09:50:21.987877Z  INFO nanospam::app: Republished the genesis chain to all PRs
2026-10-08T09:50:26.910081Z  INFO nanospam::app: Republished the genesis chain to all PRs
2026-10-08T09:50:32.021217Z  INFO nanospam::app: Republished the genesis chain to all PRs
2026-10-08T09:50:32.226008Z  INFO nanospam::app: All PRs see the full quorum after 25.370737459s
2026-10-08T09:50:32.226111Z  INFO nanospam::app: Waiting for all PRs to hold the same cemented ledger...
2026-10-08T09:50:32.227505Z  INFO nanospam::app: All PRs hold the same ledger of 65 blocks after 1.373042ms
EPOCH_COMMITTEE derived_by=genesis members=6 accounts=33 n=6 digest=95D409445152DD075E6A4799205DFA5689496EB8EE1A22AC2A200B9DBC2DCF27 shares=["A353E45E:16.7%", "65A90023:16.7%", "D315857C:16.7%", "911999B2:16.7%", "633D9D61:16.7%", "735FE217:16.7%"] t=1791453032227
EPOCH_START epoch=0 elections=0 t=1791453032228
EPOCH_COMMITTEE derived_by=genesis members=6 accounts=33 n=6 digest=95D409445152DD075E6A4799205DFA5689496EB8EE1A22AC2A200B9DBC2DCF27 shares=["A353E45E:16.7%", "65A90023:16.7%", "D315857C:16.7%", "911999B2:16.7%", "633D9D61:16.7%", "735FE217:16.7%"] t=1791453032228
EPOCH_START epoch=0 elections=0 t=1791453032228
EPOCH_COMMITTEE derived_by=genesis members=6 accounts=33 n=6 digest=95D409445152DD075E6A4799205DFA5689496EB8EE1A22AC2A200B9DBC2DCF27 shares=["A353E45E:16.7%", "65A90023:16.7%", "D315857C:16.7%", "911999B2:16.7%", "633D9D61:16.7%", "735FE217:16.7%"] t=1791453032229
EPOCH_START epoch=0 elections=0 t=1791453032229
EPOCH_COMMITTEE derived_by=genesis members=6 accounts=33 n=6 digest=95D409445152DD075E6A4799205DFA5689496EB8EE1A22AC2A200B9DBC2DCF27 shares=["A353E45E:16.7%", "65A90023:16.7%", "D315857C:16.7%", "911999B2:16.7%", "633D9D61:16.7%", "735FE217:16.7%"] t=1791453032229
EPOCH_START epoch=0 elections=0 t=1791453032229
EPOCH_COMMITTEE derived_by=genesis members=6 accounts=33 n=6 digest=95D409445152DD075E6A4799205DFA5689496EB8EE1A22AC2A200B9DBC2DCF27 shares=["A353E45E:16.7%", "65A90023:16.7%", "D315857C:16.7%", "911999B2:16.7%", "633D9D61:16.7%", "735FE217:16.7%"] t=1791453032230
EPOCH_START epoch=0 elections=0 t=1791453032230
EPOCH_COMMITTEE derived_by=genesis members=6 accounts=33 n=6 digest=95D409445152DD075E6A4799205DFA5689496EB8EE1A22AC2A200B9DBC2DCF27 shares=["A353E45E:16.7%", "65A90023:16.7%", "D315857C:16.7%", "911999B2:16.7%", "633D9D61:16.7%", "735FE217:16.7%"] t=1791453032230
EPOCH_START epoch=0 elections=0 t=1791453032230
2026-10-08T09:50:32.231052Z  INFO nanospam::app: Started the epochs on every PR
2026-10-08T09:50:32.231073Z  INFO nanospam::app: Connecting to node PR0... peer_addr=[::1]:17075
2026-10-08T09:50:32.231532Z  INFO nanospam::app: Performing handshake...
2026-10-08T09:50:32.232429Z  INFO nanospam::app: Performing handshake...
2026-10-08T09:50:32.243562Z  INFO nanospam::app: Performing handshake...
2026-10-08T09:50:32.254623Z  INFO nanospam::app: Performing handshake...
2026-10-08T09:50:32.265840Z  INFO nanospam::app: Connecting to node PR1... peer_addr=[::1]:17085
2026-10-08T09:50:32.266198Z  INFO nanospam::app: Performing handshake...
2026-10-08T09:50:32.266961Z  INFO nanospam::app: Performing handshake...
2026-10-08T09:50:32.278242Z  INFO nanospam::app: Performing handshake...
2026-10-08T09:50:32.289645Z  INFO nanospam::app: Performing handshake...
2026-10-08T09:50:32.300831Z  INFO nanospam::app: Connecting to node PR2... peer_addr=[::1]:17095
2026-10-08T09:50:32.301255Z  INFO nanospam::app: Performing handshake...
2026-10-08T09:50:32.302183Z  INFO nanospam::app: Performing handshake...
2026-10-08T09:50:32.313923Z  INFO nanospam::app: Performing handshake...
2026-10-08T09:50:32.325601Z  INFO nanospam::app: Performing handshake...
2026-10-08T09:50:32.336407Z  INFO nanospam::app: Connecting to node PR3... peer_addr=[::1]:17105
2026-10-08T09:50:32.336890Z  INFO nanospam::app: Performing handshake...
2026-10-08T09:50:32.337645Z  INFO nanospam::app: Performing handshake...
2026-10-08T09:50:32.349826Z  INFO nanospam::app: Performing handshake...
2026-10-08T09:50:32.361293Z  INFO nanospam::app: Performing handshake...
2026-10-08T09:50:32.372521Z  INFO nanospam::app: Connecting to node PR4... peer_addr=[::1]:17115
2026-10-08T09:50:32.372936Z  INFO nanospam::app: Performing handshake...
2026-10-08T09:50:32.373847Z  INFO nanospam::app: Performing handshake...
2026-10-08T09:50:32.385166Z  INFO nanospam::app: Performing handshake...
2026-10-08T09:50:32.396688Z  INFO nanospam::app: Performing handshake...
2026-10-08T09:50:32.407832Z  INFO nanospam::app: Connecting to node PR5... peer_addr=[::1]:17125
2026-10-08T09:50:32.408302Z  INFO nanospam::app: Performing handshake...
2026-10-08T09:50:32.409247Z  INFO nanospam::app: Performing handshake...
2026-10-08T09:50:32.420788Z  INFO nanospam::app: Performing handshake...
2026-10-08T09:50:32.432386Z  INFO nanospam::app: Performing handshake...
2026-10-08T09:50:32.442413Z  INFO nanospam::app: Connecting to websocket...
2026-10-08T09:50:32.443478Z  INFO nanospam::app: Starting with 2000 BPS
2026-10-08T09:50:33.444371Z  INFO nanospam::app: Confirmed 963 blocks | 2,000 bps | 1,046 cps | avg conf time: 89 ms
2026-10-08T09:50:34.445666Z  INFO nanospam::app: Confirmed 4,256 blocks | 2,000 bps | 3,288 cps | avg conf time: 190 ms
2026-10-08T09:50:35.447879Z  INFO nanospam::app: Confirmed 6,597 blocks | 2,000 bps | 2,338 cps | avg conf time: 145 ms
2026-10-08T09:50:36.448550Z  INFO nanospam::app: Confirmed 8,533 blocks | 2,000 bps | 1,932 cps | avg conf time: 98 ms
2026-10-08T09:50:37.449503Z  INFO nanospam::app: Confirmed 10,481 blocks | 2,000 bps | 1,946 cps | avg conf time: 92 ms
2026-10-08T09:50:38.450327Z  INFO nanospam::app: Confirmed 12,375 blocks | 2,000 bps | 1,892 cps | avg conf time: 90 ms
2026-10-08T09:50:39.451567Z  INFO nanospam::app: Confirmed 14,311 blocks | 2,000 bps | 1,933 cps | avg conf time: 93 ms
EPOCH_ENDED epoch=0 elections=177 active=113 t=1791453040227
EPOCH_ENDED epoch=0 elections=114 active=103 t=1791453040235
EPOCH_ENDED epoch=0 elections=138 active=127 t=1791453040241
EPOCH_ENDED epoch=0 elections=138 active=127 t=1791453040241
EPOCH_ENDED epoch=0 elections=139 active=128 t=1791453040241
EPOCH_ENDED epoch=0 elections=139 active=128 t=1791453040241
EPOCH_CARRIED epoch=0 instances=177 split=0 t=1791453040249
EPOCH_ADVANCED epoch=1 elections=354 active=290 vote_records=184358 t=1791453040249
EPOCH_CARRIED epoch=0 instances=114 split=0 t=1791453040262
EPOCH_ADVANCED epoch=1 elections=228 active=217 vote_records=184567 t=1791453040262
EPOCH_CARRIED epoch=0 instances=139 split=0 t=1791453040264
EPOCH_ADVANCED epoch=1 elections=278 active=267 vote_records=184568 t=1791453040264
EPOCH_CLOSE_UNREADY epoch=0 short_of=reports usable=0 weight=0 required=5 held=0 theirs=[] t=1791453040267
EPOCH_CARRIED epoch=0 instances=138 split=0 t=1791453040269
EPOCH_ADVANCED epoch=1 elections=276 active=265 vote_records=184567 t=1791453040269
EPOCH_CARRIED epoch=0 instances=138 split=0 t=1791453040271
EPOCH_ADVANCED epoch=1 elections=276 active=265 vote_records=184568 t=1791453040271
EPOCH_CARRIED epoch=0 instances=139 split=0 t=1791453040275
EPOCH_ADVANCED epoch=1 elections=278 active=267 vote_records=184567 t=1791453040275
EPOCH_CLOSE_UNREADY epoch=0 short_of=reports usable=0 weight=0 required=5 held=0 theirs=[] t=1791453040284
EPOCH_REPORT epoch=0 certified=15938 residual=75 root=508D5C34C8CFC69001FC5CBA392DC3B7FFF9A6FE9979AE5017144CDB57B76FFF reports=1 t=1791453040285
EPOCH_REPORT epoch=0 certified=15949 residual=103 root=666B535433D311B53A7EEC92DF95E508D32F9473C4F07053EDEFBA3AFEAC3C31 reports=1 t=1791453040301
EPOCH_REPORT epoch=0 certified=15949 residual=81 root=666B535433D311B53A7EEC92DF95E508D32F9473C4F07053EDEFBA3AFEAC3C31 reports=1 t=1791453040312
EPOCH_REPORT epoch=0 certified=15949 residual=80 root=666B535433D311B53A7EEC92DF95E508D32F9473C4F07053EDEFBA3AFEAC3C31 reports=1 t=1791453040316
EPOCH_REPORT epoch=0 certified=15949 residual=107 root=666B535433D311B53A7EEC92DF95E508D32F9473C4F07053EDEFBA3AFEAC3C31 reports=1 t=1791453040361
EPOCH_RECONCILED epoch=0 reporter=633D9D614858AB1710D5D8C3180E2A082DC97208BA8C26BA6C6D1A86C8E31CC0 complete=false entries=0 total=15949 symbols=0 dropped=false t=1791453040427
EPOCH_RECONCILED epoch=0 reporter=633D9D614858AB1710D5D8C3180E2A082DC97208BA8C26BA6C6D1A86C8E31CC0 complete=true entries=103 total=103 symbols=0 dropped=false t=1791453040433
2026-10-08T09:50:40.454063Z  INFO nanospam::app: Confirmed 16,219 blocks | 2,000 bps | 1,906 cps | avg conf time: 102 ms
EPOCH_RECONCILED epoch=0 reporter=633D9D614858AB1710D5D8C3180E2A082DC97208BA8C26BA6C6D1A86C8E31CC0 complete=false entries=0 total=15949 symbols=0 dropped=false t=1791453040468
EPOCH_REPORT epoch=0 certified=15949 residual=80 root=666B535433D311B53A7EEC92DF95E508D32F9473C4F07053EDEFBA3AFEAC3C31 reports=1 t=1791453040471
EPOCH_RECONCILED epoch=0 reporter=633D9D614858AB1710D5D8C3180E2A082DC97208BA8C26BA6C6D1A86C8E31CC0 complete=true entries=103 total=103 symbols=0 dropped=false t=1791453040473
EPOCH_RECONCILED epoch=0 reporter=911999B2AEFA7ACC66EBD802B3301FF6CE431405107749D940277955CB7FDD07 complete=false entries=0 total=15949 symbols=0 dropped=false t=1791453040475
EPOCH_RECONCILED epoch=0 reporter=911999B2AEFA7ACC66EBD802B3301FF6CE431405107749D940277955CB7FDD07 complete=false entries=0 total=15949 symbols=0 dropped=false t=1791453040478
EPOCH_RECONCILED epoch=0 reporter=911999B2AEFA7ACC66EBD802B3301FF6CE431405107749D940277955CB7FDD07 complete=true entries=81 total=81 symbols=0 dropped=false t=1791453040529
EPOCH_RECONCILED epoch=0 reporter=A353E45E6D0016CAEED0DFA4EC5B0640E2AA22A793F9F2375E77F1AB92977C04 complete=false entries=0 total=15949 symbols=0 dropped=false t=1791453040530
EPOCH_RECONCILED epoch=0 reporter=911999B2AEFA7ACC66EBD802B3301FF6CE431405107749D940277955CB7FDD07 complete=true entries=81 total=81 symbols=0 dropped=false t=1791453040531
EPOCH_RECONCILED epoch=0 reporter=65A90023F6C0D2181AAA63F005D81BBC0C04650505E21D5123F9AE1F9E992BFF complete=false entries=0 total=15949 symbols=0 dropped=false t=1791453040531
EPOCH_RECONCILED epoch=0 reporter=65A90023F6C0D2181AAA63F005D81BBC0C04650505E21D5123F9AE1F9E992BFF complete=false entries=0 total=15949 symbols=0 dropped=false t=1791453040533
EPOCH_RECONCILED epoch=0 reporter=A353E45E6D0016CAEED0DFA4EC5B0640E2AA22A793F9F2375E77F1AB92977C04 complete=true entries=80 total=80 symbols=0 dropped=false t=1791453040533
EPOCH_CLOSE_UNREADY epoch=0 short_of=reports usable=1 weight=1 required=5 held=5 theirs=["633D9D61:666B5354:7F5657AE", "911999B2:666B5354:CCF07220", "65A90023:666B5354:0A3DE6EB", "A353E45E:666B5354:0A3DE6EB", "735FE217:666B5354:86C86901"] t=1791453040535
EPOCH_RECONCILED epoch=0 reporter=65A90023F6C0D2181AAA63F005D81BBC0C04650505E21D5123F9AE1F9E992BFF complete=true entries=80 total=80 symbols=0 dropped=false t=1791453040537
EPOCH_RECONCILED epoch=0 reporter=735FE217D91E88EA82324C5883296385FA0041C2FAC85C827BAA46DA1E14B83F complete=false entries=0 total=15949 symbols=0 dropped=false t=1791453040538
EPOCH_RECONCILED epoch=0 reporter=633D9D614858AB1710D5D8C3180E2A082DC97208BA8C26BA6C6D1A86C8E31CC0 complete=false entries=0 total=15949 symbols=0 dropped=false t=1791453040554
EPOCH_RECONCILED epoch=0 reporter=735FE217D91E88EA82324C5883296385FA0041C2FAC85C827BAA46DA1E14B83F complete=true entries=107 total=107 symbols=0 dropped=false t=1791453040557
EPOCH_RECONCILED epoch=0 reporter=65A90023F6C0D2181AAA63F005D81BBC0C04650505E21D5123F9AE1F9E992BFF complete=true entries=80 total=80 symbols=0 dropped=false t=1791453040558
EPOCH_RECONCILED epoch=0 reporter=65A90023F6C0D2181AAA63F005D81BBC0C04650505E21D5123F9AE1F9E992BFF complete=false entries=0 total=15949 symbols=0 dropped=false t=1791453040569
EPOCH_RECONCILED epoch=0 reporter=633D9D614858AB1710D5D8C3180E2A082DC97208BA8C26BA6C6D1A86C8E31CC0 complete=true entries=103 total=103 symbols=0 dropped=false t=1791453040582
EPOCH_RECONCILED epoch=0 reporter=735FE217D91E88EA82324C5883296385FA0041C2FAC85C827BAA46DA1E14B83F complete=false entries=0 total=15949 symbols=0 dropped=false t=1791453040583
EPOCH_RECONCILED epoch=0 reporter=65A90023F6C0D2181AAA63F005D81BBC0C04650505E21D5123F9AE1F9E992BFF complete=true entries=80 total=80 symbols=0 dropped=false t=1791453040584
EPOCH_RECONCILED epoch=0 reporter=A353E45E6D0016CAEED0DFA4EC5B0640E2AA22A793F9F2375E77F1AB92977C04 complete=false entries=0 total=15949 symbols=0 dropped=false t=1791453040585
EPOCH_RECONCILED epoch=0 reporter=735FE217D91E88EA82324C5883296385FA0041C2FAC85C827BAA46DA1E14B83F complete=true entries=107 total=107 symbols=0 dropped=false t=1791453040587
EPOCH_RECONCILED epoch=0 reporter=65A90023F6C0D2181AAA63F005D81BBC0C04650505E21D5123F9AE1F9E992BFF complete=false entries=0 total=15949 symbols=0 dropped=false t=1791453040588
EPOCH_RECONCILED epoch=0 reporter=A353E45E6D0016CAEED0DFA4EC5B0640E2AA22A793F9F2375E77F1AB92977C04 complete=true entries=80 total=80 symbols=0 dropped=false t=1791453040589
EPOCH_RECONCILED epoch=0 reporter=911999B2AEFA7ACC66EBD802B3301FF6CE431405107749D940277955CB7FDD07 complete=false entries=0 total=15949 symbols=0 dropped=false t=1791453040589
EPOCH_RECONCILED epoch=0 reporter=65A90023F6C0D2181AAA63F005D81BBC0C04650505E21D5123F9AE1F9E992BFF complete=true entries=80 total=80 symbols=0 dropped=false t=1791453040597
EPOCH_RECONCILED epoch=0 reporter=911999B2AEFA7ACC66EBD802B3301FF6CE431405107749D940277955CB7FDD07 complete=true entries=81 total=81 symbols=0 dropped=false t=1791453040608
EPOCH_RECONCILED epoch=0 reporter=735FE217D91E88EA82324C5883296385FA0041C2FAC85C827BAA46DA1E14B83F complete=false entries=0 total=15949 symbols=0 dropped=false t=1791453040609
EPOCH_RECONCILED epoch=0 reporter=911999B2AEFA7ACC66EBD802B3301FF6CE431405107749D940277955CB7FDD07 complete=false entries=0 total=15949 symbols=0 dropped=false t=1791453040614
EPOCH_RECONCILED epoch=0 reporter=911999B2AEFA7ACC66EBD802B3301FF6CE431405107749D940277955CB7FDD07 complete=true entries=81 total=81 symbols=0 dropped=false t=1791453040621
EPOCH_RECONCILED epoch=0 reporter=735FE217D91E88EA82324C5883296385FA0041C2FAC85C827BAA46DA1E14B83F complete=true entries=107 total=107 symbols=0 dropped=false t=1791453040621
EPOCH_RECONCILED epoch=0 reporter=735FE217D91E88EA82324C5883296385FA0041C2FAC85C827BAA46DA1E14B83F complete=false entries=0 total=15949 symbols=0 dropped=false t=1791453040621
EPOCH_RECONCILED epoch=0 reporter=633D9D614858AB1710D5D8C3180E2A082DC97208BA8C26BA6C6D1A86C8E31CC0 complete=false entries=102 total=15949 symbols=162 dropped=false t=1791453040626
EPOCH_RECONCILED epoch=0 reporter=911999B2AEFA7ACC66EBD802B3301FF6CE431405107749D940277955CB7FDD07 complete=false entries=102 total=15949 symbols=162 dropped=false t=1791453040626
EPOCH_RECONCILED epoch=0 reporter=65A90023F6C0D2181AAA63F005D81BBC0C04650505E21D5123F9AE1F9E992BFF complete=false entries=102 total=15949 symbols=162 dropped=false t=1791453040626
EPOCH_RECONCILED epoch=0 reporter=735FE217D91E88EA82324C5883296385FA0041C2FAC85C827BAA46DA1E14B83F complete=false entries=102 total=15949 symbols=162 dropped=false t=1791453040626
EPOCH_RECONCILED epoch=0 reporter=D315857CE70C54DE713F6E82E5613BB3A1266C15E28AD2F4338C7BBEC456F532 complete=false entries=219 total=15938 symbols=364 dropped=false t=1791453040639
EPOCH_RECONCILED epoch=0 reporter=D315857CE70C54DE713F6E82E5613BB3A1266C15E28AD2F4338C7BBEC456F532 complete=false entries=219 total=15938 symbols=364 dropped=false t=1791453040639
EPOCH_RECONCILED epoch=0 reporter=D315857CE70C54DE713F6E82E5613BB3A1266C15E28AD2F4338C7BBEC456F532 complete=false entries=219 total=15938 symbols=364 dropped=false t=1791453040643
EPOCH_RECONCILED epoch=0 reporter=D315857CE70C54DE713F6E82E5613BB3A1266C15E28AD2F4338C7BBEC456F532 complete=false entries=219 total=15938 symbols=364 dropped=false t=1791453040657
EPOCH_RECONCILED epoch=0 reporter=735FE217D91E88EA82324C5883296385FA0041C2FAC85C827BAA46DA1E14B83F complete=true entries=107 total=107 symbols=0 dropped=false t=1791453040690
EPOCH_RECONCILED epoch=0 reporter=A353E45E6D0016CAEED0DFA4EC5B0640E2AA22A793F9F2375E77F1AB92977C04 complete=false entries=0 total=15949 symbols=0 dropped=false t=1791453040692
EPOCH_RECONCILED epoch=0 reporter=A353E45E6D0016CAEED0DFA4EC5B0640E2AA22A793F9F2375E77F1AB92977C04 complete=true entries=80 total=80 symbols=0 dropped=false t=1791453040718
EPOCH_RECONCILED epoch=0 reporter=633D9D614858AB1710D5D8C3180E2A082DC97208BA8C26BA6C6D1A86C8E31CC0 complete=false entries=0 total=15949 symbols=0 dropped=false t=1791453040720
EPOCH_RECONCILED epoch=0 reporter=633D9D614858AB1710D5D8C3180E2A082DC97208BA8C26BA6C6D1A86C8E31CC0 complete=true entries=103 total=103 symbols=0 dropped=false t=1791453040730
EPOCH_RECONCILED epoch=0 reporter=D315857CE70C54DE713F6E82E5613BB3A1266C15E28AD2F4338C7BBEC456F532 complete=false entries=219 total=15938 symbols=364 dropped=false t=1791453040754
EPOCH_RECONCILED epoch=0 reporter=633D9D614858AB1710D5D8C3180E2A082DC97208BA8C26BA6C6D1A86C8E31CC0 complete=true entries=103 total=103 symbols=0 dropped=false t=1791453040804
EPOCH_CLOSE_UNREADY epoch=0 short_of=reports usable=4 weight=4 required=5 held=5 theirs=["633D9D61:666B5354:7F5657AE", "D315857C:508D5C34:FB56ED85", "911999B2:666B5354:CCF07220", "65A90023:666B5354:0A3DE6EB", "A353E45E:666B5354:0A3DE6EB"] t=1791453040821
EPOCH_RECONCILED epoch=0 reporter=911999B2AEFA7ACC66EBD802B3301FF6CE431405107749D940277955CB7FDD07 complete=true entries=81 total=81 symbols=0 dropped=false t=1791453040855
EPOCH_RECONCILED epoch=0 reporter=65A90023F6C0D2181AAA63F005D81BBC0C04650505E21D5123F9AE1F9E992BFF complete=true entries=80 total=80 symbols=0 dropped=false t=1791453040871
EPOCH_RECONCILED epoch=0 reporter=A353E45E6D0016CAEED0DFA4EC5B0640E2AA22A793F9F2375E77F1AB92977C04 complete=false entries=0 total=15949 symbols=0 dropped=false t=1791453040873
EPOCH_CLOSE_READY epoch=0 t=1791453040897
EPOCH_CLOSE_ROUND epoch=0 round=0 leader=633D9D614858AB1710D5D8C3180E2A082DC97208BA8C26BA6C6D1A86C8E31CC0 leads=false t=1791453040897
EPOCH_RECONCILED epoch=0 reporter=A353E45E6D0016CAEED0DFA4EC5B0640E2AA22A793F9F2375E77F1AB92977C04 complete=true entries=80 total=80 symbols=0 dropped=false t=1791453040904
EPOCH_RECONCILED epoch=0 reporter=D315857CE70C54DE713F6E82E5613BB3A1266C15E28AD2F4338C7BBEC456F532 complete=true entries=75 total=75 symbols=0 dropped=false t=1791453040918
EPOCH_RECONCILED epoch=0 reporter=A353E45E6D0016CAEED0DFA4EC5B0640E2AA22A793F9F2375E77F1AB92977C04 complete=false entries=0 total=15949 symbols=0 dropped=false t=1791453040923
EPOCH_RECONCILED epoch=0 reporter=735FE217D91E88EA82324C5883296385FA0041C2FAC85C827BAA46DA1E14B83F complete=true entries=107 total=107 symbols=0 dropped=false t=1791453040946
EPOCH_RECONCILED epoch=0 reporter=A353E45E6D0016CAEED0DFA4EC5B0640E2AA22A793F9F2375E77F1AB92977C04 complete=true entries=80 total=80 symbols=0 dropped=false t=1791453040947
EPOCH_CLOSE_READY epoch=0 t=1791453040963
EPOCH_CLOSE_ROUND epoch=0 round=0 leader=633D9D614858AB1710D5D8C3180E2A082DC97208BA8C26BA6C6D1A86C8E31CC0 leads=false t=1791453040963
EPOCH_CLOSE_READY epoch=0 t=1791453040963
EPOCH_CLOSE_ROUND epoch=0 round=0 leader=633D9D614858AB1710D5D8C3180E2A082DC97208BA8C26BA6C6D1A86C8E31CC0 leads=false t=1791453040963
EPOCH_CLOSE_READY epoch=0 t=1791453041026
EPOCH_RECONCILED epoch=0 reporter=D315857CE70C54DE713F6E82E5613BB3A1266C15E28AD2F4338C7BBEC456F532 complete=true entries=75 total=75 symbols=0 dropped=false t=1791453041072
EPOCH_CLOSE_READY epoch=0 t=1791453041132
EPOCH_CLOSE_ROUND epoch=0 round=0 leader=633D9D614858AB1710D5D8C3180E2A082DC97208BA8C26BA6C6D1A86C8E31CC0 leads=false t=1791453041132
EPOCH_RECONCILED epoch=0 reporter=D315857CE70C54DE713F6E82E5613BB3A1266C15E28AD2F4338C7BBEC456F532 complete=true entries=75 total=75 symbols=0 dropped=false t=1791453041165
EPOCH_RECONCILED epoch=0 reporter=D315857CE70C54DE713F6E82E5613BB3A1266C15E28AD2F4338C7BBEC456F532 complete=true entries=75 total=75 symbols=0 dropped=false t=1791453041188
EPOCH_CLOSE_READY epoch=0 t=1791453041409
EPOCH_CLOSE_ROUND epoch=0 round=0 leader=633D9D614858AB1710D5D8C3180E2A082DC97208BA8C26BA6C6D1A86C8E31CC0 leads=false t=1791453041409
EPOCH_PROPOSED epoch=0 round=0 value=88CE611DF552BA2B31B15139BB87A9C4EC4AFB98E4C33157463F8EC6A7E79AA7 state=606418DFC5F043F223C9A97B5719DC0C94936D38408680208882DDEF9CB25260 reports=5 t=1791453041431
EPOCH_VALUE epoch=0 value=88CE611DF552BA2B31B15139BB87A9C4EC4AFB98E4C33157463F8EC6A7E79AA7 state=606418DFC5F043F223C9A97B5719DC0C94936D38408680208882DDEF9CB25260 t=1791453041432
EPOCH_CLOSE_ROUND epoch=0 round=0 leader=633D9D614858AB1710D5D8C3180E2A082DC97208BA8C26BA6C6D1A86C8E31CC0 leads=true t=1791453041432
2026-10-08T09:50:41.454391Z  INFO nanospam::app: Confirmed 17,999 blocks | 2,000 bps | 1,776 cps | avg conf time: 157 ms
EPOCH_RECONCILED epoch=0 reporter=D315857CE70C54DE713F6E82E5613BB3A1266C15E28AD2F4338C7BBEC456F532 complete=true entries=75 total=75 symbols=0 dropped=false t=1791453041457
EPOCH_VALUE epoch=0 value=88CE611DF552BA2B31B15139BB87A9C4EC4AFB98E4C33157463F8EC6A7E79AA7 state=606418DFC5F043F223C9A97B5719DC0C94936D38408680208882DDEF9CB25260 t=1791453041505
EPOCH_VALUE epoch=0 value=88CE611DF552BA2B31B15139BB87A9C4EC4AFB98E4C33157463F8EC6A7E79AA7 state=606418DFC5F043F223C9A97B5719DC0C94936D38408680208882DDEF9CB25260 t=1791453041510
EPOCH_VALUE epoch=0 value=88CE611DF552BA2B31B15139BB87A9C4EC4AFB98E4C33157463F8EC6A7E79AA7 state=606418DFC5F043F223C9A97B5719DC0C94936D38408680208882DDEF9CB25260 t=1791453041517
EPOCH_VALUE epoch=0 value=88CE611DF552BA2B31B15139BB87A9C4EC4AFB98E4C33157463F8EC6A7E79AA7 state=606418DFC5F043F223C9A97B5719DC0C94936D38408680208882DDEF9CB25260 t=1791453041518
EPOCH_VALUE epoch=0 value=88CE611DF552BA2B31B15139BB87A9C4EC4AFB98E4C33157463F8EC6A7E79AA7 state=606418DFC5F043F223C9A97B5719DC0C94936D38408680208882DDEF9CB25260 t=1791453041519
EPOCH_CLOSE_ROUND epoch=0 round=1 leader=65A90023F6C0D2181AAA63F005D81BBC0C04650505E21D5123F9AE1F9E992BFF leads=false t=1791453041714
EPOCH_INSTALL epoch=0 finalized=15884 instances_confirmed=0 t=1791453041724
EPOCH_INSTALL epoch=0 finalized=15884 instances_confirmed=0 t=1791453041724
EPOCH_INSTALL epoch=0 finalized=15884 instances_confirmed=0 t=1791453041724
EPOCH_LATE_NOTAR epoch=0 blocks=2755 notarized=2652 cast=2649 t=1791453041725
EPOCH_LATE_NOTAR epoch=0 blocks=2755 notarized=2652 cast=2733 t=1791453041725
EPOCH_LATE_NOTAR epoch=0 blocks=2755 notarized=2652 cast=2695 t=1791453041725
EPOCH_INSTALL epoch=0 finalized=15884 instances_confirmed=0 t=1791453041725
EPOCH_GATE epoch=1 released=322 finalized=0 t=1791453041725
EPOCH_GATE epoch=1 released=311 finalized=0 t=1791453041725
EPOCH_GATE epoch=1 released=311 finalized=0 t=1791453041725
EPOCH_LATE_NOTAR epoch=0 blocks=2755 notarized=2652 cast=2176 t=1791453041726
EPOCH_GATE epoch=1 released=310 finalized=0 t=1791453041726
EPOCH_INSTALL epoch=0 finalized=15884 instances_confirmed=0 t=1791453041731
EPOCH_LATE_NOTAR epoch=0 blocks=2755 notarized=2652 cast=2607 t=1791453041732
EPOCH_GATE epoch=1 released=311 finalized=0 t=1791453041732
EPOCH_INSTALL epoch=0 finalized=15884 instances_confirmed=0 t=1791453041732
EPOCH_LATE_NOTAR epoch=0 blocks=2755 notarized=2652 cast=2586 t=1791453041733
EPOCH_GATE epoch=1 released=309 finalized=0 t=1791453041734
EPOCH_COMMITTEE derived_by=0 members=6 accounts=7285 n=6 digest=95D409445152DD075E6A4799205DFA5689496EB8EE1A22AC2A200B9DBC2DCF27 shares=["735FE217:16.7%", "A353E45E:16.7%", "D315857C:16.7%", "911999B2:16.7%", "633D9D61:16.7%", "65A90023:16.7%"] t=1791453041750
EPOCH_LOCKS epoch=0 continued=0 kinds={"locks=1 kind=Some(Recovery) nc_here=false saved=true": 1} t=1791453041750
EPOCH_OMITTED epoch=0 instances=47 retained=1 t=1791453041750
EPOCH_CLOSED epoch=0 round=0 value=88CE611DF552BA2B31B15139BB87A9C4EC4AFB98E4C33157463F8EC6A7E79AA7 state=606418DFC5F043F223C9A97B5719DC0C94936D38408680208882DDEF9CB25260 t=1791453041750
EPOCH_COMMITTEE derived_by=0 members=6 accounts=7285 n=6 digest=95D409445152DD075E6A4799205DFA5689496EB8EE1A22AC2A200B9DBC2DCF27 shares=["735FE217:16.7%", "A353E45E:16.7%", "D315857C:16.7%", "911999B2:16.7%", "633D9D61:16.7%", "65A90023:16.7%"] t=1791453041761
EPOCH_LOCKS epoch=0 continued=0 kinds={"locks=1 kind=Some(Recovery) nc_here=false saved=true": 1} t=1791453041762
EPOCH_OMITTED epoch=0 instances=47 retained=1 t=1791453041762
EPOCH_CLOSED epoch=0 round=0 value=88CE611DF552BA2B31B15139BB87A9C4EC4AFB98E4C33157463F8EC6A7E79AA7 state=606418DFC5F043F223C9A97B5719DC0C94936D38408680208882DDEF9CB25260 t=1791453041762
EPOCH_COMMITTEE derived_by=0 members=6 accounts=7285 n=6 digest=95D409445152DD075E6A4799205DFA5689496EB8EE1A22AC2A200B9DBC2DCF27 shares=["735FE217:16.7%", "A353E45E:16.7%", "D315857C:16.7%", "911999B2:16.7%", "633D9D61:16.7%", "65A90023:16.7%"] t=1791453041764
EPOCH_LOCKS epoch=0 continued=0 kinds={"locks=1 kind=Some(Recovery) nc_here=false saved=true": 1} t=1791453041764
EPOCH_OMITTED epoch=0 instances=47 retained=1 t=1791453041764
EPOCH_CLOSED epoch=0 round=0 value=88CE611DF552BA2B31B15139BB87A9C4EC4AFB98E4C33157463F8EC6A7E79AA7 state=606418DFC5F043F223C9A97B5719DC0C94936D38408680208882DDEF9CB25260 t=1791453041764
EPOCH_COMMITTEE derived_by=0 members=6 accounts=7285 n=6 digest=95D409445152DD075E6A4799205DFA5689496EB8EE1A22AC2A200B9DBC2DCF27 shares=["735FE217:16.7%", "A353E45E:16.7%", "D315857C:16.7%", "911999B2:16.7%", "633D9D61:16.7%", "65A90023:16.7%"] t=1791453041792
EPOCH_LOCKS epoch=0 continued=0 kinds={"locks=1 kind=Some(Recovery) nc_here=false saved=true": 1} t=1791453041792
EPOCH_OMITTED epoch=0 instances=47 retained=1 t=1791453041792
EPOCH_CLOSED epoch=0 round=0 value=88CE611DF552BA2B31B15139BB87A9C4EC4AFB98E4C33157463F8EC6A7E79AA7 state=606418DFC5F043F223C9A97B5719DC0C94936D38408680208882DDEF9CB25260 t=1791453041792
EPOCH_INSTALLED epoch=0 finalized=15884 cemented=15884 queued=0 missing=0 t=1791453041796
EPOCH_RETAINED epoch=0 retained=81 held=81 missing=0 t=1791453041796
EPOCH_INSTALLED epoch=0 finalized=15884 cemented=15884 queued=0 missing=0 t=1791453041806
EPOCH_RETAINED epoch=0 retained=81 held=81 missing=0 t=1791453041806
EPOCH_COMMITTEE derived_by=0 members=6 accounts=7285 n=6 digest=95D409445152DD075E6A4799205DFA5689496EB8EE1A22AC2A200B9DBC2DCF27 shares=["735FE217:16.7%", "A353E45E:16.7%", "D315857C:16.7%", "911999B2:16.7%", "633D9D61:16.7%", "65A90023:16.7%"] t=1791453041825
EPOCH_LOCKS epoch=0 continued=0 kinds={"locks=1 kind=Some(Recovery) nc_here=false saved=true": 1} t=1791453041825
EPOCH_OMITTED epoch=0 instances=47 retained=1 t=1791453041825
EPOCH_CLOSED epoch=0 round=0 value=88CE611DF552BA2B31B15139BB87A9C4EC4AFB98E4C33157463F8EC6A7E79AA7 state=606418DFC5F043F223C9A97B5719DC0C94936D38408680208882DDEF9CB25260 t=1791453041825
EPOCH_COMMITTEE derived_by=0 members=6 accounts=7285 n=6 digest=95D409445152DD075E6A4799205DFA5689496EB8EE1A22AC2A200B9DBC2DCF27 shares=["735FE217:16.7%", "A353E45E:16.7%", "D315857C:16.7%", "911999B2:16.7%", "633D9D61:16.7%", "65A90023:16.7%"] t=1791453041834
EPOCH_LOCKS epoch=0 continued=0 kinds={"locks=1 kind=Some(Recovery) nc_here=false saved=true": 1} t=1791453041835
EPOCH_OMITTED epoch=0 instances=47 retained=1 t=1791453041835
EPOCH_CLOSED epoch=0 round=0 value=88CE611DF552BA2B31B15139BB87A9C4EC4AFB98E4C33157463F8EC6A7E79AA7 state=606418DFC5F043F223C9A97B5719DC0C94936D38408680208882DDEF9CB25260 t=1791453041835
EPOCH_INSTALLED epoch=0 finalized=15884 cemented=15884 queued=0 missing=0 t=1791453041864
EPOCH_RETAINED epoch=0 retained=81 held=81 missing=0 t=1791453041864
EPOCH_EVIDENCE_RELEASED epoch=0 t=1791453041867
EPOCH_INSTALLED epoch=0 finalized=15884 cemented=15884 queued=0 missing=0 t=1791453041869
EPOCH_RETAINED epoch=0 retained=81 held=81 missing=0 t=1791453041869
EPOCH_EVIDENCE_RELEASED epoch=0 t=1791453041870
EPOCH_EVIDENCE_RELEASED epoch=0 t=1791453041876
EPOCH_EVIDENCE_RELEASED epoch=0 t=1791453041877
EPOCH_EVIDENCE_RELEASED epoch=0 t=1791453041880
EPOCH_EVIDENCE_RELEASED epoch=0 t=1791453041881
EPOCH_INSTALLED epoch=0 finalized=15884 cemented=15884 queued=0 missing=0 t=1791453041967
EPOCH_RETAINED epoch=0 retained=81 held=81 missing=0 t=1791453041967
EPOCH_INSTALLED epoch=0 finalized=15884 cemented=15884 queued=0 missing=0 t=1791453042163
EPOCH_RETAINED epoch=0 retained=81 held=81 missing=0 t=1791453042163
2026-10-08T09:50:42.455435Z  INFO nanospam::app: Confirmed 19,858 blocks | 2,000 bps | 1,857 cps | avg conf time: 215 ms
2026-10-08T09:50:43.456407Z  INFO nanospam::app: Confirmed 21,848 blocks | 2,000 bps | 1,988 cps | avg conf time: 96 ms
2026-10-08T09:50:44.457759Z  INFO nanospam::app: Confirmed 23,791 blocks | 2,000 bps | 1,941 cps | avg conf time: 92 ms
2026-10-08T09:50:45.458434Z  INFO nanospam::app: Confirmed 25,702 blocks | 2,000 bps | 1,908 cps | avg conf time: 91 ms
2026-10-08T09:50:46.459167Z  INFO nanospam::app: Confirmed 27,674 blocks | 2,000 bps | 1,970 cps | avg conf time: 93 ms
2026-10-08T09:50:47.460086Z  INFO nanospam::app: Confirmed 29,562 blocks | 2,000 bps | 1,886 cps | avg conf time: 97 ms
EPOCH_ENDED epoch=1 elections=186 active=125 t=1791453048229
EPOCH_ENDED epoch=1 elections=193 active=132 t=1791453048232
EPOCH_ENDED epoch=1 elections=193 active=132 t=1791453048232
EPOCH_ENDED epoch=1 elections=193 active=132 t=1791453048233
EPOCH_ENDED epoch=1 elections=194 active=133 t=1791453048233
EPOCH_ENDED epoch=1 elections=193 active=132 t=1791453048233
EPOCH_CARRIED epoch=1 instances=192 split=0 t=1791453048273
EPOCH_ADVANCED epoch=2 elections=385 active=324 vote_records=365861 t=1791453048273
EPOCH_CARRIED epoch=1 instances=192 split=0 t=1791453048278
EPOCH_ADVANCED epoch=2 elections=385 active=324 vote_records=365860 t=1791453048278
EPOCH_CARRIED epoch=1 instances=192 split=0 t=1791453048281
EPOCH_ADVANCED epoch=2 elections=385 active=324 vote_records=365860 t=1791453048281
EPOCH_CARRIED epoch=1 instances=185 split=0 t=1791453048283
EPOCH_ADVANCED epoch=2 elections=371 active=310 vote_records=365860 t=1791453048283
EPOCH_CLOSE_UNREADY epoch=1 short_of=reports usable=0 weight=0 required=5 held=0 theirs=[] t=1791453048287
EPOCH_CARRIED epoch=1 instances=193 split=0 t=1791453048287
EPOCH_ADVANCED epoch=2 elections=387 active=326 vote_records=365861 t=1791453048287
EPOCH_CARRIED epoch=1 instances=192 split=0 t=1791453048289
EPOCH_ADVANCED epoch=2 elections=385 active=324 vote_records=365860 t=1791453048289
EPOCH_CLOSE_UNREADY epoch=1 short_of=reports usable=0 weight=0 required=5 held=0 theirs=[] t=1791453048298
EPOCH_CLOSE_UNREADY epoch=1 short_of=reports usable=0 weight=0 required=5 held=0 theirs=[] t=1791453048304
EPOCH_CLOSE_UNREADY epoch=1 short_of=reports usable=0 weight=0 required=5 held=0 theirs=[] t=1791453048360
2026-10-08T09:50:48.460978Z  INFO nanospam::app: Confirmed 31,041 blocks | 2,000 bps | 1,477 cps | avg conf time: 92 ms
EPOCH_CLOSE_UNREADY epoch=1 short_of=reports usable=1 weight=1 required=5 held=0 theirs=[] t=1791453048503
EPOCH_REPORT epoch=1 certified=31167 residual=101 root=EB71234618D6B68F7DE884E667DEAEEB0D9A81053700B9B7A1F7028CE6D13D0C reports=1 t=1791453048508
EPOCH_REPORT epoch=1 certified=31167 residual=98 root=EB71234618D6B68F7DE884E667DEAEEB0D9A81053700B9B7A1F7028CE6D13D0C reports=1 t=1791453048518
EPOCH_REPORT epoch=1 certified=31167 residual=102 root=EB71234618D6B68F7DE884E667DEAEEB0D9A81053700B9B7A1F7028CE6D13D0C reports=1 t=1791453048518
EPOCH_REPORT epoch=1 certified=31167 residual=102 root=EB71234618D6B68F7DE884E667DEAEEB0D9A81053700B9B7A1F7028CE6D13D0C reports=1 t=1791453048578
EPOCH_RECONCILED epoch=1 reporter=A353E45E6D0016CAEED0DFA4EC5B0640E2AA22A793F9F2375E77F1AB92977C04 complete=false entries=0 total=31167 symbols=0 dropped=false t=1791453048612
EPOCH_RECONCILED epoch=1 reporter=A353E45E6D0016CAEED0DFA4EC5B0640E2AA22A793F9F2375E77F1AB92977C04 complete=false entries=0 total=31167 symbols=0 dropped=false t=1791453048618
EPOCH_RECONCILED epoch=1 reporter=A353E45E6D0016CAEED0DFA4EC5B0640E2AA22A793F9F2375E77F1AB92977C04 complete=true entries=101 total=101 symbols=0 dropped=false t=1791453048638
EPOCH_RECONCILED epoch=1 reporter=65A90023F6C0D2181AAA63F005D81BBC0C04650505E21D5123F9AE1F9E992BFF complete=false entries=0 total=31167 symbols=0 dropped=false t=1791453048643
EPOCH_RECONCILED epoch=1 reporter=A353E45E6D0016CAEED0DFA4EC5B0640E2AA22A793F9F2375E77F1AB92977C04 complete=true entries=101 total=101 symbols=0 dropped=false t=1791453048644
EPOCH_REPORT epoch=1 certified=31167 residual=95 root=EB71234618D6B68F7DE884E667DEAEEB0D9A81053700B9B7A1F7028CE6D13D0C reports=1 t=1791453048649
EPOCH_RECONCILED epoch=1 reporter=65A90023F6C0D2181AAA63F005D81BBC0C04650505E21D5123F9AE1F9E992BFF complete=false entries=0 total=31167 symbols=0 dropped=false t=1791453048671
EPOCH_RECONCILED epoch=1 reporter=65A90023F6C0D2181AAA63F005D81BBC0C04650505E21D5123F9AE1F9E992BFF complete=true entries=98 total=98 symbols=0 dropped=false t=1791453048673
EPOCH_RECONCILED epoch=1 reporter=911999B2AEFA7ACC66EBD802B3301FF6CE431405107749D940277955CB7FDD07 complete=false entries=0 total=31167 symbols=0 dropped=false t=1791453048675
EPOCH_RECONCILED epoch=1 reporter=A353E45E6D0016CAEED0DFA4EC5B0640E2AA22A793F9F2375E77F1AB92977C04 complete=false entries=0 total=31167 symbols=0 dropped=false t=1791453048679
EPOCH_REPORT epoch=1 certified=31167 residual=124 root=EB71234618D6B68F7DE884E667DEAEEB0D9A81053700B9B7A1F7028CE6D13D0C reports=1 t=1791453048713
EPOCH_RECONCILED epoch=1 reporter=633D9D614858AB1710D5D8C3180E2A082DC97208BA8C26BA6C6D1A86C8E31CC0 complete=false entries=0 total=31167 symbols=0 dropped=false t=1791453048716
EPOCH_RECONCILED epoch=1 reporter=633D9D614858AB1710D5D8C3180E2A082DC97208BA8C26BA6C6D1A86C8E31CC0 complete=true entries=102 total=102 symbols=0 dropped=false t=1791453048735
EPOCH_RECONCILED epoch=1 reporter=65A90023F6C0D2181AAA63F005D81BBC0C04650505E21D5123F9AE1F9E992BFF complete=false entries=0 total=31167 symbols=0 dropped=false t=1791453048741
EPOCH_RECONCILED epoch=1 reporter=65A90023F6C0D2181AAA63F005D81BBC0C04650505E21D5123F9AE1F9E992BFF complete=true entries=98 total=98 symbols=0 dropped=false t=1791453048754
EPOCH_RECONCILED epoch=1 reporter=A353E45E6D0016CAEED0DFA4EC5B0640E2AA22A793F9F2375E77F1AB92977C04 complete=false entries=0 total=31167 symbols=0 dropped=false t=1791453048758
EPOCH_RECONCILED epoch=1 reporter=A353E45E6D0016CAEED0DFA4EC5B0640E2AA22A793F9F2375E77F1AB92977C04 complete=true entries=101 total=101 symbols=0 dropped=false t=1791453048768
EPOCH_RECONCILED epoch=1 reporter=911999B2AEFA7ACC66EBD802B3301FF6CE431405107749D940277955CB7FDD07 complete=false entries=0 total=31167 symbols=0 dropped=false t=1791453048772
EPOCH_RECONCILED epoch=1 reporter=911999B2AEFA7ACC66EBD802B3301FF6CE431405107749D940277955CB7FDD07 complete=true entries=102 total=102 symbols=0 dropped=false t=1791453048776
EPOCH_RECONCILED epoch=1 reporter=735FE217D91E88EA82324C5883296385FA0041C2FAC85C827BAA46DA1E14B83F complete=false entries=0 total=31167 symbols=0 dropped=false t=1791453048841
EPOCH_RECONCILED epoch=1 reporter=65A90023F6C0D2181AAA63F005D81BBC0C04650505E21D5123F9AE1F9E992BFF complete=true entries=98 total=98 symbols=0 dropped=false t=1791453048844
EPOCH_RECONCILED epoch=1 reporter=A353E45E6D0016CAEED0DFA4EC5B0640E2AA22A793F9F2375E77F1AB92977C04 complete=true entries=101 total=101 symbols=0 dropped=false t=1791453048910
EPOCH_RECONCILED epoch=1 reporter=911999B2AEFA7ACC66EBD802B3301FF6CE431405107749D940277955CB7FDD07 complete=false entries=0 total=31167 symbols=0 dropped=false t=1791453048915
EPOCH_RECONCILED epoch=1 reporter=911999B2AEFA7ACC66EBD802B3301FF6CE431405107749D940277955CB7FDD07 complete=true entries=102 total=102 symbols=0 dropped=false t=1791453048929
EPOCH_RECONCILED epoch=1 reporter=D315857CE70C54DE713F6E82E5613BB3A1266C15E28AD2F4338C7BBEC456F532 complete=false entries=0 total=31167 symbols=0 dropped=false t=1791453048931
EPOCH_RECONCILED epoch=1 reporter=911999B2AEFA7ACC66EBD802B3301FF6CE431405107749D940277955CB7FDD07 complete=true entries=102 total=102 symbols=0 dropped=false t=1791453048940
EPOCH_RECONCILED epoch=1 reporter=D315857CE70C54DE713F6E82E5613BB3A1266C15E28AD2F4338C7BBEC456F532 complete=true entries=95 total=95 symbols=0 dropped=false t=1791453048947
EPOCH_RECONCILED epoch=1 reporter=65A90023F6C0D2181AAA63F005D81BBC0C04650505E21D5123F9AE1F9E992BFF complete=false entries=0 total=31167 symbols=0 dropped=false t=1791453048950
EPOCH_RECONCILED epoch=1 reporter=65A90023F6C0D2181AAA63F005D81BBC0C04650505E21D5123F9AE1F9E992BFF complete=true entries=98 total=98 symbols=0 dropped=false t=1791453048960
EPOCH_RECONCILED epoch=1 reporter=911999B2AEFA7ACC66EBD802B3301FF6CE431405107749D940277955CB7FDD07 complete=false entries=0 total=31167 symbols=0 dropped=false t=1791453048963
EPOCH_RECONCILED epoch=1 reporter=911999B2AEFA7ACC66EBD802B3301FF6CE431405107749D940277955CB7FDD07 complete=true entries=102 total=102 symbols=0 dropped=false t=1791453048971
EPOCH_RECONCILED epoch=1 reporter=633D9D614858AB1710D5D8C3180E2A082DC97208BA8C26BA6C6D1A86C8E31CC0 complete=false entries=0 total=31167 symbols=0 dropped=false t=1791453048974
EPOCH_RECONCILED epoch=1 reporter=735FE217D91E88EA82324C5883296385FA0041C2FAC85C827BAA46DA1E14B83F complete=true entries=124 total=124 symbols=0 dropped=false t=1791453048978
EPOCH_RECONCILED epoch=1 reporter=A353E45E6D0016CAEED0DFA4EC5B0640E2AA22A793F9F2375E77F1AB92977C04 complete=false entries=0 total=31167 symbols=0 dropped=false t=1791453048980
EPOCH_RECONCILED epoch=1 reporter=633D9D614858AB1710D5D8C3180E2A082DC97208BA8C26BA6C6D1A86C8E31CC0 complete=true entries=102 total=102 symbols=0 dropped=false t=1791453048981
EPOCH_RECONCILED epoch=1 reporter=735FE217D91E88EA82324C5883296385FA0041C2FAC85C827BAA46DA1E14B83F complete=false entries=0 total=31167 symbols=0 dropped=false t=1791453048983
EPOCH_RECONCILED epoch=1 reporter=D315857CE70C54DE713F6E82E5613BB3A1266C15E28AD2F4338C7BBEC456F532 complete=false entries=0 total=31167 symbols=0 dropped=false t=1791453048985
EPOCH_RECONCILED epoch=1 reporter=D315857CE70C54DE713F6E82E5613BB3A1266C15E28AD2F4338C7BBEC456F532 complete=true entries=95 total=95 symbols=0 dropped=false t=1791453049001
EPOCH_RECONCILED epoch=1 reporter=A353E45E6D0016CAEED0DFA4EC5B0640E2AA22A793F9F2375E77F1AB92977C04 complete=true entries=101 total=101 symbols=0 dropped=false t=1791453049008
EPOCH_RECONCILED epoch=1 reporter=65A90023F6C0D2181AAA63F005D81BBC0C04650505E21D5123F9AE1F9E992BFF complete=false entries=0 total=31167 symbols=0 dropped=false t=1791453049009
EPOCH_RECONCILED epoch=1 reporter=65A90023F6C0D2181AAA63F005D81BBC0C04650505E21D5123F9AE1F9E992BFF complete=true entries=98 total=98 symbols=0 dropped=false t=1791453049044
EPOCH_RECONCILED epoch=1 reporter=911999B2AEFA7ACC66EBD802B3301FF6CE431405107749D940277955CB7FDD07 complete=false entries=0 total=31167 symbols=0 dropped=false t=1791453049050
EPOCH_RECONCILED epoch=1 reporter=911999B2AEFA7ACC66EBD802B3301FF6CE431405107749D940277955CB7FDD07 complete=true entries=102 total=102 symbols=0 dropped=false t=1791453049054
EPOCH_RECONCILED epoch=1 reporter=633D9D614858AB1710D5D8C3180E2A082DC97208BA8C26BA6C6D1A86C8E31CC0 complete=false entries=0 total=31167 symbols=0 dropped=false t=1791453049055
EPOCH_RECONCILED epoch=1 reporter=633D9D614858AB1710D5D8C3180E2A082DC97208BA8C26BA6C6D1A86C8E31CC0 complete=true entries=102 total=102 symbols=0 dropped=false t=1791453049059
EPOCH_RECONCILED epoch=1 reporter=735FE217D91E88EA82324C5883296385FA0041C2FAC85C827BAA46DA1E14B83F complete=true entries=124 total=124 symbols=0 dropped=false t=1791453049080
EPOCH_CLOSE_UNREADY epoch=1 short_of=reports usable=4 weight=4 required=5 held=5 theirs=["A353E45E:EB712346:5F3E7B49", "D315857C:EB712346:579E672D", "65A90023:EB712346:E7D39563", "735FE217:EB712346:9A9183EE", "911999B2:EB712346:D1D0B4AE"] t=1791453049316
EPOCH_RECONCILED epoch=1 reporter=633D9D614858AB1710D5D8C3180E2A082DC97208BA8C26BA6C6D1A86C8E31CC0 complete=false entries=0 total=31167 symbols=0 dropped=false t=1791453049394
EPOCH_RECONCILED epoch=1 reporter=633D9D614858AB1710D5D8C3180E2A082DC97208BA8C26BA6C6D1A86C8E31CC0 complete=true entries=102 total=102 symbols=0 dropped=false t=1791453049458
EPOCH_RECONCILED epoch=1 reporter=D315857CE70C54DE713F6E82E5613BB3A1266C15E28AD2F4338C7BBEC456F532 complete=false entries=0 total=31167 symbols=0 dropped=false t=1791453049458
2026-10-08T09:50:49.462281Z  INFO nanospam::app: Confirmed 32,979 blocks | 2,000 bps | 1,936 cps | avg conf time: 455 ms
EPOCH_RECONCILED epoch=1 reporter=D315857CE70C54DE713F6E82E5613BB3A1266C15E28AD2F4338C7BBEC456F532 complete=false entries=0 total=31167 symbols=0 dropped=false t=1791453049470
EPOCH_RECONCILED epoch=1 reporter=D315857CE70C54DE713F6E82E5613BB3A1266C15E28AD2F4338C7BBEC456F532 complete=true entries=95 total=95 symbols=0 dropped=false t=1791453049485
EPOCH_RECONCILED epoch=1 reporter=D315857CE70C54DE713F6E82E5613BB3A1266C15E28AD2F4338C7BBEC456F532 complete=true entries=95 total=95 symbols=0 dropped=false t=1791453049512
EPOCH_RECONCILED epoch=1 reporter=633D9D614858AB1710D5D8C3180E2A082DC97208BA8C26BA6C6D1A86C8E31CC0 complete=false entries=0 total=31167 symbols=0 dropped=false t=1791453049513
EPOCH_RECONCILED epoch=1 reporter=D315857CE70C54DE713F6E82E5613BB3A1266C15E28AD2F4338C7BBEC456F532 complete=false entries=0 total=31167 symbols=0 dropped=false t=1791453049523
EPOCH_RECONCILED epoch=1 reporter=735FE217D91E88EA82324C5883296385FA0041C2FAC85C827BAA46DA1E14B83F complete=false entries=0 total=31167 symbols=0 dropped=false t=1791453049524
EPOCH_RECONCILED epoch=1 reporter=735FE217D91E88EA82324C5883296385FA0041C2FAC85C827BAA46DA1E14B83F complete=true entries=124 total=124 symbols=0 dropped=false t=1791453049530
EPOCH_RECONCILED epoch=1 reporter=633D9D614858AB1710D5D8C3180E2A082DC97208BA8C26BA6C6D1A86C8E31CC0 complete=true entries=102 total=102 symbols=0 dropped=false t=1791453049546
EPOCH_RECONCILED epoch=1 reporter=735FE217D91E88EA82324C5883296385FA0041C2FAC85C827BAA46DA1E14B83F complete=false entries=0 total=31167 symbols=0 dropped=false t=1791453049555
EPOCH_RECONCILED epoch=1 reporter=735FE217D91E88EA82324C5883296385FA0041C2FAC85C827BAA46DA1E14B83F complete=true entries=124 total=124 symbols=0 dropped=false t=1791453049562
EPOCH_RECONCILED epoch=1 reporter=D315857CE70C54DE713F6E82E5613BB3A1266C15E28AD2F4338C7BBEC456F532 complete=true entries=95 total=95 symbols=0 dropped=false t=1791453049564
EPOCH_RECONCILED epoch=1 reporter=735FE217D91E88EA82324C5883296385FA0041C2FAC85C827BAA46DA1E14B83F complete=false entries=0 total=31167 symbols=0 dropped=false t=1791453049566
EPOCH_RECONCILED epoch=1 reporter=735FE217D91E88EA82324C5883296385FA0041C2FAC85C827BAA46DA1E14B83F complete=true entries=124 total=124 symbols=0 dropped=false t=1791453049570
EPOCH_CLOSE_READY epoch=1 t=1791453049591
EPOCH_CLOSE_ROUND epoch=1 round=0 leader=65A90023F6C0D2181AAA63F005D81BBC0C04650505E21D5123F9AE1F9E992BFF leads=false t=1791453049591
EPOCH_CLOSE_READY epoch=1 t=1791453049604
EPOCH_CLOSE_ROUND epoch=1 round=0 leader=65A90023F6C0D2181AAA63F005D81BBC0C04650505E21D5123F9AE1F9E992BFF leads=false t=1791453049604
EPOCH_CLOSE_READY epoch=1 t=1791453049647
EPOCH_CLOSE_ROUND epoch=1 round=0 leader=65A90023F6C0D2181AAA63F005D81BBC0C04650505E21D5123F9AE1F9E992BFF leads=false t=1791453049647
EPOCH_CLOSE_READY epoch=1 t=1791453049668
EPOCH_CLOSE_ROUND epoch=1 round=0 leader=65A90023F6C0D2181AAA63F005D81BBC0C04650505E21D5123F9AE1F9E992BFF leads=false t=1791453049668
EPOCH_CLOSE_READY epoch=1 t=1791453049736
EPOCH_CLOSE_ROUND epoch=1 round=0 leader=65A90023F6C0D2181AAA63F005D81BBC0C04650505E21D5123F9AE1F9E992BFF leads=false t=1791453049736
EPOCH_CLOSE_READY epoch=1 t=1791453049737
EPOCH_PROPOSED epoch=1 round=0 value=02AB00061C14831F7758987669F541F688B0FB5D05D2B8D4521055A214EBF077 state=D719226826D8A4D37D4E57879B478B5893653F988BDA5D417F6EC771346F0B8F reports=5 t=1791453050343
EPOCH_VALUE epoch=1 value=02AB00061C14831F7758987669F541F688B0FB5D05D2B8D4521055A214EBF077 state=D719226826D8A4D37D4E57879B478B5893653F988BDA5D417F6EC771346F0B8F t=1791453050343
EPOCH_CLOSE_ROUND epoch=1 round=0 leader=65A90023F6C0D2181AAA63F005D81BBC0C04650505E21D5123F9AE1F9E992BFF leads=true t=1791453050343
2026-10-08T09:50:50.462887Z  INFO nanospam::app: Confirmed 35,169 blocks | 2,000 bps | 2,187 cps | avg conf time: 143 ms
EPOCH_VALUE epoch=1 value=02AB00061C14831F7758987669F541F688B0FB5D05D2B8D4521055A214EBF077 state=D719226826D8A4D37D4E57879B478B5893653F988BDA5D417F6EC771346F0B8F t=1791453050855
EPOCH_VALUE epoch=1 value=02AB00061C14831F7758987669F541F688B0FB5D05D2B8D4521055A214EBF077 state=D719226826D8A4D37D4E57879B478B5893653F988BDA5D417F6EC771346F0B8F t=1791453050869
EPOCH_VALUE epoch=1 value=02AB00061C14831F7758987669F541F688B0FB5D05D2B8D4521055A214EBF077 state=D719226826D8A4D37D4E57879B478B5893653F988BDA5D417F6EC771346F0B8F t=1791453050869
EPOCH_VALUE epoch=1 value=02AB00061C14831F7758987669F541F688B0FB5D05D2B8D4521055A214EBF077 state=D719226826D8A4D37D4E57879B478B5893653F988BDA5D417F6EC771346F0B8F t=1791453050889
EPOCH_VALUE epoch=1 value=02AB00061C14831F7758987669F541F688B0FB5D05D2B8D4521055A214EBF077 state=D719226826D8A4D37D4E57879B478B5893653F988BDA5D417F6EC771346F0B8F t=1791453051093
EPOCH_INSTALL epoch=1 finalized=15218 instances_confirmed=1 t=1791453051118
EPOCH_INSTALL epoch=1 finalized=15218 instances_confirmed=1 t=1791453051119
EPOCH_LATE_NOTAR epoch=1 blocks=5279 notarized=5201 cast=7943 t=1791453051119
EPOCH_GATE epoch=2 released=185 finalized=1 t=1791453051120
EPOCH_LATE_NOTAR epoch=1 blocks=5279 notarized=5201 cast=7328 t=1791453051121
EPOCH_GATE epoch=2 released=183 finalized=1 t=1791453051121
EPOCH_INSTALL epoch=1 finalized=15218 instances_confirmed=1 t=1791453051126
EPOCH_LATE_NOTAR epoch=1 blocks=5279 notarized=5201 cast=8012 t=1791453051127
EPOCH_GATE epoch=2 released=181 finalized=1 t=1791453051127
EPOCH_INSTALL epoch=1 finalized=15218 instances_confirmed=1 t=1791453051128
EPOCH_LATE_NOTAR epoch=1 blocks=5279 notarized=5201 cast=7633 t=1791453051129
EPOCH_INSTALL epoch=1 finalized=15218 instances_confirmed=1 t=1791453051129
EPOCH_GATE epoch=2 released=182 finalized=1 t=1791453051130
EPOCH_LATE_NOTAR epoch=1 blocks=5279 notarized=5201 cast=7764 t=1791453051131
EPOCH_GATE epoch=2 released=183 finalized=1 t=1791453051131
EPOCH_INSTALL epoch=1 finalized=15218 instances_confirmed=1 t=1791453051135
EPOCH_LATE_NOTAR epoch=1 blocks=5279 notarized=5201 cast=7935 t=1791453051137
EPOCH_GATE epoch=2 released=184 finalized=1 t=1791453051137
EPOCH_COMMITTEE derived_by=1 members=6 accounts=13187 n=6 digest=95D409445152DD075E6A4799205DFA5689496EB8EE1A22AC2A200B9DBC2DCF27 shares=["65A90023:16.7%", "A353E45E:16.7%", "D315857C:16.7%", "911999B2:16.7%", "633D9D61:16.7%", "735FE217:16.7%"] t=1791453051155
EPOCH_LOCKS epoch=1 continued=0 kinds={"locks=1 kind=Some(Recovery) nc_here=false saved=true": 1, "locks=1 kind=Some(Recovery) nc_here=true saved=true": 3} t=1791453051155
EPOCH_OMITTED epoch=1 instances=30 retained=4 t=1791453051155
EPOCH_CLOSED epoch=1 round=0 value=02AB00061C14831F7758987669F541F688B0FB5D05D2B8D4521055A214EBF077 state=D719226826D8A4D37D4E57879B478B5893653F988BDA5D417F6EC771346F0B8F t=1791453051155
EPOCH_COMMITTEE derived_by=1 members=6 accounts=13187 n=6 digest=95D409445152DD075E6A4799205DFA5689496EB8EE1A22AC2A200B9DBC2DCF27 shares=["65A90023:16.7%", "A353E45E:16.7%", "D315857C:16.7%", "911999B2:16.7%", "633D9D61:16.7%", "735FE217:16.7%"] t=1791453051159
EPOCH_LOCKS epoch=1 continued=0 kinds={"locks=1 kind=Some(Recovery) nc_here=false saved=true": 1, "locks=1 kind=Some(Recovery) nc_here=true saved=true": 3} t=1791453051159
EPOCH_OMITTED epoch=1 instances=30 retained=4 t=1791453051159
EPOCH_CLOSED epoch=1 round=0 value=02AB00061C14831F7758987669F541F688B0FB5D05D2B8D4521055A214EBF077 state=D719226826D8A4D37D4E57879B478B5893653F988BDA5D417F6EC771346F0B8F t=1791453051159
EPOCH_COMMITTEE derived_by=1 members=6 accounts=13187 n=6 digest=95D409445152DD075E6A4799205DFA5689496EB8EE1A22AC2A200B9DBC2DCF27 shares=["65A90023:16.7%", "A353E45E:16.7%", "D315857C:16.7%", "911999B2:16.7%", "633D9D61:16.7%", "735FE217:16.7%"] t=1791453051166
EPOCH_LOCKS epoch=1 continued=0 kinds={"locks=1 kind=Some(Recovery) nc_here=false saved=true": 1, "locks=1 kind=Some(Recovery) nc_here=true saved=true": 3} t=1791453051167
EPOCH_OMITTED epoch=1 instances=30 retained=4 t=1791453051167
EPOCH_CLOSED epoch=1 round=0 value=02AB00061C14831F7758987669F541F688B0FB5D05D2B8D4521055A214EBF077 state=D719226826D8A4D37D4E57879B478B5893653F988BDA5D417F6EC771346F0B8F t=1791453051167
EPOCH_COMMITTEE derived_by=1 members=6 accounts=13187 n=6 digest=95D409445152DD075E6A4799205DFA5689496EB8EE1A22AC2A200B9DBC2DCF27 shares=["65A90023:16.7%", "A353E45E:16.7%", "D315857C:16.7%", "911999B2:16.7%", "633D9D61:16.7%", "735FE217:16.7%"] t=1791453051171
EPOCH_LOCKS epoch=1 continued=0 kinds={"locks=1 kind=Some(Recovery) nc_here=false saved=true": 1, "locks=1 kind=Some(Recovery) nc_here=true saved=true": 3} t=1791453051171
EPOCH_OMITTED epoch=1 instances=30 retained=4 t=1791453051171
EPOCH_CLOSED epoch=1 round=0 value=02AB00061C14831F7758987669F541F688B0FB5D05D2B8D4521055A214EBF077 state=D719226826D8A4D37D4E57879B478B5893653F988BDA5D417F6EC771346F0B8F t=1791453051171
EPOCH_INSTALLED epoch=1 finalized=15218 cemented=15218 queued=0 missing=0 t=1791453051189
EPOCH_RETAINED epoch=1 retained=102 held=102 missing=0 t=1791453051189
EPOCH_INSTALLED epoch=1 finalized=15218 cemented=15218 queued=0 missing=0 t=1791453051201
EPOCH_RETAINED epoch=1 retained=102 held=102 missing=0 t=1791453051201
EPOCH_COMMITTEE derived_by=1 members=6 accounts=13187 n=6 digest=95D409445152DD075E6A4799205DFA5689496EB8EE1A22AC2A200B9DBC2DCF27 shares=["65A90023:16.7%", "A353E45E:16.7%", "D315857C:16.7%", "911999B2:16.7%", "633D9D61:16.7%", "735FE217:16.7%"] t=1791453051229
EPOCH_LOCKS epoch=1 continued=0 kinds={"locks=1 kind=Some(Recovery) nc_here=false saved=true": 1, "locks=1 kind=Some(Recovery) nc_here=true saved=true": 3} t=1791453051229
EPOCH_OMITTED epoch=1 instances=30 retained=4 t=1791453051229
EPOCH_CLOSED epoch=1 round=0 value=02AB00061C14831F7758987669F541F688B0FB5D05D2B8D4521055A214EBF077 state=D719226826D8A4D37D4E57879B478B5893653F988BDA5D417F6EC771346F0B8F t=1791453051229
EPOCH_INSTALLED epoch=1 finalized=15218 cemented=15218 queued=0 missing=0 t=1791453051230
EPOCH_RETAINED epoch=1 retained=102 held=102 missing=0 t=1791453051231
EPOCH_COMMITTEE derived_by=1 members=6 accounts=13187 n=6 digest=95D409445152DD075E6A4799205DFA5689496EB8EE1A22AC2A200B9DBC2DCF27 shares=["65A90023:16.7%", "A353E45E:16.7%", "D315857C:16.7%", "911999B2:16.7%", "633D9D61:16.7%", "735FE217:16.7%"] t=1791453051249
EPOCH_LOCKS epoch=1 continued=0 kinds={"locks=1 kind=Some(Recovery) nc_here=false saved=true": 1, "locks=1 kind=Some(Recovery) nc_here=true saved=true": 3} t=1791453051249
EPOCH_OMITTED epoch=1 instances=30 retained=4 t=1791453051249
EPOCH_CLOSED epoch=1 round=0 value=02AB00061C14831F7758987669F541F688B0FB5D05D2B8D4521055A214EBF077 state=D719226826D8A4D37D4E57879B478B5893653F988BDA5D417F6EC771346F0B8F t=1791453051249
EPOCH_INSTALLED epoch=1 finalized=15218 cemented=15218 queued=0 missing=0 t=1791453051276
EPOCH_RETAINED epoch=1 retained=102 held=102 missing=0 t=1791453051276
2026-10-08T09:50:51.464559Z  INFO nanospam::app: Confirmed 36,346 blocks | 2,000 bps | 1,175 cps | avg conf time: 115 ms
EPOCH_EVIDENCE_RELEASED epoch=1 t=1791453052058
EPOCH_EVIDENCE_RELEASED epoch=1 t=1791453052072
EPOCH_EVIDENCE_RELEASED epoch=1 t=1791453052076
EPOCH_EVIDENCE_RELEASED epoch=1 t=1791453052090
EPOCH_EVIDENCE_RELEASED epoch=1 t=1791453052121
EPOCH_INSTALLED epoch=1 finalized=15218 cemented=15218 queued=0 missing=0 t=1791453052148
EPOCH_RETAINED epoch=1 retained=102 held=102 missing=0 t=1791453052148
EPOCH_INSTALLED epoch=1 finalized=15218 cemented=15218 queued=0 missing=0 t=1791453052154
EPOCH_RETAINED epoch=1 retained=102 held=102 missing=0 t=1791453052155
2026-10-08T09:50:52.466164Z  INFO nanospam::app: Confirmed 38,957 blocks | 2,000 bps | 2,606 cps | avg conf time: 630 ms
EPOCH_EVIDENCE_RELEASED epoch=1 t=1791453052648
2026-10-08T09:50:53.467092Z  INFO nanospam::app: Confirmed 40,897 blocks | 2,000 bps | 1,938 cps | avg conf time: 91 ms
2026-10-08T09:50:54.467833Z  INFO nanospam::app: Confirmed 42,862 blocks | 2,000 bps | 1,963 cps | avg conf time: 91 ms
2026-10-08T09:50:55.468756Z  INFO nanospam::app: Confirmed 44,712 blocks | 2,000 bps | 1,848 cps | avg conf time: 93 ms
2026-10-08T09:50:55.620633Z  INFO nanospam::app: Confirming 45000 blocks took 23.18s
2026-10-08T09:50:55.620753Z  INFO nanospam::app: Confirmation rate: 1941 cps
2026-10-08T09:50:55.620780Z  INFO nanospam::app: Average conf time: 161 ms
2026-10-08T09:50:55.620803Z  INFO nanospam::app: Non-fork confirmation rate: 1941 cps (45000 of 45000 non-fork blocks, 0 of 0 forks)
2026-10-08T09:50:55.620937Z  INFO nanospam::app: RAI_BENCH_METRICS {"created":45000,"confirmed":45000,"duration_secs":23.177761125,"confirmation_unit":"primary publication or its confirmed fork alternative","alternative_confirmed":0,"confirmation_histogram_ms":{"35":1,"36":2,"37":2,"38":2,"39":2,"40":2,"41":2,"42":4,"43":12,"44":14,"45":18,"46":16,"47":23,"48":22,"49":25,"50":25,"51":38,"52":37,"53":50,"54":52,"55":66,"56":60,"57":82,"58":84,"59":92,"60":104,"61":130,"62":120,"63":160,"64":171,"65":193,"66":199,"67":225,"68":228,"69":285,"70":278,"71":291,"72":336,"73":345,"74":360,"75":388,"76":394,"77":426,"78":429,"79":477,"80":511,"81":553,"82":515,"83":543,"84":533,"85":610,"86":656,"87":637,"88":635,"89":673,"90":669,"91":759,"92":745,"93":742,"94":746,"95":725,"96":758,"97":762,"98":818,"99":838,"100":769,"101":761,"102":829,"103":738,"104":729,"105":750,"106":734,"107":714,"108":691,"109":642,"110":557,"111":511,"112":503,"113":474,"114":424,"115":368,"116":360,"117":340,"118":318,"119":293,"120":270,"121":226,"122":264,"123":221,"124":222,"125":172,"126":196,"127":185,"128":185,"129":160,"130":150,"131":145,"132":171,"133":156,"134":156,"135":127,"136":118,"137":115,"138":125,"139":133,"140":99,"141":89,"142":84,"143":108,"144":109,"145":137,"146":96,"147":80,"148":60,"149":67,"150":67,"151":76,"152":85,"153":60,"154":96,"155":76,"156":53,"157":53,"158":58,"159":35,"160":63,"161":55,"162":55,"163":55,"164":47,"165":43,"166":42,"167":43,"168":40,"169":44,"170":39,"171":39,"172":53,"173":29,"174":28,"175":36,"176":38,"177":41,"178":36,"179":36,"180":37,"181":43,"182":49,"183":35,"184":31,"185":35,"186":23,"187":36,"188":20,"189":26,"190":32,"191":38,"192":34,"193":32,"194":33,"195":37,"196":33,"197":33,"198":45,"199":66,"200":43,"201":45,"202":44,"203":64,"204":42,"205":42,"206":27,"207":34,"208":45,"209":39,"210":20,"211":34,"212":29,"213":34,"214":28,"215":21,"216":12,"217":16,"218":19,"219":24,"220":26,"221":16,"222":27,"223":22,"224":29,"225":29,"226":22,"227":28,"228":48,"229":42,"230":41,"231":25,"232":28,"233":27,"234":23,"235":19,"236":25,"237":15,"238":24,"239":18,"240":18,"241":18,"242":18,"243":19,"244":18,"245":26,"246":20,"247":24,"248":19,"249":37,"250":32,"251":31,"252":14,"253":10,"254":12,"255":16,"256":7,"257":10,"258":13,"259":14,"260":14,"261":11,"262":9,"263":18,"264":17,"265":34,"266":22,"267":13,"268":14,"269":21,"270":19,"271":12,"272":12,"273":12,"274":9,"275":17,"276":19,"277":13,"278":10,"279":17,"280":11,"281":8,"282":21,"283":21,"284":27,"285":17,"286":40,"287":77,"288":70,"289":7,"290":21,"291":12,"292":6,"293":17,"294":26,"295":13,"296":23,"297":10,"298":12,"299":7,"300":9,"301":13,"302":10,"303":7,"304":11,"305":14,"306":7,"307":14,"308":12,"309":9,"310":11,"311":14,"312":25,"313":21,"314":19,"315":22,"316":14,"317":13,"318":17,"319":21,"320":22,"321":17,"322":13,"323":14,"324":10,"325":10,"326":14,"327":14,"328":9,"329":8,"330":17,"331":9,"332":18,"333":15,"334":7,"335":10,"336":15,"337":9,"338":21,"339":19,"340":24,"341":24,"342":33,"343":38,"344":55,"345":25,"346":23,"347":25,"348":32,"349":53,"350":47,"351":33,"352":27,"353":34,"354":59,"355":27,"356":15,"357":9,"358":9,"359":10,"360":15,"361":24,"362":22,"363":28,"364":27,"365":37,"366":17,"367":8,"368":8,"369":7,"370":9,"371":29,"372":44,"373":27,"374":27,"375":13,"376":16,"377":10,"378":6,"379":5,"380":6,"381":8,"382":5,"383":7,"384":10,"385":5,"386":19,"387":17,"388":13,"389":9,"390":4,"391":4,"392":6,"393":6,"394":7,"395":9,"396":7,"397":10,"398":10,"399":7,"400":8,"401":7,"402":11,"403":6,"404":6,"405":11,"406":11,"407":5,"408":6,"409":7,"410":7,"411":7,"412":7,"413":8,"414":7,"415":10,"416":7,"417":8,"418":7,"419":10,"420":8,"421":8,"422":8,"423":8,"424":8,"425":6,"426":6,"427":5,"428":10,"429":7,"430":9,"431":8,"432":8,"433":6,"434":7,"435":7,"436":8,"437":9,"438":6,"439":11,"440":7,"441":9,"442":7,"443":7,"444":10,"445":8,"446":9,"447":8,"448":5,"449":8,"450":9,"451":7,"452":9,"453":7,"454":5,"455":10,"456":8,"457":7,"458":11,"459":7,"460":11,"461":8,"462":5,"463":7,"464":9,"465":6,"466":13,"467":9,"468":5,"469":5,"470":7,"471":3,"472":7,"473":5,"474":6,"475":4,"476":7,"477":5,"478":7,"479":5,"480":6,"481":6,"482":6,"483":6,"484":6,"485":10,"486":3,"487":7,"488":4,"489":3,"490":6,"491":6,"492":7,"493":8,"494":5,"495":5,"496":4,"497":4,"498":5,"499":4,"500":5,"501":3,"502":5,"503":5,"504":7,"505":4,"506":5,"507":5,"508":6,"509":3,"510":4,"511":4,"512":2,"513":7,"514":3,"515":7,"516":6,"517":4,"518":9,"519":8,"520":9,"521":7,"522":9,"523":14,"524":10,"525":9,"526":6,"527":13,"528":9,"529":2,"530":8,"531":2,"532":4,"533":2,"534":2,"535":2,"536":5,"537":4,"538":5,"539":1,"540":4,"541":4,"542":3,"543":5,"544":4,"545":4,"546":4,"547":6,"548":3,"549":5,"550":4,"551":3,"552":4,"553":6,"554":6,"555":9,"556":4,"557":6,"558":6,"559":6,"560":4,"561":5,"562":2,"563":6,"564":2,"565":4,"566":4,"567":5,"568":6,"569":1,"570":5,"571":3,"572":2,"573":5,"574":3,"575":4,"576":3,"577":3,"578":6,"579":8,"580":6,"581":5,"582":2,"583":6,"584":3,"585":4,"586":7,"587":4,"588":3,"589":4,"590":1,"591":5,"592":5,"593":1,"594":3,"595":4,"596":4,"597":3,"598":7,"599":4,"600":4,"601":5,"602":5,"603":2,"604":2,"605":5,"606":3,"607":4,"608":2,"609":4,"610":4,"611":5,"612":5,"613":2,"614":4,"615":5,"616":3,"617":5,"618":5,"619":6,"620":5,"621":5,"622":5,"623":4,"624":3,"625":2,"626":4,"627":5,"628":5,"629":4,"630":3,"631":4,"632":5,"633":5,"634":7,"635":2,"636":4,"637":4,"638":3,"639":4,"640":5,"641":5,"642":1,"643":4,"644":7,"645":10,"646":9,"647":7,"648":9,"649":11,"650":9,"651":8,"652":11,"653":6,"654":13,"655":13,"656":8,"657":6,"658":18,"659":15,"660":7,"661":8,"662":14,"663":15,"664":12,"665":11,"666":7,"667":7,"668":11,"669":9,"670":14,"671":13,"672":12,"673":8,"674":8,"675":10,"676":3,"677":5,"678":3,"679":1,"680":3,"681":1,"682":3,"683":8,"684":6,"685":4,"686":6,"687":2,"688":2,"689":2,"690":2,"691":3,"692":2,"693":4,"694":3,"695":4,"696":8,"697":3,"698":5,"699":3,"700":4,"701":7,"702":2,"703":3,"704":5,"705":3,"706":5,"707":2,"708":6,"709":2,"710":6,"711":4,"712":4,"713":2,"714":4,"715":6,"716":4,"717":2,"718":5,"719":4,"720":5,"721":6,"722":5,"723":5,"724":4,"725":3,"726":4,"727":4,"728":4,"729":5,"730":6,"731":7,"732":7,"733":5,"734":4,"735":4,"736":5,"737":4,"738":8,"739":8,"740":7,"741":6,"742":6,"743":3,"744":6,"745":8,"746":5,"747":4,"748":5,"749":5,"750":4,"751":5,"752":2,"753":3,"754":2,"755":6,"756":5,"757":4,"758":6,"759":4,"760":6,"761":5,"762":8,"763":7,"764":4,"765":3,"766":2,"767":2,"769":1,"770":15,"771":2,"772":2,"774":4,"775":9,"776":6,"777":9,"778":8,"779":5,"780":6,"795":4,"796":2,"797":3,"798":1,"799":1,"800":1,"801":1,"802":2,"803":3,"804":2,"813":2,"814":2,"815":1,"816":3,"817":1,"818":2,"819":2,"820":2,"821":2,"822":2,"823":2,"824":2,"825":3,"826":2,"827":8,"828":6,"829":1,"833":1,"834":6,"835":1,"836":1,"837":3,"839":3,"840":8,"841":5,"843":1,"845":6,"847":1,"854":2,"855":1,"856":3,"857":1,"858":2,"859":1,"860":8,"861":5,"862":7,"863":4,"864":6,"865":3,"866":3,"868":4,"869":3,"870":3,"871":2,"872":2,"873":1,"875":1,"879":1,"887":1,"888":1,"889":2,"890":2,"891":1,"892":2,"893":2,"894":2,"895":2,"896":3,"897":1,"898":2,"899":2,"900":1,"901":2,"902":2,"903":2,"904":2,"905":2,"906":2,"907":1,"908":2,"909":2,"910":2,"911":1,"912":2,"913":2,"914":2,"915":2,"916":1,"917":3,"918":1,"919":3,"920":1,"921":3,"922":2,"923":3,"924":3,"925":1,"926":2,"928":2,"929":2,"930":3,"931":1,"932":1,"933":2,"934":2,"935":5,"936":7,"937":4,"938":2,"943":1,"944":2,"945":3,"946":1,"947":1,"948":3,"949":1,"950":2,"951":6,"952":7,"953":6,"954":4,"955":5,"956":5,"957":2,"964":1,"965":8,"966":5,"967":3,"968":3,"969":2,"970":1,"976":2,"977":6,"978":4,"979":4,"980":5,"987":3,"988":7,"989":3,"990":4,"991":4,"995":1,"996":4,"997":6,"998":1,"999":1,"1000":1,"1001":5,"1002":2,"1009":1,"1010":4,"1011":11,"1012":5,"1020":2,"1021":3,"1022":1,"1023":4,"1024":7,"1025":9,"1026":6,"1027":3,"1031":2,"1032":1,"1033":3,"1034":5,"1035":5,"1036":6,"1037":6,"1038":6,"1039":2,"1040":2,"1044":1,"1054":2,"1055":5,"1057":1,"1058":3,"1059":5,"1060":1,"1061":4,"1062":3,"1063":1,"1064":5,"1065":10,"1066":8,"1067":6,"1068":2,"1070":1,"1082":1,"1090":1,"1091":2,"1092":5,"1093":5,"1095":2,"1102":3,"1103":3,"1104":1,"1105":3,"1106":5,"1108":1,"1109":8,"1110":3,"1114":4,"1115":7,"1116":5,"1117":2,"1122":4,"1123":6,"1124":5,"1125":5,"1126":1,"1130":1,"1131":5,"1132":8,"1133":11,"1134":11,"1135":11,"1136":1,"1137":2,"1152":1,"1153":2,"1154":1,"1155":3,"1156":1,"1159":4,"1160":2,"1161":6,"1162":4,"1163":4,"1164":2,"1165":5,"1166":5,"1167":1,"1168":3,"1169":6,"1170":7,"1171":5,"1172":2,"1173":6,"1174":6,"1175":3,"1176":6,"1178":2,"1179":3,"1180":1,"1181":2,"1182":2,"1183":3,"1184":1,"1185":2,"1186":3,"1187":1,"1188":2,"1189":3,"1191":2,"1192":3,"1193":2,"1194":3,"1195":1,"1196":3,"1197":5,"1201":1,"1202":4,"1203":14,"1204":29,"1205":2,"1206":1,"1208":7,"1211":1,"1231":2,"1232":1,"1233":2,"1234":2,"1235":3,"1236":4,"1237":4,"1238":6,"1239":1,"1244":1,"1245":2,"1246":3,"1247":2,"1248":1,"1249":3,"1250":2,"1251":1,"1252":2,"1253":3,"1254":1,"1257":2,"1258":2,"1917":1,"1919":1},"nonfork_created":45000,"nonfork_confirmed":45000,"nonfork_histogram_ms":{"35":1,"36":2,"37":2,"38":2,"39":2,"40":2,"41":2,"42":4,"43":12,"44":14,"45":18,"46":16,"47":23,"48":22,"49":25,"50":25,"51":38,"52":37,"53":50,"54":52,"55":66,"56":60,"57":82,"58":84,"59":92,"60":104,"61":130,"62":120,"63":160,"64":171,"65":193,"66":199,"67":225,"68":228,"69":285,"70":278,"71":291,"72":336,"73":345,"74":360,"75":388,"76":394,"77":426,"78":429,"79":477,"80":511,"81":553,"82":515,"83":543,"84":533,"85":610,"86":656,"87":637,"88":635,"89":673,"90":669,"91":759,"92":745,"93":742,"94":746,"95":725,"96":758,"97":762,"98":818,"99":838,"100":769,"101":761,"102":829,"103":738,"104":729,"105":750,"106":734,"107":714,"108":691,"109":642,"110":557,"111":511,"112":503,"113":474,"114":424,"115":368,"116":360,"117":340,"118":318,"119":293,"120":270,"121":226,"122":264,"123":221,"124":222,"125":172,"126":196,"127":185,"128":185,"129":160,"130":150,"131":145,"132":171,"133":156,"134":156,"135":127,"136":118,"137":115,"138":125,"139":133,"140":99,"141":89,"142":84,"143":108,"144":109,"145":137,"146":96,"147":80,"148":60,"149":67,"150":67,"151":76,"152":85,"153":60,"154":96,"155":76,"156":53,"157":53,"158":58,"159":35,"160":63,"161":55,"162":55,"163":55,"164":47,"165":43,"166":42,"167":43,"168":40,"169":44,"170":39,"171":39,"172":53,"173":29,"174":28,"175":36,"176":38,"177":41,"178":36,"179":36,"180":37,"181":43,"182":49,"183":35,"184":31,"185":35,"186":23,"187":36,"188":20,"189":26,"190":32,"191":38,"192":34,"193":32,"194":33,"195":37,"196":33,"197":33,"198":45,"199":66,"200":43,"201":45,"202":44,"203":64,"204":42,"205":42,"206":27,"207":34,"208":45,"209":39,"210":20,"211":34,"212":29,"213":34,"214":28,"215":21,"216":12,"217":16,"218":19,"219":24,"220":26,"221":16,"222":27,"223":22,"224":29,"225":29,"226":22,"227":28,"228":48,"229":42,"230":41,"231":25,"232":28,"233":27,"234":23,"235":19,"236":25,"237":15,"238":24,"239":18,"240":18,"241":18,"242":18,"243":19,"244":18,"245":26,"246":20,"247":24,"248":19,"249":37,"250":32,"251":31,"252":14,"253":10,"254":12,"255":16,"256":7,"257":10,"258":13,"259":14,"260":14,"261":11,"262":9,"263":18,"264":17,"265":34,"266":22,"267":13,"268":14,"269":21,"270":19,"271":12,"272":12,"273":12,"274":9,"275":17,"276":19,"277":13,"278":10,"279":17,"280":11,"281":8,"282":21,"283":21,"284":27,"285":17,"286":40,"287":77,"288":70,"289":7,"290":21,"291":12,"292":6,"293":17,"294":26,"295":13,"296":23,"297":10,"298":12,"299":7,"300":9,"301":13,"302":10,"303":7,"304":11,"305":14,"306":7,"307":14,"308":12,"309":9,"310":11,"311":14,"312":25,"313":21,"314":19,"315":22,"316":14,"317":13,"318":17,"319":21,"320":22,"321":17,"322":13,"323":14,"324":10,"325":10,"326":14,"327":14,"328":9,"329":8,"330":17,"331":9,"332":18,"333":15,"334":7,"335":10,"336":15,"337":9,"338":21,"339":19,"340":24,"341":24,"342":33,"343":38,"344":55,"345":25,"346":23,"347":25,"348":32,"349":53,"350":47,"351":33,"352":27,"353":34,"354":59,"355":27,"356":15,"357":9,"358":9,"359":10,"360":15,"361":24,"362":22,"363":28,"364":27,"365":37,"366":17,"367":8,"368":8,"369":7,"370":9,"371":29,"372":44,"373":27,"374":27,"375":13,"376":16,"377":10,"378":6,"379":5,"380":6,"381":8,"382":5,"383":7,"384":10,"385":5,"386":19,"387":17,"388":13,"389":9,"390":4,"391":4,"392":6,"393":6,"394":7,"395":9,"396":7,"397":10,"398":10,"399":7,"400":8,"401":7,"402":11,"403":6,"404":6,"405":11,"406":11,"407":5,"408":6,"409":7,"410":7,"411":7,"412":7,"413":8,"414":7,"415":10,"416":7,"417":8,"418":7,"419":10,"420":8,"421":8,"422":8,"423":8,"424":8,"425":6,"426":6,"427":5,"428":10,"429":7,"430":9,"431":8,"432":8,"433":6,"434":7,"435":7,"436":8,"437":9,"438":6,"439":11,"440":7,"441":9,"442":7,"443":7,"444":10,"445":8,"446":9,"447":8,"448":5,"449":8,"450":9,"451":7,"452":9,"453":7,"454":5,"455":10,"456":8,"457":7,"458":11,"459":7,"460":11,"461":8,"462":5,"463":7,"464":9,"465":6,"466":13,"467":9,"468":5,"469":5,"470":7,"471":3,"472":7,"473":5,"474":6,"475":4,"476":7,"477":5,"478":7,"479":5,"480":6,"481":6,"482":6,"483":6,"484":6,"485":10,"486":3,"487":7,"488":4,"489":3,"490":6,"491":6,"492":7,"493":8,"494":5,"495":5,"496":4,"497":4,"498":5,"499":4,"500":5,"501":3,"502":5,"503":5,"504":7,"505":4,"506":5,"507":5,"508":6,"509":3,"510":4,"511":4,"512":2,"513":7,"514":3,"515":7,"516":6,"517":4,"518":9,"519":8,"520":9,"521":7,"522":9,"523":14,"524":10,"525":9,"526":6,"527":13,"528":9,"529":2,"530":8,"531":2,"532":4,"533":2,"534":2,"535":2,"536":5,"537":4,"538":5,"539":1,"540":4,"541":4,"542":3,"543":5,"544":4,"545":4,"546":4,"547":6,"548":3,"549":5,"550":4,"551":3,"552":4,"553":6,"554":6,"555":9,"556":4,"557":6,"558":6,"559":6,"560":4,"561":5,"562":2,"563":6,"564":2,"565":4,"566":4,"567":5,"568":6,"569":1,"570":5,"571":3,"572":2,"573":5,"574":3,"575":4,"576":3,"577":3,"578":6,"579":8,"580":6,"581":5,"582":2,"583":6,"584":3,"585":4,"586":7,"587":4,"588":3,"589":4,"590":1,"591":5,"592":5,"593":1,"594":3,"595":4,"596":4,"597":3,"598":7,"599":4,"600":4,"601":5,"602":5,"603":2,"604":2,"605":5,"606":3,"607":4,"608":2,"609":4,"610":4,"611":5,"612":5,"613":2,"614":4,"615":5,"616":3,"617":5,"618":5,"619":6,"620":5,"621":5,"622":5,"623":4,"624":3,"625":2,"626":4,"627":5,"628":5,"629":4,"630":3,"631":4,"632":5,"633":5,"634":7,"635":2,"636":4,"637":4,"638":3,"639":4,"640":5,"641":5,"642":1,"643":4,"644":7,"645":10,"646":9,"647":7,"648":9,"649":11,"650":9,"651":8,"652":11,"653":6,"654":13,"655":13,"656":8,"657":6,"658":18,"659":15,"660":7,"661":8,"662":14,"663":15,"664":12,"665":11,"666":7,"667":7,"668":11,"669":9,"670":14,"671":13,"672":12,"673":8,"674":8,"675":10,"676":3,"677":5,"678":3,"679":1,"680":3,"681":1,"682":3,"683":8,"684":6,"685":4,"686":6,"687":2,"688":2,"689":2,"690":2,"691":3,"692":2,"693":4,"694":3,"695":4,"696":8,"697":3,"698":5,"699":3,"700":4,"701":7,"702":2,"703":3,"704":5,"705":3,"706":5,"707":2,"708":6,"709":2,"710":6,"711":4,"712":4,"713":2,"714":4,"715":6,"716":4,"717":2,"718":5,"719":4,"720":5,"721":6,"722":5,"723":5,"724":4,"725":3,"726":4,"727":4,"728":4,"729":5,"730":6,"731":7,"732":7,"733":5,"734":4,"735":4,"736":5,"737":4,"738":8,"739":8,"740":7,"741":6,"742":6,"743":3,"744":6,"745":8,"746":5,"747":4,"748":5,"749":5,"750":4,"751":5,"752":2,"753":3,"754":2,"755":6,"756":5,"757":4,"758":6,"759":4,"760":6,"761":5,"762":8,"763":7,"764":4,"765":3,"766":2,"767":2,"769":1,"770":15,"771":2,"772":2,"774":4,"775":9,"776":6,"777":9,"778":8,"779":5,"780":6,"795":4,"796":2,"797":3,"798":1,"799":1,"800":1,"801":1,"802":2,"803":3,"804":2,"813":2,"814":2,"815":1,"816":3,"817":1,"818":2,"819":2,"820":2,"821":2,"822":2,"823":2,"824":2,"825":3,"826":2,"827":8,"828":6,"829":1,"833":1,"834":6,"835":1,"836":1,"837":3,"839":3,"840":8,"841":5,"843":1,"845":6,"847":1,"854":2,"855":1,"856":3,"857":1,"858":2,"859":1,"860":8,"861":5,"862":7,"863":4,"864":6,"865":3,"866":3,"868":4,"869":3,"870":3,"871":2,"872":2,"873":1,"875":1,"879":1,"887":1,"888":1,"889":2,"890":2,"891":1,"892":2,"893":2,"894":2,"895":2,"896":3,"897":1,"898":2,"899":2,"900":1,"901":2,"902":2,"903":2,"904":2,"905":2,"906":2,"907":1,"908":2,"909":2,"910":2,"911":1,"912":2,"913":2,"914":2,"915":2,"916":1,"917":3,"918":1,"919":3,"920":1,"921":3,"922":2,"923":3,"924":3,"925":1,"926":2,"928":2,"929":2,"930":3,"931":1,"932":1,"933":2,"934":2,"935":5,"936":7,"937":4,"938":2,"943":1,"944":2,"945":3,"946":1,"947":1,"948":3,"949":1,"950":2,"951":6,"952":7,"953":6,"954":4,"955":5,"956":5,"957":2,"964":1,"965":8,"966":5,"967":3,"968":3,"969":2,"970":1,"976":2,"977":6,"978":4,"979":4,"980":5,"987":3,"988":7,"989":3,"990":4,"991":4,"995":1,"996":4,"997":6,"998":1,"999":1,"1000":1,"1001":5,"1002":2,"1009":1,"1010":4,"1011":11,"1012":5,"1020":2,"1021":3,"1022":1,"1023":4,"1024":7,"1025":9,"1026":6,"1027":3,"1031":2,"1032":1,"1033":3,"1034":5,"1035":5,"1036":6,"1037":6,"1038":6,"1039":2,"1040":2,"1044":1,"1054":2,"1055":5,"1057":1,"1058":3,"1059":5,"1060":1,"1061":4,"1062":3,"1063":1,"1064":5,"1065":10,"1066":8,"1067":6,"1068":2,"1070":1,"1082":1,"1090":1,"1091":2,"1092":5,"1093":5,"1095":2,"1102":3,"1103":3,"1104":1,"1105":3,"1106":5,"1108":1,"1109":8,"1110":3,"1114":4,"1115":7,"1116":5,"1117":2,"1122":4,"1123":6,"1124":5,"1125":5,"1126":1,"1130":1,"1131":5,"1132":8,"1133":11,"1134":11,"1135":11,"1136":1,"1137":2,"1152":1,"1153":2,"1154":1,"1155":3,"1156":1,"1159":4,"1160":2,"1161":6,"1162":4,"1163":4,"1164":2,"1165":5,"1166":5,"1167":1,"1168":3,"1169":6,"1170":7,"1171":5,"1172":2,"1173":6,"1174":6,"1175":3,"1176":6,"1178":2,"1179":3,"1180":1,"1181":2,"1182":2,"1183":3,"1184":1,"1185":2,"1186":3,"1187":1,"1188":2,"1189":3,"1191":2,"1192":3,"1193":2,"1194":3,"1195":1,"1196":3,"1197":5,"1201":1,"1202":4,"1203":14,"1204":29,"1205":2,"1206":1,"1208":7,"1211":1,"1231":2,"1232":1,"1233":2,"1234":2,"1235":3,"1236":4,"1237":4,"1238":6,"1239":1,"1244":1,"1245":2,"1246":3,"1247":2,"1248":1,"1249":3,"1250":2,"1251":1,"1252":2,"1253":3,"1254":1,"1257":2,"1258":2,"1917":1,"1919":1},"fork_created":0,"fork_confirmed":0,"fork_unresolved_at_end":0}
EPOCH_ENDED epoch=2 elections=4 active=1 t=1791453056267
EPOCH_ENDED epoch=2 elections=4 active=1 t=1791453056290
EPOCH_ENDED epoch=2 elections=4 active=1 t=1791453056303
EPOCH_ADVANCED epoch=3 elections=4 active=1 vote_records=532726 t=1791453056343
EPOCH_ADVANCED epoch=3 elections=4 active=1 vote_records=532726 t=1791453056347
EPOCH_CLOSE_UNREADY epoch=2 short_of=reports usable=0 weight=0 required=5 held=0 theirs=[] t=1791453056349
EPOCH_CLOSE_UNREADY epoch=2 short_of=reports usable=0 weight=0 required=5 held=0 theirs=[] t=1791453056354
EPOCH_ADVANCED epoch=3 elections=4 active=1 vote_records=532726 t=1791453056357
EPOCH_CLOSE_UNREADY epoch=2 short_of=reports usable=0 weight=0 required=5 held=0 theirs=[] t=1791453056363
EPOCH_ENDED epoch=2 elections=4 active=1 t=1791453056372
EPOCH_ENDED epoch=2 elections=4 active=1 t=1791453056379
EPOCH_ADVANCED epoch=3 elections=4 active=1 vote_records=532727 t=1791453056423
EPOCH_REPORT epoch=2 certified=45065 residual=0 root=65C11EE8A53AE7841419F692692760C753979B82671A02B4293EA442BCC4FAB9 reports=1 t=1791453056429
EPOCH_CLOSE_UNREADY epoch=2 short_of=reports usable=0 weight=0 required=5 held=1 theirs=["735FE217:65C11EE8:D7A011D4"] t=1791453056432
EPOCH_ADVANCED epoch=3 elections=4 active=1 vote_records=532726 t=1791453056437
EPOCH_REPORT epoch=2 certified=45065 residual=0 root=65C11EE8A53AE7841419F692692760C753979B82671A02B4293EA442BCC4FAB9 reports=1 t=1791453056437
EPOCH_REPORT epoch=2 certified=45065 residual=0 root=65C11EE8A53AE7841419F692692760C753979B82671A02B4293EA442BCC4FAB9 reports=1 t=1791453056444
EPOCH_ENDED epoch=2 elections=4 active=1 t=1791453056466
EPOCH_RECONCILED epoch=2 reporter=735FE217D91E88EA82324C5883296385FA0041C2FAC85C827BAA46DA1E14B83F complete=true entries=0 total=45065 symbols=0 dropped=false t=1791453056491
EPOCH_REPORT epoch=2 certified=45065 residual=0 root=65C11EE8A53AE7841419F692692760C753979B82671A02B4293EA442BCC4FAB9 reports=1 t=1791453056503
EPOCH_REPORT epoch=2 certified=45065 residual=0 root=65C11EE8A53AE7841419F692692760C753979B82671A02B4293EA442BCC4FAB9 reports=1 t=1791453056510
EPOCH_ADVANCED epoch=3 elections=4 active=1 vote_records=532727 t=1791453056515
EPOCH_CLOSE_UNREADY epoch=2 short_of=reports usable=2 weight=2 required=5 held=4 theirs=["D315857C:65C11EE8:D7A011D4", "735FE217:65C11EE8:D7A011D4", "633D9D61:65C11EE8:D7A011D4", "911999B2:65C11EE8:D7A011D4"] t=1791453056520
EPOCH_RECONCILED epoch=2 reporter=911999B2AEFA7ACC66EBD802B3301FF6CE431405107749D940277955CB7FDD07 complete=true entries=0 total=45065 symbols=0 dropped=false t=1791453056566
EPOCH_RECONCILED epoch=2 reporter=633D9D614858AB1710D5D8C3180E2A082DC97208BA8C26BA6C6D1A86C8E31CC0 complete=true entries=0 total=45065 symbols=0 dropped=false t=1791453056576
EPOCH_RECONCILED epoch=2 reporter=D315857CE70C54DE713F6E82E5613BB3A1266C15E28AD2F4338C7BBEC456F532 complete=true entries=0 total=45065 symbols=0 dropped=false t=1791453056579
EPOCH_REPORT epoch=2 certified=45065 residual=0 root=65C11EE8A53AE7841419F692692760C753979B82671A02B4293EA442BCC4FAB9 reports=1 t=1791453056580
EPOCH_RECONCILED epoch=2 reporter=65A90023F6C0D2181AAA63F005D81BBC0C04650505E21D5123F9AE1F9E992BFF complete=true entries=0 total=45065 symbols=0 dropped=false t=1791453056581
EPOCH_RECONCILED epoch=2 reporter=735FE217D91E88EA82324C5883296385FA0041C2FAC85C827BAA46DA1E14B83F complete=true entries=0 total=45065 symbols=0 dropped=false t=1791453056584
EPOCH_RECONCILED epoch=2 reporter=D315857CE70C54DE713F6E82E5613BB3A1266C15E28AD2F4338C7BBEC456F532 complete=true entries=0 total=45065 symbols=0 dropped=false t=1791453056605
EPOCH_RECONCILED epoch=2 reporter=633D9D614858AB1710D5D8C3180E2A082DC97208BA8C26BA6C6D1A86C8E31CC0 complete=true entries=0 total=45065 symbols=0 dropped=false t=1791453056608
EPOCH_RECONCILED epoch=2 reporter=735FE217D91E88EA82324C5883296385FA0041C2FAC85C827BAA46DA1E14B83F complete=true entries=0 total=45065 symbols=0 dropped=false t=1791453056611
EPOCH_RECONCILED epoch=2 reporter=65A90023F6C0D2181AAA63F005D81BBC0C04650505E21D5123F9AE1F9E992BFF complete=true entries=0 total=45065 symbols=0 dropped=false t=1791453056614
EPOCH_RECONCILED epoch=2 reporter=D315857CE70C54DE713F6E82E5613BB3A1266C15E28AD2F4338C7BBEC456F532 complete=true entries=0 total=45065 symbols=0 dropped=false t=1791453056642
EPOCH_RECONCILED epoch=2 reporter=911999B2AEFA7ACC66EBD802B3301FF6CE431405107749D940277955CB7FDD07 complete=true entries=0 total=45065 symbols=0 dropped=false t=1791453056645
EPOCH_RECONCILED epoch=2 reporter=65A90023F6C0D2181AAA63F005D81BBC0C04650505E21D5123F9AE1F9E992BFF complete=true entries=0 total=45065 symbols=0 dropped=false t=1791453056648
EPOCH_RECONCILED epoch=2 reporter=A353E45E6D0016CAEED0DFA4EC5B0640E2AA22A793F9F2375E77F1AB92977C04 complete=true entries=0 total=45065 symbols=0 dropped=false t=1791453056651
EPOCH_RECONCILED epoch=2 reporter=735FE217D91E88EA82324C5883296385FA0041C2FAC85C827BAA46DA1E14B83F complete=true entries=0 total=45065 symbols=0 dropped=false t=1791453056653
EPOCH_RECONCILED epoch=2 reporter=633D9D614858AB1710D5D8C3180E2A082DC97208BA8C26BA6C6D1A86C8E31CC0 complete=true entries=0 total=45065 symbols=0 dropped=false t=1791453056654
EPOCH_RECONCILED epoch=2 reporter=65A90023F6C0D2181AAA63F005D81BBC0C04650505E21D5123F9AE1F9E992BFF complete=true entries=0 total=45065 symbols=0 dropped=false t=1791453056656
EPOCH_RECONCILED epoch=2 reporter=911999B2AEFA7ACC66EBD802B3301FF6CE431405107749D940277955CB7FDD07 complete=true entries=0 total=45065 symbols=0 dropped=false t=1791453056659
EPOCH_RECONCILED epoch=2 reporter=D315857CE70C54DE713F6E82E5613BB3A1266C15E28AD2F4338C7BBEC456F532 complete=true entries=0 total=45065 symbols=0 dropped=false t=1791453056661
EPOCH_CLOSE_READY epoch=2 t=1791453056663
EPOCH_RECONCILED epoch=2 reporter=A353E45E6D0016CAEED0DFA4EC5B0640E2AA22A793F9F2375E77F1AB92977C04 complete=true entries=0 total=45065 symbols=0 dropped=false t=1791453056664
EPOCH_CLOSE_READY epoch=2 t=1791453056678
EPOCH_RECONCILED epoch=2 reporter=911999B2AEFA7ACC66EBD802B3301FF6CE431405107749D940277955CB7FDD07 complete=true entries=0 total=45065 symbols=0 dropped=false t=1791453056717
EPOCH_RECONCILED epoch=2 reporter=633D9D614858AB1710D5D8C3180E2A082DC97208BA8C26BA6C6D1A86C8E31CC0 complete=true entries=0 total=45065 symbols=0 dropped=false t=1791453056720
EPOCH_RECONCILED epoch=2 reporter=65A90023F6C0D2181AAA63F005D81BBC0C04650505E21D5123F9AE1F9E992BFF complete=true entries=0 total=45065 symbols=0 dropped=false t=1791453056723
EPOCH_RECONCILED epoch=2 reporter=735FE217D91E88EA82324C5883296385FA0041C2FAC85C827BAA46DA1E14B83F complete=true entries=0 total=45065 symbols=0 dropped=false t=1791453056726
EPOCH_RECONCILED epoch=2 reporter=D315857CE70C54DE713F6E82E5613BB3A1266C15E28AD2F4338C7BBEC456F532 complete=true entries=0 total=45065 symbols=0 dropped=false t=1791453056726
EPOCH_RECONCILED epoch=2 reporter=A353E45E6D0016CAEED0DFA4EC5B0640E2AA22A793F9F2375E77F1AB92977C04 complete=true entries=0 total=45065 symbols=0 dropped=false t=1791453056728
EPOCH_RECONCILED epoch=2 reporter=A353E45E6D0016CAEED0DFA4EC5B0640E2AA22A793F9F2375E77F1AB92977C04 complete=true entries=0 total=45065 symbols=0 dropped=false t=1791453056729
EPOCH_CLOSE_READY epoch=2 t=1791453056730
EPOCH_RECONCILED epoch=2 reporter=633D9D614858AB1710D5D8C3180E2A082DC97208BA8C26BA6C6D1A86C8E31CC0 complete=true entries=0 total=45065 symbols=0 dropped=false t=1791453056731
EPOCH_RECONCILED epoch=2 reporter=911999B2AEFA7ACC66EBD802B3301FF6CE431405107749D940277955CB7FDD07 complete=true entries=0 total=45065 symbols=0 dropped=false t=1791453056734
EPOCH_CLOSE_READY epoch=2 t=1791453056742
EPOCH_CLOSE_ROUND epoch=2 round=0 leader=735FE217D91E88EA82324C5883296385FA0041C2FAC85C827BAA46DA1E14B83F leads=false t=1791453056769
EPOCH_CLOSE_READY epoch=2 t=1791453056790
EPOCH_CLOSE_READY epoch=2 t=1791453056804
EPOCH_CLOSE_ROUND epoch=2 round=0 leader=735FE217D91E88EA82324C5883296385FA0041C2FAC85C827BAA46DA1E14B83F leads=false t=1791453056871
EPOCH_PROPOSED epoch=2 round=0 value=6D7A1D71E56CB58E64E1F18F2917C65923276F67DF821F1D2429AC4487450D02 state=1D59862C98CD766273F39BA6156B48243B64644C310D5F529B2A475A4C223030 reports=5 t=1791453056887
EPOCH_VALUE epoch=2 value=6D7A1D71E56CB58E64E1F18F2917C65923276F67DF821F1D2429AC4487450D02 state=1D59862C98CD766273F39BA6156B48243B64644C310D5F529B2A475A4C223030 t=1791453056887
EPOCH_CLOSE_ROUND epoch=2 round=0 leader=735FE217D91E88EA82324C5883296385FA0041C2FAC85C827BAA46DA1E14B83F leads=true t=1791453056898
EPOCH_RECONCILED epoch=2 reporter=A353E45E6D0016CAEED0DFA4EC5B0640E2AA22A793F9F2375E77F1AB92977C04 complete=true entries=0 total=45065 symbols=0 dropped=false t=1791453056905
EPOCH_CLOSE_ROUND epoch=2 round=0 leader=735FE217D91E88EA82324C5883296385FA0041C2FAC85C827BAA46DA1E14B83F leads=false t=1791453056909
EPOCH_CLOSE_ROUND epoch=2 round=0 leader=735FE217D91E88EA82324C5883296385FA0041C2FAC85C827BAA46DA1E14B83F leads=false t=1791453056979
EPOCH_CLOSE_ROUND epoch=2 round=0 leader=735FE217D91E88EA82324C5883296385FA0041C2FAC85C827BAA46DA1E14B83F leads=false t=1791453056989
EPOCH_VALUE epoch=2 value=6D7A1D71E56CB58E64E1F18F2917C65923276F67DF821F1D2429AC4487450D02 state=1D59862C98CD766273F39BA6156B48243B64644C310D5F529B2A475A4C223030 t=1791453057084
EPOCH_VALUE epoch=2 value=6D7A1D71E56CB58E64E1F18F2917C65923276F67DF821F1D2429AC4487450D02 state=1D59862C98CD766273F39BA6156B48243B64644C310D5F529B2A475A4C223030 t=1791453057088
EPOCH_VALUE epoch=2 value=6D7A1D71E56CB58E64E1F18F2917C65923276F67DF821F1D2429AC4487450D02 state=1D59862C98CD766273F39BA6156B48243B64644C310D5F529B2A475A4C223030 t=1791453057094
EPOCH_VALUE epoch=2 value=6D7A1D71E56CB58E64E1F18F2917C65923276F67DF821F1D2429AC4487450D02 state=1D59862C98CD766273F39BA6156B48243B64644C310D5F529B2A475A4C223030 t=1791453057096
EPOCH_INSTALL epoch=2 finalized=13898 instances_confirmed=4 t=1791453057156
EPOCH_INSTALL epoch=2 finalized=13898 instances_confirmed=4 t=1791453057162
EPOCH_INSTALL epoch=2 finalized=13898 instances_confirmed=4 t=1791453057163
EPOCH_INSTALL epoch=2 finalized=13898 instances_confirmed=4 t=1791453057165
EPOCH_INSTALL epoch=2 finalized=13898 instances_confirmed=4 t=1791453057173
EPOCH_COMMITTEE derived_by=2 members=6 accounts=17713 n=6 digest=95D409445152DD075E6A4799205DFA5689496EB8EE1A22AC2A200B9DBC2DCF27 shares=["65A90023:16.7%", "A353E45E:16.7%", "D315857C:16.7%", "911999B2:16.7%", "633D9D61:16.7%", "735FE217:16.7%"] t=1791453057182
EPOCH_CLOSED epoch=2 round=0 value=6D7A1D71E56CB58E64E1F18F2917C65923276F67DF821F1D2429AC4487450D02 state=1D59862C98CD766273F39BA6156B48243B64644C310D5F529B2A475A4C223030 t=1791453057182
EPOCH_COMMITTEE derived_by=2 members=6 accounts=17713 n=6 digest=95D409445152DD075E6A4799205DFA5689496EB8EE1A22AC2A200B9DBC2DCF27 shares=["65A90023:16.7%", "A353E45E:16.7%", "D315857C:16.7%", "911999B2:16.7%", "633D9D61:16.7%", "735FE217:16.7%"] t=1791453057182
EPOCH_CLOSED epoch=2 round=0 value=6D7A1D71E56CB58E64E1F18F2917C65923276F67DF821F1D2429AC4487450D02 state=1D59862C98CD766273F39BA6156B48243B64644C310D5F529B2A475A4C223030 t=1791453057182
EPOCH_COMMITTEE derived_by=2 members=6 accounts=17713 n=6 digest=95D409445152DD075E6A4799205DFA5689496EB8EE1A22AC2A200B9DBC2DCF27 shares=["65A90023:16.7%", "A353E45E:16.7%", "D315857C:16.7%", "911999B2:16.7%", "633D9D61:16.7%", "735FE217:16.7%"] t=1791453057189
EPOCH_CLOSED epoch=2 round=0 value=6D7A1D71E56CB58E64E1F18F2917C65923276F67DF821F1D2429AC4487450D02 state=1D59862C98CD766273F39BA6156B48243B64644C310D5F529B2A475A4C223030 t=1791453057189
EPOCH_COMMITTEE derived_by=2 members=6 accounts=17713 n=6 digest=95D409445152DD075E6A4799205DFA5689496EB8EE1A22AC2A200B9DBC2DCF27 shares=["65A90023:16.7%", "A353E45E:16.7%", "D315857C:16.7%", "911999B2:16.7%", "633D9D61:16.7%", "735FE217:16.7%"] t=1791453057190
EPOCH_CLOSED epoch=2 round=0 value=6D7A1D71E56CB58E64E1F18F2917C65923276F67DF821F1D2429AC4487450D02 state=1D59862C98CD766273F39BA6156B48243B64644C310D5F529B2A475A4C223030 t=1791453057190
EPOCH_COMMITTEE derived_by=2 members=6 accounts=17713 n=6 digest=95D409445152DD075E6A4799205DFA5689496EB8EE1A22AC2A200B9DBC2DCF27 shares=["65A90023:16.7%", "A353E45E:16.7%", "D315857C:16.7%", "911999B2:16.7%", "633D9D61:16.7%", "735FE217:16.7%"] t=1791453057198
EPOCH_CLOSED epoch=2 round=0 value=6D7A1D71E56CB58E64E1F18F2917C65923276F67DF821F1D2429AC4487450D02 state=1D59862C98CD766273F39BA6156B48243B64644C310D5F529B2A475A4C223030 t=1791453057198
EPOCH_INSTALLED epoch=2 finalized=13898 cemented=13898 queued=0 missing=0 t=1791453057246
EPOCH_INSTALLED epoch=2 finalized=13898 cemented=13898 queued=0 missing=0 t=1791453057247
EPOCH_INSTALLED epoch=2 finalized=13898 cemented=13898 queued=0 missing=0 t=1791453057261
EPOCH_INSTALLED epoch=2 finalized=13898 cemented=13898 queued=0 missing=0 t=1791453057319
EPOCH_INSTALLED epoch=2 finalized=13898 cemented=13898 queued=0 missing=0 t=1791453057335
EPOCH_EVIDENCE_RELEASED epoch=2 t=1791453057342
EPOCH_EVIDENCE_RELEASED epoch=2 t=1791453057344
EPOCH_EVIDENCE_RELEASED epoch=2 t=1791453057410
EPOCH_EVIDENCE_RELEASED epoch=2 t=1791453057413
EPOCH_EVIDENCE_RELEASED epoch=2 t=1791453057424
EPOCH_VALUE epoch=2 value=6D7A1D71E56CB58E64E1F18F2917C65923276F67DF821F1D2429AC4487450D02 state=1D59862C98CD766273F39BA6156B48243B64644C310D5F529B2A475A4C223030 t=1791453057452
EPOCH_INSTALL epoch=2 finalized=13898 instances_confirmed=4 t=1791453057473
EPOCH_COMMITTEE derived_by=2 members=6 accounts=17713 n=6 digest=95D409445152DD075E6A4799205DFA5689496EB8EE1A22AC2A200B9DBC2DCF27 shares=["65A90023:16.7%", "A353E45E:16.7%", "D315857C:16.7%", "911999B2:16.7%", "633D9D61:16.7%", "735FE217:16.7%"] t=1791453057489
EPOCH_CLOSED epoch=2 round=0 value=6D7A1D71E56CB58E64E1F18F2917C65923276F67DF821F1D2429AC4487450D02 state=1D59862C98CD766273F39BA6156B48243B64644C310D5F529B2A475A4C223030 t=1791453057489
EPOCH_INSTALLED epoch=2 finalized=13898 cemented=13898 queued=0 missing=0 t=1791453057521
