[2m2026-09-23T07:36:38.200700Z[0m [32m INFO[0m [2mnanospam::setup::account_map_factory[0m[2m:[0m Creating account keys file with 45000 keys: "/Users/ruimorais/NanoSpam/account_keys.txt"
[2m2026-09-23T07:36:38.939998Z[0m [32m INFO[0m [2mnanospam::setup::node_config_factory[0m[2m:[0m ********************************************************************************
[2m2026-09-23T07:36:38.940009Z[0m [32m INFO[0m [2mnanospam::setup::node_config_factory[0m[2m:[0m Setting up node PR0...
[2m2026-09-23T07:36:38.940014Z[0m [32m INFO[0m [2mnanospam::setup::node_config_factory[0m[2m:[0m Creating directory "/Users/ruimorais/NanoSpam/pr0"
[2m2026-09-23T07:36:38.940096Z[0m [32m INFO[0m [2mnanospam::setup::node_config_factory[0m[2m:[0m Creating node config file: "/Users/ruimorais/NanoSpam/pr0/config-node.toml"
[2m2026-09-23T07:36:38.940200Z[0m [32m INFO[0m [2mnanospam::setup::node_config_factory[0m[2m:[0m Creating rpc config file: "/Users/ruimorais/NanoSpam/pr0/config-rpc.toml"
[2m2026-09-23T07:36:38.940260Z[0m [32m INFO[0m [2mnanospam::setup::node_config_factory[0m[2m:[0m ********************************************************************************
[2m2026-09-23T07:36:38.940264Z[0m [32m INFO[0m [2mnanospam::setup::node_config_factory[0m[2m:[0m Setting up node PR1...
[2m2026-09-23T07:36:38.940268Z[0m [32m INFO[0m [2mnanospam::setup::node_config_factory[0m[2m:[0m Creating directory "/Users/ruimorais/NanoSpam/pr1"
[2m2026-09-23T07:36:38.940312Z[0m [32m INFO[0m [2mnanospam::setup::node_config_factory[0m[2m:[0m Creating node config file: "/Users/ruimorais/NanoSpam/pr1/config-node.toml"
[2m2026-09-23T07:36:38.940382Z[0m [32m INFO[0m [2mnanospam::setup::node_config_factory[0m[2m:[0m Creating rpc config file: "/Users/ruimorais/NanoSpam/pr1/config-rpc.toml"
[2m2026-09-23T07:36:38.940440Z[0m [32m INFO[0m [2mnanospam::setup::node_config_factory[0m[2m:[0m ********************************************************************************
[2m2026-09-23T07:36:38.940444Z[0m [32m INFO[0m [2mnanospam::setup::node_config_factory[0m[2m:[0m Setting up node PR2...
[2m2026-09-23T07:36:38.940447Z[0m [32m INFO[0m [2mnanospam::setup::node_config_factory[0m[2m:[0m Creating directory "/Users/ruimorais/NanoSpam/pr2"
[2m2026-09-23T07:36:38.940491Z[0m [32m INFO[0m [2mnanospam::setup::node_config_factory[0m[2m:[0m Creating node config file: "/Users/ruimorais/NanoSpam/pr2/config-node.toml"
[2m2026-09-23T07:36:38.940551Z[0m [32m INFO[0m [2mnanospam::setup::node_config_factory[0m[2m:[0m Creating rpc config file: "/Users/ruimorais/NanoSpam/pr2/config-rpc.toml"
[2m2026-09-23T07:36:38.940603Z[0m [32m INFO[0m [2mnanospam::setup::node_config_factory[0m[2m:[0m ********************************************************************************
[2m2026-09-23T07:36:38.940607Z[0m [32m INFO[0m [2mnanospam::setup::node_config_factory[0m[2m:[0m Setting up node PR3...
[2m2026-09-23T07:36:38.940611Z[0m [32m INFO[0m [2mnanospam::setup::node_config_factory[0m[2m:[0m Creating directory "/Users/ruimorais/NanoSpam/pr3"
[2m2026-09-23T07:36:38.940650Z[0m [32m INFO[0m [2mnanospam::setup::node_config_factory[0m[2m:[0m Creating node config file: "/Users/ruimorais/NanoSpam/pr3/config-node.toml"
[2m2026-09-23T07:36:38.940710Z[0m [32m INFO[0m [2mnanospam::setup::node_config_factory[0m[2m:[0m Creating rpc config file: "/Users/ruimorais/NanoSpam/pr3/config-rpc.toml"
[2m2026-09-23T07:36:38.940762Z[0m [32m INFO[0m [2mnanospam::setup::node_config_factory[0m[2m:[0m ********************************************************************************
[2m2026-09-23T07:36:38.940766Z[0m [32m INFO[0m [2mnanospam::setup::node_config_factory[0m[2m:[0m Setting up node PR4...
[2m2026-09-23T07:36:38.940769Z[0m [32m INFO[0m [2mnanospam::setup::node_config_factory[0m[2m:[0m Creating directory "/Users/ruimorais/NanoSpam/pr4"
[2m2026-09-23T07:36:38.940813Z[0m [32m INFO[0m [2mnanospam::setup::node_config_factory[0m[2m:[0m Creating node config file: "/Users/ruimorais/NanoSpam/pr4/config-node.toml"
[2m2026-09-23T07:36:38.940900Z[0m [32m INFO[0m [2mnanospam::setup::node_config_factory[0m[2m:[0m Creating rpc config file: "/Users/ruimorais/NanoSpam/pr4/config-rpc.toml"
[2m2026-09-23T07:36:38.940985Z[0m [32m INFO[0m [2mnanospam::setup::node_launcher[0m[2m:[0m Starting node: NANO_TEST_GENESIS_BLOCK="{\n    \"type\": \"open\",\n    \"account\": \"nano_3nroioygg54nusrmyun4woimqex36sp3drnctdt5955uqu47fxbkrxk7n7ne\",\n    \"source\": \"D315857CE70C54DE713F6E82E5613BB3A1266C15E28AD2F4338C7BBEC456F532\",\n    \"representative\": \"nano_3nroioygg54nusrmyun4woimqex36sp3drnctdt5955uqu47fxbkrxk7n7ne\",\n    \"signature\": \"3F6792C2DC623DF2E8643777160AB983B66B337E2478E13D2C3448126A8F4CD8DCCD19803C158A057FA44060AE0EFC09B1C311CB4FBF42F8D240610B38F56E08\",\n    \"work\": \"70FEF01F7EC45DEC\"\n    }" NANO_TEST_GENESIS_PRV ="49643F9B10CA1AA34F9AF8ED4AABD29F436104CCC375974B108534A48EAE3FE1" "rsnano" "--network" "test" "--data-path" "/Users/ruimorais/NanoSpam/pr0" "node" "run"
[2m2026-09-23T07:36:38.941428Z[0m [32m INFO[0m [2mnanospam::setup::node_launcher[0m[2m:[0m Waiting for RPC...
[2m2026-09-23T07:36:39.044960Z[0m [32m INFO[0m [2mnanospam::setup::node_launcher[0m[2m:[0m Starting node: NANO_TEST_GENESIS_BLOCK="{\n    \"type\": \"open\",\n    \"account\": \"nano_3nroioygg54nusrmyun4woimqex36sp3drnctdt5955uqu47fxbkrxk7n7ne\",\n    \"source\": \"D315857CE70C54DE713F6E82E5613BB3A1266C15E28AD2F4338C7BBEC456F532\",\n    \"representative\": \"nano_3nroioygg54nusrmyun4woimqex36sp3drnctdt5955uqu47fxbkrxk7n7ne\",\n    \"signature\": \"3F6792C2DC623DF2E8643777160AB983B66B337E2478E13D2C3448126A8F4CD8DCCD19803C158A057FA44060AE0EFC09B1C311CB4FBF42F8D240610B38F56E08\",\n    \"work\": \"70FEF01F7EC45DEC\"\n    }" NANO_TEST_GENESIS_PRV ="49643F9B10CA1AA34F9AF8ED4AABD29F436104CCC375974B108534A48EAE3FE1" "rsnano" "--network" "test" "--data-path" "/Users/ruimorais/NanoSpam/pr1" "node" "run"
[2m2026-09-23T07:36:39.045273Z[0m [32m INFO[0m [2mnanospam::setup::node_launcher[0m[2m:[0m Waiting for RPC...
[2m2026-09-23T07:36:39.148304Z[0m [32m INFO[0m [2mnanospam::setup::node_launcher[0m[2m:[0m Starting node: NANO_TEST_GENESIS_BLOCK="{\n    \"type\": \"open\",\n    \"account\": \"nano_3nroioygg54nusrmyun4woimqex36sp3drnctdt5955uqu47fxbkrxk7n7ne\",\n    \"source\": \"D315857CE70C54DE713F6E82E5613BB3A1266C15E28AD2F4338C7BBEC456F532\",\n    \"representative\": \"nano_3nroioygg54nusrmyun4woimqex36sp3drnctdt5955uqu47fxbkrxk7n7ne\",\n    \"signature\": \"3F6792C2DC623DF2E8643777160AB983B66B337E2478E13D2C3448126A8F4CD8DCCD19803C158A057FA44060AE0EFC09B1C311CB4FBF42F8D240610B38F56E08\",\n    \"work\": \"70FEF01F7EC45DEC\"\n    }" NANO_TEST_GENESIS_PRV ="49643F9B10CA1AA34F9AF8ED4AABD29F436104CCC375974B108534A48EAE3FE1" "rsnano" "--network" "test" "--data-path" "/Users/ruimorais/NanoSpam/pr2" "node" "run"
[2m2026-09-23T07:36:39.148808Z[0m [32m INFO[0m [2mnanospam::setup::node_launcher[0m[2m:[0m Waiting for RPC...
[2m2026-09-23T07:36:39.251001Z[0m [32m INFO[0m [2mnanospam::setup::node_launcher[0m[2m:[0m Starting node: NANO_TEST_GENESIS_BLOCK="{\n    \"type\": \"open\",\n    \"account\": \"nano_3nroioygg54nusrmyun4woimqex36sp3drnctdt5955uqu47fxbkrxk7n7ne\",\n    \"source\": \"D315857CE70C54DE713F6E82E5613BB3A1266C15E28AD2F4338C7BBEC456F532\",\n    \"representative\": \"nano_3nroioygg54nusrmyun4woimqex36sp3drnctdt5955uqu47fxbkrxk7n7ne\",\n    \"signature\": \"3F6792C2DC623DF2E8643777160AB983B66B337E2478E13D2C3448126A8F4CD8DCCD19803C158A057FA44060AE0EFC09B1C311CB4FBF42F8D240610B38F56E08\",\n    \"work\": \"70FEF01F7EC45DEC\"\n    }" NANO_TEST_GENESIS_PRV ="49643F9B10CA1AA34F9AF8ED4AABD29F436104CCC375974B108534A48EAE3FE1" "rsnano" "--network" "test" "--data-path" "/Users/ruimorais/NanoSpam/pr3" "node" "run"
[2m2026-09-23T07:36:39.251607Z[0m [32m INFO[0m [2mnanospam::setup::node_launcher[0m[2m:[0m Waiting for RPC...
[2m2026-09-23T07:36:39.354717Z[0m [32m INFO[0m [2mnanospam::setup::node_launcher[0m[2m:[0m Starting node: NANO_TEST_GENESIS_BLOCK="{\n    \"type\": \"open\",\n    \"account\": \"nano_3nroioygg54nusrmyun4woimqex36sp3drnctdt5955uqu47fxbkrxk7n7ne\",\n    \"source\": \"D315857CE70C54DE713F6E82E5613BB3A1266C15E28AD2F4338C7BBEC456F532\",\n    \"representative\": \"nano_3nroioygg54nusrmyun4woimqex36sp3drnctdt5955uqu47fxbkrxk7n7ne\",\n    \"signature\": \"3F6792C2DC623DF2E8643777160AB983B66B337E2478E13D2C3448126A8F4CD8DCCD19803C158A057FA44060AE0EFC09B1C311CB4FBF42F8D240610B38F56E08\",\n    \"work\": \"70FEF01F7EC45DEC\"\n    }" NANO_TEST_GENESIS_PRV ="49643F9B10CA1AA34F9AF8ED4AABD29F436104CCC375974B108534A48EAE3FE1" "rsnano" "--network" "test" "--data-path" "/Users/ruimorais/NanoSpam/pr4" "node" "run"
[2m2026-09-23T07:36:39.355371Z[0m [32m INFO[0m [2mnanospam::setup::node_launcher[0m[2m:[0m Waiting for RPC...
[2m2026-09-23T07:36:39.459751Z[0m [32m INFO[0m [2mnanospam::wallets_factory[0m[2m:[0m Creating wallet...
[2m2026-09-23T07:36:39.534827Z[0m [32m INFO[0m [2mnanospam::wallets_factory[0m[2m:[0m Setting default representative...
[2m2026-09-23T07:36:39.535125Z[0m [32m INFO[0m [2mnanospam::wallets_factory[0m[2m:[0m Creating wallet...
[2m2026-09-23T07:36:39.578740Z[0m [32m INFO[0m [2mnanospam::wallets_factory[0m[2m:[0m Setting default representative...
[2m2026-09-23T07:36:39.579159Z[0m [32m INFO[0m [2mnanospam::wallets_factory[0m[2m:[0m Sending Ӿ40,047,061 to PR1 wallet nano_3atmwjh8t11psdqf3qx6xjfiei94oajch6zsyauowxzjogbbgz168g5mp8f1 ...
[2m2026-09-23T07:36:39.579573Z[0m [32m INFO[0m [2mnanospam::wallets_factory[0m[2m:[0m Waiting for confirmation for B19EAD8221E07E52EEB7CA7EE50577B662C489ADBA15C0727DB6F8AEDAD50081
[2m2026-09-23T07:36:54.669079Z[0m [32m INFO[0m [2mnanospam::wallets_factory[0m[2m:[0m Receiving...
[2m2026-09-23T07:36:54.669783Z[0m [32m INFO[0m [2mnanospam::wallets_factory[0m[2m:[0m Waiting for confirmation for CBAA8D9FE2AA2CFEB77B87886D76922E22E4C51C0C091A54179A7E5CF79FC967
[2m2026-09-23T07:36:54.771493Z[0m [32m INFO[0m [2mnanospam::wallets_factory[0m[2m:[0m DONE
[2m2026-09-23T07:36:54.771524Z[0m [32m INFO[0m [2mnanospam::wallets_factory[0m[2m:[0m ********************************************************************************
[2m2026-09-23T07:36:54.771532Z[0m [32m INFO[0m [2mnanospam::wallets_factory[0m[2m:[0m Creating wallet...
[2m2026-09-23T07:36:54.836365Z[0m [32m INFO[0m [2mnanospam::wallets_factory[0m[2m:[0m Setting default representative...
[2m2026-09-23T07:36:54.836708Z[0m [32m INFO[0m [2mnanospam::wallets_factory[0m[2m:[0m Sending Ӿ40,047,061 to PR2 wallet nano_36asm8scxymtsjmgqp14per3zxpgaec1c65qb9en1buscq7qzqa93tfyyzs3 ...
[2m2026-09-23T07:36:54.837195Z[0m [32m INFO[0m [2mnanospam::wallets_factory[0m[2m:[0m Waiting for confirmation for CAFB013DCCB20BBF4CC103A0FDD2BF25C8F109B9E984B96D0666840E4B0F89BA
[2m2026-09-23T07:36:54.939138Z[0m [32m INFO[0m [2mnanospam::wallets_factory[0m[2m:[0m Receiving...
[2m2026-09-23T07:36:54.940060Z[0m [32m INFO[0m [2mnanospam::wallets_factory[0m[2m:[0m Waiting for confirmation for 7189E44F408196E8FD1F393F06CDAD4F7C5A415B2A2DDFA8ABEABEE83DA60182
[2m2026-09-23T07:36:55.145960Z[0m [32m INFO[0m [2mnanospam::wallets_factory[0m[2m:[0m DONE
[2m2026-09-23T07:36:55.146041Z[0m [32m INFO[0m [2mnanospam::wallets_factory[0m[2m:[0m ********************************************************************************
[2m2026-09-23T07:36:55.146063Z[0m [32m INFO[0m [2mnanospam::wallets_factory[0m[2m:[0m Creating wallet...
[2m2026-09-23T07:36:55.225621Z[0m [32m INFO[0m [2mnanospam::wallets_factory[0m[2m:[0m Setting default representative...
[2m2026-09-23T07:36:55.225922Z[0m [32m INFO[0m [2mnanospam::wallets_factory[0m[2m:[0m Sending Ӿ40,047,061 to PR3 wallet nano_1sfb11jzfi8k51fcnrzi1qe3qh1e1jkic3h45oak9yfg5yhbkczzxfwtat7m ...
[2m2026-09-23T07:36:55.226352Z[0m [32m INFO[0m [2mnanospam::wallets_factory[0m[2m:[0m Waiting for confirmation for E2CEA882BAF6FE5BE932C387FEB7740D791CAF9E5BECC7CEE8176C7DDEE6378A
[2m2026-09-23T07:36:55.328357Z[0m [32m INFO[0m [2mnanospam::wallets_factory[0m[2m:[0m Receiving...
[2m2026-09-23T07:36:55.329303Z[0m [32m INFO[0m [2mnanospam::wallets_factory[0m[2m:[0m Waiting for confirmation for EA5EC3EAA2535557DB68742DBFA22A64B7B314876EE136F919471550E89D65D4
[2m2026-09-23T07:36:55.432069Z[0m [32m INFO[0m [2mnanospam::wallets_factory[0m[2m:[0m DONE
[2m2026-09-23T07:36:55.432187Z[0m [32m INFO[0m [2mnanospam::wallets_factory[0m[2m:[0m ********************************************************************************
[2m2026-09-23T07:36:55.432202Z[0m [32m INFO[0m [2mnanospam::wallets_factory[0m[2m:[0m Creating wallet...
[2m2026-09-23T07:36:55.511107Z[0m [32m INFO[0m [2mnanospam::wallets_factory[0m[2m:[0m Setting default representative...
[2m2026-09-23T07:36:55.511437Z[0m [32m INFO[0m [2mnanospam::wallets_factory[0m[2m:[0m Sending Ӿ40,047,061 to PR4 wallet nano_1rsxmoinip7d4wafdp855194n43fs7s1jgne6tx8ruatiu6g89815pddzijp ...
[2m2026-09-23T07:36:55.511809Z[0m [32m INFO[0m [2mnanospam::wallets_factory[0m[2m:[0m Waiting for confirmation for 22677C7E74B964C1E24887306A66EAC48330280DFA5744E0E21166EC47B5438A
[2m2026-09-23T07:36:55.613940Z[0m [32m INFO[0m [2mnanospam::wallets_factory[0m[2m:[0m Receiving...
[2m2026-09-23T07:36:55.614759Z[0m [32m INFO[0m [2mnanospam::wallets_factory[0m[2m:[0m Waiting for confirmation for 686B8354F9897585048EDBC473B612A3E2823DE919A66201E69841219A6B5651
[2m2026-09-23T07:36:55.717344Z[0m [32m INFO[0m [2mnanospam::wallets_factory[0m[2m:[0m DONE
[2m2026-09-23T07:36:55.717367Z[0m [32m INFO[0m [2mnanospam::wallets_factory[0m[2m:[0m ********************************************************************************
[2m2026-09-23T07:36:55.717393Z[0m [32m INFO[0m [2mnanospam::wallets_factory[0m[2m:[0m Sending Ӿ40,047,061 to PR5 (no node) nano_1wtzwadxk9naxc356m4rienp93ht131w7ypadk39qck8uah3bg3zohsmj9th ...
[2m2026-09-23T07:36:55.717760Z[0m [32m INFO[0m [2mnanospam::wallets_factory[0m[2m:[0m Waiting for confirmation for 86B6E149E407121861E950D6B66B56BA39E500C199E580ED6065515C3C25094F
[2m2026-09-23T07:37:10.901269Z[0m [32m INFO[0m [2mnanospam::wallets_factory[0m[2m:[0m Waiting for confirmation for 417F8AEA0F6FDD9A5EE6F5896819E98A81FC15AA2CF56207A5BCFB27193E37A9
[2m2026-09-23T07:37:11.004269Z[0m [32m INFO[0m [2mnanospam::wallets_factory[0m[2m:[0m DONE
[2m2026-09-23T07:37:11.004390Z[0m [32m INFO[0m [2mnanospam::wallets_factory[0m[2m:[0m Sending initial spam amount...
[2m2026-09-23T07:37:11.005894Z[0m [32m INFO[0m [2mnanospam::wallets_factory[0m[2m:[0m Waiting for confirmation for CC48983B36075A3BED9D774FDFE6646659FD5DF46903589F41307BF791A269B3
[2m2026-09-23T07:37:11.109282Z[0m [32m INFO[0m [2mnanospam::wallets_factory[0m[2m:[0m Receiving initial spam amount...
[2m2026-09-23T07:37:11.110488Z[0m [32m INFO[0m [2mnanospam::wallets_factory[0m[2m:[0m Waiting for confirmation for AFE98BF94819BEBF5A95738119F0E628E4040571096378186070736A057213C3
[2m2026-09-23T07:37:11.214597Z[0m [32m INFO[0m [2mnanospam::wallets_factory[0m[2m:[0m Seeding Ӿ14,285,714 to nano_17ix69s66taprrz77rgr337wjhn8nthrk93ujzsr695ncrn1kw5cdsqqqc1c for representative D315857CE70C54DE713F6E82E5613BB3A1266C15E28AD2F4338C7BBEC456F532
[2m2026-09-23T07:37:11.215832Z[0m [32m INFO[0m [2mnanospam::wallets_factory[0m[2m:[0m Waiting for confirmation for F1A0135E0DF7BE79FE0E0335BF9D963546A7E6D4134598EA69EB594D1ACFEB9A
[2m2026-09-23T07:37:11.320751Z[0m [32m INFO[0m [2mnanospam::wallets_factory[0m[2m:[0m Waiting for confirmation for E11E5D766001585C22354511A9D3091E88A224F4846C9880F651F093D794ACE9
[2m2026-09-23T07:37:11.424087Z[0m [32m INFO[0m [2mnanospam::wallets_factory[0m[2m:[0m Seeding Ӿ14,285,714 to nano_3qzs4p7wf7pg3qei95jiz91qotyy3fnawa7sczupd9gum6mesrhu5gzzpyso for representative A353E45E6D0016CAEED0DFA4EC5B0640E2AA22A793F9F2375E77F1AB92977C04
[2m2026-09-23T07:37:11.425307Z[0m [32m INFO[0m [2mnanospam::wallets_factory[0m[2m:[0m Waiting for confirmation for 262BBE56A69A6A49A6537E498FA355EF91BDDA7BB9825D66116EE2660A8E77DC
[2m2026-09-23T07:37:11.529488Z[0m [32m INFO[0m [2mnanospam::wallets_factory[0m[2m:[0m Waiting for confirmation for 13C88956BD821CA7414E3D18E88291638269CBBEBF486990CCDD2C85C7888C01
[2m2026-09-23T07:37:11.633241Z[0m [32m INFO[0m [2mnanospam::wallets_factory[0m[2m:[0m Seeding Ӿ14,285,714 to nano_1rkgjtau4469tzqr4rjs37dmtcwjbntci77de7uszqdh5zhexrrdfnqcxaek for representative 911999B2AEFA7ACC66EBD802B3301FF6CE431405107749D940277955CB7FDD07
[2m2026-09-23T07:37:11.634549Z[0m [32m INFO[0m [2mnanospam::wallets_factory[0m[2m:[0m Waiting for confirmation for 6FFF39EFCE56DF30CAB621F147ECA4FC172F7D2D6FBF2A943B812878D65A2FFB
[2m2026-09-23T07:37:11.739052Z[0m [32m INFO[0m [2mnanospam::wallets_factory[0m[2m:[0m Waiting for confirmation for A88E8CD293127568CD28E97E70E97336B862E7B60654A58E432474F6A0D9AD49
[2m2026-09-23T07:37:11.842067Z[0m [32m INFO[0m [2mnanospam::wallets_factory[0m[2m:[0m Seeding Ӿ14,285,714 to nano_1yd49zitezu8emydf8k4zudfm5zhc4c4y55cebza7rizi3krotqado3zhe89 for representative 65A90023F6C0D2181AAA63F005D81BBC0C04650505E21D5123F9AE1F9E992BFF
[2m2026-09-23T07:37:11.842544Z[0m [32m INFO[0m [2mnanospam::wallets_factory[0m[2m:[0m Waiting for confirmation for F5B1E21336086BBDA7B3E7749A49313C5AAADFB54C0CDF06C652BBA68A4E305B
[2m2026-09-23T07:37:11.946275Z[0m [32m INFO[0m [2mnanospam::wallets_factory[0m[2m:[0m Waiting for confirmation for CD70D55D9F209E2E9EE9DB1332C162D4E0BC86B9C8DC4BBE278FA0005DE41D3D
[2m2026-09-23T07:37:12.049987Z[0m [32m INFO[0m [2mnanospam::wallets_factory[0m[2m:[0m Seeding Ӿ14,285,714 to nano_316kkftas7rbjiz4th9qcfummobzkey4qp87q3rz3ifzzofxn1yqtq3rq617 for representative 633D9D614858AB1710D5D8C3180E2A082DC97208BA8C26BA6C6D1A86C8E31CC0
[2m2026-09-23T07:37:12.051475Z[0m [32m INFO[0m [2mnanospam::wallets_factory[0m[2m:[0m Waiting for confirmation for 445B094A671DDC74C93582EE4D846CEA8061DC6EF6EE1356BF4F3B0A1FE913B4
[2m2026-09-23T07:37:12.156996Z[0m [32m INFO[0m [2mnanospam::wallets_factory[0m[2m:[0m Waiting for confirmation for 66B53BA61836DB6786AE1AD1EB02648984CC0FE1CC7BA529C81C566C87E3736A
[2m2026-09-23T07:37:12.260346Z[0m [32m INFO[0m [2mnanospam::wallets_factory[0m[2m:[0m Seeding Ӿ14,285,714 to nano_17fsgbr5eed76jwzhx9ttw9s5f1ezyfdssrgi14k5fa8yx3z7jn5gis4j8dd for representative 735FE217D91E88EA82324C5883296385FA0041C2FAC85C827BAA46DA1E14B83F
[2m2026-09-23T07:37:12.260777Z[0m [32m INFO[0m [2mnanospam::wallets_factory[0m[2m:[0m Waiting for confirmation for 23362E0258EF130ED2756243E9CAB1314B05F93BA849EC9355F3687AA3881A4A
[2m2026-09-23T07:37:12.364236Z[0m [32m INFO[0m [2mnanospam::wallets_factory[0m[2m:[0m Waiting for confirmation for 8BAEFFBF2EC5016A2350401FE612B1A8DE03E0FC5C0DBBE2B5FA53BFC8C2B405
[2m2026-09-23T07:37:12.468610Z[0m [32m INFO[0m [2mnanospam::high_prio_check[0m[2m:[0m Creating high priority accounts...
[2m2026-09-23T07:37:12.492035Z[0m [32m INFO[0m [2mnanospam::high_prio_check[0m[2m:[0m Waiting for confirmations...
[2m2026-09-23T07:37:14.647029Z[0m [32m INFO[0m [2mnanospam::app[0m[2m:[0m Waiting for all PRs to see the full quorum...
[2m2026-09-23T07:37:14.647998Z[0m [32m INFO[0m [2mnanospam::app[0m[2m:[0m All PRs see the full quorum after 936.125µs
[2m2026-09-23T07:37:14.648016Z[0m [32m INFO[0m [2mnanospam::app[0m[2m:[0m Waiting for all PRs to hold the same cemented ledger...
[2m2026-09-23T07:37:14.648653Z[0m [32m INFO[0m [2mnanospam::app[0m[2m:[0m All PRs hold the same ledger of 65 blocks after 633.583µs
EPOCH_COMMITTEE derived_by=genesis members=6 accounts=33 n=340282366920938463463374607431768211455 digest=F86D81972D51B72B0B6EBD14698D9274FA62362921269BD5E595E4E716D4EE3A shares=["A353E45E:20.2%", "735FE217:16.0%", "633D9D61:16.0%", "65A90023:16.0%", "911999B2:16.0%", "D315857C:16.0%"] t=1790149034648
EPOCH_START epoch=0 elections=0 t=1790149034648
EPOCH_COMMITTEE derived_by=genesis members=6 accounts=33 n=340282366920938463463374607431768211455 digest=F86D81972D51B72B0B6EBD14698D9274FA62362921269BD5E595E4E716D4EE3A shares=["A353E45E:20.2%", "735FE217:16.0%", "633D9D61:16.0%", "65A90023:16.0%", "911999B2:16.0%", "D315857C:16.0%"] t=1790149034648
EPOCH_START epoch=0 elections=0 t=1790149034648
EPOCH_COMMITTEE derived_by=genesis members=6 accounts=33 n=340282366920938463463374607431768211455 digest=F86D81972D51B72B0B6EBD14698D9274FA62362921269BD5E595E4E716D4EE3A shares=["A353E45E:20.2%", "735FE217:16.0%", "633D9D61:16.0%", "65A90023:16.0%", "911999B2:16.0%", "D315857C:16.0%"] t=1790149034649
EPOCH_START epoch=0 elections=0 t=1790149034649
EPOCH_COMMITTEE derived_by=genesis members=6 accounts=33 n=340282366920938463463374607431768211455 digest=F86D81972D51B72B0B6EBD14698D9274FA62362921269BD5E595E4E716D4EE3A shares=["A353E45E:20.2%", "735FE217:16.0%", "633D9D61:16.0%", "65A90023:16.0%", "911999B2:16.0%", "D315857C:16.0%"] t=1790149034649
EPOCH_START epoch=0 elections=0 t=1790149034649
EPOCH_COMMITTEE derived_by=genesis members=6 accounts=33 n=340282366920938463463374607431768211455 digest=F86D81972D51B72B0B6EBD14698D9274FA62362921269BD5E595E4E716D4EE3A shares=["A353E45E:20.2%", "735FE217:16.0%", "633D9D61:16.0%", "65A90023:16.0%", "911999B2:16.0%", "D315857C:16.0%"] t=1790149034649
EPOCH_START epoch=0 elections=0 t=1790149034649
[2m2026-09-23T07:37:14.649585Z[0m [32m INFO[0m [2mnanospam::app[0m[2m:[0m Started the epochs on every PR
[2m2026-09-23T07:37:14.649590Z[0m [32m INFO[0m [2mnanospam::app[0m[2m:[0m Connecting to node PR0... [3mpeer_addr[0m[2m=[0m[::1]:17075
[2m2026-09-23T07:37:14.649849Z[0m [32m INFO[0m [2mnanospam::app[0m[2m:[0m Performing handshake...
[2m2026-09-23T07:37:14.650207Z[0m [32m INFO[0m [2mnanospam::app[0m[2m:[0m Performing handshake...
[2m2026-09-23T07:37:14.661643Z[0m [32m INFO[0m [2mnanospam::app[0m[2m:[0m Performing handshake...
[2m2026-09-23T07:37:14.672645Z[0m [32m INFO[0m [2mnanospam::app[0m[2m:[0m Performing handshake...
[2m2026-09-23T07:37:14.683035Z[0m [32m INFO[0m [2mnanospam::app[0m[2m:[0m Connecting to node PR1... [3mpeer_addr[0m[2m=[0m[::1]:17085
[2m2026-09-23T07:37:14.683227Z[0m [32m INFO[0m [2mnanospam::app[0m[2m:[0m Performing handshake...
[2m2026-09-23T07:37:14.683646Z[0m [32m INFO[0m [2mnanospam::app[0m[2m:[0m Performing handshake...
[2m2026-09-23T07:37:14.694317Z[0m [32m INFO[0m [2mnanospam::app[0m[2m:[0m Performing handshake...
[2m2026-09-23T07:37:14.706109Z[0m [32m INFO[0m [2mnanospam::app[0m[2m:[0m Performing handshake...
[2m2026-09-23T07:37:14.717723Z[0m [32m INFO[0m [2mnanospam::app[0m[2m:[0m Connecting to node PR2... [3mpeer_addr[0m[2m=[0m[::1]:17095
[2m2026-09-23T07:37:14.717912Z[0m [32m INFO[0m [2mnanospam::app[0m[2m:[0m Performing handshake...
[2m2026-09-23T07:37:14.718318Z[0m [32m INFO[0m [2mnanospam::app[0m[2m:[0m Performing handshake...
[2m2026-09-23T07:37:14.728651Z[0m [32m INFO[0m [2mnanospam::app[0m[2m:[0m Performing handshake...
[2m2026-09-23T07:37:14.739466Z[0m [32m INFO[0m [2mnanospam::app[0m[2m:[0m Performing handshake...
[2m2026-09-23T07:37:14.750766Z[0m [32m INFO[0m [2mnanospam::app[0m[2m:[0m Connecting to node PR3... [3mpeer_addr[0m[2m=[0m[::1]:17105
[2m2026-09-23T07:37:14.750915Z[0m [32m INFO[0m [2mnanospam::app[0m[2m:[0m Performing handshake...
[2m2026-09-23T07:37:14.751365Z[0m [32m INFO[0m [2mnanospam::app[0m[2m:[0m Performing handshake...
[2m2026-09-23T07:37:14.763843Z[0m [32m INFO[0m [2mnanospam::app[0m[2m:[0m Performing handshake...
[2m2026-09-23T07:37:14.775700Z[0m [32m INFO[0m [2mnanospam::app[0m[2m:[0m Performing handshake...
[2m2026-09-23T07:37:14.786134Z[0m [32m INFO[0m [2mnanospam::app[0m[2m:[0m Connecting to node PR4... [3mpeer_addr[0m[2m=[0m[::1]:17115
[2m2026-09-23T07:37:14.786343Z[0m [32m INFO[0m [2mnanospam::app[0m[2m:[0m Performing handshake...
[2m2026-09-23T07:37:14.786868Z[0m [32m INFO[0m [2mnanospam::app[0m[2m:[0m Performing handshake...
[2m2026-09-23T07:37:14.797644Z[0m [32m INFO[0m [2mnanospam::app[0m[2m:[0m Performing handshake...
[2m2026-09-23T07:37:14.808313Z[0m [32m INFO[0m [2mnanospam::app[0m[2m:[0m Performing handshake...
[2m2026-09-23T07:37:14.820162Z[0m [32m INFO[0m [2mnanospam::app[0m[2m:[0m Connecting to websocket...
[2m2026-09-23T07:37:14.820858Z[0m [32m INFO[0m [2mnanospam::app[0m[2m:[0m Starting with 2000 BPS
[2m2026-09-23T07:37:14.832190Z[0m [32m INFO[0m [2mnanospam::byzantine[0m[2m:[0m 1 Byzantine representative(s) voting at random into 5 node(s)
[2m2026-09-23T07:37:15.822184Z[0m [32m INFO[0m [2mnanospam::app[0m[2m:[0m Confirmed 741 blocks | 2,000 bps | 835 cps | avg conf time: 88 ms
[2m2026-09-23T07:37:16.823149Z[0m [32m INFO[0m [2mnanospam::app[0m[2m:[0m Confirmed 4,319 blocks | 2,000 bps | 3,574 cps | avg conf time: 130 ms
[2m2026-09-23T07:37:17.823831Z[0m [32m INFO[0m [2mnanospam::app[0m[2m:[0m Confirmed 6,082 blocks | 2,000 bps | 1,761 cps | avg conf time: 104 ms
[2m2026-09-23T07:37:18.824851Z[0m [32m INFO[0m [2mnanospam::app[0m[2m:[0m Confirmed 7,970 blocks | 2,000 bps | 1,885 cps | avg conf time: 105 ms
[2m2026-09-23T07:37:19.825747Z[0m [32m INFO[0m [2mnanospam::app[0m[2m:[0m Confirmed 9,799 blocks | 2,000 bps | 1,827 cps | avg conf time: 107 ms
[2m2026-09-23T07:37:20.826994Z[0m [32m INFO[0m [2mnanospam::app[0m[2m:[0m Confirmed 11,704 blocks | 2,000 bps | 1,902 cps | avg conf time: 104 ms
[2m2026-09-23T07:37:21.827894Z[0m [32m INFO[0m [2mnanospam::app[0m[2m:[0m Confirmed 13,464 blocks | 2,000 bps | 1,758 cps | avg conf time: 104 ms
EPOCH_ENDED epoch=0 elections=1044 active=1023 t=1790149042655
EPOCH_ENDED epoch=0 elections=1044 active=1023 t=1790149042655
EPOCH_ENDED epoch=0 elections=1044 active=1024 t=1790149042655
EPOCH_ENDED epoch=0 elections=1044 active=1023 t=1790149042655
EPOCH_ENDED epoch=0 elections=1044 active=1023 t=1790149042655
EPOCH_ADVANCED epoch=1 elections=1044 active=1024 vote_records=152284 t=1790149042675
EPOCH_ADVANCED epoch=1 elections=1044 active=1023 vote_records=152275 t=1790149042677
EPOCH_ADVANCED epoch=1 elections=1044 active=1023 vote_records=152281 t=1790149042678
EPOCH_ADVANCED epoch=1 elections=1044 active=1023 vote_records=152264 t=1790149042681
EPOCH_ADVANCED epoch=1 elections=1044 active=1023 vote_records=152278 t=1790149042683
EPOCH_REPORT epoch=0 certified=15026 residual=990 root=76638B32F6851AD14C0C69C3B8B5065E8B059F7E2DC5EE767A87B5830B355CC0 reports=1 t=1790149042683
EPOCH_REPORT epoch=0 certified=15026 residual=1005 root=76638B32F6851AD14C0C69C3B8B5065E8B059F7E2DC5EE767A87B5830B355CC0 reports=1 t=1790149042685
EPOCH_REPORT epoch=0 certified=15026 residual=991 root=76638B32F6851AD14C0C69C3B8B5065E8B059F7E2DC5EE767A87B5830B355CC0 reports=1 t=1790149042692
EPOCH_REPORT epoch=0 certified=15026 residual=994 root=76638B32F6851AD14C0C69C3B8B5065E8B059F7E2DC5EE767A87B5830B355CC0 reports=1 t=1790149042692
EPOCH_REPORT epoch=0 certified=15026 residual=1034 root=76638B32F6851AD14C0C69C3B8B5065E8B059F7E2DC5EE767A87B5830B355CC0 reports=1 t=1790149042695
EPOCH_RECONCILED epoch=0 reporter=911999B2AEFA7ACC66EBD802B3301FF6CE431405107749D940277955CB7FDD07 complete=false entries=0 total=15026 t=1790149042708
EPOCH_RECONCILED epoch=0 reporter=A353E45E6D0016CAEED0DFA4EC5B0640E2AA22A793F9F2375E77F1AB92977C04 complete=false entries=0 total=15026 t=1790149042709
EPOCH_RESIDUAL epoch=0 reporter=911999B2AEFA7ACC66EBD802B3301FF6CE431405107749D940277955CB7FDD07 votes=30352 derived=994 complete=true sketch_cells=0 t=1790149042712
EPOCH_RECONCILED epoch=0 reporter=A353E45E6D0016CAEED0DFA4EC5B0640E2AA22A793F9F2375E77F1AB92977C04 complete=false entries=0 total=15026 t=1790149042712
EPOCH_RESIDUAL epoch=0 reporter=A353E45E6D0016CAEED0DFA4EC5B0640E2AA22A793F9F2375E77F1AB92977C04 votes=30973 derived=1002 complete=false sketch_cells=64 t=1790149042713
EPOCH_RECONCILED epoch=0 reporter=911999B2AEFA7ACC66EBD802B3301FF6CE431405107749D940277955CB7FDD07 complete=false entries=0 total=15026 t=1790149042713
EPOCH_RESIDUAL epoch=0 reporter=A353E45E6D0016CAEED0DFA4EC5B0640E2AA22A793F9F2375E77F1AB92977C04 votes=30969 derived=998 complete=false sketch_cells=64 t=1790149042716
EPOCH_RECONCILED epoch=0 reporter=633D9D614858AB1710D5D8C3180E2A082DC97208BA8C26BA6C6D1A86C8E31CC0 complete=false entries=0 total=15026 t=1790149042717
EPOCH_RESIDUAL epoch=0 reporter=911999B2AEFA7ACC66EBD802B3301FF6CE431405107749D940277955CB7FDD07 votes=30332 derived=974 complete=false sketch_cells=64 t=1790149042717
EPOCH_RECONCILED epoch=0 reporter=633D9D614858AB1710D5D8C3180E2A082DC97208BA8C26BA6C6D1A86C8E31CC0 complete=false entries=0 total=15026 t=1790149042718
EPOCH_RESIDUAL_SKETCH epoch=0 reporter=911999B2AEFA7ACC66EBD802B3301FF6CE431405107749D940277955CB7FDD07 incomplete=false edits=20 complete=true t=1790149042719
EPOCH_RESIDUAL_SKETCH epoch=0 reporter=A353E45E6D0016CAEED0DFA4EC5B0640E2AA22A793F9F2375E77F1AB92977C04 incomplete=false edits=3 complete=true t=1790149042720
EPOCH_RESIDUAL epoch=0 reporter=633D9D614858AB1710D5D8C3180E2A082DC97208BA8C26BA6C6D1A86C8E31CC0 votes=30717 derived=990 complete=true sketch_cells=0 t=1790149042721
EPOCH_RECONCILED epoch=0 reporter=65A90023F6C0D2181AAA63F005D81BBC0C04650505E21D5123F9AE1F9E992BFF complete=false entries=0 total=15026 t=1790149042721
EPOCH_RESIDUAL_SKETCH epoch=0 reporter=A353E45E6D0016CAEED0DFA4EC5B0640E2AA22A793F9F2375E77F1AB92977C04 incomplete=false edits=7 complete=true t=1790149042722
EPOCH_RESIDUAL epoch=0 reporter=633D9D614858AB1710D5D8C3180E2A082DC97208BA8C26BA6C6D1A86C8E31CC0 votes=30698 derived=971 complete=false sketch_cells=64 t=1790149042723
EPOCH_CLOSE_UNREADY epoch=0 short_of=reports usable=3 weight=177284052603326374588830160858741248583 required=275628717205960155405333432019732251279 held=5 theirs=["D315857C:76638B32:ECD26977", "A353E45E:76638B32:17F3F6D6", "65A90023:76638B32:556FD16B", "911999B2:76638B32:1DFF8E3A", "633D9D61:76638B32:45FEB17D"] t=1790149042723
EPOCH_RESIDUAL epoch=0 reporter=65A90023F6C0D2181AAA63F005D81BBC0C04650505E21D5123F9AE1F9E992BFF votes=30204 derived=986 complete=false sketch_cells=64 t=1790149042725
EPOCH_CLOSE_UNREADY epoch=0 short_of=reports usable=4 weight=231616805542530404213678309716416902877 required=275628717205960155405333432019732251279 held=5 theirs=["911999B2:76638B32:1DFF8E3A", "A353E45E:76638B32:17F3F6D6", "D315857C:76638B32:ECD26977", "633D9D61:76638B32:45FEB17D", "65A90023:76638B32:556FD16B"] t=1790149042725
EPOCH_RESIDUAL_SKETCH epoch=0 reporter=633D9D614858AB1710D5D8C3180E2A082DC97208BA8C26BA6C6D1A86C8E31CC0 incomplete=false edits=19 complete=true t=1790149042726
EPOCH_RESIDUAL_SKETCH epoch=0 reporter=65A90023F6C0D2181AAA63F005D81BBC0C04650505E21D5123F9AE1F9E992BFF incomplete=false edits=5 complete=true t=1790149042727
EPOCH_RECONCILED epoch=0 reporter=633D9D614858AB1710D5D8C3180E2A082DC97208BA8C26BA6C6D1A86C8E31CC0 complete=false entries=0 total=15026 t=1790149042826
[2m2026-09-23T07:37:22.829004Z[0m [32m INFO[0m [2mnanospam::app[0m[2m:[0m Confirmed 15,120 blocks | 2,000 bps | 1,654 cps | avg conf time: 106 ms
EPOCH_RESIDUAL epoch=0 reporter=633D9D614858AB1710D5D8C3180E2A082DC97208BA8C26BA6C6D1A86C8E31CC0 votes=30717 derived=990 complete=true sketch_cells=0 t=1790149042830
EPOCH_RECONCILED epoch=0 reporter=D315857CE70C54DE713F6E82E5613BB3A1266C15E28AD2F4338C7BBEC456F532 complete=false entries=0 total=15026 t=1790149042831
EPOCH_RESIDUAL epoch=0 reporter=D315857CE70C54DE713F6E82E5613BB3A1266C15E28AD2F4338C7BBEC456F532 votes=30786 derived=1034 complete=true sketch_cells=0 t=1790149042848
EPOCH_RECONCILED epoch=0 reporter=65A90023F6C0D2181AAA63F005D81BBC0C04650505E21D5123F9AE1F9E992BFF complete=false entries=0 total=15026 t=1790149042850
EPOCH_RECONCILED epoch=0 reporter=65A90023F6C0D2181AAA63F005D81BBC0C04650505E21D5123F9AE1F9E992BFF complete=false entries=0 total=15026 t=1790149042851
EPOCH_RESIDUAL epoch=0 reporter=65A90023F6C0D2181AAA63F005D81BBC0C04650505E21D5123F9AE1F9E992BFF votes=30208 derived=990 complete=false sketch_cells=64 t=1790149042855
EPOCH_RESIDUAL epoch=0 reporter=65A90023F6C0D2181AAA63F005D81BBC0C04650505E21D5123F9AE1F9E992BFF votes=30204 derived=982 complete=false sketch_cells=64 t=1790149042856
EPOCH_RECONCILED epoch=0 reporter=911999B2AEFA7ACC66EBD802B3301FF6CE431405107749D940277955CB7FDD07 complete=false entries=0 total=15026 t=1790149042856
EPOCH_RESIDUAL_SKETCH epoch=0 reporter=65A90023F6C0D2181AAA63F005D81BBC0C04650505E21D5123F9AE1F9E992BFF incomplete=false edits=1 complete=true t=1790149042856
EPOCH_RECONCILED epoch=0 reporter=A353E45E6D0016CAEED0DFA4EC5B0640E2AA22A793F9F2375E77F1AB92977C04 complete=false entries=0 total=15026 t=1790149042857
EPOCH_RESIDUAL_SKETCH epoch=0 reporter=65A90023F6C0D2181AAA63F005D81BBC0C04650505E21D5123F9AE1F9E992BFF incomplete=false edits=9 complete=true t=1790149042858
EPOCH_RESIDUAL epoch=0 reporter=911999B2AEFA7ACC66EBD802B3301FF6CE431405107749D940277955CB7FDD07 votes=30352 derived=994 complete=true sketch_cells=0 t=1790149042861
EPOCH_CLOSE_READY epoch=0 t=1790149042861
EPOCH_RESIDUAL epoch=0 reporter=A353E45E6D0016CAEED0DFA4EC5B0640E2AA22A793F9F2375E77F1AB92977C04 votes=31024 derived=1003 complete=false sketch_cells=64 t=1790149042861
EPOCH_RECONCILED epoch=0 reporter=D315857CE70C54DE713F6E82E5613BB3A1266C15E28AD2F4338C7BBEC456F532 complete=false entries=0 total=15026 t=1790149042862
EPOCH_RESIDUAL_SKETCH epoch=0 reporter=A353E45E6D0016CAEED0DFA4EC5B0640E2AA22A793F9F2375E77F1AB92977C04 incomplete=false edits=2 complete=true t=1790149042863
EPOCH_RESIDUAL epoch=0 reporter=D315857CE70C54DE713F6E82E5613BB3A1266C15E28AD2F4338C7BBEC456F532 votes=30786 derived=1034 complete=true sketch_cells=0 t=1790149042865
EPOCH_RECONCILED epoch=0 reporter=911999B2AEFA7ACC66EBD802B3301FF6CE431405107749D940277955CB7FDD07 complete=false entries=0 total=15026 t=1790149042866
EPOCH_RESIDUAL epoch=0 reporter=911999B2AEFA7ACC66EBD802B3301FF6CE431405107749D940277955CB7FDD07 votes=30356 derived=994 complete=true sketch_cells=0 t=1790149042869
EPOCH_CLOSE_READY epoch=0 t=1790149042869
EPOCH_RECONCILED epoch=0 reporter=65A90023F6C0D2181AAA63F005D81BBC0C04650505E21D5123F9AE1F9E992BFF complete=false entries=0 total=15026 t=1790149042890
EPOCH_RESIDUAL epoch=0 reporter=65A90023F6C0D2181AAA63F005D81BBC0C04650505E21D5123F9AE1F9E992BFF votes=30205 derived=987 complete=false sketch_cells=64 t=1790149042894
EPOCH_RECONCILED epoch=0 reporter=A353E45E6D0016CAEED0DFA4EC5B0640E2AA22A793F9F2375E77F1AB92977C04 complete=false entries=0 total=15026 t=1790149042895
EPOCH_RESIDUAL_SKETCH epoch=0 reporter=65A90023F6C0D2181AAA63F005D81BBC0C04650505E21D5123F9AE1F9E992BFF incomplete=false edits=4 complete=true t=1790149042896
EPOCH_RESIDUAL epoch=0 reporter=A353E45E6D0016CAEED0DFA4EC5B0640E2AA22A793F9F2375E77F1AB92977C04 votes=31021 derived=1004 complete=false sketch_cells=64 t=1790149042899
EPOCH_RECONCILED epoch=0 reporter=D315857CE70C54DE713F6E82E5613BB3A1266C15E28AD2F4338C7BBEC456F532 complete=false entries=0 total=15026 t=1790149042899
EPOCH_RESIDUAL epoch=0 reporter=D315857CE70C54DE713F6E82E5613BB3A1266C15E28AD2F4338C7BBEC456F532 votes=30786 derived=1034 complete=true sketch_cells=0 t=1790149042903
EPOCH_RECONCILED epoch=0 reporter=633D9D614858AB1710D5D8C3180E2A082DC97208BA8C26BA6C6D1A86C8E31CC0 complete=false entries=0 total=15026 t=1790149042904
EPOCH_RESIDUAL_SKETCH epoch=0 reporter=A353E45E6D0016CAEED0DFA4EC5B0640E2AA22A793F9F2375E77F1AB92977C04 incomplete=false edits=1 complete=true t=1790149042904
EPOCH_RESIDUAL epoch=0 reporter=633D9D614858AB1710D5D8C3180E2A082DC97208BA8C26BA6C6D1A86C8E31CC0 votes=30717 derived=990 complete=true sketch_cells=0 t=1790149042908
EPOCH_CLOSE_READY epoch=0 t=1790149042908
EPOCH_PROPOSED epoch=0 round=0 value=850B2CA16E71F65AAF27E7E3C3533FDFE09E35256DB03C042BC2B0BEF24B6DA0 state=00F40D6A18CB0598D06A566F7F080D9D6AAAD456542B3A6E103E22387AC94F9E reports=5 t=1790149042959
EPOCH_VALUE epoch=0 value=850B2CA16E71F65AAF27E7E3C3533FDFE09E35256DB03C042BC2B0BEF24B6DA0 state=00F40D6A18CB0598D06A566F7F080D9D6AAAD456542B3A6E103E22387AC94F9E t=1790149042959
EPOCH_RECONCILED epoch=0 reporter=D315857CE70C54DE713F6E82E5613BB3A1266C15E28AD2F4338C7BBEC456F532 complete=false entries=0 total=15026 t=1790149043001
EPOCH_RESIDUAL epoch=0 reporter=D315857CE70C54DE713F6E82E5613BB3A1266C15E28AD2F4338C7BBEC456F532 votes=30786 derived=1034 complete=true sketch_cells=0 t=1790149043004
EPOCH_CLOSE_READY epoch=0 t=1790149043004
EPOCH_CLOSE_ROUND epoch=0 round=0 leader=633D9D614858AB1710D5D8C3180E2A082DC97208BA8C26BA6C6D1A86C8E31CC0 leads=true t=1790149043107
EPOCH_CLOSE_ROUND epoch=0 round=0 leader=633D9D614858AB1710D5D8C3180E2A082DC97208BA8C26BA6C6D1A86C8E31CC0 leads=false t=1790149043110
EPOCH_VALUE epoch=0 value=850B2CA16E71F65AAF27E7E3C3533FDFE09E35256DB03C042BC2B0BEF24B6DA0 state=00F40D6A18CB0598D06A566F7F080D9D6AAAD456542B3A6E103E22387AC94F9E t=1790149043156
EPOCH_VALUE epoch=0 value=850B2CA16E71F65AAF27E7E3C3533FDFE09E35256DB03C042BC2B0BEF24B6DA0 state=00F40D6A18CB0598D06A566F7F080D9D6AAAD456542B3A6E103E22387AC94F9E t=1790149043156
EPOCH_VALUE epoch=0 value=850B2CA16E71F65AAF27E7E3C3533FDFE09E35256DB03C042BC2B0BEF24B6DA0 state=00F40D6A18CB0598D06A566F7F080D9D6AAAD456542B3A6E103E22387AC94F9E t=1790149043165
EPOCH_CLOSE_ROUND epoch=0 round=0 leader=633D9D614858AB1710D5D8C3180E2A082DC97208BA8C26BA6C6D1A86C8E31CC0 leads=false t=1790149043176
EPOCH_CLOSE_ROUND epoch=0 round=0 leader=633D9D614858AB1710D5D8C3180E2A082DC97208BA8C26BA6C6D1A86C8E31CC0 leads=false t=1790149043282
EPOCH_CLOSE_READY epoch=0 t=1790149043361
EPOCH_CLOSE_ROUND epoch=0 round=0 leader=633D9D614858AB1710D5D8C3180E2A082DC97208BA8C26BA6C6D1A86C8E31CC0 leads=false t=1790149043361
EPOCH_VALUE epoch=0 value=850B2CA16E71F65AAF27E7E3C3533FDFE09E35256DB03C042BC2B0BEF24B6DA0 state=00F40D6A18CB0598D06A566F7F080D9D6AAAD456542B3A6E103E22387AC94F9E t=1790149043517
EPOCH_CLOSE_ROUND epoch=0 round=1 leader=65A90023F6C0D2181AAA63F005D81BBC0C04650505E21D5123F9AE1F9E992BFF leads=true t=1790149043582
EPOCH_PROPOSED epoch=0 round=1 value=6FC43C5F22A1A296007B2E569DB3F280E14DCA75A8E7D3CB9C59E907512F37F0 state=00F40D6A18CB0598D06A566F7F080D9D6AAAD456542B3A6E103E22387AC94F9E reports=5 t=1790149043590
EPOCH_VALUE epoch=0 value=6FC43C5F22A1A296007B2E569DB3F280E14DCA75A8E7D3CB9C59E907512F37F0 state=00F40D6A18CB0598D06A566F7F080D9D6AAAD456542B3A6E103E22387AC94F9E t=1790149043590
[2m2026-09-23T07:37:23.830040Z[0m [32m INFO[0m [2mnanospam::app[0m[2m:[0m Confirmed 15,120 blocks | 2,000 bps | 0 cps | avg conf time: 0 ms
EPOCH_FRONTIER_MISSING epoch=0 accounts=854 : blocks this node does not hold t=1790149043899
EPOCH_FRONTIER_MISSING epoch=0 accounts=854 : blocks this node does not hold t=1790149043899
EPOCH_FRONTIER_MISSING epoch=0 accounts=854 : blocks this node does not hold t=1790149043901
EPOCH_INSTALL epoch=0 finalized=16016 instances_confirmed=922 t=1790149043904
EPOCH_INSTALL epoch=0 finalized=16016 instances_confirmed=922 t=1790149043905
EPOCH_INSTALL epoch=0 finalized=16016 instances_confirmed=922 t=1790149043906
EPOCH_FRONTIER_MISSING epoch=0 accounts=854 : blocks this node does not hold t=1790149043908
EPOCH_COMMITTEE derived_by=0 members=6 accounts=6284 n=326433994917126945784017462992657444708 digest=26EFAD5D5548B01F76E14C007CF0AEC7F7E507BC473AB552C5A60C632303907C shares=["911999B2:19.2%", "D315857C:19.2%", "A353E45E:15.8%", "735FE217:15.7%", "633D9D61:15.2%", "65A90023:14.9%"] t=1790149043912
EPOCH_OMITTED epoch=0 instances=63 retained=0 t=1790149043913
EPOCH_INSTALL epoch=0 finalized=16016 instances_confirmed=922 t=1790149043913
EPOCH_COMMITTEE derived_by=0 members=6 accounts=6284 n=326433994917126945784017462992657444708 digest=26EFAD5D5548B01F76E14C007CF0AEC7F7E507BC473AB552C5A60C632303907C shares=["911999B2:19.2%", "D315857C:19.2%", "A353E45E:15.8%", "735FE217:15.7%", "633D9D61:15.2%", "65A90023:14.9%"] t=1790149043914
EPOCH_OMITTED epoch=0 instances=63 retained=0 t=1790149043914
EPOCH_COMMITTEE derived_by=0 members=6 accounts=6284 n=326433994917126945784017462992657444708 digest=26EFAD5D5548B01F76E14C007CF0AEC7F7E507BC473AB552C5A60C632303907C shares=["911999B2:19.2%", "D315857C:19.2%", "A353E45E:15.8%", "735FE217:15.7%", "633D9D61:15.2%", "65A90023:14.9%"] t=1790149043918
EPOCH_OMITTED epoch=0 instances=63 retained=0 t=1790149043918
EPOCH_COMMITTEE derived_by=0 members=6 accounts=6284 n=326433994917126945784017462992657444708 digest=26EFAD5D5548B01F76E14C007CF0AEC7F7E507BC473AB552C5A60C632303907C shares=["911999B2:19.2%", "D315857C:19.2%", "A353E45E:15.8%", "735FE217:15.7%", "633D9D61:15.2%", "65A90023:14.9%"] t=1790149043921
EPOCH_OMITTED epoch=0 instances=63 retained=0 t=1790149043921
EPOCH_GATE epoch=1 released=1787 finalized=1533 t=1790149043921
EPOCH_CLOSED epoch=0 round=0 value=850B2CA16E71F65AAF27E7E3C3533FDFE09E35256DB03C042BC2B0BEF24B6DA0 state=00F40D6A18CB0598D06A566F7F080D9D6AAAD456542B3A6E103E22387AC94F9E t=1790149043921
EPOCH_VALUE epoch=0 value=6FC43C5F22A1A296007B2E569DB3F280E14DCA75A8E7D3CB9C59E907512F37F0 state=00F40D6A18CB0598D06A566F7F080D9D6AAAD456542B3A6E103E22387AC94F9E t=1790149043922
EPOCH_GATE epoch=1 released=1786 finalized=1533 t=1790149043926
EPOCH_CLOSED epoch=0 round=0 value=850B2CA16E71F65AAF27E7E3C3533FDFE09E35256DB03C042BC2B0BEF24B6DA0 state=00F40D6A18CB0598D06A566F7F080D9D6AAAD456542B3A6E103E22387AC94F9E t=1790149043926
EPOCH_GATE epoch=1 released=1784 finalized=1533 t=1790149043927
EPOCH_CLOSED epoch=0 round=0 value=850B2CA16E71F65AAF27E7E3C3533FDFE09E35256DB03C042BC2B0BEF24B6DA0 state=00F40D6A18CB0598D06A566F7F080D9D6AAAD456542B3A6E103E22387AC94F9E t=1790149043927
EPOCH_VALUE epoch=0 value=6FC43C5F22A1A296007B2E569DB3F280E14DCA75A8E7D3CB9C59E907512F37F0 state=00F40D6A18CB0598D06A566F7F080D9D6AAAD456542B3A6E103E22387AC94F9E t=1790149043928
EPOCH_GATE epoch=1 released=1786 finalized=1533 t=1790149043930
EPOCH_CLOSED epoch=0 round=0 value=850B2CA16E71F65AAF27E7E3C3533FDFE09E35256DB03C042BC2B0BEF24B6DA0 state=00F40D6A18CB0598D06A566F7F080D9D6AAAD456542B3A6E103E22387AC94F9E t=1790149043930
EPOCH_VALUE epoch=0 value=6FC43C5F22A1A296007B2E569DB3F280E14DCA75A8E7D3CB9C59E907512F37F0 state=00F40D6A18CB0598D06A566F7F080D9D6AAAD456542B3A6E103E22387AC94F9E t=1790149043937
EPOCH_INSTALLED epoch=0 finalized=16016 cemented=15156 queued=50 missing=810 t=1790149043982
EPOCH_INSTALLED epoch=0 finalized=16016 cemented=15408 queued=596 missing=12 t=1790149043998
EPOCH_INSTALLED epoch=0 finalized=16016 cemented=15156 queued=50 missing=810 t=1790149044021
EPOCH_INSTALLED epoch=0 finalized=16016 cemented=15157 queued=853 missing=6 t=1790149044164
EPOCH_FRONTIER_MISSING epoch=0 accounts=854 : blocks this node does not hold t=1790149044380
EPOCH_INSTALL epoch=0 finalized=16016 instances_confirmed=922 t=1790149044385
EPOCH_COMMITTEE derived_by=0 members=6 accounts=6284 n=326433994917126945784017462992657444708 digest=26EFAD5D5548B01F76E14C007CF0AEC7F7E507BC473AB552C5A60C632303907C shares=["911999B2:19.2%", "D315857C:19.2%", "A353E45E:15.8%", "735FE217:15.7%", "633D9D61:15.2%", "65A90023:14.9%"] t=1790149044394
EPOCH_OMITTED epoch=0 instances=63 retained=0 t=1790149044395
EPOCH_GATE epoch=1 released=1788 finalized=1533 t=1790149044406
EPOCH_CLOSED epoch=0 round=0 value=850B2CA16E71F65AAF27E7E3C3533FDFE09E35256DB03C042BC2B0BEF24B6DA0 state=00F40D6A18CB0598D06A566F7F080D9D6AAAD456542B3A6E103E22387AC94F9E t=1790149044406
EPOCH_VALUE epoch=0 value=6FC43C5F22A1A296007B2E569DB3F280E14DCA75A8E7D3CB9C59E907512F37F0 state=00F40D6A18CB0598D06A566F7F080D9D6AAAD456542B3A6E103E22387AC94F9E t=1790149044407
EPOCH_INSTALLED epoch=0 finalized=16016 cemented=15878 queued=132 missing=6 t=1790149044469
[2m2026-09-23T07:37:24.830543Z[0m [32m INFO[0m [2mnanospam::app[0m[2m:[0m Confirmed 18,838 blocks | 2,000 bps | 3,715 cps | avg conf time: 757 ms
[2m2026-09-23T07:37:25.831550Z[0m [32m INFO[0m [2mnanospam::app[0m[2m:[0m Confirmed 20,699 blocks | 2,000 bps | 1,859 cps | avg conf time: 109 ms
[2m2026-09-23T07:37:26.832454Z[0m [32m INFO[0m [2mnanospam::app[0m[2m:[0m Confirmed 22,600 blocks | 2,000 bps | 1,899 cps | avg conf time: 108 ms
[2m2026-09-23T07:37:27.833511Z[0m [32m INFO[0m [2mnanospam::app[0m[2m:[0m Confirmed 24,401 blocks | 2,000 bps | 1,799 cps | avg conf time: 106 ms
[2m2026-09-23T07:37:28.834380Z[0m [32m INFO[0m [2mnanospam::app[0m[2m:[0m Confirmed 26,298 blocks | 2,000 bps | 1,895 cps | avg conf time: 108 ms
[2m2026-09-23T07:37:29.835651Z[0m [32m INFO[0m [2mnanospam::app[0m[2m:[0m Confirmed 28,135 blocks | 2,000 bps | 1,834 cps | avg conf time: 109 ms
EPOCH_ENDED epoch=1 elections=932 active=919 t=1790149050649
EPOCH_ENDED epoch=1 elections=968 active=932 t=1790149050649
EPOCH_ENDED epoch=1 elections=950 active=914 t=1790149050650
EPOCH_ENDED epoch=1 elections=970 active=934 t=1790149050653
EPOCH_ENDED epoch=1 elections=970 active=934 t=1790149050654
EPOCH_ADVANCED epoch=2 elections=950 active=914 vote_records=301383 t=1790149050670
EPOCH_ADVANCED epoch=2 elections=932 active=919 vote_records=301439 t=1790149050672
EPOCH_REPORT epoch=1 certified=14430 residual=1027 root=81D94B4F293A6BA1434B09707CC59D181E288BCA8082541D62E02C7BBE576FBF reports=1 t=1790149050679
EPOCH_REPORT epoch=1 certified=14430 residual=1004 root=E543FE903FE9233BFA705DB3F97DBDA28B49888834A729C150E3ADA10CD70186 reports=1 t=1790149050680
EPOCH_ADVANCED epoch=2 elections=970 active=934 vote_records=301434 t=1790149050686
EPOCH_ADVANCED epoch=2 elections=968 active=932 vote_records=301393 t=1790149050693
EPOCH_REPORT epoch=1 certified=14430 residual=1026 root=81D94B4F293A6BA1434B09707CC59D181E288BCA8082541D62E02C7BBE576FBF reports=1 t=1790149050695
EPOCH_REPORT epoch=1 certified=14430 residual=1027 root=81D94B4F293A6BA1434B09707CC59D181E288BCA8082541D62E02C7BBE576FBF reports=1 t=1790149050702
EPOCH_RECONCILED epoch=1 reporter=911999B2AEFA7ACC66EBD802B3301FF6CE431405107749D940277955CB7FDD07 complete=false entries=0 total=14430 t=1790149050716
EPOCH_ADVANCED epoch=2 elections=970 active=934 vote_records=301407 t=1790149050717
EPOCH_REPORT epoch=1 certified=14430 residual=1027 root=81D94B4F293A6BA1434B09707CC59D181E288BCA8082541D62E02C7BBE576FBF reports=1 t=1790149050730
EPOCH_RESIDUAL epoch=1 reporter=911999B2AEFA7ACC66EBD802B3301FF6CE431405107749D940277955CB7FDD07 votes=29853 derived=1026 complete=false sketch_cells=64 t=1790149050737
EPOCH_RESIDUAL_SKETCH epoch=1 reporter=911999B2AEFA7ACC66EBD802B3301FF6CE431405107749D940277955CB7FDD07 incomplete=true edits=0 complete=false t=1790149050738
EPOCH_RECONCILED epoch=1 reporter=65A90023F6C0D2181AAA63F005D81BBC0C04650505E21D5123F9AE1F9E992BFF complete=false entries=0 total=14430 t=1790149050738
EPOCH_RECON_REQUEST epoch=1 reporter=D315857CE70C54DE713F6E82E5613BB3A1266C15E28AD2F4338C7BBEC456F532 target=E543FE903FE9233BFA705DB3F97DBDA28B49888834A729C150E3ADA10CD70186 sources=["81D94B4F", "F4AA0C95"] t=1790149050747
EPOCH_RECON_REFUSED epoch=1 target=E543FE903FE9233BFA705DB3F97DBDA28B49888834A729C150E3ADA10CD70186 reason=UnknownSource sources=["81D94B4F", "F4AA0C95"] t=1790149050747
EPOCH_RECON_REFUSED epoch=1 target=E543FE903FE9233BFA705DB3F97DBDA28B49888834A729C150E3ADA10CD70186 reason=UnknownTarget sources=["81D94B4F", "F4AA0C95"] t=1790149050747
EPOCH_RECON_REFUSED epoch=1 target=E543FE903FE9233BFA705DB3F97DBDA28B49888834A729C150E3ADA10CD70186 reason=UnknownTarget sources=["81D94B4F", "F4AA0C95"] t=1790149050747
EPOCH_RECONCILED epoch=1 reporter=633D9D614858AB1710D5D8C3180E2A082DC97208BA8C26BA6C6D1A86C8E31CC0 complete=false entries=0 total=14430 t=1790149050748
EPOCH_RECON_REFUSED epoch=1 target=E543FE903FE9233BFA705DB3F97DBDA28B49888834A729C150E3ADA10CD70186 reason=UnknownTarget sources=["81D94B4F", "F4AA0C95"] t=1790149050748
EPOCH_RESIDUAL epoch=1 reporter=65A90023F6C0D2181AAA63F005D81BBC0C04650505E21D5123F9AE1F9E992BFF votes=29861 derived=1026 complete=false sketch_cells=64 t=1790149050749
EPOCH_RECON_REFUSED epoch=1 target=E543FE903FE9233BFA705DB3F97DBDA28B49888834A729C150E3ADA10CD70186 reason=UnknownTarget sources=["81D94B4F", "F4AA0C95"] t=1790149050749
EPOCH_RESIDUAL_SKETCH epoch=1 reporter=65A90023F6C0D2181AAA63F005D81BBC0C04650505E21D5123F9AE1F9E992BFF incomplete=true edits=0 complete=false t=1790149050750
EPOCH_RESIDUAL epoch=1 reporter=633D9D614858AB1710D5D8C3180E2A082DC97208BA8C26BA6C6D1A86C8E31CC0 votes=29193 derived=1020 complete=false sketch_cells=64 t=1790149050756
EPOCH_RECONCILED epoch=1 reporter=911999B2AEFA7ACC66EBD802B3301FF6CE431405107749D940277955CB7FDD07 complete=false entries=0 total=14430 t=1790149050757
EPOCH_RECON_REQUEST epoch=1 reporter=D315857CE70C54DE713F6E82E5613BB3A1266C15E28AD2F4338C7BBEC456F532 target=E543FE903FE9233BFA705DB3F97DBDA28B49888834A729C150E3ADA10CD70186 sources=["81D94B4F", "9D014F75"] t=1790149050758
EPOCH_RESIDUAL_SKETCH epoch=1 reporter=633D9D614858AB1710D5D8C3180E2A082DC97208BA8C26BA6C6D1A86C8E31CC0 incomplete=true edits=0 complete=false t=1790149050759
EPOCH_CLOSE_UNREADY epoch=1 short_of=reports usable=1 weight=54332779939204029624848148857675654289 required=275628717205960155405333432019732251279 held=5 theirs=["A353E45E:81D94B4F:414E4BAC", "D315857C:E543FE90:4A37D69E", "911999B2:81D94B4F:D87DC3BB", "65A90023:81D94B4F:CB4A89B5", "633D9D61:81D94B4F:0708204B"] t=1790149050761
EPOCH_RESIDUAL epoch=1 reporter=911999B2AEFA7ACC66EBD802B3301FF6CE431405107749D940277955CB7FDD07 votes=29847 derived=1020 complete=false sketch_cells=64 t=1790149050764
EPOCH_RECONCILED epoch=1 reporter=65A90023F6C0D2181AAA63F005D81BBC0C04650505E21D5123F9AE1F9E992BFF complete=false entries=0 total=14430 t=1790149050765
EPOCH_RESIDUAL_SKETCH epoch=1 reporter=911999B2AEFA7ACC66EBD802B3301FF6CE431405107749D940277955CB7FDD07 incomplete=true edits=0 complete=false t=1790149050766
EPOCH_RESIDUAL epoch=1 reporter=65A90023F6C0D2181AAA63F005D81BBC0C04650505E21D5123F9AE1F9E992BFF votes=29861 derived=1026 complete=false sketch_cells=64 t=1790149050769
EPOCH_RESIDUAL_SKETCH epoch=1 reporter=65A90023F6C0D2181AAA63F005D81BBC0C04650505E21D5123F9AE1F9E992BFF incomplete=true edits=0 complete=false t=1790149050769
EPOCH_RECONCILED epoch=1 reporter=A353E45E6D0016CAEED0DFA4EC5B0640E2AA22A793F9F2375E77F1AB92977C04 complete=false entries=0 total=14430 t=1790149050770
EPOCH_CLOSE_UNREADY epoch=1 short_of=reports usable=1 weight=68618497224918315339133863143389940005 required=275628717205960155405333432019732251279 held=5 theirs=["D315857C:E543FE90:4A37D69E", "633D9D61:81D94B4F:0708204B", "A353E45E:81D94B4F:414E4BAC", "911999B2:81D94B4F:D87DC3BB", "65A90023:81D94B4F:CB4A89B5"] t=1790149050772
EPOCH_RESIDUAL epoch=1 reporter=A353E45E6D0016CAEED0DFA4EC5B0640E2AA22A793F9F2375E77F1AB92977C04 votes=29852 derived=1017 complete=false sketch_cells=64 t=1790149050775
EPOCH_RECON_REQUEST epoch=1 reporter=D315857CE70C54DE713F6E82E5613BB3A1266C15E28AD2F4338C7BBEC456F532 target=E543FE903FE9233BFA705DB3F97DBDA28B49888834A729C150E3ADA10CD70186 sources=["81D94B4F", "0E61E097"] t=1790149050775
EPOCH_RECONCILED epoch=1 reporter=65A90023F6C0D2181AAA63F005D81BBC0C04650505E21D5123F9AE1F9E992BFF complete=false entries=0 total=14430 t=1790149050776
EPOCH_RESIDUAL_SKETCH epoch=1 reporter=A353E45E6D0016CAEED0DFA4EC5B0640E2AA22A793F9F2375E77F1AB92977C04 incomplete=true edits=0 complete=false t=1790149050776
EPOCH_RESIDUAL epoch=1 reporter=65A90023F6C0D2181AAA63F005D81BBC0C04650505E21D5123F9AE1F9E992BFF votes=29861 derived=1026 complete=false sketch_cells=64 t=1790149050780
EPOCH_RESIDUAL_SKETCH epoch=1 reporter=65A90023F6C0D2181AAA63F005D81BBC0C04650505E21D5123F9AE1F9E992BFF incomplete=true edits=0 complete=false t=1790149050785
EPOCH_RECONCILED epoch=1 reporter=633D9D614858AB1710D5D8C3180E2A082DC97208BA8C26BA6C6D1A86C8E31CC0 complete=false entries=0 total=14430 t=1790149050785
EPOCH_RESIDUAL epoch=1 reporter=633D9D614858AB1710D5D8C3180E2A082DC97208BA8C26BA6C6D1A86C8E31CC0 votes=29200 derived=1027 complete=false sketch_cells=64 t=1790149050796
EPOCH_RESIDUAL_SKETCH epoch=1 reporter=633D9D614858AB1710D5D8C3180E2A082DC97208BA8C26BA6C6D1A86C8E31CC0 incomplete=true edits=0 complete=false t=1790149050797
EPOCH_CLOSE_UNREADY epoch=1 short_of=reports usable=1 weight=54332776939204029624848148857675654289 required=275628717205960155405333432019732251279 held=5 theirs=["A353E45E:81D94B4F:414E4BAC", "911999B2:81D94B4F:D87DC3BB", "D315857C:E543FE90:4A37D69E", "65A90023:81D94B4F:CB4A89B5", "633D9D61:81D94B4F:0708204B"] t=1790149050802
[2m2026-09-23T07:37:30.836930Z[0m [32m INFO[0m [2mnanospam::app[0m[2m:[0m Confirmed 29,769 blocks | 2,000 bps | 1,632 cps | avg conf time: 116 ms
EPOCH_RECONCILED epoch=1 reporter=911999B2AEFA7ACC66EBD802B3301FF6CE431405107749D940277955CB7FDD07 complete=false entries=0 total=14430 t=1790149050873
EPOCH_RESIDUAL epoch=1 reporter=911999B2AEFA7ACC66EBD802B3301FF6CE431405107749D940277955CB7FDD07 votes=29854 derived=1027 complete=false sketch_cells=64 t=1790149050881
EPOCH_RECONCILED epoch=1 reporter=633D9D614858AB1710D5D8C3180E2A082DC97208BA8C26BA6C6D1A86C8E31CC0 complete=false entries=0 total=14430 t=1790149050883
EPOCH_RESIDUAL_SKETCH epoch=1 reporter=911999B2AEFA7ACC66EBD802B3301FF6CE431405107749D940277955CB7FDD07 incomplete=true edits=0 complete=false t=1790149050883
EPOCH_RESIDUAL epoch=1 reporter=633D9D614858AB1710D5D8C3180E2A082DC97208BA8C26BA6C6D1A86C8E31CC0 votes=29200 derived=1027 complete=false sketch_cells=64 t=1790149050887
EPOCH_RESIDUAL_SKETCH epoch=1 reporter=633D9D614858AB1710D5D8C3180E2A082DC97208BA8C26BA6C6D1A86C8E31CC0 incomplete=true edits=0 complete=false t=1790149050888
EPOCH_RECONCILED epoch=1 reporter=A353E45E6D0016CAEED0DFA4EC5B0640E2AA22A793F9F2375E77F1AB92977C04 complete=false entries=0 total=14430 t=1790149050888
EPOCH_RESIDUAL epoch=1 reporter=A353E45E6D0016CAEED0DFA4EC5B0640E2AA22A793F9F2375E77F1AB92977C04 votes=29862 derived=1027 complete=false sketch_cells=64 t=1790149050900
EPOCH_RECON_REQUEST epoch=1 reporter=D315857CE70C54DE713F6E82E5613BB3A1266C15E28AD2F4338C7BBEC456F532 target=E543FE903FE9233BFA705DB3F97DBDA28B49888834A729C150E3ADA10CD70186 sources=["81D94B4F", "0E61E097"] t=1790149050900
EPOCH_RESIDUAL_SKETCH epoch=1 reporter=A353E45E6D0016CAEED0DFA4EC5B0640E2AA22A793F9F2375E77F1AB92977C04 incomplete=true edits=0 complete=false t=1790149050900
EPOCH_CLOSE_UNREADY epoch=1 short_of=reports usable=1 weight=54332778439204029624848148857675654289 required=275628717205960155405333432019732251279 held=5 theirs=["911999B2:81D94B4F:D87DC3BB", "633D9D61:81D94B4F:0708204B", "A353E45E:81D94B4F:414E4BAC", "65A90023:81D94B4F:CB4A89B5", "D315857C:E543FE90:4A37D69E"] t=1790149050904
EPOCH_RECON_REQUEST epoch=1 reporter=911999B2AEFA7ACC66EBD802B3301FF6CE431405107749D940277955CB7FDD07 target=81D94B4F293A6BA1434B09707CC59D181E288BCA8082541D62E02C7BBE576FBF sources=["E543FE90", "0E61E097"] t=1790149050961
EPOCH_RECONCILED epoch=1 reporter=911999B2AEFA7ACC66EBD802B3301FF6CE431405107749D940277955CB7FDD07 complete=false entries=194 total=14430 t=1790149050964
EPOCH_RECONCILED epoch=1 reporter=65A90023F6C0D2181AAA63F005D81BBC0C04650505E21D5123F9AE1F9E992BFF complete=false entries=194 total=14430 t=1790149050965
EPOCH_RECONCILED epoch=1 reporter=633D9D614858AB1710D5D8C3180E2A082DC97208BA8C26BA6C6D1A86C8E31CC0 complete=false entries=194 total=14430 t=1790149050967
EPOCH_RECONCILED epoch=1 reporter=A353E45E6D0016CAEED0DFA4EC5B0640E2AA22A793F9F2375E77F1AB92977C04 complete=false entries=194 total=14430 t=1790149050968
EPOCH_CLOSE_UNREADY epoch=1 short_of=reports usable=1 weight=54332751439204029624848148857675654294 required=275628717205960155405333432019732251279 held=5 theirs=["D315857C:E543FE90:4A37D69E", "911999B2:81D94B4F:D87DC3BB", "65A90023:81D94B4F:CB4A89B5", "633D9D61:81D94B4F:0708204B", "A353E45E:81D94B4F:414E4BAC"] t=1790149050973
EPOCH_RECONCILED epoch=1 reporter=A353E45E6D0016CAEED0DFA4EC5B0640E2AA22A793F9F2375E77F1AB92977C04 complete=false entries=0 total=14430 t=1790149051006
EPOCH_RESIDUAL epoch=1 reporter=A353E45E6D0016CAEED0DFA4EC5B0640E2AA22A793F9F2375E77F1AB92977C04 votes=29862 derived=1027 complete=false sketch_cells=64 t=1790149051010
EPOCH_RESIDUAL_SKETCH epoch=1 reporter=A353E45E6D0016CAEED0DFA4EC5B0640E2AA22A793F9F2375E77F1AB92977C04 incomplete=true edits=0 complete=false t=1790149051011
EPOCH_RESIDUAL epoch=1 reporter=A353E45E6D0016CAEED0DFA4EC5B0640E2AA22A793F9F2375E77F1AB92977C04 votes=29852 derived=1017 complete=false sketch_cells=256 t=1790149051091
EPOCH_RESIDUAL_SKETCH epoch=1 reporter=A353E45E6D0016CAEED0DFA4EC5B0640E2AA22A793F9F2375E77F1AB92977C04 incomplete=false edits=116 complete=true t=1790149051092
EPOCH_RESIDUAL epoch=1 reporter=65A90023F6C0D2181AAA63F005D81BBC0C04650505E21D5123F9AE1F9E992BFF votes=29861 derived=1026 complete=false sketch_cells=256 t=1790149051097
EPOCH_RECONCILED epoch=1 reporter=D315857CE70C54DE713F6E82E5613BB3A1266C15E28AD2F4338C7BBEC456F532 complete=false entries=23 total=14430 t=1790149051098
EPOCH_RESIDUAL_SKETCH epoch=1 reporter=65A90023F6C0D2181AAA63F005D81BBC0C04650505E21D5123F9AE1F9E992BFF incomplete=false edits=106 complete=true t=1790149051101
EPOCH_RESIDUAL epoch=1 reporter=633D9D614858AB1710D5D8C3180E2A082DC97208BA8C26BA6C6D1A86C8E31CC0 votes=29200 derived=1027 complete=false sketch_cells=256 t=1790149051108
EPOCH_RESIDUAL_SKETCH epoch=1 reporter=633D9D614858AB1710D5D8C3180E2A082DC97208BA8C26BA6C6D1A86C8E31CC0 incomplete=false edits=106 complete=true t=1790149051109
EPOCH_RESIDUAL epoch=1 reporter=911999B2AEFA7ACC66EBD802B3301FF6CE431405107749D940277955CB7FDD07 votes=29854 derived=1027 complete=false sketch_cells=256 t=1790149051190
EPOCH_RESIDUAL_SKETCH epoch=1 reporter=911999B2AEFA7ACC66EBD802B3301FF6CE431405107749D940277955CB7FDD07 incomplete=false edits=106 complete=true t=1790149051192
EPOCH_RESIDUAL epoch=1 reporter=633D9D614858AB1710D5D8C3180E2A082DC97208BA8C26BA6C6D1A86C8E31CC0 votes=29200 derived=1027 complete=false sketch_cells=256 t=1790149051194
EPOCH_RESIDUAL_SKETCH epoch=1 reporter=633D9D614858AB1710D5D8C3180E2A082DC97208BA8C26BA6C6D1A86C8E31CC0 incomplete=false edits=106 complete=true t=1790149051196
EPOCH_RESIDUAL epoch=1 reporter=A353E45E6D0016CAEED0DFA4EC5B0640E2AA22A793F9F2375E77F1AB92977C04 votes=29862 derived=1027 complete=false sketch_cells=256 t=1790149051199
EPOCH_RESIDUAL_SKETCH epoch=1 reporter=A353E45E6D0016CAEED0DFA4EC5B0640E2AA22A793F9F2375E77F1AB92977C04 incomplete=false edits=106 complete=true t=1790149051200
EPOCH_RESIDUAL epoch=1 reporter=911999B2AEFA7ACC66EBD802B3301FF6CE431405107749D940277955CB7FDD07 votes=29854 derived=1027 complete=false sketch_cells=64 t=1790149051260
EPOCH_RESIDUAL epoch=1 reporter=65A90023F6C0D2181AAA63F005D81BBC0C04650505E21D5123F9AE1F9E992BFF votes=29857 derived=1022 complete=false sketch_cells=64 t=1790149051263
EPOCH_RESIDUAL_SKETCH epoch=1 reporter=911999B2AEFA7ACC66EBD802B3301FF6CE431405107749D940277955CB7FDD07 incomplete=true edits=0 complete=false t=1790149051263
EPOCH_RESIDUAL_SKETCH epoch=1 reporter=911999B2AEFA7ACC66EBD802B3301FF6CE431405107749D940277955CB7FDD07 incomplete=true edits=0 complete=false t=1790149051263
EPOCH_RESIDUAL_SKETCH epoch=1 reporter=65A90023F6C0D2181AAA63F005D81BBC0C04650505E21D5123F9AE1F9E992BFF incomplete=true edits=0 complete=false t=1790149051264
EPOCH_RESIDUAL_SKETCH epoch=1 reporter=65A90023F6C0D2181AAA63F005D81BBC0C04650505E21D5123F9AE1F9E992BFF incomplete=true edits=0 complete=false t=1790149051264
EPOCH_RESIDUAL epoch=1 reporter=633D9D614858AB1710D5D8C3180E2A082DC97208BA8C26BA6C6D1A86C8E31CC0 votes=29200 derived=1027 complete=false sketch_cells=64 t=1790149051266
EPOCH_RESIDUAL_SKETCH epoch=1 reporter=633D9D614858AB1710D5D8C3180E2A082DC97208BA8C26BA6C6D1A86C8E31CC0 incomplete=true edits=0 complete=false t=1790149051267
EPOCH_RESIDUAL_SKETCH epoch=1 reporter=633D9D614858AB1710D5D8C3180E2A082DC97208BA8C26BA6C6D1A86C8E31CC0 incomplete=true edits=0 complete=false t=1790149051267
EPOCH_RESIDUAL_SKETCH epoch=1 reporter=633D9D614858AB1710D5D8C3180E2A082DC97208BA8C26BA6C6D1A86C8E31CC0 incomplete=true edits=0 complete=false t=1790149051267
EPOCH_RESIDUAL epoch=1 reporter=A353E45E6D0016CAEED0DFA4EC5B0640E2AA22A793F9F2375E77F1AB92977C04 votes=29862 derived=1027 complete=false sketch_cells=64 t=1790149051270
EPOCH_RESIDUAL_SKETCH epoch=1 reporter=A353E45E6D0016CAEED0DFA4EC5B0640E2AA22A793F9F2375E77F1AB92977C04 incomplete=true edits=0 complete=false t=1790149051270
EPOCH_RESIDUAL_SKETCH epoch=1 reporter=A353E45E6D0016CAEED0DFA4EC5B0640E2AA22A793F9F2375E77F1AB92977C04 incomplete=true edits=0 complete=false t=1790149051270
EPOCH_RESIDUAL_SKETCH epoch=1 reporter=A353E45E6D0016CAEED0DFA4EC5B0640E2AA22A793F9F2375E77F1AB92977C04 incomplete=true edits=0 complete=false t=1790149051271
EPOCH_RESIDUAL epoch=1 reporter=911999B2AEFA7ACC66EBD802B3301FF6CE431405107749D940277955CB7FDD07 votes=29853 derived=1026 complete=false sketch_cells=256 t=1790149051290
EPOCH_RESIDUAL epoch=1 reporter=65A90023F6C0D2181AAA63F005D81BBC0C04650505E21D5123F9AE1F9E992BFF votes=29861 derived=1026 complete=false sketch_cells=256 t=1790149051293
EPOCH_RESIDUAL_SKETCH epoch=1 reporter=911999B2AEFA7ACC66EBD802B3301FF6CE431405107749D940277955CB7FDD07 incomplete=false edits=107 complete=true t=1790149051294
EPOCH_RECONCILED epoch=1 reporter=D315857CE70C54DE713F6E82E5613BB3A1266C15E28AD2F4338C7BBEC456F532 complete=false entries=23 total=14430 t=1790149051294
EPOCH_RESIDUAL_SKETCH epoch=1 reporter=65A90023F6C0D2181AAA63F005D81BBC0C04650505E21D5123F9AE1F9E992BFF incomplete=false edits=106 complete=true t=1790149051296
EPOCH_RESIDUAL epoch=1 reporter=633D9D614858AB1710D5D8C3180E2A082DC97208BA8C26BA6C6D1A86C8E31CC0 votes=29200 derived=1027 complete=false sketch_cells=256 t=1790149051328
EPOCH_RESIDUAL epoch=1 reporter=911999B2AEFA7ACC66EBD802B3301FF6CE431405107749D940277955CB7FDD07 votes=29854 derived=1027 complete=false sketch_cells=256 t=1790149051331
EPOCH_RECONCILED epoch=1 reporter=D315857CE70C54DE713F6E82E5613BB3A1266C15E28AD2F4338C7BBEC456F532 complete=false entries=23 total=14430 t=1790149051332
EPOCH_RESIDUAL_SKETCH epoch=1 reporter=633D9D614858AB1710D5D8C3180E2A082DC97208BA8C26BA6C6D1A86C8E31CC0 incomplete=false edits=106 complete=true t=1790149051332
EPOCH_RESIDUAL_SKETCH epoch=1 reporter=911999B2AEFA7ACC66EBD802B3301FF6CE431405107749D940277955CB7FDD07 incomplete=false edits=106 complete=true t=1790149051334
EPOCH_RESIDUAL epoch=1 reporter=65A90023F6C0D2181AAA63F005D81BBC0C04650505E21D5123F9AE1F9E992BFF votes=29861 derived=1026 complete=false sketch_cells=256 t=1790149051336
EPOCH_RESIDUAL_SKETCH epoch=1 reporter=65A90023F6C0D2181AAA63F005D81BBC0C04650505E21D5123F9AE1F9E992BFF incomplete=false edits=106 complete=true t=1790149051338
EPOCH_RESIDUAL epoch=1 reporter=D315857CE70C54DE713F6E82E5613BB3A1266C15E28AD2F4338C7BBEC456F532 votes=29858 derived=1004 complete=false sketch_cells=64 t=1790149051390
EPOCH_RESIDUAL_SKETCH epoch=1 reporter=D315857CE70C54DE713F6E82E5613BB3A1266C15E28AD2F4338C7BBEC456F532 incomplete=true edits=0 complete=false t=1790149051390
EPOCH_RECONCILED epoch=1 reporter=D315857CE70C54DE713F6E82E5613BB3A1266C15E28AD2F4338C7BBEC456F532 complete=false entries=23 total=14430 t=1790149051504
EPOCH_RESIDUAL epoch=1 reporter=911999B2AEFA7ACC66EBD802B3301FF6CE431405107749D940277955CB7FDD07 votes=29854 derived=1027 complete=false sketch_cells=1024 t=1790149051568
EPOCH_RESIDUAL epoch=1 reporter=65A90023F6C0D2181AAA63F005D81BBC0C04650505E21D5123F9AE1F9E992BFF votes=29857 derived=1022 complete=false sketch_cells=1024 t=1790149051572
EPOCH_RESIDUAL_SKETCH epoch=1 reporter=911999B2AEFA7ACC66EBD802B3301FF6CE431405107749D940277955CB7FDD07 incomplete=false edits=106 complete=true t=1790149051573
EPOCH_RESIDUAL epoch=1 reporter=633D9D614858AB1710D5D8C3180E2A082DC97208BA8C26BA6C6D1A86C8E31CC0 votes=29200 derived=1027 complete=false sketch_cells=1024 t=1790149051575
EPOCH_RESIDUAL_SKETCH epoch=1 reporter=65A90023F6C0D2181AAA63F005D81BBC0C04650505E21D5123F9AE1F9E992BFF incomplete=false edits=110 complete=true t=1790149051576
EPOCH_RESIDUAL_SKETCH epoch=1 reporter=633D9D614858AB1710D5D8C3180E2A082DC97208BA8C26BA6C6D1A86C8E31CC0 incomplete=false edits=106 complete=true t=1790149051578
EPOCH_RESIDUAL epoch=1 reporter=A353E45E6D0016CAEED0DFA4EC5B0640E2AA22A793F9F2375E77F1AB92977C04 votes=29862 derived=1027 complete=false sketch_cells=1024 t=1790149051580
EPOCH_RESIDUAL_SKETCH epoch=1 reporter=A353E45E6D0016CAEED0DFA4EC5B0640E2AA22A793F9F2375E77F1AB92977C04 incomplete=false edits=106 complete=true t=1790149051584
EPOCH_RESIDUAL epoch=1 reporter=A353E45E6D0016CAEED0DFA4EC5B0640E2AA22A793F9F2375E77F1AB92977C04 votes=29862 derived=1027 complete=false sketch_cells=256 t=1790149051595
EPOCH_RESIDUAL epoch=1 reporter=D315857CE70C54DE713F6E82E5613BB3A1266C15E28AD2F4338C7BBEC456F532 votes=29857 derived=1003 complete=false sketch_cells=64 t=1790149051598
EPOCH_RESIDUAL_SKETCH epoch=1 reporter=A353E45E6D0016CAEED0DFA4EC5B0640E2AA22A793F9F2375E77F1AB92977C04 incomplete=false edits=106 complete=true t=1790149051599
EPOCH_RESIDUAL_SKETCH epoch=1 reporter=D315857CE70C54DE713F6E82E5613BB3A1266C15E28AD2F4338C7BBEC456F532 incomplete=true edits=0 complete=false t=1790149051600
EPOCH_RESIDUAL epoch=1 reporter=D315857CE70C54DE713F6E82E5613BB3A1266C15E28AD2F4338C7BBEC456F532 votes=29858 derived=1004 complete=false sketch_cells=64 t=1790149051648
EPOCH_RESIDUAL_SKETCH epoch=1 reporter=D315857CE70C54DE713F6E82E5613BB3A1266C15E28AD2F4338C7BBEC456F532 incomplete=true edits=0 complete=false t=1790149051649
EPOCH_RESIDUAL epoch=1 reporter=D315857CE70C54DE713F6E82E5613BB3A1266C15E28AD2F4338C7BBEC456F532 votes=29858 derived=1004 complete=false sketch_cells=256 t=1790149051707
EPOCH_RESIDUAL_SKETCH epoch=1 reporter=D315857CE70C54DE713F6E82E5613BB3A1266C15E28AD2F4338C7BBEC456F532 incomplete=false edits=106 complete=true t=1790149051708
EPOCH_CLOSE_READY epoch=1 t=1790149051712
EPOCH_RESIDUAL epoch=1 reporter=D315857CE70C54DE713F6E82E5613BB3A1266C15E28AD2F4338C7BBEC456F532 votes=29858 derived=1004 complete=false sketch_cells=64 t=1790149051777
EPOCH_RESIDUAL_SKETCH epoch=1 reporter=D315857CE70C54DE713F6E82E5613BB3A1266C15E28AD2F4338C7BBEC456F532 incomplete=true edits=0 complete=false t=1790149051778
EPOCH_RESIDUAL_SKETCH epoch=1 reporter=D315857CE70C54DE713F6E82E5613BB3A1266C15E28AD2F4338C7BBEC456F532 incomplete=true edits=0 complete=false t=1790149051778
[2m2026-09-23T07:37:31.837590Z[0m [32m INFO[0m [2mnanospam::app[0m[2m:[0m Confirmed 29,769 blocks | 2,000 bps | 0 cps | avg conf time: 0 ms
EPOCH_CLOSE_READY epoch=1 t=1790149051857
EPOCH_RESIDUAL epoch=1 reporter=D315857CE70C54DE713F6E82E5613BB3A1266C15E28AD2F4338C7BBEC456F532 votes=29857 derived=1003 complete=false sketch_cells=256 t=1790149051907
EPOCH_RESIDUAL_SKETCH epoch=1 reporter=D315857CE70C54DE713F6E82E5613BB3A1266C15E28AD2F4338C7BBEC456F532 incomplete=false edits=107 complete=true t=1790149051908
EPOCH_CLOSE_READY epoch=1 t=1790149051915
EPOCH_CLOSE_ROUND epoch=1 round=0 leader=65A90023F6C0D2181AAA63F005D81BBC0C04650505E21D5123F9AE1F9E992BFF leads=false t=1790149051961
EPOCH_RESIDUAL epoch=1 reporter=D315857CE70C54DE713F6E82E5613BB3A1266C15E28AD2F4338C7BBEC456F532 votes=29858 derived=1004 complete=false sketch_cells=256 t=1790149051994
EPOCH_RESIDUAL_SKETCH epoch=1 reporter=D315857CE70C54DE713F6E82E5613BB3A1266C15E28AD2F4338C7BBEC456F532 incomplete=false edits=106 complete=true t=1790149051996
EPOCH_CLOSE_READY epoch=1 t=1790149051998
EPOCH_RESIDUAL epoch=1 reporter=D315857CE70C54DE713F6E82E5613BB3A1266C15E28AD2F4338C7BBEC456F532 votes=29858 derived=1004 complete=false sketch_cells=1024 t=1790149052089
EPOCH_RESIDUAL_SKETCH epoch=1 reporter=D315857CE70C54DE713F6E82E5613BB3A1266C15E28AD2F4338C7BBEC456F532 incomplete=false edits=106 complete=true t=1790149052091
EPOCH_CLOSE_READY epoch=1 t=1790149052093
EPOCH_CLOSE_ROUND epoch=1 round=0 leader=65A90023F6C0D2181AAA63F005D81BBC0C04650505E21D5123F9AE1F9E992BFF leads=false t=1790149052150
EPOCH_CLOSE_ROUND epoch=1 round=0 leader=65A90023F6C0D2181AAA63F005D81BBC0C04650505E21D5123F9AE1F9E992BFF leads=false t=1790149052183
EPOCH_PROPOSED epoch=1 round=0 value=820B7677BFDED6CD8D9A4ADB7E9B00D81676CE635AD3CF42350510C2F10D516B state=4FC779E9CA53D7CCB762B819ADD4D3A913D0898959249F38595B90E6C1629154 reports=5 t=1790149052202
EPOCH_VALUE epoch=1 value=820B7677BFDED6CD8D9A4ADB7E9B00D81676CE635AD3CF42350510C2F10D516B state=4FC779E9CA53D7CCB762B819ADD4D3A913D0898959249F38595B90E6C1629154 t=1790149052202
EPOCH_CLOSE_ROUND epoch=1 round=0 leader=65A90023F6C0D2181AAA63F005D81BBC0C04650505E21D5123F9AE1F9E992BFF leads=false t=1790149052226
EPOCH_CLOSE_ROUND epoch=1 round=0 leader=65A90023F6C0D2181AAA63F005D81BBC0C04650505E21D5123F9AE1F9E992BFF leads=true t=1790149052363
EPOCH_VALUE epoch=1 value=820B7677BFDED6CD8D9A4ADB7E9B00D81676CE635AD3CF42350510C2F10D516B state=4FC779E9CA53D7CCB762B819ADD4D3A913D0898959249F38595B90E6C1629154 t=1790149052419
EPOCH_VALUE epoch=1 value=820B7677BFDED6CD8D9A4ADB7E9B00D81676CE635AD3CF42350510C2F10D516B state=4FC779E9CA53D7CCB762B819ADD4D3A913D0898959249F38595B90E6C1629154 t=1790149052477
EPOCH_VALUE epoch=1 value=820B7677BFDED6CD8D9A4ADB7E9B00D81676CE635AD3CF42350510C2F10D516B state=4FC779E9CA53D7CCB762B819ADD4D3A913D0898959249F38595B90E6C1629154 t=1790149052496
EPOCH_VALUE epoch=1 value=820B7677BFDED6CD8D9A4ADB7E9B00D81676CE635AD3CF42350510C2F10D516B state=4FC779E9CA53D7CCB762B819ADD4D3A913D0898959249F38595B90E6C1629154 t=1790149052520
EPOCH_CLOSE_ROUND epoch=1 round=1 leader=735FE217D91E88EA82324C5883296385FA0041C2FAC85C827BAA46DA1E14B83F leads=false t=1790149052757
[2m2026-09-23T07:37:32.838339Z[0m [32m INFO[0m [2mnanospam::app[0m[2m:[0m Confirmed 29,769 blocks | 2,000 bps | 0 cps | avg conf time: 0 ms
EPOCH_FRONTIER_MISSING epoch=1 accounts=1573 : blocks this node does not hold t=1790149052988
EPOCH_FRONTIER_MISSING epoch=1 accounts=1573 : blocks this node does not hold t=1790149052991
EPOCH_INSTALL epoch=1 finalized=15347 instances_confirmed=801 t=1790149052994
EPOCH_INSTALL epoch=1 finalized=15347 instances_confirmed=801 t=1790149052998
EPOCH_FRONTIER_MISSING epoch=1 accounts=1573 : blocks this node does not hold t=1790149053001
EPOCH_COMMITTEE derived_by=1 members=6 accounts=10925 n=318484953588766296340625440633910250417 digest=A5E4A423413D725714FD98519AA6D3FB14BB69D205D1104863BE4E03EA69673D shares=["D315857C:19.5%", "911999B2:19.3%", "735FE217:15.9%", "A353E45E:15.3%", "65A90023:15.3%", "633D9D61:14.8%"] t=1790149053002
EPOCH_OMITTED epoch=1 instances=155 retained=0 t=1790149053003
EPOCH_FRONTIER_MISSING epoch=1 accounts=1573 : blocks this node does not hold t=1790149053005
EPOCH_COMMITTEE derived_by=1 members=6 accounts=10925 n=318484953588766296340625440633910250417 digest=A5E4A423413D725714FD98519AA6D3FB14BB69D205D1104863BE4E03EA69673D shares=["D315857C:19.5%", "911999B2:19.3%", "735FE217:15.9%", "A353E45E:15.3%", "65A90023:15.3%", "633D9D61:14.8%"] t=1790149053006
EPOCH_OMITTED epoch=1 instances=155 retained=0 t=1790149053006
EPOCH_FRONTIER_MISSING epoch=1 accounts=1573 : blocks this node does not hold t=1790149053009
EPOCH_INSTALL epoch=1 finalized=15347 instances_confirmed=801 t=1790149053012
EPOCH_INSTALL epoch=1 finalized=15347 instances_confirmed=801 t=1790149053013
EPOCH_INSTALL epoch=1 finalized=15347 instances_confirmed=801 t=1790149053018
EPOCH_COMMITTEE derived_by=1 members=6 accounts=10925 n=318484953588766296340625440633910250417 digest=A5E4A423413D725714FD98519AA6D3FB14BB69D205D1104863BE4E03EA69673D shares=["D315857C:19.5%", "911999B2:19.3%", "735FE217:15.9%", "A353E45E:15.3%", "65A90023:15.3%", "633D9D61:14.8%"] t=1790149053022
EPOCH_OMITTED epoch=1 instances=155 retained=0 t=1790149053022
EPOCH_COMMITTEE derived_by=1 members=6 accounts=10925 n=318484953588766296340625440633910250417 digest=A5E4A423413D725714FD98519AA6D3FB14BB69D205D1104863BE4E03EA69673D shares=["D315857C:19.5%", "911999B2:19.3%", "735FE217:15.9%", "A353E45E:15.3%", "65A90023:15.3%", "633D9D61:14.8%"] t=1790149053025
EPOCH_OMITTED epoch=1 instances=155 retained=0 t=1790149053025
EPOCH_GATE epoch=2 released=4039 finalized=3442 t=1790149053028
EPOCH_CLOSED epoch=1 round=0 value=820B7677BFDED6CD8D9A4ADB7E9B00D81676CE635AD3CF42350510C2F10D516B state=4FC779E9CA53D7CCB762B819ADD4D3A913D0898959249F38595B90E6C1629154 t=1790149053028
EPOCH_COMMITTEE derived_by=1 members=6 accounts=10925 n=318484953588766296340625440633910250417 digest=A5E4A423413D725714FD98519AA6D3FB14BB69D205D1104863BE4E03EA69673D shares=["D315857C:19.5%", "911999B2:19.3%", "735FE217:15.9%", "A353E45E:15.3%", "65A90023:15.3%", "633D9D61:14.8%"] t=1790149053031
EPOCH_OMITTED epoch=1 instances=155 retained=0 t=1790149053031
EPOCH_GATE epoch=2 released=4034 finalized=3442 t=1790149053032
EPOCH_CLOSED epoch=1 round=0 value=820B7677BFDED6CD8D9A4ADB7E9B00D81676CE635AD3CF42350510C2F10D516B state=4FC779E9CA53D7CCB762B819ADD4D3A913D0898959249F38595B90E6C1629154 t=1790149053032
EPOCH_GATE epoch=2 released=4039 finalized=3442 t=1790149053045
EPOCH_CLOSED epoch=1 round=0 value=820B7677BFDED6CD8D9A4ADB7E9B00D81676CE635AD3CF42350510C2F10D516B state=4FC779E9CA53D7CCB762B819ADD4D3A913D0898959249F38595B90E6C1629154 t=1790149053045
EPOCH_GATE epoch=2 released=4039 finalized=3442 t=1790149053055
EPOCH_CLOSED epoch=1 round=0 value=820B7677BFDED6CD8D9A4ADB7E9B00D81676CE635AD3CF42350510C2F10D516B state=4FC779E9CA53D7CCB762B819ADD4D3A913D0898959249F38595B90E6C1629154 t=1790149053055
EPOCH_INSTALLED epoch=1 finalized=15347 cemented=14600 queued=71 missing=676 t=1790149053111
EPOCH_INSTALLED epoch=1 finalized=15347 cemented=14604 queued=676 missing=67 t=1790149053201
EPOCH_INSTALLED epoch=1 finalized=15347 cemented=15047 queued=252 missing=48 t=1790149053270
EPOCH_INSTALLED epoch=1 finalized=15347 cemented=14617 queued=57 missing=673 t=1790149053288
EPOCH_GATE epoch=2 released=4039 finalized=3442 t=1790149053671
EPOCH_CLOSED epoch=1 round=0 value=820B7677BFDED6CD8D9A4ADB7E9B00D81676CE635AD3CF42350510C2F10D516B state=4FC779E9CA53D7CCB762B819ADD4D3A913D0898959249F38595B90E6C1629154 t=1790149053673
[2m2026-09-23T07:37:33.839183Z[0m [32m INFO[0m [2mnanospam::app[0m[2m:[0m Confirmed 33,490 blocks | 2,000 bps | 3,717 cps | avg conf time: 1809 ms
EPOCH_INSTALLED epoch=1 finalized=15347 cemented=14619 queued=723 missing=5 t=1790149053896
[2m2026-09-23T07:37:34.840190Z[0m [32m INFO[0m [2mnanospam::app[0m[2m:[0m Confirmed 37,143 blocks | 2,000 bps | 3,649 cps | avg conf time: 556 ms
[2m2026-09-23T07:37:35.841189Z[0m [32m INFO[0m [2mnanospam::app[0m[2m:[0m Confirmed 39,002 blocks | 2,000 bps | 1,857 cps | avg conf time: 103 ms
[2m2026-09-23T07:37:36.842171Z[0m [32m INFO[0m [2mnanospam::app[0m[2m:[0m Confirmed 40,870 blocks | 2,000 bps | 1,866 cps | avg conf time: 98 ms
[2m2026-09-23T07:37:37.843084Z[0m [32m INFO[0m [2mnanospam::app[0m[2m:[0m Confirmed 42,571 blocks | 2,000 bps | 1,699 cps | avg conf time: 97 ms
EPOCH_ENDED epoch=2 elections=720 active=655 t=1790149058665
EPOCH_ADVANCED epoch=3 elections=720 active=655 vote_records=435872 t=1790149058683
EPOCH_ENDED epoch=2 elections=718 active=653 t=1790149058693
EPOCH_ENDED epoch=2 elections=717 active=652 t=1790149058693
EPOCH_ENDED epoch=2 elections=719 active=654 t=1790149058693
EPOCH_ENDED epoch=2 elections=719 active=654 t=1790149058693
EPOCH_REPORT epoch=2 certified=12954 residual=806 root=168BECA66F7B966F53720DC24B98BEF9DC20B6A0FE1DAE3EF9AB14B4ECB8E15E reports=1 t=1790149058694
EPOCH_ADVANCED epoch=3 elections=717 active=652 vote_records=435872 t=1790149058711
EPOCH_ADVANCED epoch=3 elections=718 active=653 vote_records=435875 t=1790149058711
EPOCH_ADVANCED epoch=3 elections=719 active=654 vote_records=435879 t=1790149058712
EPOCH_ADVANCED epoch=3 elections=719 active=654 vote_records=435895 t=1790149058713
EPOCH_REPORT epoch=2 certified=12954 residual=806 root=168BECA66F7B966F53720DC24B98BEF9DC20B6A0FE1DAE3EF9AB14B4ECB8E15E reports=1 t=1790149058721
EPOCH_REPORT epoch=2 certified=12954 residual=807 root=168BECA66F7B966F53720DC24B98BEF9DC20B6A0FE1DAE3EF9AB14B4ECB8E15E reports=1 t=1790149058721
EPOCH_REPORT epoch=2 certified=12954 residual=806 root=168BECA66F7B966F53720DC24B98BEF9DC20B6A0FE1DAE3EF9AB14B4ECB8E15E reports=1 t=1790149058722
EPOCH_REPORT epoch=2 certified=12954 residual=806 root=168BECA66F7B966F53720DC24B98BEF9DC20B6A0FE1DAE3EF9AB14B4ECB8E15E reports=1 t=1790149058722
EPOCH_RECONCILED epoch=2 reporter=A353E45E6D0016CAEED0DFA4EC5B0640E2AA22A793F9F2375E77F1AB92977C04 complete=false entries=0 total=12954 t=1790149058734
EPOCH_RESIDUAL epoch=2 reporter=A353E45E6D0016CAEED0DFA4EC5B0640E2AA22A793F9F2375E77F1AB92977C04 votes=26465 derived=807 complete=false sketch_cells=64 t=1790149058737
EPOCH_RECONCILED epoch=2 reporter=911999B2AEFA7ACC66EBD802B3301FF6CE431405107749D940277955CB7FDD07 complete=false entries=0 total=12954 t=1790149058737
EPOCH_RESIDUAL_SKETCH epoch=2 reporter=A353E45E6D0016CAEED0DFA4EC5B0640E2AA22A793F9F2375E77F1AB92977C04 incomplete=true edits=0 complete=false t=1790149058737
EPOCH_RESIDUAL epoch=2 reporter=911999B2AEFA7ACC66EBD802B3301FF6CE431405107749D940277955CB7FDD07 votes=26714 derived=806 complete=false sketch_cells=64 t=1790149058740
EPOCH_RECONCILED epoch=2 reporter=633D9D614858AB1710D5D8C3180E2A082DC97208BA8C26BA6C6D1A86C8E31CC0 complete=false entries=0 total=12954 t=1790149058740
EPOCH_RESIDUAL_SKETCH epoch=2 reporter=911999B2AEFA7ACC66EBD802B3301FF6CE431405107749D940277955CB7FDD07 incomplete=true edits=0 complete=false t=1790149058740
EPOCH_RESIDUAL_SKETCH epoch=2 reporter=911999B2AEFA7ACC66EBD802B3301FF6CE431405107749D940277955CB7FDD07 incomplete=true edits=0 complete=false t=1790149058740
EPOCH_RESIDUAL epoch=2 reporter=633D9D614858AB1710D5D8C3180E2A082DC97208BA8C26BA6C6D1A86C8E31CC0 votes=26360 derived=806 complete=false sketch_cells=64 t=1790149058743
EPOCH_RECONCILED epoch=2 reporter=D315857CE70C54DE713F6E82E5613BB3A1266C15E28AD2F4338C7BBEC456F532 complete=false entries=0 total=12954 t=1790149058743
EPOCH_RESIDUAL_SKETCH epoch=2 reporter=633D9D614858AB1710D5D8C3180E2A082DC97208BA8C26BA6C6D1A86C8E31CC0 incomplete=true edits=0 complete=false t=1790149058743
EPOCH_RESIDUAL epoch=2 reporter=D315857CE70C54DE713F6E82E5613BB3A1266C15E28AD2F4338C7BBEC456F532 votes=26715 derived=807 complete=false sketch_cells=64 t=1790149058745
EPOCH_RESIDUAL_SKETCH epoch=2 reporter=911999B2AEFA7ACC66EBD802B3301FF6CE431405107749D940277955CB7FDD07 incomplete=true edits=0 complete=false t=1790149058746
EPOCH_RESIDUAL_SKETCH epoch=2 reporter=911999B2AEFA7ACC66EBD802B3301FF6CE431405107749D940277955CB7FDD07 incomplete=true edits=0 complete=false t=1790149058746
EPOCH_CLOSE_UNREADY epoch=2 short_of=reports usable=1 weight=48732093555073123142857882013541711662 required=264411535882872826085054145024052530214 held=5 theirs=["A353E45E:168BECA6:FB6612B4", "911999B2:168BECA6:C2E1CBA2", "633D9D61:168BECA6:7E98CC7D", "D315857C:168BECA6:C2E1CBA2", "65A90023:168BECA6:72A78AAC"] t=1790149058750
EPOCH_RECONCILED epoch=2 reporter=A353E45E6D0016CAEED0DFA4EC5B0640E2AA22A793F9F2375E77F1AB92977C04 complete=false entries=0 total=12954 t=1790149058823
EPOCH_RESIDUAL epoch=2 reporter=A353E45E6D0016CAEED0DFA4EC5B0640E2AA22A793F9F2375E77F1AB92977C04 votes=26462 derived=804 complete=false sketch_cells=64 t=1790149058826
EPOCH_RECONCILED epoch=2 reporter=65A90023F6C0D2181AAA63F005D81BBC0C04650505E21D5123F9AE1F9E992BFF complete=false entries=0 total=12954 t=1790149058826
EPOCH_RESIDUAL_SKETCH epoch=2 reporter=A353E45E6D0016CAEED0DFA4EC5B0640E2AA22A793F9F2375E77F1AB92977C04 incomplete=true edits=0 complete=false t=1790149058826
EPOCH_RESIDUAL epoch=2 reporter=65A90023F6C0D2181AAA63F005D81BBC0C04650505E21D5123F9AE1F9E992BFF votes=26713 derived=809 complete=false sketch_cells=64 t=1790149058829
EPOCH_RECONCILED epoch=2 reporter=911999B2AEFA7ACC66EBD802B3301FF6CE431405107749D940277955CB7FDD07 complete=false entries=0 total=12954 t=1790149058829
EPOCH_RESIDUAL_SKETCH epoch=2 reporter=65A90023F6C0D2181AAA63F005D81BBC0C04650505E21D5123F9AE1F9E992BFF incomplete=true edits=0 complete=false t=1790149058829
EPOCH_RESIDUAL epoch=2 reporter=911999B2AEFA7ACC66EBD802B3301FF6CE431405107749D940277955CB7FDD07 votes=26714 derived=806 complete=false sketch_cells=64 t=1790149058834
EPOCH_RECONCILED epoch=2 reporter=633D9D614858AB1710D5D8C3180E2A082DC97208BA8C26BA6C6D1A86C8E31CC0 complete=false entries=0 total=12954 t=1790149058834
EPOCH_RESIDUAL_SKETCH epoch=2 reporter=911999B2AEFA7ACC66EBD802B3301FF6CE431405107749D940277955CB7FDD07 incomplete=true edits=0 complete=false t=1790149058834
EPOCH_RESIDUAL_SKETCH epoch=2 reporter=911999B2AEFA7ACC66EBD802B3301FF6CE431405107749D940277955CB7FDD07 incomplete=true edits=0 complete=false t=1790149058834
EPOCH_RESIDUAL epoch=2 reporter=633D9D614858AB1710D5D8C3180E2A082DC97208BA8C26BA6C6D1A86C8E31CC0 votes=26360 derived=806 complete=false sketch_cells=64 t=1790149058837
EPOCH_RESIDUAL_SKETCH epoch=2 reporter=633D9D614858AB1710D5D8C3180E2A082DC97208BA8C26BA6C6D1A86C8E31CC0 incomplete=true edits=0 complete=false t=1790149058838
EPOCH_CLOSE_UNREADY epoch=2 short_of=reports usable=1 weight=62694821487138986319568155256922685922 required=264411535882872826085054145024052530214 held=5 theirs=["A353E45E:168BECA6:FB6612B4", "65A90023:168BECA6:72A78AAC", "911999B2:168BECA6:C2E1CBA2", "D315857C:168BECA6:C2E1CBA2", "633D9D61:168BECA6:7E98CC7D"] t=1790149058842
[2m2026-09-23T07:37:38.845609Z[0m [32m INFO[0m [2mnanospam::app[0m[2m:[0m Confirmed 42,792 blocks | 2,000 bps | 220 cps | avg conf time: 99 ms
EPOCH_RECONCILED epoch=2 reporter=65A90023F6C0D2181AAA63F005D81BBC0C04650505E21D5123F9AE1F9E992BFF complete=false entries=0 total=12954 t=1790149058907
EPOCH_RECONCILED epoch=2 reporter=911999B2AEFA7ACC66EBD802B3301FF6CE431405107749D940277955CB7FDD07 complete=false entries=0 total=12954 t=1790149058910
EPOCH_RESIDUAL epoch=2 reporter=65A90023F6C0D2181AAA63F005D81BBC0C04650505E21D5123F9AE1F9E992BFF votes=26710 derived=806 complete=false sketch_cells=64 t=1790149058910
EPOCH_RECONCILED epoch=2 reporter=633D9D614858AB1710D5D8C3180E2A082DC97208BA8C26BA6C6D1A86C8E31CC0 complete=false entries=0 total=12954 t=1790149058911
EPOCH_RESIDUAL_SKETCH epoch=2 reporter=65A90023F6C0D2181AAA63F005D81BBC0C04650505E21D5123F9AE1F9E992BFF incomplete=true edits=0 complete=false t=1790149058911
EPOCH_RESIDUAL epoch=2 reporter=911999B2AEFA7ACC66EBD802B3301FF6CE431405107749D940277955CB7FDD07 votes=26715 derived=807 complete=false sketch_cells=64 t=1790149058913
EPOCH_RECONCILED epoch=2 reporter=65A90023F6C0D2181AAA63F005D81BBC0C04650505E21D5123F9AE1F9E992BFF complete=false entries=0 total=12954 t=1790149058913
EPOCH_RESIDUAL_SKETCH epoch=2 reporter=911999B2AEFA7ACC66EBD802B3301FF6CE431405107749D940277955CB7FDD07 incomplete=true edits=0 complete=false t=1790149058913
EPOCH_RESIDUAL_SKETCH epoch=2 reporter=911999B2AEFA7ACC66EBD802B3301FF6CE431405107749D940277955CB7FDD07 incomplete=true edits=0 complete=false t=1790149058913
EPOCH_RESIDUAL epoch=2 reporter=633D9D614858AB1710D5D8C3180E2A082DC97208BA8C26BA6C6D1A86C8E31CC0 votes=26360 derived=806 complete=false sketch_cells=64 t=1790149058914
EPOCH_RECONCILED epoch=2 reporter=D315857CE70C54DE713F6E82E5613BB3A1266C15E28AD2F4338C7BBEC456F532 complete=false entries=0 total=12954 t=1790149058914
EPOCH_RESIDUAL epoch=2 reporter=65A90023F6C0D2181AAA63F005D81BBC0C04650505E21D5123F9AE1F9E992BFF votes=26704 derived=800 complete=false sketch_cells=64 t=1790149058916
EPOCH_RECONCILED epoch=2 reporter=A353E45E6D0016CAEED0DFA4EC5B0640E2AA22A793F9F2375E77F1AB92977C04 complete=false entries=0 total=12954 t=1790149058916
EPOCH_RESIDUAL_SKETCH epoch=2 reporter=65A90023F6C0D2181AAA63F005D81BBC0C04650505E21D5123F9AE1F9E992BFF incomplete=true edits=0 complete=false t=1790149058916
EPOCH_RESIDUAL epoch=2 reporter=D315857CE70C54DE713F6E82E5613BB3A1266C15E28AD2F4338C7BBEC456F532 votes=26702 derived=794 complete=false sketch_cells=64 t=1790149058917
EPOCH_RESIDUAL_SKETCH epoch=2 reporter=633D9D614858AB1710D5D8C3180E2A082DC97208BA8C26BA6C6D1A86C8E31CC0 incomplete=true edits=0 complete=false t=1790149058917
EPOCH_RECONCILED epoch=2 reporter=911999B2AEFA7ACC66EBD802B3301FF6CE431405107749D940277955CB7FDD07 complete=false entries=0 total=12954 t=1790149058917
EPOCH_RESIDUAL_SKETCH epoch=2 reporter=D315857CE70C54DE713F6E82E5613BB3A1266C15E28AD2F4338C7BBEC456F532 incomplete=true edits=0 complete=false t=1790149058917
EPOCH_RESIDUAL_SKETCH epoch=2 reporter=D315857CE70C54DE713F6E82E5613BB3A1266C15E28AD2F4338C7BBEC456F532 incomplete=true edits=0 complete=false t=1790149058917
EPOCH_RESIDUAL epoch=2 reporter=A353E45E6D0016CAEED0DFA4EC5B0640E2AA22A793F9F2375E77F1AB92977C04 votes=26462 derived=804 complete=false sketch_cells=64 t=1790149058919
EPOCH_RECONCILED epoch=2 reporter=D315857CE70C54DE713F6E82E5613BB3A1266C15E28AD2F4338C7BBEC456F532 complete=false entries=0 total=12954 t=1790149058920
EPOCH_RESIDUAL epoch=2 reporter=911999B2AEFA7ACC66EBD802B3301FF6CE431405107749D940277955CB7FDD07 votes=26709 derived=801 complete=false sketch_cells=64 t=1790149058920
EPOCH_RESIDUAL_SKETCH epoch=2 reporter=D315857CE70C54DE713F6E82E5613BB3A1266C15E28AD2F4338C7BBEC456F532 incomplete=true edits=0 complete=false t=1790149058921
EPOCH_RESIDUAL_SKETCH epoch=2 reporter=D315857CE70C54DE713F6E82E5613BB3A1266C15E28AD2F4338C7BBEC456F532 incomplete=true edits=0 complete=false t=1790149058921
EPOCH_RESIDUAL epoch=2 reporter=D315857CE70C54DE713F6E82E5613BB3A1266C15E28AD2F4338C7BBEC456F532 votes=26715 derived=807 complete=false sketch_cells=64 t=1790149058922
EPOCH_RESIDUAL_SKETCH epoch=2 reporter=A353E45E6D0016CAEED0DFA4EC5B0640E2AA22A793F9F2375E77F1AB92977C04 incomplete=true edits=0 complete=false t=1790149058922
EPOCH_RESIDUAL_SKETCH epoch=2 reporter=911999B2AEFA7ACC66EBD802B3301FF6CE431405107749D940277955CB7FDD07 incomplete=true edits=0 complete=false t=1790149058923
EPOCH_RESIDUAL_SKETCH epoch=2 reporter=911999B2AEFA7ACC66EBD802B3301FF6CE431405107749D940277955CB7FDD07 incomplete=true edits=0 complete=false t=1790149058923
EPOCH_CLOSE_UNREADY epoch=2 short_of=reports usable=1 weight=51466951645524191337549891881078275696 required=264411535882872826085054145024052530214 held=5 theirs=["A353E45E:168BECA6:FB6612B4", "65A90023:168BECA6:72A78AAC", "633D9D61:168BECA6:7E98CC7D", "D315857C:168BECA6:C2E1CBA2", "911999B2:168BECA6:C2E1CBA2"] t=1790149058925
EPOCH_CLOSE_UNREADY epoch=2 short_of=reports usable=1 weight=49480576670598666797856138289373755837 required=264411535882872826085054145024052530214 held=5 theirs=["633D9D61:168BECA6:7E98CC7D", "911999B2:168BECA6:C2E1CBA2", "65A90023:168BECA6:72A78AAC", "A353E45E:168BECA6:FB6612B4", "D315857C:168BECA6:C2E1CBA2"] t=1790149058927
EPOCH_RECONCILED epoch=2 reporter=65A90023F6C0D2181AAA63F005D81BBC0C04650505E21D5123F9AE1F9E992BFF complete=false entries=0 total=12954 t=1790149058952
EPOCH_RESIDUAL epoch=2 reporter=65A90023F6C0D2181AAA63F005D81BBC0C04650505E21D5123F9AE1F9E992BFF votes=26711 derived=807 complete=false sketch_cells=64 t=1790149058955
EPOCH_RECONCILED epoch=2 reporter=A353E45E6D0016CAEED0DFA4EC5B0640E2AA22A793F9F2375E77F1AB92977C04 complete=false entries=0 total=12954 t=1790149058955
EPOCH_RESIDUAL_SKETCH epoch=2 reporter=65A90023F6C0D2181AAA63F005D81BBC0C04650505E21D5123F9AE1F9E992BFF incomplete=true edits=0 complete=false t=1790149058955
EPOCH_RESIDUAL epoch=2 reporter=A353E45E6D0016CAEED0DFA4EC5B0640E2AA22A793F9F2375E77F1AB92977C04 votes=26466 derived=808 complete=false sketch_cells=64 t=1790149058958
EPOCH_RECONCILED epoch=2 reporter=633D9D614858AB1710D5D8C3180E2A082DC97208BA8C26BA6C6D1A86C8E31CC0 complete=false entries=0 total=12954 t=1790149058958
EPOCH_RESIDUAL_SKETCH epoch=2 reporter=A353E45E6D0016CAEED0DFA4EC5B0640E2AA22A793F9F2375E77F1AB92977C04 incomplete=true edits=0 complete=false t=1790149058958
EPOCH_RESIDUAL epoch=2 reporter=633D9D614858AB1710D5D8C3180E2A082DC97208BA8C26BA6C6D1A86C8E31CC0 votes=26360 derived=806 complete=false sketch_cells=64 t=1790149058961
EPOCH_RECONCILED epoch=2 reporter=D315857CE70C54DE713F6E82E5613BB3A1266C15E28AD2F4338C7BBEC456F532 complete=false entries=0 total=12954 t=1790149058961
EPOCH_RESIDUAL_SKETCH epoch=2 reporter=633D9D614858AB1710D5D8C3180E2A082DC97208BA8C26BA6C6D1A86C8E31CC0 incomplete=true edits=0 complete=false t=1790149058961
EPOCH_RESIDUAL epoch=2 reporter=D315857CE70C54DE713F6E82E5613BB3A1266C15E28AD2F4338C7BBEC456F532 votes=26715 derived=807 complete=false sketch_cells=64 t=1790149058964
EPOCH_RESIDUAL_SKETCH epoch=2 reporter=D315857CE70C54DE713F6E82E5613BB3A1266C15E28AD2F4338C7BBEC456F532 incomplete=true edits=0 complete=false t=1790149058964
EPOCH_RESIDUAL_SKETCH epoch=2 reporter=D315857CE70C54DE713F6E82E5613BB3A1266C15E28AD2F4338C7BBEC456F532 incomplete=true edits=0 complete=false t=1790149058964
EPOCH_CLOSE_UNREADY epoch=2 short_of=reports usable=1 weight=62739296113812562992587734863880345845 required=264411535882872826085054145024052530214 held=5 theirs=["65A90023:168BECA6:72A78AAC", "A353E45E:168BECA6:FB6612B4", "911999B2:168BECA6:C2E1CBA2", "633D9D61:168BECA6:7E98CC7D", "D315857C:168BECA6:C2E1CBA2"] t=1790149058969
EPOCH_RESIDUAL epoch=2 reporter=A353E45E6D0016CAEED0DFA4EC5B0640E2AA22A793F9F2375E77F1AB92977C04 votes=26465 derived=807 complete=false sketch_cells=256 t=1790149059038
EPOCH_RESIDUAL epoch=2 reporter=911999B2AEFA7ACC66EBD802B3301FF6CE431405107749D940277955CB7FDD07 votes=26714 derived=806 complete=false sketch_cells=1024 t=1790149059041
EPOCH_RESIDUAL_SKETCH epoch=2 reporter=A353E45E6D0016CAEED0DFA4EC5B0640E2AA22A793F9F2375E77F1AB92977C04 incomplete=false edits=127 complete=true t=1790149059041
EPOCH_RESIDUAL_SKETCH epoch=2 reporter=911999B2AEFA7ACC66EBD802B3301FF6CE431405107749D940277955CB7FDD07 incomplete=false edits=128 complete=true t=1790149059042
EPOCH_RESIDUAL_SKETCH epoch=2 reporter=D315857CE70C54DE713F6E82E5613BB3A1266C15E28AD2F4338C7BBEC456F532 incomplete=false edits=128 complete=true t=1790149059043
EPOCH_RESIDUAL epoch=2 reporter=633D9D614858AB1710D5D8C3180E2A082DC97208BA8C26BA6C6D1A86C8E31CC0 votes=26360 derived=806 complete=false sketch_cells=256 t=1790149059044
EPOCH_RESIDUAL_SKETCH epoch=2 reporter=633D9D614858AB1710D5D8C3180E2A082DC97208BA8C26BA6C6D1A86C8E31CC0 incomplete=false edits=126 complete=true t=1790149059045
EPOCH_CLOSE_READY epoch=2 t=1790149059050
EPOCH_RESIDUAL epoch=2 reporter=A353E45E6D0016CAEED0DFA4EC5B0640E2AA22A793F9F2375E77F1AB92977C04 votes=26462 derived=804 complete=false sketch_cells=256 t=1790149059131
EPOCH_RESIDUAL epoch=2 reporter=65A90023F6C0D2181AAA63F005D81BBC0C04650505E21D5123F9AE1F9E992BFF votes=26713 derived=809 complete=false sketch_cells=256 t=1790149059134
EPOCH_RESIDUAL_SKETCH epoch=2 reporter=A353E45E6D0016CAEED0DFA4EC5B0640E2AA22A793F9F2375E77F1AB92977C04 incomplete=false edits=132 complete=true t=1790149059134
EPOCH_RESIDUAL_SKETCH epoch=2 reporter=65A90023F6C0D2181AAA63F005D81BBC0C04650505E21D5123F9AE1F9E992BFF incomplete=false edits=128 complete=true t=1790149059135
EPOCH_RESIDUAL epoch=2 reporter=911999B2AEFA7ACC66EBD802B3301FF6CE431405107749D940277955CB7FDD07 votes=26714 derived=806 complete=false sketch_cells=1024 t=1790149059137
EPOCH_RESIDUAL_SKETCH epoch=2 reporter=911999B2AEFA7ACC66EBD802B3301FF6CE431405107749D940277955CB7FDD07 incomplete=false edits=126 complete=true t=1790149059138
EPOCH_RESIDUAL epoch=2 reporter=633D9D614858AB1710D5D8C3180E2A082DC97208BA8C26BA6C6D1A86C8E31CC0 votes=26360 derived=806 complete=false sketch_cells=256 t=1790149059140
EPOCH_RESIDUAL_SKETCH epoch=2 reporter=633D9D614858AB1710D5D8C3180E2A082DC97208BA8C26BA6C6D1A86C8E31CC0 incomplete=false edits=126 complete=true t=1790149059141
EPOCH_CLOSE_READY epoch=2 t=1790149059146
EPOCH_RESIDUAL epoch=2 reporter=65A90023F6C0D2181AAA63F005D81BBC0C04650505E21D5123F9AE1F9E992BFF votes=26710 derived=806 complete=false sketch_cells=256 t=1790149059212
EPOCH_RESIDUAL epoch=2 reporter=633D9D614858AB1710D5D8C3180E2A082DC97208BA8C26BA6C6D1A86C8E31CC0 votes=26360 derived=806 complete=false sketch_cells=256 t=1790149059215
EPOCH_RESIDUAL_SKETCH epoch=2 reporter=65A90023F6C0D2181AAA63F005D81BBC0C04650505E21D5123F9AE1F9E992BFF incomplete=false edits=127 complete=true t=1790149059215
EPOCH_RESIDUAL_SKETCH epoch=2 reporter=633D9D614858AB1710D5D8C3180E2A082DC97208BA8C26BA6C6D1A86C8E31CC0 incomplete=false edits=126 complete=true t=1790149059216
EPOCH_RESIDUAL epoch=2 reporter=D315857CE70C54DE713F6E82E5613BB3A1266C15E28AD2F4338C7BBEC456F532 votes=26702 derived=794 complete=false sketch_cells=1024 t=1790149059218
EPOCH_RESIDUAL epoch=2 reporter=911999B2AEFA7ACC66EBD802B3301FF6CE431405107749D940277955CB7FDD07 votes=26709 derived=801 complete=false sketch_cells=64 t=1790149059221
EPOCH_RESIDUAL_SKETCH epoch=2 reporter=D315857CE70C54DE713F6E82E5613BB3A1266C15E28AD2F4338C7BBEC456F532 incomplete=false edits=138 complete=true t=1790149059221
EPOCH_RESIDUAL_SKETCH epoch=2 reporter=911999B2AEFA7ACC66EBD802B3301FF6CE431405107749D940277955CB7FDD07 incomplete=false edits=138 complete=false t=1790149059222
EPOCH_RESIDUAL_SKETCH epoch=2 reporter=911999B2AEFA7ACC66EBD802B3301FF6CE431405107749D940277955CB7FDD07 incomplete=false edits=138 complete=false t=1790149059222
EPOCH_RESIDUAL_SKETCH epoch=2 reporter=911999B2AEFA7ACC66EBD802B3301FF6CE431405107749D940277955CB7FDD07 incomplete=true edits=0 complete=false t=1790149059222
EPOCH_RESIDUAL_SKETCH epoch=2 reporter=911999B2AEFA7ACC66EBD802B3301FF6CE431405107749D940277955CB7FDD07 incomplete=true edits=0 complete=false t=1790149059222
EPOCH_RESIDUAL_SKETCH epoch=2 reporter=911999B2AEFA7ACC66EBD802B3301FF6CE431405107749D940277955CB7FDD07 incomplete=true edits=0 complete=false t=1790149059222
EPOCH_RESIDUAL_SKETCH epoch=2 reporter=911999B2AEFA7ACC66EBD802B3301FF6CE431405107749D940277955CB7FDD07 incomplete=true edits=0 complete=false t=1790149059222
EPOCH_RESIDUAL epoch=2 reporter=65A90023F6C0D2181AAA63F005D81BBC0C04650505E21D5123F9AE1F9E992BFF votes=26711 derived=807 complete=false sketch_cells=256 t=1790149059258
EPOCH_RESIDUAL_SKETCH epoch=2 reporter=65A90023F6C0D2181AAA63F005D81BBC0C04650505E21D5123F9AE1F9E992BFF incomplete=false edits=130 complete=true t=1790149059259
EPOCH_RESIDUAL epoch=2 reporter=A353E45E6D0016CAEED0DFA4EC5B0640E2AA22A793F9F2375E77F1AB92977C04 votes=26466 derived=808 complete=false sketch_cells=256 t=1790149059261
EPOCH_RESIDUAL epoch=2 reporter=633D9D614858AB1710D5D8C3180E2A082DC97208BA8C26BA6C6D1A86C8E31CC0 votes=26360 derived=806 complete=false sketch_cells=256 t=1790149059263
EPOCH_RESIDUAL_SKETCH epoch=2 reporter=A353E45E6D0016CAEED0DFA4EC5B0640E2AA22A793F9F2375E77F1AB92977C04 incomplete=false edits=128 complete=true t=1790149059263
EPOCH_RESIDUAL_SKETCH epoch=2 reporter=633D9D614858AB1710D5D8C3180E2A082DC97208BA8C26BA6C6D1A86C8E31CC0 incomplete=false edits=126 complete=true t=1790149059264
EPOCH_RESIDUAL epoch=2 reporter=D315857CE70C54DE713F6E82E5613BB3A1266C15E28AD2F4338C7BBEC456F532 votes=26715 derived=807 complete=false sketch_cells=1024 t=1790149059266
EPOCH_RESIDUAL_SKETCH epoch=2 reporter=D315857CE70C54DE713F6E82E5613BB3A1266C15E28AD2F4338C7BBEC456F532 incomplete=false edits=127 complete=true t=1790149059267
EPOCH_CLOSE_READY epoch=2 t=1790149059272
EPOCH_CLOSE_ROUND epoch=2 round=0 leader=735FE217D91E88EA82324C5883296385FA0041C2FAC85C827BAA46DA1E14B83F leads=false t=1790149059325
EPOCH_CLOSE_ROUND epoch=2 round=0 leader=735FE217D91E88EA82324C5883296385FA0041C2FAC85C827BAA46DA1E14B83F leads=false t=1790149059416
EPOCH_RESIDUAL epoch=2 reporter=911999B2AEFA7ACC66EBD802B3301FF6CE431405107749D940277955CB7FDD07 votes=26715 derived=807 complete=false sketch_cells=1024 t=1790149059517
EPOCH_RESIDUAL epoch=2 reporter=65A90023F6C0D2181AAA63F005D81BBC0C04650505E21D5123F9AE1F9E992BFF votes=26705 derived=801 complete=false sketch_cells=256 t=1790149059519
EPOCH_RESIDUAL_SKETCH epoch=2 reporter=911999B2AEFA7ACC66EBD802B3301FF6CE431405107749D940277955CB7FDD07 incomplete=false edits=127 complete=true t=1790149059520
EPOCH_RESIDUAL_SKETCH epoch=2 reporter=D315857CE70C54DE713F6E82E5613BB3A1266C15E28AD2F4338C7BBEC456F532 incomplete=false edits=127 complete=true t=1790149059520
EPOCH_RESIDUAL_SKETCH epoch=2 reporter=65A90023F6C0D2181AAA63F005D81BBC0C04650505E21D5123F9AE1F9E992BFF incomplete=false edits=136 complete=true t=1790149059520
EPOCH_RESIDUAL epoch=2 reporter=A353E45E6D0016CAEED0DFA4EC5B0640E2AA22A793F9F2375E77F1AB92977C04 votes=26463 derived=805 complete=false sketch_cells=256 t=1790149059523
EPOCH_RESIDUAL_SKETCH epoch=2 reporter=A353E45E6D0016CAEED0DFA4EC5B0640E2AA22A793F9F2375E77F1AB92977C04 incomplete=false edits=133 complete=true t=1790149059524
EPOCH_CLOSE_READY epoch=2 t=1790149059528
EPOCH_CLOSE_ROUND epoch=2 round=0 leader=735FE217D91E88EA82324C5883296385FA0041C2FAC85C827BAA46DA1E14B83F leads=false t=1790149059549
EPOCH_CLOSE_ROUND epoch=2 round=0 leader=735FE217D91E88EA82324C5883296385FA0041C2FAC85C827BAA46DA1E14B83F leads=false t=1790149059800
EPOCH_RESIDUAL epoch=2 reporter=911999B2AEFA7ACC66EBD802B3301FF6CE431405107749D940277955CB7FDD07 votes=26709 derived=801 complete=false sketch_cells=1024 t=1790149059816
EPOCH_RESIDUAL_SKETCH epoch=2 reporter=911999B2AEFA7ACC66EBD802B3301FF6CE431405107749D940277955CB7FDD07 incomplete=false edits=131 complete=true t=1790149059819
EPOCH_CLOSE_READY epoch=2 t=1790149059823
[2m2026-09-23T07:37:39.847388Z[0m [32m INFO[0m [2mnanospam::app[0m[2m:[0m Confirmed 42,792 blocks | 2,000 bps | 0 cps | avg conf time: 0 ms
EPOCH_CLOSE_ROUND epoch=2 round=0 leader=735FE217D91E88EA82324C5883296385FA0041C2FAC85C827BAA46DA1E14B83F leads=false t=1790149060098
[2m2026-09-23T07:37:40.848072Z[0m [32m INFO[0m [2mnanospam::app[0m[2m:[0m Confirmed 42,792 blocks | 2,000 bps | 0 cps | avg conf time: 0 ms
[2m2026-09-23T07:37:41.850052Z[0m [32m INFO[0m [2mnanospam::app[0m[2m:[0m Confirmed 42,792 blocks | 2,000 bps | 0 cps | avg conf time: 0 ms
EPOCH_CLOSE_ROUND epoch=2 round=1 leader=911999B2AEFA7ACC66EBD802B3301FF6CE431405107749D940277955CB7FDD07 leads=false t=1790149062048
EPOCH_CLOSE_ROUND epoch=2 round=1 leader=911999B2AEFA7ACC66EBD802B3301FF6CE431405107749D940277955CB7FDD07 leads=false t=1790149062155
EPOCH_CLOSE_ROUND epoch=2 round=1 leader=911999B2AEFA7ACC66EBD802B3301FF6CE431405107749D940277955CB7FDD07 leads=false t=1790149062220
EPOCH_CLOSE_ROUND epoch=2 round=1 leader=911999B2AEFA7ACC66EBD802B3301FF6CE431405107749D940277955CB7FDD07 leads=false t=1790149062220
EPOCH_CLOSE_ROUND epoch=2 round=1 leader=911999B2AEFA7ACC66EBD802B3301FF6CE431405107749D940277955CB7FDD07 leads=true t=1790149062272
EPOCH_PROPOSED epoch=2 round=1 value=384E508640022D8C0C71CB77311844A165A50E1EC51CCAD353B67F5ADF97C009 state=26E0B00EB46905AD7AA89351CC1147DB29B064ABA62FBB020158B77B8B43133C reports=5 t=1790149062363
EPOCH_VALUE epoch=2 value=384E508640022D8C0C71CB77311844A165A50E1EC51CCAD353B67F5ADF97C009 state=26E0B00EB46905AD7AA89351CC1147DB29B064ABA62FBB020158B77B8B43133C t=1790149062363
EPOCH_VALUE epoch=2 value=384E508640022D8C0C71CB77311844A165A50E1EC51CCAD353B67F5ADF97C009 state=26E0B00EB46905AD7AA89351CC1147DB29B064ABA62FBB020158B77B8B43133C t=1790149062463
EPOCH_VALUE epoch=2 value=384E508640022D8C0C71CB77311844A165A50E1EC51CCAD353B67F5ADF97C009 state=26E0B00EB46905AD7AA89351CC1147DB29B064ABA62FBB020158B77B8B43133C t=1790149062466
EPOCH_VALUE epoch=2 value=384E508640022D8C0C71CB77311844A165A50E1EC51CCAD353B67F5ADF97C009 state=26E0B00EB46905AD7AA89351CC1147DB29B064ABA62FBB020158B77B8B43133C t=1790149062467
EPOCH_VALUE epoch=2 value=384E508640022D8C0C71CB77311844A165A50E1EC51CCAD353B67F5ADF97C009 state=26E0B00EB46905AD7AA89351CC1147DB29B064ABA62FBB020158B77B8B43133C t=1790149062469
EPOCH_CLOSE_ROUND epoch=2 round=2 leader=A353E45E6D0016CAEED0DFA4EC5B0640E2AA22A793F9F2375E77F1AB92977C04 leads=false t=1790149062657
EPOCH_FRONTIER_MISSING epoch=2 accounts=2194 : blocks this node does not hold t=1790149062851
[2m2026-09-23T07:37:42.851495Z[0m [32m INFO[0m [2mnanospam::app[0m[2m:[0m Confirmed 42,792 blocks | 2,000 bps | 0 cps | avg conf time: 0 ms
EPOCH_FRONTIER_MISSING epoch=2 accounts=2194 : blocks this node does not hold t=1790149062857
EPOCH_INSTALL epoch=2 finalized=13611 instances_confirmed=786 t=1790149062858
EPOCH_FRONTIER_MISSING epoch=2 accounts=2194 : blocks this node does not hold t=1790149062859
EPOCH_FRONTIER_MISSING epoch=2 accounts=2194 : blocks this node does not hold t=1790149062860
EPOCH_FRONTIER_MISSING epoch=2 accounts=2194 : blocks this node does not hold t=1790149062863
EPOCH_COMMITTEE derived_by=2 members=6 accounts=13329 n=307871309159316022165660915365584456154 digest=1D64808024DA812C24CD836E73ED5D3DA9FDDAA3C9D72D82432C72E2AA118F85 shares=["911999B2:19.6%", "D315857C:19.5%", "735FE217:16.1%", "65A90023:15.3%", "A353E45E:14.8%", "633D9D61:14.7%"] t=1790149062864
EPOCH_INSTALL epoch=2 finalized=13611 instances_confirmed=786 t=1790149062864
EPOCH_OMITTED epoch=2 instances=0 retained=58 t=1790149062864
EPOCH_GATE epoch=3 released=2 finalized=0 t=1790149062864
EPOCH_CLOSED epoch=2 round=1 value=384E508640022D8C0C71CB77311844A165A50E1EC51CCAD353B67F5ADF97C009 state=26E0B00EB46905AD7AA89351CC1147DB29B064ABA62FBB020158B77B8B43133C t=1790149062864
EPOCH_INSTALL epoch=2 finalized=13611 instances_confirmed=786 t=1790149062867
EPOCH_INSTALL epoch=2 finalized=13611 instances_confirmed=786 t=1790149062869
EPOCH_COMMITTEE derived_by=2 members=6 accounts=13329 n=307871309159316022165660915365584456154 digest=1D64808024DA812C24CD836E73ED5D3DA9FDDAA3C9D72D82432C72E2AA118F85 shares=["911999B2:19.6%", "D315857C:19.5%", "735FE217:16.1%", "65A90023:15.3%", "A353E45E:14.8%", "633D9D61:14.7%"] t=1790149062870
EPOCH_INSTALL epoch=2 finalized=13611 instances_confirmed=786 t=1790149062870
EPOCH_OMITTED epoch=2 instances=0 retained=58 t=1790149062871
EPOCH_GATE epoch=3 released=2 finalized=0 t=1790149062871
EPOCH_CLOSED epoch=2 round=1 value=384E508640022D8C0C71CB77311844A165A50E1EC51CCAD353B67F5ADF97C009 state=26E0B00EB46905AD7AA89351CC1147DB29B064ABA62FBB020158B77B8B43133C t=1790149062871
EPOCH_COMMITTEE derived_by=2 members=6 accounts=13329 n=307871309159316022165660915365584456154 digest=1D64808024DA812C24CD836E73ED5D3DA9FDDAA3C9D72D82432C72E2AA118F85 shares=["911999B2:19.6%", "D315857C:19.5%", "735FE217:16.1%", "65A90023:15.3%", "A353E45E:14.8%", "633D9D61:14.7%"] t=1790149062873
EPOCH_OMITTED epoch=2 instances=0 retained=58 t=1790149062874
EPOCH_GATE epoch=3 released=2 finalized=0 t=1790149062874
EPOCH_CLOSED epoch=2 round=1 value=384E508640022D8C0C71CB77311844A165A50E1EC51CCAD353B67F5ADF97C009 state=26E0B00EB46905AD7AA89351CC1147DB29B064ABA62FBB020158B77B8B43133C t=1790149062874
EPOCH_COMMITTEE derived_by=2 members=6 accounts=13329 n=307871309159316022165660915365584456154 digest=1D64808024DA812C24CD836E73ED5D3DA9FDDAA3C9D72D82432C72E2AA118F85 shares=["911999B2:19.6%", "D315857C:19.5%", "735FE217:16.1%", "65A90023:15.3%", "A353E45E:14.8%", "633D9D61:14.7%"] t=1790149062876
EPOCH_OMITTED epoch=2 instances=0 retained=58 t=1790149062876
EPOCH_GATE epoch=3 released=2 finalized=0 t=1790149062876
EPOCH_CLOSED epoch=2 round=1 value=384E508640022D8C0C71CB77311844A165A50E1EC51CCAD353B67F5ADF97C009 state=26E0B00EB46905AD7AA89351CC1147DB29B064ABA62FBB020158B77B8B43133C t=1790149062876
EPOCH_COMMITTEE derived_by=2 members=6 accounts=13329 n=307871309159316022165660915365584456154 digest=1D64808024DA812C24CD836E73ED5D3DA9FDDAA3C9D72D82432C72E2AA118F85 shares=["911999B2:19.6%", "D315857C:19.5%", "735FE217:16.1%", "65A90023:15.3%", "A353E45E:14.8%", "633D9D61:14.7%"] t=1790149062877
EPOCH_OMITTED epoch=2 instances=0 retained=58 t=1790149062877
EPOCH_GATE epoch=3 released=2 finalized=0 t=1790149062877
EPOCH_CLOSED epoch=2 round=1 value=384E508640022D8C0C71CB77311844A165A50E1EC51CCAD353B67F5ADF97C009 state=26E0B00EB46905AD7AA89351CC1147DB29B064ABA62FBB020158B77B8B43133C t=1790149062877
EPOCH_INSTALLED epoch=2 finalized=13611 cemented=12968 queued=643 missing=0 t=1790149062936
EPOCH_INSTALLED epoch=2 finalized=13611 cemented=13038 queued=573 missing=0 t=1790149062937
EPOCH_INSTALLED epoch=2 finalized=13611 cemented=12953 queued=1 missing=657 t=1790149062937
EPOCH_INSTALLED epoch=2 finalized=13611 cemented=12953 queued=1 missing=657 t=1790149062943
EPOCH_INSTALLED epoch=2 finalized=13611 cemented=13547 queued=64 missing=0 t=1790149062943
[2m2026-09-23T07:37:43.852837Z[0m [32m INFO[0m [2mnanospam::app[0m[2m:[0m Confirmed 42,792 blocks | 2,000 bps | 0 cps | avg conf time: 0 ms
[2m2026-09-23T07:37:44.855137Z[0m [32m INFO[0m [2mnanospam::app[0m[2m:[0m Confirmed 42,792 blocks | 2,000 bps | 0 cps | avg conf time: 0 ms
[2m2026-09-23T07:37:45.856304Z[0m [32m INFO[0m [2mnanospam::app[0m[2m:[0m Confirmed 42,792 blocks | 2,000 bps | 0 cps | avg conf time: 0 ms
EPOCH_ENDED epoch=3 elections=17 active=15 t=1790149066651
EPOCH_ENDED epoch=3 elections=13 active=11 t=1790149066657
EPOCH_ENDED epoch=3 elections=13 active=11 t=1790149066657
EPOCH_ENDED epoch=3 elections=14 active=12 t=1790149066657
EPOCH_ENDED epoch=3 elections=14 active=12 t=1790149066658
EPOCH_ADVANCED epoch=4 elections=17 active=15 vote_records=436886 t=1790149066658
EPOCH_ADVANCED epoch=4 elections=14 active=12 vote_records=436873 t=1790149066662
EPOCH_ADVANCED epoch=4 elections=14 active=12 vote_records=436877 t=1790149066662
EPOCH_ADVANCED epoch=4 elections=13 active=11 vote_records=436862 t=1790149066662
EPOCH_ADVANCED epoch=4 elections=13 active=11 vote_records=436887 t=1790149066663
EPOCH_REPORT epoch=3 certified=3 residual=178 root=07AA37761888C0CF2EA4A0D1665307F283027EFC19B9718552CF6577A638E10E reports=1 t=1790149066676
EPOCH_REPORT epoch=3 certified=0 residual=171 root=CD3CD2C67DAD81E01C2F8131369B5ADACDE5778D2776E6FC60B8E8850B1AD989 reports=1 t=1790149066680
EPOCH_REPORT epoch=3 certified=2 residual=173 root=07A5DB1A705966B7B3F9519F1A03BAF11A8294F1CE45B520AF5781C424484AC0 reports=1 t=1790149066681
EPOCH_REPORT epoch=3 certified=0 residual=171 root=CD3CD2C67DAD81E01C2F8131369B5ADACDE5778D2776E6FC60B8E8850B1AD989 reports=1 t=1790149066681
EPOCH_REPORT epoch=3 certified=0 residual=171 root=CD3CD2C67DAD81E01C2F8131369B5ADACDE5778D2776E6FC60B8E8850B1AD989 reports=1 t=1790149066681
EPOCH_RECONCILED epoch=3 reporter=911999B2AEFA7ACC66EBD802B3301FF6CE431405107749D940277955CB7FDD07 complete=false entries=0 total=0 t=1790149066698
EPOCH_RESIDUAL epoch=3 reporter=911999B2AEFA7ACC66EBD802B3301FF6CE431405107749D940277955CB7FDD07 votes=171 derived=171 complete=false sketch_cells=64 t=1790149066698
EPOCH_RECONCILED epoch=3 reporter=633D9D614858AB1710D5D8C3180E2A082DC97208BA8C26BA6C6D1A86C8E31CC0 complete=false entries=0 total=0 t=1790149066699
EPOCH_RESIDUAL epoch=3 reporter=633D9D614858AB1710D5D8C3180E2A082DC97208BA8C26BA6C6D1A86C8E31CC0 votes=171 derived=171 complete=false sketch_cells=64 t=1790149066699
EPOCH_RECON_REQUEST epoch=3 reporter=A353E45E6D0016CAEED0DFA4EC5B0640E2AA22A793F9F2375E77F1AB92977C04 target=07A5DB1A705966B7B3F9519F1A03BAF11A8294F1CE45B520AF5781C424484AC0 sources=["CD3CD2C6", "CD3CD2C6"] t=1790149066699
EPOCH_RESIDUAL_SKETCH epoch=3 reporter=911999B2AEFA7ACC66EBD802B3301FF6CE431405107749D940277955CB7FDD07 incomplete=true edits=0 complete=false t=1790149066699
EPOCH_RECON_REFUSED epoch=3 target=07A5DB1A705966B7B3F9519F1A03BAF11A8294F1CE45B520AF5781C424484AC0 reason=UnknownTarget sources=["CD3CD2C6", "CD3CD2C6"] t=1790149066699
EPOCH_RECON_REFUSED epoch=3 target=07A5DB1A705966B7B3F9519F1A03BAF11A8294F1CE45B520AF5781C424484AC0 reason=UnknownTarget sources=["CD3CD2C6", "CD3CD2C6"] t=1790149066699
EPOCH_RECON_REFUSED epoch=3 target=07A5DB1A705966B7B3F9519F1A03BAF11A8294F1CE45B520AF5781C424484AC0 reason=UnknownTarget sources=["CD3CD2C6", "CD3CD2C6"] t=1790149066699
EPOCH_RESIDUAL_SKETCH epoch=3 reporter=911999B2AEFA7ACC66EBD802B3301FF6CE431405107749D940277955CB7FDD07 incomplete=true edits=0 complete=false t=1790149066699
EPOCH_RECON_REFUSED epoch=3 target=07A5DB1A705966B7B3F9519F1A03BAF11A8294F1CE45B520AF5781C424484AC0 reason=UnknownSource sources=["CD3CD2C6", "CD3CD2C6"] t=1790149066699
EPOCH_RESIDUAL_SKETCH epoch=3 reporter=633D9D614858AB1710D5D8C3180E2A082DC97208BA8C26BA6C6D1A86C8E31CC0 incomplete=true edits=0 complete=false t=1790149066699
EPOCH_RECON_REFUSED epoch=3 target=07A5DB1A705966B7B3F9519F1A03BAF11A8294F1CE45B520AF5781C424484AC0 reason=UnknownTarget sources=["CD3CD2C6", "CD3CD2C6"] t=1790149066699
EPOCH_CLOSE_UNREADY epoch=3 short_of=reports usable=1 weight=62052782489293696752922467670983774519 required=257972812406900700035906606913467302838 held=5 theirs=["911999B2:CD3CD2C6:A74521D6", "633D9D61:CD3CD2C6:4F019BD7", "D315857C:CD3CD2C6:A74521D6", "A353E45E:07A5DB1A:AB8516B8", "65A90023:07AA3776:7F221017"] t=1790149066712
EPOCH_RECON_REQUEST epoch=3 reporter=65A90023F6C0D2181AAA63F005D81BBC0C04650505E21D5123F9AE1F9E992BFF target=07AA37761888C0CF2EA4A0D1665307F283027EFC19B9718552CF6577A638E10E sources=["07A5DB1A", "07A5DB1A"] t=1790149066772
EPOCH_CLOSE_UNREADY epoch=3 short_of=reports usable=1 weight=48700929558166212313544458091039491759 required=257972812406900700035906606913467302838 held=5 theirs=["65A90023:07AA3776:7F221017", "633D9D61:CD3CD2C6:4F019BD7", "911999B2:CD3CD2C6:A74521D6", "A353E45E:07A5DB1A:AB8516B8", "D315857C:CD3CD2C6:A74521D6"] t=1790149066786
EPOCH_RECONCILED epoch=3 reporter=911999B2AEFA7ACC66EBD802B3301FF6CE431405107749D940277955CB7FDD07 complete=false entries=0 total=0 t=1790149066787
EPOCH_RESIDUAL epoch=3 reporter=911999B2AEFA7ACC66EBD802B3301FF6CE431405107749D940277955CB7FDD07 votes=171 derived=171 complete=false sketch_cells=64 t=1790149066787
EPOCH_RECON_REQUEST epoch=3 reporter=A353E45E6D0016CAEED0DFA4EC5B0640E2AA22A793F9F2375E77F1AB92977C04 target=07A5DB1A705966B7B3F9519F1A03BAF11A8294F1CE45B520AF5781C424484AC0 sources=["CD3CD2C6", "CD3CD2C6"] t=1790149066787
EPOCH_RECONCILED epoch=3 reporter=D315857CE70C54DE713F6E82E5613BB3A1266C15E28AD2F4338C7BBEC456F532 complete=false entries=0 total=0 t=1790149066787
EPOCH_RESIDUAL epoch=3 reporter=D315857CE70C54DE713F6E82E5613BB3A1266C15E28AD2F4338C7BBEC456F532 votes=171 derived=171 complete=false sketch_cells=64 t=1790149066787
EPOCH_RESIDUAL_SKETCH epoch=3 reporter=911999B2AEFA7ACC66EBD802B3301FF6CE431405107749D940277955CB7FDD07 incomplete=true edits=0 complete=false t=1790149066787
EPOCH_RESIDUAL_SKETCH epoch=3 reporter=911999B2AEFA7ACC66EBD802B3301FF6CE431405107749D940277955CB7FDD07 incomplete=true edits=0 complete=false t=1790149066788
EPOCH_RESIDUAL_SKETCH epoch=3 reporter=911999B2AEFA7ACC66EBD802B3301FF6CE431405107749D940277955CB7FDD07 incomplete=true edits=0 complete=false t=1790149066788
EPOCH_RESIDUAL_SKETCH epoch=3 reporter=911999B2AEFA7ACC66EBD802B3301FF6CE431405107749D940277955CB7FDD07 incomplete=true edits=0 complete=false t=1790149066788
EPOCH_CLOSE_UNREADY epoch=3 short_of=reports usable=1 weight=47064857076572516756341031097387920460 required=257972812406900700035906606913467302838 held=5 theirs=["911999B2:CD3CD2C6:A74521D6", "A353E45E:07A5DB1A:AB8516B8", "65A90023:07AA3776:7F221017", "633D9D61:CD3CD2C6:4F019BD7", "D315857C:CD3CD2C6:A74521D6"] t=1790149066799
EPOCH_RECONCILED epoch=3 reporter=633D9D614858AB1710D5D8C3180E2A082DC97208BA8C26BA6C6D1A86C8E31CC0 complete=false entries=0 total=0 t=1790149066835
EPOCH_RESIDUAL epoch=3 reporter=633D9D614858AB1710D5D8C3180E2A082DC97208BA8C26BA6C6D1A86C8E31CC0 votes=171 derived=171 complete=false sketch_cells=64 t=1790149066835
EPOCH_RECON_REQUEST epoch=3 reporter=65A90023F6C0D2181AAA63F005D81BBC0C04650505E21D5123F9AE1F9E992BFF target=07AA37761888C0CF2EA4A0D1665307F283027EFC19B9718552CF6577A638E10E sources=["CD3CD2C6", "CD3CD2C6"] t=1790149066835
EPOCH_RECONCILED epoch=3 reporter=D315857CE70C54DE713F6E82E5613BB3A1266C15E28AD2F4338C7BBEC456F532 complete=false entries=0 total=0 t=1790149066835
EPOCH_RESIDUAL epoch=3 reporter=D315857CE70C54DE713F6E82E5613BB3A1266C15E28AD2F4338C7BBEC456F532 votes=171 derived=171 complete=false sketch_cells=64 t=1790149066835
EPOCH_RESIDUAL_SKETCH epoch=3 reporter=633D9D614858AB1710D5D8C3180E2A082DC97208BA8C26BA6C6D1A86C8E31CC0 incomplete=true edits=0 complete=false t=1790149066835
EPOCH_RESIDUAL_SKETCH epoch=3 reporter=D315857CE70C54DE713F6E82E5613BB3A1266C15E28AD2F4338C7BBEC456F532 incomplete=true edits=0 complete=false t=1790149066835
EPOCH_RESIDUAL_SKETCH epoch=3 reporter=D315857CE70C54DE713F6E82E5613BB3A1266C15E28AD2F4338C7BBEC456F532 incomplete=true edits=0 complete=false t=1790149066835
EPOCH_CLOSE_UNREADY epoch=3 short_of=reports usable=1 weight=61560444849788565665488139181729140606 required=257972812406900700035906606913467302838 held=5 theirs=["633D9D61:CD3CD2C6:4F019BD7", "911999B2:CD3CD2C6:A74521D6", "65A90023:07AA3776:7F221017", "A353E45E:07A5DB1A:AB8516B8", "D315857C:CD3CD2C6:A74521D6"] t=1790149066844
[2m2026-09-23T07:37:46.857710Z[0m [32m INFO[0m [2mnanospam::app[0m[2m:[0m Confirmed 42,792 blocks | 2,000 bps | 0 cps | avg conf time: 0 ms
EPOCH_RECON_REQUEST epoch=3 reporter=A353E45E6D0016CAEED0DFA4EC5B0640E2AA22A793F9F2375E77F1AB92977C04 target=07A5DB1A705966B7B3F9519F1A03BAF11A8294F1CE45B520AF5781C424484AC0 sources=["07AA3776", "07AA3776"] t=1790149066911
EPOCH_CLOSE_UNREADY epoch=3 short_of=reports usable=1 weight=48587150767422214708647349628603188013 required=257972812406900700035906606913467302838 held=5 theirs=["A353E45E:07A5DB1A:AB8516B8", "633D9D61:CD3CD2C6:4F019BD7", "911999B2:CD3CD2C6:A74521D6", "65A90023:07AA3776:7F221017", "D315857C:CD3CD2C6:A74521D6"] t=1790149066921
EPOCH_RESIDUAL epoch=3 reporter=911999B2AEFA7ACC66EBD802B3301FF6CE431405107749D940277955CB7FDD07 votes=171 derived=171 complete=false sketch_cells=1024 t=1790149067001
EPOCH_RESIDUAL epoch=3 reporter=633D9D614858AB1710D5D8C3180E2A082DC97208BA8C26BA6C6D1A86C8E31CC0 votes=171 derived=171 complete=false sketch_cells=256 t=1790149067001
EPOCH_RESIDUAL_SKETCH epoch=3 reporter=911999B2AEFA7ACC66EBD802B3301FF6CE431405107749D940277955CB7FDD07 incomplete=false edits=300 complete=true t=1790149067002
EPOCH_RESIDUAL_SKETCH epoch=3 reporter=633D9D614858AB1710D5D8C3180E2A082DC97208BA8C26BA6C6D1A86C8E31CC0 incomplete=true edits=0 complete=false t=1790149067002
EPOCH_RESIDUAL epoch=3 reporter=911999B2AEFA7ACC66EBD802B3301FF6CE431405107749D940277955CB7FDD07 votes=171 derived=171 complete=false sketch_cells=1024 t=1790149067087
EPOCH_RESIDUAL epoch=3 reporter=D315857CE70C54DE713F6E82E5613BB3A1266C15E28AD2F4338C7BBEC456F532 votes=171 derived=171 complete=false sketch_cells=64 t=1790149067088
EPOCH_RESIDUAL_SKETCH epoch=3 reporter=911999B2AEFA7ACC66EBD802B3301FF6CE431405107749D940277955CB7FDD07 incomplete=false edits=300 complete=true t=1790149067089
EPOCH_RESIDUAL_SKETCH epoch=3 reporter=D315857CE70C54DE713F6E82E5613BB3A1266C15E28AD2F4338C7BBEC456F532 incomplete=true edits=0 complete=false t=1790149067089
EPOCH_RESIDUAL_SKETCH epoch=3 reporter=D315857CE70C54DE713F6E82E5613BB3A1266C15E28AD2F4338C7BBEC456F532 incomplete=false edits=300 complete=true t=1790149067089
EPOCH_RESIDUAL epoch=3 reporter=633D9D614858AB1710D5D8C3180E2A082DC97208BA8C26BA6C6D1A86C8E31CC0 votes=171 derived=171 complete=false sketch_cells=256 t=1790149067136
EPOCH_RESIDUAL epoch=3 reporter=D315857CE70C54DE713F6E82E5613BB3A1266C15E28AD2F4338C7BBEC456F532 votes=171 derived=171 complete=false sketch_cells=1024 t=1790149067136
EPOCH_RESIDUAL_SKETCH epoch=3 reporter=633D9D614858AB1710D5D8C3180E2A082DC97208BA8C26BA6C6D1A86C8E31CC0 incomplete=true edits=0 complete=false t=1790149067137
EPOCH_RESIDUAL_SKETCH epoch=3 reporter=D315857CE70C54DE713F6E82E5613BB3A1266C15E28AD2F4338C7BBEC456F532 incomplete=false edits=300 complete=true t=1790149067137
EPOCH_RESIDUAL epoch=3 reporter=633D9D614858AB1710D5D8C3180E2A082DC97208BA8C26BA6C6D1A86C8E31CC0 votes=171 derived=171 complete=false sketch_cells=1024 t=1790149067440
EPOCH_RESIDUAL_SKETCH epoch=3 reporter=633D9D614858AB1710D5D8C3180E2A082DC97208BA8C26BA6C6D1A86C8E31CC0 incomplete=false edits=296 complete=true t=1790149067441
EPOCH_RESIDUAL epoch=3 reporter=633D9D614858AB1710D5D8C3180E2A082DC97208BA8C26BA6C6D1A86C8E31CC0 votes=171 derived=171 complete=false sketch_cells=1024 t=1790149067602
EPOCH_RESIDUAL_SKETCH epoch=3 reporter=633D9D614858AB1710D5D8C3180E2A082DC97208BA8C26BA6C6D1A86C8E31CC0 incomplete=false edits=296 complete=true t=1790149067603
EPOCH_RECON_REFUSED epoch=3 target=07AA37761888C0CF2EA4A0D1665307F283027EFC19B9718552CF6577A638E10E reason=UnknownTarget sources=["CD3CD2C6", "CD3CD2C6"] t=1790149067744
EPOCH_RECON_REFUSED epoch=3 target=07AA37761888C0CF2EA4A0D1665307F283027EFC19B9718552CF6577A638E10E reason=UnknownTarget sources=["CD3CD2C6", "CD3CD2C6"] t=1790149067744
EPOCH_RECON_REFUSED epoch=3 target=07AA37761888C0CF2EA4A0D1665307F283027EFC19B9718552CF6577A638E10E reason=UnknownTarget sources=["CD3CD2C6", "CD3CD2C6"] t=1790149067744
EPOCH_RECON_REFUSED epoch=3 target=07AA37761888C0CF2EA4A0D1665307F283027EFC19B9718552CF6577A638E10E reason=UnknownTarget sources=["CD3CD2C6", "CD3CD2C6"] t=1790149067744
EPOCH_RECON_REFUSED epoch=3 target=07AA37761888C0CF2EA4A0D1665307F283027EFC19B9718552CF6577A638E10E reason=UnknownSource sources=["CD3CD2C6", "CD3CD2C6"] t=1790149067744
[2m2026-09-23T07:37:47.860585Z[0m [32m INFO[0m [2mnanospam::app[0m[2m:[0m Confirmed 42,792 blocks | 2,000 bps | 0 cps | avg conf time: 0 ms
EPOCH_CLOSE_UNREADY epoch=3 short_of=reports usable=3 weight=170678084415654779174751637950100835585 required=257972812406900700035906606913467302838 held=5 theirs=["911999B2:CD3CD2C6:A74521D6", "633D9D61:CD3CD2C6:4F019BD7", "D315857C:CD3CD2C6:A74521D6", "A353E45E:07A5DB1A:AB8516B8", "65A90023:07AA3776:7F221017"] t=1790149067910
EPOCH_RECON_REQUEST epoch=3 reporter=65A90023F6C0D2181AAA63F005D81BBC0C04650505E21D5123F9AE1F9E992BFF target=07AA37761888C0CF2EA4A0D1665307F283027EFC19B9718552CF6577A638E10E sources=["07A5DB1A", "07A5DB1A"] t=1790149067984
EPOCH_CLOSE_UNREADY epoch=3 short_of=reports usable=1 weight=48700929558166212313544458091039491759 required=257972812406900700035906606913467302838 held=5 theirs=["65A90023:07AA3776:7F221017", "633D9D61:CD3CD2C6:4F019BD7", "911999B2:CD3CD2C6:A74521D6", "A353E45E:07A5DB1A:AB8516B8", "D315857C:CD3CD2C6:A74521D6"] t=1790149067995
EPOCH_RECON_REQUEST epoch=3 reporter=A353E45E6D0016CAEED0DFA4EC5B0640E2AA22A793F9F2375E77F1AB92977C04 target=07A5DB1A705966B7B3F9519F1A03BAF11A8294F1CE45B520AF5781C424484AC0 sources=["CD3CD2C6", "CD3CD2C6"] t=1790149067996
EPOCH_CLOSE_UNREADY epoch=3 short_of=reports usable=3 weight=170678084415654779174751637950100835585 required=257972812406900700035906606913467302838 held=5 theirs=["911999B2:CD3CD2C6:A74521D6", "A353E45E:07A5DB1A:AB8516B8", "65A90023:07AA3776:7F221017", "633D9D61:CD3CD2C6:4F019BD7", "D315857C:CD3CD2C6:A74521D6"] t=1790149068005
EPOCH_RECON_REQUEST epoch=3 reporter=65A90023F6C0D2181AAA63F005D81BBC0C04650505E21D5123F9AE1F9E992BFF target=07AA37761888C0CF2EA4A0D1665307F283027EFC19B9718552CF6577A638E10E sources=["CD3CD2C6", "CD3CD2C6"] t=1790149068049
EPOCH_CLOSE_UNREADY epoch=3 short_of=reports usable=3 weight=170678084415654779174751637950100835585 required=257972812406900700035906606913467302838 held=5 theirs=["633D9D61:CD3CD2C6:4F019BD7", "911999B2:CD3CD2C6:A74521D6", "65A90023:07AA3776:7F221017", "A353E45E:07A5DB1A:AB8516B8", "D315857C:CD3CD2C6:A74521D6"] t=1790149068060
EPOCH_RECON_REQUEST epoch=3 reporter=A353E45E6D0016CAEED0DFA4EC5B0640E2AA22A793F9F2375E77F1AB92977C04 target=07A5DB1A705966B7B3F9519F1A03BAF11A8294F1CE45B520AF5781C424484AC0 sources=["07AA3776", "07AA3776"] t=1790149068124
EPOCH_CLOSE_UNREADY epoch=3 short_of=reports usable=1 weight=48587150767422214708647349628603188013 required=257972812406900700035906606913467302838 held=5 theirs=["A353E45E:07A5DB1A:AB8516B8", "633D9D61:CD3CD2C6:4F019BD7", "911999B2:CD3CD2C6:A74521D6", "65A90023:07AA3776:7F221017", "D315857C:CD3CD2C6:A74521D6"] t=1790149068137
EPOCH_RECON_REQUEST epoch=3 reporter=A353E45E6D0016CAEED0DFA4EC5B0640E2AA22A793F9F2375E77F1AB92977C04 target=07A5DB1A705966B7B3F9519F1A03BAF11A8294F1CE45B520AF5781C424484AC0 sources=["CD3CD2C6", "CD3CD2C6"] t=1790149068207
EPOCH_RECON_REFUSED epoch=3 target=07A5DB1A705966B7B3F9519F1A03BAF11A8294F1CE45B520AF5781C424484AC0 reason=UnknownTarget sources=["CD3CD2C6", "CD3CD2C6"] t=1790149068814
EPOCH_RECON_REFUSED epoch=3 target=07A5DB1A705966B7B3F9519F1A03BAF11A8294F1CE45B520AF5781C424484AC0 reason=UnknownTarget sources=["CD3CD2C6", "CD3CD2C6"] t=1790149068814
EPOCH_RECON_REFUSED epoch=3 target=07A5DB1A705966B7B3F9519F1A03BAF11A8294F1CE45B520AF5781C424484AC0 reason=UnknownTarget sources=["CD3CD2C6", "CD3CD2C6"] t=1790149068814
EPOCH_RECON_REFUSED epoch=3 target=07A5DB1A705966B7B3F9519F1A03BAF11A8294F1CE45B520AF5781C424484AC0 reason=UnknownTarget sources=["CD3CD2C6", "CD3CD2C6"] t=1790149068814
EPOCH_RECON_REFUSED epoch=3 target=07A5DB1A705966B7B3F9519F1A03BAF11A8294F1CE45B520AF5781C424484AC0 reason=UnknownSource sources=["CD3CD2C6", "CD3CD2C6"] t=1790149068814
[2m2026-09-23T07:37:48.862148Z[0m [32m INFO[0m [2mnanospam::app[0m[2m:[0m Confirmed 42,792 blocks | 2,000 bps | 0 cps | avg conf time: 0 ms
EPOCH_CLOSE_UNREADY epoch=3 short_of=reports usable=3 weight=170678084415654779174751637950100835585 required=257972812406900700035906606913467302838 held=5 theirs=["911999B2:CD3CD2C6:A74521D6", "633D9D61:CD3CD2C6:4F019BD7", "D315857C:CD3CD2C6:A74521D6", "A353E45E:07A5DB1A:AB8516B8", "65A90023:07AA3776:7F221017"] t=1790149069127
EPOCH_RECON_REQUEST epoch=3 reporter=65A90023F6C0D2181AAA63F005D81BBC0C04650505E21D5123F9AE1F9E992BFF target=07AA37761888C0CF2EA4A0D1665307F283027EFC19B9718552CF6577A638E10E sources=["07A5DB1A", "07A5DB1A"] t=1790149069185
EPOCH_CLOSE_UNREADY epoch=3 short_of=reports usable=1 weight=48700929558166212313544458091039491759 required=257972812406900700035906606913467302838 held=5 theirs=["65A90023:07AA3776:7F221017", "633D9D61:CD3CD2C6:4F019BD7", "911999B2:CD3CD2C6:A74521D6", "A353E45E:07A5DB1A:AB8516B8", "D315857C:CD3CD2C6:A74521D6"] t=1790149069196
EPOCH_RECON_REQUEST epoch=3 reporter=A353E45E6D0016CAEED0DFA4EC5B0640E2AA22A793F9F2375E77F1AB92977C04 target=07A5DB1A705966B7B3F9519F1A03BAF11A8294F1CE45B520AF5781C424484AC0 sources=["CD3CD2C6", "CD3CD2C6"] t=1790149069212
EPOCH_CLOSE_UNREADY epoch=3 short_of=reports usable=3 weight=170678084415654779174751637950100835585 required=257972812406900700035906606913467302838 held=5 theirs=["911999B2:CD3CD2C6:A74521D6", "A353E45E:07A5DB1A:AB8516B8", "65A90023:07AA3776:7F221017", "633D9D61:CD3CD2C6:4F019BD7", "D315857C:CD3CD2C6:A74521D6"] t=1790149069222
EPOCH_RECON_REQUEST epoch=3 reporter=65A90023F6C0D2181AAA63F005D81BBC0C04650505E21D5123F9AE1F9E992BFF target=07AA37761888C0CF2EA4A0D1665307F283027EFC19B9718552CF6577A638E10E sources=["CD3CD2C6", "CD3CD2C6"] t=1790149069262
EPOCH_CLOSE_UNREADY epoch=3 short_of=reports usable=3 weight=170678084415654779174751637950100835585 required=257972812406900700035906606913467302838 held=5 theirs=["633D9D61:CD3CD2C6:4F019BD7", "911999B2:CD3CD2C6:A74521D6", "65A90023:07AA3776:7F221017", "A353E45E:07A5DB1A:AB8516B8", "D315857C:CD3CD2C6:A74521D6"] t=1790149069272
EPOCH_RECON_REQUEST epoch=3 reporter=A353E45E6D0016CAEED0DFA4EC5B0640E2AA22A793F9F2375E77F1AB92977C04 target=07A5DB1A705966B7B3F9519F1A03BAF11A8294F1CE45B520AF5781C424484AC0 sources=["07AA3776", "07AA3776"] t=1790149069340
EPOCH_CLOSE_UNREADY epoch=3 short_of=reports usable=1 weight=48587150767422214708647349628603188013 required=257972812406900700035906606913467302838 held=5 theirs=["A353E45E:07A5DB1A:AB8516B8", "633D9D61:CD3CD2C6:4F019BD7", "911999B2:CD3CD2C6:A74521D6", "65A90023:07AA3776:7F221017", "D315857C:CD3CD2C6:A74521D6"] t=1790149069352
EPOCH_RECON_REQUEST epoch=3 reporter=A353E45E6D0016CAEED0DFA4EC5B0640E2AA22A793F9F2375E77F1AB92977C04 target=07A5DB1A705966B7B3F9519F1A03BAF11A8294F1CE45B520AF5781C424484AC0 sources=["CD3CD2C6", "CD3CD2C6"] t=1790149069420
EPOCH_RECON_REFUSED epoch=3 target=07A5DB1A705966B7B3F9519F1A03BAF11A8294F1CE45B520AF5781C424484AC0 reason=UnknownTarget sources=["CD3CD2C6", "CD3CD2C6"] t=1790149069819
EPOCH_RECON_REFUSED epoch=3 target=07A5DB1A705966B7B3F9519F1A03BAF11A8294F1CE45B520AF5781C424484AC0 reason=UnknownTarget sources=["CD3CD2C6", "CD3CD2C6"] t=1790149069819
EPOCH_RECON_REFUSED epoch=3 target=07A5DB1A705966B7B3F9519F1A03BAF11A8294F1CE45B520AF5781C424484AC0 reason=UnknownTarget sources=["CD3CD2C6", "CD3CD2C6"] t=1790149069819
EPOCH_RECON_REFUSED epoch=3 target=07A5DB1A705966B7B3F9519F1A03BAF11A8294F1CE45B520AF5781C424484AC0 reason=UnknownTarget sources=["CD3CD2C6", "CD3CD2C6"] t=1790149069819
EPOCH_RECON_REFUSED epoch=3 target=07A5DB1A705966B7B3F9519F1A03BAF11A8294F1CE45B520AF5781C424484AC0 reason=UnknownSource sources=["CD3CD2C6", "CD3CD2C6"] t=1790149069819
[2m2026-09-23T07:37:49.864115Z[0m [32m INFO[0m [2mnanospam::app[0m[2m:[0m Confirmed 42,792 blocks | 2,000 bps | 0 cps | avg conf time: 0 ms
EPOCH_CLOSE_UNREADY epoch=3 short_of=reports usable=3 weight=170678084415654779174751637950100835585 required=257972812406900700035906606913467302838 held=5 theirs=["911999B2:CD3CD2C6:A74521D6", "633D9D61:CD3CD2C6:4F019BD7", "D315857C:CD3CD2C6:A74521D6", "A353E45E:07A5DB1A:AB8516B8", "65A90023:07AA3776:7F221017"] t=1790149070340
EPOCH_RECON_REQUEST epoch=3 reporter=65A90023F6C0D2181AAA63F005D81BBC0C04650505E21D5123F9AE1F9E992BFF target=07AA37761888C0CF2EA4A0D1665307F283027EFC19B9718552CF6577A638E10E sources=["07A5DB1A", "07A5DB1A"] t=1790149070400
EPOCH_CLOSE_UNREADY epoch=3 short_of=reports usable=1 weight=48700929558166212313544458091039491759 required=257972812406900700035906606913467302838 held=5 theirs=["65A90023:07AA3776:7F221017", "633D9D61:CD3CD2C6:4F019BD7", "911999B2:CD3CD2C6:A74521D6", "A353E45E:07A5DB1A:AB8516B8", "D315857C:CD3CD2C6:A74521D6"] t=1790149070415
EPOCH_RECON_REQUEST epoch=3 reporter=A353E45E6D0016CAEED0DFA4EC5B0640E2AA22A793F9F2375E77F1AB92977C04 target=07A5DB1A705966B7B3F9519F1A03BAF11A8294F1CE45B520AF5781C424484AC0 sources=["CD3CD2C6", "CD3CD2C6"] t=1790149070423
EPOCH_CLOSE_UNREADY epoch=3 short_of=reports usable=3 weight=170678084415654779174751637950100835585 required=257972812406900700035906606913467302838 held=5 theirs=["911999B2:CD3CD2C6:A74521D6", "A353E45E:07A5DB1A:AB8516B8", "65A90023:07AA3776:7F221017", "633D9D61:CD3CD2C6:4F019BD7", "D315857C:CD3CD2C6:A74521D6"] t=1790149070437
EPOCH_RECON_REQUEST epoch=3 reporter=65A90023F6C0D2181AAA63F005D81BBC0C04650505E21D5123F9AE1F9E992BFF target=07AA37761888C0CF2EA4A0D1665307F283027EFC19B9718552CF6577A638E10E sources=["CD3CD2C6", "CD3CD2C6"] t=1790149070474
EPOCH_CLOSE_UNREADY epoch=3 short_of=reports usable=3 weight=170678084415654779174751637950100835585 required=257972812406900700035906606913467302838 held=5 theirs=["633D9D61:CD3CD2C6:4F019BD7", "911999B2:CD3CD2C6:A74521D6", "65A90023:07AA3776:7F221017", "A353E45E:07A5DB1A:AB8516B8", "D315857C:CD3CD2C6:A74521D6"] t=1790149070487
EPOCH_RECON_REQUEST epoch=3 reporter=A353E45E6D0016CAEED0DFA4EC5B0640E2AA22A793F9F2375E77F1AB92977C04 target=07A5DB1A705966B7B3F9519F1A03BAF11A8294F1CE45B520AF5781C424484AC0 sources=["07AA3776", "07AA3776"] t=1790149070552
EPOCH_CLOSE_UNREADY epoch=3 short_of=reports usable=1 weight=48587150767422214708647349628603188013 required=257972812406900700035906606913467302838 held=5 theirs=["A353E45E:07A5DB1A:AB8516B8", "633D9D61:CD3CD2C6:4F019BD7", "911999B2:CD3CD2C6:A74521D6", "65A90023:07AA3776:7F221017", "D315857C:CD3CD2C6:A74521D6"] t=1790149070566
EPOCH_RECON_REQUEST epoch=3 reporter=A353E45E6D0016CAEED0DFA4EC5B0640E2AA22A793F9F2375E77F1AB92977C04 target=07A5DB1A705966B7B3F9519F1A03BAF11A8294F1CE45B520AF5781C424484AC0 sources=["CD3CD2C6", "CD3CD2C6"] t=1790149070630
EPOCH_RECON_REFUSED epoch=3 target=07A5DB1A705966B7B3F9519F1A03BAF11A8294F1CE45B520AF5781C424484AC0 reason=UnknownTarget sources=["07AA3776", "07AA3776"] t=1790149070856
EPOCH_RECON_REFUSED epoch=3 target=07A5DB1A705966B7B3F9519F1A03BAF11A8294F1CE45B520AF5781C424484AC0 reason=UnknownTarget sources=["07AA3776", "07AA3776"] t=1790149070856
EPOCH_RECON_REFUSED epoch=3 target=07A5DB1A705966B7B3F9519F1A03BAF11A8294F1CE45B520AF5781C424484AC0 reason=UnknownSource sources=["07AA3776", "07AA3776"] t=1790149070856
EPOCH_RECON_REFUSED epoch=3 target=07A5DB1A705966B7B3F9519F1A03BAF11A8294F1CE45B520AF5781C424484AC0 reason=UnknownTarget sources=["07AA3776", "07AA3776"] t=1790149070856
EPOCH_RECON_REFUSED epoch=3 target=07A5DB1A705966B7B3F9519F1A03BAF11A8294F1CE45B520AF5781C424484AC0 reason=UnknownTarget sources=["07AA3776", "07AA3776"] t=1790149070856
[2m2026-09-23T07:37:50.865927Z[0m [32m INFO[0m [2mnanospam::app[0m[2m:[0m Confirmed 42,792 blocks | 2,000 bps | 0 cps | avg conf time: 0 ms
EPOCH_CLOSE_UNREADY epoch=3 short_of=reports usable=3 weight=170678084415654779174751637950100835585 required=257972812406900700035906606913467302838 held=5 theirs=["911999B2:CD3CD2C6:A74521D6", "633D9D61:CD3CD2C6:4F019BD7", "D315857C:CD3CD2C6:A74521D6", "A353E45E:07A5DB1A:AB8516B8", "65A90023:07AA3776:7F221017"] t=1790149071559
EPOCH_RECON_REQUEST epoch=3 reporter=65A90023F6C0D2181AAA63F005D81BBC0C04650505E21D5123F9AE1F9E992BFF target=07AA37761888C0CF2EA4A0D1665307F283027EFC19B9718552CF6577A638E10E sources=["07A5DB1A", "07A5DB1A"] t=1790149071613
EPOCH_CLOSE_UNREADY epoch=3 short_of=reports usable=1 weight=48700929558166212313544458091039491759 required=257972812406900700035906606913467302838 held=5 theirs=["65A90023:07AA3776:7F221017", "633D9D61:CD3CD2C6:4F019BD7", "911999B2:CD3CD2C6:A74521D6", "A353E45E:07A5DB1A:AB8516B8", "D315857C:CD3CD2C6:A74521D6"] t=1790149071628
EPOCH_RECON_REQUEST epoch=3 reporter=A353E45E6D0016CAEED0DFA4EC5B0640E2AA22A793F9F2375E77F1AB92977C04 target=07A5DB1A705966B7B3F9519F1A03BAF11A8294F1CE45B520AF5781C424484AC0 sources=["CD3CD2C6", "CD3CD2C6"] t=1790149071636
EPOCH_CLOSE_UNREADY epoch=3 short_of=reports usable=3 weight=170678084415654779174751637950100835585 required=257972812406900700035906606913467302838 held=5 theirs=["911999B2:CD3CD2C6:A74521D6", "A353E45E:07A5DB1A:AB8516B8", "65A90023:07AA3776:7F221017", "633D9D61:CD3CD2C6:4F019BD7", "D315857C:CD3CD2C6:A74521D6"] t=1790149071649
EPOCH_RECON_REQUEST epoch=3 reporter=65A90023F6C0D2181AAA63F005D81BBC0C04650505E21D5123F9AE1F9E992BFF target=07AA37761888C0CF2EA4A0D1665307F283027EFC19B9718552CF6577A638E10E sources=["CD3CD2C6", "CD3CD2C6"] t=1790149071691
EPOCH_CLOSE_UNREADY epoch=3 short_of=reports usable=3 weight=170678084415654779174751637950100835585 required=257972812406900700035906606913467302838 held=5 theirs=["633D9D61:CD3CD2C6:4F019BD7", "911999B2:CD3CD2C6:A74521D6", "65A90023:07AA3776:7F221017", "A353E45E:07A5DB1A:AB8516B8", "D315857C:CD3CD2C6:A74521D6"] t=1790149071705
EPOCH_RECON_REQUEST epoch=3 reporter=A353E45E6D0016CAEED0DFA4EC5B0640E2AA22A793F9F2375E77F1AB92977C04 target=07A5DB1A705966B7B3F9519F1A03BAF11A8294F1CE45B520AF5781C424484AC0 sources=["07AA3776", "07AA3776"] t=1790149071770
EPOCH_CLOSE_UNREADY epoch=3 short_of=reports usable=1 weight=48587150767422214708647349628603188013 required=257972812406900700035906606913467302838 held=5 theirs=["A353E45E:07A5DB1A:AB8516B8", "633D9D61:CD3CD2C6:4F019BD7", "911999B2:CD3CD2C6:A74521D6", "65A90023:07AA3776:7F221017", "D315857C:CD3CD2C6:A74521D6"] t=1790149071784
EPOCH_RECON_REQUEST epoch=3 reporter=A353E45E6D0016CAEED0DFA4EC5B0640E2AA22A793F9F2375E77F1AB92977C04 target=07A5DB1A705966B7B3F9519F1A03BAF11A8294F1CE45B520AF5781C424484AC0 sources=["CD3CD2C6", "CD3CD2C6"] t=1790149071849
[2m2026-09-23T07:37:51.866957Z[0m [32m INFO[0m [2mnanospam::app[0m[2m:[0m Confirmed 42,792 blocks | 2,000 bps | 0 cps | avg conf time: 0 ms
EPOCH_RECON_REFUSED epoch=3 target=07AA37761888C0CF2EA4A0D1665307F283027EFC19B9718552CF6577A638E10E reason=UnknownTarget sources=["07A5DB1A", "07A5DB1A"] t=1790149071917
EPOCH_RECON_REFUSED epoch=3 target=07AA37761888C0CF2EA4A0D1665307F283027EFC19B9718552CF6577A638E10E reason=UnknownTarget sources=["07A5DB1A", "07A5DB1A"] t=1790149071917
EPOCH_RECON_REFUSED epoch=3 target=07AA37761888C0CF2EA4A0D1665307F283027EFC19B9718552CF6577A638E10E reason=UnknownSource sources=["07A5DB1A", "07A5DB1A"] t=1790149071917
EPOCH_RECON_REFUSED epoch=3 target=07AA37761888C0CF2EA4A0D1665307F283027EFC19B9718552CF6577A638E10E reason=UnknownTarget sources=["07A5DB1A", "07A5DB1A"] t=1790149071917
EPOCH_RECON_REFUSED epoch=3 target=07AA37761888C0CF2EA4A0D1665307F283027EFC19B9718552CF6577A638E10E reason=UnknownTarget sources=["07A5DB1A", "07A5DB1A"] t=1790149071917
EPOCH_CLOSE_UNREADY epoch=3 short_of=reports usable=3 weight=170678084415654779174751637950100835585 required=257972812406900700035906606913467302838 held=5 theirs=["911999B2:CD3CD2C6:A74521D6", "633D9D61:CD3CD2C6:4F019BD7", "D315857C:CD3CD2C6:A74521D6", "A353E45E:07A5DB1A:AB8516B8", "65A90023:07AA3776:7F221017"] t=1790149072770
EPOCH_RECON_REQUEST epoch=3 reporter=65A90023F6C0D2181AAA63F005D81BBC0C04650505E21D5123F9AE1F9E992BFF target=07AA37761888C0CF2EA4A0D1665307F283027EFC19B9718552CF6577A638E10E sources=["07A5DB1A", "07A5DB1A"] t=1790149072823
EPOCH_CLOSE_UNREADY epoch=3 short_of=reports usable=1 weight=48700929558166212313544458091039491759 required=257972812406900700035906606913467302838 held=5 theirs=["65A90023:07AA3776:7F221017", "633D9D61:CD3CD2C6:4F019BD7", "911999B2:CD3CD2C6:A74521D6", "A353E45E:07A5DB1A:AB8516B8", "D315857C:CD3CD2C6:A74521D6"] t=1790149072839
EPOCH_RECON_REQUEST epoch=3 reporter=A353E45E6D0016CAEED0DFA4EC5B0640E2AA22A793F9F2375E77F1AB92977C04 target=07A5DB1A705966B7B3F9519F1A03BAF11A8294F1CE45B520AF5781C424484AC0 sources=["CD3CD2C6", "CD3CD2C6"] t=1790149072850
EPOCH_CLOSE_UNREADY epoch=3 short_of=reports usable=3 weight=170678084415654779174751637950100835585 required=257972812406900700035906606913467302838 held=5 theirs=["911999B2:CD3CD2C6:A74521D6", "A353E45E:07A5DB1A:AB8516B8", "65A90023:07AA3776:7F221017", "633D9D61:CD3CD2C6:4F019BD7", "D315857C:CD3CD2C6:A74521D6"] t=1790149072862
[2m2026-09-23T07:37:52.867404Z[0m [32m INFO[0m [2mnanospam::app[0m[2m:[0m Confirmed 42,792 blocks | 2,000 bps | 0 cps | avg conf time: 0 ms
EPOCH_RECON_REQUEST epoch=3 reporter=65A90023F6C0D2181AAA63F005D81BBC0C04650505E21D5123F9AE1F9E992BFF target=07AA37761888C0CF2EA4A0D1665307F283027EFC19B9718552CF6577A638E10E sources=["CD3CD2C6", "CD3CD2C6"] t=1790149072908
EPOCH_CLOSE_UNREADY epoch=3 short_of=reports usable=3 weight=170678084415654779174751637950100835585 required=257972812406900700035906606913467302838 held=5 theirs=["633D9D61:CD3CD2C6:4F019BD7", "911999B2:CD3CD2C6:A74521D6", "65A90023:07AA3776:7F221017", "A353E45E:07A5DB1A:AB8516B8", "D315857C:CD3CD2C6:A74521D6"] t=1790149072921
EPOCH_RECON_REQUEST epoch=3 reporter=A353E45E6D0016CAEED0DFA4EC5B0640E2AA22A793F9F2375E77F1AB92977C04 target=07A5DB1A705966B7B3F9519F1A03BAF11A8294F1CE45B520AF5781C424484AC0 sources=["07AA3776", "07AA3776"] t=1790149072978
EPOCH_RECON_REFUSED epoch=3 target=07A5DB1A705966B7B3F9519F1A03BAF11A8294F1CE45B520AF5781C424484AC0 reason=UnknownTarget sources=["07AA3776", "07AA3776"] t=1790149072978
EPOCH_RECON_REFUSED epoch=3 target=07A5DB1A705966B7B3F9519F1A03BAF11A8294F1CE45B520AF5781C424484AC0 reason=UnknownSource sources=["07AA3776", "07AA3776"] t=1790149072978
EPOCH_RECON_REFUSED epoch=3 target=07A5DB1A705966B7B3F9519F1A03BAF11A8294F1CE45B520AF5781C424484AC0 reason=UnknownTarget sources=["07AA3776", "07AA3776"] t=1790149072978
EPOCH_RECON_REFUSED epoch=3 target=07A5DB1A705966B7B3F9519F1A03BAF11A8294F1CE45B520AF5781C424484AC0 reason=UnknownTarget sources=["07AA3776", "07AA3776"] t=1790149072978
EPOCH_RECON_REFUSED epoch=3 target=07A5DB1A705966B7B3F9519F1A03BAF11A8294F1CE45B520AF5781C424484AC0 reason=UnknownTarget sources=["07AA3776", "07AA3776"] t=1790149072978
EPOCH_CLOSE_UNREADY epoch=3 short_of=reports usable=1 weight=48587150767422214708647349628603188013 required=257972812406900700035906606913467302838 held=5 theirs=["A353E45E:07A5DB1A:AB8516B8", "633D9D61:CD3CD2C6:4F019BD7", "911999B2:CD3CD2C6:A74521D6", "65A90023:07AA3776:7F221017", "D315857C:CD3CD2C6:A74521D6"] t=1790149072991
EPOCH_RECON_REQUEST epoch=3 reporter=A353E45E6D0016CAEED0DFA4EC5B0640E2AA22A793F9F2375E77F1AB92977C04 target=07A5DB1A705966B7B3F9519F1A03BAF11A8294F1CE45B520AF5781C424484AC0 sources=["CD3CD2C6", "CD3CD2C6"] t=1790149073056
[2m2026-09-23T07:37:53.869570Z[0m [32m INFO[0m [2mnanospam::app[0m[2m:[0m Confirmed 42,792 blocks | 2,000 bps | 0 cps | avg conf time: 0 ms
EPOCH_CLOSE_UNREADY epoch=3 short_of=reports usable=3 weight=170678084415654779174751637950100835585 required=257972812406900700035906606913467302838 held=5 theirs=["911999B2:CD3CD2C6:A74521D6", "633D9D61:CD3CD2C6:4F019BD7", "D315857C:CD3CD2C6:A74521D6", "A353E45E:07A5DB1A:AB8516B8", "65A90023:07AA3776:7F221017"] t=1790149073983
EPOCH_RECON_REQUEST epoch=3 reporter=65A90023F6C0D2181AAA63F005D81BBC0C04650505E21D5123F9AE1F9E992BFF target=07AA37761888C0CF2EA4A0D1665307F283027EFC19B9718552CF6577A638E10E sources=["07A5DB1A", "07A5DB1A"] t=1790149074039
EPOCH_RECON_REFUSED epoch=3 target=07AA37761888C0CF2EA4A0D1665307F283027EFC19B9718552CF6577A638E10E reason=UnknownTarget sources=["07A5DB1A", "07A5DB1A"] t=1790149074039
EPOCH_RECON_REFUSED epoch=3 target=07AA37761888C0CF2EA4A0D1665307F283027EFC19B9718552CF6577A638E10E reason=UnknownTarget sources=["07A5DB1A", "07A5DB1A"] t=1790149074039
EPOCH_RECON_REFUSED epoch=3 target=07AA37761888C0CF2EA4A0D1665307F283027EFC19B9718552CF6577A638E10E reason=UnknownTarget sources=["07A5DB1A", "07A5DB1A"] t=1790149074039
EPOCH_RECON_REFUSED epoch=3 target=07AA37761888C0CF2EA4A0D1665307F283027EFC19B9718552CF6577A638E10E reason=UnknownSource sources=["07A5DB1A", "07A5DB1A"] t=1790149074039
EPOCH_RECON_REFUSED epoch=3 target=07AA37761888C0CF2EA4A0D1665307F283027EFC19B9718552CF6577A638E10E reason=UnknownTarget sources=["07A5DB1A", "07A5DB1A"] t=1790149074039
EPOCH_CLOSE_UNREADY epoch=3 short_of=reports usable=1 weight=48700929558166212313544458091039491759 required=257972812406900700035906606913467302838 held=5 theirs=["65A90023:07AA3776:7F221017", "633D9D61:CD3CD2C6:4F019BD7", "911999B2:CD3CD2C6:A74521D6", "A353E45E:07A5DB1A:AB8516B8", "D315857C:CD3CD2C6:A74521D6"] t=1790149074054
EPOCH_RECON_REQUEST epoch=3 reporter=A353E45E6D0016CAEED0DFA4EC5B0640E2AA22A793F9F2375E77F1AB92977C04 target=07A5DB1A705966B7B3F9519F1A03BAF11A8294F1CE45B520AF5781C424484AC0 sources=["CD3CD2C6", "CD3CD2C6"] t=1790149074059
EPOCH_CLOSE_UNREADY epoch=3 short_of=reports usable=3 weight=170678084415654779174751637950100835585 required=257972812406900700035906606913467302838 held=5 theirs=["911999B2:CD3CD2C6:A74521D6", "A353E45E:07A5DB1A:AB8516B8", "65A90023:07AA3776:7F221017", "633D9D61:CD3CD2C6:4F019BD7", "D315857C:CD3CD2C6:A74521D6"] t=1790149074071
EPOCH_RECON_REQUEST epoch=3 reporter=65A90023F6C0D2181AAA63F005D81BBC0C04650505E21D5123F9AE1F9E992BFF target=07AA37761888C0CF2EA4A0D1665307F283027EFC19B9718552CF6577A638E10E sources=["CD3CD2C6", "CD3CD2C6"] t=1790149074124
EPOCH_CLOSE_UNREADY epoch=3 short_of=reports usable=3 weight=170678084415654779174751637950100835585 required=257972812406900700035906606913467302838 held=5 theirs=["633D9D61:CD3CD2C6:4F019BD7", "911999B2:CD3CD2C6:A74521D6", "65A90023:07AA3776:7F221017", "A353E45E:07A5DB1A:AB8516B8", "D315857C:CD3CD2C6:A74521D6"] t=1790149074136
EPOCH_RECON_REQUEST epoch=3 reporter=A353E45E6D0016CAEED0DFA4EC5B0640E2AA22A793F9F2375E77F1AB92977C04 target=07A5DB1A705966B7B3F9519F1A03BAF11A8294F1CE45B520AF5781C424484AC0 sources=["07AA3776", "07AA3776"] t=1790149074189
EPOCH_CLOSE_UNREADY epoch=3 short_of=reports usable=1 weight=48587150767422214708647349628603188013 required=257972812406900700035906606913467302838 held=5 theirs=["A353E45E:07A5DB1A:AB8516B8", "633D9D61:CD3CD2C6:4F019BD7", "911999B2:CD3CD2C6:A74521D6", "65A90023:07AA3776:7F221017", "D315857C:CD3CD2C6:A74521D6"] t=1790149074198
EPOCH_RECON_REQUEST epoch=3 reporter=A353E45E6D0016CAEED0DFA4EC5B0640E2AA22A793F9F2375E77F1AB92977C04 target=07A5DB1A705966B7B3F9519F1A03BAF11A8294F1CE45B520AF5781C424484AC0 sources=["CD3CD2C6", "CD3CD2C6"] t=1790149074267
[2m2026-09-23T07:37:54.871214Z[0m [32m INFO[0m [2mnanospam::app[0m[2m:[0m Confirmed 42,792 blocks | 2,000 bps | 0 cps | avg conf time: 0 ms
EPOCH_RECON_REFUSED epoch=3 target=07A5DB1A705966B7B3F9519F1A03BAF11A8294F1CE45B520AF5781C424484AC0 reason=UnknownTarget sources=["07AA3776", "8BC45711"] t=1790149075100
EPOCH_RECON_REFUSED epoch=3 target=07A5DB1A705966B7B3F9519F1A03BAF11A8294F1CE45B520AF5781C424484AC0 reason=UnknownTarget sources=["07AA3776", "8BC45711"] t=1790149075100
EPOCH_RECON_REFUSED epoch=3 target=07A5DB1A705966B7B3F9519F1A03BAF11A8294F1CE45B520AF5781C424484AC0 reason=UnknownTarget sources=["07AA3776", "8BC45711"] t=1790149075100
EPOCH_RECON_REFUSED epoch=3 target=07A5DB1A705966B7B3F9519F1A03BAF11A8294F1CE45B520AF5781C424484AC0 reason=UnknownTarget sources=["07AA3776", "8BC45711"] t=1790149075100
EPOCH_RECON_REFUSED epoch=3 target=07A5DB1A705966B7B3F9519F1A03BAF11A8294F1CE45B520AF5781C424484AC0 reason=UnknownSource sources=["07AA3776", "8BC45711"] t=1790149075100
EPOCH_CLOSE_UNREADY epoch=3 short_of=reports usable=3 weight=170678084415654779174751637950100835585 required=257972812406900700035906606913467302838 held=5 theirs=["911999B2:CD3CD2C6:A74521D6", "633D9D61:CD3CD2C6:4F019BD7", "D315857C:CD3CD2C6:A74521D6", "A353E45E:07A5DB1A:AB8516B8", "65A90023:07AA3776:7F221017"] t=1790149075189
EPOCH_RECON_REQUEST epoch=3 reporter=65A90023F6C0D2181AAA63F005D81BBC0C04650505E21D5123F9AE1F9E992BFF target=07AA37761888C0CF2EA4A0D1665307F283027EFC19B9718552CF6577A638E10E sources=["07A5DB1A", "07A5DB1A"] t=1790149075250
EPOCH_CLOSE_UNREADY epoch=3 short_of=reports usable=1 weight=48700929558166212313544458091039491759 required=257972812406900700035906606913467302838 held=5 theirs=["65A90023:07AA3776:7F221017", "633D9D61:CD3CD2C6:4F019BD7", "911999B2:CD3CD2C6:A74521D6", "A353E45E:07A5DB1A:AB8516B8", "D315857C:CD3CD2C6:A74521D6"] t=1790149075260
EPOCH_RECON_REQUEST epoch=3 reporter=A353E45E6D0016CAEED0DFA4EC5B0640E2AA22A793F9F2375E77F1AB92977C04 target=07A5DB1A705966B7B3F9519F1A03BAF11A8294F1CE45B520AF5781C424484AC0 sources=["CD3CD2C6", "CD3CD2C6"] t=1790149075267
EPOCH_CLOSE_UNREADY epoch=3 short_of=reports usable=3 weight=170678084415654779174751637950100835585 required=257972812406900700035906606913467302838 held=5 theirs=["911999B2:CD3CD2C6:A74521D6", "A353E45E:07A5DB1A:AB8516B8", "65A90023:07AA3776:7F221017", "633D9D61:CD3CD2C6:4F019BD7", "D315857C:CD3CD2C6:A74521D6"] t=1790149075276
EPOCH_RECON_REQUEST epoch=3 reporter=65A90023F6C0D2181AAA63F005D81BBC0C04650505E21D5123F9AE1F9E992BFF target=07AA37761888C0CF2EA4A0D1665307F283027EFC19B9718552CF6577A638E10E sources=["CD3CD2C6", "CD3CD2C6"] t=1790149075338
EPOCH_CLOSE_UNREADY epoch=3 short_of=reports usable=3 weight=170678084415654779174751637950100835585 required=257972812406900700035906606913467302838 held=5 theirs=["633D9D61:CD3CD2C6:4F019BD7", "911999B2:CD3CD2C6:A74521D6", "65A90023:07AA3776:7F221017", "A353E45E:07A5DB1A:AB8516B8", "D315857C:CD3CD2C6:A74521D6"] t=1790149075349
EPOCH_RECON_REQUEST epoch=3 reporter=A353E45E6D0016CAEED0DFA4EC5B0640E2AA22A793F9F2375E77F1AB92977C04 target=07A5DB1A705966B7B3F9519F1A03BAF11A8294F1CE45B520AF5781C424484AC0 sources=["07AA3776", "8BC45711"] t=1790149075400
EPOCH_CLOSE_UNREADY epoch=3 short_of=reports usable=1 weight=48587150767422214708647349628603188013 required=257972812406900700035906606913467302838 held=5 theirs=["A353E45E:07A5DB1A:AB8516B8", "633D9D61:CD3CD2C6:4F019BD7", "911999B2:CD3CD2C6:A74521D6", "65A90023:07AA3776:7F221017", "D315857C:CD3CD2C6:A74521D6"] t=1790149075412
EPOCH_RECON_REQUEST epoch=3 reporter=A353E45E6D0016CAEED0DFA4EC5B0640E2AA22A793F9F2375E77F1AB92977C04 target=07A5DB1A705966B7B3F9519F1A03BAF11A8294F1CE45B520AF5781C424484AC0 sources=["CD3CD2C6", "CD3CD2C6"] t=1790149075483
[2m2026-09-23T07:37:55.872511Z[0m [32m INFO[0m [2mnanospam::app[0m[2m:[0m Confirmed 42,792 blocks | 2,000 bps | 0 cps | avg conf time: 0 ms
EPOCH_RECON_REFUSED epoch=3 target=07AA37761888C0CF2EA4A0D1665307F283027EFC19B9718552CF6577A638E10E reason=UnknownTarget sources=["07A5DB1A", "07A5DB1A"] t=1790149076160
EPOCH_RECON_REFUSED epoch=3 target=07AA37761888C0CF2EA4A0D1665307F283027EFC19B9718552CF6577A638E10E reason=UnknownTarget sources=["07A5DB1A", "07A5DB1A"] t=1790149076160
EPOCH_RECON_REFUSED epoch=3 target=07AA37761888C0CF2EA4A0D1665307F283027EFC19B9718552CF6577A638E10E reason=UnknownTarget sources=["07A5DB1A", "07A5DB1A"] t=1790149076160
EPOCH_RECON_REFUSED epoch=3 target=07AA37761888C0CF2EA4A0D1665307F283027EFC19B9718552CF6577A638E10E reason=UnknownTarget sources=["07A5DB1A", "07A5DB1A"] t=1790149076160
EPOCH_RECON_REFUSED epoch=3 target=07AA37761888C0CF2EA4A0D1665307F283027EFC19B9718552CF6577A638E10E reason=UnknownSource sources=["07A5DB1A", "07A5DB1A"] t=1790149076160
EPOCH_CLOSE_UNREADY epoch=3 short_of=reports usable=3 weight=170678084415654779174751637950100835585 required=257972812406900700035906606913467302838 held=5 theirs=["911999B2:CD3CD2C6:A74521D6", "633D9D61:CD3CD2C6:4F019BD7", "D315857C:CD3CD2C6:A74521D6", "A353E45E:07A5DB1A:AB8516B8", "65A90023:07AA3776:7F221017"] t=1790149076398
EPOCH_RECON_REQUEST epoch=3 reporter=65A90023F6C0D2181AAA63F005D81BBC0C04650505E21D5123F9AE1F9E992BFF target=07AA37761888C0CF2EA4A0D1665307F283027EFC19B9718552CF6577A638E10E sources=["07A5DB1A", "07A5DB1A"] t=1790149076464
EPOCH_CLOSE_UNREADY epoch=3 short_of=reports usable=1 weight=48700929558166212313544458091039491759 required=257972812406900700035906606913467302838 held=5 theirs=["65A90023:07AA3776:7F221017", "633D9D61:CD3CD2C6:4F019BD7", "911999B2:CD3CD2C6:A74521D6", "A353E45E:07A5DB1A:AB8516B8", "D315857C:CD3CD2C6:A74521D6"] t=1790149076474
EPOCH_RECON_REQUEST epoch=3 reporter=A353E45E6D0016CAEED0DFA4EC5B0640E2AA22A793F9F2375E77F1AB92977C04 target=07A5DB1A705966B7B3F9519F1A03BAF11A8294F1CE45B520AF5781C424484AC0 sources=["CD3CD2C6", "CD3CD2C6"] t=1790149076485
EPOCH_CLOSE_UNREADY epoch=3 short_of=reports usable=3 weight=170678084415654779174751637950100835585 required=257972812406900700035906606913467302838 held=5 theirs=["911999B2:CD3CD2C6:A74521D6", "A353E45E:07A5DB1A:AB8516B8", "65A90023:07AA3776:7F221017", "633D9D61:CD3CD2C6:4F019BD7", "D315857C:CD3CD2C6:A74521D6"] t=1790149076494
EPOCH_RECON_REQUEST epoch=3 reporter=65A90023F6C0D2181AAA63F005D81BBC0C04650505E21D5123F9AE1F9E992BFF target=07AA37761888C0CF2EA4A0D1665307F283027EFC19B9718552CF6577A638E10E sources=["CD3CD2C6", "CD3CD2C6"] t=1790149076554
EPOCH_CLOSE_UNREADY epoch=3 short_of=reports usable=3 weight=170678084415654779174751637950100835585 required=257972812406900700035906606913467302838 held=5 theirs=["633D9D61:CD3CD2C6:4F019BD7", "911999B2:CD3CD2C6:A74521D6", "65A90023:07AA3776:7F221017", "A353E45E:07A5DB1A:AB8516B8", "D315857C:CD3CD2C6:A74521D6"] t=1790149076564
EPOCH_RECON_REQUEST epoch=3 reporter=A353E45E6D0016CAEED0DFA4EC5B0640E2AA22A793F9F2375E77F1AB92977C04 target=07A5DB1A705966B7B3F9519F1A03BAF11A8294F1CE45B520AF5781C424484AC0 sources=["07AA3776", "8BC45711"] t=1790149076616
EPOCH_CLOSE_UNREADY epoch=3 short_of=reports usable=1 weight=48587150767422214708647349628603188013 required=257972812406900700035906606913467302838 held=5 theirs=["A353E45E:07A5DB1A:AB8516B8", "633D9D61:CD3CD2C6:4F019BD7", "911999B2:CD3CD2C6:A74521D6", "65A90023:07AA3776:7F221017", "D315857C:CD3CD2C6:A74521D6"] t=1790149076627
EPOCH_RECON_REQUEST epoch=3 reporter=A353E45E6D0016CAEED0DFA4EC5B0640E2AA22A793F9F2375E77F1AB92977C04 target=07A5DB1A705966B7B3F9519F1A03BAF11A8294F1CE45B520AF5781C424484AC0 sources=["CD3CD2C6", "CD3CD2C6"] t=1790149076694
[2m2026-09-23T07:37:56.873721Z[0m [32m INFO[0m [2mnanospam::app[0m[2m:[0m Confirmed 42,792 blocks | 2,000 bps | 0 cps | avg conf time: 0 ms
EPOCH_RECON_REFUSED epoch=3 target=07AA37761888C0CF2EA4A0D1665307F283027EFC19B9718552CF6577A638E10E reason=UnknownTarget sources=["CD3CD2C6", "CD3CD2C6"] t=1790149077164
EPOCH_RECON_REFUSED epoch=3 target=07AA37761888C0CF2EA4A0D1665307F283027EFC19B9718552CF6577A638E10E reason=UnknownSource sources=["CD3CD2C6", "CD3CD2C6"] t=1790149077164
EPOCH_RECON_REFUSED epoch=3 target=07AA37761888C0CF2EA4A0D1665307F283027EFC19B9718552CF6577A638E10E reason=UnknownTarget sources=["CD3CD2C6", "CD3CD2C6"] t=1790149077164
EPOCH_RECON_REFUSED epoch=3 target=07AA37761888C0CF2EA4A0D1665307F283027EFC19B9718552CF6577A638E10E reason=UnknownTarget sources=["CD3CD2C6", "CD3CD2C6"] t=1790149077164
EPOCH_RECON_REFUSED epoch=3 target=07AA37761888C0CF2EA4A0D1665307F283027EFC19B9718552CF6577A638E10E reason=UnknownTarget sources=["CD3CD2C6", "CD3CD2C6"] t=1790149077164
EPOCH_CLOSE_UNREADY epoch=3 short_of=reports usable=3 weight=170678084415654779174751637950100835585 required=257972812406900700035906606913467302838 held=5 theirs=["911999B2:CD3CD2C6:A74521D6", "633D9D61:CD3CD2C6:4F019BD7", "D315857C:CD3CD2C6:A74521D6", "A353E45E:07A5DB1A:AB8516B8", "65A90023:07AA3776:7F221017"] t=1790149077613
EPOCH_RECON_REQUEST epoch=3 reporter=65A90023F6C0D2181AAA63F005D81BBC0C04650505E21D5123F9AE1F9E992BFF target=07AA37761888C0CF2EA4A0D1665307F283027EFC19B9718552CF6577A638E10E sources=["07A5DB1A", "07A5DB1A"] t=1790149077684
EPOCH_CLOSE_UNREADY epoch=3 short_of=reports usable=1 weight=48700929558166212313544458091039491759 required=257972812406900700035906606913467302838 held=5 theirs=["65A90023:07AA3776:7F221017", "633D9D61:CD3CD2C6:4F019BD7", "911999B2:CD3CD2C6:A74521D6", "A353E45E:07A5DB1A:AB8516B8", "D315857C:CD3CD2C6:A74521D6"] t=1790149077698
EPOCH_RECON_REQUEST epoch=3 reporter=A353E45E6D0016CAEED0DFA4EC5B0640E2AA22A793F9F2375E77F1AB92977C04 target=07A5DB1A705966B7B3F9519F1A03BAF11A8294F1CE45B520AF5781C424484AC0 sources=["CD3CD2C6", "CD3CD2C6"] t=1790149077698
EPOCH_CLOSE_UNREADY epoch=3 short_of=reports usable=3 weight=170678084415654779174751637950100835585 required=257972812406900700035906606913467302838 held=5 theirs=["911999B2:CD3CD2C6:A74521D6", "A353E45E:07A5DB1A:AB8516B8", "65A90023:07AA3776:7F221017", "633D9D61:CD3CD2C6:4F019BD7", "D315857C:CD3CD2C6:A74521D6"] t=1790149077710
EPOCH_RECON_REQUEST epoch=3 reporter=65A90023F6C0D2181AAA63F005D81BBC0C04650505E21D5123F9AE1F9E992BFF target=07AA37761888C0CF2EA4A0D1665307F283027EFC19B9718552CF6577A638E10E sources=["CD3CD2C6", "CD3CD2C6"] t=1790149077767
EPOCH_CLOSE_UNREADY epoch=3 short_of=reports usable=3 weight=170678084415654779174751637950100835585 required=257972812406900700035906606913467302838 held=5 theirs=["633D9D61:CD3CD2C6:4F019BD7", "911999B2:CD3CD2C6:A74521D6", "65A90023:07AA3776:7F221017", "A353E45E:07A5DB1A:AB8516B8", "D315857C:CD3CD2C6:A74521D6"] t=1790149077780
EPOCH_RECON_REQUEST epoch=3 reporter=A353E45E6D0016CAEED0DFA4EC5B0640E2AA22A793F9F2375E77F1AB92977C04 target=07A5DB1A705966B7B3F9519F1A03BAF11A8294F1CE45B520AF5781C424484AC0 sources=["07AA3776", "8BC45711"] t=1790149077828
EPOCH_CLOSE_UNREADY epoch=3 short_of=reports usable=1 weight=48587150767422214708647349628603188013 required=257972812406900700035906606913467302838 held=5 theirs=["A353E45E:07A5DB1A:AB8516B8", "633D9D61:CD3CD2C6:4F019BD7", "911999B2:CD3CD2C6:A74521D6", "65A90023:07AA3776:7F221017", "D315857C:CD3CD2C6:A74521D6"] t=1790149077841
[2m2026-09-23T07:37:57.875443Z[0m [32m INFO[0m [2mnanospam::app[0m[2m:[0m Confirmed 42,792 blocks | 2,000 bps | 0 cps | avg conf time: 0 ms
EPOCH_RECON_REQUEST epoch=3 reporter=A353E45E6D0016CAEED0DFA4EC5B0640E2AA22A793F9F2375E77F1AB92977C04 target=07A5DB1A705966B7B3F9519F1A03BAF11A8294F1CE45B520AF5781C424484AC0 sources=["CD3CD2C6", "CD3CD2C6"] t=1790149077905
EPOCH_RECON_REFUSED epoch=3 target=07A5DB1A705966B7B3F9519F1A03BAF11A8294F1CE45B520AF5781C424484AC0 reason=UnknownTarget sources=["CD3CD2C6", "CD3CD2C6"] t=1790149078208
EPOCH_RECON_REFUSED epoch=3 target=07A5DB1A705966B7B3F9519F1A03BAF11A8294F1CE45B520AF5781C424484AC0 reason=UnknownTarget sources=["CD3CD2C6", "CD3CD2C6"] t=1790149078208
EPOCH_RECON_REFUSED epoch=3 target=07A5DB1A705966B7B3F9519F1A03BAF11A8294F1CE45B520AF5781C424484AC0 reason=UnknownTarget sources=["CD3CD2C6", "CD3CD2C6"] t=1790149078208
EPOCH_RECON_REFUSED epoch=3 target=07A5DB1A705966B7B3F9519F1A03BAF11A8294F1CE45B520AF5781C424484AC0 reason=UnknownSource sources=["CD3CD2C6", "CD3CD2C6"] t=1790149078208
EPOCH_RECON_REFUSED epoch=3 target=07A5DB1A705966B7B3F9519F1A03BAF11A8294F1CE45B520AF5781C424484AC0 reason=UnknownTarget sources=["CD3CD2C6", "CD3CD2C6"] t=1790149078208
EPOCH_CLOSE_UNREADY epoch=3 short_of=reports usable=3 weight=170678084415654779174751637950100835585 required=257972812406900700035906606913467302838 held=5 theirs=["911999B2:CD3CD2C6:A74521D6", "633D9D61:CD3CD2C6:4F019BD7", "D315857C:CD3CD2C6:A74521D6", "A353E45E:07A5DB1A:AB8516B8", "65A90023:07AA3776:7F221017"] t=1790149078827
[2m2026-09-23T07:37:58.877190Z[0m [32m INFO[0m [2mnanospam::app[0m[2m:[0m Confirmed 42,792 blocks | 2,000 bps | 0 cps | avg conf time: 0 ms
EPOCH_RECON_REQUEST epoch=3 reporter=65A90023F6C0D2181AAA63F005D81BBC0C04650505E21D5123F9AE1F9E992BFF target=07AA37761888C0CF2EA4A0D1665307F283027EFC19B9718552CF6577A638E10E sources=["07A5DB1A", "07A5DB1A"] t=1790149078897
EPOCH_RECON_REQUEST epoch=3 reporter=A353E45E6D0016CAEED0DFA4EC5B0640E2AA22A793F9F2375E77F1AB92977C04 target=07A5DB1A705966B7B3F9519F1A03BAF11A8294F1CE45B520AF5781C424484AC0 sources=["CD3CD2C6", "CD3CD2C6"] t=1790149078911
EPOCH_CLOSE_UNREADY epoch=3 short_of=reports usable=1 weight=48700929558166212313544458091039491759 required=257972812406900700035906606913467302838 held=5 theirs=["65A90023:07AA3776:7F221017", "633D9D61:CD3CD2C6:4F019BD7", "911999B2:CD3CD2C6:A74521D6", "A353E45E:07A5DB1A:AB8516B8", "D315857C:CD3CD2C6:A74521D6"] t=1790149078913
EPOCH_CLOSE_UNREADY epoch=3 short_of=reports usable=3 weight=170678084415654779174751637950100835585 required=257972812406900700035906606913467302838 held=5 theirs=["911999B2:CD3CD2C6:A74521D6", "A353E45E:07A5DB1A:AB8516B8", "65A90023:07AA3776:7F221017", "633D9D61:CD3CD2C6:4F019BD7", "D315857C:CD3CD2C6:A74521D6"] t=1790149078925
EPOCH_RECON_REQUEST epoch=3 reporter=65A90023F6C0D2181AAA63F005D81BBC0C04650505E21D5123F9AE1F9E992BFF target=07AA37761888C0CF2EA4A0D1665307F283027EFC19B9718552CF6577A638E10E sources=["CD3CD2C6", "CD3CD2C6"] t=1790149078974
EPOCH_CLOSE_UNREADY epoch=3 short_of=reports usable=3 weight=170678084415654779174751637950100835585 required=257972812406900700035906606913467302838 held=5 theirs=["633D9D61:CD3CD2C6:4F019BD7", "911999B2:CD3CD2C6:A74521D6", "65A90023:07AA3776:7F221017", "A353E45E:07A5DB1A:AB8516B8", "D315857C:CD3CD2C6:A74521D6"] t=1790149078989
EPOCH_RECON_REQUEST epoch=3 reporter=A353E45E6D0016CAEED0DFA4EC5B0640E2AA22A793F9F2375E77F1AB92977C04 target=07A5DB1A705966B7B3F9519F1A03BAF11A8294F1CE45B520AF5781C424484AC0 sources=["07AA3776", "8BC45711"] t=1790149079046
EPOCH_CLOSE_UNREADY epoch=3 short_of=reports usable=1 weight=48587150767422214708647349628603188013 required=257972812406900700035906606913467302838 held=5 theirs=["A353E45E:07A5DB1A:AB8516B8", "633D9D61:CD3CD2C6:4F019BD7", "911999B2:CD3CD2C6:A74521D6", "65A90023:07AA3776:7F221017", "D315857C:CD3CD2C6:A74521D6"] t=1790149079058
EPOCH_RECON_REQUEST epoch=3 reporter=A353E45E6D0016CAEED0DFA4EC5B0640E2AA22A793F9F2375E77F1AB92977C04 target=07A5DB1A705966B7B3F9519F1A03BAF11A8294F1CE45B520AF5781C424484AC0 sources=["CD3CD2C6", "CD3CD2C6"] t=1790149079116
EPOCH_RECON_REFUSED epoch=3 target=07A5DB1A705966B7B3F9519F1A03BAF11A8294F1CE45B520AF5781C424484AC0 reason=UnknownTarget sources=["CD3CD2C6", "CD3CD2C6"] t=1790149079216
EPOCH_RECON_REFUSED epoch=3 target=07A5DB1A705966B7B3F9519F1A03BAF11A8294F1CE45B520AF5781C424484AC0 reason=UnknownTarget sources=["CD3CD2C6", "CD3CD2C6"] t=1790149079216
EPOCH_RECON_REFUSED epoch=3 target=07A5DB1A705966B7B3F9519F1A03BAF11A8294F1CE45B520AF5781C424484AC0 reason=UnknownSource sources=["CD3CD2C6", "CD3CD2C6"] t=1790149079216
EPOCH_RECON_REFUSED epoch=3 target=07A5DB1A705966B7B3F9519F1A03BAF11A8294F1CE45B520AF5781C424484AC0 reason=UnknownTarget sources=["CD3CD2C6", "CD3CD2C6"] t=1790149079216
EPOCH_RECON_REFUSED epoch=3 target=07A5DB1A705966B7B3F9519F1A03BAF11A8294F1CE45B520AF5781C424484AC0 reason=UnknownTarget sources=["CD3CD2C6", "CD3CD2C6"] t=1790149079216
[2m2026-09-23T07:37:59.879001Z[0m [32m INFO[0m [2mnanospam::app[0m[2m:[0m Confirmed 42,792 blocks | 2,000 bps | 0 cps | avg conf time: 0 ms
EPOCH_CLOSE_UNREADY epoch=3 short_of=reports usable=3 weight=170678084415654779174751637950100835585 required=257972812406900700035906606913467302838 held=5 theirs=["911999B2:CD3CD2C6:A74521D6", "633D9D61:CD3CD2C6:4F019BD7", "D315857C:CD3CD2C6:A74521D6", "A353E45E:07A5DB1A:AB8516B8", "65A90023:07AA3776:7F221017"] t=1790149080039
EPOCH_RECON_REQUEST epoch=3 reporter=65A90023F6C0D2181AAA63F005D81BBC0C04650505E21D5123F9AE1F9E992BFF target=07AA37761888C0CF2EA4A0D1665307F283027EFC19B9718552CF6577A638E10E sources=["07A5DB1A", "07A5DB1A"] t=1790149080112
EPOCH_CLOSE_UNREADY epoch=3 short_of=reports usable=1 weight=48700929558166212313544458091039491759 required=257972812406900700035906606913467302838 held=5 theirs=["65A90023:07AA3776:7F221017", "633D9D61:CD3CD2C6:4F019BD7", "911999B2:CD3CD2C6:A74521D6", "A353E45E:07A5DB1A:AB8516B8", "D315857C:CD3CD2C6:A74521D6"] t=1790149080123
EPOCH_RECON_REQUEST epoch=3 reporter=A353E45E6D0016CAEED0DFA4EC5B0640E2AA22A793F9F2375E77F1AB92977C04 target=07A5DB1A705966B7B3F9519F1A03BAF11A8294F1CE45B520AF5781C424484AC0 sources=["CD3CD2C6", "CD3CD2C6"] t=1790149080125
EPOCH_CLOSE_UNREADY epoch=3 short_of=reports usable=3 weight=170678084415654779174751637950100835585 required=257972812406900700035906606913467302838 held=5 theirs=["911999B2:CD3CD2C6:A74521D6", "A353E45E:07A5DB1A:AB8516B8", "65A90023:07AA3776:7F221017", "633D9D61:CD3CD2C6:4F019BD7", "D315857C:CD3CD2C6:A74521D6"] t=1790149080135
EPOCH_RECON_REQUEST epoch=3 reporter=65A90023F6C0D2181AAA63F005D81BBC0C04650505E21D5123F9AE1F9E992BFF target=07AA37761888C0CF2EA4A0D1665307F283027EFC19B9718552CF6577A638E10E sources=["CD3CD2C6", "CD3CD2C6"] t=1790149080190
EPOCH_CLOSE_UNREADY epoch=3 short_of=reports usable=3 weight=170678084415654779174751637950100835585 required=257972812406900700035906606913467302838 held=5 theirs=["633D9D61:CD3CD2C6:4F019BD7", "911999B2:CD3CD2C6:A74521D6", "65A90023:07AA3776:7F221017", "A353E45E:07A5DB1A:AB8516B8", "D315857C:CD3CD2C6:A74521D6"] t=1790149080201
EPOCH_RECON_REQUEST epoch=3 reporter=A353E45E6D0016CAEED0DFA4EC5B0640E2AA22A793F9F2375E77F1AB92977C04 target=07A5DB1A705966B7B3F9519F1A03BAF11A8294F1CE45B520AF5781C424484AC0 sources=["07AA3776", "8BC45711"] t=1790149080263
EPOCH_RECON_REFUSED epoch=3 target=07A5DB1A705966B7B3F9519F1A03BAF11A8294F1CE45B520AF5781C424484AC0 reason=UnknownTarget sources=["07AA3776", "8BC45711"] t=1790149080263
EPOCH_RECON_REFUSED epoch=3 target=07A5DB1A705966B7B3F9519F1A03BAF11A8294F1CE45B520AF5781C424484AC0 reason=UnknownTarget sources=["07AA3776", "8BC45711"] t=1790149080263
EPOCH_RECON_REFUSED epoch=3 target=07A5DB1A705966B7B3F9519F1A03BAF11A8294F1CE45B520AF5781C424484AC0 reason=UnknownTarget sources=["07AA3776", "8BC45711"] t=1790149080263
EPOCH_RECON_REFUSED epoch=3 target=07A5DB1A705966B7B3F9519F1A03BAF11A8294F1CE45B520AF5781C424484AC0 reason=UnknownSource sources=["07AA3776", "8BC45711"] t=1790149080263
EPOCH_RECON_REFUSED epoch=3 target=07A5DB1A705966B7B3F9519F1A03BAF11A8294F1CE45B520AF5781C424484AC0 reason=UnknownTarget sources=["07AA3776", "8BC45711"] t=1790149080263
EPOCH_CLOSE_UNREADY epoch=3 short_of=reports usable=1 weight=48587150767422214708647349628603188013 required=257972812406900700035906606913467302838 held=5 theirs=["A353E45E:07A5DB1A:AB8516B8", "633D9D61:CD3CD2C6:4F019BD7", "911999B2:CD3CD2C6:A74521D6", "65A90023:07AA3776:7F221017", "D315857C:CD3CD2C6:A74521D6"] t=1790149080276
EPOCH_RECON_REQUEST epoch=3 reporter=A353E45E6D0016CAEED0DFA4EC5B0640E2AA22A793F9F2375E77F1AB92977C04 target=07A5DB1A705966B7B3F9519F1A03BAF11A8294F1CE45B520AF5781C424484AC0 sources=["CD3CD2C6", "CD3CD2C6"] t=1790149080334
[2m2026-09-23T07:38:00.881660Z[0m [32m INFO[0m [2mnanospam::app[0m[2m:[0m Confirmed 42,792 blocks | 2,000 bps | 0 cps | avg conf time: 0 ms
EPOCH_CLOSE_UNREADY epoch=3 short_of=reports usable=3 weight=170678084415654779174751637950100835585 required=257972812406900700035906606913467302838 held=5 theirs=["911999B2:CD3CD2C6:A74521D6", "633D9D61:CD3CD2C6:4F019BD7", "D315857C:CD3CD2C6:A74521D6", "A353E45E:07A5DB1A:AB8516B8", "65A90023:07AA3776:7F221017"] t=1790149081258
EPOCH_RECON_REQUEST epoch=3 reporter=65A90023F6C0D2181AAA63F005D81BBC0C04650505E21D5123F9AE1F9E992BFF target=07AA37761888C0CF2EA4A0D1665307F283027EFC19B9718552CF6577A638E10E sources=["07A5DB1A", "07A5DB1A"] t=1790149081329
EPOCH_RECON_REFUSED epoch=3 target=07AA37761888C0CF2EA4A0D1665307F283027EFC19B9718552CF6577A638E10E reason=UnknownTarget sources=["07A5DB1A", "07A5DB1A"] t=1790149081329
EPOCH_RECON_REFUSED epoch=3 target=07AA37761888C0CF2EA4A0D1665307F283027EFC19B9718552CF6577A638E10E reason=UnknownSource sources=["07A5DB1A", "07A5DB1A"] t=1790149081329
EPOCH_RECON_REFUSED epoch=3 target=07AA37761888C0CF2EA4A0D1665307F283027EFC19B9718552CF6577A638E10E reason=UnknownTarget sources=["07A5DB1A", "07A5DB1A"] t=1790149081329
EPOCH_RECON_REFUSED epoch=3 target=07AA37761888C0CF2EA4A0D1665307F283027EFC19B9718552CF6577A638E10E reason=UnknownTarget sources=["07A5DB1A", "07A5DB1A"] t=1790149081329
EPOCH_RECON_REFUSED epoch=3 target=07AA37761888C0CF2EA4A0D1665307F283027EFC19B9718552CF6577A638E10E reason=UnknownTarget sources=["07A5DB1A", "07A5DB1A"] t=1790149081329
EPOCH_RECON_REQUEST epoch=3 reporter=A353E45E6D0016CAEED0DFA4EC5B0640E2AA22A793F9F2375E77F1AB92977C04 target=07A5DB1A705966B7B3F9519F1A03BAF11A8294F1CE45B520AF5781C424484AC0 sources=["CD3CD2C6", "CD3CD2C6"] t=1790149081335
EPOCH_CLOSE_UNREADY epoch=3 short_of=reports usable=1 weight=48700929558166212313544458091039491759 required=257972812406900700035906606913467302838 held=5 theirs=["65A90023:07AA3776:7F221017", "633D9D61:CD3CD2C6:4F019BD7", "911999B2:CD3CD2C6:A74521D6", "A353E45E:07A5DB1A:AB8516B8", "D315857C:CD3CD2C6:A74521D6"] t=1790149081345
EPOCH_CLOSE_UNREADY epoch=3 short_of=reports usable=3 weight=170678084415654779174751637950100835585 required=257972812406900700035906606913467302838 held=5 theirs=["911999B2:CD3CD2C6:A74521D6", "A353E45E:07A5DB1A:AB8516B8", "65A90023:07AA3776:7F221017", "633D9D61:CD3CD2C6:4F019BD7", "D315857C:CD3CD2C6:A74521D6"] t=1790149081349
EPOCH_RECON_REQUEST epoch=3 reporter=65A90023F6C0D2181AAA63F005D81BBC0C04650505E21D5123F9AE1F9E992BFF target=07AA37761888C0CF2EA4A0D1665307F283027EFC19B9718552CF6577A638E10E sources=["CD3CD2C6", "CD3CD2C6"] t=1790149081401
EPOCH_CLOSE_UNREADY epoch=3 short_of=reports usable=3 weight=170678084415654779174751637950100835585 required=257972812406900700035906606913467302838 held=5 theirs=["633D9D61:CD3CD2C6:4F019BD7", "911999B2:CD3CD2C6:A74521D6", "65A90023:07AA3776:7F221017", "A353E45E:07A5DB1A:AB8516B8", "D315857C:CD3CD2C6:A74521D6"] t=1790149081417
EPOCH_CLOSE_UNREADY epoch=3 short_of=reports usable=1 weight=48587150767422214708647349628603188013 required=257972812406900700035906606913467302838 held=5 theirs=["A353E45E:07A5DB1A:AB8516B8", "633D9D61:CD3CD2C6:4F019BD7", "911999B2:CD3CD2C6:A74521D6", "65A90023:07AA3776:7F221017", "D315857C:CD3CD2C6:A74521D6"] t=1790149081482
EPOCH_RECON_REQUEST epoch=3 reporter=A353E45E6D0016CAEED0DFA4EC5B0640E2AA22A793F9F2375E77F1AB92977C04 target=07A5DB1A705966B7B3F9519F1A03BAF11A8294F1CE45B520AF5781C424484AC0 sources=["CD3CD2C6", "CD3CD2C6"] t=1790149081545
EPOCH_RECON_REQUEST epoch=3 reporter=A353E45E6D0016CAEED0DFA4EC5B0640E2AA22A793F9F2375E77F1AB92977C04 target=07A5DB1A705966B7B3F9519F1A03BAF11A8294F1CE45B520AF5781C424484AC0 sources=["07AA3776", "8BC45711"] t=1790149081776
[2m2026-09-23T07:38:01.883179Z[0m [32m INFO[0m [2mnanospam::app[0m[2m:[0m Confirmed 42,792 blocks | 2,000 bps | 0 cps | avg conf time: 0 ms
EPOCH_RECON_REFUSED epoch=3 target=07A5DB1A705966B7B3F9519F1A03BAF11A8294F1CE45B520AF5781C424484AC0 reason=UnknownTarget sources=["07AA3776", "8BC45711"] t=1790149082382
EPOCH_RECON_REFUSED epoch=3 target=07A5DB1A705966B7B3F9519F1A03BAF11A8294F1CE45B520AF5781C424484AC0 reason=UnknownTarget sources=["07AA3776", "8BC45711"] t=1790149082382
EPOCH_RECON_REFUSED epoch=3 target=07A5DB1A705966B7B3F9519F1A03BAF11A8294F1CE45B520AF5781C424484AC0 reason=UnknownTarget sources=["07AA3776", "8BC45711"] t=1790149082382
EPOCH_RECON_REFUSED epoch=3 target=07A5DB1A705966B7B3F9519F1A03BAF11A8294F1CE45B520AF5781C424484AC0 reason=UnknownSource sources=["07AA3776", "8BC45711"] t=1790149082382
EPOCH_RECON_REFUSED epoch=3 target=07A5DB1A705966B7B3F9519F1A03BAF11A8294F1CE45B520AF5781C424484AC0 reason=UnknownTarget sources=["07AA3776", "8BC45711"] t=1790149082382
EPOCH_CLOSE_UNREADY epoch=3 short_of=reports usable=3 weight=170678084415654779174751637950100835585 required=257972812406900700035906606913467302838 held=5 theirs=["911999B2:CD3CD2C6:A74521D6", "633D9D61:CD3CD2C6:4F019BD7", "D315857C:CD3CD2C6:A74521D6", "A353E45E:07A5DB1A:AB8516B8", "65A90023:07AA3776:7F221017"] t=1790149082469
EPOCH_RECON_REQUEST epoch=3 reporter=65A90023F6C0D2181AAA63F005D81BBC0C04650505E21D5123F9AE1F9E992BFF target=07AA37761888C0CF2EA4A0D1665307F283027EFC19B9718552CF6577A638E10E sources=["07A5DB1A", "07A5DB1A"] t=1790149082541
EPOCH_RECON_REQUEST epoch=3 reporter=A353E45E6D0016CAEED0DFA4EC5B0640E2AA22A793F9F2375E77F1AB92977C04 target=07A5DB1A705966B7B3F9519F1A03BAF11A8294F1CE45B520AF5781C424484AC0 sources=["CD3CD2C6", "CD3CD2C6"] t=1790149082547
EPOCH_CLOSE_UNREADY epoch=3 short_of=reports usable=1 weight=48700929558166212313544458091039491759 required=257972812406900700035906606913467302838 held=5 theirs=["65A90023:07AA3776:7F221017", "633D9D61:CD3CD2C6:4F019BD7", "911999B2:CD3CD2C6:A74521D6", "A353E45E:07A5DB1A:AB8516B8", "D315857C:CD3CD2C6:A74521D6"] t=1790149082548
EPOCH_CLOSE_UNREADY epoch=3 short_of=reports usable=3 weight=170678084415654779174751637950100835585 required=257972812406900700035906606913467302838 held=5 theirs=["911999B2:CD3CD2C6:A74521D6", "A353E45E:07A5DB1A:AB8516B8", "65A90023:07AA3776:7F221017", "633D9D61:CD3CD2C6:4F019BD7", "D315857C:CD3CD2C6:A74521D6"] t=1790149082554
EPOCH_RECON_REQUEST epoch=3 reporter=65A90023F6C0D2181AAA63F005D81BBC0C04650505E21D5123F9AE1F9E992BFF target=07AA37761888C0CF2EA4A0D1665307F283027EFC19B9718552CF6577A638E10E sources=["CD3CD2C6", "CD3CD2C6"] t=1790149082617
EPOCH_CLOSE_UNREADY epoch=3 short_of=reports usable=3 weight=170678084415654779174751637950100835585 required=257972812406900700035906606913467302838 held=5 theirs=["633D9D61:CD3CD2C6:4F019BD7", "911999B2:CD3CD2C6:A74521D6", "65A90023:07AA3776:7F221017", "A353E45E:07A5DB1A:AB8516B8", "D315857C:CD3CD2C6:A74521D6"] t=1790149082626
EPOCH_CLOSE_UNREADY epoch=3 short_of=reports usable=1 weight=48587150767422214708647349628603188013 required=257972812406900700035906606913467302838 held=5 theirs=["A353E45E:07A5DB1A:AB8516B8", "633D9D61:CD3CD2C6:4F019BD7", "911999B2:CD3CD2C6:A74521D6", "65A90023:07AA3776:7F221017", "D315857C:CD3CD2C6:A74521D6"] t=1790149082692
EPOCH_RECON_REQUEST epoch=3 reporter=A353E45E6D0016CAEED0DFA4EC5B0640E2AA22A793F9F2375E77F1AB92977C04 target=07A5DB1A705966B7B3F9519F1A03BAF11A8294F1CE45B520AF5781C424484AC0 sources=["CD3CD2C6", "CD3CD2C6"] t=1790149082762
[2m2026-09-23T07:38:02.885397Z[0m [32m INFO[0m [2mnanospam::app[0m[2m:[0m Confirmed 42,792 blocks | 2,000 bps | 0 cps | avg conf time: 0 ms
EPOCH_RECON_REQUEST epoch=3 reporter=A353E45E6D0016CAEED0DFA4EC5B0640E2AA22A793F9F2375E77F1AB92977C04 target=07A5DB1A705966B7B3F9519F1A03BAF11A8294F1CE45B520AF5781C424484AC0 sources=["07AA3776", "8BC45711"] t=1790149082990
EPOCH_RECON_REFUSED epoch=3 target=07AA37761888C0CF2EA4A0D1665307F283027EFC19B9718552CF6577A638E10E reason=UnknownSource sources=["07A5DB1A", "07A5DB1A"] t=1790149083453
EPOCH_RECON_REFUSED epoch=3 target=07AA37761888C0CF2EA4A0D1665307F283027EFC19B9718552CF6577A638E10E reason=UnknownTarget sources=["07A5DB1A", "07A5DB1A"] t=1790149083453
EPOCH_RECON_REFUSED epoch=3 target=07AA37761888C0CF2EA4A0D1665307F283027EFC19B9718552CF6577A638E10E reason=UnknownTarget sources=["07A5DB1A", "07A5DB1A"] t=1790149083453
EPOCH_RECON_REFUSED epoch=3 target=07AA37761888C0CF2EA4A0D1665307F283027EFC19B9718552CF6577A638E10E reason=UnknownTarget sources=["07A5DB1A", "07A5DB1A"] t=1790149083453
EPOCH_RECON_REFUSED epoch=3 target=07AA37761888C0CF2EA4A0D1665307F283027EFC19B9718552CF6577A638E10E reason=UnknownTarget sources=["07A5DB1A", "07A5DB1A"] t=1790149083453
EPOCH_CLOSE_UNREADY epoch=3 short_of=reports usable=3 weight=170678084415654779174751637950100835585 required=257972812406900700035906606913467302838 held=5 theirs=["911999B2:CD3CD2C6:A74521D6", "633D9D61:CD3CD2C6:4F019BD7", "D315857C:CD3CD2C6:A74521D6", "A353E45E:07A5DB1A:AB8516B8", "65A90023:07AA3776:7F221017"] t=1790149083684
EPOCH_RECON_REQUEST epoch=3 reporter=65A90023F6C0D2181AAA63F005D81BBC0C04650505E21D5123F9AE1F9E992BFF target=07AA37761888C0CF2EA4A0D1665307F283027EFC19B9718552CF6577A638E10E sources=["07A5DB1A", "07A5DB1A"] t=1790149083758
EPOCH_RECON_REQUEST epoch=3 reporter=A353E45E6D0016CAEED0DFA4EC5B0640E2AA22A793F9F2375E77F1AB92977C04 target=07A5DB1A705966B7B3F9519F1A03BAF11A8294F1CE45B520AF5781C424484AC0 sources=["CD3CD2C6", "CD3CD2C6"] t=1790149083760
EPOCH_CLOSE_UNREADY epoch=3 short_of=reports usable=1 weight=48700929558166212313544458091039491759 required=257972812406900700035906606913467302838 held=5 theirs=["65A90023:07AA3776:7F221017", "633D9D61:CD3CD2C6:4F019BD7", "911999B2:CD3CD2C6:A74521D6", "A353E45E:07A5DB1A:AB8516B8", "D315857C:CD3CD2C6:A74521D6"] t=1790149083770
EPOCH_CLOSE_UNREADY epoch=3 short_of=reports usable=3 weight=170678084415654779174751637950100835585 required=257972812406900700035906606913467302838 held=5 theirs=["911999B2:CD3CD2C6:A74521D6", "A353E45E:07A5DB1A:AB8516B8", "65A90023:07AA3776:7F221017", "633D9D61:CD3CD2C6:4F019BD7", "D315857C:CD3CD2C6:A74521D6"] t=1790149083772
EPOCH_RECON_REQUEST epoch=3 reporter=65A90023F6C0D2181AAA63F005D81BBC0C04650505E21D5123F9AE1F9E992BFF target=07AA37761888C0CF2EA4A0D1665307F283027EFC19B9718552CF6577A638E10E sources=["CD3CD2C6", "CD3CD2C6"] t=1790149083830
EPOCH_CLOSE_UNREADY epoch=3 short_of=reports usable=3 weight=170678084415654779174751637950100835585 required=257972812406900700035906606913467302838 held=5 theirs=["633D9D61:CD3CD2C6:4F019BD7", "911999B2:CD3CD2C6:A74521D6", "65A90023:07AA3776:7F221017", "A353E45E:07A5DB1A:AB8516B8", "D315857C:CD3CD2C6:A74521D6"] t=1790149083842
[2m2026-09-23T07:38:03.886306Z[0m [32m INFO[0m [2mnanospam::app[0m[2m:[0m Confirmed 42,792 blocks | 2,000 bps | 0 cps | avg conf time: 0 ms
EPOCH_CLOSE_UNREADY epoch=3 short_of=reports usable=1 weight=48587150767422214708647349628603188013 required=257972812406900700035906606913467302838 held=5 theirs=["A353E45E:07A5DB1A:AB8516B8", "633D9D61:CD3CD2C6:4F019BD7", "911999B2:CD3CD2C6:A74521D6", "65A90023:07AA3776:7F221017", "D315857C:CD3CD2C6:A74521D6"] t=1790149083909
EPOCH_RECON_REQUEST epoch=3 reporter=A353E45E6D0016CAEED0DFA4EC5B0640E2AA22A793F9F2375E77F1AB92977C04 target=07A5DB1A705966B7B3F9519F1A03BAF11A8294F1CE45B520AF5781C424484AC0 sources=["CD3CD2C6", "CD3CD2C6"] t=1790149083978
EPOCH_RECON_REQUEST epoch=3 reporter=A353E45E6D0016CAEED0DFA4EC5B0640E2AA22A793F9F2375E77F1AB92977C04 target=07A5DB1A705966B7B3F9519F1A03BAF11A8294F1CE45B520AF5781C424484AC0 sources=["07AA3776", "9663B617"] t=1790149084203
EPOCH_RECON_REFUSED epoch=3 target=07A5DB1A705966B7B3F9519F1A03BAF11A8294F1CE45B520AF5781C424484AC0 reason=UnknownTarget sources=["07AA3776", "9663B617"] t=1790149084508
EPOCH_RECON_REFUSED epoch=3 target=07A5DB1A705966B7B3F9519F1A03BAF11A8294F1CE45B520AF5781C424484AC0 reason=UnknownTarget sources=["07AA3776", "9663B617"] t=1790149084508
EPOCH_RECON_REFUSED epoch=3 target=07A5DB1A705966B7B3F9519F1A03BAF11A8294F1CE45B520AF5781C424484AC0 reason=UnknownTarget sources=["07AA3776", "9663B617"] t=1790149084508
EPOCH_RECON_REFUSED epoch=3 target=07A5DB1A705966B7B3F9519F1A03BAF11A8294F1CE45B520AF5781C424484AC0 reason=UnknownTarget sources=["07AA3776", "9663B617"] t=1790149084508
EPOCH_RECON_REFUSED epoch=3 target=07A5DB1A705966B7B3F9519F1A03BAF11A8294F1CE45B520AF5781C424484AC0 reason=UnknownSource sources=["07AA3776", "9663B617"] t=1790149084508
[2m2026-09-23T07:38:04.887006Z[0m [32m INFO[0m [2mnanospam::app[0m[2m:[0m Confirmed 42,792 blocks | 2,000 bps | 0 cps | avg conf time: 0 ms
EPOCH_CLOSE_UNREADY epoch=3 short_of=reports usable=3 weight=170678084415654779174751637950100835585 required=257972812406900700035906606913467302838 held=5 theirs=["911999B2:CD3CD2C6:A74521D6", "633D9D61:CD3CD2C6:4F019BD7", "D315857C:CD3CD2C6:A74521D6", "A353E45E:07A5DB1A:AB8516B8", "65A90023:07AA3776:7F221017"] t=1790149084898
EPOCH_RECON_REQUEST epoch=3 reporter=A353E45E6D0016CAEED0DFA4EC5B0640E2AA22A793F9F2375E77F1AB92977C04 target=07A5DB1A705966B7B3F9519F1A03BAF11A8294F1CE45B520AF5781C424484AC0 sources=["CD3CD2C6", "CD3CD2C6"] t=1790149084972
EPOCH_RECON_REQUEST epoch=3 reporter=65A90023F6C0D2181AAA63F005D81BBC0C04650505E21D5123F9AE1F9E992BFF target=07AA37761888C0CF2EA4A0D1665307F283027EFC19B9718552CF6577A638E10E sources=["07A5DB1A", "07A5DB1A"] t=1790149084976
EPOCH_CLOSE_UNREADY epoch=3 short_of=reports usable=3 weight=170678084415654779174751637950100835585 required=257972812406900700035906606913467302838 held=5 theirs=["911999B2:CD3CD2C6:A74521D6", "A353E45E:07A5DB1A:AB8516B8", "65A90023:07AA3776:7F221017", "633D9D61:CD3CD2C6:4F019BD7", "D315857C:CD3CD2C6:A74521D6"] t=1790149084986
EPOCH_CLOSE_UNREADY epoch=3 short_of=reports usable=1 weight=48700929558166212313544458091039491759 required=257972812406900700035906606913467302838 held=5 theirs=["65A90023:07AA3776:7F221017", "633D9D61:CD3CD2C6:4F019BD7", "911999B2:CD3CD2C6:A74521D6", "A353E45E:07A5DB1A:AB8516B8", "D315857C:CD3CD2C6:A74521D6"] t=1790149084989
EPOCH_RECON_REQUEST epoch=3 reporter=65A90023F6C0D2181AAA63F005D81BBC0C04650505E21D5123F9AE1F9E992BFF target=07AA37761888C0CF2EA4A0D1665307F283027EFC19B9718552CF6577A638E10E sources=["CD3CD2C6", "CD3CD2C6"] t=1790149085041
EPOCH_CLOSE_UNREADY epoch=3 short_of=reports usable=3 weight=170678084415654779174751637950100835585 required=257972812406900700035906606913467302838 held=5 theirs=["633D9D61:CD3CD2C6:4F019BD7", "911999B2:CD3CD2C6:A74521D6", "65A90023:07AA3776:7F221017", "A353E45E:07A5DB1A:AB8516B8", "D315857C:CD3CD2C6:A74521D6"] t=1790149085049
EPOCH_CLOSE_UNREADY epoch=3 short_of=reports usable=1 weight=48587150767422214708647349628603188013 required=257972812406900700035906606913467302838 held=5 theirs=["A353E45E:07A5DB1A:AB8516B8", "633D9D61:CD3CD2C6:4F019BD7", "911999B2:CD3CD2C6:A74521D6", "65A90023:07AA3776:7F221017", "D315857C:CD3CD2C6:A74521D6"] t=1790149085126
EPOCH_RECON_REQUEST epoch=3 reporter=A353E45E6D0016CAEED0DFA4EC5B0640E2AA22A793F9F2375E77F1AB92977C04 target=07A5DB1A705966B7B3F9519F1A03BAF11A8294F1CE45B520AF5781C424484AC0 sources=["CD3CD2C6", "CD3CD2C6"] t=1790149085191
EPOCH_RECON_REQUEST epoch=3 reporter=A353E45E6D0016CAEED0DFA4EC5B0640E2AA22A793F9F2375E77F1AB92977C04 target=07A5DB1A705966B7B3F9519F1A03BAF11A8294F1CE45B520AF5781C424484AC0 sources=["07AA3776", "9663B617"] t=1790149085417
EPOCH_RECON_REFUSED epoch=3 target=07A5DB1A705966B7B3F9519F1A03BAF11A8294F1CE45B520AF5781C424484AC0 reason=UnknownTarget sources=["CD3CD2C6", "CD3CD2C6"] t=1790149085580
EPOCH_RECON_REFUSED epoch=3 target=07A5DB1A705966B7B3F9519F1A03BAF11A8294F1CE45B520AF5781C424484AC0 reason=UnknownTarget sources=["CD3CD2C6", "CD3CD2C6"] t=1790149085580
EPOCH_RECON_REFUSED epoch=3 target=07A5DB1A705966B7B3F9519F1A03BAF11A8294F1CE45B520AF5781C424484AC0 reason=UnknownTarget sources=["CD3CD2C6", "CD3CD2C6"] t=1790149085580
EPOCH_RECON_REFUSED epoch=3 target=07A5DB1A705966B7B3F9519F1A03BAF11A8294F1CE45B520AF5781C424484AC0 reason=UnknownTarget sources=["CD3CD2C6", "CD3CD2C6"] t=1790149085580
EPOCH_RECON_REFUSED epoch=3 target=07A5DB1A705966B7B3F9519F1A03BAF11A8294F1CE45B520AF5781C424484AC0 reason=UnknownSource sources=["CD3CD2C6", "CD3CD2C6"] t=1790149085580
[2m2026-09-23T07:38:05.888237Z[0m [32m INFO[0m [2mnanospam::app[0m[2m:[0m Confirmed 42,792 blocks | 2,000 bps | 0 cps | avg conf time: 0 ms
EPOCH_CLOSE_UNREADY epoch=3 short_of=reports usable=3 weight=170678084415654779174751637950100835585 required=257972812406900700035906606913467302838 held=5 theirs=["911999B2:CD3CD2C6:A74521D6", "633D9D61:CD3CD2C6:4F019BD7", "D315857C:CD3CD2C6:A74521D6", "A353E45E:07A5DB1A:AB8516B8", "65A90023:07AA3776:7F221017"] t=1790149086111
EPOCH_RECON_REQUEST epoch=3 reporter=A353E45E6D0016CAEED0DFA4EC5B0640E2AA22A793F9F2375E77F1AB92977C04 target=07A5DB1A705966B7B3F9519F1A03BAF11A8294F1CE45B520AF5781C424484AC0 sources=["CD3CD2C6", "CD3CD2C6"] t=1790149086187
EPOCH_RECON_REQUEST epoch=3 reporter=65A90023F6C0D2181AAA63F005D81BBC0C04650505E21D5123F9AE1F9E992BFF target=07AA37761888C0CF2EA4A0D1665307F283027EFC19B9718552CF6577A638E10E sources=["07A5DB1A", "07A5DB1A"] t=1790149086188
EPOCH_CLOSE_UNREADY epoch=3 short_of=reports usable=3 weight=170678084415654779174751637950100835585 required=257972812406900700035906606913467302838 held=5 theirs=["911999B2:CD3CD2C6:A74521D6", "A353E45E:07A5DB1A:AB8516B8", "65A90023:07AA3776:7F221017", "633D9D61:CD3CD2C6:4F019BD7", "D315857C:CD3CD2C6:A74521D6"] t=1790149086201
EPOCH_CLOSE_UNREADY epoch=3 short_of=reports usable=1 weight=48700929558166212313544458091039491759 required=257972812406900700035906606913467302838 held=5 theirs=["65A90023:07AA3776:7F221017", "633D9D61:CD3CD2C6:4F019BD7", "911999B2:CD3CD2C6:A74521D6", "A353E45E:07A5DB1A:AB8516B8", "D315857C:CD3CD2C6:A74521D6"] t=1790149086201
EPOCH_RECON_REQUEST epoch=3 reporter=65A90023F6C0D2181AAA63F005D81BBC0C04650505E21D5123F9AE1F9E992BFF target=07AA37761888C0CF2EA4A0D1665307F283027EFC19B9718552CF6577A638E10E sources=["CD3CD2C6", "CD3CD2C6"] t=1790149086255
EPOCH_CLOSE_UNREADY epoch=3 short_of=reports usable=3 weight=170678084415654779174751637950100835585 required=257972812406900700035906606913467302838 held=5 theirs=["633D9D61:CD3CD2C6:4F019BD7", "911999B2:CD3CD2C6:A74521D6", "65A90023:07AA3776:7F221017", "A353E45E:07A5DB1A:AB8516B8", "D315857C:CD3CD2C6:A74521D6"] t=1790149086269
EPOCH_CLOSE_UNREADY epoch=3 short_of=reports usable=1 weight=48587150767422214708647349628603188013 required=257972812406900700035906606913467302838 held=5 theirs=["A353E45E:07A5DB1A:AB8516B8", "633D9D61:CD3CD2C6:4F019BD7", "911999B2:CD3CD2C6:A74521D6", "65A90023:07AA3776:7F221017", "D315857C:CD3CD2C6:A74521D6"] t=1790149086339
EPOCH_RECON_REQUEST epoch=3 reporter=A353E45E6D0016CAEED0DFA4EC5B0640E2AA22A793F9F2375E77F1AB92977C04 target=07A5DB1A705966B7B3F9519F1A03BAF11A8294F1CE45B520AF5781C424484AC0 sources=["CD3CD2C6", "CD3CD2C6"] t=1790149086406
EPOCH_RECON_REQUEST epoch=3 reporter=A353E45E6D0016CAEED0DFA4EC5B0640E2AA22A793F9F2375E77F1AB92977C04 target=07A5DB1A705966B7B3F9519F1A03BAF11A8294F1CE45B520AF5781C424484AC0 sources=["07AA3776", "C911F3AD"] t=1790149086629
EPOCH_RECON_REFUSED epoch=3 target=07A5DB1A705966B7B3F9519F1A03BAF11A8294F1CE45B520AF5781C424484AC0 reason=UnknownTarget sources=["07AA3776", "C911F3AD"] t=1790149086629
EPOCH_RECON_REFUSED epoch=3 target=07A5DB1A705966B7B3F9519F1A03BAF11A8294F1CE45B520AF5781C424484AC0 reason=UnknownTarget sources=["07AA3776", "C911F3AD"] t=1790149086629
EPOCH_RECON_REFUSED epoch=3 target=07A5DB1A705966B7B3F9519F1A03BAF11A8294F1CE45B520AF5781C424484AC0 reason=UnknownTarget sources=["07AA3776", "C911F3AD"] t=1790149086629
EPOCH_RECON_REFUSED epoch=3 target=07A5DB1A705966B7B3F9519F1A03BAF11A8294F1CE45B520AF5781C424484AC0 reason=UnknownTarget sources=["07AA3776", "C911F3AD"] t=1790149086629
EPOCH_RECON_REFUSED epoch=3 target=07A5DB1A705966B7B3F9519F1A03BAF11A8294F1CE45B520AF5781C424484AC0 reason=UnknownSource sources=["07AA3776", "C911F3AD"] t=1790149086629
[2m2026-09-23T07:38:06.890250Z[0m [32m INFO[0m [2mnanospam::app[0m[2m:[0m Confirmed 42,792 blocks | 2,000 bps | 0 cps | avg conf time: 0 ms
EPOCH_CLOSE_UNREADY epoch=3 short_of=reports usable=3 weight=170678084415654779174751637950100835585 required=257972812406900700035906606913467302838 held=5 theirs=["911999B2:CD3CD2C6:A74521D6", "633D9D61:CD3CD2C6:4F019BD7", "D315857C:CD3CD2C6:A74521D6", "A353E45E:07A5DB1A:AB8516B8", "65A90023:07AA3776:7F221017"] t=1790149087322
EPOCH_RECON_REQUEST epoch=3 reporter=A353E45E6D0016CAEED0DFA4EC5B0640E2AA22A793F9F2375E77F1AB92977C04 target=07A5DB1A705966B7B3F9519F1A03BAF11A8294F1CE45B520AF5781C424484AC0 sources=["CD3CD2C6", "CD3CD2C6"] t=1790149087402
EPOCH_RECON_REQUEST epoch=3 reporter=65A90023F6C0D2181AAA63F005D81BBC0C04650505E21D5123F9AE1F9E992BFF target=07AA37761888C0CF2EA4A0D1665307F283027EFC19B9718552CF6577A638E10E sources=["07A5DB1A", "07A5DB1A"] t=1790149087404
EPOCH_CLOSE_UNREADY epoch=3 short_of=reports usable=3 weight=170678084415654779174751637950100835585 required=257972812406900700035906606913467302838 held=5 theirs=["911999B2:CD3CD2C6:A74521D6", "A353E45E:07A5DB1A:AB8516B8", "65A90023:07AA3776:7F221017", "633D9D61:CD3CD2C6:4F019BD7", "D315857C:CD3CD2C6:A74521D6"] t=1790149087416
EPOCH_CLOSE_UNREADY epoch=3 short_of=reports usable=1 weight=48700929558166212313544458091039491759 required=257972812406900700035906606913467302838 held=5 theirs=["65A90023:07AA3776:7F221017", "633D9D61:CD3CD2C6:4F019BD7", "911999B2:CD3CD2C6:A74521D6", "A353E45E:07A5DB1A:AB8516B8", "D315857C:CD3CD2C6:A74521D6"] t=1790149087417
EPOCH_RECON_REQUEST epoch=3 reporter=65A90023F6C0D2181AAA63F005D81BBC0C04650505E21D5123F9AE1F9E992BFF target=07AA37761888C0CF2EA4A0D1665307F283027EFC19B9718552CF6577A638E10E sources=["CD3CD2C6", "CD3CD2C6"] t=1790149087475
EPOCH_CLOSE_UNREADY epoch=3 short_of=reports usable=3 weight=170678084415654779174751637950100835585 required=257972812406900700035906606913467302838 held=5 theirs=["633D9D61:CD3CD2C6:4F019BD7", "911999B2:CD3CD2C6:A74521D6", "65A90023:07AA3776:7F221017", "A353E45E:07A5DB1A:AB8516B8", "D315857C:CD3CD2C6:A74521D6"] t=1790149087488
EPOCH_CLOSE_UNREADY epoch=3 short_of=reports usable=1 weight=48587150767422214708647349628603188013 required=257972812406900700035906606913467302838 held=5 theirs=["A353E45E:07A5DB1A:AB8516B8", "633D9D61:CD3CD2C6:4F019BD7", "911999B2:CD3CD2C6:A74521D6", "65A90023:07AA3776:7F221017", "D315857C:CD3CD2C6:A74521D6"] t=1790149087550
EPOCH_RECON_REQUEST epoch=3 reporter=A353E45E6D0016CAEED0DFA4EC5B0640E2AA22A793F9F2375E77F1AB92977C04 target=07A5DB1A705966B7B3F9519F1A03BAF11A8294F1CE45B520AF5781C424484AC0 sources=["CD3CD2C6", "CD3CD2C6"] t=1790149087614
EPOCH_RECON_REFUSED epoch=3 target=07AA37761888C0CF2EA4A0D1665307F283027EFC19B9718552CF6577A638E10E reason=UnknownTarget sources=["07A5DB1A", "07A5DB1A"] t=1790149087705
EPOCH_RECON_REFUSED epoch=3 target=07AA37761888C0CF2EA4A0D1665307F283027EFC19B9718552CF6577A638E10E reason=UnknownTarget sources=["07A5DB1A", "07A5DB1A"] t=1790149087705
EPOCH_RECON_REFUSED epoch=3 target=07AA37761888C0CF2EA4A0D1665307F283027EFC19B9718552CF6577A638E10E reason=UnknownTarget sources=["07A5DB1A", "07A5DB1A"] t=1790149087705
EPOCH_RECON_REFUSED epoch=3 target=07AA37761888C0CF2EA4A0D1665307F283027EFC19B9718552CF6577A638E10E reason=UnknownSource sources=["07A5DB1A", "07A5DB1A"] t=1790149087705
EPOCH_RECON_REFUSED epoch=3 target=07AA37761888C0CF2EA4A0D1665307F283027EFC19B9718552CF6577A638E10E reason=UnknownTarget sources=["07A5DB1A", "07A5DB1A"] t=1790149087705
EPOCH_RECON_REQUEST epoch=3 reporter=A353E45E6D0016CAEED0DFA4EC5B0640E2AA22A793F9F2375E77F1AB92977C04 target=07A5DB1A705966B7B3F9519F1A03BAF11A8294F1CE45B520AF5781C424484AC0 sources=["07AA3776", "C911F3AD"] t=1790149087838
[2m2026-09-23T07:38:07.891327Z[0m [32m INFO[0m [2mnanospam::app[0m[2m:[0m Confirmed 42,792 blocks | 2,000 bps | 0 cps | avg conf time: 0 ms
EPOCH_CLOSE_UNREADY epoch=3 short_of=reports usable=3 weight=170678084415654779174751637950100835585 required=257972812406900700035906606913467302838 held=5 theirs=["911999B2:CD3CD2C6:A74521D6", "633D9D61:CD3CD2C6:4F019BD7", "D315857C:CD3CD2C6:A74521D6", "A353E45E:07A5DB1A:AB8516B8", "65A90023:07AA3776:7F221017"] t=1790149088541
EPOCH_RECON_REQUEST epoch=3 reporter=A353E45E6D0016CAEED0DFA4EC5B0640E2AA22A793F9F2375E77F1AB92977C04 target=07A5DB1A705966B7B3F9519F1A03BAF11A8294F1CE45B520AF5781C424484AC0 sources=["CD3CD2C6", "CD3CD2C6"] t=1790149088619
EPOCH_RECON_REQUEST epoch=3 reporter=65A90023F6C0D2181AAA63F005D81BBC0C04650505E21D5123F9AE1F9E992BFF target=07AA37761888C0CF2EA4A0D1665307F283027EFC19B9718552CF6577A638E10E sources=["07A5DB1A", "07A5DB1A"] t=1790149088619
EPOCH_CLOSE_UNREADY epoch=3 short_of=reports usable=3 weight=170678084415654779174751637950100835585 required=257972812406900700035906606913467302838 held=5 theirs=["911999B2:CD3CD2C6:A74521D6", "A353E45E:07A5DB1A:AB8516B8", "65A90023:07AA3776:7F221017", "633D9D61:CD3CD2C6:4F019BD7", "D315857C:CD3CD2C6:A74521D6"] t=1790149088638
EPOCH_CLOSE_UNREADY epoch=3 short_of=reports usable=1 weight=48700929558166212313544458091039491759 required=257972812406900700035906606913467302838 held=5 theirs=["65A90023:07AA3776:7F221017", "633D9D61:CD3CD2C6:4F019BD7", "911999B2:CD3CD2C6:A74521D6", "A353E45E:07A5DB1A:AB8516B8", "D315857C:CD3CD2C6:A74521D6"] t=1790149088639
EPOCH_RECON_REQUEST epoch=3 reporter=65A90023F6C0D2181AAA63F005D81BBC0C04650505E21D5123F9AE1F9E992BFF target=07AA37761888C0CF2EA4A0D1665307F283027EFC19B9718552CF6577A638E10E sources=["CD3CD2C6", "CD3CD2C6"] t=1790149088687
EPOCH_CLOSE_UNREADY epoch=3 short_of=reports usable=3 weight=170678084415654779174751637950100835585 required=257972812406900700035906606913467302838 held=5 theirs=["633D9D61:CD3CD2C6:4F019BD7", "911999B2:CD3CD2C6:A74521D6", "65A90023:07AA3776:7F221017", "A353E45E:07A5DB1A:AB8516B8", "D315857C:CD3CD2C6:A74521D6"] t=1790149088706
EPOCH_RECON_REFUSED epoch=3 target=07A5DB1A705966B7B3F9519F1A03BAF11A8294F1CE45B520AF5781C424484AC0 reason=UnknownTarget sources=["07AA3776", "C911F3AD"] t=1790149088748
EPOCH_RECON_REFUSED epoch=3 target=07A5DB1A705966B7B3F9519F1A03BAF11A8294F1CE45B520AF5781C424484AC0 reason=UnknownTarget sources=["07AA3776", "C911F3AD"] t=1790149088748
EPOCH_RECON_REFUSED epoch=3 target=07A5DB1A705966B7B3F9519F1A03BAF11A8294F1CE45B520AF5781C424484AC0 reason=UnknownTarget sources=["07AA3776", "C911F3AD"] t=1790149088749
EPOCH_RECON_REFUSED epoch=3 target=07A5DB1A705966B7B3F9519F1A03BAF11A8294F1CE45B520AF5781C424484AC0 reason=UnknownTarget sources=["07AA3776", "C911F3AD"] t=1790149088748
EPOCH_RECON_REFUSED epoch=3 target=07A5DB1A705966B7B3F9519F1A03BAF11A8294F1CE45B520AF5781C424484AC0 reason=UnknownSource sources=["07AA3776", "C911F3AD"] t=1790149088749
EPOCH_CLOSE_UNREADY epoch=3 short_of=reports usable=1 weight=48587150767422214708647349628603188013 required=257972812406900700035906606913467302838 held=5 theirs=["A353E45E:07A5DB1A:AB8516B8", "633D9D61:CD3CD2C6:4F019BD7", "911999B2:CD3CD2C6:A74521D6", "65A90023:07AA3776:7F221017", "D315857C:CD3CD2C6:A74521D6"] t=1790149088765
EPOCH_RECON_REQUEST epoch=3 reporter=A353E45E6D0016CAEED0DFA4EC5B0640E2AA22A793F9F2375E77F1AB92977C04 target=07A5DB1A705966B7B3F9519F1A03BAF11A8294F1CE45B520AF5781C424484AC0 sources=["CD3CD2C6", "CD3CD2C6"] t=1790149088829
[2m2026-09-23T07:38:08.893058Z[0m [32m INFO[0m [2mnanospam::app[0m[2m:[0m Confirmed 42,792 blocks | 2,000 bps | 0 cps | avg conf time: 0 ms
EPOCH_RECON_REQUEST epoch=3 reporter=A353E45E6D0016CAEED0DFA4EC5B0640E2AA22A793F9F2375E77F1AB92977C04 target=07A5DB1A705966B7B3F9519F1A03BAF11A8294F1CE45B520AF5781C424484AC0 sources=["07AA3776", "C911F3AD"] t=1790149089049
EPOCH_CLOSE_UNREADY epoch=3 short_of=reports usable=3 weight=170678084415654779174751637950100835585 required=257972812406900700035906606913467302838 held=5 theirs=["911999B2:CD3CD2C6:A74521D6", "633D9D61:CD3CD2C6:4F019BD7", "D315857C:CD3CD2C6:A74521D6", "A353E45E:07A5DB1A:AB8516B8", "65A90023:07AA3776:7F221017"] t=1790149089762
EPOCH_RECON_REQUEST epoch=3 reporter=A353E45E6D0016CAEED0DFA4EC5B0640E2AA22A793F9F2375E77F1AB92977C04 target=07A5DB1A705966B7B3F9519F1A03BAF11A8294F1CE45B520AF5781C424484AC0 sources=["CD3CD2C6", "CD3CD2C6"] t=1790149089829
EPOCH_RECON_REFUSED epoch=3 target=07A5DB1A705966B7B3F9519F1A03BAF11A8294F1CE45B520AF5781C424484AC0 reason=UnknownTarget sources=["CD3CD2C6", "CD3CD2C6"] t=1790149089829
EPOCH_RECON_REFUSED epoch=3 target=07A5DB1A705966B7B3F9519F1A03BAF11A8294F1CE45B520AF5781C424484AC0 reason=UnknownTarget sources=["CD3CD2C6", "CD3CD2C6"] t=1790149089829
EPOCH_RECON_REFUSED epoch=3 target=07A5DB1A705966B7B3F9519F1A03BAF11A8294F1CE45B520AF5781C424484AC0 reason=UnknownTarget sources=["CD3CD2C6", "CD3CD2C6"] t=1790149089829
EPOCH_RECON_REFUSED epoch=3 target=07A5DB1A705966B7B3F9519F1A03BAF11A8294F1CE45B520AF5781C424484AC0 reason=UnknownTarget sources=["CD3CD2C6", "CD3CD2C6"] t=1790149089829
EPOCH_RECON_REFUSED epoch=3 target=07A5DB1A705966B7B3F9519F1A03BAF11A8294F1CE45B520AF5781C424484AC0 reason=UnknownSource sources=["CD3CD2C6", "CD3CD2C6"] t=1790149089829
EPOCH_RECON_REQUEST epoch=3 reporter=65A90023F6C0D2181AAA63F005D81BBC0C04650505E21D5123F9AE1F9E992BFF target=07AA37761888C0CF2EA4A0D1665307F283027EFC19B9718552CF6577A638E10E sources=["07A5DB1A", "07A5DB1A"] t=1790149089833
EPOCH_CLOSE_UNREADY epoch=3 short_of=reports usable=3 weight=170678084415654779174751637950100835585 required=257972812406900700035906606913467302838 held=5 theirs=["911999B2:CD3CD2C6:A74521D6", "A353E45E:07A5DB1A:AB8516B8", "65A90023:07AA3776:7F221017", "633D9D61:CD3CD2C6:4F019BD7", "D315857C:CD3CD2C6:A74521D6"] t=1790149089848
EPOCH_CLOSE_UNREADY epoch=3 short_of=reports usable=1 weight=48700929558166212313544458091039491759 required=257972812406900700035906606913467302838 held=5 theirs=["65A90023:07AA3776:7F221017", "633D9D61:CD3CD2C6:4F019BD7", "911999B2:CD3CD2C6:A74521D6", "A353E45E:07A5DB1A:AB8516B8", "D315857C:CD3CD2C6:A74521D6"] t=1790149089851
[2m2026-09-23T07:38:09.894276Z[0m [32m INFO[0m [2mnanospam::app[0m[2m:[0m Confirmed 42,792 blocks | 2,000 bps | 0 cps | avg conf time: 0 ms
EPOCH_RECON_REQUEST epoch=3 reporter=65A90023F6C0D2181AAA63F005D81BBC0C04650505E21D5123F9AE1F9E992BFF target=07AA37761888C0CF2EA4A0D1665307F283027EFC19B9718552CF6577A638E10E sources=["CD3CD2C6", "CD3CD2C6"] t=1790149089900
EPOCH_CLOSE_UNREADY epoch=3 short_of=reports usable=3 weight=170678084415654779174751637950100835585 required=257972812406900700035906606913467302838 held=5 theirs=["633D9D61:CD3CD2C6:4F019BD7", "911999B2:CD3CD2C6:A74521D6", "65A90023:07AA3776:7F221017", "A353E45E:07A5DB1A:AB8516B8", "D315857C:CD3CD2C6:A74521D6"] t=1790149089909
EPOCH_CLOSE_UNREADY epoch=3 short_of=reports usable=1 weight=48587150767422214708647349628603188013 required=257972812406900700035906606913467302838 held=5 theirs=["A353E45E:07A5DB1A:AB8516B8", "633D9D61:CD3CD2C6:4F019BD7", "911999B2:CD3CD2C6:A74521D6", "65A90023:07AA3776:7F221017", "D315857C:CD3CD2C6:A74521D6"] t=1790149089974
EPOCH_RECON_REQUEST epoch=3 reporter=A353E45E6D0016CAEED0DFA4EC5B0640E2AA22A793F9F2375E77F1AB92977C04 target=07A5DB1A705966B7B3F9519F1A03BAF11A8294F1CE45B520AF5781C424484AC0 sources=["07AA3776", "C911F3AD"] t=1790149090267
EPOCH_RECON_REQUEST epoch=3 reporter=A353E45E6D0016CAEED0DFA4EC5B0640E2AA22A793F9F2375E77F1AB92977C04 target=07A5DB1A705966B7B3F9519F1A03BAF11A8294F1CE45B520AF5781C424484AC0 sources=["CD3CD2C6", "CD3CD2C6"] t=1790149090349
EPOCH_RECON_REFUSED epoch=3 target=07A5DB1A705966B7B3F9519F1A03BAF11A8294F1CE45B520AF5781C424484AC0 reason=UnknownTarget sources=["07AA3776", "C911F3AD"] t=1790149090875
EPOCH_RECON_REFUSED epoch=3 target=07A5DB1A705966B7B3F9519F1A03BAF11A8294F1CE45B520AF5781C424484AC0 reason=UnknownTarget sources=["07AA3776", "C911F3AD"] t=1790149090876
EPOCH_RECON_REFUSED epoch=3 target=07A5DB1A705966B7B3F9519F1A03BAF11A8294F1CE45B520AF5781C424484AC0 reason=UnknownTarget sources=["07AA3776", "C911F3AD"] t=1790149090876
EPOCH_RECON_REFUSED epoch=3 target=07A5DB1A705966B7B3F9519F1A03BAF11A8294F1CE45B520AF5781C424484AC0 reason=UnknownTarget sources=["07AA3776", "C911F3AD"] t=1790149090876
EPOCH_RECON_REFUSED epoch=3 target=07A5DB1A705966B7B3F9519F1A03BAF11A8294F1CE45B520AF5781C424484AC0 reason=UnknownSource sources=["07AA3776", "C911F3AD"] t=1790149090876
[2m2026-09-23T07:38:10.895425Z[0m [32m INFO[0m [2mnanospam::app[0m[2m:[0m Confirmed 42,792 blocks | 2,000 bps | 0 cps | avg conf time: 0 ms
EPOCH_CLOSE_UNREADY epoch=3 short_of=reports usable=3 weight=170678084415654779174751637950100835585 required=257972812406900700035906606913467302838 held=5 theirs=["911999B2:CD3CD2C6:A74521D6", "633D9D61:CD3CD2C6:4F019BD7", "D315857C:CD3CD2C6:A74521D6", "A353E45E:07A5DB1A:AB8516B8", "65A90023:07AA3776:7F221017"] t=1790149090964
EPOCH_RECON_REQUEST epoch=3 reporter=A353E45E6D0016CAEED0DFA4EC5B0640E2AA22A793F9F2375E77F1AB92977C04 target=07A5DB1A705966B7B3F9519F1A03BAF11A8294F1CE45B520AF5781C424484AC0 sources=["CD3CD2C6", "CD3CD2C6"] t=1790149091040
EPOCH_RECON_REQUEST epoch=3 reporter=65A90023F6C0D2181AAA63F005D81BBC0C04650505E21D5123F9AE1F9E992BFF target=07AA37761888C0CF2EA4A0D1665307F283027EFC19B9718552CF6577A638E10E sources=["07A5DB1A", "07A5DB1A"] t=1790149091050
EPOCH_CLOSE_UNREADY epoch=3 short_of=reports usable=3 weight=170678084415654779174751637950100835585 required=257972812406900700035906606913467302838 held=5 theirs=["911999B2:CD3CD2C6:A74521D6", "A353E45E:07A5DB1A:AB8516B8", "65A90023:07AA3776:7F221017", "633D9D61:CD3CD2C6:4F019BD7", "D315857C:CD3CD2C6:A74521D6"] t=1790149091051
EPOCH_CLOSE_UNREADY epoch=3 short_of=reports usable=1 weight=48700929558166212313544458091039491759 required=257972812406900700035906606913467302838 held=5 theirs=["65A90023:07AA3776:7F221017", "633D9D61:CD3CD2C6:4F019BD7", "911999B2:CD3CD2C6:A74521D6", "A353E45E:07A5DB1A:AB8516B8", "D315857C:CD3CD2C6:A74521D6"] t=1790149091059
EPOCH_RECON_REQUEST epoch=3 reporter=65A90023F6C0D2181AAA63F005D81BBC0C04650505E21D5123F9AE1F9E992BFF target=07AA37761888C0CF2EA4A0D1665307F283027EFC19B9718552CF6577A638E10E sources=["CD3CD2C6", "CD3CD2C6"] t=1790149091107
EPOCH_CLOSE_UNREADY epoch=3 short_of=reports usable=3 weight=170678084415654779174751637950100835585 required=257972812406900700035906606913467302838 held=5 theirs=["633D9D61:CD3CD2C6:4F019BD7", "911999B2:CD3CD2C6:A74521D6", "65A90023:07AA3776:7F221017", "A353E45E:07A5DB1A:AB8516B8", "D315857C:CD3CD2C6:A74521D6"] t=1790149091118
EPOCH_CLOSE_UNREADY epoch=3 short_of=reports usable=1 weight=48587150767422214708647349628603188013 required=257972812406900700035906606913467302838 held=5 theirs=["A353E45E:07A5DB1A:AB8516B8", "633D9D61:CD3CD2C6:4F019BD7", "911999B2:CD3CD2C6:A74521D6", "65A90023:07AA3776:7F221017", "D315857C:CD3CD2C6:A74521D6"] t=1790149091189
EPOCH_RECON_REQUEST epoch=3 reporter=A353E45E6D0016CAEED0DFA4EC5B0640E2AA22A793F9F2375E77F1AB92977C04 target=07A5DB1A705966B7B3F9519F1A03BAF11A8294F1CE45B520AF5781C424484AC0 sources=["07AA3776", "C911F3AD"] t=1790149091496
EPOCH_RECON_REQUEST epoch=3 reporter=A353E45E6D0016CAEED0DFA4EC5B0640E2AA22A793F9F2375E77F1AB92977C04 target=07A5DB1A705966B7B3F9519F1A03BAF11A8294F1CE45B520AF5781C424484AC0 sources=["CD3CD2C6", "CD3CD2C6"] t=1790149091565
[2m2026-09-23T07:38:11.896734Z[0m [32m INFO[0m [2mnanospam::app[0m[2m:[0m Confirmed 42,792 blocks | 2,000 bps | 0 cps | avg conf time: 0 ms
EPOCH_RECON_REFUSED epoch=3 target=07A5DB1A705966B7B3F9519F1A03BAF11A8294F1CE45B520AF5781C424484AC0 reason=UnknownTarget sources=["CD3CD2C6", "CD3CD2C6"] t=1790149091951
EPOCH_RECON_REFUSED epoch=3 target=07A5DB1A705966B7B3F9519F1A03BAF11A8294F1CE45B520AF5781C424484AC0 reason=UnknownTarget sources=["CD3CD2C6", "CD3CD2C6"] t=1790149091951
EPOCH_RECON_REFUSED epoch=3 target=07A5DB1A705966B7B3F9519F1A03BAF11A8294F1CE45B520AF5781C424484AC0 reason=UnknownTarget sources=["CD3CD2C6", "CD3CD2C6"] t=1790149091951
EPOCH_RECON_REFUSED epoch=3 target=07A5DB1A705966B7B3F9519F1A03BAF11A8294F1CE45B520AF5781C424484AC0 reason=UnknownSource sources=["CD3CD2C6", "CD3CD2C6"] t=1790149091951
EPOCH_RECON_REFUSED epoch=3 target=07A5DB1A705966B7B3F9519F1A03BAF11A8294F1CE45B520AF5781C424484AC0 reason=UnknownTarget sources=["CD3CD2C6", "CD3CD2C6"] t=1790149091951
EPOCH_CLOSE_UNREADY epoch=3 short_of=reports usable=3 weight=170678084415654779174751637950100835585 required=257972812406900700035906606913467302838 held=5 theirs=["911999B2:CD3CD2C6:A74521D6", "633D9D61:CD3CD2C6:4F019BD7", "D315857C:CD3CD2C6:A74521D6", "A353E45E:07A5DB1A:AB8516B8", "65A90023:07AA3776:7F221017"] t=1790149092181
EPOCH_RECON_REQUEST epoch=3 reporter=A353E45E6D0016CAEED0DFA4EC5B0640E2AA22A793F9F2375E77F1AB92977C04 target=07A5DB1A705966B7B3F9519F1A03BAF11A8294F1CE45B520AF5781C424484AC0 sources=["CD3CD2C6", "CD3CD2C6"] t=1790149092255
EPOCH_CLOSE_UNREADY epoch=3 short_of=reports usable=3 weight=170678084415654779174751637950100835585 required=257972812406900700035906606913467302838 held=5 theirs=["911999B2:CD3CD2C6:A74521D6", "A353E45E:07A5DB1A:AB8516B8", "65A90023:07AA3776:7F221017", "633D9D61:CD3CD2C6:4F019BD7", "D315857C:CD3CD2C6:A74521D6"] t=1790149092263
EPOCH_RECON_REQUEST epoch=3 reporter=65A90023F6C0D2181AAA63F005D81BBC0C04650505E21D5123F9AE1F9E992BFF target=07AA37761888C0CF2EA4A0D1665307F283027EFC19B9718552CF6577A638E10E sources=["07A5DB1A", "07A5DB1A"] t=1790149092267
EPOCH_CLOSE_UNREADY epoch=3 short_of=reports usable=1 weight=48700929558166212313544458091039491759 required=257972812406900700035906606913467302838 held=5 theirs=["65A90023:07AA3776:7F221017", "633D9D61:CD3CD2C6:4F019BD7", "911999B2:CD3CD2C6:A74521D6", "A353E45E:07A5DB1A:AB8516B8", "D315857C:CD3CD2C6:A74521D6"] t=1790149092275
EPOCH_RECON_REQUEST epoch=3 reporter=65A90023F6C0D2181AAA63F005D81BBC0C04650505E21D5123F9AE1F9E992BFF target=07AA37761888C0CF2EA4A0D1665307F283027EFC19B9718552CF6577A638E10E sources=["CD3CD2C6", "CD3CD2C6"] t=1790149092324
EPOCH_CLOSE_UNREADY epoch=3 short_of=reports usable=3 weight=170678084415654779174751637950100835585 required=257972812406900700035906606913467302838 held=5 theirs=["633D9D61:CD3CD2C6:4F019BD7", "911999B2:CD3CD2C6:A74521D6", "65A90023:07AA3776:7F221017", "A353E45E:07A5DB1A:AB8516B8", "D315857C:CD3CD2C6:A74521D6"] t=1790149092334
EPOCH_CLOSE_UNREADY epoch=3 short_of=reports usable=1 weight=48587150767422214708647349628603188013 required=257972812406900700035906606913467302838 held=5 theirs=["A353E45E:07A5DB1A:AB8516B8", "633D9D61:CD3CD2C6:4F019BD7", "911999B2:CD3CD2C6:A74521D6", "65A90023:07AA3776:7F221017", "D315857C:CD3CD2C6:A74521D6"] t=1790149092417
EPOCH_RECON_REQUEST epoch=3 reporter=A353E45E6D0016CAEED0DFA4EC5B0640E2AA22A793F9F2375E77F1AB92977C04 target=07A5DB1A705966B7B3F9519F1A03BAF11A8294F1CE45B520AF5781C424484AC0 sources=["07AA3776", "C911F3AD"] t=1790149092711
EPOCH_RECON_REQUEST epoch=3 reporter=A353E45E6D0016CAEED0DFA4EC5B0640E2AA22A793F9F2375E77F1AB92977C04 target=07A5DB1A705966B7B3F9519F1A03BAF11A8294F1CE45B520AF5781C424484AC0 sources=["CD3CD2C6", "CD3CD2C6"] t=1790149092778
[2m2026-09-23T07:38:12.898573Z[0m [32m INFO[0m [2mnanospam::app[0m[2m:[0m Confirmed 42,792 blocks | 2,000 bps | 0 cps | avg conf time: 0 ms
EPOCH_RECON_REFUSED epoch=3 target=CD3CD2C67DAD81E01C2F8131369B5ADACDE5778D2776E6FC60B8E8850B1AD989 reason=UnknownTarget sources=["07AA3776", "C911F3AD"] t=1790149093017
EPOCH_RECON_REFUSED epoch=3 target=07A5DB1A705966B7B3F9519F1A03BAF11A8294F1CE45B520AF5781C424484AC0 reason=UnknownTarget sources=["07AA3776", "C911F3AD"] t=1790149093017
EPOCH_RECON_REFUSED epoch=3 target=07A5DB1A705966B7B3F9519F1A03BAF11A8294F1CE45B520AF5781C424484AC0 reason=UnknownTarget sources=["07AA3776", "C911F3AD"] t=1790149093017
EPOCH_RECON_REFUSED epoch=3 target=07A5DB1A705966B7B3F9519F1A03BAF11A8294F1CE45B520AF5781C424484AC0 reason=UnknownSource sources=["07AA3776", "C911F3AD"] t=1790149093017
EPOCH_RECON_REFUSED epoch=3 target=07A5DB1A705966B7B3F9519F1A03BAF11A8294F1CE45B520AF5781C424484AC0 reason=UnknownTarget sources=["07AA3776", "C911F3AD"] t=1790149093017
EPOCH_CLOSE_UNREADY epoch=3 short_of=reports usable=3 weight=170678084415654779174751637950100835585 required=257972812406900700035906606913467302838 held=5 theirs=["911999B2:CD3CD2C6:A74521D6", "633D9D61:CD3CD2C6:4F019BD7", "D315857C:CD3CD2C6:A74521D6", "A353E45E:07A5DB1A:AB8516B8", "65A90023:07AA3776:7F221017"] t=1790149093400
EPOCH_RECON_REQUEST epoch=3 reporter=A353E45E6D0016CAEED0DFA4EC5B0640E2AA22A793F9F2375E77F1AB92977C04 target=07A5DB1A705966B7B3F9519F1A03BAF11A8294F1CE45B520AF5781C424484AC0 sources=["CD3CD2C6", "CD3CD2C6"] t=1790149093471
EPOCH_RECON_REQUEST epoch=3 reporter=65A90023F6C0D2181AAA63F005D81BBC0C04650505E21D5123F9AE1F9E992BFF target=07AA37761888C0CF2EA4A0D1665307F283027EFC19B9718552CF6577A638E10E sources=["07A5DB1A", "07A5DB1A"] t=1790149093482
EPOCH_CLOSE_UNREADY epoch=3 short_of=reports usable=3 weight=170678084415654779174751637950100835585 required=257972812406900700035906606913467302838 held=5 theirs=["911999B2:CD3CD2C6:A74521D6", "A353E45E:07A5DB1A:AB8516B8", "65A90023:07AA3776:7F221017", "633D9D61:CD3CD2C6:4F019BD7", "D315857C:CD3CD2C6:A74521D6"] t=1790149093487
EPOCH_CLOSE_UNREADY epoch=3 short_of=reports usable=1 weight=48700929558166212313544458091039491759 required=257972812406900700035906606913467302838 held=5 theirs=["65A90023:07AA3776:7F221017", "633D9D61:CD3CD2C6:4F019BD7", "911999B2:CD3CD2C6:A74521D6", "A353E45E:07A5DB1A:AB8516B8", "D315857C:CD3CD2C6:A74521D6"] t=1790149093496
EPOCH_RECON_REQUEST epoch=3 reporter=65A90023F6C0D2181AAA63F005D81BBC0C04650505E21D5123F9AE1F9E992BFF target=07AA37761888C0CF2EA4A0D1665307F283027EFC19B9718552CF6577A638E10E sources=["CD3CD2C6", "CD3CD2C6"] t=1790149093539
EPOCH_CLOSE_UNREADY epoch=3 short_of=reports usable=3 weight=170678084415654779174751637950100835585 required=257972812406900700035906606913467302838 held=5 theirs=["633D9D61:CD3CD2C6:4F019BD7", "911999B2:CD3CD2C6:A74521D6", "65A90023:07AA3776:7F221017", "A353E45E:07A5DB1A:AB8516B8", "D315857C:CD3CD2C6:A74521D6"] t=1790149093552
EPOCH_CLOSE_UNREADY epoch=3 short_of=reports usable=1 weight=48587150767422214708647349628603188013 required=257972812406900700035906606913467302838 held=5 theirs=["A353E45E:07A5DB1A:AB8516B8", "633D9D61:CD3CD2C6:4F019BD7", "911999B2:CD3CD2C6:A74521D6", "65A90023:07AA3776:7F221017", "D315857C:CD3CD2C6:A74521D6"] t=1790149093636
[2m2026-09-23T07:38:13.900717Z[0m [32m INFO[0m [2mnanospam::app[0m[2m:[0m Confirmed 42,792 blocks | 2,000 bps | 0 cps | avg conf time: 0 ms
EPOCH_RECON_REQUEST epoch=3 reporter=A353E45E6D0016CAEED0DFA4EC5B0640E2AA22A793F9F2375E77F1AB92977C04 target=07A5DB1A705966B7B3F9519F1A03BAF11A8294F1CE45B520AF5781C424484AC0 sources=["07AA3776", "C911F3AD"] t=1790149093921
EPOCH_RECON_REQUEST epoch=3 reporter=A353E45E6D0016CAEED0DFA4EC5B0640E2AA22A793F9F2375E77F1AB92977C04 target=07A5DB1A705966B7B3F9519F1A03BAF11A8294F1CE45B520AF5781C424484AC0 sources=["CD3CD2C6", "CD3CD2C6"] t=1790149093994
EPOCH_RECON_REFUSED epoch=3 target=07A5DB1A705966B7B3F9519F1A03BAF11A8294F1CE45B520AF5781C424484AC0 reason=UnknownTarget sources=["CD3CD2C6", "CD3CD2C6"] t=1790149094076
EPOCH_RECON_REFUSED epoch=3 target=07A5DB1A705966B7B3F9519F1A03BAF11A8294F1CE45B520AF5781C424484AC0 reason=UnknownTarget sources=["CD3CD2C6", "CD3CD2C6"] t=1790149094076
EPOCH_RECON_REFUSED epoch=3 target=07A5DB1A705966B7B3F9519F1A03BAF11A8294F1CE45B520AF5781C424484AC0 reason=UnknownTarget sources=["CD3CD2C6", "CD3CD2C6"] t=1790149094076
EPOCH_RECON_REFUSED epoch=3 target=07A5DB1A705966B7B3F9519F1A03BAF11A8294F1CE45B520AF5781C424484AC0 reason=UnknownTarget sources=["CD3CD2C6", "CD3CD2C6"] t=1790149094076
EPOCH_RECON_REFUSED epoch=3 target=07A5DB1A705966B7B3F9519F1A03BAF11A8294F1CE45B520AF5781C424484AC0 reason=UnknownSource sources=["CD3CD2C6", "CD3CD2C6"] t=1790149094076
EPOCH_CLOSE_UNREADY epoch=3 short_of=reports usable=3 weight=170678084415654779174751637950100835585 required=257972812406900700035906606913467302838 held=5 theirs=["911999B2:CD3CD2C6:A74521D6", "633D9D61:CD3CD2C6:4F019BD7", "D315857C:CD3CD2C6:A74521D6", "A353E45E:07A5DB1A:AB8516B8", "65A90023:07AA3776:7F221017"] t=1790149094616
EPOCH_RECON_REQUEST epoch=3 reporter=A353E45E6D0016CAEED0DFA4EC5B0640E2AA22A793F9F2375E77F1AB92977C04 target=07A5DB1A705966B7B3F9519F1A03BAF11A8294F1CE45B520AF5781C424484AC0 sources=["CD3CD2C6", "CD3CD2C6"] t=1790149094684
EPOCH_RECON_REQUEST epoch=3 reporter=65A90023F6C0D2181AAA63F005D81BBC0C04650505E21D5123F9AE1F9E992BFF target=07AA37761888C0CF2EA4A0D1665307F283027EFC19B9718552CF6577A638E10E sources=["07A5DB1A", "07A5DB1A"] t=1790149094696
EPOCH_CLOSE_UNREADY epoch=3 short_of=reports usable=3 weight=170678084415654779174751637950100835585 required=257972812406900700035906606913467302838 held=5 theirs=["911999B2:CD3CD2C6:A74521D6", "A353E45E:07A5DB1A:AB8516B8", "65A90023:07AA3776:7F221017", "633D9D61:CD3CD2C6:4F019BD7", "D315857C:CD3CD2C6:A74521D6"] t=1790149094696
EPOCH_CLOSE_UNREADY epoch=3 short_of=reports usable=1 weight=48700929558166212313544458091039491759 required=257972812406900700035906606913467302838 held=5 theirs=["65A90023:07AA3776:7F221017", "633D9D61:CD3CD2C6:4F019BD7", "911999B2:CD3CD2C6:A74521D6", "A353E45E:07A5DB1A:AB8516B8", "D315857C:CD3CD2C6:A74521D6"] t=1790149094707
EPOCH_RECON_REQUEST epoch=3 reporter=65A90023F6C0D2181AAA63F005D81BBC0C04650505E21D5123F9AE1F9E992BFF target=07AA37761888C0CF2EA4A0D1665307F283027EFC19B9718552CF6577A638E10E sources=["CD3CD2C6", "CD3CD2C6"] t=1790149094752
EPOCH_CLOSE_UNREADY epoch=3 short_of=reports usable=3 weight=170678084415654779174751637950100835585 required=257972812406900700035906606913467302838 held=5 theirs=["633D9D61:CD3CD2C6:4F019BD7", "911999B2:CD3CD2C6:A74521D6", "65A90023:07AA3776:7F221017", "A353E45E:07A5DB1A:AB8516B8", "D315857C:CD3CD2C6:A74521D6"] t=1790149094763
EPOCH_CLOSE_UNREADY epoch=3 short_of=reports usable=1 weight=48587150767422214708647349628603188013 required=257972812406900700035906606913467302838 held=5 theirs=["A353E45E:07A5DB1A:AB8516B8", "633D9D61:CD3CD2C6:4F019BD7", "911999B2:CD3CD2C6:A74521D6", "65A90023:07AA3776:7F221017", "D315857C:CD3CD2C6:A74521D6"] t=1790149094849
[2m2026-09-23T07:38:14.902106Z[0m [32m INFO[0m [2mnanospam::app[0m[2m:[0m Confirmed 42,792 blocks | 2,000 bps | 0 cps | avg conf time: 0 ms
EPOCH_RECON_REQUEST epoch=3 reporter=A353E45E6D0016CAEED0DFA4EC5B0640E2AA22A793F9F2375E77F1AB92977C04 target=07A5DB1A705966B7B3F9519F1A03BAF11A8294F1CE45B520AF5781C424484AC0 sources=["07AA3776", "C911F3AD"] t=1790149095140
EPOCH_RECON_REFUSED epoch=3 target=07A5DB1A705966B7B3F9519F1A03BAF11A8294F1CE45B520AF5781C424484AC0 reason=UnknownTarget sources=["07AA3776", "C911F3AD"] t=1790149095140
EPOCH_RECON_REFUSED epoch=3 target=07A5DB1A705966B7B3F9519F1A03BAF11A8294F1CE45B520AF5781C424484AC0 reason=UnknownTarget sources=["07AA3776", "C911F3AD"] t=1790149095140
EPOCH_RECON_REFUSED epoch=3 target=07A5DB1A705966B7B3F9519F1A03BAF11A8294F1CE45B520AF5781C424484AC0 reason=UnknownTarget sources=["07AA3776", "C911F3AD"] t=1790149095140
EPOCH_RECON_REFUSED epoch=3 target=07A5DB1A705966B7B3F9519F1A03BAF11A8294F1CE45B520AF5781C424484AC0 reason=UnknownTarget sources=["07AA3776", "C911F3AD"] t=1790149095140
EPOCH_RECON_REFUSED epoch=3 target=07A5DB1A705966B7B3F9519F1A03BAF11A8294F1CE45B520AF5781C424484AC0 reason=UnknownSource sources=["07AA3776", "C911F3AD"] t=1790149095140
EPOCH_RECON_REQUEST epoch=3 reporter=A353E45E6D0016CAEED0DFA4EC5B0640E2AA22A793F9F2375E77F1AB92977C04 target=07A5DB1A705966B7B3F9519F1A03BAF11A8294F1CE45B520AF5781C424484AC0 sources=["CD3CD2C6", "CD3CD2C6"] t=1790149095209
EPOCH_CLOSE_UNREADY epoch=3 short_of=reports usable=3 weight=170678084415654779174751637950100835585 required=257972812406900700035906606913467302838 held=5 theirs=["911999B2:CD3CD2C6:A74521D6", "633D9D61:CD3CD2C6:4F019BD7", "D315857C:CD3CD2C6:A74521D6", "A353E45E:07A5DB1A:AB8516B8", "65A90023:07AA3776:7F221017"] t=1790149095825
EPOCH_RECON_REQUEST epoch=3 reporter=A353E45E6D0016CAEED0DFA4EC5B0640E2AA22A793F9F2375E77F1AB92977C04 target=07A5DB1A705966B7B3F9519F1A03BAF11A8294F1CE45B520AF5781C424484AC0 sources=["CD3CD2C6", "CD3CD2C6"] t=1790149095896
[2m2026-09-23T07:38:15.903540Z[0m [32m INFO[0m [2mnanospam::app[0m[2m:[0m Confirmed 42,792 blocks | 2,000 bps | 0 cps | avg conf time: 0 ms
EPOCH_CLOSE_UNREADY epoch=3 short_of=reports usable=3 weight=170678084415654779174751637950100835585 required=257972812406900700035906606913467302838 held=5 theirs=["911999B2:CD3CD2C6:A74521D6", "A353E45E:07A5DB1A:AB8516B8", "65A90023:07AA3776:7F221017", "633D9D61:CD3CD2C6:4F019BD7", "D315857C:CD3CD2C6:A74521D6"] t=1790149095903
EPOCH_RECON_REQUEST epoch=3 reporter=65A90023F6C0D2181AAA63F005D81BBC0C04650505E21D5123F9AE1F9E992BFF target=07AA37761888C0CF2EA4A0D1665307F283027EFC19B9718552CF6577A638E10E sources=["07A5DB1A", "07A5DB1A"] t=1790149095908
EPOCH_CLOSE_UNREADY epoch=3 short_of=reports usable=1 weight=48700929558166212313544458091039491759 required=257972812406900700035906606913467302838 held=5 theirs=["65A90023:07AA3776:7F221017", "633D9D61:CD3CD2C6:4F019BD7", "911999B2:CD3CD2C6:A74521D6", "A353E45E:07A5DB1A:AB8516B8", "D315857C:CD3CD2C6:A74521D6"] t=1790149095915
EPOCH_RECON_REQUEST epoch=3 reporter=65A90023F6C0D2181AAA63F005D81BBC0C04650505E21D5123F9AE1F9E992BFF target=07AA37761888C0CF2EA4A0D1665307F283027EFC19B9718552CF6577A638E10E sources=["CD3CD2C6", "CD3CD2C6"] t=1790149095960
EPOCH_CLOSE_UNREADY epoch=3 short_of=reports usable=3 weight=170678084415654779174751637950100835585 required=257972812406900700035906606913467302838 held=5 theirs=["633D9D61:CD3CD2C6:4F019BD7", "911999B2:CD3CD2C6:A74521D6", "65A90023:07AA3776:7F221017", "A353E45E:07A5DB1A:AB8516B8", "D315857C:CD3CD2C6:A74521D6"] t=1790149095968
EPOCH_CLOSE_UNREADY epoch=3 short_of=reports usable=1 weight=48587150767422214708647349628603188013 required=257972812406900700035906606913467302838 held=5 theirs=["A353E45E:07A5DB1A:AB8516B8", "633D9D61:CD3CD2C6:4F019BD7", "911999B2:CD3CD2C6:A74521D6", "65A90023:07AA3776:7F221017", "D315857C:CD3CD2C6:A74521D6"] t=1790149096056
EPOCH_RECON_REFUSED epoch=3 target=07A5DB1A705966B7B3F9519F1A03BAF11A8294F1CE45B520AF5781C424484AC0 reason=UnknownTarget sources=["CD3CD2C6", "CD3CD2C6"] t=1790149096201
EPOCH_RECON_REFUSED epoch=3 target=07A5DB1A705966B7B3F9519F1A03BAF11A8294F1CE45B520AF5781C424484AC0 reason=UnknownTarget sources=["CD3CD2C6", "CD3CD2C6"] t=1790149096201
EPOCH_RECON_REFUSED epoch=3 target=07A5DB1A705966B7B3F9519F1A03BAF11A8294F1CE45B520AF5781C424484AC0 reason=UnknownTarget sources=["CD3CD2C6", "CD3CD2C6"] t=1790149096201
EPOCH_RECON_REFUSED epoch=3 target=07A5DB1A705966B7B3F9519F1A03BAF11A8294F1CE45B520AF5781C424484AC0 reason=UnknownSource sources=["CD3CD2C6", "CD3CD2C6"] t=1790149096201
EPOCH_RECON_REFUSED epoch=3 target=07A5DB1A705966B7B3F9519F1A03BAF11A8294F1CE45B520AF5781C424484AC0 reason=UnknownTarget sources=["CD3CD2C6", "CD3CD2C6"] t=1790149096201
EPOCH_RECON_REQUEST epoch=3 reporter=A353E45E6D0016CAEED0DFA4EC5B0640E2AA22A793F9F2375E77F1AB92977C04 target=07A5DB1A705966B7B3F9519F1A03BAF11A8294F1CE45B520AF5781C424484AC0 sources=["07AA3776", "C911F3AD"] t=1790149096352
EPOCH_RECON_REQUEST epoch=3 reporter=A353E45E6D0016CAEED0DFA4EC5B0640E2AA22A793F9F2375E77F1AB92977C04 target=07A5DB1A705966B7B3F9519F1A03BAF11A8294F1CE45B520AF5781C424484AC0 sources=["CD3CD2C6", "CD3CD2C6"] t=1790149096422
[2m2026-09-23T07:38:16.905568Z[0m [32m INFO[0m [2mnanospam::app[0m[2m:[0m Confirmed 42,792 blocks | 2,000 bps | 0 cps | avg conf time: 0 ms
EPOCH_CLOSE_UNREADY epoch=3 short_of=reports usable=3 weight=170678084415654779174751637950100835585 required=257972812406900700035906606913467302838 held=5 theirs=["911999B2:CD3CD2C6:A74521D6", "633D9D61:CD3CD2C6:4F019BD7", "D315857C:CD3CD2C6:A74521D6", "A353E45E:07A5DB1A:AB8516B8", "65A90023:07AA3776:7F221017"] t=1790149097039

thread 'tokio-rt-worker' (1220925) panicked at tools/nanospam/src/confirmation_receiver.rs:58:36:
called `Result::unwrap()` on an `Err` value: InvalidJson(Error("expected value", line: 1, column: 1))
note: run with `RUST_BACKTRACE=1` environment variable to display a backtrace

thread 'tokio-rt-worker' (1219376) panicked at tools/nanospam/src/app.rs:395:69:
called `Result::unwrap()` on an `Err` value: Os { code: 54, kind: ConnectionReset, message: "Connection reset by peer" }

thread 'tokio-rt-worker' (1219373) panicked at tools/nanospam/src/app.rs:330:63:
called `Result::unwrap()` on an `Err` value: Os { code: 32, kind: BrokenPipe, message: "Broken pipe" }

thread 'tokio-rt-worker' (1220925) panicked at tools/nanospam/src/app.rs:330:63:
called `Result::unwrap()` on an `Err` value: Os { code: 32, kind: BrokenPipe, message: "Broken pipe" }

thread 'tokio-rt-worker' (1220916) panicked at tools/nanospam/src/app.rs:330:63:
called `Result::unwrap()` on an `Err` value: Os { code: 32, kind: BrokenPipe, message: "Broken pipe" }

thread 'tokio-rt-worker' (1219376) panicked at tools/nanospam/src/app.rs:330:63:
called `Result::unwrap()` on an `Err` value: Os { code: 32, kind: BrokenPipe, message: "Broken pipe" }

thread 'tokio-rt-worker' (1219373) panicked at tools/nanospam/src/app.rs:330:63:
called `Result::unwrap()` on an `Err` value: Os { code: 32, kind: BrokenPipe, message: "Broken pipe" }

thread 'tokio-rt-worker' (1220916) panicked at tools/nanospam/src/app.rs:330:63:
called `Result::unwrap()` on an `Err` value: Os { code: 32, kind: BrokenPipe, message: "Broken pipe" }

thread 'tokio-rt-worker' (1220916) panicked at tools/nanospam/src/app.rs:330:63:
called `Result::unwrap()` on an `Err` value: Os { code: 32, kind: BrokenPipe, message: "Broken pipe" }

thread 'tokio-rt-worker' (1219373) panicked at tools/nanospam/src/app.rs:330:63:
called `Result::unwrap()` on an `Err` value: Os { code: 32, kind: BrokenPipe, message: "Broken pipe" }

thread 'tokio-rt-worker' (1219376) panicked at tools/nanospam/src/app.rs:330:63:
called `Result::unwrap()` on an `Err` value: Os { code: 32, kind: BrokenPipe, message: "Broken pipe" }

thread 'tokio-rt-worker' (1220925) panicked at tools/nanospam/src/app.rs:330:63:
called `Result::unwrap()` on an `Err` value: Os { code: 32, kind: BrokenPipe, message: "Broken pipe" }

thread 'tokio-rt-worker' (1220925) panicked at tools/nanospam/src/app.rs:330:63:
called `Result::unwrap()` on an `Err` value: Os { code: 32, kind: BrokenPipe, message: "Broken pipe" }

thread 'tokio-rt-worker' (1219376) panicked at tools/nanospam/src/app.rs:330:63:
called `Result::unwrap()` on an `Err` value: Os { code: 32, kind: BrokenPipe, message: "Broken pipe" }

thread 'tokio-rt-worker' (1220925) panicked at tools/nanospam/src/app.rs:330:63:
called `Result::unwrap()` on an `Err` value: Os { code: 32, kind: BrokenPipe, message: "Broken pipe" }

thread 'tokio-rt-worker' (1219373) panicked at tools/nanospam/src/app.rs:330:63:
called `Result::unwrap()` on an `Err` value: Os { code: 32, kind: BrokenPipe, message: "Broken pipe" }

thread 'tokio-rt-worker' (1220916) panicked at tools/nanospam/src/app.rs:330:63:
called `Result::unwrap()` on an `Err` value: Os { code: 32, kind: BrokenPipe, message: "Broken pipe" }

thread 'tokio-rt-worker' (1220916) panicked at tools/nanospam/src/app.rs:330:63:
called `Result::unwrap()` on an `Err` value: Os { code: 32, kind: BrokenPipe, message: "Broken pipe" }

thread 'tokio-rt-worker' (1219373) panicked at tools/nanospam/src/app.rs:330:63:
called `Result::unwrap()` on an `Err` value: Os { code: 32, kind: BrokenPipe, message: "Broken pipe" }

thread 'tokio-rt-worker' (1220916) panicked at tools/nanospam/src/app.rs:330:63:
called `Result::unwrap()` on an `Err` value: Os { code: 32, kind: BrokenPipe, message: "Broken pipe" }

thread 'tokio-rt-worker' (1220925) panicked at tools/nanospam/src/app.rs:330:63:
called `Result::unwrap()` on an `Err` value: Os { code: 32, kind: BrokenPipe, message: "Broken pipe" }

thread 'tokio-rt-worker' (1219376) panicked at tools/nanospam/src/app.rs:330:63:
called `Result::unwrap()` on an `Err` value: Os { code: 32, kind: BrokenPipe, message: "Broken pipe" }

thread 'tokio-rt-worker' (1219376) panicked at tools/nanospam/src/app.rs:330:63:
called `Result::unwrap()` on an `Err` value: Os { code: 32, kind: BrokenPipe, message: "Broken pipe" }

thread 'tokio-rt-worker' (1220925) panicked at tools/nanospam/src/app.rs:330:63:
called `Result::unwrap()` on an `Err` value: Os { code: 32, kind: BrokenPipe, message: "Broken pipe" }

thread 'tokio-rt-worker' (1219376) panicked at tools/nanospam/src/app.rs:330:63:
called `Result::unwrap()` on an `Err` value: Os { code: 32, kind: BrokenPipe, message: "Broken pipe" }

thread 'tokio-rt-worker' (1219373) panicked at tools/nanospam/src/app.rs:330:63:
called `Result::unwrap()` on an `Err` value: Os { code: 32, kind: BrokenPipe, message: "Broken pipe" }

thread 'tokio-rt-worker' (1220916) panicked at tools/nanospam/src/app.rs:330:63:
called `Result::unwrap()` on an `Err` value: Os { code: 32, kind: BrokenPipe, message: "Broken pipe" }

thread 'tokio-rt-worker' (1220916) panicked at tools/nanospam/src/app.rs:330:63:
called `Result::unwrap()` on an `Err` value: Os { code: 32, kind: BrokenPipe, message: "Broken pipe" }

thread 'tokio-rt-worker' (1219373) panicked at tools/nanospam/src/app.rs:330:63:
called `Result::unwrap()` on an `Err` value: Os { code: 32, kind: BrokenPipe, message: "Broken pipe" }

thread 'tokio-rt-worker' (1220916) panicked at tools/nanospam/src/app.rs:330:63:
called `Result::unwrap()` on an `Err` value: Os { code: 32, kind: BrokenPipe, message: "Broken pipe" }

thread 'tokio-rt-worker' (1219376) panicked at tools/nanospam/src/app.rs:330:63:
called `Result::unwrap()` on an `Err` value: Os { code: 32, kind: BrokenPipe, message: "Broken pipe" }

thread 'tokio-rt-worker' (1220925) panicked at tools/nanospam/src/app.rs:330:63:
called `Result::unwrap()` on an `Err` value: Os { code: 32, kind: BrokenPipe, message: "Broken pipe" }

thread 'tokio-rt-worker' (1220925) panicked at tools/nanospam/src/app.rs:330:63:
called `Result::unwrap()` on an `Err` value: Os { code: 32, kind: BrokenPipe, message: "Broken pipe" }

thread 'tokio-rt-worker' (1220916) panicked at tools/nanospam/src/app.rs:330:63:
called `Result::unwrap()` on an `Err` value: Os { code: 32, kind: BrokenPipe, message: "Broken pipe" }

thread 'tokio-rt-worker' (1219376) panicked at tools/nanospam/src/app.rs:330:63:
called `Result::unwrap()` on an `Err` value: Os { code: 32, kind: BrokenPipe, message: "Broken pipe" }

thread 'tokio-rt-worker' (1219373) panicked at tools/nanospam/src/app.rs:330:63:
called `Result::unwrap()` on an `Err` value: Os { code: 32, kind: BrokenPipe, message: "Broken pipe" }

thread 'tokio-rt-worker' (1220925) panicked at tools/nanospam/src/app.rs:330:63:
called `Result::unwrap()` on an `Err` value: Os { code: 32, kind: BrokenPipe, message: "Broken pipe" }

thread 'tokio-rt-worker' (1220925) panicked at tools/nanospam/src/app.rs:330:63:
called `Result::unwrap()` on an `Err` value: Os { code: 32, kind: BrokenPipe, message: "Broken pipe" }

thread 'tokio-rt-worker' (1220916) panicked at tools/nanospam/src/app.rs:330:63:
called `Result::unwrap()` on an `Err` value: Os { code: 32, kind: BrokenPipe, message: "Broken pipe" }

thread 'tokio-rt-worker' (1219376) panicked at tools/nanospam/src/app.rs:330:63:
called `Result::unwrap()` on an `Err` value: Os { code: 32, kind: BrokenPipe, message: "Broken pipe" }

thread 'tokio-rt-worker' (1219373) panicked at tools/nanospam/src/app.rs:330:63:
called `Result::unwrap()` on an `Err` value: Os { code: 32, kind: BrokenPipe, message: "Broken pipe" }

thread 'tokio-rt-worker' (1220925) panicked at tools/nanospam/src/app.rs:330:63:
called `Result::unwrap()` on an `Err` value: Os { code: 32, kind: BrokenPipe, message: "Broken pipe" }

thread 'tokio-rt-worker' (1220925) panicked at tools/nanospam/src/app.rs:330:63:
called `Result::unwrap()` on an `Err` value: Os { code: 32, kind: BrokenPipe, message: "Broken pipe" }

thread 'tokio-rt-worker' (1219373) panicked at tools/nanospam/src/app.rs:330:63:
called `Result::unwrap()` on an `Err` value: Os { code: 32, kind: BrokenPipe, message: "Broken pipe" }

thread 'tokio-rt-worker' (1219376) panicked at tools/nanospam/src/app.rs:330:63:
called `Result::unwrap()` on an `Err` value: Os { code: 32, kind: BrokenPipe, message: "Broken pipe" }

thread 'tokio-rt-worker' (1220925) panicked at tools/nanospam/src/app.rs:330:63:
called `Result::unwrap()` on an `Err` value: Os { code: 32, kind: BrokenPipe, message: "Broken pipe" }

thread 'tokio-rt-worker' (1220916) panicked at tools/nanospam/src/app.rs:330:63:
called `Result::unwrap()` on an `Err` value: Os { code: 32, kind: BrokenPipe, message: "Broken pipe" }

thread 'tokio-rt-worker' (1220916) panicked at tools/nanospam/src/app.rs:330:63:
called `Result::unwrap()` on an `Err` value: Os { code: 32, kind: BrokenPipe, message: "Broken pipe" }

thread 'tokio-rt-worker' (1220925) panicked at tools/nanospam/src/app.rs:330:63:
called `Result::unwrap()` on an `Err` value: Os { code: 32, kind: BrokenPipe, message: "Broken pipe" }

thread 'tokio-rt-worker' (1219376) panicked at tools/nanospam/src/app.rs:330:63:
called `Result::unwrap()` on an `Err` value: Os { code: 32, kind: BrokenPipe, message: "Broken pipe" }

thread 'tokio-rt-worker' (1220916) panicked at tools/nanospam/src/app.rs:330:63:
called `Result::unwrap()` on an `Err` value: Os { code: 32, kind: BrokenPipe, message: "Broken pipe" }

thread 'tokio-rt-worker' (1219373) panicked at tools/nanospam/src/app.rs:330:63:
called `Result::unwrap()` on an `Err` value: Os { code: 32, kind: BrokenPipe, message: "Broken pipe" }

thread 'tokio-rt-worker' (1219373) panicked at tools/nanospam/src/app.rs:330:63:
called `Result::unwrap()` on an `Err` value: Os { code: 32, kind: BrokenPipe, message: "Broken pipe" }

thread 'tokio-rt-worker' (1219376) panicked at tools/nanospam/src/app.rs:330:63:
called `Result::unwrap()` on an `Err` value: Os { code: 32, kind: BrokenPipe, message: "Broken pipe" }

thread 'tokio-rt-worker' (1220925) panicked at tools/nanospam/src/app.rs:330:63:
called `Result::unwrap()` on an `Err` value: Os { code: 32, kind: BrokenPipe, message: "Broken pipe" }

thread 'tokio-rt-worker' (1219376) panicked at tools/nanospam/src/app.rs:330:63:
called `Result::unwrap()` on an `Err` value: Os { code: 32, kind: BrokenPipe, message: "Broken pipe" }

thread 'tokio-rt-worker' (1220916) panicked at tools/nanospam/src/app.rs:330:63:
called `Result::unwrap()` on an `Err` value: Os { code: 32, kind: BrokenPipe, message: "Broken pipe" }

thread 'tokio-rt-worker' (1220916) panicked at tools/nanospam/src/app.rs:330:63:
called `Result::unwrap()` on an `Err` value: Os { code: 32, kind: BrokenPipe, message: "Broken pipe" }

thread 'tokio-rt-worker' (1220925) panicked at tools/nanospam/src/app.rs:330:63:
called `Result::unwrap()` on an `Err` value: Os { code: 32, kind: BrokenPipe, message: "Broken pipe" }

thread 'tokio-rt-worker' (1219376) panicked at tools/nanospam/src/app.rs:330:63:
called `Result::unwrap()` on an `Err` value: Os { code: 32, kind: BrokenPipe, message: "Broken pipe" }

thread 'tokio-rt-worker' (1220916) panicked at tools/nanospam/src/app.rs:330:63:
called `Result::unwrap()` on an `Err` value: Os { code: 32, kind: BrokenPipe, message: "Broken pipe" }

thread 'tokio-rt-worker' (1219373) panicked at tools/nanospam/src/app.rs:330:63:
called `Result::unwrap()` on an `Err` value: Os { code: 32, kind: BrokenPipe, message: "Broken pipe" }

thread 'tokio-rt-worker' (1219373) panicked at tools/nanospam/src/app.rs:330:63:
called `Result::unwrap()` on an `Err` value: Os { code: 32, kind: BrokenPipe, message: "Broken pipe" }

thread 'tokio-rt-worker' (1220916) panicked at tools/nanospam/src/app.rs:330:63:
called `Result::unwrap()` on an `Err` value: Os { code: 32, kind: BrokenPipe, message: "Broken pipe" }

thread 'tokio-rt-worker' (1219376) panicked at tools/nanospam/src/app.rs:330:63:
called `Result::unwrap()` on an `Err` value: Os { code: 32, kind: BrokenPipe, message: "Broken pipe" }

thread 'tokio-rt-worker' (1219373) panicked at tools/nanospam/src/app.rs:330:63:
called `Result::unwrap()` on an `Err` value: Os { code: 32, kind: BrokenPipe, message: "Broken pipe" }

thread 'tokio-rt-worker' (1220925) panicked at tools/nanospam/src/app.rs:330:63:
called `Result::unwrap()` on an `Err` value: Os { code: 32, kind: BrokenPipe, message: "Broken pipe" }

thread 'tokio-rt-worker' (1220925) panicked at tools/nanospam/src/app.rs:330:63:
called `Result::unwrap()` on an `Err` value: Os { code: 32, kind: BrokenPipe, message: "Broken pipe" }

thread 'tokio-rt-worker' (1219373) panicked at tools/nanospam/src/app.rs:330:63:
called `Result::unwrap()` on an `Err` value: Os { code: 32, kind: BrokenPipe, message: "Broken pipe" }

thread 'tokio-rt-worker' (1220925) panicked at tools/nanospam/src/app.rs:330:63:
called `Result::unwrap()` on an `Err` value: Os { code: 32, kind: BrokenPipe, message: "Broken pipe" }

thread 'tokio-rt-worker' (1219373) panicked at tools/nanospam/src/app.rs:330:63:
called `Result::unwrap()` on an `Err` value: Os { code: 32, kind: BrokenPipe, message: "Broken pipe" }

thread 'tokio-rt-worker' (1219376) panicked at tools/nanospam/src/app.rs:330:63:
called `Result::unwrap()` on an `Err` value: Os { code: 32, kind: BrokenPipe, message: "Broken pipe" }

thread 'tokio-rt-worker' (1219376) panicked at tools/nanospam/src/app.rs:330:63:
called `Result::unwrap()` on an `Err` value: Os { code: 32, kind: BrokenPipe, message: "Broken pipe" }

thread 'tokio-rt-worker' (1220916) panicked at tools/nanospam/src/app.rs:330:63:
called `Result::unwrap()` on an `Err` value: Os { code: 32, kind: BrokenPipe, message: "Broken pipe" }

thread 'tokio-rt-worker' (1220925) panicked at tools/nanospam/src/app.rs:330:63:
called `Result::unwrap()` on an `Err` value: Os { code: 32, kind: BrokenPipe, message: "Broken pipe" }

thread 'tokio-rt-worker' (1219373) panicked at tools/nanospam/src/app.rs:330:63:
called `Result::unwrap()` on an `Err` value: Os { code: 32, kind: BrokenPipe, message: "Broken pipe" }

thread 'tokio-rt-worker' (1219376) panicked at tools/nanospam/src/app.rs:330:63:
called `Result::unwrap()` on an `Err` value: Os { code: 32, kind: BrokenPipe, message: "Broken pipe" }

thread 'tokio-rt-worker' (1219376) panicked at tools/nanospam/src/app.rs:330:63:
called `Result::unwrap()` on an `Err` value: Os { code: 32, kind: BrokenPipe, message: "Broken pipe" }

thread 'tokio-rt-worker' (1220925) panicked at tools/nanospam/src/app.rs:330:63:
called `Result::unwrap()` on an `Err` value: Os { code: 32, kind: BrokenPipe, message: "Broken pipe" }

thread 'tokio-rt-worker' (1220916) panicked at tools/nanospam/src/app.rs:330:63:
called `Result::unwrap()` on an `Err` value: Os { code: 32, kind: BrokenPipe, message: "Broken pipe" }

thread 'tokio-rt-worker' (1219373) panicked at tools/nanospam/src/app.rs:330:63:
called `Result::unwrap()` on an `Err` value: Os { code: 32, kind: BrokenPipe, message: "Broken pipe" }

thread 'tokio-rt-worker' (1219376) panicked at tools/nanospam/src/app.rs:330:63:
called `Result::unwrap()` on an `Err` value: Os { code: 32, kind: BrokenPipe, message: "Broken pipe" }

thread 'tokio-rt-worker' (1219376) panicked at tools/nanospam/src/app.rs:330:63:
called `Result::unwrap()` on an `Err` value: Os { code: 32, kind: BrokenPipe, message: "Broken pipe" }

thread 'tokio-rt-worker' (1220916) panicked at tools/nanospam/src/app.rs:330:63:
called `Result::unwrap()` on an `Err` value: Os { code: 32, kind: BrokenPipe, message: "Broken pipe" }

thread 'tokio-rt-worker' (1220925) panicked at tools/nanospam/src/app.rs:330:63:
called `Result::unwrap()` on an `Err` value: Os { code: 32, kind: BrokenPipe, message: "Broken pipe" }

thread 'tokio-rt-worker' (1219373) panicked at tools/nanospam/src/app.rs:330:63:
called `Result::unwrap()` on an `Err` value: Os { code: 32, kind: BrokenPipe, message: "Broken pipe" }

thread 'tokio-rt-worker' (1219376) panicked at tools/nanospam/src/app.rs:330:63:
called `Result::unwrap()` on an `Err` value: Os { code: 32, kind: BrokenPipe, message: "Broken pipe" }

thread 'tokio-rt-worker' (1219376) panicked at tools/nanospam/src/app.rs:330:63:
called `Result::unwrap()` on an `Err` value: Os { code: 32, kind: BrokenPipe, message: "Broken pipe" }

thread 'tokio-rt-worker' (1219373) panicked at tools/nanospam/src/app.rs:330:63:
called `Result::unwrap()` on an `Err` value: Os { code: 32, kind: BrokenPipe, message: "Broken pipe" }

thread 'tokio-rt-worker' (1219376) panicked at tools/nanospam/src/app.rs:330:63:
called `Result::unwrap()` on an `Err` value: Os { code: 32, kind: BrokenPipe, message: "Broken pipe" }

thread 'tokio-rt-worker' (1220925) panicked at tools/nanospam/src/app.rs:330:63:
called `Result::unwrap()` on an `Err` value: Os { code: 32, kind: BrokenPipe, message: "Broken pipe" }

thread 'tokio-rt-worker' (1220916) panicked at tools/nanospam/src/app.rs:330:63:
called `Result::unwrap()` on an `Err` value: Os { code: 32, kind: BrokenPipe, message: "Broken pipe" }

thread 'tokio-rt-worker' (1220916) panicked at tools/nanospam/src/app.rs:330:63:
called `Result::unwrap()` on an `Err` value: Os { code: 32, kind: BrokenPipe, message: "Broken pipe" }

thread 'tokio-rt-worker' (1219376) panicked at tools/nanospam/src/app.rs:330:63:
called `Result::unwrap()` on an `Err` value: Os { code: 32, kind: BrokenPipe, message: "Broken pipe" }

thread 'tokio-rt-worker' (1220916) panicked at tools/nanospam/src/app.rs:330:63:
called `Result::unwrap()` on an `Err` value: Os { code: 32, kind: BrokenPipe, message: "Broken pipe" }

thread 'tokio-rt-worker' (1220925) panicked at tools/nanospam/src/app.rs:330:63:
called `Result::unwrap()` on an `Err` value: Os { code: 32, kind: BrokenPipe, message: "Broken pipe" }

thread 'tokio-rt-worker' (1219373) panicked at tools/nanospam/src/app.rs:330:63:
called `Result::unwrap()` on an `Err` value: Os { code: 32, kind: BrokenPipe, message: "Broken pipe" }

thread 'tokio-rt-worker' (1219373) panicked at tools/nanospam/src/app.rs:330:63:
called `Result::unwrap()` on an `Err` value: Os { code: 32, kind: BrokenPipe, message: "Broken pipe" }

thread 'tokio-rt-worker' (1219373) panicked at tools/nanospam/src/app.rs:330:63:
called `Result::unwrap()` on an `Err` value: Os { code: 32, kind: BrokenPipe, message: "Broken pipe" }

thread 'tokio-rt-worker' (1219373) panicked at tools/nanospam/src/app.rs:330:63:
called `Result::unwrap()` on an `Err` value: Os { code: 32, kind: BrokenPipe, message: "Broken pipe" }

thread 'tokio-rt-worker' (1220925) panicked at tools/nanospam/src/app.rs:330:63:
called `Result::unwrap()` on an `Err` value: Os { code: 32, kind: BrokenPipe, message: "Broken pipe" }

thread 'tokio-rt-worker' (1220925) panicked at tools/nanospam/src/app.rs:330:63:
called `Result::unwrap()` on an `Err` value: Os { code: 32, kind: BrokenPipe, message: "Broken pipe" }

thread 'tokio-rt-worker' (1219373) panicked at tools/nanospam/src/app.rs:330:63:
called `Result::unwrap()` on an `Err` value: Os { code: 32, kind: BrokenPipe, message: "Broken pipe" }

thread 'tokio-rt-worker' (1219373) panicked at tools/nanospam/src/app.rs:330:63:
called `Result::unwrap()` on an `Err` value: Os { code: 32, kind: BrokenPipe, message: "Broken pipe" }

thread 'tokio-rt-worker' (1220925) panicked at tools/nanospam/src/app.rs:330:63:
called `Result::unwrap()` on an `Err` value: Os { code: 32, kind: BrokenPipe, message: "Broken pipe" }

thread 'tokio-rt-worker' (1220916) panicked at tools/nanospam/src/app.rs:330:63:
called `Result::unwrap()` on an `Err` value: Os { code: 32, kind: BrokenPipe, message: "Broken pipe" }

thread 'tokio-rt-worker' (1219373) panicked at tools/nanospam/src/app.rs:330:63:
called `Result::unwrap()` on an `Err` value: Os { code: 32, kind: BrokenPipe, message: "Broken pipe" }

thread 'tokio-rt-worker' (1219373) panicked at tools/nanospam/src/app.rs:330:63:
called `Result::unwrap()` on an `Err` value: Os { code: 32, kind: BrokenPipe, message: "Broken pipe" }

thread 'tokio-rt-worker' (1219373) panicked at tools/nanospam/src/app.rs:330:63:
called `Result::unwrap()` on an `Err` value: Os { code: 32, kind: BrokenPipe, message: "Broken pipe" }

thread 'tokio-rt-worker' (1220916) panicked at tools/nanospam/src/app.rs:330:63:
called `Result::unwrap()` on an `Err` value: Os { code: 32, kind: BrokenPipe, message: "Broken pipe" }

thread 'tokio-rt-worker' (1220916) panicked at tools/nanospam/src/app.rs:330:63:
called `Result::unwrap()` on an `Err` value: Os { code: 32, kind: BrokenPipe, message: "Broken pipe" }

thread 'tokio-rt-worker' (1220925) panicked at tools/nanospam/src/app.rs:330:63:
called `Result::unwrap()` on an `Err` value: Os { code: 32, kind: BrokenPipe, message: "Broken pipe" }

thread 'tokio-rt-worker' (1220925) panicked at tools/nanospam/src/app.rs:330:63:
called `Result::unwrap()` on an `Err` value: Os { code: 32, kind: BrokenPipe, message: "Broken pipe" }

thread 'tokio-rt-worker' (1220925) panicked at tools/nanospam/src/app.rs:330:63:
called `Result::unwrap()` on an `Err` value: Os { code: 32, kind: BrokenPipe, message: "Broken pipe" }

thread 'tokio-rt-worker' (1220925) panicked at tools/nanospam/src/app.rs:330:63:
called `Result::unwrap()` on an `Err` value: Os { code: 32, kind: BrokenPipe, message: "Broken pipe" }

thread 'tokio-rt-worker' (1220925) panicked at tools/nanospam/src/app.rs:330:63:
called `Result::unwrap()` on an `Err` value: Os { code: 32, kind: BrokenPipe, message: "Broken pipe" }

thread 'tokio-rt-worker' (1220916) panicked at tools/nanospam/src/app.rs:330:63:
called `Result::unwrap()` on an `Err` value: Os { code: 32, kind: BrokenPipe, message: "Broken pipe" }

thread 'tokio-rt-worker' (1220916) panicked at tools/nanospam/src/app.rs:330:63:
called `Result::unwrap()` on an `Err` value: Os { code: 32, kind: BrokenPipe, message: "Broken pipe" }

thread 'tokio-rt-worker' (1220925) panicked at tools/nanospam/src/app.rs:330:63:
called `Result::unwrap()` on an `Err` value: Os { code: 32, kind: BrokenPipe, message: "Broken pipe" }

thread 'tokio-rt-worker' (1219376) panicked at tools/nanospam/src/app.rs:330:63:
called `Result::unwrap()` on an `Err` value: Os { code: 32, kind: BrokenPipe, message: "Broken pipe" }

thread 'tokio-rt-worker' (1220916) panicked at tools/nanospam/src/app.rs:330:63:
called `Result::unwrap()` on an `Err` value: Os { code: 32, kind: BrokenPipe, message: "Broken pipe" }

thread 'tokio-rt-worker' (1219373) panicked at tools/nanospam/src/app.rs:330:63:
called `Result::unwrap()` on an `Err` value: Os { code: 32, kind: BrokenPipe, message: "Broken pipe" }

thread 'tokio-rt-worker' (1219373) panicked at tools/nanospam/src/app.rs:330:63:
called `Result::unwrap()` on an `Err` value: Os { code: 32, kind: BrokenPipe, message: "Broken pipe" }

thread 'tokio-rt-worker' (1220916) panicked at tools/nanospam/src/app.rs:330:63:
called `Result::unwrap()` on an `Err` value: Os { code: 32, kind: BrokenPipe, message: "Broken pipe" }

thread 'tokio-rt-worker' (1219373) panicked at tools/nanospam/src/app.rs:330:63:
called `Result::unwrap()` on an `Err` value: Os { code: 32, kind: BrokenPipe, message: "Broken pipe" }

thread 'tokio-rt-worker' (1220925) panicked at tools/nanospam/src/app.rs:330:63:
called `Result::unwrap()` on an `Err` value: Os { code: 32, kind: BrokenPipe, message: "Broken pipe" }

thread 'tokio-rt-worker' (1219376) panicked at tools/nanospam/src/app.rs:330:63:
called `Result::unwrap()` on an `Err` value: Os { code: 32, kind: BrokenPipe, message: "Broken pipe" }

thread 'tokio-rt-worker' (1219376) panicked at tools/nanospam/src/app.rs:330:63:
called `Result::unwrap()` on an `Err` value: Os { code: 32, kind: BrokenPipe, message: "Broken pipe" }

thread 'tokio-rt-worker' (1220925) panicked at tools/nanospam/src/app.rs:330:63:
called `Result::unwrap()` on an `Err` value: Os { code: 32, kind: BrokenPipe, message: "Broken pipe" }

thread 'tokio-rt-worker' (1219373) panicked at tools/nanospam/src/app.rs:330:63:
called `Result::unwrap()` on an `Err` value: Os { code: 32, kind: BrokenPipe, message: "Broken pipe" }

thread 'tokio-rt-worker' (1220925) panicked at tools/nanospam/src/app.rs:330:63:
called `Result::unwrap()` on an `Err` value: Os { code: 32, kind: BrokenPipe, message: "Broken pipe" }

thread 'tokio-rt-worker' (1219376) panicked at tools/nanospam/src/app.rs:330:63:
called `Result::unwrap()` on an `Err` value: Os { code: 32, kind: BrokenPipe, message: "Broken pipe" }

thread 'tokio-rt-worker' (1219373) panicked at tools/nanospam/src/app.rs:330:63:
called `Result::unwrap()` on an `Err` value: Os { code: 32, kind: BrokenPipe, message: "Broken pipe" }

thread 'tokio-rt-worker' (1219376) panicked at tools/nanospam/src/app.rs:330:63:
called `Result::unwrap()` on an `Err` value: Os { code: 32, kind: BrokenPipe, message: "Broken pipe" }

thread 'tokio-rt-worker' (1219373) panicked at tools/nanospam/src/app.rs:330:63:
called `Result::unwrap()` on an `Err` value: Os { code: 32, kind: BrokenPipe, message: "Broken pipe" }

thread 'tokio-rt-worker' (1220916) panicked at tools/nanospam/src/app.rs:330:63:
called `Result::unwrap()` on an `Err` value: Os { code: 32, kind: BrokenPipe, message: "Broken pipe" }

thread 'tokio-rt-worker' (1219373) panicked at tools/nanospam/src/app.rs:330:63:
called `Result::unwrap()` on an `Err` value: Os { code: 32, kind: BrokenPipe, message: "Broken pipe" }

thread 'tokio-rt-worker' (1220916) panicked at tools/nanospam/src/app.rs:330:63:
called `Result::unwrap()` on an `Err` value: Os { code: 32, kind: BrokenPipe, message: "Broken pipe" }

thread 'tokio-rt-worker' (1221115) panicked at tools/nanospam/src/app.rs:330:63:
called `Result::unwrap()` on an `Err` value: Os { code: 32, kind: BrokenPipe, message: "Broken pipe" }

thread 'tokio-rt-worker' (1219376) panicked at tools/nanospam/src/app.rs:330:63:
called `Result::unwrap()` on an `Err` value: Os { code: 32, kind: BrokenPipe, message: "Broken pipe" }

thread 'tokio-rt-worker' (1219373) panicked at tools/nanospam/src/app.rs:330:63:
called `Result::unwrap()` on an `Err` value: Os { code: 32, kind: BrokenPipe, message: "Broken pipe" }

thread 'tokio-rt-worker' (1220916) panicked at tools/nanospam/src/app.rs:330:63:
called `Result::unwrap()` on an `Err` value: Os { code: 32, kind: BrokenPipe, message: "Broken pipe" }

thread 'tokio-rt-worker' (1220916) panicked at tools/nanospam/src/app.rs:330:63:
called `Result::unwrap()` on an `Err` value: Os { code: 32, kind: BrokenPipe, message: "Broken pipe" }

thread 'tokio-rt-worker' (1219373) panicked at tools/nanospam/src/app.rs:330:63:
called `Result::unwrap()` on an `Err` value: Os { code: 32, kind: BrokenPipe, message: "Broken pipe" }

thread 'tokio-rt-worker' (1221115) panicked at tools/nanospam/src/app.rs:330:63:
called `Result::unwrap()` on an `Err` value: Os { code: 32, kind: BrokenPipe, message: "Broken pipe" }

thread 'tokio-rt-worker' (1219376) panicked at tools/nanospam/src/app.rs:330:63:
called `Result::unwrap()` on an `Err` value: Os { code: 32, kind: BrokenPipe, message: "Broken pipe" }

thread 'tokio-rt-worker' (1220916) panicked at tools/nanospam/src/app.rs:330:63:
called `Result::unwrap()` on an `Err` value: Os { code: 32, kind: BrokenPipe, message: "Broken pipe" }

thread 'tokio-rt-worker' (1220916) panicked at tools/nanospam/src/app.rs:330:63:
called `Result::unwrap()` on an `Err` value: Os { code: 32, kind: BrokenPipe, message: "Broken pipe" }

thread 'tokio-rt-worker' (1221115) panicked at tools/nanospam/src/app.rs:330:63:
called `Result::unwrap()` on an `Err` value: Os { code: 32, kind: BrokenPipe, message: "Broken pipe" }

thread 'tokio-rt-worker' (1219376) panicked at tools/nanospam/src/app.rs:330:63:
called `Result::unwrap()` on an `Err` value: Os { code: 32, kind: BrokenPipe, message: "Broken pipe" }

thread 'tokio-rt-worker' (1219373) panicked at tools/nanospam/src/app.rs:330:63:
called `Result::unwrap()` on an `Err` value: Os { code: 32, kind: BrokenPipe, message: "Broken pipe" }

thread 'tokio-rt-worker' (1220916) panicked at tools/nanospam/src/app.rs:330:63:
called `Result::unwrap()` on an `Err` value: Os { code: 32, kind: BrokenPipe, message: "Broken pipe" }

thread 'tokio-rt-worker' (1220916) panicked at tools/nanospam/src/app.rs:330:63:
called `Result::unwrap()` on an `Err` value: Os { code: 32, kind: BrokenPipe, message: "Broken pipe" }

thread 'tokio-rt-worker' (1219373) panicked at tools/nanospam/src/app.rs:330:63:
called `Result::unwrap()` on an `Err` value: Os { code: 32, kind: BrokenPipe, message: "Broken pipe" }

thread 'tokio-rt-worker' (1219376) panicked at tools/nanospam/src/app.rs:330:63:
called `Result::unwrap()` on an `Err` value: Os { code: 32, kind: BrokenPipe, message: "Broken pipe" }

thread 'tokio-rt-worker' (1221115) panicked at tools/nanospam/src/app.rs:330:63:
called `Result::unwrap()` on an `Err` value: Os { code: 32, kind: BrokenPipe, message: "Broken pipe" }

thread 'tokio-rt-worker' (1220916) panicked at tools/nanospam/src/app.rs:330:63:
called `Result::unwrap()` on an `Err` value: Os { code: 32, kind: BrokenPipe, message: "Broken pipe" }

thread 'tokio-rt-worker' (1220916) panicked at tools/nanospam/src/app.rs:330:63:
called `Result::unwrap()` on an `Err` value: Os { code: 32, kind: BrokenPipe, message: "Broken pipe" }

thread 'tokio-rt-worker' (1221115) panicked at tools/nanospam/src/app.rs:330:63:
called `Result::unwrap()` on an `Err` value: Os { code: 32, kind: BrokenPipe, message: "Broken pipe" }

thread 'tokio-rt-worker' (1219376) panicked at tools/nanospam/src/app.rs:330:63:
called `Result::unwrap()` on an `Err` value: Os { code: 32, kind: BrokenPipe, message: "Broken pipe" }

thread 'tokio-rt-worker' (1219373) panicked at tools/nanospam/src/app.rs:330:63:
called `Result::unwrap()` on an `Err` value: Os { code: 32, kind: BrokenPipe, message: "Broken pipe" }

thread 'tokio-rt-worker' (1220916) panicked at tools/nanospam/src/app.rs:330:63:
called `Result::unwrap()` on an `Err` value: Os { code: 32, kind: BrokenPipe, message: "Broken pipe" }

thread 'tokio-rt-worker' (1220916) panicked at tools/nanospam/src/app.rs:330:63:
called `Result::unwrap()` on an `Err` value: Os { code: 32, kind: BrokenPipe, message: "Broken pipe" }

thread 'tokio-rt-worker' (1219373) panicked at tools/nanospam/src/app.rs:330:63:
called `Result::unwrap()` on an `Err` value: Os { code: 32, kind: BrokenPipe, message: "Broken pipe" }

thread 'tokio-rt-worker' (1219376) panicked at tools/nanospam/src/app.rs:330:63:
called `Result::unwrap()` on an `Err` value: Os { code: 32, kind: BrokenPipe, message: "Broken pipe" }

thread 'tokio-rt-worker' (1221115) panicked at tools/nanospam/src/app.rs:330:63:
called `Result::unwrap()` on an `Err` value: Os { code: 32, kind: BrokenPipe, message: "Broken pipe" }

thread 'tokio-rt-worker' (1220916) panicked at tools/nanospam/src/app.rs:330:63:
called `Result::unwrap()` on an `Err` value: Os { code: 32, kind: BrokenPipe, message: "Broken pipe" }

thread 'tokio-rt-worker' (1220916) panicked at tools/nanospam/src/app.rs:330:63:
called `Result::unwrap()` on an `Err` value: Os { code: 32, kind: BrokenPipe, message: "Broken pipe" }

thread 'tokio-rt-worker' (1221115) panicked at tools/nanospam/src/app.rs:330:63:
called `Result::unwrap()` on an `Err` value: Os { code: 32, kind: BrokenPipe, message: "Broken pipe" }

thread 'tokio-rt-worker' (1219373) panicked at tools/nanospam/src/app.rs:330:63:
called `Result::unwrap()` on an `Err` value: Os { code: 32, kind: BrokenPipe, message: "Broken pipe" }

thread 'tokio-rt-worker' (1220916) panicked at tools/nanospam/src/app.rs:330:63:
called `Result::unwrap()` on an `Err` value: Os { code: 32, kind: BrokenPipe, message: "Broken pipe" }

thread 'tokio-rt-worker' (1219376) panicked at tools/nanospam/src/app.rs:330:63:
called `Result::unwrap()` on an `Err` value: Os { code: 32, kind: BrokenPipe, message: "Broken pipe" }

thread 'tokio-rt-worker' (1219376) panicked at tools/nanospam/src/app.rs:330:63:
called `Result::unwrap()` on an `Err` value: Os { code: 32, kind: BrokenPipe, message: "Broken pipe" }

thread 'tokio-rt-worker' (1220916) panicked at tools/nanospam/src/app.rs:330:63:
called `Result::unwrap()` on an `Err` value: Os { code: 32, kind: BrokenPipe, message: "Broken pipe" }

thread 'tokio-rt-worker' (1221115) panicked at tools/nanospam/src/app.rs:330:63:
called `Result::unwrap()` on an `Err` value: Os { code: 32, kind: BrokenPipe, message: "Broken pipe" }

thread 'tokio-rt-worker' (1219376) panicked at tools/nanospam/src/app.rs:330:63:
called `Result::unwrap()` on an `Err` value: Os { code: 32, kind: BrokenPipe, message: "Broken pipe" }

thread 'tokio-rt-worker' (1219373) panicked at tools/nanospam/src/app.rs:330:63:
called `Result::unwrap()` on an `Err` value: Os { code: 32, kind: BrokenPipe, message: "Broken pipe" }

thread 'tokio-rt-worker' (1219373) panicked at tools/nanospam/src/app.rs:330:63:
called `Result::unwrap()` on an `Err` value: Os { code: 32, kind: BrokenPipe, message: "Broken pipe" }

thread 'tokio-rt-worker' (1219376) panicked at tools/nanospam/src/app.rs:330:63:
called `Result::unwrap()` on an `Err` value: Os { code: 32, kind: BrokenPipe, message: "Broken pipe" }

thread 'tokio-rt-worker' (1221115) panicked at tools/nanospam/src/app.rs:330:63:
called `Result::unwrap()` on an `Err` value: Os { code: 32, kind: BrokenPipe, message: "Broken pipe" }

thread 'tokio-rt-worker' (1219373) panicked at tools/nanospam/src/app.rs:330:63:
called `Result::unwrap()` on an `Err` value: Os { code: 32, kind: BrokenPipe, message: "Broken pipe" }

thread 'tokio-rt-worker' (1220916) panicked at tools/nanospam/src/app.rs:330:63:
called `Result::unwrap()` on an `Err` value: Os { code: 32, kind: BrokenPipe, message: "Broken pipe" }

thread 'tokio-rt-worker' (1220916) panicked at tools/nanospam/src/app.rs:330:63:
called `Result::unwrap()` on an `Err` value: Os { code: 32, kind: BrokenPipe, message: "Broken pipe" }

thread 'tokio-rt-worker' (1219373) panicked at tools/nanospam/src/app.rs:330:63:
called `Result::unwrap()` on an `Err` value: Os { code: 32, kind: BrokenPipe, message: "Broken pipe" }

thread 'tokio-rt-worker' (1219376) panicked at tools/nanospam/src/app.rs:330:63:
called `Result::unwrap()` on an `Err` value: Os { code: 32, kind: BrokenPipe, message: "Broken pipe" }

thread 'tokio-rt-worker' (1220916) panicked at tools/nanospam/src/app.rs:330:63:
called `Result::unwrap()` on an `Err` value: Os { code: 32, kind: BrokenPipe, message: "Broken pipe" }

thread 'tokio-rt-worker' (1221115) panicked at tools/nanospam/src/app.rs:330:63:
called `Result::unwrap()` on an `Err` value: Os { code: 32, kind: BrokenPipe, message: "Broken pipe" }

thread 'tokio-rt-worker' (1221115) panicked at tools/nanospam/src/app.rs:330:63:
called `Result::unwrap()` on an `Err` value: Os { code: 32, kind: BrokenPipe, message: "Broken pipe" }

thread 'tokio-rt-worker' (1220916) panicked at tools/nanospam/src/app.rs:330:63:
called `Result::unwrap()` on an `Err` value: Os { code: 32, kind: BrokenPipe, message: "Broken pipe" }

thread 'tokio-rt-worker' (1219376) panicked at tools/nanospam/src/app.rs:330:63:
called `Result::unwrap()` on an `Err` value: Os { code: 32, kind: BrokenPipe, message: "Broken pipe" }

thread 'tokio-rt-worker' (1221115) panicked at tools/nanospam/src/app.rs:330:63:
called `Result::unwrap()` on an `Err` value: Os { code: 32, kind: BrokenPipe, message: "Broken pipe" }

thread 'tokio-rt-worker' (1219373) panicked at tools/nanospam/src/app.rs:330:63:
called `Result::unwrap()` on an `Err` value: Os { code: 32, kind: BrokenPipe, message: "Broken pipe" }

thread 'tokio-rt-worker' (1219373) panicked at tools/nanospam/src/app.rs:330:63:
called `Result::unwrap()` on an `Err` value: Os { code: 32, kind: BrokenPipe, message: "Broken pipe" }

thread 'tokio-rt-worker' (1221115) panicked at tools/nanospam/src/app.rs:330:63:
called `Result::unwrap()` on an `Err` value: Os { code: 32, kind: BrokenPipe, message: "Broken pipe" }

thread 'tokio-rt-worker' (1219376) panicked at tools/nanospam/src/app.rs:330:63:
called `Result::unwrap()` on an `Err` value: Os { code: 32, kind: BrokenPipe, message: "Broken pipe" }

thread 'tokio-rt-worker' (1219373) panicked at tools/nanospam/src/app.rs:330:63:
called `Result::unwrap()` on an `Err` value: Os { code: 32, kind: BrokenPipe, message: "Broken pipe" }

thread 'tokio-rt-worker' (1221115) panicked at tools/nanospam/src/app.rs:330:63:
called `Result::unwrap()` on an `Err` value: Os { code: 32, kind: BrokenPipe, message: "Broken pipe" }

thread 'tokio-rt-worker' (1221115) panicked at tools/nanospam/src/app.rs:330:63:
called `Result::unwrap()` on an `Err` value: Os { code: 32, kind: BrokenPipe, message: "Broken pipe" }

thread 'tokio-rt-worker' (1219373) panicked at tools/nanospam/src/app.rs:330:63:
called `Result::unwrap()` on an `Err` value: Os { code: 32, kind: BrokenPipe, message: "Broken pipe" }

thread 'tokio-rt-worker' (1219376) panicked at tools/nanospam/src/app.rs:330:63:
called `Result::unwrap()` on an `Err` value: Os { code: 32, kind: BrokenPipe, message: "Broken pipe" }

thread 'tokio-rt-worker' (1220916) panicked at tools/nanospam/src/app.rs:330:63:
called `Result::unwrap()` on an `Err` value: Os { code: 32, kind: BrokenPipe, message: "Broken pipe" }

thread 'tokio-rt-worker' (1221115) panicked at tools/nanospam/src/app.rs:330:63:
called `Result::unwrap()` on an `Err` value: Os { code: 32, kind: BrokenPipe, message: "Broken pipe" }

thread 'tokio-rt-worker' (1221115) panicked at tools/nanospam/src/app.rs:330:63:
called `Result::unwrap()` on an `Err` value: Os { code: 32, kind: BrokenPipe, message: "Broken pipe" }

thread 'tokio-rt-worker' (1220916) panicked at tools/nanospam/src/app.rs:330:63:
called `Result::unwrap()` on an `Err` value: Os { code: 32, kind: BrokenPipe, message: "Broken pipe" }

thread 'tokio-rt-worker' (1219373) panicked at tools/nanospam/src/app.rs:330:63:
called `Result::unwrap()` on an `Err` value: Os { code: 32, kind: BrokenPipe, message: "Broken pipe" }

thread 'tokio-rt-worker' (1219376) panicked at tools/nanospam/src/app.rs:330:63:
called `Result::unwrap()` on an `Err` value: Os { code: 32, kind: BrokenPipe, message: "Broken pipe" }

thread 'tokio-rt-worker' (1221115) panicked at tools/nanospam/src/app.rs:330:63:
called `Result::unwrap()` on an `Err` value: Os { code: 32, kind: BrokenPipe, message: "Broken pipe" }

thread 'tokio-rt-worker' (1221115) panicked at tools/nanospam/src/app.rs:330:63:
called `Result::unwrap()` on an `Err` value: Os { code: 32, kind: BrokenPipe, message: "Broken pipe" }

thread 'tokio-rt-worker' (1219376) panicked at tools/nanospam/src/app.rs:330:63:
called `Result::unwrap()` on an `Err` value: Os { code: 32, kind: BrokenPipe, message: "Broken pipe" }

thread 'tokio-rt-worker' (1219373) panicked at tools/nanospam/src/app.rs:330:63:
called `Result::unwrap()` on an `Err` value: Os { code: 32, kind: BrokenPipe, message: "Broken pipe" }

thread 'tokio-rt-worker' (1221115) panicked at tools/nanospam/src/app.rs:330:63:
called `Result::unwrap()` on an `Err` value: Os { code: 32, kind: BrokenPipe, message: "Broken pipe" }

thread 'tokio-rt-worker' (1220916) panicked at tools/nanospam/src/app.rs:330:63:
called `Result::unwrap()` on an `Err` value: Os { code: 32, kind: BrokenPipe, message: "Broken pipe" }

thread 'tokio-rt-worker' (1220916) panicked at tools/nanospam/src/app.rs:330:63:
called `Result::unwrap()` on an `Err` value: Os { code: 32, kind: BrokenPipe, message: "Broken pipe" }

thread 'tokio-rt-worker' (1221115) panicked at tools/nanospam/src/app.rs:330:63:
called `Result::unwrap()` on an `Err` value: Os { code: 32, kind: BrokenPipe, message: "Broken pipe" }

thread 'tokio-rt-worker' (1219376) panicked at tools/nanospam/src/app.rs:330:63:
called `Result::unwrap()` on an `Err` value: Os { code: 32, kind: BrokenPipe, message: "Broken pipe" }

thread 'tokio-rt-worker' (1220916) panicked at tools/nanospam/src/app.rs:330:63:
called `Result::unwrap()` on an `Err` value: Os { code: 32, kind: BrokenPipe, message: "Broken pipe" }

thread 'tokio-rt-worker' (1219373) panicked at tools/nanospam/src/app.rs:330:63:
called `Result::unwrap()` on an `Err` value: Os { code: 32, kind: BrokenPipe, message: "Broken pipe" }

thread 'tokio-rt-worker' (1219373) panicked at tools/nanospam/src/app.rs:330:63:
called `Result::unwrap()` on an `Err` value: Os { code: 32, kind: BrokenPipe, message: "Broken pipe" }

thread 'tokio-rt-worker' (1219376) panicked at tools/nanospam/src/app.rs:330:63:
called `Result::unwrap()` on an `Err` value: Os { code: 32, kind: BrokenPipe, message: "Broken pipe" }

thread 'tokio-rt-worker' (1221115) panicked at tools/nanospam/src/app.rs:330:63:
called `Result::unwrap()` on an `Err` value: Os { code: 32, kind: BrokenPipe, message: "Broken pipe" }

thread 'tokio-rt-worker' (1220916) panicked at tools/nanospam/src/app.rs:330:63:
called `Result::unwrap()` on an `Err` value: Os { code: 32, kind: BrokenPipe, message: "Broken pipe" }

thread 'tokio-rt-worker' (1219373) panicked at tools/nanospam/src/app.rs:330:63:
called `Result::unwrap()` on an `Err` value: Os { code: 32, kind: BrokenPipe, message: "Broken pipe" }

thread 'tokio-rt-worker' (1219373) panicked at tools/nanospam/src/app.rs:330:63:
called `Result::unwrap()` on an `Err` value: Os { code: 32, kind: BrokenPipe, message: "Broken pipe" }

thread 'tokio-rt-worker' (1220916) panicked at tools/nanospam/src/app.rs:330:63:
called `Result::unwrap()` on an `Err` value: Os { code: 32, kind: BrokenPipe, message: "Broken pipe" }

thread 'tokio-rt-worker' (1221115) panicked at tools/nanospam/src/app.rs:330:63:
called `Result::unwrap()` on an `Err` value: Os { code: 32, kind: BrokenPipe, message: "Broken pipe" }

thread 'tokio-rt-worker' (1219373) panicked at tools/nanospam/src/app.rs:330:63:
called `Result::unwrap()` on an `Err` value: Os { code: 32, kind: BrokenPipe, message: "Broken pipe" }

thread 'tokio-rt-worker' (1219376) panicked at tools/nanospam/src/app.rs:330:63:
called `Result::unwrap()` on an `Err` value: Os { code: 32, kind: BrokenPipe, message: "Broken pipe" }

thread 'tokio-rt-worker' (1219376) panicked at tools/nanospam/src/app.rs:330:63:
called `Result::unwrap()` on an `Err` value: Os { code: 32, kind: BrokenPipe, message: "Broken pipe" }

thread 'tokio-rt-worker' (1219373) panicked at tools/nanospam/src/app.rs:330:63:
called `Result::unwrap()` on an `Err` value: Os { code: 32, kind: BrokenPipe, message: "Broken pipe" }

thread 'tokio-rt-worker' (1221115) panicked at tools/nanospam/src/app.rs:330:63:
called `Result::unwrap()` on an `Err` value: Os { code: 32, kind: BrokenPipe, message: "Broken pipe" }

thread 'tokio-rt-worker' (1219376) panicked at tools/nanospam/src/app.rs:330:63:
called `Result::unwrap()` on an `Err` value: Os { code: 32, kind: BrokenPipe, message: "Broken pipe" }

thread 'tokio-rt-worker' (1220916) panicked at tools/nanospam/src/app.rs:330:63:
called `Result::unwrap()` on an `Err` value: Os { code: 32, kind: BrokenPipe, message: "Broken pipe" }

thread 'tokio-rt-worker' (1220916) panicked at tools/nanospam/src/app.rs:330:63:
called `Result::unwrap()` on an `Err` value: Os { code: 32, kind: BrokenPipe, message: "Broken pipe" }

thread 'tokio-rt-worker' (1219376) panicked at tools/nanospam/src/app.rs:330:63:
called `Result::unwrap()` on an `Err` value: Os { code: 32, kind: BrokenPipe, message: "Broken pipe" }

thread 'tokio-rt-worker' (1221115) panicked at tools/nanospam/src/app.rs:330:63:
called `Result::unwrap()` on an `Err` value: Os { code: 32, kind: BrokenPipe, message: "Broken pipe" }

thread 'tokio-rt-worker' (1219373) panicked at tools/nanospam/src/app.rs:330:63:
called `Result::unwrap()` on an `Err` value: Os { code: 32, kind: BrokenPipe, message: "Broken pipe" }

thread 'tokio-rt-worker' (1220916) panicked at tools/nanospam/src/app.rs:330:63:
called `Result::unwrap()` on an `Err` value: Os { code: 32, kind: BrokenPipe, message: "Broken pipe" }

thread 'tokio-rt-worker' (1220916) panicked at tools/nanospam/src/app.rs:330:63:
called `Result::unwrap()` on an `Err` value: Os { code: 32, kind: BrokenPipe, message: "Broken pipe" }

thread 'tokio-rt-worker' (1219373) panicked at tools/nanospam/src/app.rs:330:63:
called `Result::unwrap()` on an `Err` value: Os { code: 32, kind: BrokenPipe, message: "Broken pipe" }

thread 'tokio-rt-worker' (1219376) panicked at tools/nanospam/src/app.rs:330:63:
called `Result::unwrap()` on an `Err` value: Os { code: 32, kind: BrokenPipe, message: "Broken pipe" }

thread 'tokio-rt-worker' (1221115) panicked at tools/nanospam/src/app.rs:330:63:
called `Result::unwrap()` on an `Err` value: Os { code: 32, kind: BrokenPipe, message: "Broken pipe" }

thread 'tokio-rt-worker' (1220916) panicked at tools/nanospam/src/app.rs:330:63:
called `Result::unwrap()` on an `Err` value: Os { code: 32, kind: BrokenPipe, message: "Broken pipe" }

thread 'tokio-rt-worker' (1220916) panicked at tools/nanospam/src/app.rs:330:63:
called `Result::unwrap()` on an `Err` value: Os { code: 32, kind: BrokenPipe, message: "Broken pipe" }

thread 'tokio-rt-worker' (1221115) panicked at tools/nanospam/src/app.rs:330:63:
called `Result::unwrap()` on an `Err` value: Os { code: 32, kind: BrokenPipe, message: "Broken pipe" }

thread 'tokio-rt-worker' (1219376) panicked at tools/nanospam/src/app.rs:330:63:
called `Result::unwrap()` on an `Err` value: Os { code: 32, kind: BrokenPipe, message: "Broken pipe" }

thread 'tokio-rt-worker' (1220916) panicked at tools/nanospam/src/app.rs:330:63:
called `Result::unwrap()` on an `Err` value: Os { code: 32, kind: BrokenPipe, message: "Broken pipe" }

thread 'tokio-rt-worker' (1219373) panicked at tools/nanospam/src/app.rs:330:63:
called `Result::unwrap()` on an `Err` value: Os { code: 32, kind: BrokenPipe, message: "Broken pipe" }

thread 'tokio-rt-worker' (1219373) panicked at tools/nanospam/src/app.rs:330:63:
called `Result::unwrap()` on an `Err` value: Os { code: 32, kind: BrokenPipe, message: "Broken pipe" }

thread 'tokio-rt-worker' (1220916) panicked at tools/nanospam/src/app.rs:330:63:
called `Result::unwrap()` on an `Err` value: Os { code: 32, kind: BrokenPipe, message: "Broken pipe" }

thread 'tokio-rt-worker' (1221115) panicked at tools/nanospam/src/app.rs:330:63:
called `Result::unwrap()` on an `Err` value: Os { code: 32, kind: BrokenPipe, message: "Broken pipe" }

thread 'tokio-rt-worker' (1219376) panicked at tools/nanospam/src/app.rs:330:63:
called `Result::unwrap()` on an `Err` value: Os { code: 32, kind: BrokenPipe, message: "Broken pipe" }

thread 'tokio-rt-worker' (1219373) panicked at tools/nanospam/src/app.rs:330:63:
called `Result::unwrap()` on an `Err` value: Os { code: 32, kind: BrokenPipe, message: "Broken pipe" }

thread 'tokio-rt-worker' (1219373) panicked at tools/nanospam/src/app.rs:330:63:
called `Result::unwrap()` on an `Err` value: Os { code: 32, kind: BrokenPipe, message: "Broken pipe" }

thread 'tokio-rt-worker' (1219376) panicked at tools/nanospam/src/app.rs:330:63:
called `Result::unwrap()` on an `Err` value: Os { code: 32, kind: BrokenPipe, message: "Broken pipe" }

thread 'tokio-rt-worker' (1220916) panicked at tools/nanospam/src/app.rs:330:63:
called `Result::unwrap()` on an `Err` value: Os { code: 32, kind: BrokenPipe, message: "Broken pipe" }

thread 'tokio-rt-worker' (1219373) panicked at tools/nanospam/src/app.rs:330:63:
called `Result::unwrap()` on an `Err` value: Os { code: 32, kind: BrokenPipe, message: "Broken pipe" }

thread 'tokio-rt-worker' (1221115) panicked at tools/nanospam/src/app.rs:330:63:
called `Result::unwrap()` on an `Err` value: Os { code: 32, kind: BrokenPipe, message: "Broken pipe" }

thread 'tokio-rt-worker' (1221115) panicked at tools/nanospam/src/app.rs:330:63:
called `Result::unwrap()` on an `Err` value: Os { code: 32, kind: BrokenPipe, message: "Broken pipe" }

thread 'tokio-rt-worker' (1219373) panicked at tools/nanospam/src/app.rs:330:63:
called `Result::unwrap()` on an `Err` value: Os { code: 32, kind: BrokenPipe, message: "Broken pipe" }

thread 'tokio-rt-worker' (1219376) panicked at tools/nanospam/src/app.rs:330:63:
called `Result::unwrap()` on an `Err` value: Os { code: 32, kind: BrokenPipe, message: "Broken pipe" }

thread 'tokio-rt-worker' (1221115) panicked at tools/nanospam/src/app.rs:330:63:
called `Result::unwrap()` on an `Err` value: Os { code: 32, kind: BrokenPipe, message: "Broken pipe" }

thread 'tokio-rt-worker' (1220916) panicked at tools/nanospam/src/app.rs:330:63:
called `Result::unwrap()` on an `Err` value: Os { code: 32, kind: BrokenPipe, message: "Broken pipe" }

thread 'tokio-rt-worker' (1221115) panicked at tools/nanospam/src/app.rs:330:63:
called `Result::unwrap()` on an `Err` value: Os { code: 32, kind: BrokenPipe, message: "Broken pipe" }

thread 'tokio-rt-worker' (1219376) panicked at tools/nanospam/src/app.rs:330:63:
called `Result::unwrap()` on an `Err` value: Os { code: 32, kind: BrokenPipe, message: "Broken pipe" }

thread 'tokio-rt-worker' (1219374) panicked at tools/nanospam/src/app.rs:330:63:
called `Result::unwrap()` on an `Err` value: Os { code: 32, kind: BrokenPipe, message: "Broken pipe" }

thread 'tokio-rt-worker' (1220916) panicked at tools/nanospam/src/app.rs:330:63:
called `Result::unwrap()` on an `Err` value: Os { code: 32, kind: BrokenPipe, message: "Broken pipe" }

thread 'tokio-rt-worker' (1221115) panicked at tools/nanospam/src/app.rs:330:63:
called `Result::unwrap()` on an `Err` value: Os { code: 32, kind: BrokenPipe, message: "Broken pipe" }

thread 'tokio-rt-worker' (1221115) panicked at tools/nanospam/src/app.rs:330:63:
called `Result::unwrap()` on an `Err` value: Os { code: 32, kind: BrokenPipe, message: "Broken pipe" }

thread 'tokio-rt-worker' (1220916) panicked at tools/nanospam/src/app.rs:330:63:
called `Result::unwrap()` on an `Err` value: Os { code: 32, kind: BrokenPipe, message: "Broken pipe" }

thread 'tokio-rt-worker' (1219374) panicked at tools/nanospam/src/app.rs:330:63:
called `Result::unwrap()` on an `Err` value: Os { code: 32, kind: BrokenPipe, message: "Broken pipe" }

thread 'tokio-rt-worker' (1219376) panicked at tools/nanospam/src/app.rs:330:63:
called `Result::unwrap()` on an `Err` value: Os { code: 32, kind: BrokenPipe, message: "Broken pipe" }

thread 'tokio-rt-worker' (1221115) panicked at tools/nanospam/src/app.rs:330:63:
called `Result::unwrap()` on an `Err` value: Os { code: 32, kind: BrokenPipe, message: "Broken pipe" }

thread 'tokio-rt-worker' (1221115) panicked at tools/nanospam/src/app.rs:330:63:
called `Result::unwrap()` on an `Err` value: Os { code: 32, kind: BrokenPipe, message: "Broken pipe" }

thread 'tokio-rt-worker' (1219376) panicked at tools/nanospam/src/app.rs:330:63:
called `Result::unwrap()` on an `Err` value: Os { code: 32, kind: BrokenPipe, message: "Broken pipe" }

thread 'tokio-rt-worker' (1219374) panicked at tools/nanospam/src/app.rs:330:63:
called `Result::unwrap()` on an `Err` value: Os { code: 32, kind: BrokenPipe, message: "Broken pipe" }

thread 'tokio-rt-worker' (1221115) panicked at tools/nanospam/src/app.rs:330:63:
called `Result::unwrap()` on an `Err` value: Os { code: 32, kind: BrokenPipe, message: "Broken pipe" }

thread 'tokio-rt-worker' (1220916) panicked at tools/nanospam/src/app.rs:330:63:
called `Result::unwrap()` on an `Err` value: Os { code: 32, kind: BrokenPipe, message: "Broken pipe" }

thread 'tokio-rt-worker' (1220916) panicked at tools/nanospam/src/app.rs:330:63:
called `Result::unwrap()` on an `Err` value: Os { code: 32, kind: BrokenPipe, message: "Broken pipe" }

thread 'tokio-rt-worker' (1219376) panicked at tools/nanospam/src/app.rs:330:63:
called `Result::unwrap()` on an `Err` value: Os { code: 32, kind: BrokenPipe, message: "Broken pipe" }

thread 'tokio-rt-worker' (1219374) panicked at tools/nanospam/src/app.rs:330:63:
called `Result::unwrap()` on an `Err` value: Os { code: 32, kind: BrokenPipe, message: "Broken pipe" }

thread 'tokio-rt-worker' (1220916) panicked at tools/nanospam/src/app.rs:330:63:
called `Result::unwrap()` on an `Err` value: Os { code: 32, kind: BrokenPipe, message: "Broken pipe" }

thread 'tokio-rt-worker' (1221115) panicked at tools/nanospam/src/app.rs:330:63:
called `Result::unwrap()` on an `Err` value: Os { code: 32, kind: BrokenPipe, message: "Broken pipe" }

thread 'tokio-rt-worker' (1221115) panicked at tools/nanospam/src/app.rs:330:63:
called `Result::unwrap()` on an `Err` value: Os { code: 32, kind: BrokenPipe, message: "Broken pipe" }

thread 'tokio-rt-worker' (1220916) panicked at tools/nanospam/src/app.rs:330:63:
called `Result::unwrap()` on an `Err` value: Os { code: 32, kind: BrokenPipe, message: "Broken pipe" }

thread 'tokio-rt-worker' (1219376) panicked at tools/nanospam/src/app.rs:330:63:
called `Result::unwrap()` on an `Err` value: Os { code: 32, kind: BrokenPipe, message: "Broken pipe" }

thread 'tokio-rt-worker' (1221115) panicked at tools/nanospam/src/app.rs:330:63:
called `Result::unwrap()` on an `Err` value: Os { code: 32, kind: BrokenPipe, message: "Broken pipe" }

thread 'tokio-rt-worker' (1219374) panicked at tools/nanospam/src/app.rs:330:63:
called `Result::unwrap()` on an `Err` value: Os { code: 32, kind: BrokenPipe, message: "Broken pipe" }

thread 'tokio-rt-worker' (1219374) panicked at tools/nanospam/src/app.rs:330:63:
called `Result::unwrap()` on an `Err` value: Os { code: 32, kind: BrokenPipe, message: "Broken pipe" }

thread 'tokio-rt-worker' (1219376) panicked at tools/nanospam/src/app.rs:330:63:
called `Result::unwrap()` on an `Err` value: Os { code: 32, kind: BrokenPipe, message: "Broken pipe" }

thread 'tokio-rt-worker' (1220916) panicked at tools/nanospam/src/app.rs:330:63:
called `Result::unwrap()` on an `Err` value: Os { code: 32, kind: BrokenPipe, message: "Broken pipe" }

thread 'tokio-rt-worker' (1221115) panicked at tools/nanospam/src/app.rs:330:63:
called `Result::unwrap()` on an `Err` value: Os { code: 32, kind: BrokenPipe, message: "Broken pipe" }

thread 'tokio-rt-worker' (1219374) panicked at tools/nanospam/src/app.rs:330:63:
called `Result::unwrap()` on an `Err` value: Os { code: 32, kind: BrokenPipe, message: "Broken pipe" }

thread 'tokio-rt-worker' (1219374) panicked at tools/nanospam/src/app.rs:330:63:
called `Result::unwrap()` on an `Err` value: Os { code: 32, kind: BrokenPipe, message: "Broken pipe" }

thread 'tokio-rt-worker' (1221115) panicked at tools/nanospam/src/app.rs:330:63:
called `Result::unwrap()` on an `Err` value: Os { code: 32, kind: BrokenPipe, message: "Broken pipe" }

thread 'tokio-rt-worker' (1220916) panicked at tools/nanospam/src/app.rs:330:63:
called `Result::unwrap()` on an `Err` value: Os { code: 32, kind: BrokenPipe, message: "Broken pipe" }

thread 'tokio-rt-worker' (1219376) panicked at tools/nanospam/src/app.rs:330:63:
called `Result::unwrap()` on an `Err` value: Os { code: 32, kind: BrokenPipe, message: "Broken pipe" }

thread 'tokio-rt-worker' (1219374) panicked at tools/nanospam/src/app.rs:330:63:
called `Result::unwrap()` on an `Err` value: Os { code: 32, kind: BrokenPipe, message: "Broken pipe" }

thread 'tokio-rt-worker' (1219374) panicked at tools/nanospam/src/app.rs:330:63:
called `Result::unwrap()` on an `Err` value: Os { code: 32, kind: BrokenPipe, message: "Broken pipe" }

thread 'tokio-rt-worker' (1219376) panicked at tools/nanospam/src/app.rs:330:63:
called `Result::unwrap()` on an `Err` value: Os { code: 32, kind: BrokenPipe, message: "Broken pipe" }

thread 'tokio-rt-worker' (1221115) panicked at tools/nanospam/src/app.rs:330:63:
called `Result::unwrap()` on an `Err` value: Os { code: 32, kind: BrokenPipe, message: "Broken pipe" }

thread 'tokio-rt-worker' (1220916) panicked at tools/nanospam/src/app.rs:330:63:
called `Result::unwrap()` on an `Err` value: Os { code: 32, kind: BrokenPipe, message: "Broken pipe" }

thread 'tokio-rt-worker' (1219374) panicked at tools/nanospam/src/app.rs:330:63:
called `Result::unwrap()` on an `Err` value: Os { code: 32, kind: BrokenPipe, message: "Broken pipe" }

thread 'tokio-rt-worker' (1219374) panicked at tools/nanospam/src/app.rs:330:63:
called `Result::unwrap()` on an `Err` value: Os { code: 32, kind: BrokenPipe, message: "Broken pipe" }

thread 'tokio-rt-worker' (1220916) panicked at tools/nanospam/src/app.rs:330:63:
called `Result::unwrap()` on an `Err` value: Os { code: 32, kind: BrokenPipe, message: "Broken pipe" }

thread 'tokio-rt-worker' (1221115) panicked at tools/nanospam/src/app.rs:330:63:
called `Result::unwrap()` on an `Err` value: Os { code: 32, kind: BrokenPipe, message: "Broken pipe" }

thread 'tokio-rt-worker' (1219374) panicked at tools/nanospam/src/app.rs:330:63:
called `Result::unwrap()` on an `Err` value: Os { code: 32, kind: BrokenPipe, message: "Broken pipe" }

thread 'tokio-rt-worker' (1219376) panicked at tools/nanospam/src/app.rs:330:63:
called `Result::unwrap()` on an `Err` value: Os { code: 32, kind: BrokenPipe, message: "Broken pipe" }

thread 'tokio-rt-worker' (1219376) panicked at tools/nanospam/src/app.rs:330:63:
called `Result::unwrap()` on an `Err` value: Os { code: 32, kind: BrokenPipe, message: "Broken pipe" }

thread 'tokio-rt-worker' (1219374) panicked at tools/nanospam/src/app.rs:330:63:
called `Result::unwrap()` on an `Err` value: Os { code: 32, kind: BrokenPipe, message: "Broken pipe" }

thread 'tokio-rt-worker' (1221115) panicked at tools/nanospam/src/app.rs:330:63:
called `Result::unwrap()` on an `Err` value: Os { code: 32, kind: BrokenPipe, message: "Broken pipe" }

thread 'tokio-rt-worker' (1220916) panicked at tools/nanospam/src/app.rs:330:63:
called `Result::unwrap()` on an `Err` value: Os { code: 32, kind: BrokenPipe, message: "Broken pipe" }

thread 'tokio-rt-worker' (1219376) panicked at tools/nanospam/src/app.rs:330:63:
called `Result::unwrap()` on an `Err` value: Os { code: 32, kind: BrokenPipe, message: "Broken pipe" }

thread 'tokio-rt-worker' (1219376) panicked at tools/nanospam/src/app.rs:330:63:
called `Result::unwrap()` on an `Err` value: Os { code: 32, kind: BrokenPipe, message: "Broken pipe" }

thread 'tokio-rt-worker' (1220916) panicked at tools/nanospam/src/app.rs:330:63:
called `Result::unwrap()` on an `Err` value: Os { code: 32, kind: BrokenPipe, message: "Broken pipe" }

thread 'tokio-rt-worker' (1219374) panicked at tools/nanospam/src/app.rs:330:63:
called `Result::unwrap()` on an `Err` value: Os { code: 32, kind: BrokenPipe, message: "Broken pipe" }

thread 'tokio-rt-worker' (1219376) panicked at tools/nanospam/src/app.rs:330:63:
called `Result::unwrap()` on an `Err` value: Os { code: 32, kind: BrokenPipe, message: "Broken pipe" }

thread 'tokio-rt-worker' (1221115) panicked at tools/nanospam/src/app.rs:330:63:
called `Result::unwrap()` on an `Err` value: Os { code: 32, kind: BrokenPipe, message: "Broken pipe" }

thread 'tokio-rt-worker' (1221115) panicked at tools/nanospam/src/app.rs:330:63:
called `Result::unwrap()` on an `Err` value: Os { code: 32, kind: BrokenPipe, message: "Broken pipe" }

thread 'tokio-rt-worker' (1219376) panicked at tools/nanospam/src/app.rs:330:63:
called `Result::unwrap()` on an `Err` value: Os { code: 32, kind: BrokenPipe, message: "Broken pipe" }

thread 'tokio-rt-worker' (1219374) panicked at tools/nanospam/src/app.rs:330:63:
called `Result::unwrap()` on an `Err` value: Os { code: 32, kind: BrokenPipe, message: "Broken pipe" }

thread 'tokio-rt-worker' (1220916) panicked at tools/nanospam/src/app.rs:330:63:
called `Result::unwrap()` on an `Err` value: Os { code: 32, kind: BrokenPipe, message: "Broken pipe" }

thread 'tokio-rt-worker' (1221115) panicked at tools/nanospam/src/app.rs:330:63:
called `Result::unwrap()` on an `Err` value: Os { code: 32, kind: BrokenPipe, message: "Broken pipe" }

thread 'tokio-rt-worker' (1221115) panicked at tools/nanospam/src/app.rs:330:63:
called `Result::unwrap()` on an `Err` value: Os { code: 32, kind: BrokenPipe, message: "Broken pipe" }

thread 'tokio-rt-worker' (1220916) panicked at tools/nanospam/src/app.rs:330:63:
called `Result::unwrap()` on an `Err` value: Os { code: 32, kind: BrokenPipe, message: "Broken pipe" }

thread 'tokio-rt-worker' (1219374) panicked at tools/nanospam/src/app.rs:330:63:
called `Result::unwrap()` on an `Err` value: Os { code: 32, kind: BrokenPipe, message: "Broken pipe" }

thread 'tokio-rt-worker' (1219376) panicked at tools/nanospam/src/app.rs:330:63:
called `Result::unwrap()` on an `Err` value: Os { code: 32, kind: BrokenPipe, message: "Broken pipe" }

thread 'tokio-rt-worker' (1221115) panicked at tools/nanospam/src/app.rs:330:63:
called `Result::unwrap()` on an `Err` value: Os { code: 32, kind: BrokenPipe, message: "Broken pipe" }

thread 'tokio-rt-worker' (1221115) panicked at tools/nanospam/src/app.rs:330:63:
called `Result::unwrap()` on an `Err` value: Os { code: 32, kind: BrokenPipe, message: "Broken pipe" }

thread 'tokio-rt-worker' (1219376) panicked at tools/nanospam/src/app.rs:330:63:
called `Result::unwrap()` on an `Err` value: Os { code: 32, kind: BrokenPipe, message: "Broken pipe" }

thread 'tokio-rt-worker' (1219374) panicked at tools/nanospam/src/app.rs:330:63:
called `Result::unwrap()` on an `Err` value: Os { code: 32, kind: BrokenPipe, message: "Broken pipe" }

thread 'tokio-rt-worker' (1221115) panicked at tools/nanospam/src/app.rs:330:63:
called `Result::unwrap()` on an `Err` value: Os { code: 32, kind: BrokenPipe, message: "Broken pipe" }

thread 'tokio-rt-worker' (1220916) panicked at tools/nanospam/src/app.rs:330:63:
called `Result::unwrap()` on an `Err` value: Os { code: 32, kind: BrokenPipe, message: "Broken pipe" }

thread 'tokio-rt-worker' (1220916) panicked at tools/nanospam/src/app.rs:330:63:
called `Result::unwrap()` on an `Err` value: Os { code: 32, kind: BrokenPipe, message: "Broken pipe" }

thread 'tokio-rt-worker' (1221115) panicked at tools/nanospam/src/app.rs:330:63:
called `Result::unwrap()` on an `Err` value: Os { code: 32, kind: BrokenPipe, message: "Broken pipe" }

thread 'tokio-rt-worker' (1219374) panicked at tools/nanospam/src/app.rs:330:63:
called `Result::unwrap()` on an `Err` value: Os { code: 32, kind: BrokenPipe, message: "Broken pipe" }

thread 'tokio-rt-worker' (1220916) panicked at tools/nanospam/src/app.rs:330:63:
called `Result::unwrap()` on an `Err` value: Os { code: 32, kind: BrokenPipe, message: "Broken pipe" }

thread 'tokio-rt-worker' (1221115) panicked at tools/nanospam/src/app.rs:330:63:
called `Result::unwrap()` on an `Err` value: Os { code: 32, kind: BrokenPipe, message: "Broken pipe" }

thread 'tokio-rt-worker' (1221115) panicked at tools/nanospam/src/app.rs:330:63:
called `Result::unwrap()` on an `Err` value: Os { code: 32, kind: BrokenPipe, message: "Broken pipe" }

thread 'tokio-rt-worker' (1220916) panicked at tools/nanospam/src/app.rs:330:63:
called `Result::unwrap()` on an `Err` value: Os { code: 32, kind: BrokenPipe, message: "Broken pipe" }

thread 'tokio-rt-worker' (1219376) panicked at tools/nanospam/src/app.rs:330:63:
called `Result::unwrap()` on an `Err` value: Os { code: 32, kind: BrokenPipe, message: "Broken pipe" }

thread 'tokio-rt-worker' (1221115) panicked at tools/nanospam/src/app.rs:330:63:
called `Result::unwrap()` on an `Err` value: Os { code: 32, kind: BrokenPipe, message: "Broken pipe" }

thread 'tokio-rt-worker' (1219374) panicked at tools/nanospam/src/app.rs:330:63:
called `Result::unwrap()` on an `Err` value: Os { code: 32, kind: BrokenPipe, message: "Broken pipe" }

thread 'tokio-rt-worker' (1219374) panicked at tools/nanospam/src/app.rs:330:63:
called `Result::unwrap()` on an `Err` value: Os { code: 32, kind: BrokenPipe, message: "Broken pipe" }

thread 'tokio-rt-worker' (1221115) panicked at tools/nanospam/src/app.rs:330:63:
called `Result::unwrap()` on an `Err` value: Os { code: 32, kind: BrokenPipe, message: "Broken pipe" }

thread 'tokio-rt-worker' (1219376) panicked at tools/nanospam/src/app.rs:330:63:
called `Result::unwrap()` on an `Err` value: Os { code: 32, kind: BrokenPipe, message: "Broken pipe" }

thread 'tokio-rt-worker' (1220916) panicked at tools/nanospam/src/app.rs:330:63:
called `Result::unwrap()` on an `Err` value: Os { code: 32, kind: BrokenPipe, message: "Broken pipe" }

thread 'tokio-rt-worker' (1219374) panicked at tools/nanospam/src/app.rs:330:63:
called `Result::unwrap()` on an `Err` value: Os { code: 32, kind: BrokenPipe, message: "Broken pipe" }

thread 'tokio-rt-worker' (1219374) panicked at tools/nanospam/src/app.rs:330:63:
called `Result::unwrap()` on an `Err` value: Os { code: 32, kind: BrokenPipe, message: "Broken pipe" }

thread 'tokio-rt-worker' (1220916) panicked at tools/nanospam/src/app.rs:330:63:
called `Result::unwrap()` on an `Err` value: Os { code: 32, kind: BrokenPipe, message: "Broken pipe" }

thread 'tokio-rt-worker' (1219376) panicked at tools/nanospam/src/app.rs:330:63:
called `Result::unwrap()` on an `Err` value: Os { code: 32, kind: BrokenPipe, message: "Broken pipe" }

thread 'tokio-rt-worker' (1221115) panicked at tools/nanospam/src/app.rs:330:63:
called `Result::unwrap()` on an `Err` value: Os { code: 32, kind: BrokenPipe, message: "Broken pipe" }

thread 'tokio-rt-worker' (1219374) panicked at tools/nanospam/src/app.rs:330:63:
called `Result::unwrap()` on an `Err` value: Os { code: 32, kind: BrokenPipe, message: "Broken pipe" }

thread 'tokio-rt-worker' (1219374) panicked at tools/nanospam/src/app.rs:330:63:
called `Result::unwrap()` on an `Err` value: Os { code: 32, kind: BrokenPipe, message: "Broken pipe" }

thread 'tokio-rt-worker' (1221115) panicked at tools/nanospam/src/app.rs:330:63:
called `Result::unwrap()` on an `Err` value: Os { code: 32, kind: BrokenPipe, message: "Broken pipe" }

thread 'tokio-rt-worker' (1219376) panicked at tools/nanospam/src/app.rs:330:63:
called `Result::unwrap()` on an `Err` value: Os { code: 32, kind: BrokenPipe, message: "Broken pipe" }

thread 'tokio-rt-worker' (1220916) panicked at tools/nanospam/src/app.rs:330:63:
called `Result::unwrap()` on an `Err` value: Os { code: 32, kind: BrokenPipe, message: "Broken pipe" }

thread 'tokio-rt-worker' (1219374) panicked at tools/nanospam/src/app.rs:330:63:
called `Result::unwrap()` on an `Err` value: Os { code: 32, kind: BrokenPipe, message: "Broken pipe" }

thread 'tokio-rt-worker' (1219374) panicked at tools/nanospam/src/app.rs:330:63:
called `Result::unwrap()` on an `Err` value: Os { code: 32, kind: BrokenPipe, message: "Broken pipe" }

thread 'tokio-rt-worker' (1220916) panicked at tools/nanospam/src/app.rs:330:63:
called `Result::unwrap()` on an `Err` value: Os { code: 32, kind: BrokenPipe, message: "Broken pipe" }

thread 'tokio-rt-worker' (1219376) panicked at tools/nanospam/src/app.rs:330:63:
called `Result::unwrap()` on an `Err` value: Os { code: 32, kind: BrokenPipe, message: "Broken pipe" }

thread 'tokio-rt-worker' (1219374) panicked at tools/nanospam/src/app.rs:330:63:
called `Result::unwrap()` on an `Err` value: Os { code: 32, kind: BrokenPipe, message: "Broken pipe" }

thread 'tokio-rt-worker' (1221115) panicked at tools/nanospam/src/app.rs:330:63:
called `Result::unwrap()` on an `Err` value: Os { code: 32, kind: BrokenPipe, message: "Broken pipe" }

thread 'tokio-rt-worker' (1221115) panicked at tools/nanospam/src/app.rs:330:63:
called `Result::unwrap()` on an `Err` value: Os { code: 32, kind: BrokenPipe, message: "Broken pipe" }

thread 'tokio-rt-worker' (1219376) panicked at tools/nanospam/src/app.rs:330:63:
called `Result::unwrap()` on an `Err` value: Os { code: 32, kind: BrokenPipe, message: "Broken pipe" }

thread 'tokio-rt-worker' (1220916) panicked at tools/nanospam/src/app.rs:330:63:
called `Result::unwrap()` on an `Err` value: Os { code: 32, kind: BrokenPipe, message: "Broken pipe" }

thread 'tokio-rt-worker' (1221115) panicked at tools/nanospam/src/app.rs:330:63:
called `Result::unwrap()` on an `Err` value: Os { code: 32, kind: BrokenPipe, message: "Broken pipe" }

thread 'tokio-rt-worker' (1219374) panicked at tools/nanospam/src/app.rs:330:63:
called `Result::unwrap()` on an `Err` value: Os { code: 32, kind: BrokenPipe, message: "Broken pipe" }

thread 'tokio-rt-worker' (1221116) panicked at tools/nanospam/src/app.rs:330:63:
called `Result::unwrap()` on an `Err` value: Os { code: 32, kind: BrokenPipe, message: "Broken pipe" }

thread 'tokio-rt-worker' (1221115) panicked at tools/nanospam/src/app.rs:330:63:
called `Result::unwrap()` on an `Err` value: Os { code: 32, kind: BrokenPipe, message: "Broken pipe" }

thread 'tokio-rt-worker' (1220916) panicked at tools/nanospam/src/app.rs:330:63:
called `Result::unwrap()` on an `Err` value: Os { code: 32, kind: BrokenPipe, message: "Broken pipe" }

thread 'tokio-rt-worker' (1219374) panicked at tools/nanospam/src/app.rs:330:63:
called `Result::unwrap()` on an `Err` value: Os { code: 32, kind: BrokenPipe, message: "Broken pipe" }

thread 'tokio-rt-worker' (1221115) panicked at tools/nanospam/src/app.rs:330:63:
called `Result::unwrap()` on an `Err` value: Os { code: 32, kind: BrokenPipe, message: "Broken pipe" }

thread 'tokio-rt-worker' (1221115) panicked at tools/nanospam/src/app.rs:330:63:
called `Result::unwrap()` on an `Err` value: Os { code: 32, kind: BrokenPipe, message: "Broken pipe" }

thread 'tokio-rt-worker' (1219374) panicked at tools/nanospam/src/app.rs:330:63:
called `Result::unwrap()` on an `Err` value: Os { code: 32, kind: BrokenPipe, message: "Broken pipe" }

thread 'tokio-rt-worker' (1220916) panicked at tools/nanospam/src/app.rs:330:63:
called `Result::unwrap()` on an `Err` value: Os { code: 32, kind: BrokenPipe, message: "Broken pipe" }

thread 'tokio-rt-worker' (1221116) panicked at tools/nanospam/src/app.rs:330:63:
called `Result::unwrap()` on an `Err` value: Os { code: 32, kind: BrokenPipe, message: "Broken pipe" }

thread 'tokio-rt-worker' (1221115) panicked at tools/nanospam/src/app.rs:330:63:
called `Result::unwrap()` on an `Err` value: Os { code: 32, kind: BrokenPipe, message: "Broken pipe" }

thread 'tokio-rt-worker' (1221115) panicked at tools/nanospam/src/app.rs:330:63:
called `Result::unwrap()` on an `Err` value: Os { code: 32, kind: BrokenPipe, message: "Broken pipe" }

thread 'tokio-rt-worker' (1221116) panicked at tools/nanospam/src/app.rs:330:63:
called `Result::unwrap()` on an `Err` value: Os { code: 32, kind: BrokenPipe, message: "Broken pipe" }

thread 'tokio-rt-worker' (1220916) panicked at tools/nanospam/src/app.rs:330:63:
called `Result::unwrap()` on an `Err` value: Os { code: 32, kind: BrokenPipe, message: "Broken pipe" }

thread 'tokio-rt-worker' (1219374) panicked at tools/nanospam/src/app.rs:330:63:
called `Result::unwrap()` on an `Err` value: Os { code: 32, kind: BrokenPipe, message: "Broken pipe" }

thread 'tokio-rt-worker' (1221115) panicked at tools/nanospam/src/app.rs:330:63:
called `Result::unwrap()` on an `Err` value: Os { code: 32, kind: BrokenPipe, message: "Broken pipe" }

thread 'tokio-rt-worker' (1221115) panicked at tools/nanospam/src/app.rs:330:63:
called `Result::unwrap()` on an `Err` value: Os { code: 32, kind: BrokenPipe, message: "Broken pipe" }

thread 'tokio-rt-worker' (1219374) panicked at tools/nanospam/src/app.rs:330:63:
called `Result::unwrap()` on an `Err` value: Os { code: 32, kind: BrokenPipe, message: "Broken pipe" }

thread 'tokio-rt-worker' (1220916) panicked at tools/nanospam/src/app.rs:330:63:
called `Result::unwrap()` on an `Err` value: Os { code: 32, kind: BrokenPipe, message: "Broken pipe" }

thread 'tokio-rt-worker' (1221116) panicked at tools/nanospam/src/app.rs:330:63:
called `Result::unwrap()` on an `Err` value: Os { code: 32, kind: BrokenPipe, message: "Broken pipe" }

thread 'tokio-rt-worker' (1221115) panicked at tools/nanospam/src/app.rs:330:63:
called `Result::unwrap()` on an `Err` value: Os { code: 32, kind: BrokenPipe, message: "Broken pipe" }

thread 'tokio-rt-worker' (1221115) panicked at tools/nanospam/src/app.rs:330:63:
called `Result::unwrap()` on an `Err` value: Os { code: 32, kind: BrokenPipe, message: "Broken pipe" }

thread 'tokio-rt-worker' (1220916) panicked at tools/nanospam/src/app.rs:330:63:
called `Result::unwrap()` on an `Err` value: Os { code: 32, kind: BrokenPipe, message: "Broken pipe" }

thread 'tokio-rt-worker' (1219374) panicked at tools/nanospam/src/app.rs:330:63:
called `Result::unwrap()` on an `Err` value: Os { code: 32, kind: BrokenPipe, message: "Broken pipe" }

thread 'tokio-rt-worker' (1221116) panicked at tools/nanospam/src/app.rs:330:63:
called `Result::unwrap()` on an `Err` value: Os { code: 32, kind: BrokenPipe, message: "Broken pipe" }

thread 'tokio-rt-worker' (1221115) panicked at tools/nanospam/src/app.rs:330:63:
called `Result::unwrap()` on an `Err` value: Os { code: 32, kind: BrokenPipe, message: "Broken pipe" }

thread 'tokio-rt-worker' (1221115) panicked at tools/nanospam/src/app.rs:330:63:
called `Result::unwrap()` on an `Err` value: Os { code: 32, kind: BrokenPipe, message: "Broken pipe" }

thread 'tokio-rt-worker' (1219374) panicked at tools/nanospam/src/app.rs:330:63:
called `Result::unwrap()` on an `Err` value: Os { code: 32, kind: BrokenPipe, message: "Broken pipe" }

thread 'tokio-rt-worker' (1221116) panicked at tools/nanospam/src/app.rs:330:63:
called `Result::unwrap()` on an `Err` value: Os { code: 32, kind: BrokenPipe, message: "Broken pipe" }

thread 'tokio-rt-worker' (1220916) panicked at tools/nanospam/src/app.rs:330:63:
called `Result::unwrap()` on an `Err` value: Os { code: 32, kind: BrokenPipe, message: "Broken pipe" }

thread 'tokio-rt-worker' (1221115) panicked at tools/nanospam/src/app.rs:330:63:
called `Result::unwrap()` on an `Err` value: Os { code: 32, kind: BrokenPipe, message: "Broken pipe" }

thread 'tokio-rt-worker' (1221115) panicked at tools/nanospam/src/app.rs:330:63:
called `Result::unwrap()` on an `Err` value: Os { code: 32, kind: BrokenPipe, message: "Broken pipe" }

thread 'tokio-rt-worker' (1221116) panicked at tools/nanospam/src/app.rs:330:63:
called `Result::unwrap()` on an `Err` value: Os { code: 32, kind: BrokenPipe, message: "Broken pipe" }

thread 'tokio-rt-worker' (1220916) panicked at tools/nanospam/src/app.rs:330:63:
called `Result::unwrap()` on an `Err` value: Os { code: 32, kind: BrokenPipe, message: "Broken pipe" }

thread 'tokio-rt-worker' (1219374) panicked at tools/nanospam/src/app.rs:330:63:
called `Result::unwrap()` on an `Err` value: Os { code: 32, kind: BrokenPipe, message: "Broken pipe" }

thread 'tokio-rt-worker' (1221115) panicked at tools/nanospam/src/app.rs:330:63:
called `Result::unwrap()` on an `Err` value: Os { code: 32, kind: BrokenPipe, message: "Broken pipe" }

thread 'tokio-rt-worker' (1221115) panicked at tools/nanospam/src/app.rs:330:63:
called `Result::unwrap()` on an `Err` value: Os { code: 32, kind: BrokenPipe, message: "Broken pipe" }

thread 'tokio-rt-worker' (1220916) panicked at tools/nanospam/src/app.rs:330:63:
called `Result::unwrap()` on an `Err` value: Os { code: 32, kind: BrokenPipe, message: "Broken pipe" }

thread 'tokio-rt-worker' (1221116) panicked at tools/nanospam/src/app.rs:330:63:
called `Result::unwrap()` on an `Err` value: Os { code: 32, kind: BrokenPipe, message: "Broken pipe" }

thread 'tokio-rt-worker' (1219374) panicked at tools/nanospam/src/app.rs:330:63:
called `Result::unwrap()` on an `Err` value: Os { code: 32, kind: BrokenPipe, message: "Broken pipe" }

thread 'tokio-rt-worker' (1221115) panicked at tools/nanospam/src/app.rs:330:63:
called `Result::unwrap()` on an `Err` value: Os { code: 32, kind: BrokenPipe, message: "Broken pipe" }

thread 'tokio-rt-worker' (1221115) panicked at tools/nanospam/src/app.rs:330:63:
called `Result::unwrap()` on an `Err` value: Os { code: 32, kind: BrokenPipe, message: "Broken pipe" }

thread 'tokio-rt-worker' (1219374) panicked at tools/nanospam/src/app.rs:330:63:
called `Result::unwrap()` on an `Err` value: Os { code: 32, kind: BrokenPipe, message: "Broken pipe" }

thread 'tokio-rt-worker' (1221116) panicked at tools/nanospam/src/app.rs:330:63:
called `Result::unwrap()` on an `Err` value: Os { code: 32, kind: BrokenPipe, message: "Broken pipe" }

thread 'tokio-rt-worker' (1220916) panicked at tools/nanospam/src/app.rs:330:63:
called `Result::unwrap()` on an `Err` value: Os { code: 32, kind: BrokenPipe, message: "Broken pipe" }

thread 'tokio-rt-worker' (1221115) panicked at tools/nanospam/src/app.rs:330:63:
called `Result::unwrap()` on an `Err` value: Os { code: 32, kind: BrokenPipe, message: "Broken pipe" }

thread 'tokio-rt-worker' (1221115) panicked at tools/nanospam/src/app.rs:330:63:
called `Result::unwrap()` on an `Err` value: Os { code: 32, kind: BrokenPipe, message: "Broken pipe" }

thread 'tokio-rt-worker' (1221116) panicked at tools/nanospam/src/app.rs:330:63:
called `Result::unwrap()` on an `Err` value: Os { code: 32, kind: BrokenPipe, message: "Broken pipe" }

thread 'tokio-rt-worker' (1220916) panicked at tools/nanospam/src/app.rs:330:63:
called `Result::unwrap()` on an `Err` value: Os { code: 32, kind: BrokenPipe, message: "Broken pipe" }

thread 'tokio-rt-worker' (1221115) panicked at tools/nanospam/src/app.rs:330:63:
called `Result::unwrap()` on an `Err` value: Os { code: 32, kind: BrokenPipe, message: "Broken pipe" }

thread 'tokio-rt-worker' (1219374) panicked at tools/nanospam/src/app.rs:330:63:
called `Result::unwrap()` on an `Err` value: Os { code: 32, kind: BrokenPipe, message: "Broken pipe" }

thread 'tokio-rt-worker' (1219374) panicked at tools/nanospam/src/app.rs:330:63:
called `Result::unwrap()` on an `Err` value: Os { code: 32, kind: BrokenPipe, message: "Broken pipe" }

thread 'tokio-rt-worker' (1221115) panicked at tools/nanospam/src/app.rs:330:63:
called `Result::unwrap()` on an `Err` value: Os { code: 32, kind: BrokenPipe, message: "Broken pipe" }

thread 'tokio-rt-worker' (1220916) panicked at tools/nanospam/src/app.rs:330:63:
called `Result::unwrap()` on an `Err` value: Os { code: 32, kind: BrokenPipe, message: "Broken pipe" }

thread 'tokio-rt-worker' (1221116) panicked at tools/nanospam/src/app.rs:330:63:
called `Result::unwrap()` on an `Err` value: Os { code: 32, kind: BrokenPipe, message: "Broken pipe" }

thread 'tokio-rt-worker' (1219374) panicked at tools/nanospam/src/app.rs:330:63:
called `Result::unwrap()` on an `Err` value: Os { code: 32, kind: BrokenPipe, message: "Broken pipe" }

thread 'tokio-rt-worker' (1219374) panicked at tools/nanospam/src/app.rs:330:63:
called `Result::unwrap()` on an `Err` value: Os { code: 32, kind: BrokenPipe, message: "Broken pipe" }

thread 'tokio-rt-worker' (1221116) panicked at tools/nanospam/src/app.rs:330:63:
called `Result::unwrap()` on an `Err` value: Os { code: 32, kind: BrokenPipe, message: "Broken pipe" }

thread 'tokio-rt-worker' (1220916) panicked at tools/nanospam/src/app.rs:330:63:
called `Result::unwrap()` on an `Err` value: Os { code: 32, kind: BrokenPipe, message: "Broken pipe" }

thread 'tokio-rt-worker' (1221115) panicked at tools/nanospam/src/app.rs:330:63:
called `Result::unwrap()` on an `Err` value: Os { code: 32, kind: BrokenPipe, message: "Broken pipe" }

thread 'tokio-rt-worker' (1219374) panicked at tools/nanospam/src/app.rs:330:63:
called `Result::unwrap()` on an `Err` value: Os { code: 32, kind: BrokenPipe, message: "Broken pipe" }

thread 'tokio-rt-worker' (1219374) panicked at tools/nanospam/src/app.rs:330:63:
called `Result::unwrap()` on an `Err` value: Os { code: 32, kind: BrokenPipe, message: "Broken pipe" }

thread 'tokio-rt-worker' (1221115) panicked at tools/nanospam/src/app.rs:330:63:
called `Result::unwrap()` on an `Err` value: Os { code: 32, kind: BrokenPipe, message: "Broken pipe" }

thread 'tokio-rt-worker' (1220916) panicked at tools/nanospam/src/app.rs:330:63:
called `Result::unwrap()` on an `Err` value: Os { code: 32, kind: BrokenPipe, message: "Broken pipe" }

thread 'tokio-rt-worker' (1221116) panicked at tools/nanospam/src/app.rs:330:63:
called `Result::unwrap()` on an `Err` value: Os { code: 32, kind: BrokenPipe, message: "Broken pipe" }

thread 'tokio-rt-worker' (1219374) panicked at tools/nanospam/src/app.rs:330:63:
called `Result::unwrap()` on an `Err` value: Os { code: 32, kind: BrokenPipe, message: "Broken pipe" }

thread 'tokio-rt-worker' (1219374) panicked at tools/nanospam/src/app.rs:330:63:
called `Result::unwrap()` on an `Err` value: Os { code: 32, kind: BrokenPipe, message: "Broken pipe" }

thread 'tokio-rt-worker' (1221116) panicked at tools/nanospam/src/app.rs:330:63:
called `Result::unwrap()` on an `Err` value: Os { code: 32, kind: BrokenPipe, message: "Broken pipe" }

thread 'tokio-rt-worker' (1220916) panicked at tools/nanospam/src/app.rs:330:63:
called `Result::unwrap()` on an `Err` value: Os { code: 32, kind: BrokenPipe, message: "Broken pipe" }

thread 'tokio-rt-worker' (1221115) panicked at tools/nanospam/src/app.rs:330:63:
called `Result::unwrap()` on an `Err` value: Os { code: 32, kind: BrokenPipe, message: "Broken pipe" }

thread 'tokio-rt-worker' (1219374) panicked at tools/nanospam/src/app.rs:330:63:
called `Result::unwrap()` on an `Err` value: Os { code: 32, kind: BrokenPipe, message: "Broken pipe" }

thread 'tokio-rt-worker' (1221115) panicked at tools/nanospam/src/app.rs:330:63:
called `Result::unwrap()` on an `Err` value: Os { code: 32, kind: BrokenPipe, message: "Broken pipe" }

thread 'tokio-rt-worker' (1220916) panicked at tools/nanospam/src/app.rs:330:63:
called `Result::unwrap()` on an `Err` value: Os { code: 32, kind: BrokenPipe, message: "Broken pipe" }

thread 'tokio-rt-worker' (1221116) panicked at tools/nanospam/src/app.rs:330:63:
called `Result::unwrap()` on an `Err` value: Os { code: 32, kind: BrokenPipe, message: "Broken pipe" }

thread 'tokio-rt-worker' (1219374) panicked at tools/nanospam/src/app.rs:330:63:
called `Result::unwrap()` on an `Err` value: Os { code: 32, kind: BrokenPipe, message: "Broken pipe" }

thread 'tokio-rt-worker' (1221115) panicked at tools/nanospam/src/app.rs:330:63:
called `Result::unwrap()` on an `Err` value: Os { code: 32, kind: BrokenPipe, message: "Broken pipe" }

thread 'tokio-rt-worker' (1221115) panicked at tools/nanospam/src/app.rs:330:63:
called `Result::unwrap()` on an `Err` value: Os { code: 32, kind: BrokenPipe, message: "Broken pipe" }

thread 'tokio-rt-worker' (1219374) panicked at tools/nanospam/src/app.rs:330:63:
called `Result::unwrap()` on an `Err` value: Os { code: 32, kind: BrokenPipe, message: "Broken pipe" }

thread 'tokio-rt-worker' (1220916) panicked at tools/nanospam/src/app.rs:330:63:
called `Result::unwrap()` on an `Err` value: Os { code: 32, kind: BrokenPipe, message: "Broken pipe" }

thread 'tokio-rt-worker' (1221115) panicked at tools/nanospam/src/app.rs:330:63:
called `Result::unwrap()` on an `Err` value: Os { code: 32, kind: BrokenPipe, message: "Broken pipe" }

thread 'tokio-rt-worker' (1221116) panicked at tools/nanospam/src/app.rs:330:63:
called `Result::unwrap()` on an `Err` value: Os { code: 32, kind: BrokenPipe, message: "Broken pipe" }

thread 'tokio-rt-worker' (1221116) panicked at tools/nanospam/src/app.rs:330:63:
called `Result::unwrap()` on an `Err` value: Os { code: 32, kind: BrokenPipe, message: "Broken pipe" }

thread 'tokio-rt-worker' (1221115) panicked at tools/nanospam/src/app.rs:330:63:
called `Result::unwrap()` on an `Err` value: Os { code: 32, kind: BrokenPipe, message: "Broken pipe" }

thread 'tokio-rt-worker' (1220916) panicked at tools/nanospam/src/app.rs:330:63:
called `Result::unwrap()` on an `Err` value: Os { code: 32, kind: BrokenPipe, message: "Broken pipe" }

thread 'tokio-rt-worker' (1219374) panicked at tools/nanospam/src/app.rs:330:63:
called `Result::unwrap()` on an `Err` value: Os { code: 32, kind: BrokenPipe, message: "Broken pipe" }

thread 'tokio-rt-worker' (1221116) panicked at tools/nanospam/src/app.rs:330:63:
called `Result::unwrap()` on an `Err` value: Os { code: 32, kind: BrokenPipe, message: "Broken pipe" }

thread 'tokio-rt-worker' (1221116) panicked at tools/nanospam/src/app.rs:330:63:
called `Result::unwrap()` on an `Err` value: Os { code: 32, kind: BrokenPipe, message: "Broken pipe" }

thread 'tokio-rt-worker' (1219374) panicked at tools/nanospam/src/app.rs:330:63:
called `Result::unwrap()` on an `Err` value: Os { code: 32, kind: BrokenPipe, message: "Broken pipe" }

thread 'tokio-rt-worker' (1221115) panicked at tools/nanospam/src/app.rs:330:63:
called `Result::unwrap()` on an `Err` value: Os { code: 32, kind: BrokenPipe, message: "Broken pipe" }

thread 'tokio-rt-worker' (1220916) panicked at tools/nanospam/src/app.rs:330:63:
called `Result::unwrap()` on an `Err` value: Os { code: 32, kind: BrokenPipe, message: "Broken pipe" }

thread 'tokio-rt-worker' (1221116) panicked at tools/nanospam/src/app.rs:330:63:
called `Result::unwrap()` on an `Err` value: Os { code: 32, kind: BrokenPipe, message: "Broken pipe" }

thread 'tokio-rt-worker' (1221116) panicked at tools/nanospam/src/app.rs:330:63:
called `Result::unwrap()` on an `Err` value: Os { code: 32, kind: BrokenPipe, message: "Broken pipe" }

thread 'tokio-rt-worker' (1220916) panicked at tools/nanospam/src/app.rs:330:63:
called `Result::unwrap()` on an `Err` value: Os { code: 32, kind: BrokenPipe, message: "Broken pipe" }

thread 'tokio-rt-worker' (1221115) panicked at tools/nanospam/src/app.rs:330:63:
called `Result::unwrap()` on an `Err` value: Os { code: 32, kind: BrokenPipe, message: "Broken pipe" }

thread 'tokio-rt-worker' (1221116) panicked at tools/nanospam/src/app.rs:330:63:
called `Result::unwrap()` on an `Err` value: Os { code: 32, kind: BrokenPipe, message: "Broken pipe" }

thread 'tokio-rt-worker' (1219374) panicked at tools/nanospam/src/app.rs:330:63:
called `Result::unwrap()` on an `Err` value: Os { code: 32, kind: BrokenPipe, message: "Broken pipe" }

thread 'tokio-rt-worker' (1219374) panicked at tools/nanospam/src/app.rs:330:63:
called `Result::unwrap()` on an `Err` value: Os { code: 32, kind: BrokenPipe, message: "Broken pipe" }

thread 'tokio-rt-worker' (1221116) panicked at tools/nanospam/src/app.rs:330:63:
called `Result::unwrap()` on an `Err` value: Os { code: 32, kind: BrokenPipe, message: "Broken pipe" }

thread 'tokio-rt-worker' (1221115) panicked at tools/nanospam/src/app.rs:330:63:
called `Result::unwrap()` on an `Err` value: Os { code: 32, kind: BrokenPipe, message: "Broken pipe" }

thread 'tokio-rt-worker' (1220916) panicked at tools/nanospam/src/app.rs:330:63:
called `Result::unwrap()` on an `Err` value: Os { code: 32, kind: BrokenPipe, message: "Broken pipe" }

thread 'tokio-rt-worker' (1219374) panicked at tools/nanospam/src/app.rs:330:63:
called `Result::unwrap()` on an `Err` value: Os { code: 32, kind: BrokenPipe, message: "Broken pipe" }

thread 'tokio-rt-worker' (1219374) panicked at tools/nanospam/src/app.rs:330:63:
called `Result::unwrap()` on an `Err` value: Os { code: 32, kind: BrokenPipe, message: "Broken pipe" }

thread 'tokio-rt-worker' (1220916) panicked at tools/nanospam/src/app.rs:330:63:
called `Result::unwrap()` on an `Err` value: Os { code: 32, kind: BrokenPipe, message: "Broken pipe" }

thread 'tokio-rt-worker' (1221115) panicked at tools/nanospam/src/app.rs:330:63:
called `Result::unwrap()` on an `Err` value: Os { code: 32, kind: BrokenPipe, message: "Broken pipe" }

thread 'tokio-rt-worker' (1221116) panicked at tools/nanospam/src/app.rs:330:63:
called `Result::unwrap()` on an `Err` value: Os { code: 32, kind: BrokenPipe, message: "Broken pipe" }

thread 'tokio-rt-worker' (1219374) panicked at tools/nanospam/src/app.rs:330:63:
called `Result::unwrap()` on an `Err` value: Os { code: 32, kind: BrokenPipe, message: "Broken pipe" }

thread 'tokio-rt-worker' (1219374) panicked at tools/nanospam/src/app.rs:330:63:
called `Result::unwrap()` on an `Err` value: Os { code: 32, kind: BrokenPipe, message: "Broken pipe" }

thread 'tokio-rt-worker' (1221116) panicked at tools/nanospam/src/app.rs:330:63:
called `Result::unwrap()` on an `Err` value: Os { code: 32, kind: BrokenPipe, message: "Broken pipe" }

thread 'tokio-rt-worker' (1221115) panicked at tools/nanospam/src/app.rs:330:63:
called `Result::unwrap()` on an `Err` value: Os { code: 32, kind: BrokenPipe, message: "Broken pipe" }

thread 'tokio-rt-worker' (1219374) panicked at tools/nanospam/src/app.rs:330:63:
called `Result::unwrap()` on an `Err` value: Os { code: 32, kind: BrokenPipe, message: "Broken pipe" }

thread 'tokio-rt-worker' (1221116) panicked at tools/nanospam/src/app.rs:330:63:
called `Result::unwrap()` on an `Err` value: Os { code: 32, kind: BrokenPipe, message: "Broken pipe" }

thread 'tokio-rt-worker' (1221116) panicked at tools/nanospam/src/app.rs:330:63:
called `Result::unwrap()` on an `Err` value: Os { code: 32, kind: BrokenPipe, message: "Broken pipe" }

thread 'tokio-rt-worker' (1219374) panicked at tools/nanospam/src/app.rs:330:63:
called `Result::unwrap()` on an `Err` value: Os { code: 32, kind: BrokenPipe, message: "Broken pipe" }

thread 'tokio-rt-worker' (1220916) panicked at tools/nanospam/src/app.rs:330:63:
called `Result::unwrap()` on an `Err` value: Os { code: 32, kind: BrokenPipe, message: "Broken pipe" }

thread 'tokio-rt-worker' (1221116) panicked at tools/nanospam/src/app.rs:330:63:
called `Result::unwrap()` on an `Err` value: Os { code: 32, kind: BrokenPipe, message: "Broken pipe" }

thread 'tokio-rt-worker' (1221115) panicked at tools/nanospam/src/app.rs:330:63:
called `Result::unwrap()` on an `Err` value: Os { code: 32, kind: BrokenPipe, message: "Broken pipe" }

thread 'tokio-rt-worker' (1221115) panicked at tools/nanospam/src/app.rs:330:63:
called `Result::unwrap()` on an `Err` value: Os { code: 32, kind: BrokenPipe, message: "Broken pipe" }

thread 'tokio-rt-worker' (1221116) panicked at tools/nanospam/src/app.rs:330:63:
called `Result::unwrap()` on an `Err` value: Os { code: 32, kind: BrokenPipe, message: "Broken pipe" }

thread 'tokio-rt-worker' (1219374) panicked at tools/nanospam/src/app.rs:330:63:
called `Result::unwrap()` on an `Err` value: Os { code: 32, kind: BrokenPipe, message: "Broken pipe" }

thread 'tokio-rt-worker' (1220916) panicked at tools/nanospam/src/app.rs:330:63:
called `Result::unwrap()` on an `Err` value: Os { code: 32, kind: BrokenPipe, message: "Broken pipe" }

thread 'tokio-rt-worker' (1221115) panicked at tools/nanospam/src/app.rs:330:63:
called `Result::unwrap()` on an `Err` value: Os { code: 32, kind: BrokenPipe, message: "Broken pipe" }

thread 'tokio-rt-worker' (1221115) panicked at tools/nanospam/src/app.rs:330:63:
called `Result::unwrap()` on an `Err` value: Os { code: 32, kind: BrokenPipe, message: "Broken pipe" }

thread 'tokio-rt-worker' (1220916) panicked at tools/nanospam/src/app.rs:330:63:
called `Result::unwrap()` on an `Err` value: Os { code: 32, kind: BrokenPipe, message: "Broken pipe" }

thread 'tokio-rt-worker' (1219374) panicked at tools/nanospam/src/app.rs:330:63:
called `Result::unwrap()` on an `Err` value: Os { code: 32, kind: BrokenPipe, message: "Broken pipe" }

thread 'tokio-rt-worker' (1221116) panicked at tools/nanospam/src/app.rs:330:63:
called `Result::unwrap()` on an `Err` value: Os { code: 32, kind: BrokenPipe, message: "Broken pipe" }

thread 'tokio-rt-worker' (1221115) panicked at tools/nanospam/src/app.rs:330:63:
called `Result::unwrap()` on an `Err` value: Os { code: 32, kind: BrokenPipe, message: "Broken pipe" }

thread 'tokio-rt-worker' (1221115) panicked at tools/nanospam/src/app.rs:330:63:
called `Result::unwrap()` on an `Err` value: Os { code: 32, kind: BrokenPipe, message: "Broken pipe" }

thread 'tokio-rt-worker' (1221116) panicked at tools/nanospam/src/app.rs:330:63:
called `Result::unwrap()` on an `Err` value: Os { code: 32, kind: BrokenPipe, message: "Broken pipe" }

thread 'tokio-rt-worker' (1219374) panicked at tools/nanospam/src/app.rs:330:63:
called `Result::unwrap()` on an `Err` value: Os { code: 32, kind: BrokenPipe, message: "Broken pipe" }

thread 'tokio-rt-worker' (1220916) panicked at tools/nanospam/src/app.rs:330:63:
called `Result::unwrap()` on an `Err` value: Os { code: 32, kind: BrokenPipe, message: "Broken pipe" }

thread 'tokio-rt-worker' (1221115) panicked at tools/nanospam/src/app.rs:330:63:
called `Result::unwrap()` on an `Err` value: Os { code: 32, kind: BrokenPipe, message: "Broken pipe" }

thread 'tokio-rt-worker' (1221115) panicked at tools/nanospam/src/app.rs:330:63:
called `Result::unwrap()` on an `Err` value: Os { code: 32, kind: BrokenPipe, message: "Broken pipe" }

thread 'tokio-rt-worker' (1220916) panicked at tools/nanospam/src/app.rs:330:63:
called `Result::unwrap()` on an `Err` value: Os { code: 32, kind: BrokenPipe, message: "Broken pipe" }

thread 'tokio-rt-worker' (1219374) panicked at tools/nanospam/src/app.rs:330:63:
called `Result::unwrap()` on an `Err` value: Os { code: 32, kind: BrokenPipe, message: "Broken pipe" }

thread 'tokio-rt-worker' (1221116) panicked at tools/nanospam/src/app.rs:330:63:
called `Result::unwrap()` on an `Err` value: Os { code: 32, kind: BrokenPipe, message: "Broken pipe" }

thread 'tokio-rt-worker' (1221115) panicked at tools/nanospam/src/app.rs:330:63:
called `Result::unwrap()` on an `Err` value: Os { code: 32, kind: BrokenPipe, message: "Broken pipe" }

thread 'tokio-rt-worker' (1221115) panicked at tools/nanospam/src/app.rs:330:63:
called `Result::unwrap()` on an `Err` value: Os { code: 32, kind: BrokenPipe, message: "Broken pipe" }

thread 'tokio-rt-worker' (1221116) panicked at tools/nanospam/src/app.rs:330:63:
called `Result::unwrap()` on an `Err` value: Os { code: 32, kind: BrokenPipe, message: "Broken pipe" }

thread 'tokio-rt-worker' (1219374) panicked at tools/nanospam/src/app.rs:330:63:
called `Result::unwrap()` on an `Err` value: Os { code: 32, kind: BrokenPipe, message: "Broken pipe" }

thread 'tokio-rt-worker' (1220916) panicked at tools/nanospam/src/app.rs:330:63:
called `Result::unwrap()` on an `Err` value: Os { code: 32, kind: BrokenPipe, message: "Broken pipe" }

thread 'tokio-rt-worker' (1221115) panicked at tools/nanospam/src/app.rs:330:63:
called `Result::unwrap()` on an `Err` value: Os { code: 32, kind: BrokenPipe, message: "Broken pipe" }

thread 'tokio-rt-worker' (1221115) panicked at tools/nanospam/src/app.rs:330:63:
called `Result::unwrap()` on an `Err` value: Os { code: 32, kind: BrokenPipe, message: "Broken pipe" }

thread 'tokio-rt-worker' (1219374) panicked at tools/nanospam/src/app.rs:330:63:
called `Result::unwrap()` on an `Err` value: Os { code: 32, kind: BrokenPipe, message: "Broken pipe" }

thread 'tokio-rt-worker' (1221116) panicked at tools/nanospam/src/app.rs:330:63:
called `Result::unwrap()` on an `Err` value: Os { code: 32, kind: BrokenPipe, message: "Broken pipe" }

thread 'tokio-rt-worker' (1220916) panicked at tools/nanospam/src/app.rs:330:63:
called `Result::unwrap()` on an `Err` value: Os { code: 32, kind: BrokenPipe, message: "Broken pipe" }

thread 'tokio-rt-worker' (1221115) panicked at tools/nanospam/src/app.rs:330:63:
called `Result::unwrap()` on an `Err` value: Os { code: 32, kind: BrokenPipe, message: "Broken pipe" }

thread 'tokio-rt-worker' (1221115) panicked at tools/nanospam/src/app.rs:330:63:
called `Result::unwrap()` on an `Err` value: Os { code: 32, kind: BrokenPipe, message: "Broken pipe" }

thread 'tokio-rt-worker' (1220916) panicked at tools/nanospam/src/app.rs:330:63:
called `Result::unwrap()` on an `Err` value: Os { code: 32, kind: BrokenPipe, message: "Broken pipe" }

thread 'tokio-rt-worker' (1221116) panicked at tools/nanospam/src/app.rs:330:63:
called `Result::unwrap()` on an `Err` value: Os { code: 32, kind: BrokenPipe, message: "Broken pipe" }

thread 'tokio-rt-worker' (1219374) panicked at tools/nanospam/src/app.rs:330:63:
called `Result::unwrap()` on an `Err` value: Os { code: 32, kind: BrokenPipe, message: "Broken pipe" }

thread 'tokio-rt-worker' (1221115) panicked at tools/nanospam/src/app.rs:330:63:
called `Result::unwrap()` on an `Err` value: Os { code: 32, kind: BrokenPipe, message: "Broken pipe" }

thread 'tokio-rt-worker' (1221115) panicked at tools/nanospam/src/app.rs:330:63:
called `Result::unwrap()` on an `Err` value: Os { code: 32, kind: BrokenPipe, message: "Broken pipe" }

thread 'tokio-rt-worker' (1219374) panicked at tools/nanospam/src/app.rs:330:63:
called `Result::unwrap()` on an `Err` value: Os { code: 32, kind: BrokenPipe, message: "Broken pipe" }

thread 'tokio-rt-worker' (1221116) panicked at tools/nanospam/src/app.rs:330:63:
called `Result::unwrap()` on an `Err` value: Os { code: 32, kind: BrokenPipe, message: "Broken pipe" }

thread 'tokio-rt-worker' (1220916) panicked at tools/nanospam/src/app.rs:330:63:
called `Result::unwrap()` on an `Err` value: Os { code: 32, kind: BrokenPipe, message: "Broken pipe" }

thread 'tokio-rt-worker' (1221115) panicked at tools/nanospam/src/app.rs:330:63:
called `Result::unwrap()` on an `Err` value: Os { code: 32, kind: BrokenPipe, message: "Broken pipe" }

thread 'tokio-rt-worker' (1221115) panicked at tools/nanospam/src/app.rs:330:63:
called `Result::unwrap()` on an `Err` value: Os { code: 32, kind: BrokenPipe, message: "Broken pipe" }

thread 'tokio-rt-worker' (1220916) panicked at tools/nanospam/src/app.rs:330:63:
called `Result::unwrap()` on an `Err` value: Os { code: 32, kind: BrokenPipe, message: "Broken pipe" }

thread 'tokio-rt-worker' (1219374) panicked at tools/nanospam/src/app.rs:330:63:
called `Result::unwrap()` on an `Err` value: Os { code: 32, kind: BrokenPipe, message: "Broken pipe" }

thread 'tokio-rt-worker' (1221115) panicked at tools/nanospam/src/app.rs:330:63:
called `Result::unwrap()` on an `Err` value: Os { code: 32, kind: BrokenPipe, message: "Broken pipe" }

thread 'tokio-rt-worker' (1221116) panicked at tools/nanospam/src/app.rs:330:63:
called `Result::unwrap()` on an `Err` value: Os { code: 32, kind: BrokenPipe, message: "Broken pipe" }

thread 'tokio-rt-worker' (1219374) panicked at tools/nanospam/src/app.rs:330:63:
called `Result::unwrap()` on an `Err` value: Os { code: 32, kind: BrokenPipe, message: "Broken pipe" }

thread 'tokio-rt-worker' (1221115) panicked at tools/nanospam/src/app.rs:330:63:
called `Result::unwrap()` on an `Err` value: Os { code: 32, kind: BrokenPipe, message: "Broken pipe" }

thread 'tokio-rt-worker' (1221116) panicked at tools/nanospam/src/app.rs:330:63:
called `Result::unwrap()` on an `Err` value: Os { code: 32, kind: BrokenPipe, message: "Broken pipe" }

thread 'tokio-rt-worker' (1219375) panicked at tools/nanospam/src/app.rs:330:63:
called `Result::unwrap()` on an `Err` value: Os { code: 32, kind: BrokenPipe, message: "Broken pipe" }

thread 'tokio-rt-worker' (1219374) panicked at tools/nanospam/src/app.rs:330:63:
called `Result::unwrap()` on an `Err` value: Os { code: 32, kind: BrokenPipe, message: "Broken pipe" }

thread 'tokio-rt-worker' (1219375) panicked at tools/nanospam/src/app.rs:330:63:
called `Result::unwrap()` on an `Err` value: Os { code: 32, kind: BrokenPipe, message: "Broken pipe" }

thread 'tokio-rt-worker' (1221116) panicked at tools/nanospam/src/app.rs:330:63:
called `Result::unwrap()` on an `Err` value: Os { code: 32, kind: BrokenPipe, message: "Broken pipe" }

thread 'tokio-rt-worker' (1221115) panicked at tools/nanospam/src/app.rs:330:63:
called `Result::unwrap()` on an `Err` value: Os { code: 32, kind: BrokenPipe, message: "Broken pipe" }

thread 'tokio-rt-worker' (1219374) panicked at tools/nanospam/src/app.rs:330:63:
called `Result::unwrap()` on an `Err` value: Os { code: 32, kind: BrokenPipe, message: "Broken pipe" }

thread 'tokio-rt-worker' (1219375) panicked at tools/nanospam/src/app.rs:330:63:
called `Result::unwrap()` on an `Err` value: Os { code: 32, kind: BrokenPipe, message: "Broken pipe" }

thread 'tokio-rt-worker' (1219375) panicked at tools/nanospam/src/app.rs:330:63:
called `Result::unwrap()` on an `Err` value: Os { code: 32, kind: BrokenPipe, message: "Broken pipe" }

thread 'tokio-rt-worker' (1221115) panicked at tools/nanospam/src/app.rs:330:63:
called `Result::unwrap()` on an `Err` value: Os { code: 32, kind: BrokenPipe, message: "Broken pipe" }

thread 'tokio-rt-worker' (1219374) panicked at tools/nanospam/src/app.rs:330:63:
called `Result::unwrap()` on an `Err` value: Os { code: 32, kind: BrokenPipe, message: "Broken pipe" }

thread 'tokio-rt-worker' (1219375) panicked at tools/nanospam/src/app.rs:330:63:
called `Result::unwrap()` on an `Err` value: Os { code: 32, kind: BrokenPipe, message: "Broken pipe" }

thread 'tokio-rt-worker' (1221116) panicked at tools/nanospam/src/app.rs:330:63:
called `Result::unwrap()` on an `Err` value: Os { code: 32, kind: BrokenPipe, message: "Broken pipe" }

thread 'tokio-rt-worker' (1221116) panicked at tools/nanospam/src/app.rs:330:63:
called `Result::unwrap()` on an `Err` value: Os { code: 32, kind: BrokenPipe, message: "Broken pipe" }

thread 'tokio-rt-worker' (1219375) panicked at tools/nanospam/src/app.rs:330:63:
called `Result::unwrap()` on an `Err` value: Os { code: 32, kind: BrokenPipe, message: "Broken pipe" }

thread 'tokio-rt-worker' (1221115) panicked at tools/nanospam/src/app.rs:330:63:
called `Result::unwrap()` on an `Err` value: Os { code: 32, kind: BrokenPipe, message: "Broken pipe" }

thread 'tokio-rt-worker' (1219374) panicked at tools/nanospam/src/app.rs:330:63:
called `Result::unwrap()` on an `Err` value: Os { code: 32, kind: BrokenPipe, message: "Broken pipe" }

thread 'tokio-rt-worker' (1221116) panicked at tools/nanospam/src/app.rs:330:63:
called `Result::unwrap()` on an `Err` value: Os { code: 32, kind: BrokenPipe, message: "Broken pipe" }

thread 'tokio-rt-worker' (1221116) panicked at tools/nanospam/src/app.rs:330:63:
called `Result::unwrap()` on an `Err` value: Os { code: 32, kind: BrokenPipe, message: "Broken pipe" }

thread 'tokio-rt-worker' (1221115) panicked at tools/nanospam/src/app.rs:330:63:
called `Result::unwrap()` on an `Err` value: Os { code: 32, kind: BrokenPipe, message: "Broken pipe" }

thread 'tokio-rt-worker' (1219374) panicked at tools/nanospam/src/app.rs:330:63:
called `Result::unwrap()` on an `Err` value: Os { code: 32, kind: BrokenPipe, message: "Broken pipe" }

thread 'tokio-rt-worker' (1219375) panicked at tools/nanospam/src/app.rs:330:63:
called `Result::unwrap()` on an `Err` value: Os { code: 32, kind: BrokenPipe, message: "Broken pipe" }

thread 'tokio-rt-worker' (1221116) panicked at tools/nanospam/src/app.rs:330:63:
called `Result::unwrap()` on an `Err` value: Os { code: 32, kind: BrokenPipe, message: "Broken pipe" }

thread 'tokio-rt-worker' (1221116) panicked at tools/nanospam/src/app.rs:330:63:
called `Result::unwrap()` on an `Err` value: Os { code: 32, kind: BrokenPipe, message: "Broken pipe" }

thread 'tokio-rt-worker' (1219374) panicked at tools/nanospam/src/app.rs:330:63:
called `Result::unwrap()` on an `Err` value: Os { code: 32, kind: BrokenPipe, message: "Broken pipe" }

thread 'tokio-rt-worker' (1221115) panicked at tools/nanospam/src/app.rs:330:63:
called `Result::unwrap()` on an `Err` value: Os { code: 32, kind: BrokenPipe, message: "Broken pipe" }

thread 'tokio-rt-worker' (1219375) panicked at tools/nanospam/src/app.rs:330:63:
called `Result::unwrap()` on an `Err` value: Os { code: 32, kind: BrokenPipe, message: "Broken pipe" }

thread 'tokio-rt-worker' (1221116) panicked at tools/nanospam/src/app.rs:330:63:
called `Result::unwrap()` on an `Err` value: Os { code: 32, kind: BrokenPipe, message: "Broken pipe" }

thread 'tokio-rt-worker' (1221116) panicked at tools/nanospam/src/app.rs:330:63:
called `Result::unwrap()` on an `Err` value: Os { code: 32, kind: BrokenPipe, message: "Broken pipe" }

thread 'tokio-rt-worker' (1221115) panicked at tools/nanospam/src/app.rs:330:63:
called `Result::unwrap()` on an `Err` value: Os { code: 32, kind: BrokenPipe, message: "Broken pipe" }

thread 'tokio-rt-worker' (1219374) panicked at tools/nanospam/src/app.rs:330:63:
called `Result::unwrap()` on an `Err` value: Os { code: 32, kind: BrokenPipe, message: "Broken pipe" }

thread 'tokio-rt-worker' (1219375) panicked at tools/nanospam/src/app.rs:330:63:
called `Result::unwrap()` on an `Err` value: Os { code: 32, kind: BrokenPipe, message: "Broken pipe" }

thread 'tokio-rt-worker' (1221116) panicked at tools/nanospam/src/app.rs:330:63:
called `Result::unwrap()` on an `Err` value: Os { code: 32, kind: BrokenPipe, message: "Broken pipe" }

thread 'tokio-rt-worker' (1221116) panicked at tools/nanospam/src/app.rs:330:63:
called `Result::unwrap()` on an `Err` value: Os { code: 32, kind: BrokenPipe, message: "Broken pipe" }

thread 'tokio-rt-worker' (1219374) panicked at tools/nanospam/src/app.rs:330:63:
called `Result::unwrap()` on an `Err` value: Os { code: 32, kind: BrokenPipe, message: "Broken pipe" }

thread 'tokio-rt-worker' (1219375) panicked at tools/nanospam/src/app.rs:330:63:
called `Result::unwrap()` on an `Err` value: Os { code: 32, kind: BrokenPipe, message: "Broken pipe" }

thread 'tokio-rt-worker' (1221115) panicked at tools/nanospam/src/app.rs:330:63:
called `Result::unwrap()` on an `Err` value: Os { code: 32, kind: BrokenPipe, message: "Broken pipe" }

thread 'tokio-rt-worker' (1221116) panicked at tools/nanospam/src/app.rs:330:63:
called `Result::unwrap()` on an `Err` value: Os { code: 32, kind: BrokenPipe, message: "Broken pipe" }

thread 'tokio-rt-worker' (1221116) panicked at tools/nanospam/src/app.rs:330:63:
called `Result::unwrap()` on an `Err` value: Os { code: 32, kind: BrokenPipe, message: "Broken pipe" }

thread 'tokio-rt-worker' (1221115) panicked at tools/nanospam/src/app.rs:330:63:
called `Result::unwrap()` on an `Err` value: Os { code: 32, kind: BrokenPipe, message: "Broken pipe" }

thread 'tokio-rt-worker' (1219375) panicked at tools/nanospam/src/app.rs:330:63:
called `Result::unwrap()` on an `Err` value: Os { code: 32, kind: BrokenPipe, message: "Broken pipe" }

thread 'tokio-rt-worker' (1219374) panicked at tools/nanospam/src/app.rs:330:63:
called `Result::unwrap()` on an `Err` value: Os { code: 32, kind: BrokenPipe, message: "Broken pipe" }

thread 'tokio-rt-worker' (1221116) panicked at tools/nanospam/src/app.rs:330:63:
called `Result::unwrap()` on an `Err` value: Os { code: 32, kind: BrokenPipe, message: "Broken pipe" }

thread 'tokio-rt-worker' (1221116) panicked at tools/nanospam/src/app.rs:330:63:
called `Result::unwrap()` on an `Err` value: Os { code: 32, kind: BrokenPipe, message: "Broken pipe" }

thread 'tokio-rt-worker' (1219374) panicked at tools/nanospam/src/app.rs:330:63:
called `Result::unwrap()` on an `Err` value: Os { code: 32, kind: BrokenPipe, message: "Broken pipe" }

thread 'tokio-rt-worker' (1219375) panicked at tools/nanospam/src/app.rs:330:63:
called `Result::unwrap()` on an `Err` value: Os { code: 32, kind: BrokenPipe, message: "Broken pipe" }

thread 'tokio-rt-worker' (1221115) panicked at tools/nanospam/src/app.rs:330:63:
called `Result::unwrap()` on an `Err` value: Os { code: 32, kind: BrokenPipe, message: "Broken pipe" }

thread 'tokio-rt-worker' (1221116) panicked at tools/nanospam/src/app.rs:330:63:
called `Result::unwrap()` on an `Err` value: Os { code: 32, kind: BrokenPipe, message: "Broken pipe" }

thread 'tokio-rt-worker' (1221116) panicked at tools/nanospam/src/app.rs:330:63:
called `Result::unwrap()` on an `Err` value: Os { code: 32, kind: BrokenPipe, message: "Broken pipe" }

thread 'tokio-rt-worker' (1221115) panicked at tools/nanospam/src/app.rs:330:63:
called `Result::unwrap()` on an `Err` value: Os { code: 32, kind: BrokenPipe, message: "Broken pipe" }

thread 'tokio-rt-worker' (1219375) panicked at tools/nanospam/src/app.rs:330:63:
called `Result::unwrap()` on an `Err` value: Os { code: 32, kind: BrokenPipe, message: "Broken pipe" }

thread 'tokio-rt-worker' (1221116) panicked at tools/nanospam/src/app.rs:330:63:
called `Result::unwrap()` on an `Err` value: Os { code: 32, kind: BrokenPipe, message: "Broken pipe" }

thread 'tokio-rt-worker' (1219374) panicked at tools/nanospam/src/app.rs:330:63:
called `Result::unwrap()` on an `Err` value: Os { code: 32, kind: BrokenPipe, message: "Broken pipe" }

thread 'tokio-rt-worker' (1219374) panicked at tools/nanospam/src/app.rs:330:63:
called `Result::unwrap()` on an `Err` value: Os { code: 32, kind: BrokenPipe, message: "Broken pipe" }

thread 'tokio-rt-worker' (1221116) panicked at tools/nanospam/src/app.rs:330:63:
called `Result::unwrap()` on an `Err` value: Os { code: 32, kind: BrokenPipe, message: "Broken pipe" }

thread 'tokio-rt-worker' (1219375) panicked at tools/nanospam/src/app.rs:330:63:
called `Result::unwrap()` on an `Err` value: Os { code: 32, kind: BrokenPipe, message: "Broken pipe" }

thread 'tokio-rt-worker' (1221115) panicked at tools/nanospam/src/app.rs:330:63:
called `Result::unwrap()` on an `Err` value: Os { code: 32, kind: BrokenPipe, message: "Broken pipe" }

thread 'tokio-rt-worker' (1219374) panicked at tools/nanospam/src/app.rs:330:63:
called `Result::unwrap()` on an `Err` value: Os { code: 32, kind: BrokenPipe, message: "Broken pipe" }

thread 'tokio-rt-worker' (1219374) panicked at tools/nanospam/src/app.rs:330:63:
called `Result::unwrap()` on an `Err` value: Os { code: 32, kind: BrokenPipe, message: "Broken pipe" }

thread 'tokio-rt-worker' (1221115) panicked at tools/nanospam/src/app.rs:330:63:
called `Result::unwrap()` on an `Err` value: Os { code: 32, kind: BrokenPipe, message: "Broken pipe" }

thread 'tokio-rt-worker' (1219375) panicked at tools/nanospam/src/app.rs:330:63:
called `Result::unwrap()` on an `Err` value: Os { code: 32, kind: BrokenPipe, message: "Broken pipe" }

thread 'tokio-rt-worker' (1221116) panicked at tools/nanospam/src/app.rs:330:63:
called `Result::unwrap()` on an `Err` value: Os { code: 32, kind: BrokenPipe, message: "Broken pipe" }

thread 'tokio-rt-worker' (1219374) panicked at tools/nanospam/src/app.rs:330:63:
called `Result::unwrap()` on an `Err` value: Os { code: 32, kind: BrokenPipe, message: "Broken pipe" }

thread 'tokio-rt-worker' (1219374) panicked at tools/nanospam/src/app.rs:330:63:
called `Result::unwrap()` on an `Err` value: Os { code: 32, kind: BrokenPipe, message: "Broken pipe" }

thread 'tokio-rt-worker' (1221116) panicked at tools/nanospam/src/app.rs:330:63:
called `Result::unwrap()` on an `Err` value: Os { code: 32, kind: BrokenPipe, message: "Broken pipe" }

thread 'tokio-rt-worker' (1219375) panicked at tools/nanospam/src/app.rs:330:63:
called `Result::unwrap()` on an `Err` value: Os { code: 32, kind: BrokenPipe, message: "Broken pipe" }

thread 'tokio-rt-worker' (1221115) panicked at tools/nanospam/src/app.rs:330:63:
called `Result::unwrap()` on an `Err` value: Os { code: 32, kind: BrokenPipe, message: "Broken pipe" }

thread 'tokio-rt-worker' (1219374) panicked at tools/nanospam/src/app.rs:330:63:
called `Result::unwrap()` on an `Err` value: Os { code: 32, kind: BrokenPipe, message: "Broken pipe" }

thread 'tokio-rt-worker' (1219374) panicked at tools/nanospam/src/app.rs:330:63:
called `Result::unwrap()` on an `Err` value: Os { code: 32, kind: BrokenPipe, message: "Broken pipe" }

thread 'tokio-rt-worker' (1221115) panicked at tools/nanospam/src/app.rs:330:63:
called `Result::unwrap()` on an `Err` value: Os { code: 32, kind: BrokenPipe, message: "Broken pipe" }

thread 'tokio-rt-worker' (1219375) panicked at tools/nanospam/src/app.rs:330:63:
called `Result::unwrap()` on an `Err` value: Os { code: 32, kind: BrokenPipe, message: "Broken pipe" }

thread 'tokio-rt-worker' (1221116) panicked at tools/nanospam/src/app.rs:330:63:
called `Result::unwrap()` on an `Err` value: Os { code: 32, kind: BrokenPipe, message: "Broken pipe" }

thread 'tokio-rt-worker' (1219374) panicked at tools/nanospam/src/app.rs:330:63:
called `Result::unwrap()` on an `Err` value: Os { code: 32, kind: BrokenPipe, message: "Broken pipe" }

thread 'tokio-rt-worker' (1219374) panicked at tools/nanospam/src/app.rs:330:63:
called `Result::unwrap()` on an `Err` value: Os { code: 32, kind: BrokenPipe, message: "Broken pipe" }

thread 'tokio-rt-worker' (1221116) panicked at tools/nanospam/src/app.rs:330:63:
called `Result::unwrap()` on an `Err` value: Os { code: 32, kind: BrokenPipe, message: "Broken pipe" }

thread 'tokio-rt-worker' (1219375) panicked at tools/nanospam/src/app.rs:330:63:
called `Result::unwrap()` on an `Err` value: Os { code: 32, kind: BrokenPipe, message: "Broken pipe" }

thread 'tokio-rt-worker' (1221115) panicked at tools/nanospam/src/app.rs:330:63:
called `Result::unwrap()` on an `Err` value: Os { code: 32, kind: BrokenPipe, message: "Broken pipe" }

thread 'tokio-rt-worker' (1219374) panicked at tools/nanospam/src/app.rs:330:63:
called `Result::unwrap()` on an `Err` value: Os { code: 32, kind: BrokenPipe, message: "Broken pipe" }

thread 'tokio-rt-worker' (1219374) panicked at tools/nanospam/src/app.rs:330:63:
called `Result::unwrap()` on an `Err` value: Os { code: 32, kind: BrokenPipe, message: "Broken pipe" }

thread 'tokio-rt-worker' (1221115) panicked at tools/nanospam/src/app.rs:330:63:
called `Result::unwrap()` on an `Err` value: Os { code: 32, kind: BrokenPipe, message: "Broken pipe" }

thread 'tokio-rt-worker' (1221116) panicked at tools/nanospam/src/app.rs:330:63:
called `Result::unwrap()` on an `Err` value: Os { code: 32, kind: BrokenPipe, message: "Broken pipe" }

thread 'tokio-rt-worker' (1219375) panicked at tools/nanospam/src/app.rs:330:63:
called `Result::unwrap()` on an `Err` value: Os { code: 32, kind: BrokenPipe, message: "Broken pipe" }

thread 'tokio-rt-worker' (1219374) panicked at tools/nanospam/src/app.rs:330:63:
called `Result::unwrap()` on an `Err` value: Os { code: 32, kind: BrokenPipe, message: "Broken pipe" }

thread 'tokio-rt-worker' (1219374) panicked at tools/nanospam/src/app.rs:330:63:
called `Result::unwrap()` on an `Err` value: Os { code: 32, kind: BrokenPipe, message: "Broken pipe" }

thread 'tokio-rt-worker' (1221116) panicked at tools/nanospam/src/app.rs:330:63:
called `Result::unwrap()` on an `Err` value: Os { code: 32, kind: BrokenPipe, message: "Broken pipe" }

thread 'tokio-rt-worker' (1221115) panicked at tools/nanospam/src/app.rs:330:63:
called `Result::unwrap()` on an `Err` value: Os { code: 32, kind: BrokenPipe, message: "Broken pipe" }

thread 'tokio-rt-worker' (1219375) panicked at tools/nanospam/src/app.rs:330:63:
called `Result::unwrap()` on an `Err` value: Os { code: 32, kind: BrokenPipe, message: "Broken pipe" }

thread 'tokio-rt-worker' (1219374) panicked at tools/nanospam/src/app.rs:330:63:
called `Result::unwrap()` on an `Err` value: Os { code: 32, kind: BrokenPipe, message: "Broken pipe" }

thread 'tokio-rt-worker' (1219374) panicked at tools/nanospam/src/app.rs:330:63:
called `Result::unwrap()` on an `Err` value: Os { code: 32, kind: BrokenPipe, message: "Broken pipe" }

thread 'tokio-rt-worker' (1219375) panicked at tools/nanospam/src/app.rs:330:63:
called `Result::unwrap()` on an `Err` value: Os { code: 32, kind: BrokenPipe, message: "Broken pipe" }

thread 'tokio-rt-worker' (1221115) panicked at tools/nanospam/src/app.rs:330:63:
called `Result::unwrap()` on an `Err` value: Os { code: 32, kind: BrokenPipe, message: "Broken pipe" }

thread 'tokio-rt-worker' (1221116) panicked at tools/nanospam/src/app.rs:330:63:
called `Result::unwrap()` on an `Err` value: Os { code: 32, kind: BrokenPipe, message: "Broken pipe" }

thread 'tokio-rt-worker' (1219374) panicked at tools/nanospam/src/app.rs:330:63:
called `Result::unwrap()` on an `Err` value: Os { code: 32, kind: BrokenPipe, message: "Broken pipe" }

thread 'tokio-rt-worker' (1219374) panicked at tools/nanospam/src/app.rs:330:63:
called `Result::unwrap()` on an `Err` value: Os { code: 32, kind: BrokenPipe, message: "Broken pipe" }

thread 'tokio-rt-worker' (1221116) panicked at tools/nanospam/src/app.rs:330:63:
called `Result::unwrap()` on an `Err` value: Os { code: 32, kind: BrokenPipe, message: "Broken pipe" }

thread 'tokio-rt-worker' (1221115) panicked at tools/nanospam/src/app.rs:330:63:
called `Result::unwrap()` on an `Err` value: Os { code: 32, kind: BrokenPipe, message: "Broken pipe" }

thread 'tokio-rt-worker' (1219375) panicked at tools/nanospam/src/app.rs:330:63:
called `Result::unwrap()` on an `Err` value: Os { code: 32, kind: BrokenPipe, message: "Broken pipe" }

thread 'tokio-rt-worker' (1219374) panicked at tools/nanospam/src/app.rs:330:63:
called `Result::unwrap()` on an `Err` value: Os { code: 32, kind: BrokenPipe, message: "Broken pipe" }

thread 'tokio-rt-worker' (1219374) panicked at tools/nanospam/src/app.rs:330:63:
called `Result::unwrap()` on an `Err` value: Os { code: 32, kind: BrokenPipe, message: "Broken pipe" }

thread 'tokio-rt-worker' (1219375) panicked at tools/nanospam/src/app.rs:330:63:
called `Result::unwrap()` on an `Err` value: Os { code: 32, kind: BrokenPipe, message: "Broken pipe" }

thread 'tokio-rt-worker' (1221116) panicked at tools/nanospam/src/app.rs:330:63:
called `Result::unwrap()` on an `Err` value: Os { code: 32, kind: BrokenPipe, message: "Broken pipe" }

thread 'tokio-rt-worker' (1219374) panicked at tools/nanospam/src/app.rs:330:63:
called `Result::unwrap()` on an `Err` value: Os { code: 32, kind: BrokenPipe, message: "Broken pipe" }

thread 'tokio-rt-worker' (1221115) panicked at tools/nanospam/src/app.rs:330:63:
called `Result::unwrap()` on an `Err` value: Os { code: 32, kind: BrokenPipe, message: "Broken pipe" }

thread 'tokio-rt-worker' (1221115) panicked at tools/nanospam/src/app.rs:330:63:
called `Result::unwrap()` on an `Err` value: Os { code: 32, kind: BrokenPipe, message: "Broken pipe" }

thread 'tokio-rt-worker' (1219374) panicked at tools/nanospam/src/app.rs:330:63:
called `Result::unwrap()` on an `Err` value: Os { code: 32, kind: BrokenPipe, message: "Broken pipe" }

thread 'tokio-rt-worker' (1221116) panicked at tools/nanospam/src/app.rs:330:63:
called `Result::unwrap()` on an `Err` value: Os { code: 32, kind: BrokenPipe, message: "Broken pipe" }

thread 'tokio-rt-worker' (1219375) panicked at tools/nanospam/src/app.rs:330:63:
called `Result::unwrap()` on an `Err` value: Os { code: 32, kind: BrokenPipe, message: "Broken pipe" }

thread 'tokio-rt-worker' (1221115) panicked at tools/nanospam/src/app.rs:330:63:
called `Result::unwrap()` on an `Err` value: Os { code: 32, kind: BrokenPipe, message: "Broken pipe" }

thread 'tokio-rt-worker' (1221115) panicked at tools/nanospam/src/app.rs:330:63:
called `Result::unwrap()` on an `Err` value: Os { code: 32, kind: BrokenPipe, message: "Broken pipe" }

thread 'tokio-rt-worker' (1219375) panicked at tools/nanospam/src/app.rs:330:63:
called `Result::unwrap()` on an `Err` value: Os { code: 32, kind: BrokenPipe, message: "Broken pipe" }

thread 'tokio-rt-worker' (1221116) panicked at tools/nanospam/src/app.rs:330:63:
called `Result::unwrap()` on an `Err` value: Os { code: 32, kind: BrokenPipe, message: "Broken pipe" }

thread 'tokio-rt-worker' (1219374) panicked at tools/nanospam/src/app.rs:330:63:
called `Result::unwrap()` on an `Err` value: Os { code: 32, kind: BrokenPipe, message: "Broken pipe" }

thread 'tokio-rt-worker' (1221115) panicked at tools/nanospam/src/app.rs:330:63:
called `Result::unwrap()` on an `Err` value: Os { code: 32, kind: BrokenPipe, message: "Broken pipe" }

thread 'tokio-rt-worker' (1221115) panicked at tools/nanospam/src/app.rs:330:63:
called `Result::unwrap()` on an `Err` value: Os { code: 32, kind: BrokenPipe, message: "Broken pipe" }

thread 'tokio-rt-worker' (1219374) panicked at tools/nanospam/src/app.rs:330:63:
called `Result::unwrap()` on an `Err` value: Os { code: 32, kind: BrokenPipe, message: "Broken pipe" }

thread 'tokio-rt-worker' (1221116) panicked at tools/nanospam/src/app.rs:330:63:
called `Result::unwrap()` on an `Err` value: Os { code: 32, kind: BrokenPipe, message: "Broken pipe" }

thread 'tokio-rt-worker' (1219375) panicked at tools/nanospam/src/app.rs:330:63:
called `Result::unwrap()` on an `Err` value: Os { code: 32, kind: BrokenPipe, message: "Broken pipe" }

thread 'tokio-rt-worker' (1221115) panicked at tools/nanospam/src/app.rs:330:63:
called `Result::unwrap()` on an `Err` value: Os { code: 32, kind: BrokenPipe, message: "Broken pipe" }

thread 'tokio-rt-worker' (1221115) panicked at tools/nanospam/src/app.rs:330:63:
called `Result::unwrap()` on an `Err` value: Os { code: 32, kind: BrokenPipe, message: "Broken pipe" }

thread 'tokio-rt-worker' (1219375) panicked at tools/nanospam/src/app.rs:330:63:
called `Result::unwrap()` on an `Err` value: Os { code: 32, kind: BrokenPipe, message: "Broken pipe" }

thread 'tokio-rt-worker' (1221116) panicked at tools/nanospam/src/app.rs:330:63:
called `Result::unwrap()` on an `Err` value: Os { code: 32, kind: BrokenPipe, message: "Broken pipe" }

thread 'tokio-rt-worker' (1219374) panicked at tools/nanospam/src/app.rs:330:63:
called `Result::unwrap()` on an `Err` value: Os { code: 32, kind: BrokenPipe, message: "Broken pipe" }

thread 'tokio-rt-worker' (1221115) panicked at tools/nanospam/src/app.rs:330:63:
called `Result::unwrap()` on an `Err` value: Os { code: 32, kind: BrokenPipe, message: "Broken pipe" }

thread 'tokio-rt-worker' (1221115) panicked at tools/nanospam/src/app.rs:330:63:
called `Result::unwrap()` on an `Err` value: Os { code: 32, kind: BrokenPipe, message: "Broken pipe" }

thread 'tokio-rt-worker' (1219374) panicked at tools/nanospam/src/app.rs:330:63:
called `Result::unwrap()` on an `Err` value: Os { code: 32, kind: BrokenPipe, message: "Broken pipe" }

thread 'tokio-rt-worker' (1221116) panicked at tools/nanospam/src/app.rs:330:63:
called `Result::unwrap()` on an `Err` value: Os { code: 32, kind: BrokenPipe, message: "Broken pipe" }

thread 'tokio-rt-worker' (1219375) panicked at tools/nanospam/src/app.rs:330:63:
called `Result::unwrap()` on an `Err` value: Os { code: 32, kind: BrokenPipe, message: "Broken pipe" }

thread 'tokio-rt-worker' (1221115) panicked at tools/nanospam/src/app.rs:330:63:
called `Result::unwrap()` on an `Err` value: Os { code: 32, kind: BrokenPipe, message: "Broken pipe" }

thread 'tokio-rt-worker' (1221115) panicked at tools/nanospam/src/app.rs:330:63:
called `Result::unwrap()` on an `Err` value: Os { code: 32, kind: BrokenPipe, message: "Broken pipe" }

thread 'tokio-rt-worker' (1219375) panicked at tools/nanospam/src/app.rs:330:63:
called `Result::unwrap()` on an `Err` value: Os { code: 32, kind: BrokenPipe, message: "Broken pipe" }

thread 'tokio-rt-worker' (1221116) panicked at tools/nanospam/src/app.rs:330:63:
called `Result::unwrap()` on an `Err` value: Os { code: 32, kind: BrokenPipe, message: "Broken pipe" }

thread 'tokio-rt-worker' (1219374) panicked at tools/nanospam/src/app.rs:330:63:
called `Result::unwrap()` on an `Err` value: Os { code: 32, kind: BrokenPipe, message: "Broken pipe" }

thread 'tokio-rt-worker' (1221115) panicked at tools/nanospam/src/app.rs:330:63:
called `Result::unwrap()` on an `Err` value: Os { code: 32, kind: BrokenPipe, message: "Broken pipe" }

thread 'tokio-rt-worker' (1221115) panicked at tools/nanospam/src/app.rs:330:63:
called `Result::unwrap()` on an `Err` value: Os { code: 32, kind: BrokenPipe, message: "Broken pipe" }

thread 'tokio-rt-worker' (1219374) panicked at tools/nanospam/src/app.rs:330:63:
called `Result::unwrap()` on an `Err` value: Os { code: 32, kind: BrokenPipe, message: "Broken pipe" }

thread 'tokio-rt-worker' (1221116) panicked at tools/nanospam/src/app.rs:330:63:
called `Result::unwrap()` on an `Err` value: Os { code: 32, kind: BrokenPipe, message: "Broken pipe" }

thread 'tokio-rt-worker' (1219375) panicked at tools/nanospam/src/app.rs:330:63:
called `Result::unwrap()` on an `Err` value: Os { code: 32, kind: BrokenPipe, message: "Broken pipe" }

thread 'tokio-rt-worker' (1221115) panicked at tools/nanospam/src/app.rs:330:63:
called `Result::unwrap()` on an `Err` value: Os { code: 32, kind: BrokenPipe, message: "Broken pipe" }

thread 'tokio-rt-worker' (1221115) panicked at tools/nanospam/src/app.rs:330:63:
called `Result::unwrap()` on an `Err` value: Os { code: 32, kind: BrokenPipe, message: "Broken pipe" }

thread 'tokio-rt-worker' (1219375) panicked at tools/nanospam/src/app.rs:330:63:
called `Result::unwrap()` on an `Err` value: Os { code: 32, kind: BrokenPipe, message: "Broken pipe" }

thread 'tokio-rt-worker' (1221116) panicked at tools/nanospam/src/app.rs:330:63:
called `Result::unwrap()` on an `Err` value: Os { code: 32, kind: BrokenPipe, message: "Broken pipe" }

thread 'tokio-rt-worker' (1219374) panicked at tools/nanospam/src/app.rs:330:63:
called `Result::unwrap()` on an `Err` value: Os { code: 32, kind: BrokenPipe, message: "Broken pipe" }

thread 'tokio-rt-worker' (1221115) panicked at tools/nanospam/src/app.rs:330:63:
called `Result::unwrap()` on an `Err` value: Os { code: 32, kind: BrokenPipe, message: "Broken pipe" }

thread 'tokio-rt-worker' (1221115) panicked at tools/nanospam/src/app.rs:330:63:
called `Result::unwrap()` on an `Err` value: Os { code: 32, kind: BrokenPipe, message: "Broken pipe" }

thread 'tokio-rt-worker' (1219374) panicked at tools/nanospam/src/app.rs:330:63:
called `Result::unwrap()` on an `Err` value: Os { code: 32, kind: BrokenPipe, message: "Broken pipe" }

thread 'tokio-rt-worker' (1221116) panicked at tools/nanospam/src/app.rs:330:63:
called `Result::unwrap()` on an `Err` value: Os { code: 32, kind: BrokenPipe, message: "Broken pipe" }

thread 'tokio-rt-worker' (1219375) panicked at tools/nanospam/src/app.rs:330:63:
called `Result::unwrap()` on an `Err` value: Os { code: 32, kind: BrokenPipe, message: "Broken pipe" }

thread 'tokio-rt-worker' (1221115) panicked at tools/nanospam/src/app.rs:330:63:
called `Result::unwrap()` on an `Err` value: Os { code: 32, kind: BrokenPipe, message: "Broken pipe" }

thread 'tokio-rt-worker' (1221115) panicked at tools/nanospam/src/app.rs:330:63:
called `Result::unwrap()` on an `Err` value: Os { code: 32, kind: BrokenPipe, message: "Broken pipe" }

thread 'tokio-rt-worker' (1219375) panicked at tools/nanospam/src/app.rs:330:63:
called `Result::unwrap()` on an `Err` value: Os { code: 32, kind: BrokenPipe, message: "Broken pipe" }

thread 'tokio-rt-worker' (1221115) panicked at tools/nanospam/src/app.rs:330:63:
called `Result::unwrap()` on an `Err` value: Os { code: 32, kind: BrokenPipe, message: "Broken pipe" }

thread 'tokio-rt-worker' (1219375) panicked at tools/nanospam/src/app.rs:330:63:
called `Result::unwrap()` on an `Err` value: Os { code: 32, kind: BrokenPipe, message: "Broken pipe" }

thread 'tokio-rt-worker' (1221115) panicked at tools/nanospam/src/app.rs:330:63:
called `Result::unwrap()` on an `Err` value: Os { code: 32, kind: BrokenPipe, message: "Broken pipe" }

thread 'tokio-rt-worker' (1221115) panicked at tools/nanospam/src/app.rs:330:63:
called `Result::unwrap()` on an `Err` value: Os { code: 32, kind: BrokenPipe, message: "Broken pipe" }

thread 'tokio-rt-worker' (1221116) panicked at tools/nanospam/src/app.rs:330:63:
called `Result::unwrap()` on an `Err` value: Os { code: 32, kind: BrokenPipe, message: "Broken pipe" }

thread 'tokio-rt-worker' (1219375) panicked at tools/nanospam/src/app.rs:330:63:
called `Result::unwrap()` on an `Err` value: Os { code: 32, kind: BrokenPipe, message: "Broken pipe" }

thread 'tokio-rt-worker' (1219374) panicked at tools/nanospam/src/app.rs:330:63:
called `Result::unwrap()` on an `Err` value: Os { code: 32, kind: BrokenPipe, message: "Broken pipe" }

thread 'tokio-rt-worker' (1221115) panicked at tools/nanospam/src/app.rs:330:63:
called `Result::unwrap()` on an `Err` value: Os { code: 32, kind: BrokenPipe, message: "Broken pipe" }

thread 'tokio-rt-worker' (1221115) panicked at tools/nanospam/src/app.rs:330:63:
called `Result::unwrap()` on an `Err` value: Os { code: 32, kind: BrokenPipe, message: "Broken pipe" }

thread 'tokio-rt-worker' (1219374) panicked at tools/nanospam/src/app.rs:330:63:
called `Result::unwrap()` on an `Err` value: Os { code: 32, kind: BrokenPipe, message: "Broken pipe" }

thread 'tokio-rt-worker' (1219375) panicked at tools/nanospam/src/app.rs:330:63:
called `Result::unwrap()` on an `Err` value: Os { code: 32, kind: BrokenPipe, message: "Broken pipe" }

thread 'tokio-rt-worker' (1221116) panicked at tools/nanospam/src/app.rs:330:63:
called `Result::unwrap()` on an `Err` value: Os { code: 32, kind: BrokenPipe, message: "Broken pipe" }

thread 'tokio-rt-worker' (1221115) panicked at tools/nanospam/src/app.rs:330:63:
called `Result::unwrap()` on an `Err` value: Os { code: 32, kind: BrokenPipe, message: "Broken pipe" }

thread 'tokio-rt-worker' (1221115) panicked at tools/nanospam/src/app.rs:330:63:
called `Result::unwrap()` on an `Err` value: Os { code: 32, kind: BrokenPipe, message: "Broken pipe" }

thread 'tokio-rt-worker' (1221116) panicked at tools/nanospam/src/app.rs:330:63:
called `Result::unwrap()` on an `Err` value: Os { code: 32, kind: BrokenPipe, message: "Broken pipe" }

thread 'tokio-rt-worker' (1219374) panicked at tools/nanospam/src/app.rs:330:63:
called `Result::unwrap()` on an `Err` value: Os { code: 32, kind: BrokenPipe, message: "Broken pipe" }

thread 'tokio-rt-worker' (1219375) panicked at tools/nanospam/src/app.rs:330:63:
called `Result::unwrap()` on an `Err` value: Os { code: 32, kind: BrokenPipe, message: "Broken pipe" }

thread 'tokio-rt-worker' (1221115) panicked at tools/nanospam/src/app.rs:330:63:
called `Result::unwrap()` on an `Err` value: Os { code: 32, kind: BrokenPipe, message: "Broken pipe" }

thread 'tokio-rt-worker' (1220925) panicked at tools/nanospam/src/app.rs:330:63:
called `Result::unwrap()` on an `Err` value: Os { code: 32, kind: BrokenPipe, message: "Broken pipe" }

thread 'tokio-rt-worker' (1219375) panicked at tools/nanospam/src/app.rs:330:63:
called `Result::unwrap()` on an `Err` value: Os { code: 32, kind: BrokenPipe, message: "Broken pipe" }

thread 'tokio-rt-worker' (1219374) panicked at tools/nanospam/src/app.rs:330:63:
called `Result::unwrap()` on an `Err` value: Os { code: 32, kind: BrokenPipe, message: "Broken pipe" }

thread 'tokio-rt-worker' (1221115) panicked at tools/nanospam/src/app.rs:330:63:
called `Result::unwrap()` on an `Err` value: Os { code: 32, kind: BrokenPipe, message: "Broken pipe" }

thread 'tokio-rt-worker' (1220925) panicked at tools/nanospam/src/app.rs:330:63:
called `Result::unwrap()` on an `Err` value: Os { code: 32, kind: BrokenPipe, message: "Broken pipe" }

thread 'tokio-rt-worker' (1220925) panicked at tools/nanospam/src/app.rs:330:63:
called `Result::unwrap()` on an `Err` value: Os { code: 32, kind: BrokenPipe, message: "Broken pipe" }

thread 'tokio-rt-worker' (1221115) panicked at tools/nanospam/src/app.rs:330:63:
called `Result::unwrap()` on an `Err` value: Os { code: 32, kind: BrokenPipe, message: "Broken pipe" }

thread 'tokio-rt-worker' (1219375) panicked at tools/nanospam/src/app.rs:330:63:
called `Result::unwrap()` on an `Err` value: Os { code: 32, kind: BrokenPipe, message: "Broken pipe" }

thread 'tokio-rt-worker' (1219374) panicked at tools/nanospam/src/app.rs:330:63:
called `Result::unwrap()` on an `Err` value: Os { code: 32, kind: BrokenPipe, message: "Broken pipe" }

thread 'tokio-rt-worker' (1220925) panicked at tools/nanospam/src/app.rs:330:63:
called `Result::unwrap()` on an `Err` value: Os { code: 32, kind: BrokenPipe, message: "Broken pipe" }

thread 'tokio-rt-worker' (1219374) panicked at tools/nanospam/src/app.rs:330:63:
called `Result::unwrap()` on an `Err` value: Os { code: 32, kind: BrokenPipe, message: "Broken pipe" }

thread 'tokio-rt-worker' (1219375) panicked at tools/nanospam/src/app.rs:330:63:
called `Result::unwrap()` on an `Err` value: Os { code: 32, kind: BrokenPipe, message: "Broken pipe" }

thread 'tokio-rt-worker' (1221115) panicked at tools/nanospam/src/app.rs:330:63:
called `Result::unwrap()` on an `Err` value: Os { code: 32, kind: BrokenPipe, message: "Broken pipe" }

thread 'tokio-rt-worker' (1220925) panicked at tools/nanospam/src/app.rs:330:63:
called `Result::unwrap()` on an `Err` value: Os { code: 32, kind: BrokenPipe, message: "Broken pipe" }

thread 'tokio-rt-worker' (1219374) panicked at tools/nanospam/src/app.rs:330:63:
called `Result::unwrap()` on an `Err` value: Os { code: 32, kind: BrokenPipe, message: "Broken pipe" }

thread 'tokio-rt-worker' (1219374) panicked at tools/nanospam/src/app.rs:330:63:
called `Result::unwrap()` on an `Err` value: Os { code: 32, kind: BrokenPipe, message: "Broken pipe" }

thread 'tokio-rt-worker' (1220925) panicked at tools/nanospam/src/app.rs:330:63:
called `Result::unwrap()` on an `Err` value: Os { code: 32, kind: BrokenPipe, message: "Broken pipe" }

thread 'tokio-rt-worker' (1219375) panicked at tools/nanospam/src/app.rs:330:63:
called `Result::unwrap()` on an `Err` value: Os { code: 32, kind: BrokenPipe, message: "Broken pipe" }

thread 'tokio-rt-worker' (1221115) panicked at tools/nanospam/src/app.rs:330:63:
called `Result::unwrap()` on an `Err` value: Os { code: 32, kind: BrokenPipe, message: "Broken pipe" }

thread 'tokio-rt-worker' (1219374) panicked at tools/nanospam/src/app.rs:330:63:
called `Result::unwrap()` on an `Err` value: Os { code: 32, kind: BrokenPipe, message: "Broken pipe" }

thread 'tokio-rt-worker' (1219374) panicked at tools/nanospam/src/app.rs:330:63:
called `Result::unwrap()` on an `Err` value: Os { code: 32, kind: BrokenPipe, message: "Broken pipe" }

thread 'tokio-rt-worker' (1219375) panicked at tools/nanospam/src/app.rs:330:63:
called `Result::unwrap()` on an `Err` value: Os { code: 32, kind: BrokenPipe, message: "Broken pipe" }

thread 'tokio-rt-worker' (1221115) panicked at tools/nanospam/src/app.rs:330:63:
called `Result::unwrap()` on an `Err` value: Os { code: 32, kind: BrokenPipe, message: "Broken pipe" }

thread 'tokio-rt-worker' (1220925) panicked at tools/nanospam/src/app.rs:330:63:
called `Result::unwrap()` on an `Err` value: Os { code: 32, kind: BrokenPipe, message: "Broken pipe" }

thread 'tokio-rt-worker' (1219374) panicked at tools/nanospam/src/app.rs:330:63:
called `Result::unwrap()` on an `Err` value: Os { code: 32, kind: BrokenPipe, message: "Broken pipe" }

thread 'tokio-rt-worker' (1219374) panicked at tools/nanospam/src/app.rs:330:63:
called `Result::unwrap()` on an `Err` value: Os { code: 32, kind: BrokenPipe, message: "Broken pipe" }

thread 'tokio-rt-worker' (1220925) panicked at tools/nanospam/src/app.rs:330:63:
called `Result::unwrap()` on an `Err` value: Os { code: 32, kind: BrokenPipe, message: "Broken pipe" }

thread 'tokio-rt-worker' (1219375) panicked at tools/nanospam/src/app.rs:330:63:
called `Result::unwrap()` on an `Err` value: Os { code: 32, kind: BrokenPipe, message: "Broken pipe" }

thread 'tokio-rt-worker' (1219374) panicked at tools/nanospam/src/app.rs:330:63:
called `Result::unwrap()` on an `Err` value: Os { code: 32, kind: BrokenPipe, message: "Broken pipe" }

thread 'tokio-rt-worker' (1221115) panicked at tools/nanospam/src/app.rs:330:63:
called `Result::unwrap()` on an `Err` value: Os { code: 32, kind: BrokenPipe, message: "Broken pipe" }

thread 'tokio-rt-worker' (1221115) panicked at tools/nanospam/src/app.rs:330:63:
called `Result::unwrap()` on an `Err` value: Os { code: 32, kind: BrokenPipe, message: "Broken pipe" }

thread 'tokio-rt-worker' (1219374) panicked at tools/nanospam/src/app.rs:330:63:
called `Result::unwrap()` on an `Err` value: Os { code: 32, kind: BrokenPipe, message: "Broken pipe" }

thread 'tokio-rt-worker' (1219375) panicked at tools/nanospam/src/app.rs:330:63:
called `Result::unwrap()` on an `Err` value: Os { code: 32, kind: BrokenPipe, message: "Broken pipe" }

thread 'tokio-rt-worker' (1220925) panicked at tools/nanospam/src/app.rs:330:63:
called `Result::unwrap()` on an `Err` value: Os { code: 32, kind: BrokenPipe, message: "Broken pipe" }

thread 'tokio-rt-worker' (1221115) panicked at tools/nanospam/src/app.rs:330:63:
called `Result::unwrap()` on an `Err` value: Os { code: 32, kind: BrokenPipe, message: "Broken pipe" }

thread 'tokio-rt-worker' (1221115) panicked at tools/nanospam/src/app.rs:330:63:
called `Result::unwrap()` on an `Err` value: Os { code: 32, kind: BrokenPipe, message: "Broken pipe" }

thread 'tokio-rt-worker' (1219375) panicked at tools/nanospam/src/app.rs:330:63:
called `Result::unwrap()` on an `Err` value: Os { code: 32, kind: BrokenPipe, message: "Broken pipe" }

thread 'tokio-rt-worker' (1219374) panicked at tools/nanospam/src/app.rs:330:63:
called `Result::unwrap()` on an `Err` value: Os { code: 32, kind: BrokenPipe, message: "Broken pipe" }

thread 'tokio-rt-worker' (1220925) panicked at tools/nanospam/src/app.rs:330:63:
called `Result::unwrap()` on an `Err` value: Os { code: 32, kind: BrokenPipe, message: "Broken pipe" }

thread 'tokio-rt-worker' (1221115) panicked at tools/nanospam/src/app.rs:330:63:
called `Result::unwrap()` on an `Err` value: Os { code: 32, kind: BrokenPipe, message: "Broken pipe" }

thread 'tokio-rt-worker' (1221115) panicked at tools/nanospam/src/app.rs:330:63:
called `Result::unwrap()` on an `Err` value: Os { code: 32, kind: BrokenPipe, message: "Broken pipe" }

thread 'tokio-rt-worker' (1220925) panicked at tools/nanospam/src/app.rs:330:63:
called `Result::unwrap()` on an `Err` value: Os { code: 32, kind: BrokenPipe, message: "Broken pipe" }

thread 'tokio-rt-worker' (1219375) panicked at tools/nanospam/src/app.rs:330:63:
called `Result::unwrap()` on an `Err` value: Os { code: 32, kind: BrokenPipe, message: "Broken pipe" }

thread 'tokio-rt-worker' (1219374) panicked at tools/nanospam/src/app.rs:330:63:
called `Result::unwrap()` on an `Err` value: Os { code: 32, kind: BrokenPipe, message: "Broken pipe" }

thread 'tokio-rt-worker' (1221115) panicked at tools/nanospam/src/app.rs:330:63:
called `Result::unwrap()` on an `Err` value: Os { code: 32, kind: BrokenPipe, message: "Broken pipe" }

thread 'tokio-rt-worker' (1221115) panicked at tools/nanospam/src/app.rs:330:63:
called `Result::unwrap()` on an `Err` value: Os { code: 32, kind: BrokenPipe, message: "Broken pipe" }

thread 'tokio-rt-worker' (1219374) panicked at tools/nanospam/src/app.rs:330:63:
called `Result::unwrap()` on an `Err` value: Os { code: 32, kind: BrokenPipe, message: "Broken pipe" }

thread 'tokio-rt-worker' (1219375) panicked at tools/nanospam/src/app.rs:330:63:
called `Result::unwrap()` on an `Err` value: Os { code: 32, kind: BrokenPipe, message: "Broken pipe" }

thread 'tokio-rt-worker' (1220925) panicked at tools/nanospam/src/app.rs:330:63:
called `Result::unwrap()` on an `Err` value: Os { code: 32, kind: BrokenPipe, message: "Broken pipe" }

thread 'tokio-rt-worker' (1221115) panicked at tools/nanospam/src/app.rs:330:63:
called `Result::unwrap()` on an `Err` value: Os { code: 32, kind: BrokenPipe, message: "Broken pipe" }

thread 'tokio-rt-worker' (1221115) panicked at tools/nanospam/src/app.rs:330:63:
called `Result::unwrap()` on an `Err` value: Os { code: 32, kind: BrokenPipe, message: "Broken pipe" }

thread 'tokio-rt-worker' (1220925) panicked at tools/nanospam/src/app.rs:330:63:
called `Result::unwrap()` on an `Err` value: Os { code: 32, kind: BrokenPipe, message: "Broken pipe" }

thread 'tokio-rt-worker' (1219375) panicked at tools/nanospam/src/app.rs:330:63:
called `Result::unwrap()` on an `Err` value: Os { code: 32, kind: BrokenPipe, message: "Broken pipe" }

thread 'tokio-rt-worker' (1219374) panicked at tools/nanospam/src/app.rs:330:63:
called `Result::unwrap()` on an `Err` value: Os { code: 32, kind: BrokenPipe, message: "Broken pipe" }

thread 'tokio-rt-worker' (1221115) panicked at tools/nanospam/src/app.rs:330:63:
called `Result::unwrap()` on an `Err` value: Os { code: 32, kind: BrokenPipe, message: "Broken pipe" }

thread 'tokio-rt-worker' (1221115) panicked at tools/nanospam/src/app.rs:330:63:
called `Result::unwrap()` on an `Err` value: Os { code: 32, kind: BrokenPipe, message: "Broken pipe" }

thread 'tokio-rt-worker' (1219374) panicked at tools/nanospam/src/app.rs:330:63:
called `Result::unwrap()` on an `Err` value: Os { code: 32, kind: BrokenPipe, message: "Broken pipe" }

thread 'tokio-rt-worker' (1219375) panicked at tools/nanospam/src/app.rs:330:63:
called `Result::unwrap()` on an `Err` value: Os { code: 32, kind: BrokenPipe, message: "Broken pipe" }

thread 'tokio-rt-worker' (1220925) panicked at tools/nanospam/src/app.rs:330:63:
called `Result::unwrap()` on an `Err` value: Os { code: 32, kind: BrokenPipe, message: "Broken pipe" }

thread 'tokio-rt-worker' (1221115) panicked at tools/nanospam/src/app.rs:330:63:
called `Result::unwrap()` on an `Err` value: Os { code: 32, kind: BrokenPipe, message: "Broken pipe" }

thread 'tokio-rt-worker' (1221115) panicked at tools/nanospam/src/app.rs:330:63:
called `Result::unwrap()` on an `Err` value: Os { code: 32, kind: BrokenPipe, message: "Broken pipe" }

thread 'tokio-rt-worker' (1219375) panicked at tools/nanospam/src/app.rs:330:63:
called `Result::unwrap()` on an `Err` value: Os { code: 32, kind: BrokenPipe, message: "Broken pipe" }

thread 'tokio-rt-worker' (1220925) panicked at tools/nanospam/src/app.rs:330:63:
called `Result::unwrap()` on an `Err` value: Os { code: 32, kind: BrokenPipe, message: "Broken pipe" }

thread 'tokio-rt-worker' (1219374) panicked at tools/nanospam/src/app.rs:330:63:
called `Result::unwrap()` on an `Err` value: Os { code: 32, kind: BrokenPipe, message: "Broken pipe" }

thread 'tokio-rt-worker' (1221115) panicked at tools/nanospam/src/app.rs:330:63:
called `Result::unwrap()` on an `Err` value: Os { code: 32, kind: BrokenPipe, message: "Broken pipe" }

thread 'tokio-rt-worker' (1221115) panicked at tools/nanospam/src/app.rs:330:63:
called `Result::unwrap()` on an `Err` value: Os { code: 32, kind: BrokenPipe, message: "Broken pipe" }

thread 'tokio-rt-worker' (1219374) panicked at tools/nanospam/src/app.rs:330:63:
called `Result::unwrap()` on an `Err` value: Os { code: 32, kind: BrokenPipe, message: "Broken pipe" }

thread 'tokio-rt-worker' (1220925) panicked at tools/nanospam/src/app.rs:330:63:
called `Result::unwrap()` on an `Err` value: Os { code: 32, kind: BrokenPipe, message: "Broken pipe" }

thread 'tokio-rt-worker' (1219375) panicked at tools/nanospam/src/app.rs:330:63:
called `Result::unwrap()` on an `Err` value: Os { code: 32, kind: BrokenPipe, message: "Broken pipe" }

thread 'tokio-rt-worker' (1221115) panicked at tools/nanospam/src/app.rs:330:63:
called `Result::unwrap()` on an `Err` value: Os { code: 32, kind: BrokenPipe, message: "Broken pipe" }

thread 'tokio-rt-worker' (1221115) panicked at tools/nanospam/src/app.rs:330:63:
called `Result::unwrap()` on an `Err` value: Os { code: 32, kind: BrokenPipe, message: "Broken pipe" }

thread 'tokio-rt-worker' (1219375) panicked at tools/nanospam/src/app.rs:330:63:
called `Result::unwrap()` on an `Err` value: Os { code: 32, kind: BrokenPipe, message: "Broken pipe" }

thread 'tokio-rt-worker' (1219374) panicked at tools/nanospam/src/app.rs:330:63:
called `Result::unwrap()` on an `Err` value: Os { code: 32, kind: BrokenPipe, message: "Broken pipe" }

thread 'tokio-rt-worker' (1220925) panicked at tools/nanospam/src/app.rs:330:63:
called `Result::unwrap()` on an `Err` value: Os { code: 32, kind: BrokenPipe, message: "Broken pipe" }

thread 'tokio-rt-worker' (1221115) panicked at tools/nanospam/src/app.rs:330:63:
called `Result::unwrap()` on an `Err` value: Os { code: 32, kind: BrokenPipe, message: "Broken pipe" }

thread 'tokio-rt-worker' (1221115) panicked at tools/nanospam/src/app.rs:330:63:
called `Result::unwrap()` on an `Err` value: Os { code: 32, kind: BrokenPipe, message: "Broken pipe" }

thread 'tokio-rt-worker' (1220925) panicked at tools/nanospam/src/app.rs:330:63:
called `Result::unwrap()` on an `Err` value: Os { code: 32, kind: BrokenPipe, message: "Broken pipe" }

thread 'tokio-rt-worker' (1219375) panicked at tools/nanospam/src/app.rs:330:63:
called `Result::unwrap()` on an `Err` value: Os { code: 32, kind: BrokenPipe, message: "Broken pipe" }

thread 'tokio-rt-worker' (1219374) panicked at tools/nanospam/src/app.rs:330:63:
called `Result::unwrap()` on an `Err` value: Os { code: 32, kind: BrokenPipe, message: "Broken pipe" }

thread 'tokio-rt-worker' (1221115) panicked at tools/nanospam/src/app.rs:330:63:
called `Result::unwrap()` on an `Err` value: Os { code: 32, kind: BrokenPipe, message: "Broken pipe" }

thread 'tokio-rt-worker' (1221115) panicked at tools/nanospam/src/app.rs:330:63:
called `Result::unwrap()` on an `Err` value: Os { code: 32, kind: BrokenPipe, message: "Broken pipe" }

thread 'tokio-rt-worker' (1219374) panicked at tools/nanospam/src/app.rs:330:63:
called `Result::unwrap()` on an `Err` value: Os { code: 32, kind: BrokenPipe, message: "Broken pipe" }

thread 'tokio-rt-worker' (1219375) panicked at tools/nanospam/src/app.rs:330:63:
called `Result::unwrap()` on an `Err` value: Os { code: 32, kind: BrokenPipe, message: "Broken pipe" }

thread 'tokio-rt-worker' (1221115) panicked at tools/nanospam/src/app.rs:330:63:
called `Result::unwrap()` on an `Err` value: Os { code: 32, kind: BrokenPipe, message: "Broken pipe" }

thread 'tokio-rt-worker' (1219374) panicked at tools/nanospam/src/app.rs:330:63:
called `Result::unwrap()` on an `Err` value: Os { code: 32, kind: BrokenPipe, message: "Broken pipe" }

thread 'tokio-rt-worker' (1219374) panicked at tools/nanospam/src/app.rs:330:63:
called `Result::unwrap()` on an `Err` value: Os { code: 32, kind: BrokenPipe, message: "Broken pipe" }

thread 'tokio-rt-worker' (1221115) panicked at tools/nanospam/src/app.rs:330:63:
called `Result::unwrap()` on an `Err` value: Os { code: 32, kind: BrokenPipe, message: "Broken pipe" }

thread 'tokio-rt-worker' (1220925) panicked at tools/nanospam/src/app.rs:330:63:
called `Result::unwrap()` on an `Err` value: Os { code: 32, kind: BrokenPipe, message: "Broken pipe" }

thread 'tokio-rt-worker' (1219375) panicked at tools/nanospam/src/app.rs:330:63:
called `Result::unwrap()` on an `Err` value: Os { code: 32, kind: BrokenPipe, message: "Broken pipe" }

thread 'tokio-rt-worker' (1219374) panicked at tools/nanospam/src/app.rs:330:63:
called `Result::unwrap()` on an `Err` value: Os { code: 32, kind: BrokenPipe, message: "Broken pipe" }

thread 'tokio-rt-worker' (1219374) panicked at tools/nanospam/src/app.rs:330:63:
called `Result::unwrap()` on an `Err` value: Os { code: 32, kind: BrokenPipe, message: "Broken pipe" }

thread 'tokio-rt-worker' (1219375) panicked at tools/nanospam/src/app.rs:330:63:
called `Result::unwrap()` on an `Err` value: Os { code: 32, kind: BrokenPipe, message: "Broken pipe" }

thread 'tokio-rt-worker' (1220925) panicked at tools/nanospam/src/app.rs:330:63:
called `Result::unwrap()` on an `Err` value: Os { code: 32, kind: BrokenPipe, message: "Broken pipe" }

thread 'tokio-rt-worker' (1221115) panicked at tools/nanospam/src/app.rs:330:63:
called `Result::unwrap()` on an `Err` value: Os { code: 32, kind: BrokenPipe, message: "Broken pipe" }

thread 'tokio-rt-worker' (1219374) panicked at tools/nanospam/src/app.rs:330:63:
called `Result::unwrap()` on an `Err` value: Os { code: 32, kind: BrokenPipe, message: "Broken pipe" }

thread 'tokio-rt-worker' (1219374) panicked at tools/nanospam/src/app.rs:330:63:
called `Result::unwrap()` on an `Err` value: Os { code: 32, kind: BrokenPipe, message: "Broken pipe" }

thread 'tokio-rt-worker' (1221115) panicked at tools/nanospam/src/app.rs:330:63:
called `Result::unwrap()` on an `Err` value: Os { code: 32, kind: BrokenPipe, message: "Broken pipe" }

thread 'tokio-rt-worker' (1220925) panicked at tools/nanospam/src/app.rs:330:63:
called `Result::unwrap()` on an `Err` value: Os { code: 32, kind: BrokenPipe, message: "Broken pipe" }

thread 'tokio-rt-worker' (1219375) panicked at tools/nanospam/src/app.rs:330:63:
called `Result::unwrap()` on an `Err` value: Os { code: 32, kind: BrokenPipe, message: "Broken pipe" }

thread 'tokio-rt-worker' (1219374) panicked at tools/nanospam/src/app.rs:330:63:
called `Result::unwrap()` on an `Err` value: Os { code: 32, kind: BrokenPipe, message: "Broken pipe" }

thread 'tokio-rt-worker' (1219374) panicked at tools/nanospam/src/app.rs:330:63:
called `Result::unwrap()` on an `Err` value: Os { code: 32, kind: BrokenPipe, message: "Broken pipe" }

thread 'tokio-rt-worker' (1220925) panicked at tools/nanospam/src/app.rs:330:63:
called `Result::unwrap()` on an `Err` value: Os { code: 32, kind: BrokenPipe, message: "Broken pipe" }

thread 'tokio-rt-worker' (1221115) panicked at tools/nanospam/src/app.rs:330:63:
called `Result::unwrap()` on an `Err` value: Os { code: 32, kind: BrokenPipe, message: "Broken pipe" }

thread 'tokio-rt-worker' (1219375) panicked at tools/nanospam/src/app.rs:330:63:
called `Result::unwrap()` on an `Err` value: Os { code: 32, kind: BrokenPipe, message: "Broken pipe" }

thread 'tokio-rt-worker' (1219374) panicked at tools/nanospam/src/app.rs:330:63:
called `Result::unwrap()` on an `Err` value: Os { code: 32, kind: BrokenPipe, message: "Broken pipe" }

thread 'tokio-rt-worker' (1219374) panicked at tools/nanospam/src/app.rs:330:63:
called `Result::unwrap()` on an `Err` value: Os { code: 32, kind: BrokenPipe, message: "Broken pipe" }

thread 'tokio-rt-worker' (1219375) panicked at tools/nanospam/src/app.rs:330:63:
called `Result::unwrap()` on an `Err` value: Os { code: 32, kind: BrokenPipe, message: "Broken pipe" }

thread 'tokio-rt-worker' (1221115) panicked at tools/nanospam/src/app.rs:330:63:
called `Result::unwrap()` on an `Err` value: Os { code: 32, kind: BrokenPipe, message: "Broken pipe" }

thread 'tokio-rt-worker' (1220925) panicked at tools/nanospam/src/app.rs:330:63:
called `Result::unwrap()` on an `Err` value: Os { code: 32, kind: BrokenPipe, message: "Broken pipe" }

thread 'tokio-rt-worker' (1219374) panicked at tools/nanospam/src/app.rs:330:63:
called `Result::unwrap()` on an `Err` value: Os { code: 32, kind: BrokenPipe, message: "Broken pipe" }

thread 'tokio-rt-worker' (1219374) panicked at tools/nanospam/src/app.rs:330:63:
called `Result::unwrap()` on an `Err` value: Os { code: 32, kind: BrokenPipe, message: "Broken pipe" }

thread 'tokio-rt-worker' (1220925) panicked at tools/nanospam/src/app.rs:330:63:
called `Result::unwrap()` on an `Err` value: Os { code: 32, kind: BrokenPipe, message: "Broken pipe" }

thread 'tokio-rt-worker' (1221115) panicked at tools/nanospam/src/app.rs:330:63:
called `Result::unwrap()` on an `Err` value: Os { code: 32, kind: BrokenPipe, message: "Broken pipe" }

thread 'tokio-rt-worker' (1219375) panicked at tools/nanospam/src/app.rs:330:63:
called `Result::unwrap()` on an `Err` value: Os { code: 32, kind: BrokenPipe, message: "Broken pipe" }

thread 'tokio-rt-worker' (1219374) panicked at tools/nanospam/src/app.rs:330:63:
called `Result::unwrap()` on an `Err` value: Os { code: 32, kind: BrokenPipe, message: "Broken pipe" }

thread 'tokio-rt-worker' (1219374) panicked at tools/nanospam/src/app.rs:330:63:
called `Result::unwrap()` on an `Err` value: Os { code: 32, kind: BrokenPipe, message: "Broken pipe" }

thread 'tokio-rt-worker' (1219375) panicked at tools/nanospam/src/app.rs:330:63:
called `Result::unwrap()` on an `Err` value: Os { code: 32, kind: BrokenPipe, message: "Broken pipe" }

thread 'tokio-rt-worker' (1221115) panicked at tools/nanospam/src/app.rs:330:63:
called `Result::unwrap()` on an `Err` value: Os { code: 32, kind: BrokenPipe, message: "Broken pipe" }

thread 'tokio-rt-worker' (1220925) panicked at tools/nanospam/src/app.rs:330:63:
called `Result::unwrap()` on an `Err` value: Os { code: 32, kind: BrokenPipe, message: "Broken pipe" }

thread 'tokio-rt-worker' (1219374) panicked at tools/nanospam/src/app.rs:330:63:
called `Result::unwrap()` on an `Err` value: Os { code: 32, kind: BrokenPipe, message: "Broken pipe" }

thread 'tokio-rt-worker' (1219374) panicked at tools/nanospam/src/app.rs:330:63:
called `Result::unwrap()` on an `Err` value: Os { code: 32, kind: BrokenPipe, message: "Broken pipe" }

thread 'tokio-rt-worker' (1220925) panicked at tools/nanospam/src/app.rs:330:63:
called `Result::unwrap()` on an `Err` value: Os { code: 32, kind: BrokenPipe, message: "Broken pipe" }

thread 'tokio-rt-worker' (1221115) panicked at tools/nanospam/src/app.rs:330:63:
called `Result::unwrap()` on an `Err` value: Os { code: 32, kind: BrokenPipe, message: "Broken pipe" }

thread 'tokio-rt-worker' (1219375) panicked at tools/nanospam/src/app.rs:330:63:
called `Result::unwrap()` on an `Err` value: Os { code: 32, kind: BrokenPipe, message: "Broken pipe" }

thread 'tokio-rt-worker' (1219374) panicked at tools/nanospam/src/app.rs:330:63:
called `Result::unwrap()` on an `Err` value: Os { code: 32, kind: BrokenPipe, message: "Broken pipe" }

thread 'tokio-rt-worker' (1219375) panicked at tools/nanospam/src/app.rs:330:63:
called `Result::unwrap()` on an `Err` value: Os { code: 32, kind: BrokenPipe, message: "Broken pipe" }

thread 'tokio-rt-worker' (1219374) panicked at tools/nanospam/src/app.rs:330:63:
called `Result::unwrap()` on an `Err` value: Os { code: 32, kind: BrokenPipe, message: "Broken pipe" }

thread 'tokio-rt-worker' (1219375) panicked at tools/nanospam/src/app.rs:330:63:
called `Result::unwrap()` on an `Err` value: Os { code: 32, kind: BrokenPipe, message: "Broken pipe" }

thread 'tokio-rt-worker' (1219374) panicked at tools/nanospam/src/app.rs:330:63:
called `Result::unwrap()` on an `Err` value: Os { code: 32, kind: BrokenPipe, message: "Broken pipe" }

thread 'tokio-rt-worker' (1219375) panicked at tools/nanospam/src/app.rs:330:63:
called `Result::unwrap()` on an `Err` value: Os { code: 32, kind: BrokenPipe, message: "Broken pipe" }

thread 'tokio-rt-worker' (1221115) panicked at tools/nanospam/src/app.rs:330:63:
called `Result::unwrap()` on an `Err` value: Os { code: 32, kind: BrokenPipe, message: "Broken pipe" }

thread 'tokio-rt-worker' (1219375) panicked at tools/nanospam/src/app.rs:330:63:
called `Result::unwrap()` on an `Err` value: Os { code: 32, kind: BrokenPipe, message: "Broken pipe" }

thread 'tokio-rt-worker' (1220925) panicked at tools/nanospam/src/app.rs:330:63:
called `Result::unwrap()` on an `Err` value: Os { code: 32, kind: BrokenPipe, message: "Broken pipe" }

thread 'tokio-rt-worker' (1221115) panicked at tools/nanospam/src/app.rs:330:63:
called `Result::unwrap()` on an `Err` value: Os { code: 32, kind: BrokenPipe, message: "Broken pipe" }

thread 'tokio-rt-worker' (1219374) panicked at tools/nanospam/src/app.rs:330:63:
called `Result::unwrap()` on an `Err` value: Os { code: 32, kind: BrokenPipe, message: "Broken pipe" }

thread 'tokio-rt-worker' (1219374) panicked at tools/nanospam/src/app.rs:330:63:
called `Result::unwrap()` on an `Err` value: Os { code: 32, kind: BrokenPipe, message: "Broken pipe" }

thread 'tokio-rt-worker' (1221115) panicked at tools/nanospam/src/app.rs:330:63:
called `Result::unwrap()` on an `Err` value: Os { code: 32, kind: BrokenPipe, message: "Broken pipe" }

thread 'tokio-rt-worker' (1220925) panicked at tools/nanospam/src/app.rs:330:63:
called `Result::unwrap()` on an `Err` value: Os { code: 32, kind: BrokenPipe, message: "Broken pipe" }

thread 'tokio-rt-worker' (1219374) panicked at tools/nanospam/src/app.rs:330:63:
called `Result::unwrap()` on an `Err` value: Os { code: 32, kind: BrokenPipe, message: "Broken pipe" }

thread 'tokio-rt-worker' (1221115) panicked at tools/nanospam/src/app.rs:330:63:
called `Result::unwrap()` on an `Err` value: Os { code: 32, kind: BrokenPipe, message: "Broken pipe" }

thread 'tokio-rt-worker' (1221115) panicked at tools/nanospam/src/app.rs:330:63:
called `Result::unwrap()` on an `Err` value: Os { code: 32, kind: BrokenPipe, message: "Broken pipe" }

thread 'tokio-rt-worker' (1219374) panicked at tools/nanospam/src/app.rs:330:63:
called `Result::unwrap()` on an `Err` value: Os { code: 32, kind: BrokenPipe, message: "Broken pipe" }

thread 'tokio-rt-worker' (1219375) panicked at tools/nanospam/src/app.rs:330:63:
called `Result::unwrap()` on an `Err` value: Os { code: 32, kind: BrokenPipe, message: "Broken pipe" }

thread 'tokio-rt-worker' (1221115) panicked at tools/nanospam/src/app.rs:330:63:
called `Result::unwrap()` on an `Err` value: Os { code: 32, kind: BrokenPipe, message: "Broken pipe" }

thread 'tokio-rt-worker' (1219374) panicked at tools/nanospam/src/app.rs:330:63:
called `Result::unwrap()` on an `Err` value: Os { code: 32, kind: BrokenPipe, message: "Broken pipe" }

thread 'tokio-rt-worker' (1219374) panicked at tools/nanospam/src/app.rs:330:63:
called `Result::unwrap()` on an `Err` value: Os { code: 32, kind: BrokenPipe, message: "Broken pipe" }

thread 'tokio-rt-worker' (1221115) panicked at tools/nanospam/src/app.rs:330:63:
called `Result::unwrap()` on an `Err` value: Os { code: 32, kind: BrokenPipe, message: "Broken pipe" }

thread 'tokio-rt-worker' (1220925) panicked at tools/nanospam/src/app.rs:330:63:
called `Result::unwrap()` on an `Err` value: Os { code: 32, kind: BrokenPipe, message: "Broken pipe" }

thread 'tokio-rt-worker' (1219374) panicked at tools/nanospam/src/app.rs:330:63:
called `Result::unwrap()` on an `Err` value: Os { code: 32, kind: BrokenPipe, message: "Broken pipe" }

thread 'tokio-rt-worker' (1219375) panicked at tools/nanospam/src/app.rs:330:63:
called `Result::unwrap()` on an `Err` value: Os { code: 32, kind: BrokenPipe, message: "Broken pipe" }

thread 'tokio-rt-worker' (1219375) panicked at tools/nanospam/src/app.rs:330:63:
called `Result::unwrap()` on an `Err` value: Os { code: 32, kind: BrokenPipe, message: "Broken pipe" }

thread 'tokio-rt-worker' (1219374) panicked at tools/nanospam/src/app.rs:330:63:
called `Result::unwrap()` on an `Err` value: Os { code: 32, kind: BrokenPipe, message: "Broken pipe" }

thread 'tokio-rt-worker' (1220925) panicked at tools/nanospam/src/app.rs:330:63:
called `Result::unwrap()` on an `Err` value: Os { code: 32, kind: BrokenPipe, message: "Broken pipe" }

thread 'tokio-rt-worker' (1221115) panicked at tools/nanospam/src/app.rs:330:63:
called `Result::unwrap()` on an `Err` value: Os { code: 32, kind: BrokenPipe, message: "Broken pipe" }

thread 'tokio-rt-worker' (1219375) panicked at tools/nanospam/src/app.rs:330:63:
called `Result::unwrap()` on an `Err` value: Os { code: 32, kind: BrokenPipe, message: "Broken pipe" }

thread 'tokio-rt-worker' (1219375) panicked at tools/nanospam/src/app.rs:330:63:
called `Result::unwrap()` on an `Err` value: Os { code: 32, kind: BrokenPipe, message: "Broken pipe" }

thread 'tokio-rt-worker' (1221115) panicked at tools/nanospam/src/app.rs:330:63:
called `Result::unwrap()` on an `Err` value: Os { code: 32, kind: BrokenPipe, message: "Broken pipe" }

thread 'tokio-rt-worker' (1220925) panicked at tools/nanospam/src/app.rs:330:63:
called `Result::unwrap()` on an `Err` value: Os { code: 32, kind: BrokenPipe, message: "Broken pipe" }

thread 'tokio-rt-worker' (1219374) panicked at tools/nanospam/src/app.rs:330:63:
called `Result::unwrap()` on an `Err` value: Os { code: 32, kind: BrokenPipe, message: "Broken pipe" }

thread 'tokio-rt-worker' (1219375) panicked at tools/nanospam/src/app.rs:330:63:
called `Result::unwrap()` on an `Err` value: Os { code: 32, kind: BrokenPipe, message: "Broken pipe" }

thread 'tokio-rt-worker' (1220925) panicked at tools/nanospam/src/app.rs:330:63:
called `Result::unwrap()` on an `Err` value: Os { code: 32, kind: BrokenPipe, message: "Broken pipe" }

thread 'tokio-rt-worker' (1219374) panicked at tools/nanospam/src/app.rs:330:63:
called `Result::unwrap()` on an `Err` value: Os { code: 32, kind: BrokenPipe, message: "Broken pipe" }

thread 'tokio-rt-worker' (1219373) panicked at tools/nanospam/src/app.rs:330:63:
called `Result::unwrap()` on an `Err` value: Os { code: 32, kind: BrokenPipe, message: "Broken pipe" }

thread 'tokio-rt-worker' (1219375) panicked at tools/nanospam/src/app.rs:330:63:
called `Result::unwrap()` on an `Err` value: Os { code: 32, kind: BrokenPipe, message: "Broken pipe" }

thread 'tokio-rt-worker' (1220925) panicked at tools/nanospam/src/app.rs:330:63:
called `Result::unwrap()` on an `Err` value: Os { code: 32, kind: BrokenPipe, message: "Broken pipe" }

thread 'tokio-rt-worker' (1220925) panicked at tools/nanospam/src/app.rs:330:63:
called `Result::unwrap()` on an `Err` value: Os { code: 32, kind: BrokenPipe, message: "Broken pipe" }

thread 'tokio-rt-worker' (1219373) panicked at tools/nanospam/src/app.rs:330:63:
called `Result::unwrap()` on an `Err` value: Os { code: 32, kind: BrokenPipe, message: "Broken pipe" }

thread 'tokio-rt-worker' (1219374) panicked at tools/nanospam/src/app.rs:330:63:
called `Result::unwrap()` on an `Err` value: Os { code: 32, kind: BrokenPipe, message: "Broken pipe" }

thread 'tokio-rt-worker' (1219375) panicked at tools/nanospam/src/app.rs:330:63:
called `Result::unwrap()` on an `Err` value: Os { code: 32, kind: BrokenPipe, message: "Broken pipe" }

thread 'tokio-rt-worker' (1220925) panicked at tools/nanospam/src/app.rs:330:63:
called `Result::unwrap()` on an `Err` value: Os { code: 32, kind: BrokenPipe, message: "Broken pipe" }

thread 'tokio-rt-worker' (1220925) panicked at tools/nanospam/src/app.rs:330:63:
called `Result::unwrap()` on an `Err` value: Os { code: 32, kind: BrokenPipe, message: "Broken pipe" }

thread 'tokio-rt-worker' (1219375) panicked at tools/nanospam/src/app.rs:330:63:
called `Result::unwrap()` on an `Err` value: Os { code: 32, kind: BrokenPipe, message: "Broken pipe" }

thread 'tokio-rt-worker' (1219374) panicked at tools/nanospam/src/app.rs:330:63:
called `Result::unwrap()` on an `Err` value: Os { code: 32, kind: BrokenPipe, message: "Broken pipe" }

thread 'tokio-rt-worker' (1219373) panicked at tools/nanospam/src/app.rs:330:63:
called `Result::unwrap()` on an `Err` value: Os { code: 32, kind: BrokenPipe, message: "Broken pipe" }

thread 'tokio-rt-worker' (1220925) panicked at tools/nanospam/src/app.rs:330:63:
called `Result::unwrap()` on an `Err` value: Os { code: 32, kind: BrokenPipe, message: "Broken pipe" }

thread 'tokio-rt-worker' (1220925) panicked at tools/nanospam/src/app.rs:330:63:
called `Result::unwrap()` on an `Err` value: Os { code: 32, kind: BrokenPipe, message: "Broken pipe" }

thread 'tokio-rt-worker' (1219374) panicked at tools/nanospam/src/app.rs:330:63:
called `Result::unwrap()` on an `Err` value: Os { code: 32, kind: BrokenPipe, message: "Broken pipe" }

thread 'tokio-rt-worker' (1219375) panicked at tools/nanospam/src/app.rs:330:63:
called `Result::unwrap()` on an `Err` value: Os { code: 32, kind: BrokenPipe, message: "Broken pipe" }

thread 'tokio-rt-worker' (1219373) panicked at tools/nanospam/src/app.rs:330:63:
called `Result::unwrap()` on an `Err` value: Os { code: 32, kind: BrokenPipe, message: "Broken pipe" }

thread 'tokio-rt-worker' (1220925) panicked at tools/nanospam/src/app.rs:330:63:
called `Result::unwrap()` on an `Err` value: Os { code: 32, kind: BrokenPipe, message: "Broken pipe" }

thread 'tokio-rt-worker' (1220925) panicked at tools/nanospam/src/app.rs:330:63:
called `Result::unwrap()` on an `Err` value: Os { code: 32, kind: BrokenPipe, message: "Broken pipe" }

thread 'tokio-rt-worker' (1219373) panicked at tools/nanospam/src/app.rs:330:63:
called `Result::unwrap()` on an `Err` value: Os { code: 32, kind: BrokenPipe, message: "Broken pipe" }

thread 'tokio-rt-worker' (1219375) panicked at tools/nanospam/src/app.rs:330:63:
called `Result::unwrap()` on an `Err` value: Os { code: 32, kind: BrokenPipe, message: "Broken pipe" }

thread 'tokio-rt-worker' (1219374) panicked at tools/nanospam/src/app.rs:330:63:
called `Result::unwrap()` on an `Err` value: Os { code: 32, kind: BrokenPipe, message: "Broken pipe" }

thread 'tokio-rt-worker' (1220925) panicked at tools/nanospam/src/app.rs:330:63:
called `Result::unwrap()` on an `Err` value: Os { code: 32, kind: BrokenPipe, message: "Broken pipe" }

thread 'tokio-rt-worker' (1220925) panicked at tools/nanospam/src/app.rs:330:63:
called `Result::unwrap()` on an `Err` value: Os { code: 32, kind: BrokenPipe, message: "Broken pipe" }

thread 'tokio-rt-worker' (1219374) panicked at tools/nanospam/src/app.rs:330:63:
called `Result::unwrap()` on an `Err` value: Os { code: 32, kind: BrokenPipe, message: "Broken pipe" }

thread 'tokio-rt-worker' (1219373) panicked at tools/nanospam/src/app.rs:330:63:
called `Result::unwrap()` on an `Err` value: Os { code: 32, kind: BrokenPipe, message: "Broken pipe" }

thread 'tokio-rt-worker' (1219375) panicked at tools/nanospam/src/app.rs:330:63:
called `Result::unwrap()` on an `Err` value: Os { code: 32, kind: BrokenPipe, message: "Broken pipe" }

thread 'tokio-rt-worker' (1220925) panicked at tools/nanospam/src/app.rs:330:63:
called `Result::unwrap()` on an `Err` value: Os { code: 32, kind: BrokenPipe, message: "Broken pipe" }

thread 'tokio-rt-worker' (1220925) panicked at tools/nanospam/src/app.rs:330:63:
called `Result::unwrap()` on an `Err` value: Os { code: 32, kind: BrokenPipe, message: "Broken pipe" }

thread 'tokio-rt-worker' (1219375) panicked at tools/nanospam/src/app.rs:330:63:
called `Result::unwrap()` on an `Err` value: Os { code: 32, kind: BrokenPipe, message: "Broken pipe" }

thread 'tokio-rt-worker' (1219374) panicked at tools/nanospam/src/app.rs:330:63:
called `Result::unwrap()` on an `Err` value: Os { code: 32, kind: BrokenPipe, message: "Broken pipe" }

thread 'tokio-rt-worker' (1219373) panicked at tools/nanospam/src/app.rs:330:63:
called `Result::unwrap()` on an `Err` value: Os { code: 32, kind: BrokenPipe, message: "Broken pipe" }

thread 'tokio-rt-worker' (1220925) panicked at tools/nanospam/src/app.rs:330:63:
called `Result::unwrap()` on an `Err` value: Os { code: 32, kind: BrokenPipe, message: "Broken pipe" }

thread 'tokio-rt-worker' (1220925) panicked at tools/nanospam/src/app.rs:330:63:
called `Result::unwrap()` on an `Err` value: Os { code: 32, kind: BrokenPipe, message: "Broken pipe" }

thread 'tokio-rt-worker' (1219373) panicked at tools/nanospam/src/app.rs:330:63:
called `Result::unwrap()` on an `Err` value: Os { code: 32, kind: BrokenPipe, message: "Broken pipe" }

thread 'tokio-rt-worker' (1219375) panicked at tools/nanospam/src/app.rs:330:63:
called `Result::unwrap()` on an `Err` value: Os { code: 32, kind: BrokenPipe, message: "Broken pipe" }

thread 'tokio-rt-worker' (1220925) panicked at tools/nanospam/src/app.rs:330:63:
called `Result::unwrap()` on an `Err` value: Os { code: 32, kind: BrokenPipe, message: "Broken pipe" }

thread 'tokio-rt-worker' (1219374) panicked at tools/nanospam/src/app.rs:330:63:
called `Result::unwrap()` on an `Err` value: Os { code: 32, kind: BrokenPipe, message: "Broken pipe" }

thread 'tokio-rt-worker' (1219374) panicked at tools/nanospam/src/app.rs:330:63:
called `Result::unwrap()` on an `Err` value: Os { code: 32, kind: BrokenPipe, message: "Broken pipe" }

thread 'tokio-rt-worker' (1220925) panicked at tools/nanospam/src/app.rs:330:63:
called `Result::unwrap()` on an `Err` value: Os { code: 32, kind: BrokenPipe, message: "Broken pipe" }

thread 'tokio-rt-worker' (1219375) panicked at tools/nanospam/src/app.rs:330:63:
called `Result::unwrap()` on an `Err` value: Os { code: 32, kind: BrokenPipe, message: "Broken pipe" }

thread 'tokio-rt-worker' (1219373) panicked at tools/nanospam/src/app.rs:330:63:
called `Result::unwrap()` on an `Err` value: Os { code: 32, kind: BrokenPipe, message: "Broken pipe" }

thread 'tokio-rt-worker' (1219374) panicked at tools/nanospam/src/app.rs:330:63:
called `Result::unwrap()` on an `Err` value: Os { code: 32, kind: BrokenPipe, message: "Broken pipe" }

thread 'tokio-rt-worker' (1219374) panicked at tools/nanospam/src/app.rs:330:63:
called `Result::unwrap()` on an `Err` value: Os { code: 32, kind: BrokenPipe, message: "Broken pipe" }

thread 'tokio-rt-worker' (1219373) panicked at tools/nanospam/src/app.rs:330:63:
called `Result::unwrap()` on an `Err` value: Os { code: 32, kind: BrokenPipe, message: "Broken pipe" }

thread 'tokio-rt-worker' (1219375) panicked at tools/nanospam/src/app.rs:330:63:
called `Result::unwrap()` on an `Err` value: Os { code: 32, kind: BrokenPipe, message: "Broken pipe" }

thread 'tokio-rt-worker' (1219374) panicked at tools/nanospam/src/app.rs:330:63:
called `Result::unwrap()` on an `Err` value: Os { code: 32, kind: BrokenPipe, message: "Broken pipe" }

thread 'tokio-rt-worker' (1220925) panicked at tools/nanospam/src/app.rs:330:63:
called `Result::unwrap()` on an `Err` value: Os { code: 32, kind: BrokenPipe, message: "Broken pipe" }

thread 'tokio-rt-worker' (1220925) panicked at tools/nanospam/src/app.rs:330:63:
called `Result::unwrap()` on an `Err` value: Os { code: 32, kind: BrokenPipe, message: "Broken pipe" }

thread 'tokio-rt-worker' (1219374) panicked at tools/nanospam/src/app.rs:330:63:
called `Result::unwrap()` on an `Err` value: Os { code: 32, kind: BrokenPipe, message: "Broken pipe" }

thread 'tokio-rt-worker' (1219375) panicked at tools/nanospam/src/app.rs:330:63:
called `Result::unwrap()` on an `Err` value: Os { code: 32, kind: BrokenPipe, message: "Broken pipe" }

thread 'tokio-rt-worker' (1220925) panicked at tools/nanospam/src/app.rs:330:63:
called `Result::unwrap()` on an `Err` value: Os { code: 32, kind: BrokenPipe, message: "Broken pipe" }

thread 'tokio-rt-worker' (1219373) panicked at tools/nanospam/src/app.rs:330:63:
called `Result::unwrap()` on an `Err` value: Os { code: 32, kind: BrokenPipe, message: "Broken pipe" }

thread 'tokio-rt-worker' (1219373) panicked at tools/nanospam/src/app.rs:330:63:
called `Result::unwrap()` on an `Err` value: Os { code: 32, kind: BrokenPipe, message: "Broken pipe" }

thread 'tokio-rt-worker' (1220925) panicked at tools/nanospam/src/app.rs:330:63:
called `Result::unwrap()` on an `Err` value: Os { code: 32, kind: BrokenPipe, message: "Broken pipe" }

thread 'tokio-rt-worker' (1219374) panicked at tools/nanospam/src/app.rs:330:63:
called `Result::unwrap()` on an `Err` value: Os { code: 32, kind: BrokenPipe, message: "Broken pipe" }

thread 'tokio-rt-worker' (1219373) panicked at tools/nanospam/src/app.rs:330:63:
called `Result::unwrap()` on an `Err` value: Os { code: 32, kind: BrokenPipe, message: "Broken pipe" }

thread 'tokio-rt-worker' (1219375) panicked at tools/nanospam/src/app.rs:330:63:
called `Result::unwrap()` on an `Err` value: Os { code: 32, kind: BrokenPipe, message: "Broken pipe" }

thread 'tokio-rt-worker' (1219375) panicked at tools/nanospam/src/app.rs:330:63:
called `Result::unwrap()` on an `Err` value: Os { code: 32, kind: BrokenPipe, message: "Broken pipe" }

thread 'tokio-rt-worker' (1219373) panicked at tools/nanospam/src/app.rs:330:63:
called `Result::unwrap()` on an `Err` value: Os { code: 32, kind: BrokenPipe, message: "Broken pipe" }

thread 'tokio-rt-worker' (1220925) panicked at tools/nanospam/src/app.rs:330:63:
called `Result::unwrap()` on an `Err` value: Os { code: 32, kind: BrokenPipe, message: "Broken pipe" }

thread 'tokio-rt-worker' (1219374) panicked at tools/nanospam/src/app.rs:330:63:
called `Result::unwrap()` on an `Err` value: Os { code: 32, kind: BrokenPipe, message: "Broken pipe" }

thread 'tokio-rt-worker' (1219375) panicked at tools/nanospam/src/app.rs:330:63:
called `Result::unwrap()` on an `Err` value: Os { code: 32, kind: BrokenPipe, message: "Broken pipe" }

thread 'tokio-rt-worker' (1219375) panicked at tools/nanospam/src/app.rs:330:63:
called `Result::unwrap()` on an `Err` value: Os { code: 32, kind: BrokenPipe, message: "Broken pipe" }

thread 'tokio-rt-worker' (1219374) panicked at tools/nanospam/src/app.rs:330:63:
called `Result::unwrap()` on an `Err` value: Os { code: 32, kind: BrokenPipe, message: "Broken pipe" }

thread 'tokio-rt-worker' (1220925) panicked at tools/nanospam/src/app.rs:330:63:
called `Result::unwrap()` on an `Err` value: Os { code: 32, kind: BrokenPipe, message: "Broken pipe" }

thread 'tokio-rt-worker' (1219373) panicked at tools/nanospam/src/app.rs:330:63:
called `Result::unwrap()` on an `Err` value: Os { code: 32, kind: BrokenPipe, message: "Broken pipe" }

thread 'tokio-rt-worker' (1219375) panicked at tools/nanospam/src/app.rs:330:63:
called `Result::unwrap()` on an `Err` value: Os { code: 32, kind: BrokenPipe, message: "Broken pipe" }

thread 'tokio-rt-worker' (1220925) panicked at tools/nanospam/src/app.rs:330:63:
called `Result::unwrap()` on an `Err` value: Os { code: 32, kind: BrokenPipe, message: "Broken pipe" }

thread 'tokio-rt-worker' (1219373) panicked at tools/nanospam/src/app.rs:330:63:
called `Result::unwrap()` on an `Err` value: Os { code: 32, kind: BrokenPipe, message: "Broken pipe" }

thread 'tokio-rt-worker' (1219374) panicked at tools/nanospam/src/app.rs:330:63:
called `Result::unwrap()` on an `Err` value: Os { code: 32, kind: BrokenPipe, message: "Broken pipe" }

thread 'tokio-rt-worker' (1220925) panicked at tools/nanospam/src/app.rs:330:63:
called `Result::unwrap()` on an `Err` value: Os { code: 32, kind: BrokenPipe, message: "Broken pipe" }

thread 'tokio-rt-worker' (1219375) panicked at tools/nanospam/src/app.rs:330:63:
called `Result::unwrap()` on an `Err` value: Os { code: 32, kind: BrokenPipe, message: "Broken pipe" }

thread 'tokio-rt-worker' (1219375) panicked at tools/nanospam/src/app.rs:330:63:
called `Result::unwrap()` on an `Err` value: Os { code: 32, kind: BrokenPipe, message: "Broken pipe" }

thread 'tokio-rt-worker' (1220925) panicked at tools/nanospam/src/app.rs:330:63:
called `Result::unwrap()` on an `Err` value: Os { code: 32, kind: BrokenPipe, message: "Broken pipe" }

thread 'tokio-rt-worker' (1219374) panicked at tools/nanospam/src/app.rs:330:63:
called `Result::unwrap()` on an `Err` value: Os { code: 32, kind: BrokenPipe, message: "Broken pipe" }

thread 'tokio-rt-worker' (1219373) panicked at tools/nanospam/src/app.rs:330:63:
called `Result::unwrap()` on an `Err` value: Os { code: 32, kind: BrokenPipe, message: "Broken pipe" }

thread 'tokio-rt-worker' (1219375) panicked at tools/nanospam/src/app.rs:330:63:
called `Result::unwrap()` on an `Err` value: Os { code: 32, kind: BrokenPipe, message: "Broken pipe" }

thread 'tokio-rt-worker' (1219375) panicked at tools/nanospam/src/app.rs:330:63:
called `Result::unwrap()` on an `Err` value: Os { code: 32, kind: BrokenPipe, message: "Broken pipe" }

thread 'tokio-rt-worker' (1219373) panicked at tools/nanospam/src/app.rs:330:63:
called `Result::unwrap()` on an `Err` value: Os { code: 32, kind: BrokenPipe, message: "Broken pipe" }

thread 'tokio-rt-worker' (1219374) panicked at tools/nanospam/src/app.rs:330:63:
called `Result::unwrap()` on an `Err` value: Os { code: 32, kind: BrokenPipe, message: "Broken pipe" }

thread 'tokio-rt-worker' (1220925) panicked at tools/nanospam/src/app.rs:330:63:
called `Result::unwrap()` on an `Err` value: Os { code: 32, kind: BrokenPipe, message: "Broken pipe" }

thread 'tokio-rt-worker' (1219375) panicked at tools/nanospam/src/app.rs:330:63:
called `Result::unwrap()` on an `Err` value: Os { code: 32, kind: BrokenPipe, message: "Broken pipe" }

thread 'tokio-rt-worker' (1219375) panicked at tools/nanospam/src/app.rs:330:63:
called `Result::unwrap()` on an `Err` value: Os { code: 32, kind: BrokenPipe, message: "Broken pipe" }

thread 'tokio-rt-worker' (1220925) panicked at tools/nanospam/src/app.rs:330:63:
called `Result::unwrap()` on an `Err` value: Os { code: 32, kind: BrokenPipe, message: "Broken pipe" }

thread 'tokio-rt-worker' (1219374) panicked at tools/nanospam/src/app.rs:330:63:
called `Result::unwrap()` on an `Err` value: Os { code: 32, kind: BrokenPipe, message: "Broken pipe" }

thread 'tokio-rt-worker' (1219373) panicked at tools/nanospam/src/app.rs:330:63:
called `Result::unwrap()` on an `Err` value: Os { code: 32, kind: BrokenPipe, message: "Broken pipe" }

thread 'tokio-rt-worker' (1219375) panicked at tools/nanospam/src/app.rs:330:63:
called `Result::unwrap()` on an `Err` value: Os { code: 32, kind: BrokenPipe, message: "Broken pipe" }

thread 'tokio-rt-worker' (1219375) panicked at tools/nanospam/src/app.rs:330:63:
called `Result::unwrap()` on an `Err` value: Os { code: 32, kind: BrokenPipe, message: "Broken pipe" }

thread 'tokio-rt-worker' (1219373) panicked at tools/nanospam/src/app.rs:330:63:
called `Result::unwrap()` on an `Err` value: Os { code: 32, kind: BrokenPipe, message: "Broken pipe" }

thread 'tokio-rt-worker' (1219374) panicked at tools/nanospam/src/app.rs:330:63:
called `Result::unwrap()` on an `Err` value: Os { code: 32, kind: BrokenPipe, message: "Broken pipe" }

thread 'tokio-rt-worker' (1220925) panicked at tools/nanospam/src/app.rs:330:63:
called `Result::unwrap()` on an `Err` value: Os { code: 32, kind: BrokenPipe, message: "Broken pipe" }

thread 'tokio-rt-worker' (1219375) panicked at tools/nanospam/src/app.rs:330:63:
called `Result::unwrap()` on an `Err` value: Os { code: 32, kind: BrokenPipe, message: "Broken pipe" }

thread 'tokio-rt-worker' (1219375) panicked at tools/nanospam/src/app.rs:330:63:
called `Result::unwrap()` on an `Err` value: Os { code: 32, kind: BrokenPipe, message: "Broken pipe" }

thread 'tokio-rt-worker' (1220925) panicked at tools/nanospam/src/app.rs:330:63:
called `Result::unwrap()` on an `Err` value: Os { code: 32, kind: BrokenPipe, message: "Broken pipe" }

thread 'tokio-rt-worker' (1219373) panicked at tools/nanospam/src/app.rs:330:63:
called `Result::unwrap()` on an `Err` value: Os { code: 32, kind: BrokenPipe, message: "Broken pipe" }

thread 'tokio-rt-worker' (1219374) panicked at tools/nanospam/src/app.rs:330:63:
called `Result::unwrap()` on an `Err` value: Os { code: 32, kind: BrokenPipe, message: "Broken pipe" }

thread 'tokio-rt-worker' (1219375) panicked at tools/nanospam/src/app.rs:330:63:
called `Result::unwrap()` on an `Err` value: Os { code: 32, kind: BrokenPipe, message: "Broken pipe" }

thread 'tokio-rt-worker' (1219375) panicked at tools/nanospam/src/app.rs:330:63:
called `Result::unwrap()` on an `Err` value: Os { code: 32, kind: BrokenPipe, message: "Broken pipe" }

thread 'tokio-rt-worker' (1219374) panicked at tools/nanospam/src/app.rs:330:63:
called `Result::unwrap()` on an `Err` value: Os { code: 32, kind: BrokenPipe, message: "Broken pipe" }

thread 'tokio-rt-worker' (1219373) panicked at tools/nanospam/src/app.rs:330:63:
called `Result::unwrap()` on an `Err` value: Os { code: 32, kind: BrokenPipe, message: "Broken pipe" }

thread 'tokio-rt-worker' (1220925) panicked at tools/nanospam/src/app.rs:330:63:
called `Result::unwrap()` on an `Err` value: Os { code: 32, kind: BrokenPipe, message: "Broken pipe" }

thread 'tokio-rt-worker' (1219375) panicked at tools/nanospam/src/app.rs:330:63:
called `Result::unwrap()` on an `Err` value: Os { code: 32, kind: BrokenPipe, message: "Broken pipe" }

thread 'tokio-rt-worker' (1219375) panicked at tools/nanospam/src/app.rs:330:63:
called `Result::unwrap()` on an `Err` value: Os { code: 32, kind: BrokenPipe, message: "Broken pipe" }

thread 'tokio-rt-worker' (1219373) panicked at tools/nanospam/src/app.rs:330:63:
called `Result::unwrap()` on an `Err` value: Os { code: 32, kind: BrokenPipe, message: "Broken pipe" }

thread 'tokio-rt-worker' (1220925) panicked at tools/nanospam/src/app.rs:330:63:
called `Result::unwrap()` on an `Err` value: Os { code: 32, kind: BrokenPipe, message: "Broken pipe" }

thread 'tokio-rt-worker' (1219374) panicked at tools/nanospam/src/app.rs:330:63:
called `Result::unwrap()` on an `Err` value: Os { code: 32, kind: BrokenPipe, message: "Broken pipe" }

thread 'tokio-rt-worker' (1219375) panicked at tools/nanospam/src/app.rs:330:63:
called `Result::unwrap()` on an `Err` value: Os { code: 32, kind: BrokenPipe, message: "Broken pipe" }

thread 'tokio-rt-worker' (1219375) panicked at tools/nanospam/src/app.rs:330:63:
called `Result::unwrap()` on an `Err` value: Os { code: 32, kind: BrokenPipe, message: "Broken pipe" }

thread 'tokio-rt-worker' (1219374) panicked at tools/nanospam/src/app.rs:330:63:
called `Result::unwrap()` on an `Err` value: Os { code: 32, kind: BrokenPipe, message: "Broken pipe" }

thread 'tokio-rt-worker' (1220925) panicked at tools/nanospam/src/app.rs:330:63:
called `Result::unwrap()` on an `Err` value: Os { code: 32, kind: BrokenPipe, message: "Broken pipe" }

thread 'tokio-rt-worker' (1219373) panicked at tools/nanospam/src/app.rs:330:63:
called `Result::unwrap()` on an `Err` value: Os { code: 32, kind: BrokenPipe, message: "Broken pipe" }

thread 'tokio-rt-worker' (1219375) panicked at tools/nanospam/src/app.rs:330:63:
called `Result::unwrap()` on an `Err` value: Os { code: 32, kind: BrokenPipe, message: "Broken pipe" }

thread 'tokio-rt-worker' (1219375) panicked at tools/nanospam/src/app.rs:330:63:
called `Result::unwrap()` on an `Err` value: Os { code: 32, kind: BrokenPipe, message: "Broken pipe" }

thread 'tokio-rt-worker' (1219373) panicked at tools/nanospam/src/app.rs:330:63:
called `Result::unwrap()` on an `Err` value: Os { code: 32, kind: BrokenPipe, message: "Broken pipe" }

thread 'tokio-rt-worker' (1220925) panicked at tools/nanospam/src/app.rs:330:63:
called `Result::unwrap()` on an `Err` value: Os { code: 32, kind: BrokenPipe, message: "Broken pipe" }

thread 'tokio-rt-worker' (1219374) panicked at tools/nanospam/src/app.rs:330:63:
called `Result::unwrap()` on an `Err` value: Os { code: 32, kind: BrokenPipe, message: "Broken pipe" }

thread 'tokio-rt-worker' (1219375) panicked at tools/nanospam/src/app.rs:330:63:
called `Result::unwrap()` on an `Err` value: Os { code: 32, kind: BrokenPipe, message: "Broken pipe" }

thread 'tokio-rt-worker' (1219375) panicked at tools/nanospam/src/app.rs:330:63:
called `Result::unwrap()` on an `Err` value: Os { code: 32, kind: BrokenPipe, message: "Broken pipe" }

thread 'tokio-rt-worker' (1219374) panicked at tools/nanospam/src/app.rs:330:63:
called `Result::unwrap()` on an `Err` value: Os { code: 32, kind: BrokenPipe, message: "Broken pipe" }

thread 'tokio-rt-worker' (1219375) panicked at tools/nanospam/src/app.rs:330:63:
called `Result::unwrap()` on an `Err` value: Os { code: 32, kind: BrokenPipe, message: "Broken pipe" }

thread 'tokio-rt-worker' (1219374) panicked at tools/nanospam/src/app.rs:330:63:
called `Result::unwrap()` on an `Err` value: Os { code: 32, kind: BrokenPipe, message: "Broken pipe" }

thread 'tokio-rt-worker' (1219375) panicked at tools/nanospam/src/app.rs:330:63:
called `Result::unwrap()` on an `Err` value: Os { code: 32, kind: BrokenPipe, message: "Broken pipe" }

thread 'tokio-rt-worker' (1219375) panicked at tools/nanospam/src/app.rs:330:63:
called `Result::unwrap()` on an `Err` value: Os { code: 32, kind: BrokenPipe, message: "Broken pipe" }

thread 'tokio-rt-worker' (1219374) panicked at tools/nanospam/src/app.rs:330:63:
called `Result::unwrap()` on an `Err` value: Os { code: 32, kind: BrokenPipe, message: "Broken pipe" }

thread 'tokio-rt-worker' (1219373) panicked at tools/nanospam/src/app.rs:330:63:
called `Result::unwrap()` on an `Err` value: Os { code: 32, kind: BrokenPipe, message: "Broken pipe" }

thread 'tokio-rt-worker' (1220925) panicked at tools/nanospam/src/app.rs:330:63:
called `Result::unwrap()` on an `Err` value: Os { code: 32, kind: BrokenPipe, message: "Broken pipe" }

thread 'tokio-rt-worker' (1219375) panicked at tools/nanospam/src/app.rs:330:63:
called `Result::unwrap()` on an `Err` value: Os { code: 32, kind: BrokenPipe, message: "Broken pipe" }

thread 'tokio-rt-worker' (1219375) panicked at tools/nanospam/src/app.rs:330:63:
called `Result::unwrap()` on an `Err` value: Os { code: 32, kind: BrokenPipe, message: "Broken pipe" }

thread 'tokio-rt-worker' (1220925) panicked at tools/nanospam/src/app.rs:330:63:
called `Result::unwrap()` on an `Err` value: Os { code: 32, kind: BrokenPipe, message: "Broken pipe" }

thread 'tokio-rt-worker' (1219374) panicked at tools/nanospam/src/app.rs:330:63:
called `Result::unwrap()` on an `Err` value: Os { code: 32, kind: BrokenPipe, message: "Broken pipe" }

thread 'tokio-rt-worker' (1219373) panicked at tools/nanospam/src/app.rs:330:63:
called `Result::unwrap()` on an `Err` value: Os { code: 32, kind: BrokenPipe, message: "Broken pipe" }

thread 'tokio-rt-worker' (1219375) panicked at tools/nanospam/src/app.rs:330:63:
called `Result::unwrap()` on an `Err` value: Os { code: 32, kind: BrokenPipe, message: "Broken pipe" }

thread 'tokio-rt-worker' (1219375) panicked at tools/nanospam/src/app.rs:330:63:
called `Result::unwrap()` on an `Err` value: Os { code: 32, kind: BrokenPipe, message: "Broken pipe" }

thread 'tokio-rt-worker' (1219373) panicked at tools/nanospam/src/app.rs:330:63:
called `Result::unwrap()` on an `Err` value: Os { code: 32, kind: BrokenPipe, message: "Broken pipe" }

thread 'tokio-rt-worker' (1220925) panicked at tools/nanospam/src/app.rs:330:63:
called `Result::unwrap()` on an `Err` value: Os { code: 32, kind: BrokenPipe, message: "Broken pipe" }

thread 'tokio-rt-worker' (1219375) panicked at tools/nanospam/src/app.rs:330:63:
called `Result::unwrap()` on an `Err` value: Os { code: 32, kind: BrokenPipe, message: "Broken pipe" }

thread 'tokio-rt-worker' (1219373) panicked at tools/nanospam/src/app.rs:330:63:
called `Result::unwrap()` on an `Err` value: Os { code: 32, kind: BrokenPipe, message: "Broken pipe" }

thread 'tokio-rt-worker' (1219373) panicked at tools/nanospam/src/app.rs:330:63:
called `Result::unwrap()` on an `Err` value: Os { code: 32, kind: BrokenPipe, message: "Broken pipe" }

thread 'tokio-rt-worker' (1219375) panicked at tools/nanospam/src/app.rs:330:63:
called `Result::unwrap()` on an `Err` value: Os { code: 32, kind: BrokenPipe, message: "Broken pipe" }

thread 'tokio-rt-worker' (1219374) panicked at tools/nanospam/src/app.rs:330:63:
called `Result::unwrap()` on an `Err` value: Os { code: 32, kind: BrokenPipe, message: "Broken pipe" }

thread 'tokio-rt-worker' (1219373) panicked at tools/nanospam/src/app.rs:330:63:
called `Result::unwrap()` on an `Err` value: Os { code: 32, kind: BrokenPipe, message: "Broken pipe" }

thread 'tokio-rt-worker' (1219375) panicked at tools/nanospam/src/app.rs:330:63:
called `Result::unwrap()` on an `Err` value: Os { code: 32, kind: BrokenPipe, message: "Broken pipe" }

thread 'tokio-rt-worker' (1219375) panicked at tools/nanospam/src/app.rs:330:63:
called `Result::unwrap()` on an `Err` value: Os { code: 32, kind: BrokenPipe, message: "Broken pipe" }

thread 'tokio-rt-worker' (1219373) panicked at tools/nanospam/src/app.rs:330:63:
called `Result::unwrap()` on an `Err` value: Os { code: 32, kind: BrokenPipe, message: "Broken pipe" }

thread 'tokio-rt-worker' (1220925) panicked at tools/nanospam/src/app.rs:330:63:
called `Result::unwrap()` on an `Err` value: Os { code: 32, kind: BrokenPipe, message: "Broken pipe" }

thread 'tokio-rt-worker' (1219375) panicked at tools/nanospam/src/app.rs:330:63:
called `Result::unwrap()` on an `Err` value: Os { code: 32, kind: BrokenPipe, message: "Broken pipe" }

thread 'tokio-rt-worker' (1219374) panicked at tools/nanospam/src/app.rs:330:63:
called `Result::unwrap()` on an `Err` value: Os { code: 32, kind: BrokenPipe, message: "Broken pipe" }

thread 'tokio-rt-worker' (1219374) panicked at tools/nanospam/src/app.rs:330:63:
called `Result::unwrap()` on an `Err` value: Os { code: 32, kind: BrokenPipe, message: "Broken pipe" }

thread 'tokio-rt-worker' (1220925) panicked at tools/nanospam/src/app.rs:330:63:
called `Result::unwrap()` on an `Err` value: Os { code: 32, kind: BrokenPipe, message: "Broken pipe" }

thread 'tokio-rt-worker' (1219375) panicked at tools/nanospam/src/app.rs:330:63:
called `Result::unwrap()` on an `Err` value: Os { code: 32, kind: BrokenPipe, message: "Broken pipe" }

thread 'tokio-rt-worker' (1219373) panicked at tools/nanospam/src/app.rs:330:63:
called `Result::unwrap()` on an `Err` value: Os { code: 32, kind: BrokenPipe, message: "Broken pipe" }

thread 'tokio-rt-worker' (1220925) panicked at tools/nanospam/src/app.rs:330:63:
called `Result::unwrap()` on an `Err` value: Os { code: 32, kind: BrokenPipe, message: "Broken pipe" }

thread 'tokio-rt-worker' (1220925) panicked at tools/nanospam/src/app.rs:330:63:
called `Result::unwrap()` on an `Err` value: Os { code: 32, kind: BrokenPipe, message: "Broken pipe" }

thread 'tokio-rt-worker' (1219373) panicked at tools/nanospam/src/app.rs:330:63:
called `Result::unwrap()` on an `Err` value: Os { code: 32, kind: BrokenPipe, message: "Broken pipe" }

thread 'tokio-rt-worker' (1219374) panicked at tools/nanospam/src/app.rs:330:63:
called `Result::unwrap()` on an `Err` value: Os { code: 32, kind: BrokenPipe, message: "Broken pipe" }

thread 'tokio-rt-worker' (1219375) panicked at tools/nanospam/src/app.rs:330:63:
called `Result::unwrap()` on an `Err` value: Os { code: 32, kind: BrokenPipe, message: "Broken pipe" }

thread 'tokio-rt-worker' (1220925) panicked at tools/nanospam/src/app.rs:330:63:
called `Result::unwrap()` on an `Err` value: Os { code: 32, kind: BrokenPipe, message: "Broken pipe" }

thread 'tokio-rt-worker' (1220925) panicked at tools/nanospam/src/app.rs:330:63:
called `Result::unwrap()` on an `Err` value: Os { code: 32, kind: BrokenPipe, message: "Broken pipe" }

thread 'tokio-rt-worker' (1219374) panicked at tools/nanospam/src/app.rs:330:63:
called `Result::unwrap()` on an `Err` value: Os { code: 32, kind: BrokenPipe, message: "Broken pipe" }

thread 'tokio-rt-worker' (1219373) panicked at tools/nanospam/src/app.rs:330:63:
called `Result::unwrap()` on an `Err` value: Os { code: 32, kind: BrokenPipe, message: "Broken pipe" }

thread 'tokio-rt-worker' (1219375) panicked at tools/nanospam/src/app.rs:330:63:
called `Result::unwrap()` on an `Err` value: Os { code: 32, kind: BrokenPipe, message: "Broken pipe" }

thread 'tokio-rt-worker' (1220925) panicked at tools/nanospam/src/app.rs:330:63:
called `Result::unwrap()` on an `Err` value: Os { code: 32, kind: BrokenPipe, message: "Broken pipe" }

thread 'tokio-rt-worker' (1220925) panicked at tools/nanospam/src/app.rs:330:63:
called `Result::unwrap()` on an `Err` value: Os { code: 32, kind: BrokenPipe, message: "Broken pipe" }

thread 'tokio-rt-worker' (1219375) panicked at tools/nanospam/src/app.rs:330:63:
called `Result::unwrap()` on an `Err` value: Os { code: 32, kind: BrokenPipe, message: "Broken pipe" }

thread 'tokio-rt-worker' (1219373) panicked at tools/nanospam/src/app.rs:330:63:
called `Result::unwrap()` on an `Err` value: Os { code: 32, kind: BrokenPipe, message: "Broken pipe" }

thread 'tokio-rt-worker' (1220925) panicked at tools/nanospam/src/app.rs:330:63:
called `Result::unwrap()` on an `Err` value: Os { code: 32, kind: BrokenPipe, message: "Broken pipe" }

thread 'tokio-rt-worker' (1219374) panicked at tools/nanospam/src/app.rs:330:63:
called `Result::unwrap()` on an `Err` value: Os { code: 32, kind: BrokenPipe, message: "Broken pipe" }

thread 'tokio-rt-worker' (1219374) panicked at tools/nanospam/src/app.rs:330:63:
called `Result::unwrap()` on an `Err` value: Os { code: 32, kind: BrokenPipe, message: "Broken pipe" }

thread 'tokio-rt-worker' (1220925) panicked at tools/nanospam/src/app.rs:330:63:
called `Result::unwrap()` on an `Err` value: Os { code: 32, kind: BrokenPipe, message: "Broken pipe" }

thread 'tokio-rt-worker' (1219373) panicked at tools/nanospam/src/app.rs:330:63:
called `Result::unwrap()` on an `Err` value: Os { code: 32, kind: BrokenPipe, message: "Broken pipe" }

thread 'tokio-rt-worker' (1219375) panicked at tools/nanospam/src/app.rs:330:63:
called `Result::unwrap()` on an `Err` value: Os { code: 32, kind: BrokenPipe, message: "Broken pipe" }

thread 'tokio-rt-worker' (1219374) panicked at tools/nanospam/src/app.rs:330:63:
called `Result::unwrap()` on an `Err` value: Os { code: 32, kind: BrokenPipe, message: "Broken pipe" }

thread 'tokio-rt-worker' (1219375) panicked at tools/nanospam/src/app.rs:330:63:
called `Result::unwrap()` on an `Err` value: Os { code: 32, kind: BrokenPipe, message: "Broken pipe" }

thread 'tokio-rt-worker' (1219376) panicked at tools/nanospam/src/app.rs:330:63:
called `Result::unwrap()` on an `Err` value: Os { code: 32, kind: BrokenPipe, message: "Broken pipe" }

thread 'tokio-rt-worker' (1219373) panicked at tools/nanospam/src/app.rs:330:63:
called `Result::unwrap()` on an `Err` value: Os { code: 32, kind: BrokenPipe, message: "Broken pipe" }

thread 'tokio-rt-worker' (1219375) panicked at tools/nanospam/src/app.rs:330:63:
called `Result::unwrap()` on an `Err` value: Os { code: 32, kind: BrokenPipe, message: "Broken pipe" }

thread 'tokio-rt-worker' (1219374) panicked at tools/nanospam/src/app.rs:330:63:
called `Result::unwrap()` on an `Err` value: Os { code: 32, kind: BrokenPipe, message: "Broken pipe" }

thread 'tokio-rt-worker' (1219374) panicked at tools/nanospam/src/app.rs:330:63:
called `Result::unwrap()` on an `Err` value: Os { code: 32, kind: BrokenPipe, message: "Broken pipe" }

thread 'tokio-rt-worker' (1219375) panicked at tools/nanospam/src/app.rs:330:63:
called `Result::unwrap()` on an `Err` value: Os { code: 32, kind: BrokenPipe, message: "Broken pipe" }

thread 'tokio-rt-worker' (1219373) panicked at tools/nanospam/src/app.rs:330:63:
called `Result::unwrap()` on an `Err` value: Os { code: 32, kind: BrokenPipe, message: "Broken pipe" }

thread 'tokio-rt-worker' (1219376) panicked at tools/nanospam/src/app.rs:330:63:
called `Result::unwrap()` on an `Err` value: Os { code: 32, kind: BrokenPipe, message: "Broken pipe" }

thread 'tokio-rt-worker' (1219374) panicked at tools/nanospam/src/app.rs:330:63:
called `Result::unwrap()` on an `Err` value: Os { code: 32, kind: BrokenPipe, message: "Broken pipe" }

thread 'tokio-rt-worker' (1219374) panicked at tools/nanospam/src/app.rs:330:63:
called `Result::unwrap()` on an `Err` value: Os { code: 32, kind: BrokenPipe, message: "Broken pipe" }

thread 'tokio-rt-worker' (1219376) panicked at tools/nanospam/src/app.rs:330:63:
called `Result::unwrap()` on an `Err` value: Os { code: 32, kind: BrokenPipe, message: "Broken pipe" }

thread 'tokio-rt-worker' (1219375) panicked at tools/nanospam/src/app.rs:330:63:
called `Result::unwrap()` on an `Err` value: Os { code: 32, kind: BrokenPipe, message: "Broken pipe" }

thread 'tokio-rt-worker' (1219373) panicked at tools/nanospam/src/app.rs:330:63:
called `Result::unwrap()` on an `Err` value: Os { code: 32, kind: BrokenPipe, message: "Broken pipe" }

thread 'tokio-rt-worker' (1219374) panicked at tools/nanospam/src/app.rs:330:63:
called `Result::unwrap()` on an `Err` value: Os { code: 32, kind: BrokenPipe, message: "Broken pipe" }

thread 'tokio-rt-worker' (1219373) panicked at tools/nanospam/src/app.rs:330:63:
called `Result::unwrap()` on an `Err` value: Os { code: 32, kind: BrokenPipe, message: "Broken pipe" }

thread 'tokio-rt-worker' (1219376) panicked at tools/nanospam/src/app.rs:330:63:
called `Result::unwrap()` on an `Err` value: Os { code: 32, kind: BrokenPipe, message: "Broken pipe" }

thread 'tokio-rt-worker' (1219375) panicked at tools/nanospam/src/app.rs:330:63:
called `Result::unwrap()` on an `Err` value: Os { code: 32, kind: BrokenPipe, message: "Broken pipe" }

thread 'tokio-rt-worker' (1219374) panicked at tools/nanospam/src/app.rs:330:63:
called `Result::unwrap()` on an `Err` value: Os { code: 32, kind: BrokenPipe, message: "Broken pipe" }

thread 'tokio-rt-worker' (1219373) panicked at tools/nanospam/src/app.rs:330:63:
called `Result::unwrap()` on an `Err` value: Os { code: 32, kind: BrokenPipe, message: "Broken pipe" }

thread 'tokio-rt-worker' (1219373) panicked at tools/nanospam/src/app.rs:330:63:
called `Result::unwrap()` on an `Err` value: Os { code: 32, kind: BrokenPipe, message: "Broken pipe" }

thread 'tokio-rt-worker' (1219374) panicked at tools/nanospam/src/app.rs:330:63:
called `Result::unwrap()` on an `Err` value: Os { code: 32, kind: BrokenPipe, message: "Broken pipe" }

thread 'tokio-rt-worker' (1219376) panicked at tools/nanospam/src/app.rs:330:63:
called `Result::unwrap()` on an `Err` value: Os { code: 32, kind: BrokenPipe, message: "Broken pipe" }

thread 'tokio-rt-worker' (1219375) panicked at tools/nanospam/src/app.rs:330:63:
called `Result::unwrap()` on an `Err` value: Os { code: 32, kind: BrokenPipe, message: "Broken pipe" }

thread 'tokio-rt-worker' (1219373) panicked at tools/nanospam/src/app.rs:330:63:
called `Result::unwrap()` on an `Err` value: Os { code: 32, kind: BrokenPipe, message: "Broken pipe" }

thread 'tokio-rt-worker' (1219373) panicked at tools/nanospam/src/app.rs:330:63:
called `Result::unwrap()` on an `Err` value: Os { code: 32, kind: BrokenPipe, message: "Broken pipe" }

thread 'tokio-rt-worker' (1219376) panicked at tools/nanospam/src/app.rs:330:63:
called `Result::unwrap()` on an `Err` value: Os { code: 32, kind: BrokenPipe, message: "Broken pipe" }

thread 'tokio-rt-worker' (1219375) panicked at tools/nanospam/src/app.rs:330:63:
called `Result::unwrap()` on an `Err` value: Os { code: 32, kind: BrokenPipe, message: "Broken pipe" }

thread 'tokio-rt-worker' (1219373) panicked at tools/nanospam/src/app.rs:330:63:
called `Result::unwrap()` on an `Err` value: Os { code: 32, kind: BrokenPipe, message: "Broken pipe" }

thread 'tokio-rt-worker' (1219374) panicked at tools/nanospam/src/app.rs:330:63:
called `Result::unwrap()` on an `Err` value: Os { code: 32, kind: BrokenPipe, message: "Broken pipe" }

thread 'tokio-rt-worker' (1219374) panicked at tools/nanospam/src/app.rs:330:63:
called `Result::unwrap()` on an `Err` value: Os { code: 32, kind: BrokenPipe, message: "Broken pipe" }

thread 'tokio-rt-worker' (1219373) panicked at tools/nanospam/src/app.rs:330:63:
called `Result::unwrap()` on an `Err` value: Os { code: 32, kind: BrokenPipe, message: "Broken pipe" }

thread 'tokio-rt-worker' (1219376) panicked at tools/nanospam/src/app.rs:330:63:
called `Result::unwrap()` on an `Err` value: Os { code: 32, kind: BrokenPipe, message: "Broken pipe" }

thread 'tokio-rt-worker' (1219375) panicked at tools/nanospam/src/app.rs:330:63:
called `Result::unwrap()` on an `Err` value: Os { code: 32, kind: BrokenPipe, message: "Broken pipe" }

thread 'tokio-rt-worker' (1219373) panicked at tools/nanospam/src/app.rs:330:63:
called `Result::unwrap()` on an `Err` value: Os { code: 32, kind: BrokenPipe, message: "Broken pipe" }

thread 'tokio-rt-worker' (1219373) panicked at tools/nanospam/src/app.rs:330:63:
called `Result::unwrap()` on an `Err` value: Os { code: 32, kind: BrokenPipe, message: "Broken pipe" }

thread 'tokio-rt-worker' (1219375) panicked at tools/nanospam/src/app.rs:330:63:
called `Result::unwrap()` on an `Err` value: Os { code: 32, kind: BrokenPipe, message: "Broken pipe" }

thread 'tokio-rt-worker' (1219374) panicked at tools/nanospam/src/app.rs:330:63:
called `Result::unwrap()` on an `Err` value: Os { code: 32, kind: BrokenPipe, message: "Broken pipe" }

thread 'tokio-rt-worker' (1219376) panicked at tools/nanospam/src/app.rs:330:63:
called `Result::unwrap()` on an `Err` value: Os { code: 32, kind: BrokenPipe, message: "Broken pipe" }

thread 'tokio-rt-worker' (1219373) panicked at tools/nanospam/src/app.rs:330:63:
called `Result::unwrap()` on an `Err` value: Os { code: 32, kind: BrokenPipe, message: "Broken pipe" }

thread 'tokio-rt-worker' (1219373) panicked at tools/nanospam/src/app.rs:330:63:
called `Result::unwrap()` on an `Err` value: Os { code: 32, kind: BrokenPipe, message: "Broken pipe" }

thread 'tokio-rt-worker' (1219374) panicked at tools/nanospam/src/app.rs:330:63:
called `Result::unwrap()` on an `Err` value: Os { code: 32, kind: BrokenPipe, message: "Broken pipe" }

thread 'tokio-rt-worker' (1219376) panicked at tools/nanospam/src/app.rs:330:63:
called `Result::unwrap()` on an `Err` value: Os { code: 32, kind: BrokenPipe, message: "Broken pipe" }

thread 'tokio-rt-worker' (1219375) panicked at tools/nanospam/src/app.rs:330:63:
called `Result::unwrap()` on an `Err` value: Os { code: 32, kind: BrokenPipe, message: "Broken pipe" }

thread 'tokio-rt-worker' (1219373) panicked at tools/nanospam/src/app.rs:330:63:
called `Result::unwrap()` on an `Err` value: Os { code: 32, kind: BrokenPipe, message: "Broken pipe" }

thread 'tokio-rt-worker' (1219373) panicked at tools/nanospam/src/app.rs:330:63:
called `Result::unwrap()` on an `Err` value: Os { code: 32, kind: BrokenPipe, message: "Broken pipe" }

thread 'tokio-rt-worker' (1219376) panicked at tools/nanospam/src/app.rs:330:63:
called `Result::unwrap()` on an `Err` value: Os { code: 32, kind: BrokenPipe, message: "Broken pipe" }

thread 'tokio-rt-worker' (1219375) panicked at tools/nanospam/src/app.rs:330:63:
called `Result::unwrap()` on an `Err` value: Os { code: 32, kind: BrokenPipe, message: "Broken pipe" }

thread 'tokio-rt-worker' (1219374) panicked at tools/nanospam/src/app.rs:330:63:
called `Result::unwrap()` on an `Err` value: Os { code: 32, kind: BrokenPipe, message: "Broken pipe" }

thread 'tokio-rt-worker' (1219373) panicked at tools/nanospam/src/app.rs:330:63:
called `Result::unwrap()` on an `Err` value: Os { code: 32, kind: BrokenPipe, message: "Broken pipe" }

thread 'tokio-rt-worker' (1219373) panicked at tools/nanospam/src/app.rs:330:63:
called `Result::unwrap()` on an `Err` value: Os { code: 32, kind: BrokenPipe, message: "Broken pipe" }

thread 'tokio-rt-worker' (1219374) panicked at tools/nanospam/src/app.rs:330:63:
called `Result::unwrap()` on an `Err` value: Os { code: 32, kind: BrokenPipe, message: "Broken pipe" }

thread 'tokio-rt-worker' (1219375) panicked at tools/nanospam/src/app.rs:330:63:
called `Result::unwrap()` on an `Err` value: Os { code: 32, kind: BrokenPipe, message: "Broken pipe" }

thread 'tokio-rt-worker' (1219376) panicked at tools/nanospam/src/app.rs:330:63:
called `Result::unwrap()` on an `Err` value: Os { code: 32, kind: BrokenPipe, message: "Broken pipe" }

thread 'tokio-rt-worker' (1219373) panicked at tools/nanospam/src/app.rs:330:63:
called `Result::unwrap()` on an `Err` value: Os { code: 32, kind: BrokenPipe, message: "Broken pipe" }

thread 'tokio-rt-worker' (1219373) panicked at tools/nanospam/src/app.rs:330:63:
called `Result::unwrap()` on an `Err` value: Os { code: 32, kind: BrokenPipe, message: "Broken pipe" }

thread 'tokio-rt-worker' (1219376) panicked at tools/nanospam/src/app.rs:330:63:
called `Result::unwrap()` on an `Err` value: Os { code: 32, kind: BrokenPipe, message: "Broken pipe" }

thread 'tokio-rt-worker' (1219375) panicked at tools/nanospam/src/app.rs:330:63:
called `Result::unwrap()` on an `Err` value: Os { code: 32, kind: BrokenPipe, message: "Broken pipe" }

thread 'tokio-rt-worker' (1219374) panicked at tools/nanospam/src/app.rs:330:63:
called `Result::unwrap()` on an `Err` value: Os { code: 32, kind: BrokenPipe, message: "Broken pipe" }

thread 'tokio-rt-worker' (1219373) panicked at tools/nanospam/src/app.rs:330:63:
called `Result::unwrap()` on an `Err` value: Os { code: 32, kind: BrokenPipe, message: "Broken pipe" }

thread 'tokio-rt-worker' (1219373) panicked at tools/nanospam/src/app.rs:330:63:
called `Result::unwrap()` on an `Err` value: Os { code: 32, kind: BrokenPipe, message: "Broken pipe" }

thread 'tokio-rt-worker' (1219375) panicked at tools/nanospam/src/app.rs:330:63:
called `Result::unwrap()` on an `Err` value: Os { code: 32, kind: BrokenPipe, message: "Broken pipe" }

thread 'tokio-rt-worker' (1219374) panicked at tools/nanospam/src/app.rs:330:63:
called `Result::unwrap()` on an `Err` value: Os { code: 32, kind: BrokenPipe, message: "Broken pipe" }

thread 'tokio-rt-worker' (1219376) panicked at tools/nanospam/src/app.rs:330:63:
called `Result::unwrap()` on an `Err` value: Os { code: 32, kind: BrokenPipe, message: "Broken pipe" }

thread 'tokio-rt-worker' (1219373) panicked at tools/nanospam/src/app.rs:330:63:
called `Result::unwrap()` on an `Err` value: Os { code: 32, kind: BrokenPipe, message: "Broken pipe" }

thread 'tokio-rt-worker' (1219373) panicked at tools/nanospam/src/app.rs:330:63:
called `Result::unwrap()` on an `Err` value: Os { code: 32, kind: BrokenPipe, message: "Broken pipe" }

thread 'tokio-rt-worker' (1219374) panicked at tools/nanospam/src/app.rs:330:63:
called `Result::unwrap()` on an `Err` value: Os { code: 32, kind: BrokenPipe, message: "Broken pipe" }

thread 'tokio-rt-worker' (1219376) panicked at tools/nanospam/src/app.rs:330:63:
called `Result::unwrap()` on an `Err` value: Os { code: 32, kind: BrokenPipe, message: "Broken pipe" }

thread 'tokio-rt-worker' (1219373) panicked at tools/nanospam/src/app.rs:330:63:
called `Result::unwrap()` on an `Err` value: Os { code: 32, kind: BrokenPipe, message: "Broken pipe" }

thread 'tokio-rt-worker' (1219375) panicked at tools/nanospam/src/app.rs:330:63:
called `Result::unwrap()` on an `Err` value: Os { code: 32, kind: BrokenPipe, message: "Broken pipe" }

thread 'tokio-rt-worker' (1219375) panicked at tools/nanospam/src/app.rs:330:63:
called `Result::unwrap()` on an `Err` value: Os { code: 32, kind: BrokenPipe, message: "Broken pipe" }

thread 'tokio-rt-worker' (1219373) panicked at tools/nanospam/src/app.rs:330:63:
called `Result::unwrap()` on an `Err` value: Os { code: 32, kind: BrokenPipe, message: "Broken pipe" }

thread 'tokio-rt-worker' (1219376) panicked at tools/nanospam/src/app.rs:330:63:
called `Result::unwrap()` on an `Err` value: Os { code: 32, kind: BrokenPipe, message: "Broken pipe" }

thread 'tokio-rt-worker' (1219374) panicked at tools/nanospam/src/app.rs:330:63:
called `Result::unwrap()` on an `Err` value: Os { code: 32, kind: BrokenPipe, message: "Broken pipe" }

thread 'tokio-rt-worker' (1219375) panicked at tools/nanospam/src/app.rs:330:63:
called `Result::unwrap()` on an `Err` value: Os { code: 32, kind: BrokenPipe, message: "Broken pipe" }

thread 'tokio-rt-worker' (1219375) panicked at tools/nanospam/src/app.rs:330:63:
called `Result::unwrap()` on an `Err` value: Os { code: 32, kind: BrokenPipe, message: "Broken pipe" }

thread 'tokio-rt-worker' (1219374) panicked at tools/nanospam/src/app.rs:330:63:
called `Result::unwrap()` on an `Err` value: Os { code: 32, kind: BrokenPipe, message: "Broken pipe" }

thread 'tokio-rt-worker' (1219376) panicked at tools/nanospam/src/app.rs:330:63:
called `Result::unwrap()` on an `Err` value: Os { code: 32, kind: BrokenPipe, message: "Broken pipe" }

thread 'tokio-rt-worker' (1219375) panicked at tools/nanospam/src/app.rs:330:63:
called `Result::unwrap()` on an `Err` value: Os { code: 32, kind: BrokenPipe, message: "Broken pipe" }

thread 'tokio-rt-worker' (1219374) panicked at tools/nanospam/src/app.rs:330:63:
called `Result::unwrap()` on an `Err` value: Os { code: 32, kind: BrokenPipe, message: "Broken pipe" }

thread 'tokio-rt-worker' (1219374) panicked at tools/nanospam/src/app.rs:330:63:
called `Result::unwrap()` on an `Err` value: Os { code: 32, kind: BrokenPipe, message: "Broken pipe" }

thread 'tokio-rt-worker' (1219375) panicked at tools/nanospam/src/app.rs:330:63:
called `Result::unwrap()` on an `Err` value: Os { code: 32, kind: BrokenPipe, message: "Broken pipe" }

thread 'tokio-rt-worker' (1219373) panicked at tools/nanospam/src/app.rs:330:63:
called `Result::unwrap()` on an `Err` value: Os { code: 32, kind: BrokenPipe, message: "Broken pipe" }

thread 'tokio-rt-worker' (1219374) panicked at tools/nanospam/src/app.rs:330:63:
called `Result::unwrap()` on an `Err` value: Os { code: 32, kind: BrokenPipe, message: "Broken pipe" }

thread 'tokio-rt-worker' (1219375) panicked at tools/nanospam/src/app.rs:330:63:
called `Result::unwrap()` on an `Err` value: Os { code: 32, kind: BrokenPipe, message: "Broken pipe" }

thread 'tokio-rt-worker' (1219375) panicked at tools/nanospam/src/app.rs:330:63:
called `Result::unwrap()` on an `Err` value: Os { code: 32, kind: BrokenPipe, message: "Broken pipe" }

thread 'tokio-rt-worker' (1219374) panicked at tools/nanospam/src/app.rs:330:63:
called `Result::unwrap()` on an `Err` value: Os { code: 32, kind: BrokenPipe, message: "Broken pipe" }

thread 'tokio-rt-worker' (1219376) panicked at tools/nanospam/src/app.rs:330:63:
called `Result::unwrap()` on an `Err` value: Os { code: 32, kind: BrokenPipe, message: "Broken pipe" }

thread 'tokio-rt-worker' (1219375) panicked at tools/nanospam/src/app.rs:330:63:
called `Result::unwrap()` on an `Err` value: Os { code: 32, kind: BrokenPipe, message: "Broken pipe" }

thread 'tokio-rt-worker' (1219374) panicked at tools/nanospam/src/app.rs:330:63:
called `Result::unwrap()` on an `Err` value: Os { code: 32, kind: BrokenPipe, message: "Broken pipe" }

thread 'tokio-rt-worker' (1219374) panicked at tools/nanospam/src/app.rs:330:63:
called `Result::unwrap()` on an `Err` value: Os { code: 32, kind: BrokenPipe, message: "Broken pipe" }

thread 'tokio-rt-worker' (1219375) panicked at tools/nanospam/src/app.rs:330:63:
called `Result::unwrap()` on an `Err` value: Os { code: 32, kind: BrokenPipe, message: "Broken pipe" }

thread 'tokio-rt-worker' (1219373) panicked at tools/nanospam/src/app.rs:330:63:
called `Result::unwrap()` on an `Err` value: Os { code: 32, kind: BrokenPipe, message: "Broken pipe" }

thread 'tokio-rt-worker' (1219376) panicked at tools/nanospam/src/app.rs:330:63:
called `Result::unwrap()` on an `Err` value: Os { code: 32, kind: BrokenPipe, message: "Broken pipe" }

thread 'tokio-rt-worker' (1219374) panicked at tools/nanospam/src/app.rs:330:63:
called `Result::unwrap()` on an `Err` value: Os { code: 32, kind: BrokenPipe, message: "Broken pipe" }

thread 'tokio-rt-worker' (1219374) panicked at tools/nanospam/src/app.rs:330:63:
called `Result::unwrap()` on an `Err` value: Os { code: 32, kind: BrokenPipe, message: "Broken pipe" }

thread 'tokio-rt-worker' (1219376) panicked at tools/nanospam/src/app.rs:330:63:
called `Result::unwrap()` on an `Err` value: Os { code: 32, kind: BrokenPipe, message: "Broken pipe" }

thread 'tokio-rt-worker' (1219375) panicked at tools/nanospam/src/app.rs:330:63:
called `Result::unwrap()` on an `Err` value: Os { code: 32, kind: BrokenPipe, message: "Broken pipe" }

thread 'tokio-rt-worker' (1219373) panicked at tools/nanospam/src/app.rs:330:63:
called `Result::unwrap()` on an `Err` value: Os { code: 32, kind: BrokenPipe, message: "Broken pipe" }

thread 'tokio-rt-worker' (1219374) panicked at tools/nanospam/src/app.rs:330:63:
called `Result::unwrap()` on an `Err` value: Os { code: 32, kind: BrokenPipe, message: "Broken pipe" }

thread 'tokio-rt-worker' (1219374) panicked at tools/nanospam/src/app.rs:330:63:
called `Result::unwrap()` on an `Err` value: Os { code: 32, kind: BrokenPipe, message: "Broken pipe" }

thread 'tokio-rt-worker' (1219373) panicked at tools/nanospam/src/app.rs:330:63:
called `Result::unwrap()` on an `Err` value: Os { code: 32, kind: BrokenPipe, message: "Broken pipe" }

thread 'tokio-rt-worker' (1219376) panicked at tools/nanospam/src/app.rs:330:63:
called `Result::unwrap()` on an `Err` value: Os { code: 32, kind: BrokenPipe, message: "Broken pipe" }

thread 'tokio-rt-worker' (1219375) panicked at tools/nanospam/src/app.rs:330:63:
called `Result::unwrap()` on an `Err` value: Os { code: 32, kind: BrokenPipe, message: "Broken pipe" }

thread 'tokio-rt-worker' (1219374) panicked at tools/nanospam/src/app.rs:330:63:
called `Result::unwrap()` on an `Err` value: Os { code: 32, kind: BrokenPipe, message: "Broken pipe" }

thread 'tokio-rt-worker' (1219374) panicked at tools/nanospam/src/app.rs:330:63:
called `Result::unwrap()` on an `Err` value: Os { code: 32, kind: BrokenPipe, message: "Broken pipe" }

thread 'tokio-rt-worker' (1219376) panicked at tools/nanospam/src/app.rs:330:63:
called `Result::unwrap()` on an `Err` value: Os { code: 32, kind: BrokenPipe, message: "Broken pipe" }

thread 'tokio-rt-worker' (1219375) panicked at tools/nanospam/src/app.rs:330:63:
called `Result::unwrap()` on an `Err` value: Os { code: 32, kind: BrokenPipe, message: "Broken pipe" }

thread 'tokio-rt-worker' (1219373) panicked at tools/nanospam/src/app.rs:330:63:
called `Result::unwrap()` on an `Err` value: Os { code: 32, kind: BrokenPipe, message: "Broken pipe" }

thread 'tokio-rt-worker' (1219374) panicked at tools/nanospam/src/app.rs:330:63:
called `Result::unwrap()` on an `Err` value: Os { code: 32, kind: BrokenPipe, message: "Broken pipe" }

thread 'tokio-rt-worker' (1219374) panicked at tools/nanospam/src/app.rs:330:63:
called `Result::unwrap()` on an `Err` value: Os { code: 32, kind: BrokenPipe, message: "Broken pipe" }

thread 'tokio-rt-worker' (1219373) panicked at tools/nanospam/src/app.rs:330:63:
called `Result::unwrap()` on an `Err` value: Os { code: 32, kind: BrokenPipe, message: "Broken pipe" }

thread 'tokio-rt-worker' (1219375) panicked at tools/nanospam/src/app.rs:330:63:
called `Result::unwrap()` on an `Err` value: Os { code: 32, kind: BrokenPipe, message: "Broken pipe" }

thread 'tokio-rt-worker' (1219376) panicked at tools/nanospam/src/app.rs:330:63:
called `Result::unwrap()` on an `Err` value: Os { code: 32, kind: BrokenPipe, message: "Broken pipe" }

thread 'tokio-rt-worker' (1219374) panicked at tools/nanospam/src/app.rs:330:63:
called `Result::unwrap()` on an `Err` value: Os { code: 32, kind: BrokenPipe, message: "Broken pipe" }

thread 'tokio-rt-worker' (1219374) panicked at tools/nanospam/src/app.rs:330:63:
called `Result::unwrap()` on an `Err` value: Os { code: 32, kind: BrokenPipe, message: "Broken pipe" }

thread 'tokio-rt-worker' (1219376) panicked at tools/nanospam/src/app.rs:330:63:
called `Result::unwrap()` on an `Err` value: Os { code: 32, kind: BrokenPipe, message: "Broken pipe" }

thread 'tokio-rt-worker' (1219375) panicked at tools/nanospam/src/app.rs:330:63:
called `Result::unwrap()` on an `Err` value: Os { code: 32, kind: BrokenPipe, message: "Broken pipe" }

thread 'tokio-rt-worker' (1219373) panicked at tools/nanospam/src/app.rs:330:63:
called `Result::unwrap()` on an `Err` value: Os { code: 32, kind: BrokenPipe, message: "Broken pipe" }

thread 'tokio-rt-worker' (1219374) panicked at tools/nanospam/src/app.rs:330:63:
called `Result::unwrap()` on an `Err` value: Os { code: 32, kind: BrokenPipe, message: "Broken pipe" }

thread 'tokio-rt-worker' (1219374) panicked at tools/nanospam/src/app.rs:330:63:
called `Result::unwrap()` on an `Err` value: Os { code: 32, kind: BrokenPipe, message: "Broken pipe" }

thread 'tokio-rt-worker' (1219373) panicked at tools/nanospam/src/app.rs:330:63:
called `Result::unwrap()` on an `Err` value: Os { code: 32, kind: BrokenPipe, message: "Broken pipe" }

thread 'tokio-rt-worker' (1219375) panicked at tools/nanospam/src/app.rs:330:63:
called `Result::unwrap()` on an `Err` value: Os { code: 32, kind: BrokenPipe, message: "Broken pipe" }

thread 'tokio-rt-worker' (1219376) panicked at tools/nanospam/src/app.rs:330:63:
called `Result::unwrap()` on an `Err` value: Os { code: 32, kind: BrokenPipe, message: "Broken pipe" }

thread 'tokio-rt-worker' (1219374) panicked at tools/nanospam/src/app.rs:330:63:
called `Result::unwrap()` on an `Err` value: Os { code: 32, kind: BrokenPipe, message: "Broken pipe" }

thread 'tokio-rt-worker' (1219374) panicked at tools/nanospam/src/app.rs:330:63:
called `Result::unwrap()` on an `Err` value: Os { code: 32, kind: BrokenPipe, message: "Broken pipe" }

thread 'tokio-rt-worker' (1219376) panicked at tools/nanospam/src/app.rs:330:63:
called `Result::unwrap()` on an `Err` value: Os { code: 32, kind: BrokenPipe, message: "Broken pipe" }

thread 'tokio-rt-worker' (1219375) panicked at tools/nanospam/src/app.rs:330:63:
called `Result::unwrap()` on an `Err` value: Os { code: 32, kind: BrokenPipe, message: "Broken pipe" }

thread 'tokio-rt-worker' (1219374) panicked at tools/nanospam/src/app.rs:330:63:
called `Result::unwrap()` on an `Err` value: Os { code: 32, kind: BrokenPipe, message: "Broken pipe" }

thread 'tokio-rt-worker' (1219373) panicked at tools/nanospam/src/app.rs:330:63:
called `Result::unwrap()` on an `Err` value: Os { code: 32, kind: BrokenPipe, message: "Broken pipe" }

thread 'tokio-rt-worker' (1219373) panicked at tools/nanospam/src/app.rs:330:63:
called `Result::unwrap()` on an `Err` value: Os { code: 32, kind: BrokenPipe, message: "Broken pipe" }

thread 'tokio-rt-worker' (1219374) panicked at tools/nanospam/src/app.rs:330:63:
called `Result::unwrap()` on an `Err` value: Os { code: 32, kind: BrokenPipe, message: "Broken pipe" }

thread 'tokio-rt-worker' (1219375) panicked at tools/nanospam/src/app.rs:330:63:
called `Result::unwrap()` on an `Err` value: Os { code: 32, kind: BrokenPipe, message: "Broken pipe" }

thread 'tokio-rt-worker' (1219376) panicked at tools/nanospam/src/app.rs:330:63:
called `Result::unwrap()` on an `Err` value: Os { code: 32, kind: BrokenPipe, message: "Broken pipe" }

thread 'tokio-rt-worker' (1219373) panicked at tools/nanospam/src/app.rs:330:63:
called `Result::unwrap()` on an `Err` value: Os { code: 32, kind: BrokenPipe, message: "Broken pipe" }

thread 'tokio-rt-worker' (1219373) panicked at tools/nanospam/src/app.rs:330:63:
called `Result::unwrap()` on an `Err` value: Os { code: 32, kind: BrokenPipe, message: "Broken pipe" }

thread 'tokio-rt-worker' (1219375) panicked at tools/nanospam/src/app.rs:330:63:
called `Result::unwrap()` on an `Err` value: Os { code: 32, kind: BrokenPipe, message: "Broken pipe" }

thread 'tokio-rt-worker' (1219376) panicked at tools/nanospam/src/app.rs:330:63:
called `Result::unwrap()` on an `Err` value: Os { code: 32, kind: BrokenPipe, message: "Broken pipe" }

thread 'tokio-rt-worker' (1219374) panicked at tools/nanospam/src/app.rs:330:63:
called `Result::unwrap()` on an `Err` value: Os { code: 32, kind: BrokenPipe, message: "Broken pipe" }

thread 'tokio-rt-worker' (1219373) panicked at tools/nanospam/src/app.rs:330:63:
called `Result::unwrap()` on an `Err` value: Os { code: 32, kind: BrokenPipe, message: "Broken pipe" }

thread 'tokio-rt-worker' (1219373) panicked at tools/nanospam/src/app.rs:330:63:
called `Result::unwrap()` on an `Err` value: Os { code: 32, kind: BrokenPipe, message: "Broken pipe" }

thread 'tokio-rt-worker' (1219374) panicked at tools/nanospam/src/app.rs:330:63:
called `Result::unwrap()` on an `Err` value: Os { code: 32, kind: BrokenPipe, message: "Broken pipe" }

thread 'tokio-rt-worker' (1219376) panicked at tools/nanospam/src/app.rs:330:63:
called `Result::unwrap()` on an `Err` value: Os { code: 32, kind: BrokenPipe, message: "Broken pipe" }

thread 'tokio-rt-worker' (1219375) panicked at tools/nanospam/src/app.rs:330:63:
called `Result::unwrap()` on an `Err` value: Os { code: 32, kind: BrokenPipe, message: "Broken pipe" }

thread 'tokio-rt-worker' (1219373) panicked at tools/nanospam/src/app.rs:330:63:
called `Result::unwrap()` on an `Err` value: Os { code: 32, kind: BrokenPipe, message: "Broken pipe" }

thread 'tokio-rt-worker' (1219373) panicked at tools/nanospam/src/app.rs:330:63:
called `Result::unwrap()` on an `Err` value: Os { code: 32, kind: BrokenPipe, message: "Broken pipe" }

thread 'tokio-rt-worker' (1219375) panicked at tools/nanospam/src/app.rs:330:63:
called `Result::unwrap()` on an `Err` value: Os { code: 32, kind: BrokenPipe, message: "Broken pipe" }

thread 'tokio-rt-worker' (1219376) panicked at tools/nanospam/src/app.rs:330:63:
called `Result::unwrap()` on an `Err` value: Os { code: 32, kind: BrokenPipe, message: "Broken pipe" }

thread 'tokio-rt-worker' (1219374) panicked at tools/nanospam/src/app.rs:330:63:
called `Result::unwrap()` on an `Err` value: Os { code: 32, kind: BrokenPipe, message: "Broken pipe" }

thread 'tokio-rt-worker' (1219373) panicked at tools/nanospam/src/app.rs:330:63:
called `Result::unwrap()` on an `Err` value: Os { code: 32, kind: BrokenPipe, message: "Broken pipe" }

thread 'tokio-rt-worker' (1219373) panicked at tools/nanospam/src/app.rs:330:63:
called `Result::unwrap()` on an `Err` value: Os { code: 32, kind: BrokenPipe, message: "Broken pipe" }

thread 'tokio-rt-worker' (1219374) panicked at tools/nanospam/src/app.rs:330:63:
called `Result::unwrap()` on an `Err` value: Os { code: 32, kind: BrokenPipe, message: "Broken pipe" }

thread 'tokio-rt-worker' (1219376) panicked at tools/nanospam/src/app.rs:330:63:
called `Result::unwrap()` on an `Err` value: Os { code: 32, kind: BrokenPipe, message: "Broken pipe" }

thread 'tokio-rt-worker' (1219375) panicked at tools/nanospam/src/app.rs:330:63:
called `Result::unwrap()` on an `Err` value: Os { code: 32, kind: BrokenPipe, message: "Broken pipe" }

thread 'tokio-rt-worker' (1219373) panicked at tools/nanospam/src/app.rs:330:63:
called `Result::unwrap()` on an `Err` value: Os { code: 32, kind: BrokenPipe, message: "Broken pipe" }

thread 'tokio-rt-worker' (1219373) panicked at tools/nanospam/src/app.rs:330:63:
called `Result::unwrap()` on an `Err` value: Os { code: 32, kind: BrokenPipe, message: "Broken pipe" }

thread 'tokio-rt-worker' (1219375) panicked at tools/nanospam/src/app.rs:330:63:
called `Result::unwrap()` on an `Err` value: Os { code: 32, kind: BrokenPipe, message: "Broken pipe" }

thread 'tokio-rt-worker' (1219376) panicked at tools/nanospam/src/app.rs:330:63:
called `Result::unwrap()` on an `Err` value: Os { code: 32, kind: BrokenPipe, message: "Broken pipe" }

thread 'tokio-rt-worker' (1219373) panicked at tools/nanospam/src/app.rs:330:63:
called `Result::unwrap()` on an `Err` value: Os { code: 32, kind: BrokenPipe, message: "Broken pipe" }

thread 'tokio-rt-worker' (1219374) panicked at tools/nanospam/src/app.rs:330:63:
called `Result::unwrap()` on an `Err` value: Os { code: 32, kind: BrokenPipe, message: "Broken pipe" }

thread 'tokio-rt-worker' (1219374) panicked at tools/nanospam/src/app.rs:330:63:
called `Result::unwrap()` on an `Err` value: Os { code: 32, kind: BrokenPipe, message: "Broken pipe" }

thread 'tokio-rt-worker' (1219373) panicked at tools/nanospam/src/app.rs:330:63:
called `Result::unwrap()` on an `Err` value: Os { code: 32, kind: BrokenPipe, message: "Broken pipe" }

thread 'tokio-rt-worker' (1219376) panicked at tools/nanospam/src/app.rs:330:63:
called `Result::unwrap()` on an `Err` value: Os { code: 32, kind: BrokenPipe, message: "Broken pipe" }

thread 'tokio-rt-worker' (1219375) panicked at tools/nanospam/src/app.rs:330:63:
called `Result::unwrap()` on an `Err` value: Os { code: 32, kind: BrokenPipe, message: "Broken pipe" }

thread 'tokio-rt-worker' (1219374) panicked at tools/nanospam/src/app.rs:330:63:
called `Result::unwrap()` on an `Err` value: Os { code: 32, kind: BrokenPipe, message: "Broken pipe" }

thread 'tokio-rt-worker' (1219374) panicked at tools/nanospam/src/app.rs:330:63:
called `Result::unwrap()` on an `Err` value: Os { code: 32, kind: BrokenPipe, message: "Broken pipe" }

thread 'tokio-rt-worker' (1219375) panicked at tools/nanospam/src/app.rs:330:63:
called `Result::unwrap()` on an `Err` value: Os { code: 32, kind: BrokenPipe, message: "Broken pipe" }

thread 'tokio-rt-worker' (1219376) panicked at tools/nanospam/src/app.rs:330:63:
called `Result::unwrap()` on an `Err` value: Os { code: 32, kind: BrokenPipe, message: "Broken pipe" }

thread 'tokio-rt-worker' (1219373) panicked at tools/nanospam/src/app.rs:330:63:
called `Result::unwrap()` on an `Err` value: Os { code: 32, kind: BrokenPipe, message: "Broken pipe" }

thread 'tokio-rt-worker' (1219374) panicked at tools/nanospam/src/app.rs:330:63:
called `Result::unwrap()` on an `Err` value: Os { code: 32, kind: BrokenPipe, message: "Broken pipe" }

thread 'tokio-rt-worker' (1219374) panicked at tools/nanospam/src/app.rs:330:63:
called `Result::unwrap()` on an `Err` value: Os { code: 32, kind: BrokenPipe, message: "Broken pipe" }

thread 'tokio-rt-worker' (1219373) panicked at tools/nanospam/src/app.rs:330:63:
called `Result::unwrap()` on an `Err` value: Os { code: 32, kind: BrokenPipe, message: "Broken pipe" }

thread 'tokio-rt-worker' (1219376) panicked at tools/nanospam/src/app.rs:330:63:
called `Result::unwrap()` on an `Err` value: Os { code: 32, kind: BrokenPipe, message: "Broken pipe" }

thread 'tokio-rt-worker' (1219375) panicked at tools/nanospam/src/app.rs:330:63:
called `Result::unwrap()` on an `Err` value: Os { code: 32, kind: BrokenPipe, message: "Broken pipe" }

thread 'tokio-rt-worker' (1219374) panicked at tools/nanospam/src/app.rs:330:63:
called `Result::unwrap()` on an `Err` value: Os { code: 32, kind: BrokenPipe, message: "Broken pipe" }

thread 'tokio-rt-worker' (1220916) panicked at tools/nanospam/src/app.rs:330:63:
called `Result::unwrap()` on an `Err` value: Os { code: 32, kind: BrokenPipe, message: "Broken pipe" }

thread 'tokio-rt-worker' (1219375) panicked at tools/nanospam/src/app.rs:330:63:
called `Result::unwrap()` on an `Err` value: Os { code: 32, kind: BrokenPipe, message: "Broken pipe" }

thread 'tokio-rt-worker' (1219376) panicked at tools/nanospam/src/app.rs:330:63:
called `Result::unwrap()` on an `Err` value: Os { code: 32, kind: BrokenPipe, message: "Broken pipe" }

thread 'tokio-rt-worker' (1219374) panicked at tools/nanospam/src/app.rs:330:63:
called `Result::unwrap()` on an `Err` value: Os { code: 32, kind: BrokenPipe, message: "Broken pipe" }

thread 'tokio-rt-worker' (1220916) panicked at tools/nanospam/src/app.rs:330:63:
called `Result::unwrap()` on an `Err` value: Os { code: 32, kind: BrokenPipe, message: "Broken pipe" }

thread 'tokio-rt-worker' (1220916) panicked at tools/nanospam/src/app.rs:330:63:
called `Result::unwrap()` on an `Err` value: Os { code: 32, kind: BrokenPipe, message: "Broken pipe" }

thread 'tokio-rt-worker' (1219374) panicked at tools/nanospam/src/app.rs:330:63:
called `Result::unwrap()` on an `Err` value: Os { code: 32, kind: BrokenPipe, message: "Broken pipe" }

thread 'tokio-rt-worker' (1219376) panicked at tools/nanospam/src/app.rs:330:63:
called `Result::unwrap()` on an `Err` value: Os { code: 32, kind: BrokenPipe, message: "Broken pipe" }

thread 'tokio-rt-worker' (1219375) panicked at tools/nanospam/src/app.rs:330:63:
called `Result::unwrap()` on an `Err` value: Os { code: 32, kind: BrokenPipe, message: "Broken pipe" }

thread 'tokio-rt-worker' (1220916) panicked at tools/nanospam/src/app.rs:330:63:
called `Result::unwrap()` on an `Err` value: Os { code: 32, kind: BrokenPipe, message: "Broken pipe" }

thread 'tokio-rt-worker' (1220916) panicked at tools/nanospam/src/app.rs:330:63:
called `Result::unwrap()` on an `Err` value: Os { code: 32, kind: BrokenPipe, message: "Broken pipe" }

thread 'tokio-rt-worker' (1219376) panicked at tools/nanospam/src/app.rs:330:63:
called `Result::unwrap()` on an `Err` value: Os { code: 32, kind: BrokenPipe, message: "Broken pipe" }

thread 'tokio-rt-worker' (1219375) panicked at tools/nanospam/src/app.rs:330:63:
called `Result::unwrap()` on an `Err` value: Os { code: 32, kind: BrokenPipe, message: "Broken pipe" }

thread 'tokio-rt-worker' (1220916) panicked at tools/nanospam/src/app.rs:330:63:
called `Result::unwrap()` on an `Err` value: Os { code: 32, kind: BrokenPipe, message: "Broken pipe" }

thread 'tokio-rt-worker' (1219374) panicked at tools/nanospam/src/app.rs:330:63:
called `Result::unwrap()` on an `Err` value: Os { code: 32, kind: BrokenPipe, message: "Broken pipe" }

thread 'tokio-rt-worker' (1219374) panicked at tools/nanospam/src/app.rs:330:63:
called `Result::unwrap()` on an `Err` value: Os { code: 32, kind: BrokenPipe, message: "Broken pipe" }

thread 'tokio-rt-worker' (1220916) panicked at tools/nanospam/src/app.rs:330:63:
called `Result::unwrap()` on an `Err` value: Os { code: 32, kind: BrokenPipe, message: "Broken pipe" }

thread 'tokio-rt-worker' (1219376) panicked at tools/nanospam/src/app.rs:330:63:
called `Result::unwrap()` on an `Err` value: Os { code: 32, kind: BrokenPipe, message: "Broken pipe" }

thread 'tokio-rt-worker' (1219375) panicked at tools/nanospam/src/app.rs:330:63:
called `Result::unwrap()` on an `Err` value: Os { code: 32, kind: BrokenPipe, message: "Broken pipe" }

thread 'tokio-rt-worker' (1219374) panicked at tools/nanospam/src/app.rs:330:63:
called `Result::unwrap()` on an `Err` value: Os { code: 32, kind: BrokenPipe, message: "Broken pipe" }

thread 'tokio-rt-worker' (1219374) panicked at tools/nanospam/src/app.rs:330:63:
called `Result::unwrap()` on an `Err` value: Os { code: 32, kind: BrokenPipe, message: "Broken pipe" }

thread 'tokio-rt-worker' (1219375) panicked at tools/nanospam/src/app.rs:330:63:
called `Result::unwrap()` on an `Err` value: Os { code: 32, kind: BrokenPipe, message: "Broken pipe" }

thread 'tokio-rt-worker' (1220916) panicked at tools/nanospam/src/app.rs:330:63:
called `Result::unwrap()` on an `Err` value: Os { code: 32, kind: BrokenPipe, message: "Broken pipe" }

thread 'tokio-rt-worker' (1219376) panicked at tools/nanospam/src/app.rs:330:63:
called `Result::unwrap()` on an `Err` value: Os { code: 32, kind: BrokenPipe, message: "Broken pipe" }

thread 'tokio-rt-worker' (1219374) panicked at tools/nanospam/src/app.rs:330:63:
called `Result::unwrap()` on an `Err` value: Os { code: 32, kind: BrokenPipe, message: "Broken pipe" }

thread 'tokio-rt-worker' (1219374) panicked at tools/nanospam/src/app.rs:330:63:
called `Result::unwrap()` on an `Err` value: Os { code: 32, kind: BrokenPipe, message: "Broken pipe" }

thread 'tokio-rt-worker' (1219376) panicked at tools/nanospam/src/app.rs:330:63:
called `Result::unwrap()` on an `Err` value: Os { code: 32, kind: BrokenPipe, message: "Broken pipe" }

thread 'tokio-rt-worker' (1220916) panicked at tools/nanospam/src/app.rs:330:63:
called `Result::unwrap()` on an `Err` value: Os { code: 32, kind: BrokenPipe, message: "Broken pipe" }

thread 'tokio-rt-worker' (1219374) panicked at tools/nanospam/src/app.rs:330:63:
called `Result::unwrap()` on an `Err` value: Os { code: 32, kind: BrokenPipe, message: "Broken pipe" }

thread 'tokio-rt-worker' (1219375) panicked at tools/nanospam/src/app.rs:330:63:
called `Result::unwrap()` on an `Err` value: Os { code: 32, kind: BrokenPipe, message: "Broken pipe" }

thread 'tokio-rt-worker' (1219375) panicked at tools/nanospam/src/app.rs:330:63:
called `Result::unwrap()` on an `Err` value: Os { code: 32, kind: BrokenPipe, message: "Broken pipe" }

thread 'tokio-rt-worker' (1219374) panicked at tools/nanospam/src/app.rs:330:63:
called `Result::unwrap()` on an `Err` value: Os { code: 32, kind: BrokenPipe, message: "Broken pipe" }

thread 'tokio-rt-worker' (1220916) panicked at tools/nanospam/src/app.rs:330:63:
called `Result::unwrap()` on an `Err` value: Os { code: 32, kind: BrokenPipe, message: "Broken pipe" }

thread 'tokio-rt-worker' (1219375) panicked at tools/nanospam/src/app.rs:330:63:
called `Result::unwrap()` on an `Err` value: Os { code: 32, kind: BrokenPipe, message: "Broken pipe" }

thread 'tokio-rt-worker' (1219376) panicked at tools/nanospam/src/app.rs:330:63:
called `Result::unwrap()` on an `Err` value: Os { code: 32, kind: BrokenPipe, message: "Broken pipe" }

thread 'tokio-rt-worker' (1219376) panicked at tools/nanospam/src/app.rs:330:63:
called `Result::unwrap()` on an `Err` value: Os { code: 32, kind: BrokenPipe, message: "Broken pipe" }

thread 'tokio-rt-worker' (1219375) panicked at tools/nanospam/src/app.rs:330:63:
called `Result::unwrap()` on an `Err` value: Os { code: 32, kind: BrokenPipe, message: "Broken pipe" }

thread 'tokio-rt-worker' (1220916) panicked at tools/nanospam/src/app.rs:330:63:
called `Result::unwrap()` on an `Err` value: Os { code: 32, kind: BrokenPipe, message: "Broken pipe" }

thread 'tokio-rt-worker' (1219374) panicked at tools/nanospam/src/app.rs:330:63:
called `Result::unwrap()` on an `Err` value: Os { code: 32, kind: BrokenPipe, message: "Broken pipe" }

thread 'tokio-rt-worker' (1219376) panicked at tools/nanospam/src/app.rs:330:63:
called `Result::unwrap()` on an `Err` value: Os { code: 32, kind: BrokenPipe, message: "Broken pipe" }

thread 'tokio-rt-worker' (1219376) panicked at tools/nanospam/src/app.rs:330:63:
called `Result::unwrap()` on an `Err` value: Os { code: 32, kind: BrokenPipe, message: "Broken pipe" }

thread 'tokio-rt-worker' (1219374) panicked at tools/nanospam/src/app.rs:330:63:
called `Result::unwrap()` on an `Err` value: Os { code: 32, kind: BrokenPipe, message: "Broken pipe" }

thread 'tokio-rt-worker' (1220916) panicked at tools/nanospam/src/app.rs:330:63:
called `Result::unwrap()` on an `Err` value: Os { code: 32, kind: BrokenPipe, message: "Broken pipe" }

thread 'tokio-rt-worker' (1219375) panicked at tools/nanospam/src/app.rs:330:63:
called `Result::unwrap()` on an `Err` value: Os { code: 32, kind: BrokenPipe, message: "Broken pipe" }

thread 'tokio-rt-worker' (1219376) panicked at tools/nanospam/src/app.rs:330:63:
called `Result::unwrap()` on an `Err` value: Os { code: 32, kind: BrokenPipe, message: "Broken pipe" }

thread 'tokio-rt-worker' (1219376) panicked at tools/nanospam/src/app.rs:330:63:
called `Result::unwrap()` on an `Err` value: Os { code: 32, kind: BrokenPipe, message: "Broken pipe" }

thread 'tokio-rt-worker' (1219375) panicked at tools/nanospam/src/app.rs:330:63:
called `Result::unwrap()` on an `Err` value: Os { code: 32, kind: BrokenPipe, message: "Broken pipe" }

thread 'tokio-rt-worker' (1220916) panicked at tools/nanospam/src/app.rs:330:63:
called `Result::unwrap()` on an `Err` value: Os { code: 32, kind: BrokenPipe, message: "Broken pipe" }

thread 'tokio-rt-worker' (1219374) panicked at tools/nanospam/src/app.rs:330:63:
called `Result::unwrap()` on an `Err` value: Os { code: 32, kind: BrokenPipe, message: "Broken pipe" }

thread 'tokio-rt-worker' (1219376) panicked at tools/nanospam/src/app.rs:330:63:
called `Result::unwrap()` on an `Err` value: Os { code: 32, kind: BrokenPipe, message: "Broken pipe" }

thread 'tokio-rt-worker' (1219376) panicked at tools/nanospam/src/app.rs:330:63:
called `Result::unwrap()` on an `Err` value: Os { code: 32, kind: BrokenPipe, message: "Broken pipe" }

thread 'tokio-rt-worker' (1219374) panicked at tools/nanospam/src/app.rs:330:63:
called `Result::unwrap()` on an `Err` value: Os { code: 32, kind: BrokenPipe, message: "Broken pipe" }

thread 'tokio-rt-worker' (1220916) panicked at tools/nanospam/src/app.rs:330:63:
called `Result::unwrap()` on an `Err` value: Os { code: 32, kind: BrokenPipe, message: "Broken pipe" }

thread 'tokio-rt-worker' (1219375) panicked at tools/nanospam/src/app.rs:330:63:
called `Result::unwrap()` on an `Err` value: Os { code: 32, kind: BrokenPipe, message: "Broken pipe" }

thread 'tokio-rt-worker' (1219376) panicked at tools/nanospam/src/app.rs:330:63:
called `Result::unwrap()` on an `Err` value: Os { code: 32, kind: BrokenPipe, message: "Broken pipe" }

thread 'tokio-rt-worker' (1219376) panicked at tools/nanospam/src/app.rs:330:63:
called `Result::unwrap()` on an `Err` value: Os { code: 32, kind: BrokenPipe, message: "Broken pipe" }

thread 'tokio-rt-worker' (1219375) panicked at tools/nanospam/src/app.rs:330:63:
called `Result::unwrap()` on an `Err` value: Os { code: 32, kind: BrokenPipe, message: "Broken pipe" }

thread 'tokio-rt-worker' (1219374) panicked at tools/nanospam/src/app.rs:330:63:
called `Result::unwrap()` on an `Err` value: Os { code: 32, kind: BrokenPipe, message: "Broken pipe" }

thread 'tokio-rt-worker' (1220916) panicked at tools/nanospam/src/app.rs:330:63:
called `Result::unwrap()` on an `Err` value: Os { code: 32, kind: BrokenPipe, message: "Broken pipe" }

thread 'tokio-rt-worker' (1219376) panicked at tools/nanospam/src/app.rs:330:63:
called `Result::unwrap()` on an `Err` value: Os { code: 32, kind: BrokenPipe, message: "Broken pipe" }

thread 'tokio-rt-worker' (1219376) panicked at tools/nanospam/src/app.rs:330:63:
called `Result::unwrap()` on an `Err` value: Os { code: 32, kind: BrokenPipe, message: "Broken pipe" }

thread 'tokio-rt-worker' (1220916) panicked at tools/nanospam/src/app.rs:330:63:
called `Result::unwrap()` on an `Err` value: Os { code: 32, kind: BrokenPipe, message: "Broken pipe" }

thread 'tokio-rt-worker' (1219374) panicked at tools/nanospam/src/app.rs:330:63:
called `Result::unwrap()` on an `Err` value: Os { code: 32, kind: BrokenPipe, message: "Broken pipe" }

thread 'tokio-rt-worker' (1219375) panicked at tools/nanospam/src/app.rs:330:63:
called `Result::unwrap()` on an `Err` value: Os { code: 32, kind: BrokenPipe, message: "Broken pipe" }

thread 'tokio-rt-worker' (1219376) panicked at tools/nanospam/src/app.rs:330:63:
called `Result::unwrap()` on an `Err` value: Os { code: 32, kind: BrokenPipe, message: "Broken pipe" }

thread 'tokio-rt-worker' (1219376) panicked at tools/nanospam/src/app.rs:330:63:
called `Result::unwrap()` on an `Err` value: Os { code: 32, kind: BrokenPipe, message: "Broken pipe" }

thread 'tokio-rt-worker' (1219375) panicked at tools/nanospam/src/app.rs:330:63:
called `Result::unwrap()` on an `Err` value: Os { code: 32, kind: BrokenPipe, message: "Broken pipe" }

thread 'tokio-rt-worker' (1219374) panicked at tools/nanospam/src/app.rs:330:63:
called `Result::unwrap()` on an `Err` value: Os { code: 32, kind: BrokenPipe, message: "Broken pipe" }

thread 'tokio-rt-worker' (1219376) panicked at tools/nanospam/src/app.rs:330:63:
called `Result::unwrap()` on an `Err` value: Os { code: 32, kind: BrokenPipe, message: "Broken pipe" }

thread 'tokio-rt-worker' (1220916) panicked at tools/nanospam/src/app.rs:330:63:
called `Result::unwrap()` on an `Err` value: Os { code: 32, kind: BrokenPipe, message: "Broken pipe" }

thread 'tokio-rt-worker' (1220916) panicked at tools/nanospam/src/app.rs:330:63:
called `Result::unwrap()` on an `Err` value: Os { code: 32, kind: BrokenPipe, message: "Broken pipe" }

thread 'tokio-rt-worker' (1219374) panicked at tools/nanospam/src/app.rs:330:63:
called `Result::unwrap()` on an `Err` value: Os { code: 32, kind: BrokenPipe, message: "Broken pipe" }

thread 'tokio-rt-worker' (1219376) panicked at tools/nanospam/src/app.rs:330:63:
called `Result::unwrap()` on an `Err` value: Os { code: 32, kind: BrokenPipe, message: "Broken pipe" }

thread 'tokio-rt-worker' (1220916) panicked at tools/nanospam/src/app.rs:330:63:
called `Result::unwrap()` on an `Err` value: Os { code: 32, kind: BrokenPipe, message: "Broken pipe" }

thread 'tokio-rt-worker' (1219375) panicked at tools/nanospam/src/app.rs:330:63:
called `Result::unwrap()` on an `Err` value: Os { code: 32, kind: BrokenPipe, message: "Broken pipe" }

thread 'tokio-rt-worker' (1219375) panicked at tools/nanospam/src/app.rs:330:63:
called `Result::unwrap()` on an `Err` value: Os { code: 32, kind: BrokenPipe, message: "Broken pipe" }

thread 'tokio-rt-worker' (1220916) panicked at tools/nanospam/src/app.rs:330:63:
called `Result::unwrap()` on an `Err` value: Os { code: 32, kind: BrokenPipe, message: "Broken pipe" }

thread 'tokio-rt-worker' (1219376) panicked at tools/nanospam/src/app.rs:330:63:
called `Result::unwrap()` on an `Err` value: Os { code: 32, kind: BrokenPipe, message: "Broken pipe" }

thread 'tokio-rt-worker' (1219374) panicked at tools/nanospam/src/app.rs:330:63:
called `Result::unwrap()` on an `Err` value: Os { code: 32, kind: BrokenPipe, message: "Broken pipe" }

thread 'tokio-rt-worker' (1219375) panicked at tools/nanospam/src/app.rs:330:63:
called `Result::unwrap()` on an `Err` value: Os { code: 32, kind: BrokenPipe, message: "Broken pipe" }

thread 'tokio-rt-worker' (1219375) panicked at tools/nanospam/src/app.rs:330:63:
called `Result::unwrap()` on an `Err` value: Os { code: 32, kind: BrokenPipe, message: "Broken pipe" }

thread 'tokio-rt-worker' (1219374) panicked at tools/nanospam/src/app.rs:330:63:
called `Result::unwrap()` on an `Err` value: Os { code: 32, kind: BrokenPipe, message: "Broken pipe" }

thread 'tokio-rt-worker' (1219376) panicked at tools/nanospam/src/app.rs:330:63:
called `Result::unwrap()` on an `Err` value: Os { code: 32, kind: BrokenPipe, message: "Broken pipe" }

thread 'tokio-rt-worker' (1220916) panicked at tools/nanospam/src/app.rs:330:63:
called `Result::unwrap()` on an `Err` value: Os { code: 32, kind: BrokenPipe, message: "Broken pipe" }

thread 'tokio-rt-worker' (1219375) panicked at tools/nanospam/src/app.rs:330:63:
called `Result::unwrap()` on an `Err` value: Os { code: 32, kind: BrokenPipe, message: "Broken pipe" }

thread 'tokio-rt-worker' (1219375) panicked at tools/nanospam/src/app.rs:330:63:
called `Result::unwrap()` on an `Err` value: Os { code: 32, kind: BrokenPipe, message: "Broken pipe" }

thread 'tokio-rt-worker' (1220916) panicked at tools/nanospam/src/app.rs:330:63:
called `Result::unwrap()` on an `Err` value: Os { code: 32, kind: BrokenPipe, message: "Broken pipe" }

thread 'tokio-rt-worker' (1219376) panicked at tools/nanospam/src/app.rs:330:63:
called `Result::unwrap()` on an `Err` value: Os { code: 32, kind: BrokenPipe, message: "Broken pipe" }

thread 'tokio-rt-worker' (1219374) panicked at tools/nanospam/src/app.rs:330:63:
called `Result::unwrap()` on an `Err` value: Os { code: 32, kind: BrokenPipe, message: "Broken pipe" }

thread 'tokio-rt-worker' (1219375) panicked at tools/nanospam/src/app.rs:330:63:
called `Result::unwrap()` on an `Err` value: Os { code: 32, kind: BrokenPipe, message: "Broken pipe" }

thread 'tokio-rt-worker' (1219375) panicked at tools/nanospam/src/app.rs:330:63:
called `Result::unwrap()` on an `Err` value: Os { code: 32, kind: BrokenPipe, message: "Broken pipe" }

thread 'tokio-rt-worker' (1219374) panicked at tools/nanospam/src/app.rs:330:63:
called `Result::unwrap()` on an `Err` value: Os { code: 32, kind: BrokenPipe, message: "Broken pipe" }

thread 'tokio-rt-worker' (1219376) panicked at tools/nanospam/src/app.rs:330:63:
called `Result::unwrap()` on an `Err` value: Os { code: 32, kind: BrokenPipe, message: "Broken pipe" }

thread 'tokio-rt-worker' (1220916) panicked at tools/nanospam/src/app.rs:330:63:
called `Result::unwrap()` on an `Err` value: Os { code: 32, kind: BrokenPipe, message: "Broken pipe" }

thread 'tokio-rt-worker' (1219375) panicked at tools/nanospam/src/app.rs:330:63:
called `Result::unwrap()` on an `Err` value: Os { code: 32, kind: BrokenPipe, message: "Broken pipe" }

thread 'tokio-rt-worker' (1219375) panicked at tools/nanospam/src/app.rs:330:63:
called `Result::unwrap()` on an `Err` value: Os { code: 32, kind: BrokenPipe, message: "Broken pipe" }

thread 'tokio-rt-worker' (1220916) panicked at tools/nanospam/src/app.rs:330:63:
called `Result::unwrap()` on an `Err` value: Os { code: 32, kind: BrokenPipe, message: "Broken pipe" }

thread 'tokio-rt-worker' (1219376) panicked at tools/nanospam/src/app.rs:330:63:
called `Result::unwrap()` on an `Err` value: Os { code: 32, kind: BrokenPipe, message: "Broken pipe" }

thread 'tokio-rt-worker' (1219374) panicked at tools/nanospam/src/app.rs:330:63:
called `Result::unwrap()` on an `Err` value: Os { code: 32, kind: BrokenPipe, message: "Broken pipe" }

thread 'tokio-rt-worker' (1219375) panicked at tools/nanospam/src/app.rs:330:63:
called `Result::unwrap()` on an `Err` value: Os { code: 32, kind: BrokenPipe, message: "Broken pipe" }

thread 'tokio-rt-worker' (1219375) panicked at tools/nanospam/src/app.rs:330:63:
called `Result::unwrap()` on an `Err` value: Os { code: 32, kind: BrokenPipe, message: "Broken pipe" }

thread 'tokio-rt-worker' (1219374) panicked at tools/nanospam/src/app.rs:330:63:
called `Result::unwrap()` on an `Err` value: Os { code: 32, kind: BrokenPipe, message: "Broken pipe" }

thread 'tokio-rt-worker' (1219376) panicked at tools/nanospam/src/app.rs:330:63:
called `Result::unwrap()` on an `Err` value: Os { code: 32, kind: BrokenPipe, message: "Broken pipe" }

thread 'tokio-rt-worker' (1220916) panicked at tools/nanospam/src/app.rs:330:63:
called `Result::unwrap()` on an `Err` value: Os { code: 32, kind: BrokenPipe, message: "Broken pipe" }

thread 'tokio-rt-worker' (1219375) panicked at tools/nanospam/src/app.rs:330:63:
called `Result::unwrap()` on an `Err` value: Os { code: 32, kind: BrokenPipe, message: "Broken pipe" }

thread 'tokio-rt-worker' (1219375) panicked at tools/nanospam/src/app.rs:330:63:
called `Result::unwrap()` on an `Err` value: Os { code: 32, kind: BrokenPipe, message: "Broken pipe" }

thread 'tokio-rt-worker' (1220916) panicked at tools/nanospam/src/app.rs:330:63:
called `Result::unwrap()` on an `Err` value: Os { code: 32, kind: BrokenPipe, message: "Broken pipe" }

thread 'tokio-rt-worker' (1219374) panicked at tools/nanospam/src/app.rs:330:63:
called `Result::unwrap()` on an `Err` value: Os { code: 32, kind: BrokenPipe, message: "Broken pipe" }

thread 'tokio-rt-worker' (1219376) panicked at tools/nanospam/src/app.rs:330:63:
called `Result::unwrap()` on an `Err` value: Os { code: 32, kind: BrokenPipe, message: "Broken pipe" }

thread 'tokio-rt-worker' (1219375) panicked at tools/nanospam/src/app.rs:330:63:
called `Result::unwrap()` on an `Err` value: Os { code: 32, kind: BrokenPipe, message: "Broken pipe" }

thread 'tokio-rt-worker' (1219375) panicked at tools/nanospam/src/app.rs:330:63:
called `Result::unwrap()` on an `Err` value: Os { code: 32, kind: BrokenPipe, message: "Broken pipe" }

thread 'tokio-rt-worker' (1219376) panicked at tools/nanospam/src/app.rs:330:63:
called `Result::unwrap()` on an `Err` value: Os { code: 32, kind: BrokenPipe, message: "Broken pipe" }

thread 'tokio-rt-worker' (1219374) panicked at tools/nanospam/src/app.rs:330:63:
called `Result::unwrap()` on an `Err` value: Os { code: 32, kind: BrokenPipe, message: "Broken pipe" }

thread 'tokio-rt-worker' (1220916) panicked at tools/nanospam/src/app.rs:330:63:
called `Result::unwrap()` on an `Err` value: Os { code: 32, kind: BrokenPipe, message: "Broken pipe" }

thread 'tokio-rt-worker' (1219375) panicked at tools/nanospam/src/app.rs:330:63:
called `Result::unwrap()` on an `Err` value: Os { code: 32, kind: BrokenPipe, message: "Broken pipe" }

thread 'tokio-rt-worker' (1219375) panicked at tools/nanospam/src/app.rs:330:63:
called `Result::unwrap()` on an `Err` value: Os { code: 32, kind: BrokenPipe, message: "Broken pipe" }

thread 'tokio-rt-worker' (1220916) panicked at tools/nanospam/src/app.rs:330:63:
called `Result::unwrap()` on an `Err` value: Os { code: 32, kind: BrokenPipe, message: "Broken pipe" }

thread 'tokio-rt-worker' (1219374) panicked at tools/nanospam/src/app.rs:330:63:
called `Result::unwrap()` on an `Err` value: Os { code: 32, kind: BrokenPipe, message: "Broken pipe" }

thread 'tokio-rt-worker' (1219376) panicked at tools/nanospam/src/app.rs:330:63:
called `Result::unwrap()` on an `Err` value: Os { code: 32, kind: BrokenPipe, message: "Broken pipe" }

thread 'tokio-rt-worker' (1219375) panicked at tools/nanospam/src/app.rs:330:63:
called `Result::unwrap()` on an `Err` value: Os { code: 32, kind: BrokenPipe, message: "Broken pipe" }

thread 'tokio-rt-worker' (1219375) panicked at tools/nanospam/src/app.rs:330:63:
called `Result::unwrap()` on an `Err` value: Os { code: 32, kind: BrokenPipe, message: "Broken pipe" }

thread 'tokio-rt-worker' (1219376) panicked at tools/nanospam/src/app.rs:330:63:
called `Result::unwrap()` on an `Err` value: Os { code: 32, kind: BrokenPipe, message: "Broken pipe" }

thread 'tokio-rt-worker' (1219374) panicked at tools/nanospam/src/app.rs:330:63:
called `Result::unwrap()` on an `Err` value: Os { code: 32, kind: BrokenPipe, message: "Broken pipe" }

thread 'tokio-rt-worker' (1220916) panicked at tools/nanospam/src/app.rs:330:63:
called `Result::unwrap()` on an `Err` value: Os { code: 32, kind: BrokenPipe, message: "Broken pipe" }

thread 'tokio-rt-worker' (1219375) panicked at tools/nanospam/src/app.rs:330:63:
called `Result::unwrap()` on an `Err` value: Os { code: 32, kind: BrokenPipe, message: "Broken pipe" }

thread 'tokio-rt-worker' (1219375) panicked at tools/nanospam/src/app.rs:330:63:
called `Result::unwrap()` on an `Err` value: Os { code: 32, kind: BrokenPipe, message: "Broken pipe" }

thread 'tokio-rt-worker' (1220916) panicked at tools/nanospam/src/app.rs:330:63:
called `Result::unwrap()` on an `Err` value: Os { code: 32, kind: BrokenPipe, message: "Broken pipe" }

thread 'tokio-rt-worker' (1219374) panicked at tools/nanospam/src/app.rs:330:63:
called `Result::unwrap()` on an `Err` value: Os { code: 32, kind: BrokenPipe, message: "Broken pipe" }

thread 'tokio-rt-worker' (1219376) panicked at tools/nanospam/src/app.rs:330:63:
called `Result::unwrap()` on an `Err` value: Os { code: 32, kind: BrokenPipe, message: "Broken pipe" }

thread 'tokio-rt-worker' (1219375) panicked at tools/nanospam/src/app.rs:330:63:
called `Result::unwrap()` on an `Err` value: Os { code: 32, kind: BrokenPipe, message: "Broken pipe" }

thread 'tokio-rt-worker' (1219375) panicked at tools/nanospam/src/app.rs:330:63:
called `Result::unwrap()` on an `Err` value: Os { code: 32, kind: BrokenPipe, message: "Broken pipe" }

thread 'tokio-rt-worker' (1220916) panicked at tools/nanospam/src/app.rs:330:63:
called `Result::unwrap()` on an `Err` value: Os { code: 32, kind: BrokenPipe, message: "Broken pipe" }

thread 'tokio-rt-worker' (1219374) panicked at tools/nanospam/src/app.rs:330:63:
called `Result::unwrap()` on an `Err` value: Os { code: 32, kind: BrokenPipe, message: "Broken pipe" }

thread 'tokio-rt-worker' (1219376) panicked at tools/nanospam/src/app.rs:330:63:
called `Result::unwrap()` on an `Err` value: Os { code: 32, kind: BrokenPipe, message: "Broken pipe" }

thread 'tokio-rt-worker' (1219375) panicked at tools/nanospam/src/app.rs:330:63:
called `Result::unwrap()` on an `Err` value: Os { code: 32, kind: BrokenPipe, message: "Broken pipe" }

thread 'tokio-rt-worker' (1219375) panicked at tools/nanospam/src/app.rs:330:63:
called `Result::unwrap()` on an `Err` value: Os { code: 32, kind: BrokenPipe, message: "Broken pipe" }

thread 'tokio-rt-worker' (1219376) panicked at tools/nanospam/src/app.rs:330:63:
called `Result::unwrap()` on an `Err` value: Os { code: 32, kind: BrokenPipe, message: "Broken pipe" }

thread 'tokio-rt-worker' (1219374) panicked at tools/nanospam/src/app.rs:330:63:
called `Result::unwrap()` on an `Err` value: Os { code: 32, kind: BrokenPipe, message: "Broken pipe" }

thread 'tokio-rt-worker' (1220916) panicked at tools/nanospam/src/app.rs:330:63:
called `Result::unwrap()` on an `Err` value: Os { code: 32, kind: BrokenPipe, message: "Broken pipe" }

thread 'tokio-rt-worker' (1219375) panicked at tools/nanospam/src/app.rs:330:63:
called `Result::unwrap()` on an `Err` value: Os { code: 32, kind: BrokenPipe, message: "Broken pipe" }

thread 'tokio-rt-worker' (1219375) panicked at tools/nanospam/src/app.rs:330:63:
called `Result::unwrap()` on an `Err` value: Os { code: 32, kind: BrokenPipe, message: "Broken pipe" }

thread 'tokio-rt-worker' (1220916) panicked at tools/nanospam/src/app.rs:330:63:
called `Result::unwrap()` on an `Err` value: Os { code: 32, kind: BrokenPipe, message: "Broken pipe" }

thread 'tokio-rt-worker' (1219376) panicked at tools/nanospam/src/app.rs:330:63:
called `Result::unwrap()` on an `Err` value: Os { code: 32, kind: BrokenPipe, message: "Broken pipe" }

thread 'tokio-rt-worker' (1219375) panicked at tools/nanospam/src/app.rs:330:63:
called `Result::unwrap()` on an `Err` value: Os { code: 32, kind: BrokenPipe, message: "Broken pipe" }

thread 'tokio-rt-worker' (1219374) panicked at tools/nanospam/src/app.rs:330:63:
called `Result::unwrap()` on an `Err` value: Os { code: 32, kind: BrokenPipe, message: "Broken pipe" }

thread 'tokio-rt-worker' (1219374) panicked at tools/nanospam/src/app.rs:330:63:
called `Result::unwrap()` on an `Err` value: Os { code: 32, kind: BrokenPipe, message: "Broken pipe" }

thread 'tokio-rt-worker' (1219375) panicked at tools/nanospam/src/app.rs:330:63:
called `Result::unwrap()` on an `Err` value: Os { code: 32, kind: BrokenPipe, message: "Broken pipe" }

thread 'tokio-rt-worker' (1219376) panicked at tools/nanospam/src/app.rs:330:63:
called `Result::unwrap()` on an `Err` value: Os { code: 32, kind: BrokenPipe, message: "Broken pipe" }

thread 'tokio-rt-worker' (1219374) panicked at tools/nanospam/src/app.rs:330:63:
called `Result::unwrap()` on an `Err` value: Os { code: 32, kind: BrokenPipe, message: "Broken pipe" }

thread 'tokio-rt-worker' (1220916) panicked at tools/nanospam/src/app.rs:330:63:
called `Result::unwrap()` on an `Err` value: Os { code: 32, kind: BrokenPipe, message: "Broken pipe" }
[2m2026-09-23T07:38:17.906822Z[0m [32m INFO[0m [2mnanospam::app[0m[2m:[0m Confirmed 42,792 blocks | 2,000 bps | 0 cps | avg conf time: 0 ms

thread 'tokio-rt-worker' (1221116) panicked at tools/nanospam/src/app.rs:330:63:
called `Result::unwrap()` on an `Err` value: Os { code: 32, kind: BrokenPipe, message: "Broken pipe" }

thread 'tokio-rt-worker' (1219376) panicked at tools/nanospam/src/app.rs:330:63:
called `Result::unwrap()` on an `Err` value: Os { code: 32, kind: BrokenPipe, message: "Broken pipe" }

thread 'tokio-rt-worker' (1220916) panicked at tools/nanospam/src/app.rs:330:63:
called `Result::unwrap()` on an `Err` value: Os { code: 32, kind: BrokenPipe, message: "Broken pipe" }

thread 'tokio-rt-worker' (1219374) panicked at tools/nanospam/src/app.rs:330:63:
called `Result::unwrap()` on an `Err` value: Os { code: 32, kind: BrokenPipe, message: "Broken pipe" }

thread 'tokio-rt-worker' (1221116) panicked at tools/nanospam/src/app.rs:330:63:
called `Result::unwrap()` on an `Err` value: Os { code: 32, kind: BrokenPipe, message: "Broken pipe" }

thread 'tokio-rt-worker' (1221116) panicked at tools/nanospam/src/app.rs:330:63:
called `Result::unwrap()` on an `Err` value: Os { code: 32, kind: BrokenPipe, message: "Broken pipe" }

thread 'tokio-rt-worker' (1219374) panicked at tools/nanospam/src/app.rs:330:63:
called `Result::unwrap()` on an `Err` value: Os { code: 32, kind: BrokenPipe, message: "Broken pipe" }

thread 'tokio-rt-worker' (1220916) panicked at tools/nanospam/src/app.rs:330:63:
called `Result::unwrap()` on an `Err` value: Os { code: 32, kind: BrokenPipe, message: "Broken pipe" }

thread 'tokio-rt-worker' (1221116) panicked at tools/nanospam/src/app.rs:330:63:
called `Result::unwrap()` on an `Err` value: Os { code: 32, kind: BrokenPipe, message: "Broken pipe" }

thread 'tokio-rt-worker' (1219376) panicked at tools/nanospam/src/app.rs:330:63:
called `Result::unwrap()` on an `Err` value: Os { code: 32, kind: BrokenPipe, message: "Broken pipe" }

thread 'tokio-rt-worker' (1219376) panicked at tools/nanospam/src/app.rs:330:63:
called `Result::unwrap()` on an `Err` value: Os { code: 32, kind: BrokenPipe, message: "Broken pipe" }

thread 'tokio-rt-worker' (1221116) panicked at tools/nanospam/src/app.rs:330:63:
called `Result::unwrap()` on an `Err` value: Os { code: 32, kind: BrokenPipe, message: "Broken pipe" }

thread 'tokio-rt-worker' (1220916) panicked at tools/nanospam/src/app.rs:330:63:
called `Result::unwrap()` on an `Err` value: Os { code: 32, kind: BrokenPipe, message: "Broken pipe" }

thread 'tokio-rt-worker' (1219374) panicked at tools/nanospam/src/app.rs:330:63:
called `Result::unwrap()` on an `Err` value: Os { code: 32, kind: BrokenPipe, message: "Broken pipe" }

thread 'tokio-rt-worker' (1219376) panicked at tools/nanospam/src/app.rs:330:63:
called `Result::unwrap()` on an `Err` value: Os { code: 32, kind: BrokenPipe, message: "Broken pipe" }

thread 'tokio-rt-worker' (1219376) panicked at tools/nanospam/src/app.rs:330:63:
called `Result::unwrap()` on an `Err` value: Os { code: 32, kind: BrokenPipe, message: "Broken pipe" }

thread 'tokio-rt-worker' (1220916) panicked at tools/nanospam/src/app.rs:330:63:
called `Result::unwrap()` on an `Err` value: Os { code: 32, kind: BrokenPipe, message: "Broken pipe" }

thread 'tokio-rt-worker' (1219374) panicked at tools/nanospam/src/app.rs:330:63:
called `Result::unwrap()` on an `Err` value: Os { code: 32, kind: BrokenPipe, message: "Broken pipe" }

thread 'tokio-rt-worker' (1221116) panicked at tools/nanospam/src/app.rs:330:63:
called `Result::unwrap()` on an `Err` value: Os { code: 32, kind: BrokenPipe, message: "Broken pipe" }

thread 'tokio-rt-worker' (1219376) panicked at tools/nanospam/src/app.rs:330:63:
called `Result::unwrap()` on an `Err` value: Os { code: 32, kind: BrokenPipe, message: "Broken pipe" }

thread 'tokio-rt-worker' (1219376) panicked at tools/nanospam/src/app.rs:330:63:
called `Result::unwrap()` on an `Err` value: Os { code: 32, kind: BrokenPipe, message: "Broken pipe" }

thread 'tokio-rt-worker' (1219374) panicked at tools/nanospam/src/app.rs:330:63:
called `Result::unwrap()` on an `Err` value: Os { code: 32, kind: BrokenPipe, message: "Broken pipe" }

thread 'tokio-rt-worker' (1220916) panicked at tools/nanospam/src/app.rs:330:63:
called `Result::unwrap()` on an `Err` value: Os { code: 32, kind: BrokenPipe, message: "Broken pipe" }

thread 'tokio-rt-worker' (1221116) panicked at tools/nanospam/src/app.rs:330:63:
called `Result::unwrap()` on an `Err` value: Os { code: 32, kind: BrokenPipe, message: "Broken pipe" }

thread 'tokio-rt-worker' (1219374) panicked at tools/nanospam/src/app.rs:330:63:
called `Result::unwrap()` on an `Err` value: Os { code: 32, kind: BrokenPipe, message: "Broken pipe" }

thread 'tokio-rt-worker' (1219374) panicked at tools/nanospam/src/app.rs:330:63:
called `Result::unwrap()` on an `Err` value: Os { code: 32, kind: BrokenPipe, message: "Broken pipe" }

thread 'tokio-rt-worker' (1221116) panicked at tools/nanospam/src/app.rs:330:63:
called `Result::unwrap()` on an `Err` value: Os { code: 32, kind: BrokenPipe, message: "Broken pipe" }

thread 'tokio-rt-worker' (1220916) panicked at tools/nanospam/src/app.rs:330:63:
called `Result::unwrap()` on an `Err` value: Os { code: 32, kind: BrokenPipe, message: "Broken pipe" }

thread 'tokio-rt-worker' (1219376) panicked at tools/nanospam/src/app.rs:330:63:
called `Result::unwrap()` on an `Err` value: Os { code: 32, kind: BrokenPipe, message: "Broken pipe" }

thread 'tokio-rt-worker' (1219374) panicked at tools/nanospam/src/app.rs:330:63:
called `Result::unwrap()` on an `Err` value: Os { code: 32, kind: BrokenPipe, message: "Broken pipe" }

thread 'tokio-rt-worker' (1219374) panicked at tools/nanospam/src/app.rs:330:63:
called `Result::unwrap()` on an `Err` value: Os { code: 32, kind: BrokenPipe, message: "Broken pipe" }

thread 'tokio-rt-worker' (1219376) panicked at tools/nanospam/src/app.rs:330:63:
called `Result::unwrap()` on an `Err` value: Os { code: 32, kind: BrokenPipe, message: "Broken pipe" }

thread 'tokio-rt-worker' (1220916) panicked at tools/nanospam/src/app.rs:330:63:
called `Result::unwrap()` on an `Err` value: Os { code: 32, kind: BrokenPipe, message: "Broken pipe" }

thread 'tokio-rt-worker' (1219374) panicked at tools/nanospam/src/app.rs:330:63:
called `Result::unwrap()` on an `Err` value: Os { code: 32, kind: BrokenPipe, message: "Broken pipe" }

thread 'tokio-rt-worker' (1221116) panicked at tools/nanospam/src/app.rs:330:63:
called `Result::unwrap()` on an `Err` value: Os { code: 32, kind: BrokenPipe, message: "Broken pipe" }

thread 'tokio-rt-worker' (1221116) panicked at tools/nanospam/src/app.rs:330:63:
called `Result::unwrap()` on an `Err` value: Os { code: 32, kind: BrokenPipe, message: "Broken pipe" }

thread 'tokio-rt-worker' (1219374) panicked at tools/nanospam/src/app.rs:330:63:
called `Result::unwrap()` on an `Err` value: Os { code: 32, kind: BrokenPipe, message: "Broken pipe" }

thread 'tokio-rt-worker' (1221116) panicked at tools/nanospam/src/app.rs:330:63:
called `Result::unwrap()` on an `Err` value: Os { code: 32, kind: BrokenPipe, message: "Broken pipe" }

thread 'tokio-rt-worker' (1220916) panicked at tools/nanospam/src/app.rs:330:63:
called `Result::unwrap()` on an `Err` value: Os { code: 32, kind: BrokenPipe, message: "Broken pipe" }

thread 'tokio-rt-worker' (1219376) panicked at tools/nanospam/src/app.rs:330:63:
called `Result::unwrap()` on an `Err` value: Os { code: 32, kind: BrokenPipe, message: "Broken pipe" }

thread 'tokio-rt-worker' (1219376) panicked at tools/nanospam/src/app.rs:330:63:
called `Result::unwrap()` on an `Err` value: Os { code: 32, kind: BrokenPipe, message: "Broken pipe" }

thread 'tokio-rt-worker' (1220916) panicked at tools/nanospam/src/app.rs:330:63:
called `Result::unwrap()` on an `Err` value: Os { code: 32, kind: BrokenPipe, message: "Broken pipe" }

thread 'tokio-rt-worker' (1221116) panicked at tools/nanospam/src/app.rs:330:63:
called `Result::unwrap()` on an `Err` value: Os { code: 32, kind: BrokenPipe, message: "Broken pipe" }

thread 'tokio-rt-worker' (1219376) panicked at tools/nanospam/src/app.rs:330:63:
called `Result::unwrap()` on an `Err` value: Os { code: 32, kind: BrokenPipe, message: "Broken pipe" }

thread 'tokio-rt-worker' (1219374) panicked at tools/nanospam/src/app.rs:330:63:
called `Result::unwrap()` on an `Err` value: Os { code: 32, kind: BrokenPipe, message: "Broken pipe" }

thread 'tokio-rt-worker' (1219374) panicked at tools/nanospam/src/app.rs:330:63:
called `Result::unwrap()` on an `Err` value: Os { code: 32, kind: BrokenPipe, message: "Broken pipe" }

thread 'tokio-rt-worker' (1219376) panicked at tools/nanospam/src/app.rs:330:63:
called `Result::unwrap()` on an `Err` value: Os { code: 32, kind: BrokenPipe, message: "Broken pipe" }

thread 'tokio-rt-worker' (1221116) panicked at tools/nanospam/src/app.rs:330:63:
called `Result::unwrap()` on an `Err` value: Os { code: 32, kind: BrokenPipe, message: "Broken pipe" }

thread 'tokio-rt-worker' (1219374) panicked at tools/nanospam/src/app.rs:330:63:
called `Result::unwrap()` on an `Err` value: Os { code: 32, kind: BrokenPipe, message: "Broken pipe" }

thread 'tokio-rt-worker' (1220916) panicked at tools/nanospam/src/app.rs:330:63:
called `Result::unwrap()` on an `Err` value: Os { code: 32, kind: BrokenPipe, message: "Broken pipe" }

thread 'tokio-rt-worker' (1219374) panicked at tools/nanospam/src/app.rs:330:63:
called `Result::unwrap()` on an `Err` value: Os { code: 32, kind: BrokenPipe, message: "Broken pipe" }

thread 'tokio-rt-worker' (1220916) panicked at tools/nanospam/src/app.rs:330:63:
called `Result::unwrap()` on an `Err` value: Os { code: 32, kind: BrokenPipe, message: "Broken pipe" }

thread 'tokio-rt-worker' (1219376) panicked at tools/nanospam/src/app.rs:330:63:
called `Result::unwrap()` on an `Err` value: Os { code: 32, kind: BrokenPipe, message: "Broken pipe" }

thread 'tokio-rt-worker' (1221116) panicked at tools/nanospam/src/app.rs:330:63:
called `Result::unwrap()` on an `Err` value: Os { code: 32, kind: BrokenPipe, message: "Broken pipe" }

thread 'tokio-rt-worker' (1219374) panicked at tools/nanospam/src/app.rs:330:63:
called `Result::unwrap()` on an `Err` value: Os { code: 32, kind: BrokenPipe, message: "Broken pipe" }

thread 'tokio-rt-worker' (1219374) panicked at tools/nanospam/src/app.rs:330:63:
called `Result::unwrap()` on an `Err` value: Os { code: 32, kind: BrokenPipe, message: "Broken pipe" }

thread 'tokio-rt-worker' (1221116) panicked at tools/nanospam/src/app.rs:330:63:
called `Result::unwrap()` on an `Err` value: Os { code: 32, kind: BrokenPipe, message: "Broken pipe" }

thread 'tokio-rt-worker' (1219376) panicked at tools/nanospam/src/app.rs:330:63:
called `Result::unwrap()` on an `Err` value: Os { code: 32, kind: BrokenPipe, message: "Broken pipe" }

thread 'tokio-rt-worker' (1220916) panicked at tools/nanospam/src/app.rs:330:63:
called `Result::unwrap()` on an `Err` value: Os { code: 32, kind: BrokenPipe, message: "Broken pipe" }

thread 'tokio-rt-worker' (1219374) panicked at tools/nanospam/src/app.rs:330:63:
called `Result::unwrap()` on an `Err` value: Os { code: 32, kind: BrokenPipe, message: "Broken pipe" }

thread 'tokio-rt-worker' (1219374) panicked at tools/nanospam/src/app.rs:330:63:
called `Result::unwrap()` on an `Err` value: Os { code: 32, kind: BrokenPipe, message: "Broken pipe" }

thread 'tokio-rt-worker' (1220916) panicked at tools/nanospam/src/app.rs:330:63:
called `Result::unwrap()` on an `Err` value: Os { code: 32, kind: BrokenPipe, message: "Broken pipe" }

thread 'tokio-rt-worker' (1219376) panicked at tools/nanospam/src/app.rs:330:63:
called `Result::unwrap()` on an `Err` value: Os { code: 32, kind: BrokenPipe, message: "Broken pipe" }

thread 'tokio-rt-worker' (1219374) panicked at tools/nanospam/src/app.rs:330:63:
called `Result::unwrap()` on an `Err` value: Os { code: 32, kind: BrokenPipe, message: "Broken pipe" }

thread 'tokio-rt-worker' (1221116) panicked at tools/nanospam/src/app.rs:330:63:
called `Result::unwrap()` on an `Err` value: Os { code: 32, kind: BrokenPipe, message: "Broken pipe" }

thread 'tokio-rt-worker' (1219376) panicked at tools/nanospam/src/app.rs:330:63:
called `Result::unwrap()` on an `Err` value: Os { code: 32, kind: BrokenPipe, message: "Broken pipe" }

thread 'tokio-rt-worker' (1221116) panicked at tools/nanospam/src/app.rs:330:63:
called `Result::unwrap()` on an `Err` value: Os { code: 32, kind: BrokenPipe, message: "Broken pipe" }

thread 'tokio-rt-worker' (1219376) panicked at tools/nanospam/src/app.rs:330:63:
called `Result::unwrap()` on an `Err` value: Os { code: 32, kind: BrokenPipe, message: "Broken pipe" }

thread 'tokio-rt-worker' (1221116) panicked at tools/nanospam/src/app.rs:330:63:
called `Result::unwrap()` on an `Err` value: Os { code: 32, kind: BrokenPipe, message: "Broken pipe" }

thread 'tokio-rt-worker' (1219374) panicked at tools/nanospam/src/app.rs:330:63:
called `Result::unwrap()` on an `Err` value: Os { code: 32, kind: BrokenPipe, message: "Broken pipe" }

thread 'tokio-rt-worker' (1219374) panicked at tools/nanospam/src/app.rs:330:63:
called `Result::unwrap()` on an `Err` value: Os { code: 32, kind: BrokenPipe, message: "Broken pipe" }

thread 'tokio-rt-worker' (1221116) panicked at tools/nanospam/src/app.rs:330:63:
called `Result::unwrap()` on an `Err` value: Os { code: 32, kind: BrokenPipe, message: "Broken pipe" }

thread 'tokio-rt-worker' (1219376) panicked at tools/nanospam/src/app.rs:330:63:
called `Result::unwrap()` on an `Err` value: Os { code: 32, kind: BrokenPipe, message: "Broken pipe" }

thread 'tokio-rt-worker' (1219374) panicked at tools/nanospam/src/app.rs:330:63:
called `Result::unwrap()` on an `Err` value: Os { code: 32, kind: BrokenPipe, message: "Broken pipe" }

thread 'tokio-rt-worker' (1220916) panicked at tools/nanospam/src/app.rs:330:63:
called `Result::unwrap()` on an `Err` value: Os { code: 32, kind: BrokenPipe, message: "Broken pipe" }

thread 'tokio-rt-worker' (1219376) panicked at tools/nanospam/src/app.rs:330:63:
called `Result::unwrap()` on an `Err` value: Os { code: 32, kind: BrokenPipe, message: "Broken pipe" }

thread 'tokio-rt-worker' (1220916) panicked at tools/nanospam/src/app.rs:330:63:
called `Result::unwrap()` on an `Err` value: Os { code: 32, kind: BrokenPipe, message: "Broken pipe" }

thread 'tokio-rt-worker' (1219374) panicked at tools/nanospam/src/app.rs:330:63:
called `Result::unwrap()` on an `Err` value: Os { code: 32, kind: BrokenPipe, message: "Broken pipe" }

thread 'tokio-rt-worker' (1220916) panicked at tools/nanospam/src/app.rs:330:63:
called `Result::unwrap()` on an `Err` value: Os { code: 32, kind: BrokenPipe, message: "Broken pipe" }

thread 'tokio-rt-worker' (1219376) panicked at tools/nanospam/src/app.rs:330:63:
called `Result::unwrap()` on an `Err` value: Os { code: 32, kind: BrokenPipe, message: "Broken pipe" }

thread 'tokio-rt-worker' (1219376) panicked at tools/nanospam/src/app.rs:330:63:
called `Result::unwrap()` on an `Err` value: Os { code: 32, kind: BrokenPipe, message: "Broken pipe" }

thread 'tokio-rt-worker' (1219374) panicked at tools/nanospam/src/app.rs:330:63:
called `Result::unwrap()` on an `Err` value: Os { code: 32, kind: BrokenPipe, message: "Broken pipe" }

thread 'tokio-rt-worker' (1220916) panicked at tools/nanospam/src/app.rs:330:63:
called `Result::unwrap()` on an `Err` value: Os { code: 32, kind: BrokenPipe, message: "Broken pipe" }

thread 'tokio-rt-worker' (1219376) panicked at tools/nanospam/src/app.rs:330:63:
called `Result::unwrap()` on an `Err` value: Os { code: 32, kind: BrokenPipe, message: "Broken pipe" }

thread 'tokio-rt-worker' (1221116) panicked at tools/nanospam/src/app.rs:330:63:
called `Result::unwrap()` on an `Err` value: Os { code: 32, kind: BrokenPipe, message: "Broken pipe" }

thread 'tokio-rt-worker' (1221116) panicked at tools/nanospam/src/app.rs:330:63:
called `Result::unwrap()` on an `Err` value: Os { code: 32, kind: BrokenPipe, message: "Broken pipe" }

thread 'tokio-rt-worker' (1219376) panicked at tools/nanospam/src/app.rs:330:63:
called `Result::unwrap()` on an `Err` value: Os { code: 32, kind: BrokenPipe, message: "Broken pipe" }

thread 'tokio-rt-worker' (1220916) panicked at tools/nanospam/src/app.rs:330:63:
called `Result::unwrap()` on an `Err` value: Os { code: 32, kind: BrokenPipe, message: "Broken pipe" }

thread 'tokio-rt-worker' (1219374) panicked at tools/nanospam/src/app.rs:330:63:
called `Result::unwrap()` on an `Err` value: Os { code: 32, kind: BrokenPipe, message: "Broken pipe" }

thread 'tokio-rt-worker' (1221116) panicked at tools/nanospam/src/app.rs:330:63:
called `Result::unwrap()` on an `Err` value: Os { code: 32, kind: BrokenPipe, message: "Broken pipe" }

thread 'tokio-rt-worker' (1221116) panicked at tools/nanospam/src/app.rs:330:63:
called `Result::unwrap()` on an `Err` value: Os { code: 32, kind: BrokenPipe, message: "Broken pipe" }

thread 'tokio-rt-worker' (1219374) panicked at tools/nanospam/src/app.rs:330:63:
called `Result::unwrap()` on an `Err` value: Os { code: 32, kind: BrokenPipe, message: "Broken pipe" }

thread 'tokio-rt-worker' (1220916) panicked at tools/nanospam/src/app.rs:330:63:
called `Result::unwrap()` on an `Err` value: Os { code: 32, kind: BrokenPipe, message: "Broken pipe" }

thread 'tokio-rt-worker' (1219376) panicked at tools/nanospam/src/app.rs:330:63:
called `Result::unwrap()` on an `Err` value: Os { code: 32, kind: BrokenPipe, message: "Broken pipe" }

thread 'tokio-rt-worker' (1221116) panicked at tools/nanospam/src/app.rs:330:63:
called `Result::unwrap()` on an `Err` value: Os { code: 32, kind: BrokenPipe, message: "Broken pipe" }

thread 'tokio-rt-worker' (1220916) panicked at tools/nanospam/src/app.rs:330:63:
called `Result::unwrap()` on an `Err` value: Os { code: 32, kind: BrokenPipe, message: "Broken pipe" }

thread 'tokio-rt-worker' (1221116) panicked at tools/nanospam/src/app.rs:330:63:
called `Result::unwrap()` on an `Err` value: Os { code: 32, kind: BrokenPipe, message: "Broken pipe" }

thread 'tokio-rt-worker' (1220916) panicked at tools/nanospam/src/app.rs:330:63:
called `Result::unwrap()` on an `Err` value: Os { code: 32, kind: BrokenPipe, message: "Broken pipe" }

thread 'tokio-rt-worker' (1221116) panicked at tools/nanospam/src/app.rs:330:63:
called `Result::unwrap()` on an `Err` value: Os { code: 32, kind: BrokenPipe, message: "Broken pipe" }

thread 'tokio-rt-worker' (1219376) panicked at tools/nanospam/src/app.rs:330:63:
called `Result::unwrap()` on an `Err` value: Os { code: 32, kind: BrokenPipe, message: "Broken pipe" }

thread 'tokio-rt-worker' (1219376) panicked at tools/nanospam/src/app.rs:330:63:
called `Result::unwrap()` on an `Err` value: Os { code: 32, kind: BrokenPipe, message: "Broken pipe" }

thread 'tokio-rt-worker' (1221116) panicked at tools/nanospam/src/app.rs:330:63:
called `Result::unwrap()` on an `Err` value: Os { code: 32, kind: BrokenPipe, message: "Broken pipe" }

thread 'tokio-rt-worker' (1220916) panicked at tools/nanospam/src/app.rs:330:63:
called `Result::unwrap()` on an `Err` value: Os { code: 32, kind: BrokenPipe, message: "Broken pipe" }

thread 'tokio-rt-worker' (1219374) panicked at tools/nanospam/src/app.rs:330:63:
called `Result::unwrap()` on an `Err` value: Os { code: 32, kind: BrokenPipe, message: "Broken pipe" }

thread 'tokio-rt-worker' (1219376) panicked at tools/nanospam/src/app.rs:330:63:
called `Result::unwrap()` on an `Err` value: Os { code: 32, kind: BrokenPipe, message: "Broken pipe" }

thread 'tokio-rt-worker' (1219376) panicked at tools/nanospam/src/app.rs:330:63:
called `Result::unwrap()` on an `Err` value: Os { code: 32, kind: BrokenPipe, message: "Broken pipe" }

thread 'tokio-rt-worker' (1219374) panicked at tools/nanospam/src/app.rs:330:63:
called `Result::unwrap()` on an `Err` value: Os { code: 32, kind: BrokenPipe, message: "Broken pipe" }

thread 'tokio-rt-worker' (1220916) panicked at tools/nanospam/src/app.rs:330:63:
called `Result::unwrap()` on an `Err` value: Os { code: 32, kind: BrokenPipe, message: "Broken pipe" }

thread 'tokio-rt-worker' (1219376) panicked at tools/nanospam/src/app.rs:330:63:
called `Result::unwrap()` on an `Err` value: Os { code: 32, kind: BrokenPipe, message: "Broken pipe" }

thread 'tokio-rt-worker' (1221116) panicked at tools/nanospam/src/app.rs:330:63:
called `Result::unwrap()` on an `Err` value: Os { code: 32, kind: BrokenPipe, message: "Broken pipe" }

thread 'tokio-rt-worker' (1221116) panicked at tools/nanospam/src/app.rs:330:63:
called `Result::unwrap()` on an `Err` value: Os { code: 32, kind: BrokenPipe, message: "Broken pipe" }

thread 'tokio-rt-worker' (1219376) panicked at tools/nanospam/src/app.rs:330:63:
called `Result::unwrap()` on an `Err` value: Os { code: 32, kind: BrokenPipe, message: "Broken pipe" }

thread 'tokio-rt-worker' (1220916) panicked at tools/nanospam/src/app.rs:330:63:
called `Result::unwrap()` on an `Err` value: Os { code: 32, kind: BrokenPipe, message: "Broken pipe" }

thread 'tokio-rt-worker' (1219374) panicked at tools/nanospam/src/app.rs:330:63:
called `Result::unwrap()` on an `Err` value: Os { code: 32, kind: BrokenPipe, message: "Broken pipe" }

thread 'tokio-rt-worker' (1221116) panicked at tools/nanospam/src/app.rs:330:63:
called `Result::unwrap()` on an `Err` value: Os { code: 32, kind: BrokenPipe, message: "Broken pipe" }

thread 'tokio-rt-worker' (1221116) panicked at tools/nanospam/src/app.rs:330:63:
called `Result::unwrap()` on an `Err` value: Os { code: 32, kind: BrokenPipe, message: "Broken pipe" }

thread 'tokio-rt-worker' (1219374) panicked at tools/nanospam/src/app.rs:330:63:
called `Result::unwrap()` on an `Err` value: Os { code: 32, kind: BrokenPipe, message: "Broken pipe" }

thread 'tokio-rt-worker' (1220916) panicked at tools/nanospam/src/app.rs:330:63:
called `Result::unwrap()` on an `Err` value: Os { code: 32, kind: BrokenPipe, message: "Broken pipe" }

thread 'tokio-rt-worker' (1219376) panicked at tools/nanospam/src/app.rs:330:63:
called `Result::unwrap()` on an `Err` value: Os { code: 32, kind: BrokenPipe, message: "Broken pipe" }

thread 'tokio-rt-worker' (1221116) panicked at tools/nanospam/src/app.rs:330:63:
called `Result::unwrap()` on an `Err` value: Os { code: 32, kind: BrokenPipe, message: "Broken pipe" }

thread 'tokio-rt-worker' (1221116) panicked at tools/nanospam/src/app.rs:330:63:
called `Result::unwrap()` on an `Err` value: Os { code: 32, kind: BrokenPipe, message: "Broken pipe" }

thread 'tokio-rt-worker' (1219376) panicked at tools/nanospam/src/app.rs:330:63:
called `Result::unwrap()` on an `Err` value: Os { code: 32, kind: BrokenPipe, message: "Broken pipe" }

thread 'tokio-rt-worker' (1220916) panicked at tools/nanospam/src/app.rs:330:63:
called `Result::unwrap()` on an `Err` value: Os { code: 32, kind: BrokenPipe, message: "Broken pipe" }

thread 'tokio-rt-worker' (1221116) panicked at tools/nanospam/src/app.rs:330:63:
called `Result::unwrap()` on an `Err` value: Os { code: 32, kind: BrokenPipe, message: "Broken pipe" }

thread 'tokio-rt-worker' (1219374) panicked at tools/nanospam/src/app.rs:330:63:
called `Result::unwrap()` on an `Err` value: Os { code: 32, kind: BrokenPipe, message: "Broken pipe" }

thread 'tokio-rt-worker' (1219374) panicked at tools/nanospam/src/app.rs:330:63:
called `Result::unwrap()` on an `Err` value: Os { code: 32, kind: BrokenPipe, message: "Broken pipe" }

thread 'tokio-rt-worker' (1221116) panicked at tools/nanospam/src/app.rs:330:63:
called `Result::unwrap()` on an `Err` value: Os { code: 32, kind: BrokenPipe, message: "Broken pipe" }

thread 'tokio-rt-worker' (1220916) panicked at tools/nanospam/src/app.rs:330:63:
called `Result::unwrap()` on an `Err` value: Os { code: 32, kind: BrokenPipe, message: "Broken pipe" }

thread 'tokio-rt-worker' (1219374) panicked at tools/nanospam/src/app.rs:330:63:
called `Result::unwrap()` on an `Err` value: Os { code: 32, kind: BrokenPipe, message: "Broken pipe" }

thread 'tokio-rt-worker' (1219376) panicked at tools/nanospam/src/app.rs:330:63:
called `Result::unwrap()` on an `Err` value: Os { code: 32, kind: BrokenPipe, message: "Broken pipe" }

thread 'tokio-rt-worker' (1219376) panicked at tools/nanospam/src/app.rs:330:63:
called `Result::unwrap()` on an `Err` value: Os { code: 32, kind: BrokenPipe, message: "Broken pipe" }

thread 'tokio-rt-worker' (1219374) panicked at tools/nanospam/src/app.rs:330:63:
called `Result::unwrap()` on an `Err` value: Os { code: 32, kind: BrokenPipe, message: "Broken pipe" }

thread 'tokio-rt-worker' (1220916) panicked at tools/nanospam/src/app.rs:330:63:
called `Result::unwrap()` on an `Err` value: Os { code: 32, kind: BrokenPipe, message: "Broken pipe" }

thread 'tokio-rt-worker' (1219376) panicked at tools/nanospam/src/app.rs:330:63:
called `Result::unwrap()` on an `Err` value: Os { code: 32, kind: BrokenPipe, message: "Broken pipe" }

thread 'tokio-rt-worker' (1221116) panicked at tools/nanospam/src/app.rs:330:63:
called `Result::unwrap()` on an `Err` value: Os { code: 32, kind: BrokenPipe, message: "Broken pipe" }

thread 'tokio-rt-worker' (1221116) panicked at tools/nanospam/src/app.rs:330:63:
called `Result::unwrap()` on an `Err` value: Os { code: 32, kind: BrokenPipe, message: "Broken pipe" }

thread 'tokio-rt-worker' (1220916) panicked at tools/nanospam/src/app.rs:330:63:
called `Result::unwrap()` on an `Err` value: Os { code: 32, kind: BrokenPipe, message: "Broken pipe" }

thread 'tokio-rt-worker' (1219376) panicked at tools/nanospam/src/app.rs:330:63:
called `Result::unwrap()` on an `Err` value: Os { code: 32, kind: BrokenPipe, message: "Broken pipe" }

thread 'tokio-rt-worker' (1221116) panicked at tools/nanospam/src/app.rs:330:63:
called `Result::unwrap()` on an `Err` value: Os { code: 32, kind: BrokenPipe, message: "Broken pipe" }

thread 'tokio-rt-worker' (1219374) panicked at tools/nanospam/src/app.rs:330:63:
called `Result::unwrap()` on an `Err` value: Os { code: 32, kind: BrokenPipe, message: "Broken pipe" }

thread 'tokio-rt-worker' (1219376) panicked at tools/nanospam/src/app.rs:330:63:
called `Result::unwrap()` on an `Err` value: Os { code: 32, kind: BrokenPipe, message: "Broken pipe" }

thread 'tokio-rt-worker' (1219374) panicked at tools/nanospam/src/app.rs:330:63:
called `Result::unwrap()` on an `Err` value: Os { code: 32, kind: BrokenPipe, message: "Broken pipe" }

thread 'tokio-rt-worker' (1219376) panicked at tools/nanospam/src/app.rs:330:63:
called `Result::unwrap()` on an `Err` value: Os { code: 32, kind: BrokenPipe, message: "Broken pipe" }

thread 'tokio-rt-worker' (1219374) panicked at tools/nanospam/src/app.rs:330:63:
called `Result::unwrap()` on an `Err` value: Os { code: 32, kind: BrokenPipe, message: "Broken pipe" }

thread 'tokio-rt-worker' (1219376) panicked at tools/nanospam/src/app.rs:330:63:
called `Result::unwrap()` on an `Err` value: Os { code: 32, kind: BrokenPipe, message: "Broken pipe" }

thread 'tokio-rt-worker' (1221115) panicked at tools/nanospam/src/app.rs:330:63:
called `Result::unwrap()` on an `Err` value: Os { code: 32, kind: BrokenPipe, message: "Broken pipe" }

thread 'tokio-rt-worker' (1221116) panicked at tools/nanospam/src/app.rs:330:63:
called `Result::unwrap()` on an `Err` value: Os { code: 32, kind: BrokenPipe, message: "Broken pipe" }

thread 'tokio-rt-worker' (1219376) panicked at tools/nanospam/src/app.rs:330:63:
called `Result::unwrap()` on an `Err` value: Os { code: 32, kind: BrokenPipe, message: "Broken pipe" }

thread 'tokio-rt-worker' (1219374) panicked at tools/nanospam/src/app.rs:330:63:
called `Result::unwrap()` on an `Err` value: Os { code: 32, kind: BrokenPipe, message: "Broken pipe" }

thread 'tokio-rt-worker' (1221115) panicked at tools/nanospam/src/app.rs:330:63:
called `Result::unwrap()` on an `Err` value: Os { code: 32, kind: BrokenPipe, message: "Broken pipe" }

thread 'tokio-rt-worker' (1221115) panicked at tools/nanospam/src/app.rs:330:63:
called `Result::unwrap()` on an `Err` value: Os { code: 32, kind: BrokenPipe, message: "Broken pipe" }

thread 'tokio-rt-worker' (1219374) panicked at tools/nanospam/src/app.rs:330:63:
called `Result::unwrap()` on an `Err` value: Os { code: 32, kind: BrokenPipe, message: "Broken pipe" }

thread 'tokio-rt-worker' (1219376) panicked at tools/nanospam/src/app.rs:330:63:
called `Result::unwrap()` on an `Err` value: Os { code: 32, kind: BrokenPipe, message: "Broken pipe" }

thread 'tokio-rt-worker' (1221115) panicked at tools/nanospam/src/app.rs:330:63:
called `Result::unwrap()` on an `Err` value: Os { code: 32, kind: BrokenPipe, message: "Broken pipe" }

thread 'tokio-rt-worker' (1219374) panicked at tools/nanospam/src/app.rs:330:63:
called `Result::unwrap()` on an `Err` value: Os { code: 32, kind: BrokenPipe, message: "Broken pipe" }

thread 'tokio-rt-worker' (1219374) panicked at tools/nanospam/src/app.rs:330:63:
called `Result::unwrap()` on an `Err` value: Os { code: 32, kind: BrokenPipe, message: "Broken pipe" }

thread 'tokio-rt-worker' (1221115) panicked at tools/nanospam/src/app.rs:330:63:
called `Result::unwrap()` on an `Err` value: Os { code: 32, kind: BrokenPipe, message: "Broken pipe" }

thread 'tokio-rt-worker' (1219376) panicked at tools/nanospam/src/app.rs:330:63:
called `Result::unwrap()` on an `Err` value: Os { code: 32, kind: BrokenPipe, message: "Broken pipe" }

thread 'tokio-rt-worker' (1219374) panicked at tools/nanospam/src/app.rs:330:63:
called `Result::unwrap()` on an `Err` value: Os { code: 32, kind: BrokenPipe, message: "Broken pipe" }

thread 'tokio-rt-worker' (1221115) panicked at tools/nanospam/src/app.rs:330:63:
called `Result::unwrap()` on an `Err` value: Os { code: 32, kind: BrokenPipe, message: "Broken pipe" }

thread 'tokio-rt-worker' (1221115) panicked at tools/nanospam/src/app.rs:330:63:
called `Result::unwrap()` on an `Err` value: Os { code: 32, kind: BrokenPipe, message: "Broken pipe" }

thread 'tokio-rt-worker' (1221116) panicked at tools/nanospam/src/app.rs:330:63:
called `Result::unwrap()` on an `Err` value: Os { code: 32, kind: BrokenPipe, message: "Broken pipe" }

thread 'tokio-rt-worker' (1219376) panicked at tools/nanospam/src/app.rs:330:63:
called `Result::unwrap()` on an `Err` value: Os { code: 32, kind: BrokenPipe, message: "Broken pipe" }

thread 'tokio-rt-worker' (1219374) panicked at tools/nanospam/src/app.rs:330:63:
called `Result::unwrap()` on an `Err` value: Os { code: 32, kind: BrokenPipe, message: "Broken pipe" }

thread 'tokio-rt-worker' (1221115) panicked at tools/nanospam/src/app.rs:330:63:
called `Result::unwrap()` on an `Err` value: Os { code: 32, kind: BrokenPipe, message: "Broken pipe" }

thread 'tokio-rt-worker' (1221115) panicked at tools/nanospam/src/app.rs:330:63:
called `Result::unwrap()` on an `Err` value: Os { code: 32, kind: BrokenPipe, message: "Broken pipe" }

thread 'tokio-rt-worker' (1219374) panicked at tools/nanospam/src/app.rs:330:63:
called `Result::unwrap()` on an `Err` value: Os { code: 32, kind: BrokenPipe, message: "Broken pipe" }

thread 'tokio-rt-worker' (1219376) panicked at tools/nanospam/src/app.rs:330:63:
called `Result::unwrap()` on an `Err` value: Os { code: 32, kind: BrokenPipe, message: "Broken pipe" }

thread 'tokio-rt-worker' (1221116) panicked at tools/nanospam/src/app.rs:330:63:
called `Result::unwrap()` on an `Err` value: Os { code: 32, kind: BrokenPipe, message: "Broken pipe" }

thread 'tokio-rt-worker' (1221115) panicked at tools/nanospam/src/app.rs:330:63:
called `Result::unwrap()` on an `Err` value: Os { code: 32, kind: BrokenPipe, message: "Broken pipe" }

thread 'tokio-rt-worker' (1221115) panicked at tools/nanospam/src/app.rs:330:63:
called `Result::unwrap()` on an `Err` value: Os { code: 32, kind: BrokenPipe, message: "Broken pipe" }

thread 'tokio-rt-worker' (1219376) panicked at tools/nanospam/src/app.rs:330:63:
called `Result::unwrap()` on an `Err` value: Os { code: 32, kind: BrokenPipe, message: "Broken pipe" }

thread 'tokio-rt-worker' (1219374) panicked at tools/nanospam/src/app.rs:330:63:
called `Result::unwrap()` on an `Err` value: Os { code: 32, kind: BrokenPipe, message: "Broken pipe" }

thread 'tokio-rt-worker' (1221116) panicked at tools/nanospam/src/app.rs:330:63:
called `Result::unwrap()` on an `Err` value: Os { code: 32, kind: BrokenPipe, message: "Broken pipe" }

thread 'tokio-rt-worker' (1221115) panicked at tools/nanospam/src/app.rs:330:63:
called `Result::unwrap()` on an `Err` value: Os { code: 32, kind: BrokenPipe, message: "Broken pipe" }

thread 'tokio-rt-worker' (1221115) panicked at tools/nanospam/src/app.rs:330:63:
called `Result::unwrap()` on an `Err` value: Os { code: 32, kind: BrokenPipe, message: "Broken pipe" }

thread 'tokio-rt-worker' (1219374) panicked at tools/nanospam/src/app.rs:330:63:
called `Result::unwrap()` on an `Err` value: Os { code: 32, kind: BrokenPipe, message: "Broken pipe" }

thread 'tokio-rt-worker' (1219376) panicked at tools/nanospam/src/app.rs:330:63:
called `Result::unwrap()` on an `Err` value: Os { code: 32, kind: BrokenPipe, message: "Broken pipe" }

thread 'tokio-rt-worker' (1221116) panicked at tools/nanospam/src/app.rs:330:63:
called `Result::unwrap()` on an `Err` value: Os { code: 32, kind: BrokenPipe, message: "Broken pipe" }

thread 'tokio-rt-worker' (1221115) panicked at tools/nanospam/src/app.rs:330:63:
called `Result::unwrap()` on an `Err` value: Os { code: 32, kind: BrokenPipe, message: "Broken pipe" }

thread 'tokio-rt-worker' (1221115) panicked at tools/nanospam/src/app.rs:330:63:
called `Result::unwrap()` on an `Err` value: Os { code: 32, kind: BrokenPipe, message: "Broken pipe" }

thread 'tokio-rt-worker' (1221116) panicked at tools/nanospam/src/app.rs:330:63:
called `Result::unwrap()` on an `Err` value: Os { code: 32, kind: BrokenPipe, message: "Broken pipe" }

thread 'tokio-rt-worker' (1219376) panicked at tools/nanospam/src/app.rs:330:63:
called `Result::unwrap()` on an `Err` value: Os { code: 32, kind: BrokenPipe, message: "Broken pipe" }

thread 'tokio-rt-worker' (1221115) panicked at tools/nanospam/src/app.rs:330:63:
called `Result::unwrap()` on an `Err` value: Os { code: 32, kind: BrokenPipe, message: "Broken pipe" }

thread 'tokio-rt-worker' (1219374) panicked at tools/nanospam/src/app.rs:330:63:
called `Result::unwrap()` on an `Err` value: Os { code: 32, kind: BrokenPipe, message: "Broken pipe" }

thread 'tokio-rt-worker' (1219374) panicked at tools/nanospam/src/app.rs:330:63:
called `Result::unwrap()` on an `Err` value: Os { code: 32, kind: BrokenPipe, message: "Broken pipe" }

thread 'tokio-rt-worker' (1221115) panicked at tools/nanospam/src/app.rs:330:63:
called `Result::unwrap()` on an `Err` value: Os { code: 32, kind: BrokenPipe, message: "Broken pipe" }

thread 'tokio-rt-worker' (1219376) panicked at tools/nanospam/src/app.rs:330:63:
called `Result::unwrap()` on an `Err` value: Os { code: 32, kind: BrokenPipe, message: "Broken pipe" }

thread 'tokio-rt-worker' (1221116) panicked at tools/nanospam/src/app.rs:330:63:
called `Result::unwrap()` on an `Err` value: Os { code: 32, kind: BrokenPipe, message: "Broken pipe" }

thread 'tokio-rt-worker' (1219374) panicked at tools/nanospam/src/app.rs:330:63:
called `Result::unwrap()` on an `Err` value: Os { code: 32, kind: BrokenPipe, message: "Broken pipe" }

thread 'tokio-rt-worker' (1219374) panicked at tools/nanospam/src/app.rs:330:63:
called `Result::unwrap()` on an `Err` value: Os { code: 32, kind: BrokenPipe, message: "Broken pipe" }

thread 'tokio-rt-worker' (1221116) panicked at tools/nanospam/src/app.rs:330:63:
called `Result::unwrap()` on an `Err` value: Os { code: 32, kind: BrokenPipe, message: "Broken pipe" }

thread 'tokio-rt-worker' (1219376) panicked at tools/nanospam/src/app.rs:330:63:
called `Result::unwrap()` on an `Err` value: Os { code: 32, kind: BrokenPipe, message: "Broken pipe" }

thread 'tokio-rt-worker' (1221115) panicked at tools/nanospam/src/app.rs:330:63:
called `Result::unwrap()` on an `Err` value: Os { code: 32, kind: BrokenPipe, message: "Broken pipe" }

thread 'tokio-rt-worker' (1219374) panicked at tools/nanospam/src/app.rs:330:63:
called `Result::unwrap()` on an `Err` value: Os { code: 32, kind: BrokenPipe, message: "Broken pipe" }

thread 'tokio-rt-worker' (1219374) panicked at tools/nanospam/src/app.rs:330:63:
called `Result::unwrap()` on an `Err` value: Os { code: 32, kind: BrokenPipe, message: "Broken pipe" }

thread 'tokio-rt-worker' (1221115) panicked at tools/nanospam/src/app.rs:330:63:
called `Result::unwrap()` on an `Err` value: Os { code: 32, kind: BrokenPipe, message: "Broken pipe" }

thread 'tokio-rt-worker' (1219376) panicked at tools/nanospam/src/app.rs:330:63:
called `Result::unwrap()` on an `Err` value: Os { code: 32, kind: BrokenPipe, message: "Broken pipe" }

thread 'tokio-rt-worker' (1221116) panicked at tools/nanospam/src/app.rs:330:63:
called `Result::unwrap()` on an `Err` value: Os { code: 32, kind: BrokenPipe, message: "Broken pipe" }

thread 'tokio-rt-worker' (1219374) panicked at tools/nanospam/src/app.rs:330:63:
called `Result::unwrap()` on an `Err` value: Os { code: 32, kind: BrokenPipe, message: "Broken pipe" }

thread 'tokio-rt-worker' (1219374) panicked at tools/nanospam/src/app.rs:330:63:
called `Result::unwrap()` on an `Err` value: Os { code: 32, kind: BrokenPipe, message: "Broken pipe" }

thread 'tokio-rt-worker' (1221116) panicked at tools/nanospam/src/app.rs:330:63:
called `Result::unwrap()` on an `Err` value: Os { code: 32, kind: BrokenPipe, message: "Broken pipe" }

thread 'tokio-rt-worker' (1219376) panicked at tools/nanospam/src/app.rs:330:63:
called `Result::unwrap()` on an `Err` value: Os { code: 32, kind: BrokenPipe, message: "Broken pipe" }

thread 'tokio-rt-worker' (1221115) panicked at tools/nanospam/src/app.rs:330:63:
called `Result::unwrap()` on an `Err` value: Os { code: 32, kind: BrokenPipe, message: "Broken pipe" }

thread 'tokio-rt-worker' (1219374) panicked at tools/nanospam/src/app.rs:330:63:
called `Result::unwrap()` on an `Err` value: Os { code: 32, kind: BrokenPipe, message: "Broken pipe" }

thread 'tokio-rt-worker' (1219374) panicked at tools/nanospam/src/app.rs:330:63:
called `Result::unwrap()` on an `Err` value: Os { code: 32, kind: BrokenPipe, message: "Broken pipe" }

thread 'tokio-rt-worker' (1219376) panicked at tools/nanospam/src/app.rs:330:63:
called `Result::unwrap()` on an `Err` value: Os { code: 32, kind: BrokenPipe, message: "Broken pipe" }

thread 'tokio-rt-worker' (1221116) panicked at tools/nanospam/src/app.rs:330:63:
called `Result::unwrap()` on an `Err` value: Os { code: 32, kind: BrokenPipe, message: "Broken pipe" }

thread 'tokio-rt-worker' (1221115) panicked at tools/nanospam/src/app.rs:330:63:
called `Result::unwrap()` on an `Err` value: Os { code: 32, kind: BrokenPipe, message: "Broken pipe" }

thread 'tokio-rt-worker' (1219374) panicked at tools/nanospam/src/app.rs:330:63:
called `Result::unwrap()` on an `Err` value: Os { code: 32, kind: BrokenPipe, message: "Broken pipe" }

thread 'tokio-rt-worker' (1219374) panicked at tools/nanospam/src/app.rs:330:63:
called `Result::unwrap()` on an `Err` value: Os { code: 32, kind: BrokenPipe, message: "Broken pipe" }

thread 'tokio-rt-worker' (1221115) panicked at tools/nanospam/src/app.rs:330:63:
called `Result::unwrap()` on an `Err` value: Os { code: 32, kind: BrokenPipe, message: "Broken pipe" }

thread 'tokio-rt-worker' (1221116) panicked at tools/nanospam/src/app.rs:330:63:
called `Result::unwrap()` on an `Err` value: Os { code: 32, kind: BrokenPipe, message: "Broken pipe" }

thread 'tokio-rt-worker' (1219376) panicked at tools/nanospam/src/app.rs:330:63:
called `Result::unwrap()` on an `Err` value: Os { code: 32, kind: BrokenPipe, message: "Broken pipe" }

thread 'tokio-rt-worker' (1219374) panicked at tools/nanospam/src/app.rs:330:63:
called `Result::unwrap()` on an `Err` value: Os { code: 32, kind: BrokenPipe, message: "Broken pipe" }

thread 'tokio-rt-worker' (1219374) panicked at tools/nanospam/src/app.rs:330:63:
called `Result::unwrap()` on an `Err` value: Os { code: 32, kind: BrokenPipe, message: "Broken pipe" }

thread 'tokio-rt-worker' (1219376) panicked at tools/nanospam/src/app.rs:330:63:
called `Result::unwrap()` on an `Err` value: Os { code: 32, kind: BrokenPipe, message: "Broken pipe" }

thread 'tokio-rt-worker' (1221116) panicked at tools/nanospam/src/app.rs:330:63:
called `Result::unwrap()` on an `Err` value: Os { code: 32, kind: BrokenPipe, message: "Broken pipe" }

thread 'tokio-rt-worker' (1221115) panicked at tools/nanospam/src/app.rs:330:63:
called `Result::unwrap()` on an `Err` value: Os { code: 32, kind: BrokenPipe, message: "Broken pipe" }

thread 'tokio-rt-worker' (1219374) panicked at tools/nanospam/src/app.rs:330:63:
called `Result::unwrap()` on an `Err` value: Os { code: 32, kind: BrokenPipe, message: "Broken pipe" }

thread 'tokio-rt-worker' (1219374) panicked at tools/nanospam/src/app.rs:330:63:
called `Result::unwrap()` on an `Err` value: Os { code: 32, kind: BrokenPipe, message: "Broken pipe" }

thread 'tokio-rt-worker' (1221115) panicked at tools/nanospam/src/app.rs:330:63:
called `Result::unwrap()` on an `Err` value: Os { code: 32, kind: BrokenPipe, message: "Broken pipe" }

thread 'tokio-rt-worker' (1221116) panicked at tools/nanospam/src/app.rs:330:63:
called `Result::unwrap()` on an `Err` value: Os { code: 32, kind: BrokenPipe, message: "Broken pipe" }

thread 'tokio-rt-worker' (1219374) panicked at tools/nanospam/src/app.rs:330:63:
called `Result::unwrap()` on an `Err` value: Os { code: 32, kind: BrokenPipe, message: "Broken pipe" }

thread 'tokio-rt-worker' (1219376) panicked at tools/nanospam/src/app.rs:330:63:
called `Result::unwrap()` on an `Err` value: Os { code: 32, kind: BrokenPipe, message: "Broken pipe" }

thread 'tokio-rt-worker' (1219376) panicked at tools/nanospam/src/app.rs:330:63:
called `Result::unwrap()` on an `Err` value: Os { code: 32, kind: BrokenPipe, message: "Broken pipe" }

thread 'tokio-rt-worker' (1219374) panicked at tools/nanospam/src/app.rs:330:63:
called `Result::unwrap()` on an `Err` value: Os { code: 32, kind: BrokenPipe, message: "Broken pipe" }

thread 'tokio-rt-worker' (1221116) panicked at tools/nanospam/src/app.rs:330:63:
called `Result::unwrap()` on an `Err` value: Os { code: 32, kind: BrokenPipe, message: "Broken pipe" }

thread 'tokio-rt-worker' (1221115) panicked at tools/nanospam/src/app.rs:330:63:
called `Result::unwrap()` on an `Err` value: Os { code: 32, kind: BrokenPipe, message: "Broken pipe" }

thread 'tokio-rt-worker' (1219376) panicked at tools/nanospam/src/app.rs:330:63:
called `Result::unwrap()` on an `Err` value: Os { code: 32, kind: BrokenPipe, message: "Broken pipe" }

thread 'tokio-rt-worker' (1219376) panicked at tools/nanospam/src/app.rs:330:63:
called `Result::unwrap()` on an `Err` value: Os { code: 32, kind: BrokenPipe, message: "Broken pipe" }

thread 'tokio-rt-worker' (1221115) panicked at tools/nanospam/src/app.rs:330:63:
called `Result::unwrap()` on an `Err` value: Os { code: 32, kind: BrokenPipe, message: "Broken pipe" }

thread 'tokio-rt-worker' (1221116) panicked at tools/nanospam/src/app.rs:330:63:
called `Result::unwrap()` on an `Err` value: Os { code: 32, kind: BrokenPipe, message: "Broken pipe" }

thread 'tokio-rt-worker' (1219374) panicked at tools/nanospam/src/app.rs:330:63:
called `Result::unwrap()` on an `Err` value: Os { code: 32, kind: BrokenPipe, message: "Broken pipe" }

thread 'tokio-rt-worker' (1219376) panicked at tools/nanospam/src/app.rs:330:63:
called `Result::unwrap()` on an `Err` value: Os { code: 32, kind: BrokenPipe, message: "Broken pipe" }

thread 'tokio-rt-worker' (1219376) panicked at tools/nanospam/src/app.rs:330:63:
called `Result::unwrap()` on an `Err` value: Os { code: 32, kind: BrokenPipe, message: "Broken pipe" }

thread 'tokio-rt-worker' (1221116) panicked at tools/nanospam/src/app.rs:330:63:
called `Result::unwrap()` on an `Err` value: Os { code: 32, kind: BrokenPipe, message: "Broken pipe" }

thread 'tokio-rt-worker' (1221115) panicked at tools/nanospam/src/app.rs:330:63:
called `Result::unwrap()` on an `Err` value: Os { code: 32, kind: BrokenPipe, message: "Broken pipe" }

thread 'tokio-rt-worker' (1219374) panicked at tools/nanospam/src/app.rs:330:63:
called `Result::unwrap()` on an `Err` value: Os { code: 32, kind: BrokenPipe, message: "Broken pipe" }

thread 'tokio-rt-worker' (1219376) panicked at tools/nanospam/src/app.rs:330:63:
called `Result::unwrap()` on an `Err` value: Os { code: 32, kind: BrokenPipe, message: "Broken pipe" }

thread 'tokio-rt-worker' (1219376) panicked at tools/nanospam/src/app.rs:330:63:
called `Result::unwrap()` on an `Err` value: Os { code: 32, kind: BrokenPipe, message: "Broken pipe" }

thread 'tokio-rt-worker' (1219374) panicked at tools/nanospam/src/app.rs:330:63:
called `Result::unwrap()` on an `Err` value: Os { code: 32, kind: BrokenPipe, message: "Broken pipe" }

thread 'tokio-rt-worker' (1221115) panicked at tools/nanospam/src/app.rs:330:63:
called `Result::unwrap()` on an `Err` value: Os { code: 32, kind: BrokenPipe, message: "Broken pipe" }

thread 'tokio-rt-worker' (1221116) panicked at tools/nanospam/src/app.rs:330:63:
called `Result::unwrap()` on an `Err` value: Os { code: 32, kind: BrokenPipe, message: "Broken pipe" }

thread 'tokio-rt-worker' (1219376) panicked at tools/nanospam/src/app.rs:330:63:
called `Result::unwrap()` on an `Err` value: Os { code: 32, kind: BrokenPipe, message: "Broken pipe" }

thread 'tokio-rt-worker' (1219376) panicked at tools/nanospam/src/app.rs:330:63:
called `Result::unwrap()` on an `Err` value: Os { code: 32, kind: BrokenPipe, message: "Broken pipe" }

thread 'tokio-rt-worker' (1221116) panicked at tools/nanospam/src/app.rs:330:63:
called `Result::unwrap()` on an `Err` value: Os { code: 32, kind: BrokenPipe, message: "Broken pipe" }

thread 'tokio-rt-worker' (1221115) panicked at tools/nanospam/src/app.rs:330:63:
called `Result::unwrap()` on an `Err` value: Os { code: 32, kind: BrokenPipe, message: "Broken pipe" }

thread 'tokio-rt-worker' (1219374) panicked at tools/nanospam/src/app.rs:330:63:
called `Result::unwrap()` on an `Err` value: Os { code: 32, kind: BrokenPipe, message: "Broken pipe" }

thread 'tokio-rt-worker' (1219376) panicked at tools/nanospam/src/app.rs:330:63:
called `Result::unwrap()` on an `Err` value: Os { code: 32, kind: BrokenPipe, message: "Broken pipe" }

thread 'tokio-rt-worker' (1219376) panicked at tools/nanospam/src/app.rs:330:63:
called `Result::unwrap()` on an `Err` value: Os { code: 32, kind: BrokenPipe, message: "Broken pipe" }

thread 'tokio-rt-worker' (1219374) panicked at tools/nanospam/src/app.rs:330:63:
called `Result::unwrap()` on an `Err` value: Os { code: 32, kind: BrokenPipe, message: "Broken pipe" }

thread 'tokio-rt-worker' (1221115) panicked at tools/nanospam/src/app.rs:330:63:
called `Result::unwrap()` on an `Err` value: Os { code: 32, kind: BrokenPipe, message: "Broken pipe" }

thread 'tokio-rt-worker' (1219376) panicked at tools/nanospam/src/app.rs:330:63:
called `Result::unwrap()` on an `Err` value: Os { code: 32, kind: BrokenPipe, message: "Broken pipe" }

thread 'tokio-rt-worker' (1221116) panicked at tools/nanospam/src/app.rs:330:63:
called `Result::unwrap()` on an `Err` value: Os { code: 32, kind: BrokenPipe, message: "Broken pipe" }

thread 'tokio-rt-worker' (1221116) panicked at tools/nanospam/src/app.rs:330:63:
called `Result::unwrap()` on an `Err` value: Os { code: 32, kind: BrokenPipe, message: "Broken pipe" }

thread 'tokio-rt-worker' (1219376) panicked at tools/nanospam/src/app.rs:330:63:
called `Result::unwrap()` on an `Err` value: Os { code: 32, kind: BrokenPipe, message: "Broken pipe" }

thread 'tokio-rt-worker' (1221115) panicked at tools/nanospam/src/app.rs:330:63:
called `Result::unwrap()` on an `Err` value: Os { code: 32, kind: BrokenPipe, message: "Broken pipe" }

thread 'tokio-rt-worker' (1219374) panicked at tools/nanospam/src/app.rs:330:63:
called `Result::unwrap()` on an `Err` value: Os { code: 32, kind: BrokenPipe, message: "Broken pipe" }

thread 'tokio-rt-worker' (1221116) panicked at tools/nanospam/src/app.rs:330:63:
called `Result::unwrap()` on an `Err` value: Os { code: 32, kind: BrokenPipe, message: "Broken pipe" }

thread 'tokio-rt-worker' (1221116) panicked at tools/nanospam/src/app.rs:330:63:
called `Result::unwrap()` on an `Err` value: Os { code: 32, kind: BrokenPipe, message: "Broken pipe" }

thread 'tokio-rt-worker' (1219374) panicked at tools/nanospam/src/app.rs:330:63:
called `Result::unwrap()` on an `Err` value: Os { code: 32, kind: BrokenPipe, message: "Broken pipe" }

thread 'tokio-rt-worker' (1221115) panicked at tools/nanospam/src/app.rs:330:63:
called `Result::unwrap()` on an `Err` value: Os { code: 32, kind: BrokenPipe, message: "Broken pipe" }

thread 'tokio-rt-worker' (1219376) panicked at tools/nanospam/src/app.rs:330:63:
called `Result::unwrap()` on an `Err` value: Os { code: 32, kind: BrokenPipe, message: "Broken pipe" }

thread 'tokio-rt-worker' (1221116) panicked at tools/nanospam/src/app.rs:330:63:
called `Result::unwrap()` on an `Err` value: Os { code: 32, kind: BrokenPipe, message: "Broken pipe" }

thread 'tokio-rt-worker' (1221116) panicked at tools/nanospam/src/app.rs:330:63:
called `Result::unwrap()` on an `Err` value: Os { code: 32, kind: BrokenPipe, message: "Broken pipe" }

thread 'tokio-rt-worker' (1221115) panicked at tools/nanospam/src/app.rs:330:63:
called `Result::unwrap()` on an `Err` value: Os { code: 32, kind: BrokenPipe, message: "Broken pipe" }

thread 'tokio-rt-worker' (1219374) panicked at tools/nanospam/src/app.rs:330:63:
called `Result::unwrap()` on an `Err` value: Os { code: 32, kind: BrokenPipe, message: "Broken pipe" }

thread 'tokio-rt-worker' (1219376) panicked at tools/nanospam/src/app.rs:330:63:
called `Result::unwrap()` on an `Err` value: Os { code: 32, kind: BrokenPipe, message: "Broken pipe" }

thread 'tokio-rt-worker' (1221116) panicked at tools/nanospam/src/app.rs:330:63:
called `Result::unwrap()` on an `Err` value: Os { code: 32, kind: BrokenPipe, message: "Broken pipe" }

thread 'tokio-rt-worker' (1221116) panicked at tools/nanospam/src/app.rs:330:63:
called `Result::unwrap()` on an `Err` value: Os { code: 32, kind: BrokenPipe, message: "Broken pipe" }

thread 'tokio-rt-worker' (1219374) panicked at tools/nanospam/src/app.rs:330:63:
called `Result::unwrap()` on an `Err` value: Os { code: 32, kind: BrokenPipe, message: "Broken pipe" }

thread 'tokio-rt-worker' (1221115) panicked at tools/nanospam/src/app.rs:330:63:
called `Result::unwrap()` on an `Err` value: Os { code: 32, kind: BrokenPipe, message: "Broken pipe" }

thread 'tokio-rt-worker' (1219376) panicked at tools/nanospam/src/app.rs:330:63:
called `Result::unwrap()` on an `Err` value: Os { code: 32, kind: BrokenPipe, message: "Broken pipe" }

thread 'tokio-rt-worker' (1221116) panicked at tools/nanospam/src/app.rs:330:63:
called `Result::unwrap()` on an `Err` value: Os { code: 32, kind: BrokenPipe, message: "Broken pipe" }

thread 'tokio-rt-worker' (1221116) panicked at tools/nanospam/src/app.rs:330:63:
called `Result::unwrap()` on an `Err` value: Os { code: 32, kind: BrokenPipe, message: "Broken pipe" }

thread 'tokio-rt-worker' (1219376) panicked at tools/nanospam/src/app.rs:330:63:
called `Result::unwrap()` on an `Err` value: Os { code: 32, kind: BrokenPipe, message: "Broken pipe" }

thread 'tokio-rt-worker' (1221115) panicked at tools/nanospam/src/app.rs:330:63:
called `Result::unwrap()` on an `Err` value: Os { code: 32, kind: BrokenPipe, message: "Broken pipe" }

thread 'tokio-rt-worker' (1221116) panicked at tools/nanospam/src/app.rs:330:63:
called `Result::unwrap()` on an `Err` value: Os { code: 32, kind: BrokenPipe, message: "Broken pipe" }

thread 'tokio-rt-worker' (1219374) panicked at tools/nanospam/src/app.rs:330:63:
called `Result::unwrap()` on an `Err` value: Os { code: 32, kind: BrokenPipe, message: "Broken pipe" }

thread 'tokio-rt-worker' (1219374) panicked at tools/nanospam/src/app.rs:330:63:
called `Result::unwrap()` on an `Err` value: Os { code: 32, kind: BrokenPipe, message: "Broken pipe" }

thread 'tokio-rt-worker' (1221116) panicked at tools/nanospam/src/app.rs:330:63:
called `Result::unwrap()` on an `Err` value: Os { code: 32, kind: BrokenPipe, message: "Broken pipe" }

thread 'tokio-rt-worker' (1221115) panicked at tools/nanospam/src/app.rs:330:63:
called `Result::unwrap()` on an `Err` value: Os { code: 32, kind: BrokenPipe, message: "Broken pipe" }

thread 'tokio-rt-worker' (1219376) panicked at tools/nanospam/src/app.rs:330:63:
called `Result::unwrap()` on an `Err` value: Os { code: 32, kind: BrokenPipe, message: "Broken pipe" }

thread 'tokio-rt-worker' (1219374) panicked at tools/nanospam/src/app.rs:330:63:
called `Result::unwrap()` on an `Err` value: Os { code: 32, kind: BrokenPipe, message: "Broken pipe" }

thread 'tokio-rt-worker' (1219376) panicked at tools/nanospam/src/app.rs:330:63:
called `Result::unwrap()` on an `Err` value: Os { code: 32, kind: BrokenPipe, message: "Broken pipe" }

thread 'tokio-rt-worker' (1220925) panicked at tools/nanospam/src/app.rs:330:63:
called `Result::unwrap()` on an `Err` value: Os { code: 32, kind: BrokenPipe, message: "Broken pipe" }

thread 'tokio-rt-worker' (1221115) panicked at tools/nanospam/src/app.rs:330:63:
called `Result::unwrap()` on an `Err` value: Os { code: 32, kind: BrokenPipe, message: "Broken pipe" }

thread 'tokio-rt-worker' (1219374) panicked at tools/nanospam/src/app.rs:330:63:
called `Result::unwrap()` on an `Err` value: Os { code: 32, kind: BrokenPipe, message: "Broken pipe" }

thread 'tokio-rt-worker' (1220925) panicked at tools/nanospam/src/app.rs:330:63:
called `Result::unwrap()` on an `Err` value: Os { code: 32, kind: BrokenPipe, message: "Broken pipe" }

thread 'tokio-rt-worker' (1220925) panicked at tools/nanospam/src/app.rs:330:63:
called `Result::unwrap()` on an `Err` value: Os { code: 32, kind: BrokenPipe, message: "Broken pipe" }

thread 'tokio-rt-worker' (1219374) panicked at tools/nanospam/src/app.rs:330:63:
called `Result::unwrap()` on an `Err` value: Os { code: 32, kind: BrokenPipe, message: "Broken pipe" }

thread 'tokio-rt-worker' (1221115) panicked at tools/nanospam/src/app.rs:330:63:
called `Result::unwrap()` on an `Err` value: Os { code: 32, kind: BrokenPipe, message: "Broken pipe" }

thread 'tokio-rt-worker' (1220925) panicked at tools/nanospam/src/app.rs:330:63:
called `Result::unwrap()` on an `Err` value: Os { code: 32, kind: BrokenPipe, message: "Broken pipe" }

thread 'tokio-rt-worker' (1219374) panicked at tools/nanospam/src/app.rs:330:63:
called `Result::unwrap()` on an `Err` value: Os { code: 32, kind: BrokenPipe, message: "Broken pipe" }

thread 'tokio-rt-worker' (1219374) panicked at tools/nanospam/src/app.rs:330:63:
called `Result::unwrap()` on an `Err` value: Os { code: 32, kind: BrokenPipe, message: "Broken pipe" }

thread 'tokio-rt-worker' (1220925) panicked at tools/nanospam/src/app.rs:330:63:
called `Result::unwrap()` on an `Err` value: Os { code: 32, kind: BrokenPipe, message: "Broken pipe" }

thread 'tokio-rt-worker' (1221115) panicked at tools/nanospam/src/app.rs:330:63:
called `Result::unwrap()` on an `Err` value: Os { code: 32, kind: BrokenPipe, message: "Broken pipe" }

thread 'tokio-rt-worker' (1219374) panicked at tools/nanospam/src/app.rs:330:63:
called `Result::unwrap()` on an `Err` value: Os { code: 32, kind: BrokenPipe, message: "Broken pipe" }

thread 'tokio-rt-worker' (1220925) panicked at tools/nanospam/src/app.rs:330:63:
called `Result::unwrap()` on an `Err` value: Os { code: 32, kind: BrokenPipe, message: "Broken pipe" }

thread 'tokio-rt-worker' (1219376) panicked at tools/nanospam/src/app.rs:330:63:
called `Result::unwrap()` on an `Err` value: Os { code: 32, kind: BrokenPipe, message: "Broken pipe" }

thread 'tokio-rt-worker' (1219374) panicked at tools/nanospam/src/app.rs:330:63:
called `Result::unwrap()` on an `Err` value: Os { code: 32, kind: BrokenPipe, message: "Broken pipe" }

thread 'tokio-rt-worker' (1221115) panicked at tools/nanospam/src/app.rs:330:63:
called `Result::unwrap()` on an `Err` value: Os { code: 32, kind: BrokenPipe, message: "Broken pipe" }

thread 'tokio-rt-worker' (1220925) panicked at tools/nanospam/src/app.rs:330:63:
called `Result::unwrap()` on an `Err` value: Os { code: 32, kind: BrokenPipe, message: "Broken pipe" }

thread 'tokio-rt-worker' (1219376) panicked at tools/nanospam/src/app.rs:330:63:
called `Result::unwrap()` on an `Err` value: Os { code: 32, kind: BrokenPipe, message: "Broken pipe" }

thread 'tokio-rt-worker' (1219376) panicked at tools/nanospam/src/app.rs:330:63:
called `Result::unwrap()` on an `Err` value: Os { code: 32, kind: BrokenPipe, message: "Broken pipe" }

thread 'tokio-rt-worker' (1221115) panicked at tools/nanospam/src/app.rs:330:63:
called `Result::unwrap()` on an `Err` value: Os { code: 32, kind: BrokenPipe, message: "Broken pipe" }

thread 'tokio-rt-worker' (1220925) panicked at tools/nanospam/src/app.rs:330:63:
called `Result::unwrap()` on an `Err` value: Os { code: 32, kind: BrokenPipe, message: "Broken pipe" }

thread 'tokio-rt-worker' (1219376) panicked at tools/nanospam/src/app.rs:330:63:
called `Result::unwrap()` on an `Err` value: Os { code: 32, kind: BrokenPipe, message: "Broken pipe" }

thread 'tokio-rt-worker' (1219374) panicked at tools/nanospam/src/app.rs:330:63:
called `Result::unwrap()` on an `Err` value: Os { code: 32, kind: BrokenPipe, message: "Broken pipe" }

thread 'tokio-rt-worker' (1219374) panicked at tools/nanospam/src/app.rs:330:63:
called `Result::unwrap()` on an `Err` value: Os { code: 32, kind: BrokenPipe, message: "Broken pipe" }

thread 'tokio-rt-worker' (1219376) panicked at tools/nanospam/src/app.rs:330:63:
called `Result::unwrap()` on an `Err` value: Os { code: 32, kind: BrokenPipe, message: "Broken pipe" }

thread 'tokio-rt-worker' (1220925) panicked at tools/nanospam/src/app.rs:330:63:
called `Result::unwrap()` on an `Err` value: Os { code: 32, kind: BrokenPipe, message: "Broken pipe" }

thread 'tokio-rt-worker' (1221115) panicked at tools/nanospam/src/app.rs:330:63:
called `Result::unwrap()` on an `Err` value: Os { code: 32, kind: BrokenPipe, message: "Broken pipe" }

thread 'tokio-rt-worker' (1219374) panicked at tools/nanospam/src/app.rs:330:63:
called `Result::unwrap()` on an `Err` value: Os { code: 32, kind: BrokenPipe, message: "Broken pipe" }

thread 'tokio-rt-worker' (1219374) panicked at tools/nanospam/src/app.rs:330:63:
called `Result::unwrap()` on an `Err` value: Os { code: 32, kind: BrokenPipe, message: "Broken pipe" }

thread 'tokio-rt-worker' (1221115) panicked at tools/nanospam/src/app.rs:330:63:
called `Result::unwrap()` on an `Err` value: Os { code: 32, kind: BrokenPipe, message: "Broken pipe" }

thread 'tokio-rt-worker' (1220925) panicked at tools/nanospam/src/app.rs:330:63:
called `Result::unwrap()` on an `Err` value: Os { code: 32, kind: BrokenPipe, message: "Broken pipe" }

thread 'tokio-rt-worker' (1219374) panicked at tools/nanospam/src/app.rs:330:63:
called `Result::unwrap()` on an `Err` value: Os { code: 32, kind: BrokenPipe, message: "Broken pipe" }

thread 'tokio-rt-worker' (1219376) panicked at tools/nanospam/src/app.rs:330:63:
called `Result::unwrap()` on an `Err` value: Os { code: 32, kind: BrokenPipe, message: "Broken pipe" }

thread 'tokio-rt-worker' (1219376) panicked at tools/nanospam/src/app.rs:330:63:
called `Result::unwrap()` on an `Err` value: Os { code: 32, kind: BrokenPipe, message: "Broken pipe" }

thread 'tokio-rt-worker' (1219374) panicked at tools/nanospam/src/app.rs:330:63:
called `Result::unwrap()` on an `Err` value: Os { code: 32, kind: BrokenPipe, message: "Broken pipe" }

thread 'tokio-rt-worker' (1221115) panicked at tools/nanospam/src/app.rs:330:63:
called `Result::unwrap()` on an `Err` value: Os { code: 32, kind: BrokenPipe, message: "Broken pipe" }

thread 'tokio-rt-worker' (1220925) panicked at tools/nanospam/src/app.rs:330:63:
called `Result::unwrap()` on an `Err` value: Os { code: 32, kind: BrokenPipe, message: "Broken pipe" }

thread 'tokio-rt-worker' (1219376) panicked at tools/nanospam/src/app.rs:330:63:
called `Result::unwrap()` on an `Err` value: Os { code: 32, kind: BrokenPipe, message: "Broken pipe" }

thread 'tokio-rt-worker' (1219376) panicked at tools/nanospam/src/app.rs:330:63:
called `Result::unwrap()` on an `Err` value: Os { code: 32, kind: BrokenPipe, message: "Broken pipe" }

thread 'tokio-rt-worker' (1220925) panicked at tools/nanospam/src/app.rs:330:63:
called `Result::unwrap()` on an `Err` value: Os { code: 32, kind: BrokenPipe, message: "Broken pipe" }

thread 'tokio-rt-worker' (1221115) panicked at tools/nanospam/src/app.rs:330:63:
called `Result::unwrap()` on an `Err` value: Os { code: 32, kind: BrokenPipe, message: "Broken pipe" }

thread 'tokio-rt-worker' (1219374) panicked at tools/nanospam/src/app.rs:330:63:
called `Result::unwrap()` on an `Err` value: Os { code: 32, kind: BrokenPipe, message: "Broken pipe" }

thread 'tokio-rt-worker' (1219376) panicked at tools/nanospam/src/app.rs:330:63:
called `Result::unwrap()` on an `Err` value: Os { code: 32, kind: BrokenPipe, message: "Broken pipe" }

thread 'tokio-rt-worker' (1219376) panicked at tools/nanospam/src/app.rs:330:63:
called `Result::unwrap()` on an `Err` value: Os { code: 32, kind: BrokenPipe, message: "Broken pipe" }

thread 'tokio-rt-worker' (1219374) panicked at tools/nanospam/src/app.rs:330:63:
called `Result::unwrap()` on an `Err` value: Os { code: 32, kind: BrokenPipe, message: "Broken pipe" }

thread 'tokio-rt-worker' (1221115) panicked at tools/nanospam/src/app.rs:330:63:
called `Result::unwrap()` on an `Err` value: Os { code: 32, kind: BrokenPipe, message: "Broken pipe" }

thread 'tokio-rt-worker' (1220925) panicked at tools/nanospam/src/app.rs:330:63:
called `Result::unwrap()` on an `Err` value: Os { code: 32, kind: BrokenPipe, message: "Broken pipe" }

thread 'tokio-rt-worker' (1219376) panicked at tools/nanospam/src/app.rs:330:63:
called `Result::unwrap()` on an `Err` value: Os { code: 32, kind: BrokenPipe, message: "Broken pipe" }

thread 'tokio-rt-worker' (1219376) panicked at tools/nanospam/src/app.rs:330:63:
called `Result::unwrap()` on an `Err` value: Os { code: 32, kind: BrokenPipe, message: "Broken pipe" }

thread 'tokio-rt-worker' (1220925) panicked at tools/nanospam/src/app.rs:330:63:
called `Result::unwrap()` on an `Err` value: Os { code: 32, kind: BrokenPipe, message: "Broken pipe" }

thread 'tokio-rt-worker' (1219374) panicked at tools/nanospam/src/app.rs:330:63:
called `Result::unwrap()` on an `Err` value: Os { code: 32, kind: BrokenPipe, message: "Broken pipe" }

thread 'tokio-rt-worker' (1221115) panicked at tools/nanospam/src/app.rs:330:63:
called `Result::unwrap()` on an `Err` value: Os { code: 32, kind: BrokenPipe, message: "Broken pipe" }

thread 'tokio-rt-worker' (1219376) panicked at tools/nanospam/src/app.rs:330:63:
called `Result::unwrap()` on an `Err` value: Os { code: 32, kind: BrokenPipe, message: "Broken pipe" }

thread 'tokio-rt-worker' (1219376) panicked at tools/nanospam/src/app.rs:330:63:
called `Result::unwrap()` on an `Err` value: Os { code: 32, kind: BrokenPipe, message: "Broken pipe" }

thread 'tokio-rt-worker' (1221115) panicked at tools/nanospam/src/app.rs:330:63:
called `Result::unwrap()` on an `Err` value: Os { code: 32, kind: BrokenPipe, message: "Broken pipe" }

thread 'tokio-rt-worker' (1220925) panicked at tools/nanospam/src/app.rs:330:63:
called `Result::unwrap()` on an `Err` value: Os { code: 32, kind: BrokenPipe, message: "Broken pipe" }

thread 'tokio-rt-worker' (1219374) panicked at tools/nanospam/src/app.rs:330:63:
called `Result::unwrap()` on an `Err` value: Os { code: 32, kind: BrokenPipe, message: "Broken pipe" }

thread 'tokio-rt-worker' (1219376) panicked at tools/nanospam/src/app.rs:330:63:
called `Result::unwrap()` on an `Err` value: Os { code: 32, kind: BrokenPipe, message: "Broken pipe" }

thread 'tokio-rt-worker' (1219376) panicked at tools/nanospam/src/app.rs:330:63:
called `Result::unwrap()` on an `Err` value: Os { code: 32, kind: BrokenPipe, message: "Broken pipe" }

thread 'tokio-rt-worker' (1219374) panicked at tools/nanospam/src/app.rs:330:63:
called `Result::unwrap()` on an `Err` value: Os { code: 32, kind: BrokenPipe, message: "Broken pipe" }

thread 'tokio-rt-worker' (1220925) panicked at tools/nanospam/src/app.rs:330:63:
called `Result::unwrap()` on an `Err` value: Os { code: 32, kind: BrokenPipe, message: "Broken pipe" }

thread 'tokio-rt-worker' (1221115) panicked at tools/nanospam/src/app.rs:330:63:
called `Result::unwrap()` on an `Err` value: Os { code: 32, kind: BrokenPipe, message: "Broken pipe" }

thread 'tokio-rt-worker' (1219376) panicked at tools/nanospam/src/app.rs:330:63:
called `Result::unwrap()` on an `Err` value: Os { code: 32, kind: BrokenPipe, message: "Broken pipe" }

thread 'tokio-rt-worker' (1219376) panicked at tools/nanospam/src/app.rs:330:63:
called `Result::unwrap()` on an `Err` value: Os { code: 32, kind: BrokenPipe, message: "Broken pipe" }

thread 'tokio-rt-worker' (1221115) panicked at tools/nanospam/src/app.rs:330:63:
called `Result::unwrap()` on an `Err` value: Os { code: 32, kind: BrokenPipe, message: "Broken pipe" }

thread 'tokio-rt-worker' (1220925) panicked at tools/nanospam/src/app.rs:330:63:
called `Result::unwrap()` on an `Err` value: Os { code: 32, kind: BrokenPipe, message: "Broken pipe" }

thread 'tokio-rt-worker' (1219374) panicked at tools/nanospam/src/app.rs:330:63:
called `Result::unwrap()` on an `Err` value: Os { code: 32, kind: BrokenPipe, message: "Broken pipe" }

thread 'tokio-rt-worker' (1219376) panicked at tools/nanospam/src/app.rs:330:63:
called `Result::unwrap()` on an `Err` value: Os { code: 32, kind: BrokenPipe, message: "Broken pipe" }

thread 'tokio-rt-worker' (1219376) panicked at tools/nanospam/src/app.rs:330:63:
called `Result::unwrap()` on an `Err` value: Os { code: 32, kind: BrokenPipe, message: "Broken pipe" }

thread 'tokio-rt-worker' (1219374) panicked at tools/nanospam/src/app.rs:330:63:
called `Result::unwrap()` on an `Err` value: Os { code: 32, kind: BrokenPipe, message: "Broken pipe" }

thread 'tokio-rt-worker' (1220925) panicked at tools/nanospam/src/app.rs:330:63:
called `Result::unwrap()` on an `Err` value: Os { code: 32, kind: BrokenPipe, message: "Broken pipe" }

thread 'tokio-rt-worker' (1221115) panicked at tools/nanospam/src/app.rs:330:63:
called `Result::unwrap()` on an `Err` value: Os { code: 32, kind: BrokenPipe, message: "Broken pipe" }

thread 'tokio-rt-worker' (1219376) panicked at tools/nanospam/src/app.rs:330:63:
called `Result::unwrap()` on an `Err` value: Os { code: 32, kind: BrokenPipe, message: "Broken pipe" }

thread 'tokio-rt-worker' (1219376) panicked at tools/nanospam/src/app.rs:330:63:
called `Result::unwrap()` on an `Err` value: Os { code: 32, kind: BrokenPipe, message: "Broken pipe" }

thread 'tokio-rt-worker' (1221115) panicked at tools/nanospam/src/app.rs:330:63:
called `Result::unwrap()` on an `Err` value: Os { code: 32, kind: BrokenPipe, message: "Broken pipe" }

thread 'tokio-rt-worker' (1220925) panicked at tools/nanospam/src/app.rs:330:63:
called `Result::unwrap()` on an `Err` value: Os { code: 32, kind: BrokenPipe, message: "Broken pipe" }

thread 'tokio-rt-worker' (1219376) panicked at tools/nanospam/src/app.rs:330:63:
called `Result::unwrap()` on an `Err` value: Os { code: 32, kind: BrokenPipe, message: "Broken pipe" }

thread 'tokio-rt-worker' (1219374) panicked at tools/nanospam/src/app.rs:330:63:
called `Result::unwrap()` on an `Err` value: Os { code: 32, kind: BrokenPipe, message: "Broken pipe" }

thread 'tokio-rt-worker' (1219374) panicked at tools/nanospam/src/app.rs:330:63:
called `Result::unwrap()` on an `Err` value: Os { code: 32, kind: BrokenPipe, message: "Broken pipe" }

thread 'tokio-rt-worker' (1219376) panicked at tools/nanospam/src/app.rs:330:63:
called `Result::unwrap()` on an `Err` value: Os { code: 32, kind: BrokenPipe, message: "Broken pipe" }

thread 'tokio-rt-worker' (1220925) panicked at tools/nanospam/src/app.rs:330:63:
called `Result::unwrap()` on an `Err` value: Os { code: 32, kind: BrokenPipe, message: "Broken pipe" }

thread 'tokio-rt-worker' (1221115) panicked at tools/nanospam/src/app.rs:330:63:
called `Result::unwrap()` on an `Err` value: Os { code: 32, kind: BrokenPipe, message: "Broken pipe" }

thread 'tokio-rt-worker' (1219374) panicked at tools/nanospam/src/app.rs:330:63:
called `Result::unwrap()` on an `Err` value: Os { code: 32, kind: BrokenPipe, message: "Broken pipe" }

thread 'tokio-rt-worker' (1219374) panicked at tools/nanospam/src/app.rs:330:63:
called `Result::unwrap()` on an `Err` value: Os { code: 32, kind: BrokenPipe, message: "Broken pipe" }

thread 'tokio-rt-worker' (1221115) panicked at tools/nanospam/src/app.rs:330:63:
called `Result::unwrap()` on an `Err` value: Os { code: 32, kind: BrokenPipe, message: "Broken pipe" }

thread 'tokio-rt-worker' (1220925) panicked at tools/nanospam/src/app.rs:330:63:
called `Result::unwrap()` on an `Err` value: Os { code: 32, kind: BrokenPipe, message: "Broken pipe" }

thread 'tokio-rt-worker' (1219376) panicked at tools/nanospam/src/app.rs:330:63:
called `Result::unwrap()` on an `Err` value: Os { code: 32, kind: BrokenPipe, message: "Broken pipe" }

thread 'tokio-rt-worker' (1219374) panicked at tools/nanospam/src/app.rs:330:63:
called `Result::unwrap()` on an `Err` value: Os { code: 32, kind: BrokenPipe, message: "Broken pipe" }

thread 'tokio-rt-worker' (1219374) panicked at tools/nanospam/src/app.rs:330:63:
called `Result::unwrap()` on an `Err` value: Os { code: 32, kind: BrokenPipe, message: "Broken pipe" }

thread 'tokio-rt-worker' (1219376) panicked at tools/nanospam/src/app.rs:330:63:
called `Result::unwrap()` on an `Err` value: Os { code: 32, kind: BrokenPipe, message: "Broken pipe" }

thread 'tokio-rt-worker' (1220925) panicked at tools/nanospam/src/app.rs:330:63:
called `Result::unwrap()` on an `Err` value: Os { code: 32, kind: BrokenPipe, message: "Broken pipe" }

thread 'tokio-rt-worker' (1219374) panicked at tools/nanospam/src/app.rs:330:63:
called `Result::unwrap()` on an `Err` value: Os { code: 32, kind: BrokenPipe, message: "Broken pipe" }

thread 'tokio-rt-worker' (1219376) panicked at tools/nanospam/src/app.rs:330:63:
called `Result::unwrap()` on an `Err` value: Os { code: 32, kind: BrokenPipe, message: "Broken pipe" }

thread 'tokio-rt-worker' (1219376) panicked at tools/nanospam/src/app.rs:330:63:
called `Result::unwrap()` on an `Err` value: Os { code: 32, kind: BrokenPipe, message: "Broken pipe" }

thread 'tokio-rt-worker' (1219374) panicked at tools/nanospam/src/app.rs:330:63:
called `Result::unwrap()` on an `Err` value: Os { code: 32, kind: BrokenPipe, message: "Broken pipe" }

thread 'tokio-rt-worker' (1221115) panicked at tools/nanospam/src/app.rs:330:63:
called `Result::unwrap()` on an `Err` value: Os { code: 32, kind: BrokenPipe, message: "Broken pipe" }

thread 'tokio-rt-worker' (1219376) panicked at tools/nanospam/src/app.rs:330:63:
called `Result::unwrap()` on an `Err` value: Os { code: 32, kind: BrokenPipe, message: "Broken pipe" }

thread 'tokio-rt-worker' (1219374) panicked at tools/nanospam/src/app.rs:330:63:
called `Result::unwrap()` on an `Err` value: Os { code: 32, kind: BrokenPipe, message: "Broken pipe" }

thread 'tokio-rt-worker' (1219376) panicked at tools/nanospam/src/app.rs:330:63:
called `Result::unwrap()` on an `Err` value: Os { code: 32, kind: BrokenPipe, message: "Broken pipe" }

thread 'tokio-rt-worker' (1219373) panicked at tools/nanospam/src/app.rs:330:63:
called `Result::unwrap()` on an `Err` value: Os { code: 32, kind: BrokenPipe, message: "Broken pipe" }

thread 'tokio-rt-worker' (1220925) panicked at tools/nanospam/src/app.rs:330:63:
called `Result::unwrap()` on an `Err` value: Os { code: 32, kind: BrokenPipe, message: "Broken pipe" }

thread 'tokio-rt-worker' (1219374) panicked at tools/nanospam/src/app.rs:330:63:
called `Result::unwrap()` on an `Err` value: Os { code: 32, kind: BrokenPipe, message: "Broken pipe" }

thread 'tokio-rt-worker' (1219376) panicked at tools/nanospam/src/app.rs:330:63:
called `Result::unwrap()` on an `Err` value: Os { code: 32, kind: BrokenPipe, message: "Broken pipe" }

thread 'tokio-rt-worker' (1219376) panicked at tools/nanospam/src/app.rs:330:63:
called `Result::unwrap()` on an `Err` value: Os { code: 32, kind: BrokenPipe, message: "Broken pipe" }

thread 'tokio-rt-worker' (1219374) panicked at tools/nanospam/src/app.rs:330:63:
called `Result::unwrap()` on an `Err` value: Os { code: 32, kind: BrokenPipe, message: "Broken pipe" }

thread 'tokio-rt-worker' (1220925) panicked at tools/nanospam/src/app.rs:330:63:
called `Result::unwrap()` on an `Err` value: Os { code: 32, kind: BrokenPipe, message: "Broken pipe" }

thread 'tokio-rt-worker' (1219373) panicked at tools/nanospam/src/app.rs:330:63:
called `Result::unwrap()` on an `Err` value: Os { code: 32, kind: BrokenPipe, message: "Broken pipe" }

thread 'tokio-rt-worker' (1219376) panicked at tools/nanospam/src/app.rs:330:63:
called `Result::unwrap()` on an `Err` value: Os { code: 32, kind: BrokenPipe, message: "Broken pipe" }

thread 'tokio-rt-worker' (1219376) panicked at tools/nanospam/src/app.rs:330:63:
called `Result::unwrap()` on an `Err` value: Os { code: 32, kind: BrokenPipe, message: "Broken pipe" }

thread 'tokio-rt-worker' (1220925) panicked at tools/nanospam/src/app.rs:330:63:
called `Result::unwrap()` on an `Err` value: Os { code: 32, kind: BrokenPipe, message: "Broken pipe" }

thread 'tokio-rt-worker' (1219374) panicked at tools/nanospam/src/app.rs:330:63:
called `Result::unwrap()` on an `Err` value: Os { code: 32, kind: BrokenPipe, message: "Broken pipe" }

thread 'tokio-rt-worker' (1219373) panicked at tools/nanospam/src/app.rs:330:63:
called `Result::unwrap()` on an `Err` value: Os { code: 32, kind: BrokenPipe, message: "Broken pipe" }

thread 'tokio-rt-worker' (1219376) panicked at tools/nanospam/src/app.rs:330:63:
called `Result::unwrap()` on an `Err` value: Os { code: 32, kind: BrokenPipe, message: "Broken pipe" }

thread 'tokio-rt-worker' (1219376) panicked at tools/nanospam/src/app.rs:330:63:
called `Result::unwrap()` on an `Err` value: Os { code: 32, kind: BrokenPipe, message: "Broken pipe" }

thread 'tokio-rt-worker' (1219374) panicked at tools/nanospam/src/app.rs:330:63:
called `Result::unwrap()` on an `Err` value: Os { code: 32, kind: BrokenPipe, message: "Broken pipe" }

thread 'tokio-rt-worker' (1220925) panicked at tools/nanospam/src/app.rs:330:63:
called `Result::unwrap()` on an `Err` value: Os { code: 32, kind: BrokenPipe, message: "Broken pipe" }

thread 'tokio-rt-worker' (1219373) panicked at tools/nanospam/src/app.rs:330:63:
called `Result::unwrap()` on an `Err` value: Os { code: 32, kind: BrokenPipe, message: "Broken pipe" }

thread 'tokio-rt-worker' (1219376) panicked at tools/nanospam/src/app.rs:330:63:
called `Result::unwrap()` on an `Err` value: Os { code: 32, kind: BrokenPipe, message: "Broken pipe" }

thread 'tokio-rt-worker' (1219376) panicked at tools/nanospam/src/app.rs:330:63:
called `Result::unwrap()` on an `Err` value: Os { code: 32, kind: BrokenPipe, message: "Broken pipe" }

thread 'tokio-rt-worker' (1219373) panicked at tools/nanospam/src/app.rs:330:63:
called `Result::unwrap()` on an `Err` value: Os { code: 32, kind: BrokenPipe, message: "Broken pipe" }

thread 'tokio-rt-worker' (1220925) panicked at tools/nanospam/src/app.rs:330:63:
called `Result::unwrap()` on an `Err` value: Os { code: 32, kind: BrokenPipe, message: "Broken pipe" }

thread 'tokio-rt-worker' (1219374) panicked at tools/nanospam/src/app.rs:330:63:
called `Result::unwrap()` on an `Err` value: Os { code: 32, kind: BrokenPipe, message: "Broken pipe" }

thread 'tokio-rt-worker' (1219373) panicked at tools/nanospam/src/app.rs:330:63:
called `Result::unwrap()` on an `Err` value: Os { code: 32, kind: BrokenPipe, message: "Broken pipe" }

thread 'tokio-rt-worker' (1219373) panicked at tools/nanospam/src/app.rs:330:63:
called `Result::unwrap()` on an `Err` value: Os { code: 32, kind: BrokenPipe, message: "Broken pipe" }

thread 'tokio-rt-worker' (1219376) panicked at tools/nanospam/src/app.rs:330:63:
called `Result::unwrap()` on an `Err` value: Os { code: 32, kind: BrokenPipe, message: "Broken pipe" }

thread 'tokio-rt-worker' (1220925) panicked at tools/nanospam/src/app.rs:330:63:
called `Result::unwrap()` on an `Err` value: Os { code: 32, kind: BrokenPipe, message: "Broken pipe" }

thread 'tokio-rt-worker' (1219374) panicked at tools/nanospam/src/app.rs:330:63:
called `Result::unwrap()` on an `Err` value: Os { code: 32, kind: BrokenPipe, message: "Broken pipe" }

thread 'tokio-rt-worker' (1219373) panicked at tools/nanospam/src/app.rs:330:63:
called `Result::unwrap()` on an `Err` value: Os { code: 32, kind: BrokenPipe, message: "Broken pipe" }

thread 'tokio-rt-worker' (1219373) panicked at tools/nanospam/src/app.rs:330:63:
called `Result::unwrap()` on an `Err` value: Os { code: 32, kind: BrokenPipe, message: "Broken pipe" }

thread 'tokio-rt-worker' (1219374) panicked at tools/nanospam/src/app.rs:330:63:
called `Result::unwrap()` on an `Err` value: Os { code: 32, kind: BrokenPipe, message: "Broken pipe" }

thread 'tokio-rt-worker' (1220925) panicked at tools/nanospam/src/app.rs:330:63:
called `Result::unwrap()` on an `Err` value: Os { code: 32, kind: BrokenPipe, message: "Broken pipe" }

thread 'tokio-rt-worker' (1219376) panicked at tools/nanospam/src/app.rs:330:63:
called `Result::unwrap()` on an `Err` value: Os { code: 32, kind: BrokenPipe, message: "Broken pipe" }

thread 'tokio-rt-worker' (1219373) panicked at tools/nanospam/src/app.rs:330:63:
called `Result::unwrap()` on an `Err` value: Os { code: 32, kind: BrokenPipe, message: "Broken pipe" }

thread 'tokio-rt-worker' (1219373) panicked at tools/nanospam/src/app.rs:330:63:
called `Result::unwrap()` on an `Err` value: Os { code: 32, kind: BrokenPipe, message: "Broken pipe" }

thread 'tokio-rt-worker' (1219376) panicked at tools/nanospam/src/app.rs:330:63:
called `Result::unwrap()` on an `Err` value: Os { code: 32, kind: BrokenPipe, message: "Broken pipe" }

thread 'tokio-rt-worker' (1220925) panicked at tools/nanospam/src/app.rs:330:63:
called `Result::unwrap()` on an `Err` value: Os { code: 32, kind: BrokenPipe, message: "Broken pipe" }

thread 'tokio-rt-worker' (1219374) panicked at tools/nanospam/src/app.rs:330:63:
called `Result::unwrap()` on an `Err` value: Os { code: 32, kind: BrokenPipe, message: "Broken pipe" }

thread 'tokio-rt-worker' (1219373) panicked at tools/nanospam/src/app.rs:330:63:
called `Result::unwrap()` on an `Err` value: Os { code: 32, kind: BrokenPipe, message: "Broken pipe" }

thread 'tokio-rt-worker' (1219373) panicked at tools/nanospam/src/app.rs:330:63:
called `Result::unwrap()` on an `Err` value: Os { code: 32, kind: BrokenPipe, message: "Broken pipe" }

thread 'tokio-rt-worker' (1219374) panicked at tools/nanospam/src/app.rs:330:63:
called `Result::unwrap()` on an `Err` value: Os { code: 32, kind: BrokenPipe, message: "Broken pipe" }

thread 'tokio-rt-worker' (1220925) panicked at tools/nanospam/src/app.rs:330:63:
called `Result::unwrap()` on an `Err` value: Os { code: 32, kind: BrokenPipe, message: "Broken pipe" }

thread 'tokio-rt-worker' (1219376) panicked at tools/nanospam/src/app.rs:330:63:
called `Result::unwrap()` on an `Err` value: Os { code: 32, kind: BrokenPipe, message: "Broken pipe" }

thread 'tokio-rt-worker' (1219373) panicked at tools/nanospam/src/app.rs:330:63:
called `Result::unwrap()` on an `Err` value: Os { code: 32, kind: BrokenPipe, message: "Broken pipe" }

thread 'tokio-rt-worker' (1219373) panicked at tools/nanospam/src/app.rs:330:63:
called `Result::unwrap()` on an `Err` value: Os { code: 32, kind: BrokenPipe, message: "Broken pipe" }

thread 'tokio-rt-worker' (1219376) panicked at tools/nanospam/src/app.rs:330:63:
called `Result::unwrap()` on an `Err` value: Os { code: 32, kind: BrokenPipe, message: "Broken pipe" }

thread 'tokio-rt-worker' (1220925) panicked at tools/nanospam/src/app.rs:330:63:
called `Result::unwrap()` on an `Err` value: Os { code: 32, kind: BrokenPipe, message: "Broken pipe" }

thread 'tokio-rt-worker' (1219374) panicked at tools/nanospam/src/app.rs:330:63:
called `Result::unwrap()` on an `Err` value: Os { code: 32, kind: BrokenPipe, message: "Broken pipe" }

thread 'tokio-rt-worker' (1219373) panicked at tools/nanospam/src/app.rs:330:63:
called `Result::unwrap()` on an `Err` value: Os { code: 32, kind: BrokenPipe, message: "Broken pipe" }

thread 'tokio-rt-worker' (1219373) panicked at tools/nanospam/src/app.rs:330:63:
called `Result::unwrap()` on an `Err` value: Os { code: 32, kind: BrokenPipe, message: "Broken pipe" }

thread 'tokio-rt-worker' (1219374) panicked at tools/nanospam/src/app.rs:330:63:
called `Result::unwrap()` on an `Err` value: Os { code: 32, kind: BrokenPipe, message: "Broken pipe" }

thread 'tokio-rt-worker' (1220925) panicked at tools/nanospam/src/app.rs:330:63:
called `Result::unwrap()` on an `Err` value: Os { code: 32, kind: BrokenPipe, message: "Broken pipe" }

thread 'tokio-rt-worker' (1219376) panicked at tools/nanospam/src/app.rs:330:63:
called `Result::unwrap()` on an `Err` value: Os { code: 32, kind: BrokenPipe, message: "Broken pipe" }

thread 'tokio-rt-worker' (1219373) panicked at tools/nanospam/src/app.rs:330:63:
called `Result::unwrap()` on an `Err` value: Os { code: 32, kind: BrokenPipe, message: "Broken pipe" }

thread 'tokio-rt-worker' (1219373) panicked at tools/nanospam/src/app.rs:330:63:
called `Result::unwrap()` on an `Err` value: Os { code: 32, kind: BrokenPipe, message: "Broken pipe" }

thread 'tokio-rt-worker' (1219376) panicked at tools/nanospam/src/app.rs:330:63:
called `Result::unwrap()` on an `Err` value: Os { code: 32, kind: BrokenPipe, message: "Broken pipe" }

thread 'tokio-rt-worker' (1220925) panicked at tools/nanospam/src/app.rs:330:63:
called `Result::unwrap()` on an `Err` value: Os { code: 32, kind: BrokenPipe, message: "Broken pipe" }

thread 'tokio-rt-worker' (1219374) panicked at tools/nanospam/src/app.rs:330:63:
called `Result::unwrap()` on an `Err` value: Os { code: 32, kind: BrokenPipe, message: "Broken pipe" }

thread 'tokio-rt-worker' (1219373) panicked at tools/nanospam/src/app.rs:330:63:
called `Result::unwrap()` on an `Err` value: Os { code: 32, kind: BrokenPipe, message: "Broken pipe" }

thread 'tokio-rt-worker' (1219373) panicked at tools/nanospam/src/app.rs:330:63:
called `Result::unwrap()` on an `Err` value: Os { code: 32, kind: BrokenPipe, message: "Broken pipe" }

thread 'tokio-rt-worker' (1219374) panicked at tools/nanospam/src/app.rs:330:63:
called `Result::unwrap()` on an `Err` value: Os { code: 32, kind: BrokenPipe, message: "Broken pipe" }

thread 'tokio-rt-worker' (1219376) panicked at tools/nanospam/src/app.rs:330:63:
called `Result::unwrap()` on an `Err` value: Os { code: 32, kind: BrokenPipe, message: "Broken pipe" }

thread 'tokio-rt-worker' (1219373) panicked at tools/nanospam/src/app.rs:330:63:
called `Result::unwrap()` on an `Err` value: Os { code: 32, kind: BrokenPipe, message: "Broken pipe" }

thread 'tokio-rt-worker' (1220925) panicked at tools/nanospam/src/app.rs:330:63:
called `Result::unwrap()` on an `Err` value: Os { code: 32, kind: BrokenPipe, message: "Broken pipe" }

thread 'tokio-rt-worker' (1220925) panicked at tools/nanospam/src/app.rs:330:63:
called `Result::unwrap()` on an `Err` value: Os { code: 32, kind: BrokenPipe, message: "Broken pipe" }

thread 'tokio-rt-worker' (1219373) panicked at tools/nanospam/src/app.rs:330:63:
called `Result::unwrap()` on an `Err` value: Os { code: 32, kind: BrokenPipe, message: "Broken pipe" }

thread 'tokio-rt-worker' (1219376) panicked at tools/nanospam/src/app.rs:330:63:
called `Result::unwrap()` on an `Err` value: Os { code: 32, kind: BrokenPipe, message: "Broken pipe" }

thread 'tokio-rt-worker' (1219374) panicked at tools/nanospam/src/app.rs:330:63:
called `Result::unwrap()` on an `Err` value: Os { code: 32, kind: BrokenPipe, message: "Broken pipe" }

thread 'tokio-rt-worker' (1220925) panicked at tools/nanospam/src/app.rs:330:63:
called `Result::unwrap()` on an `Err` value: Os { code: 32, kind: BrokenPipe, message: "Broken pipe" }

thread 'tokio-rt-worker' (1220925) panicked at tools/nanospam/src/app.rs:330:63:
called `Result::unwrap()` on an `Err` value: Os { code: 32, kind: BrokenPipe, message: "Broken pipe" }

thread 'tokio-rt-worker' (1219374) panicked at tools/nanospam/src/app.rs:330:63:
called `Result::unwrap()` on an `Err` value: Os { code: 32, kind: BrokenPipe, message: "Broken pipe" }

thread 'tokio-rt-worker' (1219373) panicked at tools/nanospam/src/app.rs:330:63:
called `Result::unwrap()` on an `Err` value: Os { code: 32, kind: BrokenPipe, message: "Broken pipe" }

thread 'tokio-rt-worker' (1220925) panicked at tools/nanospam/src/app.rs:330:63:
called `Result::unwrap()` on an `Err` value: Os { code: 32, kind: BrokenPipe, message: "Broken pipe" }

thread 'tokio-rt-worker' (1219376) panicked at tools/nanospam/src/app.rs:330:63:
called `Result::unwrap()` on an `Err` value: Os { code: 32, kind: BrokenPipe, message: "Broken pipe" }

thread 'tokio-rt-worker' (1219376) panicked at tools/nanospam/src/app.rs:330:63:
called `Result::unwrap()` on an `Err` value: Os { code: 32, kind: BrokenPipe, message: "Broken pipe" }

thread 'tokio-rt-worker' (1219373) panicked at tools/nanospam/src/app.rs:330:63:
called `Result::unwrap()` on an `Err` value: Os { code: 32, kind: BrokenPipe, message: "Broken pipe" }

thread 'tokio-rt-worker' (1219374) panicked at tools/nanospam/src/app.rs:330:63:
called `Result::unwrap()` on an `Err` value: Os { code: 32, kind: BrokenPipe, message: "Broken pipe" }

thread 'tokio-rt-worker' (1219376) panicked at tools/nanospam/src/app.rs:330:63:
called `Result::unwrap()` on an `Err` value: Os { code: 32, kind: BrokenPipe, message: "Broken pipe" }

thread 'tokio-rt-worker' (1220925) panicked at tools/nanospam/src/app.rs:330:63:
called `Result::unwrap()` on an `Err` value: Os { code: 32, kind: BrokenPipe, message: "Broken pipe" }

thread 'tokio-rt-worker' (1220925) panicked at tools/nanospam/src/app.rs:330:63:
called `Result::unwrap()` on an `Err` value: Os { code: 32, kind: BrokenPipe, message: "Broken pipe" }

thread 'tokio-rt-worker' (1219376) panicked at tools/nanospam/src/app.rs:330:63:
called `Result::unwrap()` on an `Err` value: Os { code: 32, kind: BrokenPipe, message: "Broken pipe" }

thread 'tokio-rt-worker' (1219374) panicked at tools/nanospam/src/app.rs:330:63:
called `Result::unwrap()` on an `Err` value: Os { code: 32, kind: BrokenPipe, message: "Broken pipe" }

thread 'tokio-rt-worker' (1219373) panicked at tools/nanospam/src/app.rs:330:63:
called `Result::unwrap()` on an `Err` value: Os { code: 32, kind: BrokenPipe, message: "Broken pipe" }

thread 'tokio-rt-worker' (1220925) panicked at tools/nanospam/src/app.rs:330:63:
called `Result::unwrap()` on an `Err` value: Os { code: 32, kind: BrokenPipe, message: "Broken pipe" }

thread 'tokio-rt-worker' (1220925) panicked at tools/nanospam/src/app.rs:330:63:
called `Result::unwrap()` on an `Err` value: Os { code: 32, kind: BrokenPipe, message: "Broken pipe" }

thread 'tokio-rt-worker' (1219373) panicked at tools/nanospam/src/app.rs:330:63:
called `Result::unwrap()` on an `Err` value: Os { code: 32, kind: BrokenPipe, message: "Broken pipe" }

thread 'tokio-rt-worker' (1219374) panicked at tools/nanospam/src/app.rs:330:63:
called `Result::unwrap()` on an `Err` value: Os { code: 32, kind: BrokenPipe, message: "Broken pipe" }

thread 'tokio-rt-worker' (1219376) panicked at tools/nanospam/src/app.rs:330:63:
called `Result::unwrap()` on an `Err` value: Os { code: 32, kind: BrokenPipe, message: "Broken pipe" }

thread 'tokio-rt-worker' (1220925) panicked at tools/nanospam/src/app.rs:330:63:
called `Result::unwrap()` on an `Err` value: Os { code: 32, kind: BrokenPipe, message: "Broken pipe" }

thread 'tokio-rt-worker' (1220925) panicked at tools/nanospam/src/app.rs:330:63:
called `Result::unwrap()` on an `Err` value: Os { code: 32, kind: BrokenPipe, message: "Broken pipe" }

thread 'tokio-rt-worker' (1219376) panicked at tools/nanospam/src/app.rs:330:63:
called `Result::unwrap()` on an `Err` value: Os { code: 32, kind: BrokenPipe, message: "Broken pipe" }

thread 'tokio-rt-worker' (1219374) panicked at tools/nanospam/src/app.rs:330:63:
called `Result::unwrap()` on an `Err` value: Os { code: 32, kind: BrokenPipe, message: "Broken pipe" }

thread 'tokio-rt-worker' (1219373) panicked at tools/nanospam/src/app.rs:330:63:
called `Result::unwrap()` on an `Err` value: Os { code: 32, kind: BrokenPipe, message: "Broken pipe" }

thread 'tokio-rt-worker' (1220925) panicked at tools/nanospam/src/app.rs:330:63:
called `Result::unwrap()` on an `Err` value: Os { code: 32, kind: BrokenPipe, message: "Broken pipe" }

thread 'tokio-rt-worker' (1220925) panicked at tools/nanospam/src/app.rs:330:63:
called `Result::unwrap()` on an `Err` value: Os { code: 32, kind: BrokenPipe, message: "Broken pipe" }

thread 'tokio-rt-worker' (1219373) panicked at tools/nanospam/src/app.rs:330:63:
called `Result::unwrap()` on an `Err` value: Os { code: 32, kind: BrokenPipe, message: "Broken pipe" }

thread 'tokio-rt-worker' (1219374) panicked at tools/nanospam/src/app.rs:330:63:
called `Result::unwrap()` on an `Err` value: Os { code: 32, kind: BrokenPipe, message: "Broken pipe" }

thread 'tokio-rt-worker' (1219376) panicked at tools/nanospam/src/app.rs:330:63:
called `Result::unwrap()` on an `Err` value: Os { code: 32, kind: BrokenPipe, message: "Broken pipe" }

thread 'tokio-rt-worker' (1220925) panicked at tools/nanospam/src/app.rs:330:63:
called `Result::unwrap()` on an `Err` value: Os { code: 32, kind: BrokenPipe, message: "Broken pipe" }

thread 'tokio-rt-worker' (1220925) panicked at tools/nanospam/src/app.rs:330:63:
called `Result::unwrap()` on an `Err` value: Os { code: 32, kind: BrokenPipe, message: "Broken pipe" }

thread 'tokio-rt-worker' (1219376) panicked at tools/nanospam/src/app.rs:330:63:
called `Result::unwrap()` on an `Err` value: Os { code: 32, kind: BrokenPipe, message: "Broken pipe" }

thread 'tokio-rt-worker' (1219374) panicked at tools/nanospam/src/app.rs:330:63:
called `Result::unwrap()` on an `Err` value: Os { code: 32, kind: BrokenPipe, message: "Broken pipe" }

thread 'tokio-rt-worker' (1220925) panicked at tools/nanospam/src/app.rs:330:63:
called `Result::unwrap()` on an `Err` value: Os { code: 32, kind: BrokenPipe, message: "Broken pipe" }

thread 'tokio-rt-worker' (1219373) panicked at tools/nanospam/src/app.rs:330:63:
called `Result::unwrap()` on an `Err` value: Os { code: 32, kind: BrokenPipe, message: "Broken pipe" }

thread 'tokio-rt-worker' (1220925) panicked at tools/nanospam/src/app.rs:330:63:
called `Result::unwrap()` on an `Err` value: Os { code: 32, kind: BrokenPipe, message: "Broken pipe" }

thread 'tokio-rt-worker' (1219375) panicked at tools/nanospam/src/app.rs:330:63:
called `Result::unwrap()` on an `Err` value: Os { code: 32, kind: BrokenPipe, message: "Broken pipe" }

thread 'tokio-rt-worker' (1219374) panicked at tools/nanospam/src/app.rs:330:63:
called `Result::unwrap()` on an `Err` value: Os { code: 32, kind: BrokenPipe, message: "Broken pipe" }

thread 'tokio-rt-worker' (1220925) panicked at tools/nanospam/src/app.rs:330:63:
called `Result::unwrap()` on an `Err` value: Os { code: 32, kind: BrokenPipe, message: "Broken pipe" }

thread 'tokio-rt-worker' (1219373) panicked at tools/nanospam/src/app.rs:330:63:
called `Result::unwrap()` on an `Err` value: Os { code: 32, kind: BrokenPipe, message: "Broken pipe" }

thread 'tokio-rt-worker' (1219373) panicked at tools/nanospam/src/app.rs:330:63:
called `Result::unwrap()` on an `Err` value: Os { code: 32, kind: BrokenPipe, message: "Broken pipe" }

thread 'tokio-rt-worker' (1219374) panicked at tools/nanospam/src/app.rs:330:63:
called `Result::unwrap()` on an `Err` value: Os { code: 32, kind: BrokenPipe, message: "Broken pipe" }

thread 'tokio-rt-worker' (1220925) panicked at tools/nanospam/src/app.rs:330:63:
called `Result::unwrap()` on an `Err` value: Os { code: 32, kind: BrokenPipe, message: "Broken pipe" }

thread 'tokio-rt-worker' (1219373) panicked at tools/nanospam/src/app.rs:330:63:
called `Result::unwrap()` on an `Err` value: Os { code: 32, kind: BrokenPipe, message: "Broken pipe" }

thread 'tokio-rt-worker' (1219375) panicked at tools/nanospam/src/app.rs:330:63:
called `Result::unwrap()` on an `Err` value: Os { code: 32, kind: BrokenPipe, message: "Broken pipe" }

thread 'tokio-rt-worker' (1219375) panicked at tools/nanospam/src/app.rs:330:63:
called `Result::unwrap()` on an `Err` value: Os { code: 32, kind: BrokenPipe, message: "Broken pipe" }

thread 'tokio-rt-worker' (1219373) panicked at tools/nanospam/src/app.rs:330:63:
called `Result::unwrap()` on an `Err` value: Os { code: 32, kind: BrokenPipe, message: "Broken pipe" }

thread 'tokio-rt-worker' (1220925) panicked at tools/nanospam/src/app.rs:330:63:
called `Result::unwrap()` on an `Err` value: Os { code: 32, kind: BrokenPipe, message: "Broken pipe" }

thread 'tokio-rt-worker' (1219374) panicked at tools/nanospam/src/app.rs:330:63:
called `Result::unwrap()` on an `Err` value: Os { code: 32, kind: BrokenPipe, message: "Broken pipe" }

thread 'tokio-rt-worker' (1219375) panicked at tools/nanospam/src/app.rs:330:63:
called `Result::unwrap()` on an `Err` value: Os { code: 32, kind: BrokenPipe, message: "Broken pipe" }

thread 'tokio-rt-worker' (1219375) panicked at tools/nanospam/src/app.rs:330:63:
called `Result::unwrap()` on an `Err` value: Os { code: 32, kind: BrokenPipe, message: "Broken pipe" }

thread 'tokio-rt-worker' (1219374) panicked at tools/nanospam/src/app.rs:330:63:
called `Result::unwrap()` on an `Err` value: Os { code: 32, kind: BrokenPipe, message: "Broken pipe" }

thread 'tokio-rt-worker' (1220925) panicked at tools/nanospam/src/app.rs:330:63:
called `Result::unwrap()` on an `Err` value: Os { code: 32, kind: BrokenPipe, message: "Broken pipe" }

thread 'tokio-rt-worker' (1219375) panicked at tools/nanospam/src/app.rs:330:63:
called `Result::unwrap()` on an `Err` value: Os { code: 32, kind: BrokenPipe, message: "Broken pipe" }

thread 'tokio-rt-worker' (1219373) panicked at tools/nanospam/src/app.rs:330:63:
called `Result::unwrap()` on an `Err` value: Os { code: 32, kind: BrokenPipe, message: "Broken pipe" }

thread 'tokio-rt-worker' (1219373) panicked at tools/nanospam/src/app.rs:330:63:
called `Result::unwrap()` on an `Err` value: Os { code: 32, kind: BrokenPipe, message: "Broken pipe" }

thread 'tokio-rt-worker' (1219374) panicked at tools/nanospam/src/app.rs:330:63:
called `Result::unwrap()` on an `Err` value: Os { code: 32, kind: BrokenPipe, message: "Broken pipe" }

thread 'tokio-rt-worker' (1219375) panicked at tools/nanospam/src/app.rs:330:63:
called `Result::unwrap()` on an `Err` value: Os { code: 32, kind: BrokenPipe, message: "Broken pipe" }

thread 'tokio-rt-worker' (1219373) panicked at tools/nanospam/src/app.rs:330:63:
called `Result::unwrap()` on an `Err` value: Os { code: 32, kind: BrokenPipe, message: "Broken pipe" }

thread 'tokio-rt-worker' (1220925) panicked at tools/nanospam/src/app.rs:330:63:
called `Result::unwrap()` on an `Err` value: Os { code: 32, kind: BrokenPipe, message: "Broken pipe" }

thread 'tokio-rt-worker' (1220925) panicked at tools/nanospam/src/app.rs:330:63:
called `Result::unwrap()` on an `Err` value: Os { code: 32, kind: BrokenPipe, message: "Broken pipe" }

thread 'tokio-rt-worker' (1219373) panicked at tools/nanospam/src/app.rs:330:63:
called `Result::unwrap()` on an `Err` value: Os { code: 32, kind: BrokenPipe, message: "Broken pipe" }

thread 'tokio-rt-worker' (1219375) panicked at tools/nanospam/src/app.rs:330:63:
called `Result::unwrap()` on an `Err` value: Os { code: 32, kind: BrokenPipe, message: "Broken pipe" }

thread 'tokio-rt-worker' (1220925) panicked at tools/nanospam/src/app.rs:330:63:
called `Result::unwrap()` on an `Err` value: Os { code: 32, kind: BrokenPipe, message: "Broken pipe" }

thread 'tokio-rt-worker' (1219374) panicked at tools/nanospam/src/app.rs:330:63:
called `Result::unwrap()` on an `Err` value: Os { code: 32, kind: BrokenPipe, message: "Broken pipe" }

thread 'tokio-rt-worker' (1219374) panicked at tools/nanospam/src/app.rs:330:63:
called `Result::unwrap()` on an `Err` value: Os { code: 32, kind: BrokenPipe, message: "Broken pipe" }

thread 'tokio-rt-worker' (1220925) panicked at tools/nanospam/src/app.rs:330:63:
called `Result::unwrap()` on an `Err` value: Os { code: 32, kind: BrokenPipe, message: "Broken pipe" }

thread 'tokio-rt-worker' (1219375) panicked at tools/nanospam/src/app.rs:330:63:
called `Result::unwrap()` on an `Err` value: Os { code: 32, kind: BrokenPipe, message: "Broken pipe" }

thread 'tokio-rt-worker' (1219374) panicked at tools/nanospam/src/app.rs:330:63:
called `Result::unwrap()` on an `Err` value: Os { code: 32, kind: BrokenPipe, message: "Broken pipe" }

thread 'tokio-rt-worker' (1219373) panicked at tools/nanospam/src/app.rs:330:63:
called `Result::unwrap()` on an `Err` value: Os { code: 32, kind: BrokenPipe, message: "Broken pipe" }

thread 'tokio-rt-worker' (1219373) panicked at tools/nanospam/src/app.rs:330:63:
called `Result::unwrap()` on an `Err` value: Os { code: 32, kind: BrokenPipe, message: "Broken pipe" }

thread 'tokio-rt-worker' (1219374) panicked at tools/nanospam/src/app.rs:330:63:
called `Result::unwrap()` on an `Err` value: Os { code: 32, kind: BrokenPipe, message: "Broken pipe" }

thread 'tokio-rt-worker' (1219375) panicked at tools/nanospam/src/app.rs:330:63:
called `Result::unwrap()` on an `Err` value: Os { code: 32, kind: BrokenPipe, message: "Broken pipe" }

thread 'tokio-rt-worker' (1220925) panicked at tools/nanospam/src/app.rs:330:63:
called `Result::unwrap()` on an `Err` value: Os { code: 32, kind: BrokenPipe, message: "Broken pipe" }

thread 'tokio-rt-worker' (1219373) panicked at tools/nanospam/src/app.rs:330:63:
called `Result::unwrap()` on an `Err` value: Os { code: 32, kind: BrokenPipe, message: "Broken pipe" }

thread 'tokio-rt-worker' (1219373) panicked at tools/nanospam/src/app.rs:330:63:
called `Result::unwrap()` on an `Err` value: Os { code: 32, kind: BrokenPipe, message: "Broken pipe" }

thread 'tokio-rt-worker' (1220925) panicked at tools/nanospam/src/app.rs:330:63:
called `Result::unwrap()` on an `Err` value: Os { code: 32, kind: BrokenPipe, message: "Broken pipe" }

thread 'tokio-rt-worker' (1219375) panicked at tools/nanospam/src/app.rs:330:63:
called `Result::unwrap()` on an `Err` value: Os { code: 32, kind: BrokenPipe, message: "Broken pipe" }

thread 'tokio-rt-worker' (1219374) panicked at tools/nanospam/src/app.rs:330:63:
called `Result::unwrap()` on an `Err` value: Os { code: 32, kind: BrokenPipe, message: "Broken pipe" }

thread 'tokio-rt-worker' (1219373) panicked at tools/nanospam/src/app.rs:330:63:
called `Result::unwrap()` on an `Err` value: Os { code: 32, kind: BrokenPipe, message: "Broken pipe" }

thread 'tokio-rt-worker' (1219373) panicked at tools/nanospam/src/app.rs:330:63:
called `Result::unwrap()` on an `Err` value: Os { code: 32, kind: BrokenPipe, message: "Broken pipe" }

thread 'tokio-rt-worker' (1219374) panicked at tools/nanospam/src/app.rs:330:63:
called `Result::unwrap()` on an `Err` value: Os { code: 32, kind: BrokenPipe, message: "Broken pipe" }

thread 'tokio-rt-worker' (1220925) panicked at tools/nanospam/src/app.rs:330:63:
called `Result::unwrap()` on an `Err` value: Os { code: 32, kind: BrokenPipe, message: "Broken pipe" }

thread 'tokio-rt-worker' (1219373) panicked at tools/nanospam/src/app.rs:330:63:
called `Result::unwrap()` on an `Err` value: Os { code: 32, kind: BrokenPipe, message: "Broken pipe" }

thread 'tokio-rt-worker' (1219375) panicked at tools/nanospam/src/app.rs:330:63:
called `Result::unwrap()` on an `Err` value: Os { code: 32, kind: BrokenPipe, message: "Broken pipe" }

thread 'tokio-rt-worker' (1219373) panicked at tools/nanospam/src/app.rs:330:63:
called `Result::unwrap()` on an `Err` value: Os { code: 32, kind: BrokenPipe, message: "Broken pipe" }

thread 'tokio-rt-worker' (1220916) panicked at tools/nanospam/src/app.rs:330:63:
called `Result::unwrap()` on an `Err` value: Os { code: 32, kind: BrokenPipe, message: "Broken pipe" }

thread 'tokio-rt-worker' (1220925) panicked at tools/nanospam/src/app.rs:330:63:
called `Result::unwrap()` on an `Err` value: Os { code: 32, kind: BrokenPipe, message: "Broken pipe" }

thread 'tokio-rt-worker' (1219373) panicked at tools/nanospam/src/app.rs:330:63:
called `Result::unwrap()` on an `Err` value: Os { code: 32, kind: BrokenPipe, message: "Broken pipe" }

thread 'tokio-rt-worker' (1219375) panicked at tools/nanospam/src/app.rs:330:63:
called `Result::unwrap()` on an `Err` value: Os { code: 32, kind: BrokenPipe, message: "Broken pipe" }

thread 'tokio-rt-worker' (1219375) panicked at tools/nanospam/src/app.rs:330:63:
called `Result::unwrap()` on an `Err` value: Os { code: 32, kind: BrokenPipe, message: "Broken pipe" }

thread 'tokio-rt-worker' (1219373) panicked at tools/nanospam/src/app.rs:330:63:
called `Result::unwrap()` on an `Err` value: Os { code: 32, kind: BrokenPipe, message: "Broken pipe" }

thread 'tokio-rt-worker' (1220916) panicked at tools/nanospam/src/app.rs:330:63:
called `Result::unwrap()` on an `Err` value: Os { code: 32, kind: BrokenPipe, message: "Broken pipe" }

thread 'tokio-rt-worker' (1219375) panicked at tools/nanospam/src/app.rs:330:63:
called `Result::unwrap()` on an `Err` value: Os { code: 32, kind: BrokenPipe, message: "Broken pipe" }

thread 'tokio-rt-worker' (1220925) panicked at tools/nanospam/src/app.rs:330:63:
called `Result::unwrap()` on an `Err` value: Os { code: 32, kind: BrokenPipe, message: "Broken pipe" }

thread 'tokio-rt-worker' (1220925) panicked at tools/nanospam/src/app.rs:330:63:
called `Result::unwrap()` on an `Err` value: Os { code: 32, kind: BrokenPipe, message: "Broken pipe" }

thread 'tokio-rt-worker' (1220916) panicked at tools/nanospam/src/app.rs:330:63:
called `Result::unwrap()` on an `Err` value: Os { code: 32, kind: BrokenPipe, message: "Broken pipe" }

thread 'tokio-rt-worker' (1219373) panicked at tools/nanospam/src/app.rs:330:63:
called `Result::unwrap()` on an `Err` value: Os { code: 32, kind: BrokenPipe, message: "Broken pipe" }

thread 'tokio-rt-worker' (1220925) panicked at tools/nanospam/src/app.rs:330:63:
called `Result::unwrap()` on an `Err` value: Os { code: 32, kind: BrokenPipe, message: "Broken pipe" }

thread 'tokio-rt-worker' (1219375) panicked at tools/nanospam/src/app.rs:330:63:
called `Result::unwrap()` on an `Err` value: Os { code: 32, kind: BrokenPipe, message: "Broken pipe" }

thread 'tokio-rt-worker' (1219375) panicked at tools/nanospam/src/app.rs:330:63:
called `Result::unwrap()` on an `Err` value: Os { code: 32, kind: BrokenPipe, message: "Broken pipe" }

thread 'tokio-rt-worker' (1219373) panicked at tools/nanospam/src/app.rs:330:63:
called `Result::unwrap()` on an `Err` value: Os { code: 32, kind: BrokenPipe, message: "Broken pipe" }

thread 'tokio-rt-worker' (1220916) panicked at tools/nanospam/src/app.rs:330:63:
called `Result::unwrap()` on an `Err` value: Os { code: 32, kind: BrokenPipe, message: "Broken pipe" }

thread 'tokio-rt-worker' (1219375) panicked at tools/nanospam/src/app.rs:330:63:
called `Result::unwrap()` on an `Err` value: Os { code: 32, kind: BrokenPipe, message: "Broken pipe" }

thread 'tokio-rt-worker' (1220925) panicked at tools/nanospam/src/app.rs:330:63:
called `Result::unwrap()` on an `Err` value: Os { code: 32, kind: BrokenPipe, message: "Broken pipe" }

thread 'tokio-rt-worker' (1220925) panicked at tools/nanospam/src/app.rs:330:63:
called `Result::unwrap()` on an `Err` value: Os { code: 32, kind: BrokenPipe, message: "Broken pipe" }

thread 'tokio-rt-worker' (1220916) panicked at tools/nanospam/src/app.rs:330:63:
called `Result::unwrap()` on an `Err` value: Os { code: 32, kind: BrokenPipe, message: "Broken pipe" }

thread 'tokio-rt-worker' (1220925) panicked at tools/nanospam/src/app.rs:330:63:
called `Result::unwrap()` on an `Err` value: Os { code: 32, kind: BrokenPipe, message: "Broken pipe" }

thread 'tokio-rt-worker' (1220916) panicked at tools/nanospam/src/app.rs:330:63:
called `Result::unwrap()` on an `Err` value: Os { code: 32, kind: BrokenPipe, message: "Broken pipe" }

thread 'tokio-rt-worker' (1219375) panicked at tools/nanospam/src/app.rs:330:63:
called `Result::unwrap()` on an `Err` value: Os { code: 32, kind: BrokenPipe, message: "Broken pipe" }

thread 'tokio-rt-worker' (1219375) panicked at tools/nanospam/src/app.rs:330:63:
called `Result::unwrap()` on an `Err` value: Os { code: 32, kind: BrokenPipe, message: "Broken pipe" }

thread 'tokio-rt-worker' (1220916) panicked at tools/nanospam/src/app.rs:330:63:
called `Result::unwrap()` on an `Err` value: Os { code: 32, kind: BrokenPipe, message: "Broken pipe" }

thread 'tokio-rt-worker' (1220925) panicked at tools/nanospam/src/app.rs:330:63:
called `Result::unwrap()` on an `Err` value: Os { code: 32, kind: BrokenPipe, message: "Broken pipe" }

thread 'tokio-rt-worker' (1219375) panicked at tools/nanospam/src/app.rs:330:63:
called `Result::unwrap()` on an `Err` value: Os { code: 32, kind: BrokenPipe, message: "Broken pipe" }

thread 'tokio-rt-worker' (1219373) panicked at tools/nanospam/src/app.rs:330:63:
called `Result::unwrap()` on an `Err` value: Os { code: 32, kind: BrokenPipe, message: "Broken pipe" }

thread 'tokio-rt-worker' (1219373) panicked at tools/nanospam/src/app.rs:330:63:
called `Result::unwrap()` on an `Err` value: Os { code: 32, kind: BrokenPipe, message: "Broken pipe" }

thread 'tokio-rt-worker' (1219375) panicked at tools/nanospam/src/app.rs:330:63:
called `Result::unwrap()` on an `Err` value: Os { code: 32, kind: BrokenPipe, message: "Broken pipe" }

thread 'tokio-rt-worker' (1220925) panicked at tools/nanospam/src/app.rs:330:63:
called `Result::unwrap()` on an `Err` value: Os { code: 32, kind: BrokenPipe, message: "Broken pipe" }

thread 'tokio-rt-worker' (1219373) panicked at tools/nanospam/src/app.rs:330:63:
called `Result::unwrap()` on an `Err` value: Os { code: 32, kind: BrokenPipe, message: "Broken pipe" }

thread 'tokio-rt-worker' (1219375) panicked at tools/nanospam/src/app.rs:330:63:
called `Result::unwrap()` on an `Err` value: Os { code: 32, kind: BrokenPipe, message: "Broken pipe" }

thread 'tokio-rt-worker' (1219375) panicked at tools/nanospam/src/app.rs:330:63:
called `Result::unwrap()` on an `Err` value: Os { code: 32, kind: BrokenPipe, message: "Broken pipe" }

thread 'tokio-rt-worker' (1219373) panicked at tools/nanospam/src/app.rs:330:63:
called `Result::unwrap()` on an `Err` value: Os { code: 32, kind: BrokenPipe, message: "Broken pipe" }

thread 'tokio-rt-worker' (1220916) panicked at tools/nanospam/src/app.rs:330:63:
called `Result::unwrap()` on an `Err` value: Os { code: 32, kind: BrokenPipe, message: "Broken pipe" }

thread 'tokio-rt-worker' (1219375) panicked at tools/nanospam/src/app.rs:330:63:
called `Result::unwrap()` on an `Err` value: Os { code: 32, kind: BrokenPipe, message: "Broken pipe" }

thread 'tokio-rt-worker' (1219373) panicked at tools/nanospam/src/app.rs:330:63:
called `Result::unwrap()` on an `Err` value: Os { code: 32, kind: BrokenPipe, message: "Broken pipe" }

thread 'tokio-rt-worker' (1219373) panicked at tools/nanospam/src/app.rs:330:63:
called `Result::unwrap()` on an `Err` value: Os { code: 32, kind: BrokenPipe, message: "Broken pipe" }

thread 'tokio-rt-worker' (1219375) panicked at tools/nanospam/src/app.rs:330:63:
called `Result::unwrap()` on an `Err` value: Os { code: 32, kind: BrokenPipe, message: "Broken pipe" }

thread 'tokio-rt-worker' (1220925) panicked at tools/nanospam/src/app.rs:330:63:
called `Result::unwrap()` on an `Err` value: Os { code: 32, kind: BrokenPipe, message: "Broken pipe" }

thread 'tokio-rt-worker' (1219373) panicked at tools/nanospam/src/app.rs:330:63:
called `Result::unwrap()` on an `Err` value: Os { code: 32, kind: BrokenPipe, message: "Broken pipe" }

thread 'tokio-rt-worker' (1219375) panicked at tools/nanospam/src/app.rs:330:63:
called `Result::unwrap()` on an `Err` value: Os { code: 32, kind: BrokenPipe, message: "Broken pipe" }

thread 'tokio-rt-worker' (1219375) panicked at tools/nanospam/src/app.rs:330:63:
called `Result::unwrap()` on an `Err` value: Os { code: 32, kind: BrokenPipe, message: "Broken pipe" }

thread 'tokio-rt-worker' (1219373) panicked at tools/nanospam/src/app.rs:330:63:
called `Result::unwrap()` on an `Err` value: Os { code: 32, kind: BrokenPipe, message: "Broken pipe" }

thread 'tokio-rt-worker' (1220916) panicked at tools/nanospam/src/app.rs:330:63:
called `Result::unwrap()` on an `Err` value: Os { code: 32, kind: BrokenPipe, message: "Broken pipe" }

thread 'tokio-rt-worker' (1220925) panicked at tools/nanospam/src/app.rs:330:63:
called `Result::unwrap()` on an `Err` value: Os { code: 32, kind: BrokenPipe, message: "Broken pipe" }

thread 'tokio-rt-worker' (1219375) panicked at tools/nanospam/src/app.rs:330:63:
called `Result::unwrap()` on an `Err` value: Os { code: 32, kind: BrokenPipe, message: "Broken pipe" }

thread 'tokio-rt-worker' (1219375) panicked at tools/nanospam/src/app.rs:330:63:
called `Result::unwrap()` on an `Err` value: Os { code: 32, kind: BrokenPipe, message: "Broken pipe" }

thread 'tokio-rt-worker' (1220925) panicked at tools/nanospam/src/app.rs:330:63:
called `Result::unwrap()` on an `Err` value: Os { code: 32, kind: BrokenPipe, message: "Broken pipe" }

thread 'tokio-rt-worker' (1220916) panicked at tools/nanospam/src/app.rs:330:63:
called `Result::unwrap()` on an `Err` value: Os { code: 32, kind: BrokenPipe, message: "Broken pipe" }

thread 'tokio-rt-worker' (1219375) panicked at tools/nanospam/src/app.rs:330:63:
called `Result::unwrap()` on an `Err` value: Os { code: 32, kind: BrokenPipe, message: "Broken pipe" }

thread 'tokio-rt-worker' (1219373) panicked at tools/nanospam/src/app.rs:330:63:
called `Result::unwrap()` on an `Err` value: Os { code: 32, kind: BrokenPipe, message: "Broken pipe" }

thread 'tokio-rt-worker' (1219373) panicked at tools/nanospam/src/app.rs:330:63:
called `Result::unwrap()` on an `Err` value: Os { code: 32, kind: BrokenPipe, message: "Broken pipe" }

thread 'tokio-rt-worker' (1219375) panicked at tools/nanospam/src/app.rs:330:63:
called `Result::unwrap()` on an `Err` value: Os { code: 32, kind: BrokenPipe, message: "Broken pipe" }

thread 'tokio-rt-worker' (1220925) panicked at tools/nanospam/src/app.rs:330:63:
called `Result::unwrap()` on an `Err` value: Os { code: 32, kind: BrokenPipe, message: "Broken pipe" }

thread 'tokio-rt-worker' (1219373) panicked at tools/nanospam/src/app.rs:330:63:
called `Result::unwrap()` on an `Err` value: Os { code: 32, kind: BrokenPipe, message: "Broken pipe" }

thread 'tokio-rt-worker' (1220916) panicked at tools/nanospam/src/app.rs:330:63:
called `Result::unwrap()` on an `Err` value: Os { code: 32, kind: BrokenPipe, message: "Broken pipe" }

thread 'tokio-rt-worker' (1220916) panicked at tools/nanospam/src/app.rs:330:63:
called `Result::unwrap()` on an `Err` value: Os { code: 32, kind: BrokenPipe, message: "Broken pipe" }

thread 'tokio-rt-worker' (1219373) panicked at tools/nanospam/src/app.rs:330:63:
called `Result::unwrap()` on an `Err` value: Os { code: 32, kind: BrokenPipe, message: "Broken pipe" }

thread 'tokio-rt-worker' (1220925) panicked at tools/nanospam/src/app.rs:330:63:
called `Result::unwrap()` on an `Err` value: Os { code: 32, kind: BrokenPipe, message: "Broken pipe" }

thread 'tokio-rt-worker' (1220916) panicked at tools/nanospam/src/app.rs:330:63:
called `Result::unwrap()` on an `Err` value: Os { code: 32, kind: BrokenPipe, message: "Broken pipe" }

thread 'tokio-rt-worker' (1219373) panicked at tools/nanospam/src/app.rs:330:63:
called `Result::unwrap()` on an `Err` value: Os { code: 32, kind: BrokenPipe, message: "Broken pipe" }

thread 'tokio-rt-worker' (1219373) panicked at tools/nanospam/src/app.rs:330:63:
called `Result::unwrap()` on an `Err` value: Os { code: 32, kind: BrokenPipe, message: "Broken pipe" }

thread 'tokio-rt-worker' (1219375) panicked at tools/nanospam/src/app.rs:330:63:
called `Result::unwrap()` on an `Err` value: Os { code: 32, kind: BrokenPipe, message: "Broken pipe" }

thread 'tokio-rt-worker' (1220925) panicked at tools/nanospam/src/app.rs:330:63:
called `Result::unwrap()` on an `Err` value: Os { code: 32, kind: BrokenPipe, message: "Broken pipe" }

thread 'tokio-rt-worker' (1219373) panicked at tools/nanospam/src/app.rs:330:63:
called `Result::unwrap()` on an `Err` value: Os { code: 32, kind: BrokenPipe, message: "Broken pipe" }

thread 'tokio-rt-worker' (1220916) panicked at tools/nanospam/src/app.rs:330:63:
called `Result::unwrap()` on an `Err` value: Os { code: 32, kind: BrokenPipe, message: "Broken pipe" }

thread 'tokio-rt-worker' (1220916) panicked at tools/nanospam/src/app.rs:330:63:
called `Result::unwrap()` on an `Err` value: Os { code: 32, kind: BrokenPipe, message: "Broken pipe" }

thread 'tokio-rt-worker' (1219373) panicked at tools/nanospam/src/app.rs:330:63:
called `Result::unwrap()` on an `Err` value: Os { code: 32, kind: BrokenPipe, message: "Broken pipe" }

thread 'tokio-rt-worker' (1220925) panicked at tools/nanospam/src/app.rs:330:63:
called `Result::unwrap()` on an `Err` value: Os { code: 32, kind: BrokenPipe, message: "Broken pipe" }

thread 'tokio-rt-worker' (1220916) panicked at tools/nanospam/src/app.rs:330:63:
called `Result::unwrap()` on an `Err` value: Os { code: 32, kind: BrokenPipe, message: "Broken pipe" }

thread 'tokio-rt-worker' (1219373) panicked at tools/nanospam/src/app.rs:330:63:
called `Result::unwrap()` on an `Err` value: Os { code: 32, kind: BrokenPipe, message: "Broken pipe" }

thread 'tokio-rt-worker' (1220916) panicked at tools/nanospam/src/app.rs:330:63:
called `Result::unwrap()` on an `Err` value: Os { code: 32, kind: BrokenPipe, message: "Broken pipe" }

thread 'tokio-rt-worker' (1221116) panicked at tools/nanospam/src/app.rs:330:63:
called `Result::unwrap()` on an `Err` value: Os { code: 32, kind: BrokenPipe, message: "Broken pipe" }

thread 'tokio-rt-worker' (1219373) panicked at tools/nanospam/src/app.rs:330:63:
called `Result::unwrap()` on an `Err` value: Os { code: 32, kind: BrokenPipe, message: "Broken pipe" }

thread 'tokio-rt-worker' (1220916) panicked at tools/nanospam/src/app.rs:330:63:
called `Result::unwrap()` on an `Err` value: Os { code: 32, kind: BrokenPipe, message: "Broken pipe" }

thread 'tokio-rt-worker' (1220925) panicked at tools/nanospam/src/app.rs:330:63:
called `Result::unwrap()` on an `Err` value: Os { code: 32, kind: BrokenPipe, message: "Broken pipe" }

thread 'tokio-rt-worker' (1220925) panicked at tools/nanospam/src/app.rs:330:63:
called `Result::unwrap()` on an `Err` value: Os { code: 32, kind: BrokenPipe, message: "Broken pipe" }

thread 'tokio-rt-worker' (1219373) panicked at tools/nanospam/src/app.rs:330:63:
called `Result::unwrap()` on an `Err` value: Os { code: 32, kind: BrokenPipe, message: "Broken pipe" }

thread 'tokio-rt-worker' (1221116) panicked at tools/nanospam/src/app.rs:330:63:
called `Result::unwrap()` on an `Err` value: Os { code: 32, kind: BrokenPipe, message: "Broken pipe" }

thread 'tokio-rt-worker' (1220925) panicked at tools/nanospam/src/app.rs:330:63:
called `Result::unwrap()` on an `Err` value: Os { code: 32, kind: BrokenPipe, message: "Broken pipe" }

thread 'tokio-rt-worker' (1220916) panicked at tools/nanospam/src/app.rs:330:63:
called `Result::unwrap()` on an `Err` value: Os { code: 32, kind: BrokenPipe, message: "Broken pipe" }

thread 'tokio-rt-worker' (1220916) panicked at tools/nanospam/src/app.rs:330:63:
called `Result::unwrap()` on an `Err` value: Os { code: 32, kind: BrokenPipe, message: "Broken pipe" }

thread 'tokio-rt-worker' (1220925) panicked at tools/nanospam/src/app.rs:330:63:
called `Result::unwrap()` on an `Err` value: Os { code: 32, kind: BrokenPipe, message: "Broken pipe" }

thread 'tokio-rt-worker' (1221116) panicked at tools/nanospam/src/app.rs:330:63:
called `Result::unwrap()` on an `Err` value: Os { code: 32, kind: BrokenPipe, message: "Broken pipe" }

thread 'tokio-rt-worker' (1220916) panicked at tools/nanospam/src/app.rs:330:63:
called `Result::unwrap()` on an `Err` value: Os { code: 32, kind: BrokenPipe, message: "Broken pipe" }

thread 'tokio-rt-worker' (1220925) panicked at tools/nanospam/src/app.rs:330:63:
called `Result::unwrap()` on an `Err` value: Os { code: 32, kind: BrokenPipe, message: "Broken pipe" }

thread 'tokio-rt-worker' (1220925) panicked at tools/nanospam/src/app.rs:330:63:
called `Result::unwrap()` on an `Err` value: Os { code: 32, kind: BrokenPipe, message: "Broken pipe" }

thread 'tokio-rt-worker' (1219373) panicked at tools/nanospam/src/app.rs:330:63:
called `Result::unwrap()` on an `Err` value: Os { code: 32, kind: BrokenPipe, message: "Broken pipe" }

thread 'tokio-rt-worker' (1221116) panicked at tools/nanospam/src/app.rs:330:63:
called `Result::unwrap()` on an `Err` value: Os { code: 32, kind: BrokenPipe, message: "Broken pipe" }

thread 'tokio-rt-worker' (1220925) panicked at tools/nanospam/src/app.rs:330:63:
called `Result::unwrap()` on an `Err` value: Os { code: 32, kind: BrokenPipe, message: "Broken pipe" }

thread 'tokio-rt-worker' (1220916) panicked at tools/nanospam/src/app.rs:330:63:
called `Result::unwrap()` on an `Err` value: Os { code: 32, kind: BrokenPipe, message: "Broken pipe" }

thread 'tokio-rt-worker' (1220916) panicked at tools/nanospam/src/app.rs:330:63:
called `Result::unwrap()` on an `Err` value: Os { code: 32, kind: BrokenPipe, message: "Broken pipe" }

thread 'tokio-rt-worker' (1219373) panicked at tools/nanospam/src/app.rs:330:63:
called `Result::unwrap()` on an `Err` value: Os { code: 32, kind: BrokenPipe, message: "Broken pipe" }

thread 'tokio-rt-worker' (1221116) panicked at tools/nanospam/src/app.rs:330:63:
called `Result::unwrap()` on an `Err` value: Os { code: 32, kind: BrokenPipe, message: "Broken pipe" }

thread 'tokio-rt-worker' (1220925) panicked at tools/nanospam/src/app.rs:330:63:
called `Result::unwrap()` on an `Err` value: Os { code: 32, kind: BrokenPipe, message: "Broken pipe" }

thread 'tokio-rt-worker' (1219373) panicked at tools/nanospam/src/app.rs:330:63:
called `Result::unwrap()` on an `Err` value: Os { code: 32, kind: BrokenPipe, message: "Broken pipe" }

thread 'tokio-rt-worker' (1219373) panicked at tools/nanospam/src/app.rs:330:63:
called `Result::unwrap()` on an `Err` value: Os { code: 32, kind: BrokenPipe, message: "Broken pipe" }

thread 'tokio-rt-worker' (1220925) panicked at tools/nanospam/src/app.rs:330:63:
called `Result::unwrap()` on an `Err` value: Os { code: 32, kind: BrokenPipe, message: "Broken pipe" }

thread 'tokio-rt-worker' (1221116) panicked at tools/nanospam/src/app.rs:330:63:
called `Result::unwrap()` on an `Err` value: Os { code: 32, kind: BrokenPipe, message: "Broken pipe" }

thread 'tokio-rt-worker' (1219373) panicked at tools/nanospam/src/app.rs:330:63:
called `Result::unwrap()` on an `Err` value: Os { code: 32, kind: BrokenPipe, message: "Broken pipe" }

thread 'tokio-rt-worker' (1220916) panicked at tools/nanospam/src/app.rs:330:63:
called `Result::unwrap()` on an `Err` value: Os { code: 32, kind: BrokenPipe, message: "Broken pipe" }

thread 'tokio-rt-worker' (1220916) panicked at tools/nanospam/src/app.rs:330:63:
called `Result::unwrap()` on an `Err` value: Os { code: 32, kind: BrokenPipe, message: "Broken pipe" }

thread 'tokio-rt-worker' (1219373) panicked at tools/nanospam/src/app.rs:330:63:
called `Result::unwrap()` on an `Err` value: Os { code: 32, kind: BrokenPipe, message: "Broken pipe" }

thread 'tokio-rt-worker' (1221116) panicked at tools/nanospam/src/app.rs:330:63:
called `Result::unwrap()` on an `Err` value: Os { code: 32, kind: BrokenPipe, message: "Broken pipe" }

thread 'tokio-rt-worker' (1220916) panicked at tools/nanospam/src/app.rs:330:63:
called `Result::unwrap()` on an `Err` value: Os { code: 32, kind: BrokenPipe, message: "Broken pipe" }

thread 'tokio-rt-worker' (1220925) panicked at tools/nanospam/src/app.rs:330:63:
called `Result::unwrap()` on an `Err` value: Os { code: 32, kind: BrokenPipe, message: "Broken pipe" }

thread 'tokio-rt-worker' (1220925) panicked at tools/nanospam/src/app.rs:330:63:
called `Result::unwrap()` on an `Err` value: Os { code: 32, kind: BrokenPipe, message: "Broken pipe" }

thread 'tokio-rt-worker' (1220916) panicked at tools/nanospam/src/app.rs:330:63:
called `Result::unwrap()` on an `Err` value: Os { code: 32, kind: BrokenPipe, message: "Broken pipe" }

thread 'tokio-rt-worker' (1219373) panicked at tools/nanospam/src/app.rs:330:63:
called `Result::unwrap()` on an `Err` value: Os { code: 32, kind: BrokenPipe, message: "Broken pipe" }

thread 'tokio-rt-worker' (1221116) panicked at tools/nanospam/src/app.rs:330:63:
called `Result::unwrap()` on an `Err` value: Os { code: 32, kind: BrokenPipe, message: "Broken pipe" }

thread 'tokio-rt-worker' (1220925) panicked at tools/nanospam/src/app.rs:330:63:
called `Result::unwrap()` on an `Err` value: Os { code: 32, kind: BrokenPipe, message: "Broken pipe" }

thread 'tokio-rt-worker' (1220925) panicked at tools/nanospam/src/app.rs:330:63:
called `Result::unwrap()` on an `Err` value: Os { code: 32, kind: BrokenPipe, message: "Broken pipe" }

thread 'tokio-rt-worker' (1221116) panicked at tools/nanospam/src/app.rs:330:63:
called `Result::unwrap()` on an `Err` value: Os { code: 32, kind: BrokenPipe, message: "Broken pipe" }

thread 'tokio-rt-worker' (1220916) panicked at tools/nanospam/src/app.rs:330:63:
called `Result::unwrap()` on an `Err` value: Os { code: 32, kind: BrokenPipe, message: "Broken pipe" }

thread 'tokio-rt-worker' (1220925) panicked at tools/nanospam/src/app.rs:330:63:
called `Result::unwrap()` on an `Err` value: Os { code: 32, kind: BrokenPipe, message: "Broken pipe" }

thread 'tokio-rt-worker' (1219373) panicked at tools/nanospam/src/app.rs:330:63:
called `Result::unwrap()` on an `Err` value: Os { code: 32, kind: BrokenPipe, message: "Broken pipe" }

thread 'tokio-rt-worker' (1219373) panicked at tools/nanospam/src/app.rs:330:63:
called `Result::unwrap()` on an `Err` value: Os { code: 32, kind: BrokenPipe, message: "Broken pipe" }

thread 'tokio-rt-worker' (1220925) panicked at tools/nanospam/src/app.rs:330:63:
called `Result::unwrap()` on an `Err` value: Os { code: 32, kind: BrokenPipe, message: "Broken pipe" }

thread 'tokio-rt-worker' (1220916) panicked at tools/nanospam/src/app.rs:330:63:
called `Result::unwrap()` on an `Err` value: Os { code: 32, kind: BrokenPipe, message: "Broken pipe" }

thread 'tokio-rt-worker' (1219373) panicked at tools/nanospam/src/app.rs:330:63:
called `Result::unwrap()` on an `Err` value: Os { code: 32, kind: BrokenPipe, message: "Broken pipe" }

thread 'tokio-rt-worker' (1220925) panicked at tools/nanospam/src/app.rs:330:63:
called `Result::unwrap()` on an `Err` value: Os { code: 32, kind: BrokenPipe, message: "Broken pipe" }

thread 'tokio-rt-worker' (1220925) panicked at tools/nanospam/src/app.rs:330:63:
called `Result::unwrap()` on an `Err` value: Os { code: 32, kind: BrokenPipe, message: "Broken pipe" }

thread 'tokio-rt-worker' (1219373) panicked at tools/nanospam/src/app.rs:330:63:
called `Result::unwrap()` on an `Err` value: Os { code: 32, kind: BrokenPipe, message: "Broken pipe" }

thread 'tokio-rt-worker' (1221116) panicked at tools/nanospam/src/app.rs:330:63:
called `Result::unwrap()` on an `Err` value: Os { code: 32, kind: BrokenPipe, message: "Broken pipe" }

thread 'tokio-rt-worker' (1220916) panicked at tools/nanospam/src/app.rs:330:63:
called `Result::unwrap()` on an `Err` value: Os { code: 32, kind: BrokenPipe, message: "Broken pipe" }

thread 'tokio-rt-worker' (1220925) panicked at tools/nanospam/src/app.rs:330:63:
called `Result::unwrap()` on an `Err` value: Os { code: 32, kind: BrokenPipe, message: "Broken pipe" }

thread 'tokio-rt-worker' (1220925) panicked at tools/nanospam/src/app.rs:330:63:
called `Result::unwrap()` on an `Err` value: Os { code: 32, kind: BrokenPipe, message: "Broken pipe" }

thread 'tokio-rt-worker' (1220916) panicked at tools/nanospam/src/app.rs:330:63:
called `Result::unwrap()` on an `Err` value: Os { code: 32, kind: BrokenPipe, message: "Broken pipe" }

thread 'tokio-rt-worker' (1221116) panicked at tools/nanospam/src/app.rs:330:63:
called `Result::unwrap()` on an `Err` value: Os { code: 32, kind: BrokenPipe, message: "Broken pipe" }

thread 'tokio-rt-worker' (1219373) panicked at tools/nanospam/src/app.rs:330:63:
called `Result::unwrap()` on an `Err` value: Os { code: 32, kind: BrokenPipe, message: "Broken pipe" }

thread 'tokio-rt-worker' (1220925) panicked at tools/nanospam/src/app.rs:330:63:
called `Result::unwrap()` on an `Err` value: Os { code: 32, kind: BrokenPipe, message: "Broken pipe" }

thread 'tokio-rt-worker' (1220925) panicked at tools/nanospam/src/app.rs:330:63:
called `Result::unwrap()` on an `Err` value: Os { code: 32, kind: BrokenPipe, message: "Broken pipe" }

thread 'tokio-rt-worker' (1219373) panicked at tools/nanospam/src/app.rs:330:63:
called `Result::unwrap()` on an `Err` value: Os { code: 32, kind: BrokenPipe, message: "Broken pipe" }

thread 'tokio-rt-worker' (1221116) panicked at tools/nanospam/src/app.rs:330:63:
called `Result::unwrap()` on an `Err` value: Os { code: 32, kind: BrokenPipe, message: "Broken pipe" }

thread 'tokio-rt-worker' (1220916) panicked at tools/nanospam/src/app.rs:330:63:
called `Result::unwrap()` on an `Err` value: Os { code: 32, kind: BrokenPipe, message: "Broken pipe" }

thread 'tokio-rt-worker' (1220925) panicked at tools/nanospam/src/app.rs:330:63:
called `Result::unwrap()` on an `Err` value: Os { code: 32, kind: BrokenPipe, message: "Broken pipe" }

thread 'tokio-rt-worker' (1220925) panicked at tools/nanospam/src/app.rs:330:63:
called `Result::unwrap()` on an `Err` value: Os { code: 32, kind: BrokenPipe, message: "Broken pipe" }

thread 'tokio-rt-worker' (1220916) panicked at tools/nanospam/src/app.rs:330:63:
called `Result::unwrap()` on an `Err` value: Os { code: 32, kind: BrokenPipe, message: "Broken pipe" }

thread 'tokio-rt-worker' (1219373) panicked at tools/nanospam/src/app.rs:330:63:
called `Result::unwrap()` on an `Err` value: Os { code: 32, kind: BrokenPipe, message: "Broken pipe" }

thread 'tokio-rt-worker' (1221116) panicked at tools/nanospam/src/app.rs:330:63:
called `Result::unwrap()` on an `Err` value: Os { code: 32, kind: BrokenPipe, message: "Broken pipe" }

thread 'tokio-rt-worker' (1220925) panicked at tools/nanospam/src/app.rs:330:63:
called `Result::unwrap()` on an `Err` value: Os { code: 32, kind: BrokenPipe, message: "Broken pipe" }

thread 'tokio-rt-worker' (1221116) panicked at tools/nanospam/src/app.rs:330:63:
called `Result::unwrap()` on an `Err` value: Os { code: 32, kind: BrokenPipe, message: "Broken pipe" }

thread 'tokio-rt-worker' (1219373) panicked at tools/nanospam/src/app.rs:330:63:
called `Result::unwrap()` on an `Err` value: Os { code: 32, kind: BrokenPipe, message: "Broken pipe" }

thread 'tokio-rt-worker' (1221115) panicked at tools/nanospam/src/app.rs:330:63:
called `Result::unwrap()` on an `Err` value: Os { code: 32, kind: BrokenPipe, message: "Broken pipe" }

thread 'tokio-rt-worker' (1220925) panicked at tools/nanospam/src/app.rs:330:63:
called `Result::unwrap()` on an `Err` value: Os { code: 32, kind: BrokenPipe, message: "Broken pipe" }

thread 'tokio-rt-worker' (1221116) panicked at tools/nanospam/src/app.rs:330:63:
called `Result::unwrap()` on an `Err` value: Os { code: 32, kind: BrokenPipe, message: "Broken pipe" }

thread 'tokio-rt-worker' (1221116) panicked at tools/nanospam/src/app.rs:330:63:
called `Result::unwrap()` on an `Err` value: Os { code: 32, kind: BrokenPipe, message: "Broken pipe" }

thread 'tokio-rt-worker' (1221115) panicked at tools/nanospam/src/app.rs:330:63:
called `Result::unwrap()` on an `Err` value: Os { code: 32, kind: BrokenPipe, message: "Broken pipe" }

thread 'tokio-rt-worker' (1220925) panicked at tools/nanospam/src/app.rs:330:63:
called `Result::unwrap()` on an `Err` value: Os { code: 32, kind: BrokenPipe, message: "Broken pipe" }

thread 'tokio-rt-worker' (1221116) panicked at tools/nanospam/src/app.rs:330:63:
called `Result::unwrap()` on an `Err` value: Os { code: 32, kind: BrokenPipe, message: "Broken pipe" }

thread 'tokio-rt-worker' (1219373) panicked at tools/nanospam/src/app.rs:330:63:
called `Result::unwrap()` on an `Err` value: Os { code: 32, kind: BrokenPipe, message: "Broken pipe" }

thread 'tokio-rt-worker' (1219373) panicked at tools/nanospam/src/app.rs:330:63:
called `Result::unwrap()` on an `Err` value: Os { code: 32, kind: BrokenPipe, message: "Broken pipe" }

thread 'tokio-rt-worker' (1221116) panicked at tools/nanospam/src/app.rs:330:63:
called `Result::unwrap()` on an `Err` value: Os { code: 32, kind: BrokenPipe, message: "Broken pipe" }

thread 'tokio-rt-worker' (1221115) panicked at tools/nanospam/src/app.rs:330:63:
called `Result::unwrap()` on an `Err` value: Os { code: 32, kind: BrokenPipe, message: "Broken pipe" }

thread 'tokio-rt-worker' (1220925) panicked at tools/nanospam/src/app.rs:330:63:
called `Result::unwrap()` on an `Err` value: Os { code: 32, kind: BrokenPipe, message: "Broken pipe" }

thread 'tokio-rt-worker' (1219373) panicked at tools/nanospam/src/app.rs:330:63:
called `Result::unwrap()` on an `Err` value: Os { code: 32, kind: BrokenPipe, message: "Broken pipe" }

thread 'tokio-rt-worker' (1219373) panicked at tools/nanospam/src/app.rs:330:63:
called `Result::unwrap()` on an `Err` value: Os { code: 32, kind: BrokenPipe, message: "Broken pipe" }

thread 'tokio-rt-worker' (1221115) panicked at tools/nanospam/src/app.rs:330:63:
called `Result::unwrap()` on an `Err` value: Os { code: 32, kind: BrokenPipe, message: "Broken pipe" }

thread 'tokio-rt-worker' (1221116) panicked at tools/nanospam/src/app.rs:330:63:
called `Result::unwrap()` on an `Err` value: Os { code: 32, kind: BrokenPipe, message: "Broken pipe" }

thread 'tokio-rt-worker' (1220925) panicked at tools/nanospam/src/app.rs:330:63:
called `Result::unwrap()` on an `Err` value: Os { code: 32, kind: BrokenPipe, message: "Broken pipe" }

thread 'tokio-rt-worker' (1219373) panicked at tools/nanospam/src/app.rs:330:63:
called `Result::unwrap()` on an `Err` value: Os { code: 32, kind: BrokenPipe, message: "Broken pipe" }

thread 'tokio-rt-worker' (1219373) panicked at tools/nanospam/src/app.rs:330:63:
called `Result::unwrap()` on an `Err` value: Os { code: 32, kind: BrokenPipe, message: "Broken pipe" }

thread 'tokio-rt-worker' (1220925) panicked at tools/nanospam/src/app.rs:330:63:
called `Result::unwrap()` on an `Err` value: Os { code: 32, kind: BrokenPipe, message: "Broken pipe" }

thread 'tokio-rt-worker' (1221116) panicked at tools/nanospam/src/app.rs:330:63:
called `Result::unwrap()` on an `Err` value: Os { code: 32, kind: BrokenPipe, message: "Broken pipe" }

thread 'tokio-rt-worker' (1219373) panicked at tools/nanospam/src/app.rs:330:63:
called `Result::unwrap()` on an `Err` value: Os { code: 32, kind: BrokenPipe, message: "Broken pipe" }

thread 'tokio-rt-worker' (1221115) panicked at tools/nanospam/src/app.rs:330:63:
called `Result::unwrap()` on an `Err` value: Os { code: 32, kind: BrokenPipe, message: "Broken pipe" }

thread 'tokio-rt-worker' (1221115) panicked at tools/nanospam/src/app.rs:330:63:
called `Result::unwrap()` on an `Err` value: Os { code: 32, kind: BrokenPipe, message: "Broken pipe" }

thread 'tokio-rt-worker' (1219373) panicked at tools/nanospam/src/app.rs:330:63:
called `Result::unwrap()` on an `Err` value: Os { code: 32, kind: BrokenPipe, message: "Broken pipe" }

thread 'tokio-rt-worker' (1221116) panicked at tools/nanospam/src/app.rs:330:63:
called `Result::unwrap()` on an `Err` value: Os { code: 32, kind: BrokenPipe, message: "Broken pipe" }

thread 'tokio-rt-worker' (1220925) panicked at tools/nanospam/src/app.rs:330:63:
called `Result::unwrap()` on an `Err` value: Os { code: 32, kind: BrokenPipe, message: "Broken pipe" }

thread 'tokio-rt-worker' (1221115) panicked at tools/nanospam/src/app.rs:330:63:
called `Result::unwrap()` on an `Err` value: Os { code: 32, kind: BrokenPipe, message: "Broken pipe" }

thread 'tokio-rt-worker' (1221115) panicked at tools/nanospam/src/app.rs:330:63:
called `Result::unwrap()` on an `Err` value: Os { code: 32, kind: BrokenPipe, message: "Broken pipe" }

thread 'tokio-rt-worker' (1220925) panicked at tools/nanospam/src/app.rs:330:63:
called `Result::unwrap()` on an `Err` value: Os { code: 32, kind: BrokenPipe, message: "Broken pipe" }

thread 'tokio-rt-worker' (1219373) panicked at tools/nanospam/src/app.rs:330:63:
called `Result::unwrap()` on an `Err` value: Os { code: 32, kind: BrokenPipe, message: "Broken pipe" }

thread 'tokio-rt-worker' (1221115) panicked at tools/nanospam/src/app.rs:330:63:
called `Result::unwrap()` on an `Err` value: Os { code: 32, kind: BrokenPipe, message: "Broken pipe" }

thread 'tokio-rt-worker' (1221116) panicked at tools/nanospam/src/app.rs:330:63:
called `Result::unwrap()` on an `Err` value: Os { code: 32, kind: BrokenPipe, message: "Broken pipe" }

thread 'tokio-rt-worker' (1221116) panicked at tools/nanospam/src/app.rs:330:63:
called `Result::unwrap()` on an `Err` value: Os { code: 32, kind: BrokenPipe, message: "Broken pipe" }

thread 'tokio-rt-worker' (1219373) panicked at tools/nanospam/src/app.rs:330:63:
called `Result::unwrap()` on an `Err` value: Os { code: 32, kind: BrokenPipe, message: "Broken pipe" }

thread 'tokio-rt-worker' (1220925) panicked at tools/nanospam/src/app.rs:330:63:
called `Result::unwrap()` on an `Err` value: Os { code: 32, kind: BrokenPipe, message: "Broken pipe" }

thread 'tokio-rt-worker' (1221115) panicked at tools/nanospam/src/app.rs:330:63:
called `Result::unwrap()` on an `Err` value: Os { code: 32, kind: BrokenPipe, message: "Broken pipe" }

thread 'tokio-rt-worker' (1221116) panicked at tools/nanospam/src/app.rs:330:63:
called `Result::unwrap()` on an `Err` value: Os { code: 32, kind: BrokenPipe, message: "Broken pipe" }

thread 'tokio-rt-worker' (1221116) panicked at tools/nanospam/src/app.rs:330:63:
called `Result::unwrap()` on an `Err` value: Os { code: 32, kind: BrokenPipe, message: "Broken pipe" }

thread 'tokio-rt-worker' (1221115) panicked at tools/nanospam/src/app.rs:330:63:
called `Result::unwrap()` on an `Err` value: Os { code: 32, kind: BrokenPipe, message: "Broken pipe" }

thread 'tokio-rt-worker' (1219373) panicked at tools/nanospam/src/app.rs:330:63:
called `Result::unwrap()` on an `Err` value: Os { code: 32, kind: BrokenPipe, message: "Broken pipe" }

thread 'tokio-rt-worker' (1220925) panicked at tools/nanospam/src/app.rs:330:63:
called `Result::unwrap()` on an `Err` value: Os { code: 32, kind: BrokenPipe, message: "Broken pipe" }

thread 'tokio-rt-worker' (1221116) panicked at tools/nanospam/src/app.rs:330:63:
called `Result::unwrap()` on an `Err` value: Os { code: 32, kind: BrokenPipe, message: "Broken pipe" }

thread 'tokio-rt-worker' (1221116) panicked at tools/nanospam/src/app.rs:330:63:
called `Result::unwrap()` on an `Err` value: Os { code: 32, kind: BrokenPipe, message: "Broken pipe" }

thread 'tokio-rt-worker' (1220925) panicked at tools/nanospam/src/app.rs:330:63:
called `Result::unwrap()` on an `Err` value: Os { code: 32, kind: BrokenPipe, message: "Broken pipe" }

thread 'tokio-rt-worker' (1219373) panicked at tools/nanospam/src/app.rs:330:63:
called `Result::unwrap()` on an `Err` value: Os { code: 32, kind: BrokenPipe, message: "Broken pipe" }

thread 'tokio-rt-worker' (1221115) panicked at tools/nanospam/src/app.rs:330:63:
called `Result::unwrap()` on an `Err` value: Os { code: 32, kind: BrokenPipe, message: "Broken pipe" }

thread 'tokio-rt-worker' (1221116) panicked at tools/nanospam/src/app.rs:330:63:
called `Result::unwrap()` on an `Err` value: Os { code: 32, kind: BrokenPipe, message: "Broken pipe" }

thread 'tokio-rt-worker' (1221116) panicked at tools/nanospam/src/app.rs:330:63:
called `Result::unwrap()` on an `Err` value: Os { code: 32, kind: BrokenPipe, message: "Broken pipe" }

thread 'tokio-rt-worker' (1221115) panicked at tools/nanospam/src/app.rs:330:63:
called `Result::unwrap()` on an `Err` value: Os { code: 32, kind: BrokenPipe, message: "Broken pipe" }

thread 'tokio-rt-worker' (1219373) panicked at tools/nanospam/src/app.rs:330:63:
called `Result::unwrap()` on an `Err` value: Os { code: 32, kind: BrokenPipe, message: "Broken pipe" }

thread 'tokio-rt-worker' (1220925) panicked at tools/nanospam/src/app.rs:330:63:
called `Result::unwrap()` on an `Err` value: Os { code: 32, kind: BrokenPipe, message: "Broken pipe" }

thread 'tokio-rt-worker' (1221115) panicked at tools/nanospam/src/app.rs:330:63:
called `Result::unwrap()` on an `Err` value: Os { code: 32, kind: BrokenPipe, message: "Broken pipe" }

thread 'tokio-rt-worker' (1221115) panicked at tools/nanospam/src/app.rs:330:63:
called `Result::unwrap()` on an `Err` value: Os { code: 32, kind: BrokenPipe, message: "Broken pipe" }

thread 'tokio-rt-worker' (1219373) panicked at tools/nanospam/src/app.rs:330:63:
called `Result::unwrap()` on an `Err` value: Os { code: 32, kind: BrokenPipe, message: "Broken pipe" }

thread 'tokio-rt-worker' (1220925) panicked at tools/nanospam/src/app.rs:330:63:
called `Result::unwrap()` on an `Err` value: Os { code: 32, kind: BrokenPipe, message: "Broken pipe" }

thread 'tokio-rt-worker' (1221115) panicked at tools/nanospam/src/app.rs:330:63:
called `Result::unwrap()` on an `Err` value: Os { code: 32, kind: BrokenPipe, message: "Broken pipe" }

thread 'tokio-rt-worker' (1221116) panicked at tools/nanospam/src/app.rs:330:63:
called `Result::unwrap()` on an `Err` value: Os { code: 32, kind: BrokenPipe, message: "Broken pipe" }

thread 'tokio-rt-worker' (1221116) panicked at tools/nanospam/src/app.rs:330:63:
called `Result::unwrap()` on an `Err` value: Os { code: 32, kind: BrokenPipe, message: "Broken pipe" }

thread 'tokio-rt-worker' (1221115) panicked at tools/nanospam/src/app.rs:330:63:
called `Result::unwrap()` on an `Err` value: Os { code: 32, kind: BrokenPipe, message: "Broken pipe" }

thread 'tokio-rt-worker' (1219373) panicked at tools/nanospam/src/app.rs:330:63:
called `Result::unwrap()` on an `Err` value: Os { code: 32, kind: BrokenPipe, message: "Broken pipe" }

thread 'tokio-rt-worker' (1220925) panicked at tools/nanospam/src/app.rs:330:63:
called `Result::unwrap()` on an `Err` value: Os { code: 32, kind: BrokenPipe, message: "Broken pipe" }

thread 'tokio-rt-worker' (1221116) panicked at tools/nanospam/src/app.rs:330:63:
called `Result::unwrap()` on an `Err` value: Os { code: 32, kind: BrokenPipe, message: "Broken pipe" }

thread 'tokio-rt-worker' (1221116) panicked at tools/nanospam/src/app.rs:330:63:
called `Result::unwrap()` on an `Err` value: Os { code: 32, kind: BrokenPipe, message: "Broken pipe" }

thread 'tokio-rt-worker' (1220925) panicked at tools/nanospam/src/app.rs:330:63:
called `Result::unwrap()` on an `Err` value: Os { code: 32, kind: BrokenPipe, message: "Broken pipe" }

thread 'tokio-rt-worker' (1219373) panicked at tools/nanospam/src/app.rs:330:63:
called `Result::unwrap()` on an `Err` value: Os { code: 32, kind: BrokenPipe, message: "Broken pipe" }

thread 'tokio-rt-worker' (1221115) panicked at tools/nanospam/src/app.rs:330:63:
called `Result::unwrap()` on an `Err` value: Os { code: 32, kind: BrokenPipe, message: "Broken pipe" }

thread 'tokio-rt-worker' (1221116) panicked at tools/nanospam/src/app.rs:330:63:
called `Result::unwrap()` on an `Err` value: Os { code: 32, kind: BrokenPipe, message: "Broken pipe" }

thread 'tokio-rt-worker' (1221116) panicked at tools/nanospam/src/app.rs:330:63:
called `Result::unwrap()` on an `Err` value: Os { code: 32, kind: BrokenPipe, message: "Broken pipe" }

thread 'tokio-rt-worker' (1221115) panicked at tools/nanospam/src/app.rs:330:63:
called `Result::unwrap()` on an `Err` value: Os { code: 32, kind: BrokenPipe, message: "Broken pipe" }

thread 'tokio-rt-worker' (1219373) panicked at tools/nanospam/src/app.rs:330:63:
called `Result::unwrap()` on an `Err` value: Os { code: 32, kind: BrokenPipe, message: "Broken pipe" }

thread 'tokio-rt-worker' (1220925) panicked at tools/nanospam/src/app.rs:330:63:
called `Result::unwrap()` on an `Err` value: Os { code: 32, kind: BrokenPipe, message: "Broken pipe" }

thread 'tokio-rt-worker' (1221116) panicked at tools/nanospam/src/app.rs:330:63:
called `Result::unwrap()` on an `Err` value: Os { code: 32, kind: BrokenPipe, message: "Broken pipe" }

thread 'tokio-rt-worker' (1221116) panicked at tools/nanospam/src/app.rs:330:63:
called `Result::unwrap()` on an `Err` value: Os { code: 32, kind: BrokenPipe, message: "Broken pipe" }

thread 'tokio-rt-worker' (1220925) panicked at tools/nanospam/src/app.rs:330:63:
called `Result::unwrap()` on an `Err` value: Os { code: 32, kind: BrokenPipe, message: "Broken pipe" }

thread 'tokio-rt-worker' (1219373) panicked at tools/nanospam/src/app.rs:330:63:
called `Result::unwrap()` on an `Err` value: Os { code: 32, kind: BrokenPipe, message: "Broken pipe" }

thread 'tokio-rt-worker' (1221115) panicked at tools/nanospam/src/app.rs:330:63:
called `Result::unwrap()` on an `Err` value: Os { code: 32, kind: BrokenPipe, message: "Broken pipe" }

thread 'tokio-rt-worker' (1221116) panicked at tools/nanospam/src/app.rs:330:63:
called `Result::unwrap()` on an `Err` value: Os { code: 32, kind: BrokenPipe, message: "Broken pipe" }

thread 'tokio-rt-worker' (1221116) panicked at tools/nanospam/src/app.rs:330:63:
called `Result::unwrap()` on an `Err` value: Os { code: 32, kind: BrokenPipe, message: "Broken pipe" }

thread 'tokio-rt-worker' (1221115) panicked at tools/nanospam/src/app.rs:330:63:
called `Result::unwrap()` on an `Err` value: Os { code: 32, kind: BrokenPipe, message: "Broken pipe" }

thread 'tokio-rt-worker' (1219373) panicked at tools/nanospam/src/app.rs:330:63:
called `Result::unwrap()` on an `Err` value: Os { code: 32, kind: BrokenPipe, message: "Broken pipe" }

thread 'tokio-rt-worker' (1220925) panicked at tools/nanospam/src/app.rs:330:63:
called `Result::unwrap()` on an `Err` value: Os { code: 32, kind: BrokenPipe, message: "Broken pipe" }

thread 'tokio-rt-worker' (1221116) panicked at tools/nanospam/src/app.rs:330:63:
called `Result::unwrap()` on an `Err` value: Os { code: 32, kind: BrokenPipe, message: "Broken pipe" }

thread 'tokio-rt-worker' (1221116) panicked at tools/nanospam/src/app.rs:330:63:
called `Result::unwrap()` on an `Err` value: Os { code: 32, kind: BrokenPipe, message: "Broken pipe" }

thread 'tokio-rt-worker' (1220925) panicked at tools/nanospam/src/app.rs:330:63:
called `Result::unwrap()` on an `Err` value: Os { code: 32, kind: BrokenPipe, message: "Broken pipe" }

thread 'tokio-rt-worker' (1219373) panicked at tools/nanospam/src/app.rs:330:63:
called `Result::unwrap()` on an `Err` value: Os { code: 32, kind: BrokenPipe, message: "Broken pipe" }

thread 'tokio-rt-worker' (1221115) panicked at tools/nanospam/src/app.rs:330:63:
called `Result::unwrap()` on an `Err` value: Os { code: 32, kind: BrokenPipe, message: "Broken pipe" }

thread 'tokio-rt-worker' (1221116) panicked at tools/nanospam/src/app.rs:330:63:
called `Result::unwrap()` on an `Err` value: Os { code: 32, kind: BrokenPipe, message: "Broken pipe" }

thread 'tokio-rt-worker' (1219373) panicked at tools/nanospam/src/app.rs:330:63:
called `Result::unwrap()` on an `Err` value: Os { code: 32, kind: BrokenPipe, message: "Broken pipe" }

thread 'tokio-rt-worker' (1221115) panicked at tools/nanospam/src/app.rs:330:63:
called `Result::unwrap()` on an `Err` value: Os { code: 32, kind: BrokenPipe, message: "Broken pipe" }

thread 'tokio-rt-worker' (1219376) panicked at tools/nanospam/src/app.rs:330:63:
called `Result::unwrap()` on an `Err` value: Os { code: 32, kind: BrokenPipe, message: "Broken pipe" }

thread 'tokio-rt-worker' (1221116) panicked at tools/nanospam/src/app.rs:330:63:
called `Result::unwrap()` on an `Err` value: Os { code: 32, kind: BrokenPipe, message: "Broken pipe" }

thread 'tokio-rt-worker' (1221115) panicked at tools/nanospam/src/app.rs:330:63:
called `Result::unwrap()` on an `Err` value: Os { code: 32, kind: BrokenPipe, message: "Broken pipe" }

thread 'tokio-rt-worker' (1221115) panicked at tools/nanospam/src/app.rs:330:63:
called `Result::unwrap()` on an `Err` value: Os { code: 32, kind: BrokenPipe, message: "Broken pipe" }

thread 'tokio-rt-worker' (1221116) panicked at tools/nanospam/src/app.rs:330:63:
called `Result::unwrap()` on an `Err` value: Os { code: 32, kind: BrokenPipe, message: "Broken pipe" }

thread 'tokio-rt-worker' (1219373) panicked at tools/nanospam/src/app.rs:330:63:
called `Result::unwrap()` on an `Err` value: Os { code: 32, kind: BrokenPipe, message: "Broken pipe" }

thread 'tokio-rt-worker' (1221115) panicked at tools/nanospam/src/app.rs:330:63:
called `Result::unwrap()` on an `Err` value: Os { code: 32, kind: BrokenPipe, message: "Broken pipe" }

thread 'tokio-rt-worker' (1219376) panicked at tools/nanospam/src/app.rs:330:63:
called `Result::unwrap()` on an `Err` value: Os { code: 32, kind: BrokenPipe, message: "Broken pipe" }

thread 'tokio-rt-worker' (1219376) panicked at tools/nanospam/src/app.rs:330:63:
called `Result::unwrap()` on an `Err` value: Os { code: 32, kind: BrokenPipe, message: "Broken pipe" }

thread 'tokio-rt-worker' (1221115) panicked at tools/nanospam/src/app.rs:330:63:
called `Result::unwrap()` on an `Err` value: Os { code: 32, kind: BrokenPipe, message: "Broken pipe" }

thread 'tokio-rt-worker' (1219373) panicked at tools/nanospam/src/app.rs:330:63:
called `Result::unwrap()` on an `Err` value: Os { code: 32, kind: BrokenPipe, message: "Broken pipe" }

thread 'tokio-rt-worker' (1219376) panicked at tools/nanospam/src/app.rs:330:63:
called `Result::unwrap()` on an `Err` value: Os { code: 32, kind: BrokenPipe, message: "Broken pipe" }

thread 'tokio-rt-worker' (1221116) panicked at tools/nanospam/src/app.rs:330:63:
called `Result::unwrap()` on an `Err` value: Os { code: 32, kind: BrokenPipe, message: "Broken pipe" }

thread 'tokio-rt-worker' (1221116) panicked at tools/nanospam/src/app.rs:330:63:
called `Result::unwrap()` on an `Err` value: Os { code: 32, kind: BrokenPipe, message: "Broken pipe" }

thread 'tokio-rt-worker' (1219373) panicked at tools/nanospam/src/app.rs:330:63:
called `Result::unwrap()` on an `Err` value: Os { code: 32, kind: BrokenPipe, message: "Broken pipe" }

thread 'tokio-rt-worker' (1221115) panicked at tools/nanospam/src/app.rs:330:63:
called `Result::unwrap()` on an `Err` value: Os { code: 32, kind: BrokenPipe, message: "Broken pipe" }

thread 'tokio-rt-worker' (1219376) panicked at tools/nanospam/src/app.rs:330:63:
called `Result::unwrap()` on an `Err` value: Os { code: 32, kind: BrokenPipe, message: "Broken pipe" }

thread 'tokio-rt-worker' (1219373) panicked at tools/nanospam/src/app.rs:330:63:
called `Result::unwrap()` on an `Err` value: Os { code: 32, kind: BrokenPipe, message: "Broken pipe" }

thread 'tokio-rt-worker' (1219373) panicked at tools/nanospam/src/app.rs:330:63:
called `Result::unwrap()` on an `Err` value: Os { code: 32, kind: BrokenPipe, message: "Broken pipe" }

thread 'tokio-rt-worker' (1221116) panicked at tools/nanospam/src/app.rs:330:63:
called `Result::unwrap()` on an `Err` value: Os { code: 32, kind: BrokenPipe, message: "Broken pipe" }

thread 'tokio-rt-worker' (1221115) panicked at tools/nanospam/src/app.rs:330:63:
called `Result::unwrap()` on an `Err` value: Os { code: 32, kind: BrokenPipe, message: "Broken pipe" }

thread 'tokio-rt-worker' (1219373) panicked at tools/nanospam/src/app.rs:330:63:
called `Result::unwrap()` on an `Err` value: Os { code: 32, kind: BrokenPipe, message: "Broken pipe" }

thread 'tokio-rt-worker' (1219376) panicked at tools/nanospam/src/app.rs:330:63:
called `Result::unwrap()` on an `Err` value: Os { code: 32, kind: BrokenPipe, message: "Broken pipe" }

thread 'tokio-rt-worker' (1219376) panicked at tools/nanospam/src/app.rs:330:63:
called `Result::unwrap()` on an `Err` value: Os { code: 32, kind: BrokenPipe, message: "Broken pipe" }

thread 'tokio-rt-worker' (1221115) panicked at tools/nanospam/src/app.rs:330:63:
called `Result::unwrap()` on an `Err` value: Os { code: 32, kind: BrokenPipe, message: "Broken pipe" }

thread 'tokio-rt-worker' (1221116) panicked at tools/nanospam/src/app.rs:330:63:
called `Result::unwrap()` on an `Err` value: Os { code: 32, kind: BrokenPipe, message: "Broken pipe" }

thread 'tokio-rt-worker' (1219376) panicked at tools/nanospam/src/app.rs:330:63:
called `Result::unwrap()` on an `Err` value: Os { code: 32, kind: BrokenPipe, message: "Broken pipe" }

thread 'tokio-rt-worker' (1219373) panicked at tools/nanospam/src/app.rs:330:63:
called `Result::unwrap()` on an `Err` value: Os { code: 32, kind: BrokenPipe, message: "Broken pipe" }

thread 'tokio-rt-worker' (1219373) panicked at tools/nanospam/src/app.rs:330:63:
called `Result::unwrap()` on an `Err` value: Os { code: 32, kind: BrokenPipe, message: "Broken pipe" }

thread 'tokio-rt-worker' (1221116) panicked at tools/nanospam/src/app.rs:330:63:
called `Result::unwrap()` on an `Err` value: Os { code: 32, kind: BrokenPipe, message: "Broken pipe" }

thread 'tokio-rt-worker' (1219376) panicked at tools/nanospam/src/app.rs:330:63:
called `Result::unwrap()` on an `Err` value: Os { code: 32, kind: BrokenPipe, message: "Broken pipe" }

thread 'tokio-rt-worker' (1221115) panicked at tools/nanospam/src/app.rs:330:63:
called `Result::unwrap()` on an `Err` value: Os { code: 32, kind: BrokenPipe, message: "Broken pipe" }

thread 'tokio-rt-worker' (1219373) panicked at tools/nanospam/src/app.rs:330:63:
called `Result::unwrap()` on an `Err` value: Os { code: 32, kind: BrokenPipe, message: "Broken pipe" }

thread 'tokio-rt-worker' (1219373) panicked at tools/nanospam/src/app.rs:330:63:
called `Result::unwrap()` on an `Err` value: Os { code: 32, kind: BrokenPipe, message: "Broken pipe" }

thread 'tokio-rt-worker' (1221115) panicked at tools/nanospam/src/app.rs:330:63:
called `Result::unwrap()` on an `Err` value: Os { code: 32, kind: BrokenPipe, message: "Broken pipe" }

thread 'tokio-rt-worker' (1219376) panicked at tools/nanospam/src/app.rs:330:63:
called `Result::unwrap()` on an `Err` value: Os { code: 32, kind: BrokenPipe, message: "Broken pipe" }

thread 'tokio-rt-worker' (1219373) panicked at tools/nanospam/src/app.rs:330:63:
called `Result::unwrap()` on an `Err` value: Os { code: 32, kind: BrokenPipe, message: "Broken pipe" }

thread 'tokio-rt-worker' (1221116) panicked at tools/nanospam/src/app.rs:330:63:
called `Result::unwrap()` on an `Err` value: Os { code: 32, kind: BrokenPipe, message: "Broken pipe" }

thread 'tokio-rt-worker' (1221116) panicked at tools/nanospam/src/app.rs:330:63:
called `Result::unwrap()` on an `Err` value: Os { code: 32, kind: BrokenPipe, message: "Broken pipe" }

thread 'tokio-rt-worker' (1219376) panicked at tools/nanospam/src/app.rs:330:63:
called `Result::unwrap()` on an `Err` value: Os { code: 32, kind: BrokenPipe, message: "Broken pipe" }

thread 'tokio-rt-worker' (1221115) panicked at tools/nanospam/src/app.rs:330:63:
called `Result::unwrap()` on an `Err` value: Os { code: 32, kind: BrokenPipe, message: "Broken pipe" }

thread 'tokio-rt-worker' (1221116) panicked at tools/nanospam/src/app.rs:330:63:
called `Result::unwrap()` on an `Err` value: Os { code: 32, kind: BrokenPipe, message: "Broken pipe" }

thread 'tokio-rt-worker' (1219373) panicked at tools/nanospam/src/app.rs:330:63:
called `Result::unwrap()` on an `Err` value: Os { code: 32, kind: BrokenPipe, message: "Broken pipe" }

thread 'tokio-rt-worker' (1219373) panicked at tools/nanospam/src/app.rs:330:63:
called `Result::unwrap()` on an `Err` value: Os { code: 32, kind: BrokenPipe, message: "Broken pipe" }

thread 'tokio-rt-worker' (1221115) panicked at tools/nanospam/src/app.rs:330:63:
called `Result::unwrap()` on an `Err` value: Os { code: 32, kind: BrokenPipe, message: "Broken pipe" }

thread 'tokio-rt-worker' (1221116) panicked at tools/nanospam/src/app.rs:330:63:
called `Result::unwrap()` on an `Err` value: Os { code: 32, kind: BrokenPipe, message: "Broken pipe" }

thread 'tokio-rt-worker' (1219376) panicked at tools/nanospam/src/app.rs:330:63:
called `Result::unwrap()` on an `Err` value: Os { code: 32, kind: BrokenPipe, message: "Broken pipe" }

thread 'tokio-rt-worker' (1219373) panicked at tools/nanospam/src/app.rs:330:63:
called `Result::unwrap()` on an `Err` value: Os { code: 32, kind: BrokenPipe, message: "Broken pipe" }

thread 'tokio-rt-worker' (1219373) panicked at tools/nanospam/src/app.rs:330:63:
called `Result::unwrap()` on an `Err` value: Os { code: 32, kind: BrokenPipe, message: "Broken pipe" }

thread 'tokio-rt-worker' (1221116) panicked at tools/nanospam/src/app.rs:330:63:
called `Result::unwrap()` on an `Err` value: Os { code: 32, kind: BrokenPipe, message: "Broken pipe" }

thread 'tokio-rt-worker' (1219376) panicked at tools/nanospam/src/app.rs:330:63:
called `Result::unwrap()` on an `Err` value: Os { code: 32, kind: BrokenPipe, message: "Broken pipe" }

thread 'tokio-rt-worker' (1221115) panicked at tools/nanospam/src/app.rs:330:63:
called `Result::unwrap()` on an `Err` value: Os { code: 32, kind: BrokenPipe, message: "Broken pipe" }

thread 'tokio-rt-worker' (1219373) panicked at tools/nanospam/src/app.rs:330:63:
called `Result::unwrap()` on an `Err` value: Os { code: 32, kind: BrokenPipe, message: "Broken pipe" }

thread 'tokio-rt-worker' (1219373) panicked at tools/nanospam/src/app.rs:330:63:
called `Result::unwrap()` on an `Err` value: Os { code: 32, kind: BrokenPipe, message: "Broken pipe" }

thread 'tokio-rt-worker' (1219376) panicked at tools/nanospam/src/app.rs:330:63:
called `Result::unwrap()` on an `Err` value: Os { code: 32, kind: BrokenPipe, message: "Broken pipe" }

thread 'tokio-rt-worker' (1221115) panicked at tools/nanospam/src/app.rs:330:63:
called `Result::unwrap()` on an `Err` value: Os { code: 32, kind: BrokenPipe, message: "Broken pipe" }

thread 'tokio-rt-worker' (1221116) panicked at tools/nanospam/src/app.rs:330:63:
called `Result::unwrap()` on an `Err` value: Os { code: 32, kind: BrokenPipe, message: "Broken pipe" }

thread 'tokio-rt-worker' (1219373) panicked at tools/nanospam/src/app.rs:330:63:
called `Result::unwrap()` on an `Err` value: Os { code: 32, kind: BrokenPipe, message: "Broken pipe" }

thread 'tokio-rt-worker' (1219373) panicked at tools/nanospam/src/app.rs:330:63:
called `Result::unwrap()` on an `Err` value: Os { code: 32, kind: BrokenPipe, message: "Broken pipe" }

thread 'tokio-rt-worker' (1221115) panicked at tools/nanospam/src/app.rs:330:63:
called `Result::unwrap()` on an `Err` value: Os { code: 32, kind: BrokenPipe, message: "Broken pipe" }

thread 'tokio-rt-worker' (1221116) panicked at tools/nanospam/src/app.rs:330:63:
called `Result::unwrap()` on an `Err` value: Os { code: 32, kind: BrokenPipe, message: "Broken pipe" }

thread 'tokio-rt-worker' (1219376) panicked at tools/nanospam/src/app.rs:330:63:
called `Result::unwrap()` on an `Err` value: Os { code: 32, kind: BrokenPipe, message: "Broken pipe" }

thread 'tokio-rt-worker' (1219373) panicked at tools/nanospam/src/app.rs:330:63:
called `Result::unwrap()` on an `Err` value: Os { code: 32, kind: BrokenPipe, message: "Broken pipe" }
[2m2026-09-23T07:38:18.908787Z[0m [32m INFO[0m [2mnanospam::app[0m[2m:[0m Confirmed 42,792 blocks | 2,000 bps | 0 cps | avg conf time: 0 ms

thread 'tokio-rt-worker' (1219374) panicked at tools/nanospam/src/app.rs:330:63:
called `Result::unwrap()` on an `Err` value: Os { code: 32, kind: BrokenPipe, message: "Broken pipe" }

thread 'tokio-rt-worker' (1219376) panicked at tools/nanospam/src/app.rs:330:63:
called `Result::unwrap()` on an `Err` value: Os { code: 32, kind: BrokenPipe, message: "Broken pipe" }

thread 'tokio-rt-worker' (1221116) panicked at tools/nanospam/src/app.rs:330:63:
called `Result::unwrap()` on an `Err` value: Os { code: 32, kind: BrokenPipe, message: "Broken pipe" }

thread 'tokio-rt-worker' (1219373) panicked at tools/nanospam/src/app.rs:330:63:
called `Result::unwrap()` on an `Err` value: Os { code: 32, kind: BrokenPipe, message: "Broken pipe" }

thread 'tokio-rt-worker' (1219376) panicked at tools/nanospam/src/app.rs:330:63:
called `Result::unwrap()` on an `Err` value: Os { code: 32, kind: BrokenPipe, message: "Broken pipe" }

thread 'tokio-rt-worker' (1219376) panicked at tools/nanospam/src/app.rs:330:63:
called `Result::unwrap()` on an `Err` value: Os { code: 32, kind: BrokenPipe, message: "Broken pipe" }

thread 'tokio-rt-worker' (1219373) panicked at tools/nanospam/src/app.rs:330:63:
called `Result::unwrap()` on an `Err` value: Os { code: 32, kind: BrokenPipe, message: "Broken pipe" }

thread 'tokio-rt-worker' (1221116) panicked at tools/nanospam/src/app.rs:330:63:
called `Result::unwrap()` on an `Err` value: Os { code: 32, kind: BrokenPipe, message: "Broken pipe" }

thread 'tokio-rt-worker' (1219374) panicked at tools/nanospam/src/app.rs:330:63:
called `Result::unwrap()` on an `Err` value: Os { code: 32, kind: BrokenPipe, message: "Broken pipe" }

thread 'tokio-rt-worker' (1219376) panicked at tools/nanospam/src/app.rs:330:63:
called `Result::unwrap()` on an `Err` value: Os { code: 32, kind: BrokenPipe, message: "Broken pipe" }

thread 'tokio-rt-worker' (1219376) panicked at tools/nanospam/src/app.rs:330:63:
called `Result::unwrap()` on an `Err` value: Os { code: 32, kind: BrokenPipe, message: "Broken pipe" }

thread 'tokio-rt-worker' (1219373) panicked at tools/nanospam/src/app.rs:330:63:
called `Result::unwrap()` on an `Err` value: Os { code: 32, kind: BrokenPipe, message: "Broken pipe" }

thread 'tokio-rt-worker' (1221116) panicked at tools/nanospam/src/app.rs:330:63:
called `Result::unwrap()` on an `Err` value: Os { code: 32, kind: BrokenPipe, message: "Broken pipe" }

thread 'tokio-rt-worker' (1219374) panicked at tools/nanospam/src/app.rs:330:63:
called `Result::unwrap()` on an `Err` value: Os { code: 32, kind: BrokenPipe, message: "Broken pipe" }

thread 'tokio-rt-worker' (1219376) panicked at tools/nanospam/src/app.rs:330:63:
called `Result::unwrap()` on an `Err` value: Os { code: 32, kind: BrokenPipe, message: "Broken pipe" }

thread 'tokio-rt-worker' (1219376) panicked at tools/nanospam/src/app.rs:330:63:
called `Result::unwrap()` on an `Err` value: Os { code: 32, kind: BrokenPipe, message: "Broken pipe" }

thread 'tokio-rt-worker' (1221116) panicked at tools/nanospam/src/app.rs:330:63:
called `Result::unwrap()` on an `Err` value: Os { code: 32, kind: BrokenPipe, message: "Broken pipe" }

thread 'tokio-rt-worker' (1219374) panicked at tools/nanospam/src/app.rs:330:63:
called `Result::unwrap()` on an `Err` value: Os { code: 32, kind: BrokenPipe, message: "Broken pipe" }

thread 'tokio-rt-worker' (1219376) panicked at tools/nanospam/src/app.rs:330:63:
called `Result::unwrap()` on an `Err` value: Os { code: 32, kind: BrokenPipe, message: "Broken pipe" }

thread 'tokio-rt-worker' (1219373) panicked at tools/nanospam/src/app.rs:330:63:
called `Result::unwrap()` on an `Err` value: Os { code: 32, kind: BrokenPipe, message: "Broken pipe" }

thread 'tokio-rt-worker' (1219373) panicked at tools/nanospam/src/app.rs:330:63:
called `Result::unwrap()` on an `Err` value: Os { code: 32, kind: BrokenPipe, message: "Broken pipe" }

thread 'tokio-rt-worker' (1219374) panicked at tools/nanospam/src/app.rs:330:63:
called `Result::unwrap()` on an `Err` value: Os { code: 32, kind: BrokenPipe, message: "Broken pipe" }

thread 'tokio-rt-worker' (1219376) panicked at tools/nanospam/src/app.rs:330:63:
called `Result::unwrap()` on an `Err` value: Os { code: 32, kind: BrokenPipe, message: "Broken pipe" }

thread 'tokio-rt-worker' (1219373) panicked at tools/nanospam/src/app.rs:330:63:
called `Result::unwrap()` on an `Err` value: Os { code: 32, kind: BrokenPipe, message: "Broken pipe" }

thread 'tokio-rt-worker' (1221116) panicked at tools/nanospam/src/app.rs:330:63:
called `Result::unwrap()` on an `Err` value: Os { code: 32, kind: BrokenPipe, message: "Broken pipe" }

thread 'tokio-rt-worker' (1221116) panicked at tools/nanospam/src/app.rs:330:63:
called `Result::unwrap()` on an `Err` value: Os { code: 32, kind: BrokenPipe, message: "Broken pipe" }

thread 'tokio-rt-worker' (1219376) panicked at tools/nanospam/src/app.rs:330:63:
called `Result::unwrap()` on an `Err` value: Os { code: 32, kind: BrokenPipe, message: "Broken pipe" }

thread 'tokio-rt-worker' (1219373) panicked at tools/nanospam/src/app.rs:330:63:
called `Result::unwrap()` on an `Err` value: Os { code: 32, kind: BrokenPipe, message: "Broken pipe" }

thread 'tokio-rt-worker' (1219374) panicked at tools/nanospam/src/app.rs:330:63:
called `Result::unwrap()` on an `Err` value: Os { code: 32, kind: BrokenPipe, message: "Broken pipe" }

thread 'tokio-rt-worker' (1221116) panicked at tools/nanospam/src/app.rs:330:63:
called `Result::unwrap()` on an `Err` value: Os { code: 32, kind: BrokenPipe, message: "Broken pipe" }

thread 'tokio-rt-worker' (1221116) panicked at tools/nanospam/src/app.rs:330:63:
called `Result::unwrap()` on an `Err` value: Os { code: 32, kind: BrokenPipe, message: "Broken pipe" }

thread 'tokio-rt-worker' (1219373) panicked at tools/nanospam/src/app.rs:330:63:
called `Result::unwrap()` on an `Err` value: Os { code: 32, kind: BrokenPipe, message: "Broken pipe" }

thread 'tokio-rt-worker' (1219374) panicked at tools/nanospam/src/app.rs:330:63:
called `Result::unwrap()` on an `Err` value: Os { code: 32, kind: BrokenPipe, message: "Broken pipe" }

thread 'tokio-rt-worker' (1221116) panicked at tools/nanospam/src/app.rs:330:63:
called `Result::unwrap()` on an `Err` value: Os { code: 32, kind: BrokenPipe, message: "Broken pipe" }

thread 'tokio-rt-worker' (1219376) panicked at tools/nanospam/src/app.rs:330:63:
called `Result::unwrap()` on an `Err` value: Os { code: 32, kind: BrokenPipe, message: "Broken pipe" }

thread 'tokio-rt-worker' (1219376) panicked at tools/nanospam/src/app.rs:330:63:
called `Result::unwrap()` on an `Err` value: Os { code: 32, kind: BrokenPipe, message: "Broken pipe" }

thread 'tokio-rt-worker' (1219374) panicked at tools/nanospam/src/app.rs:330:63:
called `Result::unwrap()` on an `Err` value: Os { code: 32, kind: BrokenPipe, message: "Broken pipe" }

thread 'tokio-rt-worker' (1219373) panicked at tools/nanospam/src/app.rs:330:63:
called `Result::unwrap()` on an `Err` value: Os { code: 32, kind: BrokenPipe, message: "Broken pipe" }

thread 'tokio-rt-worker' (1221116) panicked at tools/nanospam/src/app.rs:330:63:
called `Result::unwrap()` on an `Err` value: Os { code: 32, kind: BrokenPipe, message: "Broken pipe" }

thread 'tokio-rt-worker' (1219376) panicked at tools/nanospam/src/app.rs:330:63:
called `Result::unwrap()` on an `Err` value: Os { code: 32, kind: BrokenPipe, message: "Broken pipe" }

thread 'tokio-rt-worker' (1219376) panicked at tools/nanospam/src/app.rs:330:63:
called `Result::unwrap()` on an `Err` value: Os { code: 32, kind: BrokenPipe, message: "Broken pipe" }

thread 'tokio-rt-worker' (1221116) panicked at tools/nanospam/src/app.rs:330:63:
called `Result::unwrap()` on an `Err` value: Os { code: 32, kind: BrokenPipe, message: "Broken pipe" }

thread 'tokio-rt-worker' (1219373) panicked at tools/nanospam/src/app.rs:330:63:
called `Result::unwrap()` on an `Err` value: Os { code: 32, kind: BrokenPipe, message: "Broken pipe" }

thread 'tokio-rt-worker' (1219374) panicked at tools/nanospam/src/app.rs:330:63:
called `Result::unwrap()` on an `Err` value: Os { code: 32, kind: BrokenPipe, message: "Broken pipe" }

thread 'tokio-rt-worker' (1219376) panicked at tools/nanospam/src/app.rs:330:63:
called `Result::unwrap()` on an `Err` value: Os { code: 32, kind: BrokenPipe, message: "Broken pipe" }

thread 'tokio-rt-worker' (1219376) panicked at tools/nanospam/src/app.rs:330:63:
called `Result::unwrap()` on an `Err` value: Os { code: 32, kind: BrokenPipe, message: "Broken pipe" }

thread 'tokio-rt-worker' (1219373) panicked at tools/nanospam/src/app.rs:330:63:
called `Result::unwrap()` on an `Err` value: Os { code: 32, kind: BrokenPipe, message: "Broken pipe" }

thread 'tokio-rt-worker' (1219374) panicked at tools/nanospam/src/app.rs:330:63:
called `Result::unwrap()` on an `Err` value: Os { code: 32, kind: BrokenPipe, message: "Broken pipe" }

thread 'tokio-rt-worker' (1221116) panicked at tools/nanospam/src/app.rs:330:63:
called `Result::unwrap()` on an `Err` value: Os { code: 32, kind: BrokenPipe, message: "Broken pipe" }

thread 'tokio-rt-worker' (1219376) panicked at tools/nanospam/src/app.rs:330:63:
called `Result::unwrap()` on an `Err` value: Os { code: 32, kind: BrokenPipe, message: "Broken pipe" }

thread 'tokio-rt-worker' (1219376) panicked at tools/nanospam/src/app.rs:330:63:
called `Result::unwrap()` on an `Err` value: Os { code: 32, kind: BrokenPipe, message: "Broken pipe" }

thread 'tokio-rt-worker' (1221116) panicked at tools/nanospam/src/app.rs:330:63:
called `Result::unwrap()` on an `Err` value: Os { code: 32, kind: BrokenPipe, message: "Broken pipe" }

thread 'tokio-rt-worker' (1219374) panicked at tools/nanospam/src/app.rs:330:63:
called `Result::unwrap()` on an `Err` value: Os { code: 32, kind: BrokenPipe, message: "Broken pipe" }

thread 'tokio-rt-worker' (1219373) panicked at tools/nanospam/src/app.rs:330:63:
called `Result::unwrap()` on an `Err` value: Os { code: 32, kind: BrokenPipe, message: "Broken pipe" }

thread 'tokio-rt-worker' (1219376) panicked at tools/nanospam/src/app.rs:330:63:
called `Result::unwrap()` on an `Err` value: Os { code: 32, kind: BrokenPipe, message: "Broken pipe" }

thread 'tokio-rt-worker' (1219376) panicked at tools/nanospam/src/app.rs:330:63:
called `Result::unwrap()` on an `Err` value: Os { code: 32, kind: BrokenPipe, message: "Broken pipe" }

thread 'tokio-rt-worker' (1219374) panicked at tools/nanospam/src/app.rs:330:63:
called `Result::unwrap()` on an `Err` value: Os { code: 32, kind: BrokenPipe, message: "Broken pipe" }

thread 'tokio-rt-worker' (1219373) panicked at tools/nanospam/src/app.rs:330:63:
called `Result::unwrap()` on an `Err` value: Os { code: 32, kind: BrokenPipe, message: "Broken pipe" }

thread 'tokio-rt-worker' (1219376) panicked at tools/nanospam/src/app.rs:330:63:
called `Result::unwrap()` on an `Err` value: Os { code: 32, kind: BrokenPipe, message: "Broken pipe" }

thread 'tokio-rt-worker' (1221116) panicked at tools/nanospam/src/app.rs:330:63:
called `Result::unwrap()` on an `Err` value: Os { code: 32, kind: BrokenPipe, message: "Broken pipe" }

thread 'tokio-rt-worker' (1221116) panicked at tools/nanospam/src/app.rs:330:63:
called `Result::unwrap()` on an `Err` value: Os { code: 32, kind: BrokenPipe, message: "Broken pipe" }

thread 'tokio-rt-worker' (1219376) panicked at tools/nanospam/src/app.rs:330:63:
called `Result::unwrap()` on an `Err` value: Os { code: 32, kind: BrokenPipe, message: "Broken pipe" }

thread 'tokio-rt-worker' (1219374) panicked at tools/nanospam/src/app.rs:330:63:
called `Result::unwrap()` on an `Err` value: Os { code: 32, kind: BrokenPipe, message: "Broken pipe" }

thread 'tokio-rt-worker' (1219373) panicked at tools/nanospam/src/app.rs:330:63:
called `Result::unwrap()` on an `Err` value: Os { code: 32, kind: BrokenPipe, message: "Broken pipe" }

thread 'tokio-rt-worker' (1221116) panicked at tools/nanospam/src/app.rs:330:63:
called `Result::unwrap()` on an `Err` value: Os { code: 32, kind: BrokenPipe, message: "Broken pipe" }

thread 'tokio-rt-worker' (1221116) panicked at tools/nanospam/src/app.rs:330:63:
called `Result::unwrap()` on an `Err` value: Os { code: 32, kind: BrokenPipe, message: "Broken pipe" }

thread 'tokio-rt-worker' (1219373) panicked at tools/nanospam/src/app.rs:330:63:
called `Result::unwrap()` on an `Err` value: Os { code: 32, kind: BrokenPipe, message: "Broken pipe" }

thread 'tokio-rt-worker' (1219376) panicked at tools/nanospam/src/app.rs:330:63:
called `Result::unwrap()` on an `Err` value: Os { code: 32, kind: BrokenPipe, message: "Broken pipe" }

thread 'tokio-rt-worker' (1219374) panicked at tools/nanospam/src/app.rs:330:63:
called `Result::unwrap()` on an `Err` value: Os { code: 32, kind: BrokenPipe, message: "Broken pipe" }

thread 'tokio-rt-worker' (1221116) panicked at tools/nanospam/src/app.rs:330:63:
called `Result::unwrap()` on an `Err` value: Os { code: 32, kind: BrokenPipe, message: "Broken pipe" }

thread 'tokio-rt-worker' (1221116) panicked at tools/nanospam/src/app.rs:330:63:
called `Result::unwrap()` on an `Err` value: Os { code: 32, kind: BrokenPipe, message: "Broken pipe" }

thread 'tokio-rt-worker' (1219374) panicked at tools/nanospam/src/app.rs:330:63:
called `Result::unwrap()` on an `Err` value: Os { code: 32, kind: BrokenPipe, message: "Broken pipe" }

thread 'tokio-rt-worker' (1219376) panicked at tools/nanospam/src/app.rs:330:63:
called `Result::unwrap()` on an `Err` value: Os { code: 32, kind: BrokenPipe, message: "Broken pipe" }

thread 'tokio-rt-worker' (1219373) panicked at tools/nanospam/src/app.rs:330:63:
called `Result::unwrap()` on an `Err` value: Os { code: 32, kind: BrokenPipe, message: "Broken pipe" }

thread 'tokio-rt-worker' (1221116) panicked at tools/nanospam/src/app.rs:330:63:
called `Result::unwrap()` on an `Err` value: Os { code: 32, kind: BrokenPipe, message: "Broken pipe" }

thread 'tokio-rt-worker' (1221116) panicked at tools/nanospam/src/app.rs:330:63:
called `Result::unwrap()` on an `Err` value: Os { code: 32, kind: BrokenPipe, message: "Broken pipe" }

thread 'tokio-rt-worker' (1219373) panicked at tools/nanospam/src/app.rs:330:63:
called `Result::unwrap()` on an `Err` value: Os { code: 32, kind: BrokenPipe, message: "Broken pipe" }

thread 'tokio-rt-worker' (1219376) panicked at tools/nanospam/src/app.rs:330:63:
called `Result::unwrap()` on an `Err` value: Os { code: 32, kind: BrokenPipe, message: "Broken pipe" }

thread 'tokio-rt-worker' (1219374) panicked at tools/nanospam/src/app.rs:330:63:
called `Result::unwrap()` on an `Err` value: Os { code: 32, kind: BrokenPipe, message: "Broken pipe" }

thread 'tokio-rt-worker' (1221116) panicked at tools/nanospam/src/app.rs:330:63:
called `Result::unwrap()` on an `Err` value: Os { code: 32, kind: BrokenPipe, message: "Broken pipe" }

thread 'tokio-rt-worker' (1221116) panicked at tools/nanospam/src/app.rs:330:63:
called `Result::unwrap()` on an `Err` value: Os { code: 32, kind: BrokenPipe, message: "Broken pipe" }

thread 'tokio-rt-worker' (1219374) panicked at tools/nanospam/src/app.rs:330:63:
called `Result::unwrap()` on an `Err` value: Os { code: 32, kind: BrokenPipe, message: "Broken pipe" }

thread 'tokio-rt-worker' (1219376) panicked at tools/nanospam/src/app.rs:330:63:
called `Result::unwrap()` on an `Err` value: Os { code: 32, kind: BrokenPipe, message: "Broken pipe" }

thread 'tokio-rt-worker' (1219373) panicked at tools/nanospam/src/app.rs:330:63:
called `Result::unwrap()` on an `Err` value: Os { code: 32, kind: BrokenPipe, message: "Broken pipe" }

thread 'tokio-rt-worker' (1221116) panicked at tools/nanospam/src/app.rs:330:63:
called `Result::unwrap()` on an `Err` value: Os { code: 32, kind: BrokenPipe, message: "Broken pipe" }

thread 'tokio-rt-worker' (1221116) panicked at tools/nanospam/src/app.rs:330:63:
called `Result::unwrap()` on an `Err` value: Os { code: 32, kind: BrokenPipe, message: "Broken pipe" }

thread 'tokio-rt-worker' (1219373) panicked at tools/nanospam/src/app.rs:330:63:
called `Result::unwrap()` on an `Err` value: Os { code: 32, kind: BrokenPipe, message: "Broken pipe" }

thread 'tokio-rt-worker' (1219376) panicked at tools/nanospam/src/app.rs:330:63:
called `Result::unwrap()` on an `Err` value: Os { code: 32, kind: BrokenPipe, message: "Broken pipe" }

thread 'tokio-rt-worker' (1219374) panicked at tools/nanospam/src/app.rs:330:63:
called `Result::unwrap()` on an `Err` value: Os { code: 32, kind: BrokenPipe, message: "Broken pipe" }

thread 'tokio-rt-worker' (1221116) panicked at tools/nanospam/src/app.rs:330:63:
called `Result::unwrap()` on an `Err` value: Os { code: 32, kind: BrokenPipe, message: "Broken pipe" }

thread 'tokio-rt-worker' (1221116) panicked at tools/nanospam/src/app.rs:330:63:
called `Result::unwrap()` on an `Err` value: Os { code: 32, kind: BrokenPipe, message: "Broken pipe" }

thread 'tokio-rt-worker' (1219374) panicked at tools/nanospam/src/app.rs:330:63:
called `Result::unwrap()` on an `Err` value: Os { code: 32, kind: BrokenPipe, message: "Broken pipe" }

thread 'tokio-rt-worker' (1219376) panicked at tools/nanospam/src/app.rs:330:63:
called `Result::unwrap()` on an `Err` value: Os { code: 32, kind: BrokenPipe, message: "Broken pipe" }

thread 'tokio-rt-worker' (1219373) panicked at tools/nanospam/src/app.rs:330:63:
called `Result::unwrap()` on an `Err` value: Os { code: 32, kind: BrokenPipe, message: "Broken pipe" }

thread 'tokio-rt-worker' (1221116) panicked at tools/nanospam/src/app.rs:330:63:
called `Result::unwrap()` on an `Err` value: Os { code: 32, kind: BrokenPipe, message: "Broken pipe" }

thread 'tokio-rt-worker' (1221116) panicked at tools/nanospam/src/app.rs:330:63:
called `Result::unwrap()` on an `Err` value: Os { code: 32, kind: BrokenPipe, message: "Broken pipe" }

thread 'tokio-rt-worker' (1219373) panicked at tools/nanospam/src/app.rs:330:63:
called `Result::unwrap()` on an `Err` value: Os { code: 32, kind: BrokenPipe, message: "Broken pipe" }

thread 'tokio-rt-worker' (1219376) panicked at tools/nanospam/src/app.rs:330:63:
called `Result::unwrap()` on an `Err` value: Os { code: 32, kind: BrokenPipe, message: "Broken pipe" }

thread 'tokio-rt-worker' (1219374) panicked at tools/nanospam/src/app.rs:330:63:
called `Result::unwrap()` on an `Err` value: Os { code: 32, kind: BrokenPipe, message: "Broken pipe" }

thread 'tokio-rt-worker' (1221116) panicked at tools/nanospam/src/app.rs:330:63:
called `Result::unwrap()` on an `Err` value: Os { code: 32, kind: BrokenPipe, message: "Broken pipe" }

thread 'tokio-rt-worker' (1221116) panicked at tools/nanospam/src/app.rs:330:63:
called `Result::unwrap()` on an `Err` value: Os { code: 32, kind: BrokenPipe, message: "Broken pipe" }

thread 'tokio-rt-worker' (1219374) panicked at tools/nanospam/src/app.rs:330:63:
called `Result::unwrap()` on an `Err` value: Os { code: 32, kind: BrokenPipe, message: "Broken pipe" }

thread 'tokio-rt-worker' (1219376) panicked at tools/nanospam/src/app.rs:330:63:
called `Result::unwrap()` on an `Err` value: Os { code: 32, kind: BrokenPipe, message: "Broken pipe" }

thread 'tokio-rt-worker' (1219373) panicked at tools/nanospam/src/app.rs:330:63:
called `Result::unwrap()` on an `Err` value: Os { code: 32, kind: BrokenPipe, message: "Broken pipe" }

thread 'tokio-rt-worker' (1221116) panicked at tools/nanospam/src/app.rs:330:63:
called `Result::unwrap()` on an `Err` value: Os { code: 32, kind: BrokenPipe, message: "Broken pipe" }

thread 'tokio-rt-worker' (1221116) panicked at tools/nanospam/src/app.rs:330:63:
called `Result::unwrap()` on an `Err` value: Os { code: 32, kind: BrokenPipe, message: "Broken pipe" }

thread 'tokio-rt-worker' (1219373) panicked at tools/nanospam/src/app.rs:330:63:
called `Result::unwrap()` on an `Err` value: Os { code: 32, kind: BrokenPipe, message: "Broken pipe" }

thread 'tokio-rt-worker' (1219376) panicked at tools/nanospam/src/app.rs:330:63:
called `Result::unwrap()` on an `Err` value: Os { code: 32, kind: BrokenPipe, message: "Broken pipe" }

thread 'tokio-rt-worker' (1219374) panicked at tools/nanospam/src/app.rs:330:63:
called `Result::unwrap()` on an `Err` value: Os { code: 32, kind: BrokenPipe, message: "Broken pipe" }

thread 'tokio-rt-worker' (1221116) panicked at tools/nanospam/src/app.rs:330:63:
called `Result::unwrap()` on an `Err` value: Os { code: 32, kind: BrokenPipe, message: "Broken pipe" }

thread 'tokio-rt-worker' (1221116) panicked at tools/nanospam/src/app.rs:330:63:
called `Result::unwrap()` on an `Err` value: Os { code: 32, kind: BrokenPipe, message: "Broken pipe" }

thread 'tokio-rt-worker' (1219376) panicked at tools/nanospam/src/app.rs:330:63:
called `Result::unwrap()` on an `Err` value: Os { code: 32, kind: BrokenPipe, message: "Broken pipe" }

thread 'tokio-rt-worker' (1219374) panicked at tools/nanospam/src/app.rs:330:63:
called `Result::unwrap()` on an `Err` value: Os { code: 32, kind: BrokenPipe, message: "Broken pipe" }

thread 'tokio-rt-worker' (1219373) panicked at tools/nanospam/src/app.rs:330:63:
called `Result::unwrap()` on an `Err` value: Os { code: 32, kind: BrokenPipe, message: "Broken pipe" }

thread 'tokio-rt-worker' (1221116) panicked at tools/nanospam/src/app.rs:330:63:
called `Result::unwrap()` on an `Err` value: Os { code: 32, kind: BrokenPipe, message: "Broken pipe" }

thread 'tokio-rt-worker' (1221116) panicked at tools/nanospam/src/app.rs:330:63:
called `Result::unwrap()` on an `Err` value: Os { code: 32, kind: BrokenPipe, message: "Broken pipe" }

thread 'tokio-rt-worker' (1219373) panicked at tools/nanospam/src/app.rs:330:63:
called `Result::unwrap()` on an `Err` value: Os { code: 32, kind: BrokenPipe, message: "Broken pipe" }

thread 'tokio-rt-worker' (1219374) panicked at tools/nanospam/src/app.rs:330:63:
called `Result::unwrap()` on an `Err` value: Os { code: 32, kind: BrokenPipe, message: "Broken pipe" }

thread 'tokio-rt-worker' (1219376) panicked at tools/nanospam/src/app.rs:330:63:
called `Result::unwrap()` on an `Err` value: Os { code: 32, kind: BrokenPipe, message: "Broken pipe" }

thread 'tokio-rt-worker' (1221116) panicked at tools/nanospam/src/app.rs:330:63:
called `Result::unwrap()` on an `Err` value: Os { code: 32, kind: BrokenPipe, message: "Broken pipe" }

thread 'tokio-rt-worker' (1221116) panicked at tools/nanospam/src/app.rs:330:63:
called `Result::unwrap()` on an `Err` value: Os { code: 32, kind: BrokenPipe, message: "Broken pipe" }

thread 'tokio-rt-worker' (1219376) panicked at tools/nanospam/src/app.rs:330:63:
called `Result::unwrap()` on an `Err` value: Os { code: 32, kind: BrokenPipe, message: "Broken pipe" }

thread 'tokio-rt-worker' (1219374) panicked at tools/nanospam/src/app.rs:330:63:
called `Result::unwrap()` on an `Err` value: Os { code: 32, kind: BrokenPipe, message: "Broken pipe" }

thread 'tokio-rt-worker' (1219373) panicked at tools/nanospam/src/app.rs:330:63:
called `Result::unwrap()` on an `Err` value: Os { code: 32, kind: BrokenPipe, message: "Broken pipe" }

thread 'tokio-rt-worker' (1219376) panicked at tools/nanospam/src/app.rs:330:63:
called `Result::unwrap()` on an `Err` value: Os { code: 32, kind: BrokenPipe, message: "Broken pipe" }

thread 'tokio-rt-worker' (1219375) panicked at tools/nanospam/src/app.rs:330:63:
called `Result::unwrap()` on an `Err` value: Os { code: 32, kind: BrokenPipe, message: "Broken pipe" }

thread 'tokio-rt-worker' (1219373) panicked at tools/nanospam/src/app.rs:330:63:
called `Result::unwrap()` on an `Err` value: Os { code: 32, kind: BrokenPipe, message: "Broken pipe" }

thread 'tokio-rt-worker' (1221116) panicked at tools/nanospam/src/app.rs:330:63:
called `Result::unwrap()` on an `Err` value: Os { code: 32, kind: BrokenPipe, message: "Broken pipe" }

thread 'tokio-rt-worker' (1219376) panicked at tools/nanospam/src/app.rs:330:63:
called `Result::unwrap()` on an `Err` value: Os { code: 32, kind: BrokenPipe, message: "Broken pipe" }

thread 'tokio-rt-worker' (1219375) panicked at tools/nanospam/src/app.rs:330:63:
called `Result::unwrap()` on an `Err` value: Os { code: 32, kind: BrokenPipe, message: "Broken pipe" }

thread 'tokio-rt-worker' (1219375) panicked at tools/nanospam/src/app.rs:330:63:
called `Result::unwrap()` on an `Err` value: Os { code: 32, kind: BrokenPipe, message: "Broken pipe" }

thread 'tokio-rt-worker' (1221116) panicked at tools/nanospam/src/app.rs:330:63:
called `Result::unwrap()` on an `Err` value: Os { code: 32, kind: BrokenPipe, message: "Broken pipe" }

thread 'tokio-rt-worker' (1219376) panicked at tools/nanospam/src/app.rs:330:63:
called `Result::unwrap()` on an `Err` value: Os { code: 32, kind: BrokenPipe, message: "Broken pipe" }

thread 'tokio-rt-worker' (1219375) panicked at tools/nanospam/src/app.rs:330:63:
called `Result::unwrap()` on an `Err` value: Os { code: 32, kind: BrokenPipe, message: "Broken pipe" }

thread 'tokio-rt-worker' (1219373) panicked at tools/nanospam/src/app.rs:330:63:
called `Result::unwrap()` on an `Err` value: Os { code: 32, kind: BrokenPipe, message: "Broken pipe" }

thread 'tokio-rt-worker' (1219373) panicked at tools/nanospam/src/app.rs:330:63:
called `Result::unwrap()` on an `Err` value: Os { code: 32, kind: BrokenPipe, message: "Broken pipe" }

thread 'tokio-rt-worker' (1219376) panicked at tools/nanospam/src/app.rs:330:63:
called `Result::unwrap()` on an `Err` value: Os { code: 32, kind: BrokenPipe, message: "Broken pipe" }

thread 'tokio-rt-worker' (1219375) panicked at tools/nanospam/src/app.rs:330:63:
called `Result::unwrap()` on an `Err` value: Os { code: 32, kind: BrokenPipe, message: "Broken pipe" }

thread 'tokio-rt-worker' (1219373) panicked at tools/nanospam/src/app.rs:330:63:
called `Result::unwrap()` on an `Err` value: Os { code: 32, kind: BrokenPipe, message: "Broken pipe" }

thread 'tokio-rt-worker' (1221116) panicked at tools/nanospam/src/app.rs:330:63:
called `Result::unwrap()` on an `Err` value: Os { code: 32, kind: BrokenPipe, message: "Broken pipe" }

thread 'tokio-rt-worker' (1221116) panicked at tools/nanospam/src/app.rs:330:63:
called `Result::unwrap()` on an `Err` value: Os { code: 32, kind: BrokenPipe, message: "Broken pipe" }

thread 'tokio-rt-worker' (1219375) panicked at tools/nanospam/src/app.rs:330:63:
called `Result::unwrap()` on an `Err` value: Os { code: 32, kind: BrokenPipe, message: "Broken pipe" }

thread 'tokio-rt-worker' (1219376) panicked at tools/nanospam/src/app.rs:330:63:
called `Result::unwrap()` on an `Err` value: Os { code: 32, kind: BrokenPipe, message: "Broken pipe" }

thread 'tokio-rt-worker' (1219373) panicked at tools/nanospam/src/app.rs:330:63:
called `Result::unwrap()` on an `Err` value: Os { code: 32, kind: BrokenPipe, message: "Broken pipe" }

thread 'tokio-rt-worker' (1221116) panicked at tools/nanospam/src/app.rs:330:63:
called `Result::unwrap()` on an `Err` value: Os { code: 32, kind: BrokenPipe, message: "Broken pipe" }

thread 'tokio-rt-worker' (1221116) panicked at tools/nanospam/src/app.rs:330:63:
called `Result::unwrap()` on an `Err` value: Os { code: 32, kind: BrokenPipe, message: "Broken pipe" }

thread 'tokio-rt-worker' (1219373) panicked at tools/nanospam/src/app.rs:330:63:
called `Result::unwrap()` on an `Err` value: Os { code: 32, kind: BrokenPipe, message: "Broken pipe" }

thread 'tokio-rt-worker' (1219376) panicked at tools/nanospam/src/app.rs:330:63:
called `Result::unwrap()` on an `Err` value: Os { code: 32, kind: BrokenPipe, message: "Broken pipe" }

thread 'tokio-rt-worker' (1219375) panicked at tools/nanospam/src/app.rs:330:63:
called `Result::unwrap()` on an `Err` value: Os { code: 32, kind: BrokenPipe, message: "Broken pipe" }

thread 'tokio-rt-worker' (1221116) panicked at tools/nanospam/src/app.rs:330:63:
called `Result::unwrap()` on an `Err` value: Os { code: 32, kind: BrokenPipe, message: "Broken pipe" }

thread 'tokio-rt-worker' (1221116) panicked at tools/nanospam/src/app.rs:330:63:
called `Result::unwrap()` on an `Err` value: Os { code: 32, kind: BrokenPipe, message: "Broken pipe" }

thread 'tokio-rt-worker' (1219375) panicked at tools/nanospam/src/app.rs:330:63:
called `Result::unwrap()` on an `Err` value: Os { code: 32, kind: BrokenPipe, message: "Broken pipe" }

thread 'tokio-rt-worker' (1219376) panicked at tools/nanospam/src/app.rs:330:63:
called `Result::unwrap()` on an `Err` value: Os { code: 32, kind: BrokenPipe, message: "Broken pipe" }

thread 'tokio-rt-worker' (1219373) panicked at tools/nanospam/src/app.rs:330:63:
called `Result::unwrap()` on an `Err` value: Os { code: 32, kind: BrokenPipe, message: "Broken pipe" }

thread 'tokio-rt-worker' (1221116) panicked at tools/nanospam/src/app.rs:330:63:
called `Result::unwrap()` on an `Err` value: Os { code: 32, kind: BrokenPipe, message: "Broken pipe" }

thread 'tokio-rt-worker' (1221116) panicked at tools/nanospam/src/app.rs:330:63:
called `Result::unwrap()` on an `Err` value: Os { code: 32, kind: BrokenPipe, message: "Broken pipe" }

thread 'tokio-rt-worker' (1219373) panicked at tools/nanospam/src/app.rs:330:63:
called `Result::unwrap()` on an `Err` value: Os { code: 32, kind: BrokenPipe, message: "Broken pipe" }

thread 'tokio-rt-worker' (1219376) panicked at tools/nanospam/src/app.rs:330:63:
called `Result::unwrap()` on an `Err` value: Os { code: 32, kind: BrokenPipe, message: "Broken pipe" }

thread 'tokio-rt-worker' (1219375) panicked at tools/nanospam/src/app.rs:330:63:
called `Result::unwrap()` on an `Err` value: Os { code: 32, kind: BrokenPipe, message: "Broken pipe" }

thread 'tokio-rt-worker' (1221116) panicked at tools/nanospam/src/app.rs:330:63:
called `Result::unwrap()` on an `Err` value: Os { code: 32, kind: BrokenPipe, message: "Broken pipe" }

thread 'tokio-rt-worker' (1221116) panicked at tools/nanospam/src/app.rs:330:63:
called `Result::unwrap()` on an `Err` value: Os { code: 32, kind: BrokenPipe, message: "Broken pipe" }

thread 'tokio-rt-worker' (1219375) panicked at tools/nanospam/src/app.rs:330:63:
called `Result::unwrap()` on an `Err` value: Os { code: 32, kind: BrokenPipe, message: "Broken pipe" }

thread 'tokio-rt-worker' (1219376) panicked at tools/nanospam/src/app.rs:330:63:
called `Result::unwrap()` on an `Err` value: Os { code: 32, kind: BrokenPipe, message: "Broken pipe" }

thread 'tokio-rt-worker' (1219373) panicked at tools/nanospam/src/app.rs:330:63:
called `Result::unwrap()` on an `Err` value: Os { code: 32, kind: BrokenPipe, message: "Broken pipe" }

thread 'tokio-rt-worker' (1221116) panicked at tools/nanospam/src/app.rs:330:63:
called `Result::unwrap()` on an `Err` value: Os { code: 32, kind: BrokenPipe, message: "Broken pipe" }

thread 'tokio-rt-worker' (1221116) panicked at tools/nanospam/src/app.rs:330:63:
called `Result::unwrap()` on an `Err` value: Os { code: 32, kind: BrokenPipe, message: "Broken pipe" }

thread 'tokio-rt-worker' (1219373) panicked at tools/nanospam/src/app.rs:330:63:
called `Result::unwrap()` on an `Err` value: Os { code: 32, kind: BrokenPipe, message: "Broken pipe" }

thread 'tokio-rt-worker' (1219376) panicked at tools/nanospam/src/app.rs:330:63:
called `Result::unwrap()` on an `Err` value: Os { code: 32, kind: BrokenPipe, message: "Broken pipe" }

thread 'tokio-rt-worker' (1219375) panicked at tools/nanospam/src/app.rs:330:63:
called `Result::unwrap()` on an `Err` value: Os { code: 32, kind: BrokenPipe, message: "Broken pipe" }

thread 'tokio-rt-worker' (1221116) panicked at tools/nanospam/src/app.rs:330:63:
called `Result::unwrap()` on an `Err` value: Os { code: 32, kind: BrokenPipe, message: "Broken pipe" }

thread 'tokio-rt-worker' (1221116) panicked at tools/nanospam/src/app.rs:330:63:
called `Result::unwrap()` on an `Err` value: Os { code: 32, kind: BrokenPipe, message: "Broken pipe" }

thread 'tokio-rt-worker' (1219375) panicked at tools/nanospam/src/app.rs:330:63:
called `Result::unwrap()` on an `Err` value: Os { code: 32, kind: BrokenPipe, message: "Broken pipe" }

thread 'tokio-rt-worker' (1219376) panicked at tools/nanospam/src/app.rs:330:63:
called `Result::unwrap()` on an `Err` value: Os { code: 32, kind: BrokenPipe, message: "Broken pipe" }

thread 'tokio-rt-worker' (1219373) panicked at tools/nanospam/src/app.rs:330:63:
called `Result::unwrap()` on an `Err` value: Os { code: 32, kind: BrokenPipe, message: "Broken pipe" }

thread 'tokio-rt-worker' (1221116) panicked at tools/nanospam/src/app.rs:330:63:
called `Result::unwrap()` on an `Err` value: Os { code: 32, kind: BrokenPipe, message: "Broken pipe" }

thread 'tokio-rt-worker' (1221116) panicked at tools/nanospam/src/app.rs:330:63:
called `Result::unwrap()` on an `Err` value: Os { code: 32, kind: BrokenPipe, message: "Broken pipe" }

thread 'tokio-rt-worker' (1219373) panicked at tools/nanospam/src/app.rs:330:63:
called `Result::unwrap()` on an `Err` value: Os { code: 32, kind: BrokenPipe, message: "Broken pipe" }

thread 'tokio-rt-worker' (1219376) panicked at tools/nanospam/src/app.rs:330:63:
called `Result::unwrap()` on an `Err` value: Os { code: 32, kind: BrokenPipe, message: "Broken pipe" }

thread 'tokio-rt-worker' (1219375) panicked at tools/nanospam/src/app.rs:330:63:
called `Result::unwrap()` on an `Err` value: Os { code: 32, kind: BrokenPipe, message: "Broken pipe" }

thread 'tokio-rt-worker' (1221116) panicked at tools/nanospam/src/app.rs:330:63:
called `Result::unwrap()` on an `Err` value: Os { code: 32, kind: BrokenPipe, message: "Broken pipe" }

thread 'tokio-rt-worker' (1221116) panicked at tools/nanospam/src/app.rs:330:63:
called `Result::unwrap()` on an `Err` value: Os { code: 32, kind: BrokenPipe, message: "Broken pipe" }

thread 'tokio-rt-worker' (1219375) panicked at tools/nanospam/src/app.rs:330:63:
called `Result::unwrap()` on an `Err` value: Os { code: 32, kind: BrokenPipe, message: "Broken pipe" }

thread 'tokio-rt-worker' (1219376) panicked at tools/nanospam/src/app.rs:330:63:
called `Result::unwrap()` on an `Err` value: Os { code: 32, kind: BrokenPipe, message: "Broken pipe" }

thread 'tokio-rt-worker' (1219373) panicked at tools/nanospam/src/app.rs:330:63:
called `Result::unwrap()` on an `Err` value: Os { code: 32, kind: BrokenPipe, message: "Broken pipe" }

thread 'tokio-rt-worker' (1221116) panicked at tools/nanospam/src/app.rs:330:63:
called `Result::unwrap()` on an `Err` value: Os { code: 32, kind: BrokenPipe, message: "Broken pipe" }

thread 'tokio-rt-worker' (1221116) panicked at tools/nanospam/src/app.rs:330:63:
called `Result::unwrap()` on an `Err` value: Os { code: 32, kind: BrokenPipe, message: "Broken pipe" }

thread 'tokio-rt-worker' (1219373) panicked at tools/nanospam/src/app.rs:330:63:
called `Result::unwrap()` on an `Err` value: Os { code: 32, kind: BrokenPipe, message: "Broken pipe" }

thread 'tokio-rt-worker' (1219376) panicked at tools/nanospam/src/app.rs:330:63:
called `Result::unwrap()` on an `Err` value: Os { code: 32, kind: BrokenPipe, message: "Broken pipe" }

thread 'tokio-rt-worker' (1219375) panicked at tools/nanospam/src/app.rs:330:63:
called `Result::unwrap()` on an `Err` value: Os { code: 32, kind: BrokenPipe, message: "Broken pipe" }

thread 'tokio-rt-worker' (1221116) panicked at tools/nanospam/src/app.rs:330:63:
called `Result::unwrap()` on an `Err` value: Os { code: 32, kind: BrokenPipe, message: "Broken pipe" }

thread 'tokio-rt-worker' (1221116) panicked at tools/nanospam/src/app.rs:330:63:
called `Result::unwrap()` on an `Err` value: Os { code: 32, kind: BrokenPipe, message: "Broken pipe" }

thread 'tokio-rt-worker' (1219376) panicked at tools/nanospam/src/app.rs:330:63:
called `Result::unwrap()` on an `Err` value: Os { code: 32, kind: BrokenPipe, message: "Broken pipe" }

thread 'tokio-rt-worker' (1219373) panicked at tools/nanospam/src/app.rs:330:63:
called `Result::unwrap()` on an `Err` value: Os { code: 32, kind: BrokenPipe, message: "Broken pipe" }

thread 'tokio-rt-worker' (1219375) panicked at tools/nanospam/src/app.rs:330:63:
called `Result::unwrap()` on an `Err` value: Os { code: 32, kind: BrokenPipe, message: "Broken pipe" }

thread 'tokio-rt-worker' (1221116) panicked at tools/nanospam/src/app.rs:330:63:
called `Result::unwrap()` on an `Err` value: Os { code: 32, kind: BrokenPipe, message: "Broken pipe" }

thread 'tokio-rt-worker' (1221116) panicked at tools/nanospam/src/app.rs:330:63:
called `Result::unwrap()` on an `Err` value: Os { code: 32, kind: BrokenPipe, message: "Broken pipe" }

thread 'tokio-rt-worker' (1219375) panicked at tools/nanospam/src/app.rs:330:63:
called `Result::unwrap()` on an `Err` value: Os { code: 32, kind: BrokenPipe, message: "Broken pipe" }

thread 'tokio-rt-worker' (1219373) panicked at tools/nanospam/src/app.rs:330:63:
called `Result::unwrap()` on an `Err` value: Os { code: 32, kind: BrokenPipe, message: "Broken pipe" }

thread 'tokio-rt-worker' (1219375) panicked at tools/nanospam/src/app.rs:330:63:
called `Result::unwrap()` on an `Err` value: Os { code: 32, kind: BrokenPipe, message: "Broken pipe" }

thread 'tokio-rt-worker' (1219376) panicked at tools/nanospam/src/app.rs:330:63:
called `Result::unwrap()` on an `Err` value: Os { code: 32, kind: BrokenPipe, message: "Broken pipe" }

thread 'tokio-rt-worker' (1219376) panicked at tools/nanospam/src/app.rs:330:63:
called `Result::unwrap()` on an `Err` value: Os { code: 32, kind: BrokenPipe, message: "Broken pipe" }

thread 'tokio-rt-worker' (1219375) panicked at tools/nanospam/src/app.rs:330:63:
called `Result::unwrap()` on an `Err` value: Os { code: 32, kind: BrokenPipe, message: "Broken pipe" }

thread 'tokio-rt-worker' (1219376) panicked at tools/nanospam/src/app.rs:330:63:
called `Result::unwrap()` on an `Err` value: Os { code: 32, kind: BrokenPipe, message: "Broken pipe" }

thread 'tokio-rt-worker' (1219375) panicked at tools/nanospam/src/app.rs:330:63:
called `Result::unwrap()` on an `Err` value: Os { code: 32, kind: BrokenPipe, message: "Broken pipe" }

thread 'tokio-rt-worker' (1219373) panicked at tools/nanospam/src/app.rs:330:63:
called `Result::unwrap()` on an `Err` value: Os { code: 32, kind: BrokenPipe, message: "Broken pipe" }

thread 'tokio-rt-worker' (1219373) panicked at tools/nanospam/src/app.rs:330:63:
called `Result::unwrap()` on an `Err` value: Os { code: 32, kind: BrokenPipe, message: "Broken pipe" }

thread 'tokio-rt-worker' (1219375) panicked at tools/nanospam/src/app.rs:330:63:
called `Result::unwrap()` on an `Err` value: Os { code: 32, kind: BrokenPipe, message: "Broken pipe" }

thread 'tokio-rt-worker' (1221116) panicked at tools/nanospam/src/app.rs:330:63:
called `Result::unwrap()` on an `Err` value: Os { code: 32, kind: BrokenPipe, message: "Broken pipe" }

thread 'tokio-rt-worker' (1219373) panicked at tools/nanospam/src/app.rs:330:63:
called `Result::unwrap()` on an `Err` value: Os { code: 32, kind: BrokenPipe, message: "Broken pipe" }

thread 'tokio-rt-worker' (1219375) panicked at tools/nanospam/src/app.rs:330:63:
called `Result::unwrap()` on an `Err` value: Os { code: 32, kind: BrokenPipe, message: "Broken pipe" }

thread 'tokio-rt-worker' (1219375) panicked at tools/nanospam/src/app.rs:330:63:
called `Result::unwrap()` on an `Err` value: Os { code: 32, kind: BrokenPipe, message: "Broken pipe" }

thread 'tokio-rt-worker' (1219373) panicked at tools/nanospam/src/app.rs:330:63:
called `Result::unwrap()` on an `Err` value: Os { code: 32, kind: BrokenPipe, message: "Broken pipe" }

thread 'tokio-rt-worker' (1219376) panicked at tools/nanospam/src/app.rs:330:63:
called `Result::unwrap()` on an `Err` value: Os { code: 32, kind: BrokenPipe, message: "Broken pipe" }

thread 'tokio-rt-worker' (1221116) panicked at tools/nanospam/src/app.rs:330:63:
called `Result::unwrap()` on an `Err` value: Os { code: 32, kind: BrokenPipe, message: "Broken pipe" }

thread 'tokio-rt-worker' (1219375) panicked at tools/nanospam/src/app.rs:330:63:
called `Result::unwrap()` on an `Err` value: Os { code: 32, kind: BrokenPipe, message: "Broken pipe" }

thread 'tokio-rt-worker' (1219375) panicked at tools/nanospam/src/app.rs:330:63:
called `Result::unwrap()` on an `Err` value: Os { code: 32, kind: BrokenPipe, message: "Broken pipe" }

thread 'tokio-rt-worker' (1221116) panicked at tools/nanospam/src/app.rs:330:63:
called `Result::unwrap()` on an `Err` value: Os { code: 32, kind: BrokenPipe, message: "Broken pipe" }

thread 'tokio-rt-worker' (1219376) panicked at tools/nanospam/src/app.rs:330:63:
called `Result::unwrap()` on an `Err` value: Os { code: 32, kind: BrokenPipe, message: "Broken pipe" }

thread 'tokio-rt-worker' (1219373) panicked at tools/nanospam/src/app.rs:330:63:
called `Result::unwrap()` on an `Err` value: Os { code: 32, kind: BrokenPipe, message: "Broken pipe" }

thread 'tokio-rt-worker' (1219375) panicked at tools/nanospam/src/app.rs:330:63:
called `Result::unwrap()` on an `Err` value: Os { code: 32, kind: BrokenPipe, message: "Broken pipe" }

thread 'tokio-rt-worker' (1220916) panicked at tools/nanospam/src/app.rs:330:63:
called `Result::unwrap()` on an `Err` value: Os { code: 32, kind: BrokenPipe, message: "Broken pipe" }

thread 'tokio-rt-worker' (1219373) panicked at tools/nanospam/src/app.rs:330:63:
called `Result::unwrap()` on an `Err` value: Os { code: 32, kind: BrokenPipe, message: "Broken pipe" }

thread 'tokio-rt-worker' (1219376) panicked at tools/nanospam/src/app.rs:330:63:
called `Result::unwrap()` on an `Err` value: Os { code: 32, kind: BrokenPipe, message: "Broken pipe" }

thread 'tokio-rt-worker' (1219375) panicked at tools/nanospam/src/app.rs:330:63:
called `Result::unwrap()` on an `Err` value: Os { code: 32, kind: BrokenPipe, message: "Broken pipe" }

thread 'tokio-rt-worker' (1220916) panicked at tools/nanospam/src/app.rs:330:63:
called `Result::unwrap()` on an `Err` value: Os { code: 32, kind: BrokenPipe, message: "Broken pipe" }

thread 'tokio-rt-worker' (1220916) panicked at tools/nanospam/src/app.rs:330:63:
called `Result::unwrap()` on an `Err` value: Os { code: 32, kind: BrokenPipe, message: "Broken pipe" }

thread 'tokio-rt-worker' (1219375) panicked at tools/nanospam/src/app.rs:330:63:
called `Result::unwrap()` on an `Err` value: Os { code: 32, kind: BrokenPipe, message: "Broken pipe" }

thread 'tokio-rt-worker' (1219376) panicked at tools/nanospam/src/app.rs:330:63:
called `Result::unwrap()` on an `Err` value: Os { code: 32, kind: BrokenPipe, message: "Broken pipe" }

thread 'tokio-rt-worker' (1219373) panicked at tools/nanospam/src/app.rs:330:63:
called `Result::unwrap()` on an `Err` value: Os { code: 32, kind: BrokenPipe, message: "Broken pipe" }

thread 'tokio-rt-worker' (1220916) panicked at tools/nanospam/src/app.rs:330:63:
called `Result::unwrap()` on an `Err` value: Os { code: 32, kind: BrokenPipe, message: "Broken pipe" }

thread 'tokio-rt-worker' (1220916) panicked at tools/nanospam/src/app.rs:330:63:
called `Result::unwrap()` on an `Err` value: Os { code: 32, kind: BrokenPipe, message: "Broken pipe" }

thread 'tokio-rt-worker' (1219373) panicked at tools/nanospam/src/app.rs:330:63:
called `Result::unwrap()` on an `Err` value: Os { code: 32, kind: BrokenPipe, message: "Broken pipe" }

thread 'tokio-rt-worker' (1219375) panicked at tools/nanospam/src/app.rs:330:63:
called `Result::unwrap()` on an `Err` value: Os { code: 32, kind: BrokenPipe, message: "Broken pipe" }

thread 'tokio-rt-worker' (1219376) panicked at tools/nanospam/src/app.rs:330:63:
called `Result::unwrap()` on an `Err` value: Os { code: 32, kind: BrokenPipe, message: "Broken pipe" }

thread 'tokio-rt-worker' (1220916) panicked at tools/nanospam/src/app.rs:330:63:
called `Result::unwrap()` on an `Err` value: Os { code: 32, kind: BrokenPipe, message: "Broken pipe" }

thread 'tokio-rt-worker' (1220916) panicked at tools/nanospam/src/app.rs:330:63:
called `Result::unwrap()` on an `Err` value: Os { code: 32, kind: BrokenPipe, message: "Broken pipe" }

thread 'tokio-rt-worker' (1219376) panicked at tools/nanospam/src/app.rs:330:63:
called `Result::unwrap()` on an `Err` value: Os { code: 32, kind: BrokenPipe, message: "Broken pipe" }

thread 'tokio-rt-worker' (1219373) panicked at tools/nanospam/src/app.rs:330:63:
called `Result::unwrap()` on an `Err` value: Os { code: 32, kind: BrokenPipe, message: "Broken pipe" }

thread 'tokio-rt-worker' (1219375) panicked at tools/nanospam/src/app.rs:330:63:
called `Result::unwrap()` on an `Err` value: Os { code: 32, kind: BrokenPipe, message: "Broken pipe" }

thread 'tokio-rt-worker' (1220916) panicked at tools/nanospam/src/app.rs:330:63:
called `Result::unwrap()` on an `Err` value: Os { code: 32, kind: BrokenPipe, message: "Broken pipe" }

thread 'tokio-rt-worker' (1220916) panicked at tools/nanospam/src/app.rs:330:63:
called `Result::unwrap()` on an `Err` value: Os { code: 32, kind: BrokenPipe, message: "Broken pipe" }

thread 'tokio-rt-worker' (1219375) panicked at tools/nanospam/src/app.rs:330:63:
called `Result::unwrap()` on an `Err` value: Os { code: 32, kind: BrokenPipe, message: "Broken pipe" }

thread 'tokio-rt-worker' (1219373) panicked at tools/nanospam/src/app.rs:330:63:
called `Result::unwrap()` on an `Err` value: Os { code: 32, kind: BrokenPipe, message: "Broken pipe" }

thread 'tokio-rt-worker' (1219376) panicked at tools/nanospam/src/app.rs:330:63:
called `Result::unwrap()` on an `Err` value: Os { code: 32, kind: BrokenPipe, message: "Broken pipe" }

thread 'tokio-rt-worker' (1220916) panicked at tools/nanospam/src/app.rs:330:63:
called `Result::unwrap()` on an `Err` value: Os { code: 32, kind: BrokenPipe, message: "Broken pipe" }

thread 'tokio-rt-worker' (1220916) panicked at tools/nanospam/src/app.rs:330:63:
called `Result::unwrap()` on an `Err` value: Os { code: 32, kind: BrokenPipe, message: "Broken pipe" }

thread 'tokio-rt-worker' (1219376) panicked at tools/nanospam/src/app.rs:330:63:
called `Result::unwrap()` on an `Err` value: Os { code: 32, kind: BrokenPipe, message: "Broken pipe" }

thread 'tokio-rt-worker' (1219373) panicked at tools/nanospam/src/app.rs:330:63:
called `Result::unwrap()` on an `Err` value: Os { code: 32, kind: BrokenPipe, message: "Broken pipe" }

thread 'tokio-rt-worker' (1219375) panicked at tools/nanospam/src/app.rs:330:63:
called `Result::unwrap()` on an `Err` value: Os { code: 32, kind: BrokenPipe, message: "Broken pipe" }

thread 'tokio-rt-worker' (1220916) panicked at tools/nanospam/src/app.rs:330:63:
called `Result::unwrap()` on an `Err` value: Os { code: 32, kind: BrokenPipe, message: "Broken pipe" }

thread 'tokio-rt-worker' (1220916) panicked at tools/nanospam/src/app.rs:330:63:
called `Result::unwrap()` on an `Err` value: Os { code: 32, kind: BrokenPipe, message: "Broken pipe" }

thread 'tokio-rt-worker' (1219373) panicked at tools/nanospam/src/app.rs:330:63:
called `Result::unwrap()` on an `Err` value: Os { code: 32, kind: BrokenPipe, message: "Broken pipe" }

thread 'tokio-rt-worker' (1219376) panicked at tools/nanospam/src/app.rs:330:63:
called `Result::unwrap()` on an `Err` value: Os { code: 32, kind: BrokenPipe, message: "Broken pipe" }

thread 'tokio-rt-worker' (1219375) panicked at tools/nanospam/src/app.rs:330:63:
called `Result::unwrap()` on an `Err` value: Os { code: 32, kind: BrokenPipe, message: "Broken pipe" }

thread 'tokio-rt-worker' (1220916) panicked at tools/nanospam/src/app.rs:330:63:
called `Result::unwrap()` on an `Err` value: Os { code: 32, kind: BrokenPipe, message: "Broken pipe" }

thread 'tokio-rt-worker' (1220916) panicked at tools/nanospam/src/app.rs:330:63:
called `Result::unwrap()` on an `Err` value: Os { code: 32, kind: BrokenPipe, message: "Broken pipe" }

thread 'tokio-rt-worker' (1219375) panicked at tools/nanospam/src/app.rs:330:63:
called `Result::unwrap()` on an `Err` value: Os { code: 32, kind: BrokenPipe, message: "Broken pipe" }

thread 'tokio-rt-worker' (1219376) panicked at tools/nanospam/src/app.rs:330:63:
called `Result::unwrap()` on an `Err` value: Os { code: 32, kind: BrokenPipe, message: "Broken pipe" }

thread 'tokio-rt-worker' (1219373) panicked at tools/nanospam/src/app.rs:330:63:
called `Result::unwrap()` on an `Err` value: Os { code: 32, kind: BrokenPipe, message: "Broken pipe" }

thread 'tokio-rt-worker' (1220916) panicked at tools/nanospam/src/app.rs:330:63:
called `Result::unwrap()` on an `Err` value: Os { code: 32, kind: BrokenPipe, message: "Broken pipe" }

thread 'tokio-rt-worker' (1220916) panicked at tools/nanospam/src/app.rs:330:63:
called `Result::unwrap()` on an `Err` value: Os { code: 32, kind: BrokenPipe, message: "Broken pipe" }

thread 'tokio-rt-worker' (1219373) panicked at tools/nanospam/src/app.rs:330:63:
called `Result::unwrap()` on an `Err` value: Os { code: 32, kind: BrokenPipe, message: "Broken pipe" }

thread 'tokio-rt-worker' (1219375) panicked at tools/nanospam/src/app.rs:330:63:
called `Result::unwrap()` on an `Err` value: Os { code: 32, kind: BrokenPipe, message: "Broken pipe" }

thread 'tokio-rt-worker' (1219376) panicked at tools/nanospam/src/app.rs:330:63:
called `Result::unwrap()` on an `Err` value: Os { code: 32, kind: BrokenPipe, message: "Broken pipe" }

thread 'tokio-rt-worker' (1220916) panicked at tools/nanospam/src/app.rs:330:63:
called `Result::unwrap()` on an `Err` value: Os { code: 32, kind: BrokenPipe, message: "Broken pipe" }

thread 'tokio-rt-worker' (1220916) panicked at tools/nanospam/src/app.rs:330:63:
called `Result::unwrap()` on an `Err` value: Os { code: 32, kind: BrokenPipe, message: "Broken pipe" }

thread 'tokio-rt-worker' (1219376) panicked at tools/nanospam/src/app.rs:330:63:
called `Result::unwrap()` on an `Err` value: Os { code: 32, kind: BrokenPipe, message: "Broken pipe" }

thread 'tokio-rt-worker' (1219375) panicked at tools/nanospam/src/app.rs:330:63:
called `Result::unwrap()` on an `Err` value: Os { code: 32, kind: BrokenPipe, message: "Broken pipe" }

thread 'tokio-rt-worker' (1219373) panicked at tools/nanospam/src/app.rs:330:63:
called `Result::unwrap()` on an `Err` value: Os { code: 32, kind: BrokenPipe, message: "Broken pipe" }

thread 'tokio-rt-worker' (1220916) panicked at tools/nanospam/src/app.rs:330:63:
called `Result::unwrap()` on an `Err` value: Os { code: 32, kind: BrokenPipe, message: "Broken pipe" }

thread 'tokio-rt-worker' (1220916) panicked at tools/nanospam/src/app.rs:330:63:
called `Result::unwrap()` on an `Err` value: Os { code: 32, kind: BrokenPipe, message: "Broken pipe" }

thread 'tokio-rt-worker' (1219373) panicked at tools/nanospam/src/app.rs:330:63:
called `Result::unwrap()` on an `Err` value: Os { code: 32, kind: BrokenPipe, message: "Broken pipe" }

thread 'tokio-rt-worker' (1219375) panicked at tools/nanospam/src/app.rs:330:63:
called `Result::unwrap()` on an `Err` value: Os { code: 32, kind: BrokenPipe, message: "Broken pipe" }

thread 'tokio-rt-worker' (1219376) panicked at tools/nanospam/src/app.rs:330:63:
called `Result::unwrap()` on an `Err` value: Os { code: 32, kind: BrokenPipe, message: "Broken pipe" }

thread 'tokio-rt-worker' (1220916) panicked at tools/nanospam/src/app.rs:330:63:
called `Result::unwrap()` on an `Err` value: Os { code: 32, kind: BrokenPipe, message: "Broken pipe" }

thread 'tokio-rt-worker' (1220916) panicked at tools/nanospam/src/app.rs:330:63:
called `Result::unwrap()` on an `Err` value: Os { code: 32, kind: BrokenPipe, message: "Broken pipe" }

thread 'tokio-rt-worker' (1219375) panicked at tools/nanospam/src/app.rs:330:63:
called `Result::unwrap()` on an `Err` value: Os { code: 32, kind: BrokenPipe, message: "Broken pipe" }

thread 'tokio-rt-worker' (1219376) panicked at tools/nanospam/src/app.rs:330:63:
called `Result::unwrap()` on an `Err` value: Os { code: 32, kind: BrokenPipe, message: "Broken pipe" }

thread 'tokio-rt-worker' (1220916) panicked at tools/nanospam/src/app.rs:330:63:
called `Result::unwrap()` on an `Err` value: Os { code: 32, kind: BrokenPipe, message: "Broken pipe" }

thread 'tokio-rt-worker' (1219373) panicked at tools/nanospam/src/app.rs:330:63:
called `Result::unwrap()` on an `Err` value: Os { code: 32, kind: BrokenPipe, message: "Broken pipe" }

thread 'tokio-rt-worker' (1219373) panicked at tools/nanospam/src/app.rs:330:63:
called `Result::unwrap()` on an `Err` value: Os { code: 32, kind: BrokenPipe, message: "Broken pipe" }

thread 'tokio-rt-worker' (1220916) panicked at tools/nanospam/src/app.rs:330:63:
called `Result::unwrap()` on an `Err` value: Os { code: 32, kind: BrokenPipe, message: "Broken pipe" }

thread 'tokio-rt-worker' (1219376) panicked at tools/nanospam/src/app.rs:330:63:
called `Result::unwrap()` on an `Err` value: Os { code: 32, kind: BrokenPipe, message: "Broken pipe" }

thread 'tokio-rt-worker' (1219375) panicked at tools/nanospam/src/app.rs:330:63:
called `Result::unwrap()` on an `Err` value: Os { code: 32, kind: BrokenPipe, message: "Broken pipe" }

thread 'tokio-rt-worker' (1219373) panicked at tools/nanospam/src/app.rs:330:63:
called `Result::unwrap()` on an `Err` value: Os { code: 32, kind: BrokenPipe, message: "Broken pipe" }

thread 'tokio-rt-worker' (1219373) panicked at tools/nanospam/src/app.rs:330:63:
called `Result::unwrap()` on an `Err` value: Os { code: 32, kind: BrokenPipe, message: "Broken pipe" }

thread 'tokio-rt-worker' (1219375) panicked at tools/nanospam/src/app.rs:330:63:
called `Result::unwrap()` on an `Err` value: Os { code: 32, kind: BrokenPipe, message: "Broken pipe" }

thread 'tokio-rt-worker' (1219376) panicked at tools/nanospam/src/app.rs:330:63:
called `Result::unwrap()` on an `Err` value: Os { code: 32, kind: BrokenPipe, message: "Broken pipe" }

thread 'tokio-rt-worker' (1220916) panicked at tools/nanospam/src/app.rs:330:63:
called `Result::unwrap()` on an `Err` value: Os { code: 32, kind: BrokenPipe, message: "Broken pipe" }

thread 'tokio-rt-worker' (1219373) panicked at tools/nanospam/src/app.rs:330:63:
called `Result::unwrap()` on an `Err` value: Os { code: 32, kind: BrokenPipe, message: "Broken pipe" }

thread 'tokio-rt-worker' (1219373) panicked at tools/nanospam/src/app.rs:330:63:
called `Result::unwrap()` on an `Err` value: Os { code: 32, kind: BrokenPipe, message: "Broken pipe" }

thread 'tokio-rt-worker' (1219375) panicked at tools/nanospam/src/app.rs:330:63:
called `Result::unwrap()` on an `Err` value: Os { code: 32, kind: BrokenPipe, message: "Broken pipe" }

thread 'tokio-rt-worker' (1219376) panicked at tools/nanospam/src/app.rs:330:63:
called `Result::unwrap()` on an `Err` value: Os { code: 32, kind: BrokenPipe, message: "Broken pipe" }

thread 'tokio-rt-worker' (1219373) panicked at tools/nanospam/src/app.rs:330:63:
called `Result::unwrap()` on an `Err` value: Os { code: 32, kind: BrokenPipe, message: "Broken pipe" }

thread 'tokio-rt-worker' (1220916) panicked at tools/nanospam/src/app.rs:330:63:
called `Result::unwrap()` on an `Err` value: Os { code: 32, kind: BrokenPipe, message: "Broken pipe" }

thread 'tokio-rt-worker' (1220916) panicked at tools/nanospam/src/app.rs:330:63:
called `Result::unwrap()` on an `Err` value: Os { code: 32, kind: BrokenPipe, message: "Broken pipe" }

thread 'tokio-rt-worker' (1219373) panicked at tools/nanospam/src/app.rs:330:63:
called `Result::unwrap()` on an `Err` value: Os { code: 32, kind: BrokenPipe, message: "Broken pipe" }

thread 'tokio-rt-worker' (1219376) panicked at tools/nanospam/src/app.rs:330:63:
called `Result::unwrap()` on an `Err` value: Os { code: 32, kind: BrokenPipe, message: "Broken pipe" }

thread 'tokio-rt-worker' (1219375) panicked at tools/nanospam/src/app.rs:330:63:
called `Result::unwrap()` on an `Err` value: Os { code: 32, kind: BrokenPipe, message: "Broken pipe" }

thread 'tokio-rt-worker' (1220916) panicked at tools/nanospam/src/app.rs:330:63:
called `Result::unwrap()` on an `Err` value: Os { code: 32, kind: BrokenPipe, message: "Broken pipe" }

thread 'tokio-rt-worker' (1220916) panicked at tools/nanospam/src/app.rs:330:63:
called `Result::unwrap()` on an `Err` value: Os { code: 32, kind: BrokenPipe, message: "Broken pipe" }

thread 'tokio-rt-worker' (1219375) panicked at tools/nanospam/src/app.rs:330:63:
called `Result::unwrap()` on an `Err` value: Os { code: 32, kind: BrokenPipe, message: "Broken pipe" }

thread 'tokio-rt-worker' (1219376) panicked at tools/nanospam/src/app.rs:330:63:
called `Result::unwrap()` on an `Err` value: Os { code: 32, kind: BrokenPipe, message: "Broken pipe" }

thread 'tokio-rt-worker' (1220916) panicked at tools/nanospam/src/app.rs:330:63:
called `Result::unwrap()` on an `Err` value: Os { code: 32, kind: BrokenPipe, message: "Broken pipe" }

thread 'tokio-rt-worker' (1219375) panicked at tools/nanospam/src/app.rs:330:63:
called `Result::unwrap()` on an `Err` value: Os { code: 32, kind: BrokenPipe, message: "Broken pipe" }

thread 'tokio-rt-worker' (1219375) panicked at tools/nanospam/src/app.rs:330:63:
called `Result::unwrap()` on an `Err` value: Os { code: 32, kind: BrokenPipe, message: "Broken pipe" }

thread 'tokio-rt-worker' (1220916) panicked at tools/nanospam/src/app.rs:330:63:
called `Result::unwrap()` on an `Err` value: Os { code: 32, kind: BrokenPipe, message: "Broken pipe" }

thread 'tokio-rt-worker' (1219373) panicked at tools/nanospam/src/app.rs:330:63:
called `Result::unwrap()` on an `Err` value: Os { code: 32, kind: BrokenPipe, message: "Broken pipe" }

thread 'tokio-rt-worker' (1219376) panicked at tools/nanospam/src/app.rs:330:63:
called `Result::unwrap()` on an `Err` value: Os { code: 32, kind: BrokenPipe, message: "Broken pipe" }

thread 'tokio-rt-worker' (1219375) panicked at tools/nanospam/src/app.rs:330:63:
called `Result::unwrap()` on an `Err` value: Os { code: 32, kind: BrokenPipe, message: "Broken pipe" }

thread 'tokio-rt-worker' (1219375) panicked at tools/nanospam/src/app.rs:330:63:
called `Result::unwrap()` on an `Err` value: Os { code: 32, kind: BrokenPipe, message: "Broken pipe" }

thread 'tokio-rt-worker' (1219373) panicked at tools/nanospam/src/app.rs:330:63:
called `Result::unwrap()` on an `Err` value: Os { code: 32, kind: BrokenPipe, message: "Broken pipe" }

thread 'tokio-rt-worker' (1219376) panicked at tools/nanospam/src/app.rs:330:63:
called `Result::unwrap()` on an `Err` value: Os { code: 32, kind: BrokenPipe, message: "Broken pipe" }

thread 'tokio-rt-worker' (1220916) panicked at tools/nanospam/src/app.rs:330:63:
called `Result::unwrap()` on an `Err` value: Os { code: 32, kind: BrokenPipe, message: "Broken pipe" }

thread 'tokio-rt-worker' (1219375) panicked at tools/nanospam/src/app.rs:330:63:
called `Result::unwrap()` on an `Err` value: Os { code: 32, kind: BrokenPipe, message: "Broken pipe" }

thread 'tokio-rt-worker' (1219375) panicked at tools/nanospam/src/app.rs:330:63:
called `Result::unwrap()` on an `Err` value: Os { code: 32, kind: BrokenPipe, message: "Broken pipe" }

thread 'tokio-rt-worker' (1220916) panicked at tools/nanospam/src/app.rs:330:63:
called `Result::unwrap()` on an `Err` value: Os { code: 32, kind: BrokenPipe, message: "Broken pipe" }

thread 'tokio-rt-worker' (1219376) panicked at tools/nanospam/src/app.rs:330:63:
called `Result::unwrap()` on an `Err` value: Os { code: 32, kind: BrokenPipe, message: "Broken pipe" }

thread 'tokio-rt-worker' (1219373) panicked at tools/nanospam/src/app.rs:330:63:
called `Result::unwrap()` on an `Err` value: Os { code: 32, kind: BrokenPipe, message: "Broken pipe" }

thread 'tokio-rt-worker' (1219375) panicked at tools/nanospam/src/app.rs:330:63:
called `Result::unwrap()` on an `Err` value: Os { code: 32, kind: BrokenPipe, message: "Broken pipe" }

thread 'tokio-rt-worker' (1219373) panicked at tools/nanospam/src/app.rs:330:63:
called `Result::unwrap()` on an `Err` value: Os { code: 32, kind: BrokenPipe, message: "Broken pipe" }

thread 'tokio-rt-worker' (1219376) panicked at tools/nanospam/src/app.rs:330:63:
called `Result::unwrap()` on an `Err` value: Os { code: 32, kind: BrokenPipe, message: "Broken pipe" }

thread 'tokio-rt-worker' (1220925) panicked at tools/nanospam/src/app.rs:330:63:
called `Result::unwrap()` on an `Err` value: Os { code: 32, kind: BrokenPipe, message: "Broken pipe" }

thread 'tokio-rt-worker' (1219375) panicked at tools/nanospam/src/app.rs:330:63:
called `Result::unwrap()` on an `Err` value: Os { code: 32, kind: BrokenPipe, message: "Broken pipe" }

thread 'tokio-rt-worker' (1219373) panicked at tools/nanospam/src/app.rs:330:63:
called `Result::unwrap()` on an `Err` value: Os { code: 32, kind: BrokenPipe, message: "Broken pipe" }

thread 'tokio-rt-worker' (1219375) panicked at tools/nanospam/src/app.rs:330:63:
called `Result::unwrap()` on an `Err` value: Os { code: 32, kind: BrokenPipe, message: "Broken pipe" }

thread 'tokio-rt-worker' (1219373) panicked at tools/nanospam/src/app.rs:330:63:
called `Result::unwrap()` on an `Err` value: Os { code: 32, kind: BrokenPipe, message: "Broken pipe" }

thread 'tokio-rt-worker' (1219376) panicked at tools/nanospam/src/app.rs:330:63:
called `Result::unwrap()` on an `Err` value: Os { code: 32, kind: BrokenPipe, message: "Broken pipe" }

thread 'tokio-rt-worker' (1220925) panicked at tools/nanospam/src/app.rs:330:63:
called `Result::unwrap()` on an `Err` value: Os { code: 32, kind: BrokenPipe, message: "Broken pipe" }

thread 'tokio-rt-worker' (1219375) panicked at tools/nanospam/src/app.rs:330:63:
called `Result::unwrap()` on an `Err` value: Os { code: 32, kind: BrokenPipe, message: "Broken pipe" }

thread 'tokio-rt-worker' (1219375) panicked at tools/nanospam/src/app.rs:330:63:
called `Result::unwrap()` on an `Err` value: Os { code: 32, kind: BrokenPipe, message: "Broken pipe" }

thread 'tokio-rt-worker' (1220925) panicked at tools/nanospam/src/app.rs:330:63:
called `Result::unwrap()` on an `Err` value: Os { code: 32, kind: BrokenPipe, message: "Broken pipe" }

thread 'tokio-rt-worker' (1219373) panicked at tools/nanospam/src/app.rs:330:63:
called `Result::unwrap()` on an `Err` value: Os { code: 32, kind: BrokenPipe, message: "Broken pipe" }

thread 'tokio-rt-worker' (1219376) panicked at tools/nanospam/src/app.rs:330:63:
called `Result::unwrap()` on an `Err` value: Os { code: 32, kind: BrokenPipe, message: "Broken pipe" }

thread 'tokio-rt-worker' (1219375) panicked at tools/nanospam/src/app.rs:330:63:
called `Result::unwrap()` on an `Err` value: Os { code: 32, kind: BrokenPipe, message: "Broken pipe" }

thread 'tokio-rt-worker' (1219375) panicked at tools/nanospam/src/app.rs:330:63:
called `Result::unwrap()` on an `Err` value: Os { code: 32, kind: BrokenPipe, message: "Broken pipe" }

thread 'tokio-rt-worker' (1219373) panicked at tools/nanospam/src/app.rs:330:63:
called `Result::unwrap()` on an `Err` value: Os { code: 32, kind: BrokenPipe, message: "Broken pipe" }

thread 'tokio-rt-worker' (1220925) panicked at tools/nanospam/src/app.rs:330:63:
called `Result::unwrap()` on an `Err` value: Os { code: 32, kind: BrokenPipe, message: "Broken pipe" }

thread 'tokio-rt-worker' (1219376) panicked at tools/nanospam/src/app.rs:330:63:
called `Result::unwrap()` on an `Err` value: Os { code: 32, kind: BrokenPipe, message: "Broken pipe" }

thread 'tokio-rt-worker' (1219375) panicked at tools/nanospam/src/app.rs:330:63:
called `Result::unwrap()` on an `Err` value: Os { code: 32, kind: BrokenPipe, message: "Broken pipe" }

thread 'tokio-rt-worker' (1219375) panicked at tools/nanospam/src/app.rs:330:63:
called `Result::unwrap()` on an `Err` value: Os { code: 32, kind: BrokenPipe, message: "Broken pipe" }

thread 'tokio-rt-worker' (1219376) panicked at tools/nanospam/src/app.rs:330:63:
called `Result::unwrap()` on an `Err` value: Os { code: 32, kind: BrokenPipe, message: "Broken pipe" }

thread 'tokio-rt-worker' (1219373) panicked at tools/nanospam/src/app.rs:330:63:
called `Result::unwrap()` on an `Err` value: Os { code: 32, kind: BrokenPipe, message: "Broken pipe" }

thread 'tokio-rt-worker' (1220925) panicked at tools/nanospam/src/app.rs:330:63:
called `Result::unwrap()` on an `Err` value: Os { code: 32, kind: BrokenPipe, message: "Broken pipe" }

thread 'tokio-rt-worker' (1219375) panicked at tools/nanospam/src/app.rs:330:63:
called `Result::unwrap()` on an `Err` value: Os { code: 32, kind: BrokenPipe, message: "Broken pipe" }

thread 'tokio-rt-worker' (1219375) panicked at tools/nanospam/src/app.rs:330:63:
called `Result::unwrap()` on an `Err` value: Os { code: 32, kind: BrokenPipe, message: "Broken pipe" }

thread 'tokio-rt-worker' (1220925) panicked at tools/nanospam/src/app.rs:330:63:
called `Result::unwrap()` on an `Err` value: Os { code: 32, kind: BrokenPipe, message: "Broken pipe" }

thread 'tokio-rt-worker' (1219373) panicked at tools/nanospam/src/app.rs:330:63:
called `Result::unwrap()` on an `Err` value: Os { code: 32, kind: BrokenPipe, message: "Broken pipe" }

thread 'tokio-rt-worker' (1219376) panicked at tools/nanospam/src/app.rs:330:63:
called `Result::unwrap()` on an `Err` value: Os { code: 32, kind: BrokenPipe, message: "Broken pipe" }

thread 'tokio-rt-worker' (1219375) panicked at tools/nanospam/src/app.rs:330:63:
called `Result::unwrap()` on an `Err` value: Os { code: 32, kind: BrokenPipe, message: "Broken pipe" }

thread 'tokio-rt-worker' (1219375) panicked at tools/nanospam/src/app.rs:330:63:
called `Result::unwrap()` on an `Err` value: Os { code: 32, kind: BrokenPipe, message: "Broken pipe" }

thread 'tokio-rt-worker' (1219376) panicked at tools/nanospam/src/app.rs:330:63:
called `Result::unwrap()` on an `Err` value: Os { code: 32, kind: BrokenPipe, message: "Broken pipe" }

thread 'tokio-rt-worker' (1219373) panicked at tools/nanospam/src/app.rs:330:63:
called `Result::unwrap()` on an `Err` value: Os { code: 32, kind: BrokenPipe, message: "Broken pipe" }

thread 'tokio-rt-worker' (1220925) panicked at tools/nanospam/src/app.rs:330:63:
called `Result::unwrap()` on an `Err` value: Os { code: 32, kind: BrokenPipe, message: "Broken pipe" }

thread 'tokio-rt-worker' (1219375) panicked at tools/nanospam/src/app.rs:330:63:
called `Result::unwrap()` on an `Err` value: Os { code: 32, kind: BrokenPipe, message: "Broken pipe" }

thread 'tokio-rt-worker' (1219375) panicked at tools/nanospam/src/app.rs:330:63:
called `Result::unwrap()` on an `Err` value: Os { code: 32, kind: BrokenPipe, message: "Broken pipe" }

thread 'tokio-rt-worker' (1220925) panicked at tools/nanospam/src/app.rs:330:63:
called `Result::unwrap()` on an `Err` value: Os { code: 32, kind: BrokenPipe, message: "Broken pipe" }

thread 'tokio-rt-worker' (1219373) panicked at tools/nanospam/src/app.rs:330:63:
called `Result::unwrap()` on an `Err` value: Os { code: 32, kind: BrokenPipe, message: "Broken pipe" }

thread 'tokio-rt-worker' (1219376) panicked at tools/nanospam/src/app.rs:330:63:
called `Result::unwrap()` on an `Err` value: Os { code: 32, kind: BrokenPipe, message: "Broken pipe" }

thread 'tokio-rt-worker' (1219375) panicked at tools/nanospam/src/app.rs:330:63:
called `Result::unwrap()` on an `Err` value: Os { code: 32, kind: BrokenPipe, message: "Broken pipe" }

thread 'tokio-rt-worker' (1219375) panicked at tools/nanospam/src/app.rs:330:63:
called `Result::unwrap()` on an `Err` value: Os { code: 32, kind: BrokenPipe, message: "Broken pipe" }

thread 'tokio-rt-worker' (1219373) panicked at tools/nanospam/src/app.rs:330:63:
called `Result::unwrap()` on an `Err` value: Os { code: 32, kind: BrokenPipe, message: "Broken pipe" }

thread 'tokio-rt-worker' (1220925) panicked at tools/nanospam/src/app.rs:330:63:
called `Result::unwrap()` on an `Err` value: Os { code: 32, kind: BrokenPipe, message: "Broken pipe" }

thread 'tokio-rt-worker' (1219376) panicked at tools/nanospam/src/app.rs:330:63:
called `Result::unwrap()` on an `Err` value: Os { code: 32, kind: BrokenPipe, message: "Broken pipe" }

thread 'tokio-rt-worker' (1219375) panicked at tools/nanospam/src/app.rs:330:63:
called `Result::unwrap()` on an `Err` value: Os { code: 32, kind: BrokenPipe, message: "Broken pipe" }

thread 'tokio-rt-worker' (1219375) panicked at tools/nanospam/src/app.rs:330:63:
called `Result::unwrap()` on an `Err` value: Os { code: 32, kind: BrokenPipe, message: "Broken pipe" }

thread 'tokio-rt-worker' (1219376) panicked at tools/nanospam/src/app.rs:330:63:
called `Result::unwrap()` on an `Err` value: Os { code: 32, kind: BrokenPipe, message: "Broken pipe" }

thread 'tokio-rt-worker' (1220925) panicked at tools/nanospam/src/app.rs:330:63:
called `Result::unwrap()` on an `Err` value: Os { code: 32, kind: BrokenPipe, message: "Broken pipe" }

thread 'tokio-rt-worker' (1219373) panicked at tools/nanospam/src/app.rs:330:63:
called `Result::unwrap()` on an `Err` value: Os { code: 32, kind: BrokenPipe, message: "Broken pipe" }

thread 'tokio-rt-worker' (1219375) panicked at tools/nanospam/src/app.rs:330:63:
called `Result::unwrap()` on an `Err` value: Os { code: 32, kind: BrokenPipe, message: "Broken pipe" }

thread 'tokio-rt-worker' (1219375) panicked at tools/nanospam/src/app.rs:330:63:
called `Result::unwrap()` on an `Err` value: Os { code: 32, kind: BrokenPipe, message: "Broken pipe" }

thread 'tokio-rt-worker' (1220925) panicked at tools/nanospam/src/app.rs:330:63:
called `Result::unwrap()` on an `Err` value: Os { code: 32, kind: BrokenPipe, message: "Broken pipe" }

thread 'tokio-rt-worker' (1219373) panicked at tools/nanospam/src/app.rs:330:63:
called `Result::unwrap()` on an `Err` value: Os { code: 32, kind: BrokenPipe, message: "Broken pipe" }

thread 'tokio-rt-worker' (1219376) panicked at tools/nanospam/src/app.rs:330:63:
called `Result::unwrap()` on an `Err` value: Os { code: 32, kind: BrokenPipe, message: "Broken pipe" }

thread 'tokio-rt-worker' (1219375) panicked at tools/nanospam/src/app.rs:330:63:
called `Result::unwrap()` on an `Err` value: Os { code: 32, kind: BrokenPipe, message: "Broken pipe" }

thread 'tokio-rt-worker' (1219375) panicked at tools/nanospam/src/app.rs:330:63:
called `Result::unwrap()` on an `Err` value: Os { code: 32, kind: BrokenPipe, message: "Broken pipe" }

thread 'tokio-rt-worker' (1219376) panicked at tools/nanospam/src/app.rs:330:63:
called `Result::unwrap()` on an `Err` value: Os { code: 32, kind: BrokenPipe, message: "Broken pipe" }

thread 'tokio-rt-worker' (1220925) panicked at tools/nanospam/src/app.rs:330:63:
called `Result::unwrap()` on an `Err` value: Os { code: 32, kind: BrokenPipe, message: "Broken pipe" }

thread 'tokio-rt-worker' (1219375) panicked at tools/nanospam/src/app.rs:330:63:
called `Result::unwrap()` on an `Err` value: Os { code: 32, kind: BrokenPipe, message: "Broken pipe" }

thread 'tokio-rt-worker' (1219373) panicked at tools/nanospam/src/app.rs:330:63:
called `Result::unwrap()` on an `Err` value: Os { code: 32, kind: BrokenPipe, message: "Broken pipe" }

thread 'tokio-rt-worker' (1219373) panicked at tools/nanospam/src/app.rs:330:63:
called `Result::unwrap()` on an `Err` value: Os { code: 32, kind: BrokenPipe, message: "Broken pipe" }

thread 'tokio-rt-worker' (1219375) panicked at tools/nanospam/src/app.rs:330:63:
called `Result::unwrap()` on an `Err` value: Os { code: 32, kind: BrokenPipe, message: "Broken pipe" }

thread 'tokio-rt-worker' (1220925) panicked at tools/nanospam/src/app.rs:330:63:
called `Result::unwrap()` on an `Err` value: Os { code: 32, kind: BrokenPipe, message: "Broken pipe" }

thread 'tokio-rt-worker' (1219376) panicked at tools/nanospam/src/app.rs:330:63:
called `Result::unwrap()` on an `Err` value: Os { code: 32, kind: BrokenPipe, message: "Broken pipe" }

thread 'tokio-rt-worker' (1219373) panicked at tools/nanospam/src/app.rs:330:63:
called `Result::unwrap()` on an `Err` value: Os { code: 32, kind: BrokenPipe, message: "Broken pipe" }

thread 'tokio-rt-worker' (1219373) panicked at tools/nanospam/src/app.rs:330:63:
called `Result::unwrap()` on an `Err` value: Os { code: 32, kind: BrokenPipe, message: "Broken pipe" }

thread 'tokio-rt-worker' (1219376) panicked at tools/nanospam/src/app.rs:330:63:
called `Result::unwrap()` on an `Err` value: Os { code: 32, kind: BrokenPipe, message: "Broken pipe" }

thread 'tokio-rt-worker' (1220925) panicked at tools/nanospam/src/app.rs:330:63:
called `Result::unwrap()` on an `Err` value: Os { code: 32, kind: BrokenPipe, message: "Broken pipe" }

thread 'tokio-rt-worker' (1219375) panicked at tools/nanospam/src/app.rs:330:63:
called `Result::unwrap()` on an `Err` value: Os { code: 32, kind: BrokenPipe, message: "Broken pipe" }

thread 'tokio-rt-worker' (1219373) panicked at tools/nanospam/src/app.rs:330:63:
called `Result::unwrap()` on an `Err` value: Os { code: 32, kind: BrokenPipe, message: "Broken pipe" }

thread 'tokio-rt-worker' (1219373) panicked at tools/nanospam/src/app.rs:330:63:
called `Result::unwrap()` on an `Err` value: Os { code: 32, kind: BrokenPipe, message: "Broken pipe" }

thread 'tokio-rt-worker' (1220925) panicked at tools/nanospam/src/app.rs:330:63:
called `Result::unwrap()` on an `Err` value: Os { code: 32, kind: BrokenPipe, message: "Broken pipe" }

thread 'tokio-rt-worker' (1219375) panicked at tools/nanospam/src/app.rs:330:63:
called `Result::unwrap()` on an `Err` value: Os { code: 32, kind: BrokenPipe, message: "Broken pipe" }

thread 'tokio-rt-worker' (1219376) panicked at tools/nanospam/src/app.rs:330:63:
called `Result::unwrap()` on an `Err` value: Os { code: 32, kind: BrokenPipe, message: "Broken pipe" }

thread 'tokio-rt-worker' (1219373) panicked at tools/nanospam/src/app.rs:330:63:
called `Result::unwrap()` on an `Err` value: Os { code: 32, kind: BrokenPipe, message: "Broken pipe" }

thread 'tokio-rt-worker' (1219373) panicked at tools/nanospam/src/app.rs:330:63:
called `Result::unwrap()` on an `Err` value: Os { code: 32, kind: BrokenPipe, message: "Broken pipe" }

thread 'tokio-rt-worker' (1219376) panicked at tools/nanospam/src/app.rs:330:63:
called `Result::unwrap()` on an `Err` value: Os { code: 32, kind: BrokenPipe, message: "Broken pipe" }

thread 'tokio-rt-worker' (1219375) panicked at tools/nanospam/src/app.rs:330:63:
called `Result::unwrap()` on an `Err` value: Os { code: 32, kind: BrokenPipe, message: "Broken pipe" }

thread 'tokio-rt-worker' (1220925) panicked at tools/nanospam/src/app.rs:330:63:
called `Result::unwrap()` on an `Err` value: Os { code: 32, kind: BrokenPipe, message: "Broken pipe" }

thread 'tokio-rt-worker' (1219373) panicked at tools/nanospam/src/app.rs:330:63:
called `Result::unwrap()` on an `Err` value: Os { code: 32, kind: BrokenPipe, message: "Broken pipe" }

thread 'tokio-rt-worker' (1219373) panicked at tools/nanospam/src/app.rs:330:63:
called `Result::unwrap()` on an `Err` value: Os { code: 32, kind: BrokenPipe, message: "Broken pipe" }

thread 'tokio-rt-worker' (1220925) panicked at tools/nanospam/src/app.rs:330:63:
called `Result::unwrap()` on an `Err` value: Os { code: 32, kind: BrokenPipe, message: "Broken pipe" }

thread 'tokio-rt-worker' (1219375) panicked at tools/nanospam/src/app.rs:330:63:
called `Result::unwrap()` on an `Err` value: Os { code: 32, kind: BrokenPipe, message: "Broken pipe" }

thread 'tokio-rt-worker' (1219376) panicked at tools/nanospam/src/app.rs:330:63:
called `Result::unwrap()` on an `Err` value: Os { code: 32, kind: BrokenPipe, message: "Broken pipe" }

thread 'tokio-rt-worker' (1219373) panicked at tools/nanospam/src/app.rs:330:63:
called `Result::unwrap()` on an `Err` value: Os { code: 32, kind: BrokenPipe, message: "Broken pipe" }

thread 'tokio-rt-worker' (1219373) panicked at tools/nanospam/src/app.rs:330:63:
called `Result::unwrap()` on an `Err` value: Os { code: 32, kind: BrokenPipe, message: "Broken pipe" }

thread 'tokio-rt-worker' (1219376) panicked at tools/nanospam/src/app.rs:330:63:
called `Result::unwrap()` on an `Err` value: Os { code: 32, kind: BrokenPipe, message: "Broken pipe" }

thread 'tokio-rt-worker' (1219375) panicked at tools/nanospam/src/app.rs:330:63:
called `Result::unwrap()` on an `Err` value: Os { code: 32, kind: BrokenPipe, message: "Broken pipe" }

thread 'tokio-rt-worker' (1220925) panicked at tools/nanospam/src/app.rs:330:63:
called `Result::unwrap()` on an `Err` value: Os { code: 32, kind: BrokenPipe, message: "Broken pipe" }

thread 'tokio-rt-worker' (1219373) panicked at tools/nanospam/src/app.rs:330:63:
called `Result::unwrap()` on an `Err` value: Os { code: 32, kind: BrokenPipe, message: "Broken pipe" }

thread 'tokio-rt-worker' (1219373) panicked at tools/nanospam/src/app.rs:330:63:
called `Result::unwrap()` on an `Err` value: Os { code: 32, kind: BrokenPipe, message: "Broken pipe" }

thread 'tokio-rt-worker' (1219375) panicked at tools/nanospam/src/app.rs:330:63:
called `Result::unwrap()` on an `Err` value: Os { code: 32, kind: BrokenPipe, message: "Broken pipe" }

thread 'tokio-rt-worker' (1219376) panicked at tools/nanospam/src/app.rs:330:63:
called `Result::unwrap()` on an `Err` value: Os { code: 32, kind: BrokenPipe, message: "Broken pipe" }

thread 'tokio-rt-worker' (1219373) panicked at tools/nanospam/src/app.rs:330:63:
called `Result::unwrap()` on an `Err` value: Os { code: 32, kind: BrokenPipe, message: "Broken pipe" }

thread 'tokio-rt-worker' (1220925) panicked at tools/nanospam/src/app.rs:330:63:
called `Result::unwrap()` on an `Err` value: Os { code: 32, kind: BrokenPipe, message: "Broken pipe" }

thread 'tokio-rt-worker' (1220925) panicked at tools/nanospam/src/app.rs:330:63:
called `Result::unwrap()` on an `Err` value: Os { code: 32, kind: BrokenPipe, message: "Broken pipe" }

thread 'tokio-rt-worker' (1219373) panicked at tools/nanospam/src/app.rs:330:63:
called `Result::unwrap()` on an `Err` value: Os { code: 32, kind: BrokenPipe, message: "Broken pipe" }

thread 'tokio-rt-worker' (1219376) panicked at tools/nanospam/src/app.rs:330:63:
called `Result::unwrap()` on an `Err` value: Os { code: 32, kind: BrokenPipe, message: "Broken pipe" }

thread 'tokio-rt-worker' (1220925) panicked at tools/nanospam/src/app.rs:330:63:
called `Result::unwrap()` on an `Err` value: Os { code: 32, kind: BrokenPipe, message: "Broken pipe" }

thread 'tokio-rt-worker' (1219373) panicked at tools/nanospam/src/app.rs:330:63:
called `Result::unwrap()` on an `Err` value: Os { code: 32, kind: BrokenPipe, message: "Broken pipe" }

thread 'tokio-rt-worker' (1219373) panicked at tools/nanospam/src/app.rs:330:63:
called `Result::unwrap()` on an `Err` value: Os { code: 32, kind: BrokenPipe, message: "Broken pipe" }

thread 'tokio-rt-worker' (1220925) panicked at tools/nanospam/src/app.rs:330:63:
called `Result::unwrap()` on an `Err` value: Os { code: 32, kind: BrokenPipe, message: "Broken pipe" }

thread 'tokio-rt-worker' (1219375) panicked at tools/nanospam/src/app.rs:330:63:
called `Result::unwrap()` on an `Err` value: Os { code: 32, kind: BrokenPipe, message: "Broken pipe" }

thread 'tokio-rt-worker' (1219376) panicked at tools/nanospam/src/app.rs:330:63:
called `Result::unwrap()` on an `Err` value: Os { code: 32, kind: BrokenPipe, message: "Broken pipe" }

thread 'tokio-rt-worker' (1219373) panicked at tools/nanospam/src/app.rs:330:63:
called `Result::unwrap()` on an `Err` value: Os { code: 32, kind: BrokenPipe, message: "Broken pipe" }

thread 'tokio-rt-worker' (1219373) panicked at tools/nanospam/src/app.rs:330:63:
called `Result::unwrap()` on an `Err` value: Os { code: 32, kind: BrokenPipe, message: "Broken pipe" }

thread 'tokio-rt-worker' (1219376) panicked at tools/nanospam/src/app.rs:330:63:
called `Result::unwrap()` on an `Err` value: Os { code: 32, kind: BrokenPipe, message: "Broken pipe" }

thread 'tokio-rt-worker' (1219375) panicked at tools/nanospam/src/app.rs:330:63:
called `Result::unwrap()` on an `Err` value: Os { code: 32, kind: BrokenPipe, message: "Broken pipe" }

thread 'tokio-rt-worker' (1220925) panicked at tools/nanospam/src/app.rs:330:63:
called `Result::unwrap()` on an `Err` value: Os { code: 32, kind: BrokenPipe, message: "Broken pipe" }

thread 'tokio-rt-worker' (1219373) panicked at tools/nanospam/src/app.rs:330:63:
called `Result::unwrap()` on an `Err` value: Os { code: 32, kind: BrokenPipe, message: "Broken pipe" }

thread 'tokio-rt-worker' (1219373) panicked at tools/nanospam/src/app.rs:330:63:
called `Result::unwrap()` on an `Err` value: Os { code: 32, kind: BrokenPipe, message: "Broken pipe" }

thread 'tokio-rt-worker' (1220925) panicked at tools/nanospam/src/app.rs:330:63:
called `Result::unwrap()` on an `Err` value: Os { code: 32, kind: BrokenPipe, message: "Broken pipe" }

thread 'tokio-rt-worker' (1219375) panicked at tools/nanospam/src/app.rs:330:63:
called `Result::unwrap()` on an `Err` value: Os { code: 32, kind: BrokenPipe, message: "Broken pipe" }

thread 'tokio-rt-worker' (1219376) panicked at tools/nanospam/src/app.rs:330:63:
called `Result::unwrap()` on an `Err` value: Os { code: 32, kind: BrokenPipe, message: "Broken pipe" }

thread 'tokio-rt-worker' (1219373) panicked at tools/nanospam/src/app.rs:330:63:
called `Result::unwrap()` on an `Err` value: Os { code: 32, kind: BrokenPipe, message: "Broken pipe" }

thread 'tokio-rt-worker' (1219373) panicked at tools/nanospam/src/app.rs:330:63:
called `Result::unwrap()` on an `Err` value: Os { code: 32, kind: BrokenPipe, message: "Broken pipe" }

thread 'tokio-rt-worker' (1219376) panicked at tools/nanospam/src/app.rs:330:63:
called `Result::unwrap()` on an `Err` value: Os { code: 32, kind: BrokenPipe, message: "Broken pipe" }

thread 'tokio-rt-worker' (1219375) panicked at tools/nanospam/src/app.rs:330:63:
called `Result::unwrap()` on an `Err` value: Os { code: 32, kind: BrokenPipe, message: "Broken pipe" }

thread 'tokio-rt-worker' (1220925) panicked at tools/nanospam/src/app.rs:330:63:
called `Result::unwrap()` on an `Err` value: Os { code: 32, kind: BrokenPipe, message: "Broken pipe" }

thread 'tokio-rt-worker' (1219373) panicked at tools/nanospam/src/app.rs:330:63:
called `Result::unwrap()` on an `Err` value: Os { code: 32, kind: BrokenPipe, message: "Broken pipe" }

thread 'tokio-rt-worker' (1219373) panicked at tools/nanospam/src/app.rs:330:63:
called `Result::unwrap()` on an `Err` value: Os { code: 32, kind: BrokenPipe, message: "Broken pipe" }

thread 'tokio-rt-worker' (1220925) panicked at tools/nanospam/src/app.rs:330:63:
called `Result::unwrap()` on an `Err` value: Os { code: 32, kind: BrokenPipe, message: "Broken pipe" }

thread 'tokio-rt-worker' (1219375) panicked at tools/nanospam/src/app.rs:330:63:
called `Result::unwrap()` on an `Err` value: Os { code: 32, kind: BrokenPipe, message: "Broken pipe" }

thread 'tokio-rt-worker' (1219376) panicked at tools/nanospam/src/app.rs:330:63:
called `Result::unwrap()` on an `Err` value: Os { code: 32, kind: BrokenPipe, message: "Broken pipe" }

thread 'tokio-rt-worker' (1219373) panicked at tools/nanospam/src/app.rs:330:63:
called `Result::unwrap()` on an `Err` value: Os { code: 32, kind: BrokenPipe, message: "Broken pipe" }

thread 'tokio-rt-worker' (1219376) panicked at tools/nanospam/src/app.rs:330:63:
called `Result::unwrap()` on an `Err` value: Os { code: 32, kind: BrokenPipe, message: "Broken pipe" }

thread 'tokio-rt-worker' (1221115) panicked at tools/nanospam/src/app.rs:330:63:
called `Result::unwrap()` on an `Err` value: Os { code: 32, kind: BrokenPipe, message: "Broken pipe" }

thread 'tokio-rt-worker' (1219375) panicked at tools/nanospam/src/app.rs:330:63:
called `Result::unwrap()` on an `Err` value: Os { code: 32, kind: BrokenPipe, message: "Broken pipe" }

thread 'tokio-rt-worker' (1219376) panicked at tools/nanospam/src/app.rs:330:63:
called `Result::unwrap()` on an `Err` value: Os { code: 32, kind: BrokenPipe, message: "Broken pipe" }

thread 'tokio-rt-worker' (1219373) panicked at tools/nanospam/src/app.rs:330:63:
called `Result::unwrap()` on an `Err` value: Os { code: 32, kind: BrokenPipe, message: "Broken pipe" }

thread 'tokio-rt-worker' (1219373) panicked at tools/nanospam/src/app.rs:330:63:
called `Result::unwrap()` on an `Err` value: Os { code: 32, kind: BrokenPipe, message: "Broken pipe" }

thread 'tokio-rt-worker' (1219376) panicked at tools/nanospam/src/app.rs:330:63:
called `Result::unwrap()` on an `Err` value: Os { code: 32, kind: BrokenPipe, message: "Broken pipe" }

thread 'tokio-rt-worker' (1219375) panicked at tools/nanospam/src/app.rs:330:63:
called `Result::unwrap()` on an `Err` value: Os { code: 32, kind: BrokenPipe, message: "Broken pipe" }

thread 'tokio-rt-worker' (1219373) panicked at tools/nanospam/src/app.rs:330:63:
called `Result::unwrap()` on an `Err` value: Os { code: 32, kind: BrokenPipe, message: "Broken pipe" }

thread 'tokio-rt-worker' (1221115) panicked at tools/nanospam/src/app.rs:330:63:
called `Result::unwrap()` on an `Err` value: Os { code: 32, kind: BrokenPipe, message: "Broken pipe" }

thread 'tokio-rt-worker' (1221115) panicked at tools/nanospam/src/app.rs:330:63:
called `Result::unwrap()` on an `Err` value: Os { code: 32, kind: BrokenPipe, message: "Broken pipe" }

thread 'tokio-rt-worker' (1219373) panicked at tools/nanospam/src/app.rs:330:63:
called `Result::unwrap()` on an `Err` value: Os { code: 32, kind: BrokenPipe, message: "Broken pipe" }

thread 'tokio-rt-worker' (1219375) panicked at tools/nanospam/src/app.rs:330:63:
called `Result::unwrap()` on an `Err` value: Os { code: 32, kind: BrokenPipe, message: "Broken pipe" }

thread 'tokio-rt-worker' (1221115) panicked at tools/nanospam/src/app.rs:330:63:
called `Result::unwrap()` on an `Err` value: Os { code: 32, kind: BrokenPipe, message: "Broken pipe" }

thread 'tokio-rt-worker' (1219376) panicked at tools/nanospam/src/app.rs:330:63:
called `Result::unwrap()` on an `Err` value: Os { code: 32, kind: BrokenPipe, message: "Broken pipe" }

thread 'tokio-rt-worker' (1219376) panicked at tools/nanospam/src/app.rs:330:63:
called `Result::unwrap()` on an `Err` value: Os { code: 32, kind: BrokenPipe, message: "Broken pipe" }

thread 'tokio-rt-worker' (1219375) panicked at tools/nanospam/src/app.rs:330:63:
called `Result::unwrap()` on an `Err` value: Os { code: 32, kind: BrokenPipe, message: "Broken pipe" }

thread 'tokio-rt-worker' (1219373) panicked at tools/nanospam/src/app.rs:330:63:
called `Result::unwrap()` on an `Err` value: Os { code: 32, kind: BrokenPipe, message: "Broken pipe" }

thread 'tokio-rt-worker' (1221115) panicked at tools/nanospam/src/app.rs:330:63:
called `Result::unwrap()` on an `Err` value: Os { code: 32, kind: BrokenPipe, message: "Broken pipe" }

thread 'tokio-rt-worker' (1219376) panicked at tools/nanospam/src/app.rs:330:63:
called `Result::unwrap()` on an `Err` value: Os { code: 32, kind: BrokenPipe, message: "Broken pipe" }

thread 'tokio-rt-worker' (1219376) panicked at tools/nanospam/src/app.rs:330:63:
called `Result::unwrap()` on an `Err` value: Os { code: 32, kind: BrokenPipe, message: "Broken pipe" }

thread 'tokio-rt-worker' (1221115) panicked at tools/nanospam/src/app.rs:330:63:
called `Result::unwrap()` on an `Err` value: Os { code: 32, kind: BrokenPipe, message: "Broken pipe" }

thread 'tokio-rt-worker' (1219373) panicked at tools/nanospam/src/app.rs:330:63:
called `Result::unwrap()` on an `Err` value: Os { code: 32, kind: BrokenPipe, message: "Broken pipe" }

thread 'tokio-rt-worker' (1219376) panicked at tools/nanospam/src/app.rs:330:63:
called `Result::unwrap()` on an `Err` value: Os { code: 32, kind: BrokenPipe, message: "Broken pipe" }

thread 'tokio-rt-worker' (1219375) panicked at tools/nanospam/src/app.rs:330:63:
called `Result::unwrap()` on an `Err` value: Os { code: 32, kind: BrokenPipe, message: "Broken pipe" }

thread 'tokio-rt-worker' (1219375) panicked at tools/nanospam/src/app.rs:330:63:
called `Result::unwrap()` on an `Err` value: Os { code: 32, kind: BrokenPipe, message: "Broken pipe" }

thread 'tokio-rt-worker' (1219373) panicked at tools/nanospam/src/app.rs:330:63:
called `Result::unwrap()` on an `Err` value: Os { code: 32, kind: BrokenPipe, message: "Broken pipe" }

thread 'tokio-rt-worker' (1221115) panicked at tools/nanospam/src/app.rs:330:63:
called `Result::unwrap()` on an `Err` value: Os { code: 32, kind: BrokenPipe, message: "Broken pipe" }

thread 'tokio-rt-worker' (1219376) panicked at tools/nanospam/src/app.rs:330:63:
called `Result::unwrap()` on an `Err` value: Os { code: 32, kind: BrokenPipe, message: "Broken pipe" }

thread 'tokio-rt-worker' (1219375) panicked at tools/nanospam/src/app.rs:330:63:
called `Result::unwrap()` on an `Err` value: Os { code: 32, kind: BrokenPipe, message: "Broken pipe" }

thread 'tokio-rt-worker' (1219376) panicked at tools/nanospam/src/app.rs:330:63:
called `Result::unwrap()` on an `Err` value: Os { code: 32, kind: BrokenPipe, message: "Broken pipe" }

thread 'tokio-rt-worker' (1219375) panicked at tools/nanospam/src/app.rs:330:63:
called `Result::unwrap()` on an `Err` value: Os { code: 32, kind: BrokenPipe, message: "Broken pipe" }

thread 'tokio-rt-worker' (1219373) panicked at tools/nanospam/src/app.rs:330:63:
called `Result::unwrap()` on an `Err` value: Os { code: 32, kind: BrokenPipe, message: "Broken pipe" }

thread 'tokio-rt-worker' (1219376) panicked at tools/nanospam/src/app.rs:330:63:
called `Result::unwrap()` on an `Err` value: Os { code: 32, kind: BrokenPipe, message: "Broken pipe" }

thread 'tokio-rt-worker' (1221115) panicked at tools/nanospam/src/app.rs:330:63:
called `Result::unwrap()` on an `Err` value: Os { code: 32, kind: BrokenPipe, message: "Broken pipe" }

thread 'tokio-rt-worker' (1221115) panicked at tools/nanospam/src/app.rs:330:63:
called `Result::unwrap()` on an `Err` value: Os { code: 32, kind: BrokenPipe, message: "Broken pipe" }

thread 'tokio-rt-worker' (1219376) panicked at tools/nanospam/src/app.rs:330:63:
called `Result::unwrap()` on an `Err` value: Os { code: 32, kind: BrokenPipe, message: "Broken pipe" }

thread 'tokio-rt-worker' (1219375) panicked at tools/nanospam/src/app.rs:330:63:
called `Result::unwrap()` on an `Err` value: Os { code: 32, kind: BrokenPipe, message: "Broken pipe" }

thread 'tokio-rt-worker' (1219373) panicked at tools/nanospam/src/app.rs:330:63:
called `Result::unwrap()` on an `Err` value: Os { code: 32, kind: BrokenPipe, message: "Broken pipe" }

thread 'tokio-rt-worker' (1221115) panicked at tools/nanospam/src/app.rs:330:63:
called `Result::unwrap()` on an `Err` value: Os { code: 32, kind: BrokenPipe, message: "Broken pipe" }

thread 'tokio-rt-worker' (1221115) panicked at tools/nanospam/src/app.rs:330:63:
called `Result::unwrap()` on an `Err` value: Os { code: 32, kind: BrokenPipe, message: "Broken pipe" }

thread 'tokio-rt-worker' (1219373) panicked at tools/nanospam/src/app.rs:330:63:
called `Result::unwrap()` on an `Err` value: Os { code: 32, kind: BrokenPipe, message: "Broken pipe" }

thread 'tokio-rt-worker' (1219376) panicked at tools/nanospam/src/app.rs:330:63:
called `Result::unwrap()` on an `Err` value: Os { code: 32, kind: BrokenPipe, message: "Broken pipe" }

thread 'tokio-rt-worker' (1221115) panicked at tools/nanospam/src/app.rs:330:63:
called `Result::unwrap()` on an `Err` value: Os { code: 32, kind: BrokenPipe, message: "Broken pipe" }

thread 'tokio-rt-worker' (1219375) panicked at tools/nanospam/src/app.rs:330:63:
called `Result::unwrap()` on an `Err` value: Os { code: 32, kind: BrokenPipe, message: "Broken pipe" }

thread 'tokio-rt-worker' (1219375) panicked at tools/nanospam/src/app.rs:330:63:
called `Result::unwrap()` on an `Err` value: Os { code: 32, kind: BrokenPipe, message: "Broken pipe" }

thread 'tokio-rt-worker' (1221115) panicked at tools/nanospam/src/app.rs:330:63:
called `Result::unwrap()` on an `Err` value: Os { code: 32, kind: BrokenPipe, message: "Broken pipe" }

thread 'tokio-rt-worker' (1219373) panicked at tools/nanospam/src/app.rs:330:63:
called `Result::unwrap()` on an `Err` value: Os { code: 32, kind: BrokenPipe, message: "Broken pipe" }

thread 'tokio-rt-worker' (1219376) panicked at tools/nanospam/src/app.rs:330:63:
called `Result::unwrap()` on an `Err` value: Os { code: 32, kind: BrokenPipe, message: "Broken pipe" }

thread 'tokio-rt-worker' (1219375) panicked at tools/nanospam/src/app.rs:330:63:
called `Result::unwrap()` on an `Err` value: Os { code: 32, kind: BrokenPipe, message: "Broken pipe" }

thread 'tokio-rt-worker' (1219375) panicked at tools/nanospam/src/app.rs:330:63:
called `Result::unwrap()` on an `Err` value: Os { code: 32, kind: BrokenPipe, message: "Broken pipe" }

thread 'tokio-rt-worker' (1219376) panicked at tools/nanospam/src/app.rs:330:63:
called `Result::unwrap()` on an `Err` value: Os { code: 32, kind: BrokenPipe, message: "Broken pipe" }

thread 'tokio-rt-worker' (1219373) panicked at tools/nanospam/src/app.rs:330:63:
called `Result::unwrap()` on an `Err` value: Os { code: 32, kind: BrokenPipe, message: "Broken pipe" }

thread 'tokio-rt-worker' (1219375) panicked at tools/nanospam/src/app.rs:330:63:
called `Result::unwrap()` on an `Err` value: Os { code: 32, kind: BrokenPipe, message: "Broken pipe" }

thread 'tokio-rt-worker' (1221115) panicked at tools/nanospam/src/app.rs:330:63:
called `Result::unwrap()` on an `Err` value: Os { code: 32, kind: BrokenPipe, message: "Broken pipe" }

thread 'tokio-rt-worker' (1221115) panicked at tools/nanospam/src/app.rs:330:63:
called `Result::unwrap()` on an `Err` value: Os { code: 32, kind: BrokenPipe, message: "Broken pipe" }

thread 'tokio-rt-worker' (1219373) panicked at tools/nanospam/src/app.rs:330:63:
called `Result::unwrap()` on an `Err` value: Os { code: 32, kind: BrokenPipe, message: "Broken pipe" }

thread 'tokio-rt-worker' (1219375) panicked at tools/nanospam/src/app.rs:330:63:
called `Result::unwrap()` on an `Err` value: Os { code: 32, kind: BrokenPipe, message: "Broken pipe" }

thread 'tokio-rt-worker' (1221115) panicked at tools/nanospam/src/app.rs:330:63:
called `Result::unwrap()` on an `Err` value: Os { code: 32, kind: BrokenPipe, message: "Broken pipe" }

thread 'tokio-rt-worker' (1219376) panicked at tools/nanospam/src/app.rs:330:63:
called `Result::unwrap()` on an `Err` value: Os { code: 32, kind: BrokenPipe, message: "Broken pipe" }

thread 'tokio-rt-worker' (1219376) panicked at tools/nanospam/src/app.rs:330:63:
called `Result::unwrap()` on an `Err` value: Os { code: 32, kind: BrokenPipe, message: "Broken pipe" }

thread 'tokio-rt-worker' (1221115) panicked at tools/nanospam/src/app.rs:330:63:
called `Result::unwrap()` on an `Err` value: Os { code: 32, kind: BrokenPipe, message: "Broken pipe" }

thread 'tokio-rt-worker' (1219375) panicked at tools/nanospam/src/app.rs:330:63:
called `Result::unwrap()` on an `Err` value: Os { code: 32, kind: BrokenPipe, message: "Broken pipe" }

thread 'tokio-rt-worker' (1219376) panicked at tools/nanospam/src/app.rs:330:63:
called `Result::unwrap()` on an `Err` value: Os { code: 32, kind: BrokenPipe, message: "Broken pipe" }

thread 'tokio-rt-worker' (1219373) panicked at tools/nanospam/src/app.rs:330:63:
called `Result::unwrap()` on an `Err` value: Os { code: 32, kind: BrokenPipe, message: "Broken pipe" }

thread 'tokio-rt-worker' (1219373) panicked at tools/nanospam/src/app.rs:330:63:
called `Result::unwrap()` on an `Err` value: Os { code: 32, kind: BrokenPipe, message: "Broken pipe" }

thread 'tokio-rt-worker' (1219376) panicked at tools/nanospam/src/app.rs:330:63:
called `Result::unwrap()` on an `Err` value: Os { code: 32, kind: BrokenPipe, message: "Broken pipe" }

thread 'tokio-rt-worker' (1219375) panicked at tools/nanospam/src/app.rs:330:63:
called `Result::unwrap()` on an `Err` value: Os { code: 32, kind: BrokenPipe, message: "Broken pipe" }

thread 'tokio-rt-worker' (1219373) panicked at tools/nanospam/src/app.rs:330:63:
called `Result::unwrap()` on an `Err` value: Os { code: 32, kind: BrokenPipe, message: "Broken pipe" }

thread 'tokio-rt-worker' (1221115) panicked at tools/nanospam/src/app.rs:330:63:
called `Result::unwrap()` on an `Err` value: Os { code: 32, kind: BrokenPipe, message: "Broken pipe" }

thread 'tokio-rt-worker' (1221115) panicked at tools/nanospam/src/app.rs:330:63:
called `Result::unwrap()` on an `Err` value: Os { code: 32, kind: BrokenPipe, message: "Broken pipe" }

thread 'tokio-rt-worker' (1219373) panicked at tools/nanospam/src/app.rs:330:63:
called `Result::unwrap()` on an `Err` value: Os { code: 32, kind: BrokenPipe, message: "Broken pipe" }

thread 'tokio-rt-worker' (1219375) panicked at tools/nanospam/src/app.rs:330:63:
called `Result::unwrap()` on an `Err` value: Os { code: 32, kind: BrokenPipe, message: "Broken pipe" }

thread 'tokio-rt-worker' (1221115) panicked at tools/nanospam/src/app.rs:330:63:
called `Result::unwrap()` on an `Err` value: Os { code: 32, kind: BrokenPipe, message: "Broken pipe" }

thread 'tokio-rt-worker' (1219376) panicked at tools/nanospam/src/app.rs:330:63:
called `Result::unwrap()` on an `Err` value: Os { code: 32, kind: BrokenPipe, message: "Broken pipe" }

thread 'tokio-rt-worker' (1219376) panicked at tools/nanospam/src/app.rs:330:63:
called `Result::unwrap()` on an `Err` value: Os { code: 32, kind: BrokenPipe, message: "Broken pipe" }

thread 'tokio-rt-worker' (1221115) panicked at tools/nanospam/src/app.rs:330:63:
called `Result::unwrap()` on an `Err` value: Os { code: 32, kind: BrokenPipe, message: "Broken pipe" }

thread 'tokio-rt-worker' (1219375) panicked at tools/nanospam/src/app.rs:330:63:
called `Result::unwrap()` on an `Err` value: Os { code: 32, kind: BrokenPipe, message: "Broken pipe" }

thread 'tokio-rt-worker' (1219376) panicked at tools/nanospam/src/app.rs:330:63:
called `Result::unwrap()` on an `Err` value: Os { code: 32, kind: BrokenPipe, message: "Broken pipe" }

thread 'tokio-rt-worker' (1219373) panicked at tools/nanospam/src/app.rs:330:63:
called `Result::unwrap()` on an `Err` value: Os { code: 32, kind: BrokenPipe, message: "Broken pipe" }

thread 'tokio-rt-worker' (1219373) panicked at tools/nanospam/src/app.rs:330:63:
called `Result::unwrap()` on an `Err` value: Os { code: 32, kind: BrokenPipe, message: "Broken pipe" }

thread 'tokio-rt-worker' (1219376) panicked at tools/nanospam/src/app.rs:330:63:
called `Result::unwrap()` on an `Err` value: Os { code: 32, kind: BrokenPipe, message: "Broken pipe" }

thread 'tokio-rt-worker' (1219375) panicked at tools/nanospam/src/app.rs:330:63:
called `Result::unwrap()` on an `Err` value: Os { code: 32, kind: BrokenPipe, message: "Broken pipe" }

thread 'tokio-rt-worker' (1219373) panicked at tools/nanospam/src/app.rs:330:63:
called `Result::unwrap()` on an `Err` value: Os { code: 32, kind: BrokenPipe, message: "Broken pipe" }

thread 'tokio-rt-worker' (1221115) panicked at tools/nanospam/src/app.rs:330:63:
called `Result::unwrap()` on an `Err` value: Os { code: 32, kind: BrokenPipe, message: "Broken pipe" }

thread 'tokio-rt-worker' (1221115) panicked at tools/nanospam/src/app.rs:330:63:
called `Result::unwrap()` on an `Err` value: Os { code: 32, kind: BrokenPipe, message: "Broken pipe" }

thread 'tokio-rt-worker' (1219375) panicked at tools/nanospam/src/app.rs:330:63:
called `Result::unwrap()` on an `Err` value: Os { code: 32, kind: BrokenPipe, message: "Broken pipe" }

thread 'tokio-rt-worker' (1219373) panicked at tools/nanospam/src/app.rs:330:63:
called `Result::unwrap()` on an `Err` value: Os { code: 32, kind: BrokenPipe, message: "Broken pipe" }

thread 'tokio-rt-worker' (1221115) panicked at tools/nanospam/src/app.rs:330:63:
called `Result::unwrap()` on an `Err` value: Os { code: 32, kind: BrokenPipe, message: "Broken pipe" }

thread 'tokio-rt-worker' (1219375) panicked at tools/nanospam/src/app.rs:330:63:
called `Result::unwrap()` on an `Err` value: Os { code: 32, kind: BrokenPipe, message: "Broken pipe" }

thread 'tokio-rt-worker' (1219373) panicked at tools/nanospam/src/app.rs:330:63:
called `Result::unwrap()` on an `Err` value: Os { code: 32, kind: BrokenPipe, message: "Broken pipe" }

thread 'tokio-rt-worker' (1219375) panicked at tools/nanospam/src/app.rs:330:63:
called `Result::unwrap()` on an `Err` value: Os { code: 32, kind: BrokenPipe, message: "Broken pipe" }

thread 'tokio-rt-worker' (1221115) panicked at tools/nanospam/src/app.rs:330:63:
called `Result::unwrap()` on an `Err` value: Os { code: 32, kind: BrokenPipe, message: "Broken pipe" }

thread 'tokio-rt-worker' (1219373) panicked at tools/nanospam/src/app.rs:330:63:
called `Result::unwrap()` on an `Err` value: Os { code: 32, kind: BrokenPipe, message: "Broken pipe" }

thread 'tokio-rt-worker' (1219376) panicked at tools/nanospam/src/app.rs:330:63:
called `Result::unwrap()` on an `Err` value: Os { code: 32, kind: BrokenPipe, message: "Broken pipe" }

thread 'tokio-rt-worker' (1219376) panicked at tools/nanospam/src/app.rs:330:63:
called `Result::unwrap()` on an `Err` value: Os { code: 32, kind: BrokenPipe, message: "Broken pipe" }

thread 'tokio-rt-worker' (1221115) panicked at tools/nanospam/src/app.rs:330:63:
called `Result::unwrap()` on an `Err` value: Os { code: 32, kind: BrokenPipe, message: "Broken pipe" }

thread 'tokio-rt-worker' (1219375) panicked at tools/nanospam/src/app.rs:330:63:
called `Result::unwrap()` on an `Err` value: Os { code: 32, kind: BrokenPipe, message: "Broken pipe" }

thread 'tokio-rt-worker' (1219376) panicked at tools/nanospam/src/app.rs:330:63:
called `Result::unwrap()` on an `Err` value: Os { code: 32, kind: BrokenPipe, message: "Broken pipe" }

thread 'tokio-rt-worker' (1219373) panicked at tools/nanospam/src/app.rs:330:63:
called `Result::unwrap()` on an `Err` value: Os { code: 32, kind: BrokenPipe, message: "Broken pipe" }

thread 'tokio-rt-worker' (1219373) panicked at tools/nanospam/src/app.rs:330:63:
called `Result::unwrap()` on an `Err` value: Os { code: 32, kind: BrokenPipe, message: "Broken pipe" }

thread 'tokio-rt-worker' (1219376) panicked at tools/nanospam/src/app.rs:330:63:
called `Result::unwrap()` on an `Err` value: Os { code: 32, kind: BrokenPipe, message: "Broken pipe" }

thread 'tokio-rt-worker' (1219375) panicked at tools/nanospam/src/app.rs:330:63:
called `Result::unwrap()` on an `Err` value: Os { code: 32, kind: BrokenPipe, message: "Broken pipe" }

thread 'tokio-rt-worker' (1221115) panicked at tools/nanospam/src/app.rs:330:63:
called `Result::unwrap()` on an `Err` value: Os { code: 32, kind: BrokenPipe, message: "Broken pipe" }

thread 'tokio-rt-worker' (1219373) panicked at tools/nanospam/src/app.rs:330:63:
called `Result::unwrap()` on an `Err` value: Os { code: 32, kind: BrokenPipe, message: "Broken pipe" }

thread 'tokio-rt-worker' (1219373) panicked at tools/nanospam/src/app.rs:330:63:
called `Result::unwrap()` on an `Err` value: Os { code: 32, kind: BrokenPipe, message: "Broken pipe" }

thread 'tokio-rt-worker' (1219375) panicked at tools/nanospam/src/app.rs:330:63:
called `Result::unwrap()` on an `Err` value: Os { code: 32, kind: BrokenPipe, message: "Broken pipe" }

thread 'tokio-rt-worker' (1219376) panicked at tools/nanospam/src/app.rs:330:63:
called `Result::unwrap()` on an `Err` value: Os { code: 32, kind: BrokenPipe, message: "Broken pipe" }

thread 'tokio-rt-worker' (1221115) panicked at tools/nanospam/src/app.rs:330:63:
called `Result::unwrap()` on an `Err` value: Os { code: 32, kind: BrokenPipe, message: "Broken pipe" }

thread 'tokio-rt-worker' (1219373) panicked at tools/nanospam/src/app.rs:330:63:
called `Result::unwrap()` on an `Err` value: Os { code: 32, kind: BrokenPipe, message: "Broken pipe" }

thread 'tokio-rt-worker' (1219374) panicked at tools/nanospam/src/app.rs:330:63:
called `Result::unwrap()` on an `Err` value: Os { code: 32, kind: BrokenPipe, message: "Broken pipe" }

thread 'tokio-rt-worker' (1221115) panicked at tools/nanospam/src/app.rs:330:63:
called `Result::unwrap()` on an `Err` value: Os { code: 32, kind: BrokenPipe, message: "Broken pipe" }

thread 'tokio-rt-worker' (1219376) panicked at tools/nanospam/src/app.rs:330:63:
called `Result::unwrap()` on an `Err` value: Os { code: 32, kind: BrokenPipe, message: "Broken pipe" }

thread 'tokio-rt-worker' (1219373) panicked at tools/nanospam/src/app.rs:330:63:
called `Result::unwrap()` on an `Err` value: Os { code: 32, kind: BrokenPipe, message: "Broken pipe" }

thread 'tokio-rt-worker' (1219374) panicked at tools/nanospam/src/app.rs:330:63:
called `Result::unwrap()` on an `Err` value: Os { code: 32, kind: BrokenPipe, message: "Broken pipe" }

thread 'tokio-rt-worker' (1219374) panicked at tools/nanospam/src/app.rs:330:63:
called `Result::unwrap()` on an `Err` value: Os { code: 32, kind: BrokenPipe, message: "Broken pipe" }

thread 'tokio-rt-worker' (1219373) panicked at tools/nanospam/src/app.rs:330:63:
called `Result::unwrap()` on an `Err` value: Os { code: 32, kind: BrokenPipe, message: "Broken pipe" }

thread 'tokio-rt-worker' (1221115) panicked at tools/nanospam/src/app.rs:330:63:
called `Result::unwrap()` on an `Err` value: Os { code: 32, kind: BrokenPipe, message: "Broken pipe" }

thread 'tokio-rt-worker' (1219374) panicked at tools/nanospam/src/app.rs:330:63:
called `Result::unwrap()` on an `Err` value: Os { code: 32, kind: BrokenPipe, message: "Broken pipe" }

thread 'tokio-rt-worker' (1219376) panicked at tools/nanospam/src/app.rs:330:63:
called `Result::unwrap()` on an `Err` value: Os { code: 32, kind: BrokenPipe, message: "Broken pipe" }

thread 'tokio-rt-worker' (1219376) panicked at tools/nanospam/src/app.rs:330:63:
called `Result::unwrap()` on an `Err` value: Os { code: 32, kind: BrokenPipe, message: "Broken pipe" }

thread 'tokio-rt-worker' (1219374) panicked at tools/nanospam/src/app.rs:330:63:
called `Result::unwrap()` on an `Err` value: Os { code: 32, kind: BrokenPipe, message: "Broken pipe" }

thread 'tokio-rt-worker' (1221115) panicked at tools/nanospam/src/app.rs:330:63:
called `Result::unwrap()` on an `Err` value: Os { code: 32, kind: BrokenPipe, message: "Broken pipe" }

thread 'tokio-rt-worker' (1219373) panicked at tools/nanospam/src/app.rs:330:63:
called `Result::unwrap()` on an `Err` value: Os { code: 32, kind: BrokenPipe, message: "Broken pipe" }

thread 'tokio-rt-worker' (1219376) panicked at tools/nanospam/src/app.rs:330:63:
called `Result::unwrap()` on an `Err` value: Os { code: 32, kind: BrokenPipe, message: "Broken pipe" }

thread 'tokio-rt-worker' (1219376) panicked at tools/nanospam/src/app.rs:330:63:
called `Result::unwrap()` on an `Err` value: Os { code: 32, kind: BrokenPipe, message: "Broken pipe" }

thread 'tokio-rt-worker' (1219373) panicked at tools/nanospam/src/app.rs:330:63:
called `Result::unwrap()` on an `Err` value: Os { code: 32, kind: BrokenPipe, message: "Broken pipe" }

thread 'tokio-rt-worker' (1221115) panicked at tools/nanospam/src/app.rs:330:63:
called `Result::unwrap()` on an `Err` value: Os { code: 32, kind: BrokenPipe, message: "Broken pipe" }

thread 'tokio-rt-worker' (1219374) panicked at tools/nanospam/src/app.rs:330:63:
called `Result::unwrap()` on an `Err` value: Os { code: 32, kind: BrokenPipe, message: "Broken pipe" }

thread 'tokio-rt-worker' (1219376) panicked at tools/nanospam/src/app.rs:330:63:
called `Result::unwrap()` on an `Err` value: Os { code: 32, kind: BrokenPipe, message: "Broken pipe" }

thread 'tokio-rt-worker' (1219376) panicked at tools/nanospam/src/app.rs:330:63:
called `Result::unwrap()` on an `Err` value: Os { code: 32, kind: BrokenPipe, message: "Broken pipe" }

thread 'tokio-rt-worker' (1219374) panicked at tools/nanospam/src/app.rs:330:63:
called `Result::unwrap()` on an `Err` value: Os { code: 32, kind: BrokenPipe, message: "Broken pipe" }

thread 'tokio-rt-worker' (1221115) panicked at tools/nanospam/src/app.rs:330:63:
called `Result::unwrap()` on an `Err` value: Os { code: 32, kind: BrokenPipe, message: "Broken pipe" }

thread 'tokio-rt-worker' (1219373) panicked at tools/nanospam/src/app.rs:330:63:
called `Result::unwrap()` on an `Err` value: Os { code: 32, kind: BrokenPipe, message: "Broken pipe" }

thread 'tokio-rt-worker' (1219376) panicked at tools/nanospam/src/app.rs:330:63:
called `Result::unwrap()` on an `Err` value: Os { code: 32, kind: BrokenPipe, message: "Broken pipe" }

thread 'tokio-rt-worker' (1219376) panicked at tools/nanospam/src/app.rs:330:63:
called `Result::unwrap()` on an `Err` value: Os { code: 32, kind: BrokenPipe, message: "Broken pipe" }

thread 'tokio-rt-worker' (1219373) panicked at tools/nanospam/src/app.rs:330:63:
called `Result::unwrap()` on an `Err` value: Os { code: 32, kind: BrokenPipe, message: "Broken pipe" }

thread 'tokio-rt-worker' (1221115) panicked at tools/nanospam/src/app.rs:330:63:
called `Result::unwrap()` on an `Err` value: Os { code: 32, kind: BrokenPipe, message: "Broken pipe" }

thread 'tokio-rt-worker' (1219376) panicked at tools/nanospam/src/app.rs:330:63:
called `Result::unwrap()` on an `Err` value: Os { code: 32, kind: BrokenPipe, message: "Broken pipe" }

thread 'tokio-rt-worker' (1219374) panicked at tools/nanospam/src/app.rs:330:63:
called `Result::unwrap()` on an `Err` value: Os { code: 32, kind: BrokenPipe, message: "Broken pipe" }

thread 'tokio-rt-worker' (1219374) panicked at tools/nanospam/src/app.rs:330:63:
called `Result::unwrap()` on an `Err` value: Os { code: 32, kind: BrokenPipe, message: "Broken pipe" }

thread 'tokio-rt-worker' (1219376) panicked at tools/nanospam/src/app.rs:330:63:
called `Result::unwrap()` on an `Err` value: Os { code: 32, kind: BrokenPipe, message: "Broken pipe" }

thread 'tokio-rt-worker' (1221115) panicked at tools/nanospam/src/app.rs:330:63:
called `Result::unwrap()` on an `Err` value: Os { code: 32, kind: BrokenPipe, message: "Broken pipe" }

thread 'tokio-rt-worker' (1219374) panicked at tools/nanospam/src/app.rs:330:63:
called `Result::unwrap()` on an `Err` value: Os { code: 32, kind: BrokenPipe, message: "Broken pipe" }

thread 'tokio-rt-worker' (1219373) panicked at tools/nanospam/src/app.rs:330:63:
called `Result::unwrap()` on an `Err` value: Os { code: 32, kind: BrokenPipe, message: "Broken pipe" }

thread 'tokio-rt-worker' (1219373) panicked at tools/nanospam/src/app.rs:330:63:
called `Result::unwrap()` on an `Err` value: Os { code: 32, kind: BrokenPipe, message: "Broken pipe" }

thread 'tokio-rt-worker' (1219374) panicked at tools/nanospam/src/app.rs:330:63:
called `Result::unwrap()` on an `Err` value: Os { code: 32, kind: BrokenPipe, message: "Broken pipe" }

thread 'tokio-rt-worker' (1221115) panicked at tools/nanospam/src/app.rs:330:63:
called `Result::unwrap()` on an `Err` value: Os { code: 32, kind: BrokenPipe, message: "Broken pipe" }

thread 'tokio-rt-worker' (1219376) panicked at tools/nanospam/src/app.rs:330:63:
called `Result::unwrap()` on an `Err` value: Os { code: 32, kind: BrokenPipe, message: "Broken pipe" }

thread 'tokio-rt-worker' (1219373) panicked at tools/nanospam/src/app.rs:330:63:
called `Result::unwrap()` on an `Err` value: Os { code: 32, kind: BrokenPipe, message: "Broken pipe" }

thread 'tokio-rt-worker' (1219373) panicked at tools/nanospam/src/app.rs:330:63:
called `Result::unwrap()` on an `Err` value: Os { code: 32, kind: BrokenPipe, message: "Broken pipe" }

thread 'tokio-rt-worker' (1219376) panicked at tools/nanospam/src/app.rs:330:63:
called `Result::unwrap()` on an `Err` value: Os { code: 32, kind: BrokenPipe, message: "Broken pipe" }

thread 'tokio-rt-worker' (1221115) panicked at tools/nanospam/src/app.rs:330:63:
called `Result::unwrap()` on an `Err` value: Os { code: 32, kind: BrokenPipe, message: "Broken pipe" }

thread 'tokio-rt-worker' (1219374) panicked at tools/nanospam/src/app.rs:330:63:
called `Result::unwrap()` on an `Err` value: Os { code: 32, kind: BrokenPipe, message: "Broken pipe" }

thread 'tokio-rt-worker' (1219373) panicked at tools/nanospam/src/app.rs:330:63:
called `Result::unwrap()` on an `Err` value: Os { code: 32, kind: BrokenPipe, message: "Broken pipe" }

thread 'tokio-rt-worker' (1219373) panicked at tools/nanospam/src/app.rs:330:63:
called `Result::unwrap()` on an `Err` value: Os { code: 32, kind: BrokenPipe, message: "Broken pipe" }

thread 'tokio-rt-worker' (1219374) panicked at tools/nanospam/src/app.rs:330:63:
called `Result::unwrap()` on an `Err` value: Os { code: 32, kind: BrokenPipe, message: "Broken pipe" }

thread 'tokio-rt-worker' (1219376) panicked at tools/nanospam/src/app.rs:330:63:
called `Result::unwrap()` on an `Err` value: Os { code: 32, kind: BrokenPipe, message: "Broken pipe" }

thread 'tokio-rt-worker' (1219373) panicked at tools/nanospam/src/app.rs:330:63:
called `Result::unwrap()` on an `Err` value: Os { code: 32, kind: BrokenPipe, message: "Broken pipe" }

thread 'tokio-rt-worker' (1221115) panicked at tools/nanospam/src/app.rs:330:63:
called `Result::unwrap()` on an `Err` value: Os { code: 32, kind: BrokenPipe, message: "Broken pipe" }

thread 'tokio-rt-worker' (1221115) panicked at tools/nanospam/src/app.rs:330:63:
called `Result::unwrap()` on an `Err` value: Os { code: 32, kind: BrokenPipe, message: "Broken pipe" }

thread 'tokio-rt-worker' (1219373) panicked at tools/nanospam/src/app.rs:330:63:
called `Result::unwrap()` on an `Err` value: Os { code: 32, kind: BrokenPipe, message: "Broken pipe" }

thread 'tokio-rt-worker' (1219374) panicked at tools/nanospam/src/app.rs:330:63:
called `Result::unwrap()` on an `Err` value: Os { code: 32, kind: BrokenPipe, message: "Broken pipe" }

thread 'tokio-rt-worker' (1221115) panicked at tools/nanospam/src/app.rs:330:63:
called `Result::unwrap()` on an `Err` value: Os { code: 32, kind: BrokenPipe, message: "Broken pipe" }

thread 'tokio-rt-worker' (1219376) panicked at tools/nanospam/src/app.rs:330:63:
called `Result::unwrap()` on an `Err` value: Os { code: 32, kind: BrokenPipe, message: "Broken pipe" }

thread 'tokio-rt-worker' (1219376) panicked at tools/nanospam/src/app.rs:330:63:
called `Result::unwrap()` on an `Err` value: Os { code: 32, kind: BrokenPipe, message: "Broken pipe" }

thread 'tokio-rt-worker' (1221115) panicked at tools/nanospam/src/app.rs:330:63:
called `Result::unwrap()` on an `Err` value: Os { code: 32, kind: BrokenPipe, message: "Broken pipe" }

thread 'tokio-rt-worker' (1219373) panicked at tools/nanospam/src/app.rs:330:63:
called `Result::unwrap()` on an `Err` value: Os { code: 32, kind: BrokenPipe, message: "Broken pipe" }

thread 'tokio-rt-worker' (1219376) panicked at tools/nanospam/src/app.rs:330:63:
called `Result::unwrap()` on an `Err` value: Os { code: 32, kind: BrokenPipe, message: "Broken pipe" }

thread 'tokio-rt-worker' (1219374) panicked at tools/nanospam/src/app.rs:330:63:
called `Result::unwrap()` on an `Err` value: Os { code: 32, kind: BrokenPipe, message: "Broken pipe" }

thread 'tokio-rt-worker' (1219374) panicked at tools/nanospam/src/app.rs:330:63:
called `Result::unwrap()` on an `Err` value: Os { code: 32, kind: BrokenPipe, message: "Broken pipe" }

thread 'tokio-rt-worker' (1219376) panicked at tools/nanospam/src/app.rs:330:63:
called `Result::unwrap()` on an `Err` value: Os { code: 32, kind: BrokenPipe, message: "Broken pipe" }

thread 'tokio-rt-worker' (1219373) panicked at tools/nanospam/src/app.rs:330:63:
called `Result::unwrap()` on an `Err` value: Os { code: 32, kind: BrokenPipe, message: "Broken pipe" }

thread 'tokio-rt-worker' (1221115) panicked at tools/nanospam/src/app.rs:330:63:
called `Result::unwrap()` on an `Err` value: Os { code: 32, kind: BrokenPipe, message: "Broken pipe" }

thread 'tokio-rt-worker' (1219374) panicked at tools/nanospam/src/app.rs:330:63:
called `Result::unwrap()` on an `Err` value: Os { code: 32, kind: BrokenPipe, message: "Broken pipe" }

thread 'tokio-rt-worker' (1219374) panicked at tools/nanospam/src/app.rs:330:63:
called `Result::unwrap()` on an `Err` value: Os { code: 32, kind: BrokenPipe, message: "Broken pipe" }

thread 'tokio-rt-worker' (1219373) panicked at tools/nanospam/src/app.rs:330:63:
called `Result::unwrap()` on an `Err` value: Os { code: 32, kind: BrokenPipe, message: "Broken pipe" }

thread 'tokio-rt-worker' (1221115) panicked at tools/nanospam/src/app.rs:330:63:
called `Result::unwrap()` on an `Err` value: Os { code: 32, kind: BrokenPipe, message: "Broken pipe" }

thread 'tokio-rt-worker' (1219376) panicked at tools/nanospam/src/app.rs:330:63:
called `Result::unwrap()` on an `Err` value: Os { code: 32, kind: BrokenPipe, message: "Broken pipe" }

thread 'tokio-rt-worker' (1219374) panicked at tools/nanospam/src/app.rs:330:63:
called `Result::unwrap()` on an `Err` value: Os { code: 32, kind: BrokenPipe, message: "Broken pipe" }

thread 'tokio-rt-worker' (1219374) panicked at tools/nanospam/src/app.rs:330:63:
called `Result::unwrap()` on an `Err` value: Os { code: 32, kind: BrokenPipe, message: "Broken pipe" }

thread 'tokio-rt-worker' (1219376) panicked at tools/nanospam/src/app.rs:330:63:
called `Result::unwrap()` on an `Err` value: Os { code: 32, kind: BrokenPipe, message: "Broken pipe" }

thread 'tokio-rt-worker' (1221115) panicked at tools/nanospam/src/app.rs:330:63:
called `Result::unwrap()` on an `Err` value: Os { code: 32, kind: BrokenPipe, message: "Broken pipe" }

thread 'tokio-rt-worker' (1219373) panicked at tools/nanospam/src/app.rs:330:63:
called `Result::unwrap()` on an `Err` value: Os { code: 32, kind: BrokenPipe, message: "Broken pipe" }

thread 'tokio-rt-worker' (1219374) panicked at tools/nanospam/src/app.rs:330:63:
called `Result::unwrap()` on an `Err` value: Os { code: 32, kind: BrokenPipe, message: "Broken pipe" }

thread 'tokio-rt-worker' (1219374) panicked at tools/nanospam/src/app.rs:330:63:
called `Result::unwrap()` on an `Err` value: Os { code: 32, kind: BrokenPipe, message: "Broken pipe" }

thread 'tokio-rt-worker' (1219373) panicked at tools/nanospam/src/app.rs:330:63:
called `Result::unwrap()` on an `Err` value: Os { code: 32, kind: BrokenPipe, message: "Broken pipe" }

thread 'tokio-rt-worker' (1219376) panicked at tools/nanospam/src/app.rs:330:63:
called `Result::unwrap()` on an `Err` value: Os { code: 32, kind: BrokenPipe, message: "Broken pipe" }

thread 'tokio-rt-worker' (1219374) panicked at tools/nanospam/src/app.rs:330:63:
called `Result::unwrap()` on an `Err` value: Os { code: 32, kind: BrokenPipe, message: "Broken pipe" }

thread 'tokio-rt-worker' (1221115) panicked at tools/nanospam/src/app.rs:330:63:
called `Result::unwrap()` on an `Err` value: Os { code: 32, kind: BrokenPipe, message: "Broken pipe" }

thread 'tokio-rt-worker' (1221115) panicked at tools/nanospam/src/app.rs:330:63:
called `Result::unwrap()` on an `Err` value: Os { code: 32, kind: BrokenPipe, message: "Broken pipe" }

thread 'tokio-rt-worker' (1219374) panicked at tools/nanospam/src/app.rs:330:63:
called `Result::unwrap()` on an `Err` value: Os { code: 32, kind: BrokenPipe, message: "Broken pipe" }

thread 'tokio-rt-worker' (1221115) panicked at tools/nanospam/src/app.rs:330:63:
called `Result::unwrap()` on an `Err` value: Os { code: 32, kind: BrokenPipe, message: "Broken pipe" }

thread 'tokio-rt-worker' (1219376) panicked at tools/nanospam/src/app.rs:330:63:
called `Result::unwrap()` on an `Err` value: Os { code: 32, kind: BrokenPipe, message: "Broken pipe" }

thread 'tokio-rt-worker' (1219373) panicked at tools/nanospam/src/app.rs:330:63:
called `Result::unwrap()` on an `Err` value: Os { code: 32, kind: BrokenPipe, message: "Broken pipe" }

thread 'tokio-rt-worker' (1219373) panicked at tools/nanospam/src/app.rs:330:63:
called `Result::unwrap()` on an `Err` value: Os { code: 32, kind: BrokenPipe, message: "Broken pipe" }

thread 'tokio-rt-worker' (1219376) panicked at tools/nanospam/src/app.rs:330:63:
called `Result::unwrap()` on an `Err` value: Os { code: 32, kind: BrokenPipe, message: "Broken pipe" }

thread 'tokio-rt-worker' (1221115) panicked at tools/nanospam/src/app.rs:330:63:
called `Result::unwrap()` on an `Err` value: Os { code: 32, kind: BrokenPipe, message: "Broken pipe" }

thread 'tokio-rt-worker' (1219374) panicked at tools/nanospam/src/app.rs:330:63:
called `Result::unwrap()` on an `Err` value: Os { code: 32, kind: BrokenPipe, message: "Broken pipe" }

thread 'tokio-rt-worker' (1219373) panicked at tools/nanospam/src/app.rs:330:63:
called `Result::unwrap()` on an `Err` value: Os { code: 32, kind: BrokenPipe, message: "Broken pipe" }

thread 'tokio-rt-worker' (1219373) panicked at tools/nanospam/src/app.rs:330:63:
called `Result::unwrap()` on an `Err` value: Os { code: 32, kind: BrokenPipe, message: "Broken pipe" }

thread 'tokio-rt-worker' (1219374) panicked at tools/nanospam/src/app.rs:330:63:
called `Result::unwrap()` on an `Err` value: Os { code: 32, kind: BrokenPipe, message: "Broken pipe" }

thread 'tokio-rt-worker' (1219376) panicked at tools/nanospam/src/app.rs:330:63:
called `Result::unwrap()` on an `Err` value: Os { code: 32, kind: BrokenPipe, message: "Broken pipe" }

thread 'tokio-rt-worker' (1219373) panicked at tools/nanospam/src/app.rs:330:63:
called `Result::unwrap()` on an `Err` value: Os { code: 32, kind: BrokenPipe, message: "Broken pipe" }

thread 'tokio-rt-worker' (1221115) panicked at tools/nanospam/src/app.rs:330:63:
called `Result::unwrap()` on an `Err` value: Os { code: 32, kind: BrokenPipe, message: "Broken pipe" }

thread 'tokio-rt-worker' (1221116) panicked at tools/nanospam/src/app.rs:330:63:
called `Result::unwrap()` on an `Err` value: Os { code: 32, kind: BrokenPipe, message: "Broken pipe" }

thread 'tokio-rt-worker' (1219373) panicked at tools/nanospam/src/app.rs:330:63:
called `Result::unwrap()` on an `Err` value: Os { code: 32, kind: BrokenPipe, message: "Broken pipe" }

thread 'tokio-rt-worker' (1219376) panicked at tools/nanospam/src/app.rs:330:63:
called `Result::unwrap()` on an `Err` value: Os { code: 32, kind: BrokenPipe, message: "Broken pipe" }

thread 'tokio-rt-worker' (1221116) panicked at tools/nanospam/src/app.rs:330:63:
called `Result::unwrap()` on an `Err` value: Os { code: 32, kind: BrokenPipe, message: "Broken pipe" }

thread 'tokio-rt-worker' (1221115) panicked at tools/nanospam/src/app.rs:330:63:
called `Result::unwrap()` on an `Err` value: Os { code: 32, kind: BrokenPipe, message: "Broken pipe" }

thread 'tokio-rt-worker' (1221115) panicked at tools/nanospam/src/app.rs:330:63:
called `Result::unwrap()` on an `Err` value: Os { code: 32, kind: BrokenPipe, message: "Broken pipe" }

thread 'tokio-rt-worker' (1219376) panicked at tools/nanospam/src/app.rs:330:63:
called `Result::unwrap()` on an `Err` value: Os { code: 32, kind: BrokenPipe, message: "Broken pipe" }

thread 'tokio-rt-worker' (1219373) panicked at tools/nanospam/src/app.rs:330:63:
called `Result::unwrap()` on an `Err` value: Os { code: 32, kind: BrokenPipe, message: "Broken pipe" }

thread 'tokio-rt-worker' (1221116) panicked at tools/nanospam/src/app.rs:330:63:
called `Result::unwrap()` on an `Err` value: Os { code: 32, kind: BrokenPipe, message: "Broken pipe" }

thread 'tokio-rt-worker' (1221115) panicked at tools/nanospam/src/app.rs:330:63:
called `Result::unwrap()` on an `Err` value: Os { code: 32, kind: BrokenPipe, message: "Broken pipe" }

thread 'tokio-rt-worker' (1221115) panicked at tools/nanospam/src/app.rs:330:63:
called `Result::unwrap()` on an `Err` value: Os { code: 32, kind: BrokenPipe, message: "Broken pipe" }

thread 'tokio-rt-worker' (1219373) panicked at tools/nanospam/src/app.rs:330:63:
called `Result::unwrap()` on an `Err` value: Os { code: 32, kind: BrokenPipe, message: "Broken pipe" }

thread 'tokio-rt-worker' (1221116) panicked at tools/nanospam/src/app.rs:330:63:
called `Result::unwrap()` on an `Err` value: Os { code: 32, kind: BrokenPipe, message: "Broken pipe" }

thread 'tokio-rt-worker' (1219376) panicked at tools/nanospam/src/app.rs:330:63:
called `Result::unwrap()` on an `Err` value: Os { code: 32, kind: BrokenPipe, message: "Broken pipe" }

thread 'tokio-rt-worker' (1221115) panicked at tools/nanospam/src/app.rs:330:63:
called `Result::unwrap()` on an `Err` value: Os { code: 32, kind: BrokenPipe, message: "Broken pipe" }

thread 'tokio-rt-worker' (1221115) panicked at tools/nanospam/src/app.rs:330:63:
called `Result::unwrap()` on an `Err` value: Os { code: 32, kind: BrokenPipe, message: "Broken pipe" }

thread 'tokio-rt-worker' (1219376) panicked at tools/nanospam/src/app.rs:330:63:
called `Result::unwrap()` on an `Err` value: Os { code: 32, kind: BrokenPipe, message: "Broken pipe" }

thread 'tokio-rt-worker' (1219373) panicked at tools/nanospam/src/app.rs:330:63:
called `Result::unwrap()` on an `Err` value: Os { code: 32, kind: BrokenPipe, message: "Broken pipe" }

thread 'tokio-rt-worker' (1221116) panicked at tools/nanospam/src/app.rs:330:63:
called `Result::unwrap()` on an `Err` value: Os { code: 32, kind: BrokenPipe, message: "Broken pipe" }

thread 'tokio-rt-worker' (1221115) panicked at tools/nanospam/src/app.rs:330:63:
called `Result::unwrap()` on an `Err` value: Os { code: 32, kind: BrokenPipe, message: "Broken pipe" }

thread 'tokio-rt-worker' (1221115) panicked at tools/nanospam/src/app.rs:330:63:
called `Result::unwrap()` on an `Err` value: Os { code: 32, kind: BrokenPipe, message: "Broken pipe" }

thread 'tokio-rt-worker' (1221116) panicked at tools/nanospam/src/app.rs:330:63:
called `Result::unwrap()` on an `Err` value: Os { code: 32, kind: BrokenPipe, message: "Broken pipe" }

thread 'tokio-rt-worker' (1219373) panicked at tools/nanospam/src/app.rs:330:63:
called `Result::unwrap()` on an `Err` value: Os { code: 32, kind: BrokenPipe, message: "Broken pipe" }

thread 'tokio-rt-worker' (1219376) panicked at tools/nanospam/src/app.rs:330:63:
called `Result::unwrap()` on an `Err` value: Os { code: 32, kind: BrokenPipe, message: "Broken pipe" }

thread 'tokio-rt-worker' (1221115) panicked at tools/nanospam/src/app.rs:330:63:
called `Result::unwrap()` on an `Err` value: Os { code: 32, kind: BrokenPipe, message: "Broken pipe" }

thread 'tokio-rt-worker' (1221115) panicked at tools/nanospam/src/app.rs:330:63:
called `Result::unwrap()` on an `Err` value: Os { code: 32, kind: BrokenPipe, message: "Broken pipe" }

thread 'tokio-rt-worker' (1219373) panicked at tools/nanospam/src/app.rs:330:63:
called `Result::unwrap()` on an `Err` value: Os { code: 32, kind: BrokenPipe, message: "Broken pipe" }

thread 'tokio-rt-worker' (1219376) panicked at tools/nanospam/src/app.rs:330:63:
called `Result::unwrap()` on an `Err` value: Os { code: 32, kind: BrokenPipe, message: "Broken pipe" }

thread 'tokio-rt-worker' (1221116) panicked at tools/nanospam/src/app.rs:330:63:
called `Result::unwrap()` on an `Err` value: Os { code: 32, kind: BrokenPipe, message: "Broken pipe" }

thread 'tokio-rt-worker' (1221115) panicked at tools/nanospam/src/app.rs:330:63:
called `Result::unwrap()` on an `Err` value: Os { code: 32, kind: BrokenPipe, message: "Broken pipe" }

thread 'tokio-rt-worker' (1221115) panicked at tools/nanospam/src/app.rs:330:63:
called `Result::unwrap()` on an `Err` value: Os { code: 32, kind: BrokenPipe, message: "Broken pipe" }

thread 'tokio-rt-worker' (1221116) panicked at tools/nanospam/src/app.rs:330:63:
called `Result::unwrap()` on an `Err` value: Os { code: 32, kind: BrokenPipe, message: "Broken pipe" }

thread 'tokio-rt-worker' (1219373) panicked at tools/nanospam/src/app.rs:330:63:
called `Result::unwrap()` on an `Err` value: Os { code: 32, kind: BrokenPipe, message: "Broken pipe" }

thread 'tokio-rt-worker' (1219376) panicked at tools/nanospam/src/app.rs:330:63:
called `Result::unwrap()` on an `Err` value: Os { code: 32, kind: BrokenPipe, message: "Broken pipe" }

thread 'tokio-rt-worker' (1221115) panicked at tools/nanospam/src/app.rs:330:63:
called `Result::unwrap()` on an `Err` value: Os { code: 32, kind: BrokenPipe, message: "Broken pipe" }

thread 'tokio-rt-worker' (1221115) panicked at tools/nanospam/src/app.rs:330:63:
called `Result::unwrap()` on an `Err` value: Os { code: 32, kind: BrokenPipe, message: "Broken pipe" }

thread 'tokio-rt-worker' (1219373) panicked at tools/nanospam/src/app.rs:330:63:
called `Result::unwrap()` on an `Err` value: Os { code: 32, kind: BrokenPipe, message: "Broken pipe" }

thread 'tokio-rt-worker' (1219376) panicked at tools/nanospam/src/app.rs:330:63:
called `Result::unwrap()` on an `Err` value: Os { code: 32, kind: BrokenPipe, message: "Broken pipe" }

thread 'tokio-rt-worker' (1221115) panicked at tools/nanospam/src/app.rs:330:63:
called `Result::unwrap()` on an `Err` value: Os { code: 32, kind: BrokenPipe, message: "Broken pipe" }

thread 'tokio-rt-worker' (1221116) panicked at tools/nanospam/src/app.rs:330:63:
called `Result::unwrap()` on an `Err` value: Os { code: 32, kind: BrokenPipe, message: "Broken pipe" }

thread 'tokio-rt-worker' (1221116) panicked at tools/nanospam/src/app.rs:330:63:
called `Result::unwrap()` on an `Err` value: Os { code: 32, kind: BrokenPipe, message: "Broken pipe" }

thread 'tokio-rt-worker' (1219376) panicked at tools/nanospam/src/app.rs:330:63:
called `Result::unwrap()` on an `Err` value: Os { code: 32, kind: BrokenPipe, message: "Broken pipe" }

thread 'tokio-rt-worker' (1219373) panicked at tools/nanospam/src/app.rs:330:63:
called `Result::unwrap()` on an `Err` value: Os { code: 32, kind: BrokenPipe, message: "Broken pipe" }

thread 'tokio-rt-worker' (1221115) panicked at tools/nanospam/src/app.rs:330:63:
called `Result::unwrap()` on an `Err` value: Os { code: 32, kind: BrokenPipe, message: "Broken pipe" }

thread 'tokio-rt-worker' (1221116) panicked at tools/nanospam/src/app.rs:330:63:
called `Result::unwrap()` on an `Err` value: Os { code: 32, kind: BrokenPipe, message: "Broken pipe" }

thread 'tokio-rt-worker' (1221116) panicked at tools/nanospam/src/app.rs:330:63:
called `Result::unwrap()` on an `Err` value: Os { code: 32, kind: BrokenPipe, message: "Broken pipe" }

thread 'tokio-rt-worker' (1221115) panicked at tools/nanospam/src/app.rs:330:63:
called `Result::unwrap()` on an `Err` value: Os { code: 32, kind: BrokenPipe, message: "Broken pipe" }

thread 'tokio-rt-worker' (1219373) panicked at tools/nanospam/src/app.rs:330:63:
called `Result::unwrap()` on an `Err` value: Os { code: 32, kind: BrokenPipe, message: "Broken pipe" }

thread 'tokio-rt-worker' (1219376) panicked at tools/nanospam/src/app.rs:330:63:
called `Result::unwrap()` on an `Err` value: Os { code: 32, kind: BrokenPipe, message: "Broken pipe" }

thread 'tokio-rt-worker' (1221116) panicked at tools/nanospam/src/app.rs:330:63:
called `Result::unwrap()` on an `Err` value: Os { code: 32, kind: BrokenPipe, message: "Broken pipe" }

thread 'tokio-rt-worker' (1221116) panicked at tools/nanospam/src/app.rs:330:63:
called `Result::unwrap()` on an `Err` value: Os { code: 32, kind: BrokenPipe, message: "Broken pipe" }

thread 'tokio-rt-worker' (1219376) panicked at tools/nanospam/src/app.rs:330:63:
called `Result::unwrap()` on an `Err` value: Os { code: 32, kind: BrokenPipe, message: "Broken pipe" }

thread 'tokio-rt-worker' (1219373) panicked at tools/nanospam/src/app.rs:330:63:
called `Result::unwrap()` on an `Err` value: Os { code: 32, kind: BrokenPipe, message: "Broken pipe" }

thread 'tokio-rt-worker' (1221115) panicked at tools/nanospam/src/app.rs:330:63:
called `Result::unwrap()` on an `Err` value: Os { code: 32, kind: BrokenPipe, message: "Broken pipe" }

thread 'tokio-rt-worker' (1221116) panicked at tools/nanospam/src/app.rs:330:63:
called `Result::unwrap()` on an `Err` value: Os { code: 32, kind: BrokenPipe, message: "Broken pipe" }

thread 'tokio-rt-worker' (1221116) panicked at tools/nanospam/src/app.rs:330:63:
called `Result::unwrap()` on an `Err` value: Os { code: 32, kind: BrokenPipe, message: "Broken pipe" }

thread 'tokio-rt-worker' (1219373) panicked at tools/nanospam/src/app.rs:330:63:
called `Result::unwrap()` on an `Err` value: Os { code: 32, kind: BrokenPipe, message: "Broken pipe" }

thread 'tokio-rt-worker' (1219376) panicked at tools/nanospam/src/app.rs:330:63:
called `Result::unwrap()` on an `Err` value: Os { code: 32, kind: BrokenPipe, message: "Broken pipe" }

thread 'tokio-rt-worker' (1221115) panicked at tools/nanospam/src/app.rs:330:63:
called `Result::unwrap()` on an `Err` value: Os { code: 32, kind: BrokenPipe, message: "Broken pipe" }

thread 'tokio-rt-worker' (1221116) panicked at tools/nanospam/src/app.rs:330:63:
called `Result::unwrap()` on an `Err` value: Os { code: 32, kind: BrokenPipe, message: "Broken pipe" }

thread 'tokio-rt-worker' (1221116) panicked at tools/nanospam/src/app.rs:330:63:
called `Result::unwrap()` on an `Err` value: Os { code: 32, kind: BrokenPipe, message: "Broken pipe" }

thread 'tokio-rt-worker' (1221115) panicked at tools/nanospam/src/app.rs:330:63:
called `Result::unwrap()` on an `Err` value: Os { code: 32, kind: BrokenPipe, message: "Broken pipe" }

thread 'tokio-rt-worker' (1219376) panicked at tools/nanospam/src/app.rs:330:63:
called `Result::unwrap()` on an `Err` value: Os { code: 32, kind: BrokenPipe, message: "Broken pipe" }

thread 'tokio-rt-worker' (1219373) panicked at tools/nanospam/src/app.rs:330:63:
called `Result::unwrap()` on an `Err` value: Os { code: 32, kind: BrokenPipe, message: "Broken pipe" }

thread 'tokio-rt-worker' (1221116) panicked at tools/nanospam/src/app.rs:330:63:
called `Result::unwrap()` on an `Err` value: Os { code: 32, kind: BrokenPipe, message: "Broken pipe" }

thread 'tokio-rt-worker' (1221116) panicked at tools/nanospam/src/app.rs:330:63:
called `Result::unwrap()` on an `Err` value: Os { code: 32, kind: BrokenPipe, message: "Broken pipe" }

thread 'tokio-rt-worker' (1219373) panicked at tools/nanospam/src/app.rs:330:63:
called `Result::unwrap()` on an `Err` value: Os { code: 32, kind: BrokenPipe, message: "Broken pipe" }

thread 'tokio-rt-worker' (1221115) panicked at tools/nanospam/src/app.rs:330:63:
called `Result::unwrap()` on an `Err` value: Os { code: 32, kind: BrokenPipe, message: "Broken pipe" }

thread 'tokio-rt-worker' (1221116) panicked at tools/nanospam/src/app.rs:330:63:
called `Result::unwrap()` on an `Err` value: Os { code: 32, kind: BrokenPipe, message: "Broken pipe" }

thread 'tokio-rt-worker' (1219376) panicked at tools/nanospam/src/app.rs:330:63:
called `Result::unwrap()` on an `Err` value: Os { code: 32, kind: BrokenPipe, message: "Broken pipe" }

thread 'tokio-rt-worker' (1219376) panicked at tools/nanospam/src/app.rs:330:63:
called `Result::unwrap()` on an `Err` value: Os { code: 32, kind: BrokenPipe, message: "Broken pipe" }

thread 'tokio-rt-worker' (1221116) panicked at tools/nanospam/src/app.rs:330:63:
called `Result::unwrap()` on an `Err` value: Os { code: 32, kind: BrokenPipe, message: "Broken pipe" }

thread 'tokio-rt-worker' (1221115) panicked at tools/nanospam/src/app.rs:330:63:
called `Result::unwrap()` on an `Err` value: Os { code: 32, kind: BrokenPipe, message: "Broken pipe" }

thread 'tokio-rt-worker' (1219373) panicked at tools/nanospam/src/app.rs:330:63:
called `Result::unwrap()` on an `Err` value: Os { code: 32, kind: BrokenPipe, message: "Broken pipe" }

thread 'tokio-rt-worker' (1219376) panicked at tools/nanospam/src/app.rs:330:63:
called `Result::unwrap()` on an `Err` value: Os { code: 32, kind: BrokenPipe, message: "Broken pipe" }

thread 'tokio-rt-worker' (1219376) panicked at tools/nanospam/src/app.rs:330:63:
called `Result::unwrap()` on an `Err` value: Os { code: 32, kind: BrokenPipe, message: "Broken pipe" }

thread 'tokio-rt-worker' (1219373) panicked at tools/nanospam/src/app.rs:330:63:
called `Result::unwrap()` on an `Err` value: Os { code: 32, kind: BrokenPipe, message: "Broken pipe" }

thread 'tokio-rt-worker' (1221115) panicked at tools/nanospam/src/app.rs:330:63:
called `Result::unwrap()` on an `Err` value: Os { code: 32, kind: BrokenPipe, message: "Broken pipe" }

thread 'tokio-rt-worker' (1221116) panicked at tools/nanospam/src/app.rs:330:63:
called `Result::unwrap()` on an `Err` value: Os { code: 32, kind: BrokenPipe, message: "Broken pipe" }

thread 'tokio-rt-worker' (1219376) panicked at tools/nanospam/src/app.rs:330:63:
called `Result::unwrap()` on an `Err` value: Os { code: 32, kind: BrokenPipe, message: "Broken pipe" }

thread 'tokio-rt-worker' (1219376) panicked at tools/nanospam/src/app.rs:330:63:
called `Result::unwrap()` on an `Err` value: Os { code: 32, kind: BrokenPipe, message: "Broken pipe" }

thread 'tokio-rt-worker' (1221116) panicked at tools/nanospam/src/app.rs:330:63:
called `Result::unwrap()` on an `Err` value: Os { code: 32, kind: BrokenPipe, message: "Broken pipe" }

thread 'tokio-rt-worker' (1221115) panicked at tools/nanospam/src/app.rs:330:63:
called `Result::unwrap()` on an `Err` value: Os { code: 32, kind: BrokenPipe, message: "Broken pipe" }

thread 'tokio-rt-worker' (1219376) panicked at tools/nanospam/src/app.rs:330:63:
called `Result::unwrap()` on an `Err` value: Os { code: 32, kind: BrokenPipe, message: "Broken pipe" }

thread 'tokio-rt-worker' (1219373) panicked at tools/nanospam/src/app.rs:330:63:
called `Result::unwrap()` on an `Err` value: Os { code: 32, kind: BrokenPipe, message: "Broken pipe" }

thread 'tokio-rt-worker' (1219373) panicked at tools/nanospam/src/app.rs:330:63:
called `Result::unwrap()` on an `Err` value: Os { code: 32, kind: BrokenPipe, message: "Broken pipe" }

thread 'tokio-rt-worker' (1219376) panicked at tools/nanospam/src/app.rs:330:63:
called `Result::unwrap()` on an `Err` value: Os { code: 32, kind: BrokenPipe, message: "Broken pipe" }

thread 'tokio-rt-worker' (1221116) panicked at tools/nanospam/src/app.rs:330:63:
called `Result::unwrap()` on an `Err` value: Os { code: 32, kind: BrokenPipe, message: "Broken pipe" }

thread 'tokio-rt-worker' (1219373) panicked at tools/nanospam/src/app.rs:330:63:
called `Result::unwrap()` on an `Err` value: Os { code: 32, kind: BrokenPipe, message: "Broken pipe" }

thread 'tokio-rt-worker' (1221115) panicked at tools/nanospam/src/app.rs:330:63:
called `Result::unwrap()` on an `Err` value: Os { code: 32, kind: BrokenPipe, message: "Broken pipe" }

thread 'tokio-rt-worker' (1219373) panicked at tools/nanospam/src/app.rs:330:63:
called `Result::unwrap()` on an `Err` value: Os { code: 32, kind: BrokenPipe, message: "Broken pipe" }

thread 'tokio-rt-worker' (1221116) panicked at tools/nanospam/src/app.rs:330:63:
called `Result::unwrap()` on an `Err` value: Os { code: 32, kind: BrokenPipe, message: "Broken pipe" }

thread 'tokio-rt-worker' (1220916) panicked at tools/nanospam/src/app.rs:330:63:
called `Result::unwrap()` on an `Err` value: Os { code: 32, kind: BrokenPipe, message: "Broken pipe" }

thread 'tokio-rt-worker' (1221115) panicked at tools/nanospam/src/app.rs:330:63:
called `Result::unwrap()` on an `Err` value: Os { code: 32, kind: BrokenPipe, message: "Broken pipe" }

thread 'tokio-rt-worker' (1219373) panicked at tools/nanospam/src/app.rs:330:63:
called `Result::unwrap()` on an `Err` value: Os { code: 32, kind: BrokenPipe, message: "Broken pipe" }

thread 'tokio-rt-worker' (1219373) panicked at tools/nanospam/src/app.rs:330:63:
called `Result::unwrap()` on an `Err` value: Os { code: 32, kind: BrokenPipe, message: "Broken pipe" }

thread 'tokio-rt-worker' (1221115) panicked at tools/nanospam/src/app.rs:330:63:
called `Result::unwrap()` on an `Err` value: Os { code: 32, kind: BrokenPipe, message: "Broken pipe" }

thread 'tokio-rt-worker' (1220916) panicked at tools/nanospam/src/app.rs:330:63:
called `Result::unwrap()` on an `Err` value: Os { code: 32, kind: BrokenPipe, message: "Broken pipe" }

thread 'tokio-rt-worker' (1219373) panicked at tools/nanospam/src/app.rs:330:63:
called `Result::unwrap()` on an `Err` value: Os { code: 32, kind: BrokenPipe, message: "Broken pipe" }

thread 'tokio-rt-worker' (1221116) panicked at tools/nanospam/src/app.rs:330:63:
called `Result::unwrap()` on an `Err` value: Os { code: 32, kind: BrokenPipe, message: "Broken pipe" }

thread 'tokio-rt-worker' (1221116) panicked at tools/nanospam/src/app.rs:330:63:
called `Result::unwrap()` on an `Err` value: Os { code: 32, kind: BrokenPipe, message: "Broken pipe" }

thread 'tokio-rt-worker' (1220916) panicked at tools/nanospam/src/app.rs:330:63:
called `Result::unwrap()` on an `Err` value: Os { code: 32, kind: BrokenPipe, message: "Broken pipe" }

thread 'tokio-rt-worker' (1219373) panicked at tools/nanospam/src/app.rs:330:63:
called `Result::unwrap()` on an `Err` value: Os { code: 32, kind: BrokenPipe, message: "Broken pipe" }

thread 'tokio-rt-worker' (1221115) panicked at tools/nanospam/src/app.rs:330:63:
called `Result::unwrap()` on an `Err` value: Os { code: 32, kind: BrokenPipe, message: "Broken pipe" }

thread 'tokio-rt-worker' (1221116) panicked at tools/nanospam/src/app.rs:330:63:
called `Result::unwrap()` on an `Err` value: Os { code: 32, kind: BrokenPipe, message: "Broken pipe" }

thread 'tokio-rt-worker' (1221116) panicked at tools/nanospam/src/app.rs:330:63:
called `Result::unwrap()` on an `Err` value: Os { code: 32, kind: BrokenPipe, message: "Broken pipe" }

thread 'tokio-rt-worker' (1221115) panicked at tools/nanospam/src/app.rs:330:63:
called `Result::unwrap()` on an `Err` value: Os { code: 32, kind: BrokenPipe, message: "Broken pipe" }

thread 'tokio-rt-worker' (1220916) panicked at tools/nanospam/src/app.rs:330:63:
called `Result::unwrap()` on an `Err` value: Os { code: 32, kind: BrokenPipe, message: "Broken pipe" }

thread 'tokio-rt-worker' (1219373) panicked at tools/nanospam/src/app.rs:330:63:
called `Result::unwrap()` on an `Err` value: Os { code: 32, kind: BrokenPipe, message: "Broken pipe" }

thread 'tokio-rt-worker' (1221116) panicked at tools/nanospam/src/app.rs:330:63:
called `Result::unwrap()` on an `Err` value: Os { code: 32, kind: BrokenPipe, message: "Broken pipe" }

thread 'tokio-rt-worker' (1221116) panicked at tools/nanospam/src/app.rs:330:63:
called `Result::unwrap()` on an `Err` value: Os { code: 32, kind: BrokenPipe, message: "Broken pipe" }

thread 'tokio-rt-worker' (1219373) panicked at tools/nanospam/src/app.rs:330:63:
called `Result::unwrap()` on an `Err` value: Os { code: 32, kind: BrokenPipe, message: "Broken pipe" }

thread 'tokio-rt-worker' (1220916) panicked at tools/nanospam/src/app.rs:330:63:
called `Result::unwrap()` on an `Err` value: Os { code: 32, kind: BrokenPipe, message: "Broken pipe" }

thread 'tokio-rt-worker' (1221115) panicked at tools/nanospam/src/app.rs:330:63:
called `Result::unwrap()` on an `Err` value: Os { code: 32, kind: BrokenPipe, message: "Broken pipe" }

thread 'tokio-rt-worker' (1221116) panicked at tools/nanospam/src/app.rs:330:63:
called `Result::unwrap()` on an `Err` value: Os { code: 32, kind: BrokenPipe, message: "Broken pipe" }

thread 'tokio-rt-worker' (1221116) panicked at tools/nanospam/src/app.rs:330:63:
called `Result::unwrap()` on an `Err` value: Os { code: 32, kind: BrokenPipe, message: "Broken pipe" }

thread 'tokio-rt-worker' (1221115) panicked at tools/nanospam/src/app.rs:330:63:
called `Result::unwrap()` on an `Err` value: Os { code: 32, kind: BrokenPipe, message: "Broken pipe" }

thread 'tokio-rt-worker' (1220916) panicked at tools/nanospam/src/app.rs:330:63:
called `Result::unwrap()` on an `Err` value: Os { code: 32, kind: BrokenPipe, message: "Broken pipe" }

thread 'tokio-rt-worker' (1219373) panicked at tools/nanospam/src/app.rs:330:63:
called `Result::unwrap()` on an `Err` value: Os { code: 32, kind: BrokenPipe, message: "Broken pipe" }

thread 'tokio-rt-worker' (1221116) panicked at tools/nanospam/src/app.rs:330:63:
called `Result::unwrap()` on an `Err` value: Os { code: 32, kind: BrokenPipe, message: "Broken pipe" }

thread 'tokio-rt-worker' (1221116) panicked at tools/nanospam/src/app.rs:330:63:
called `Result::unwrap()` on an `Err` value: Os { code: 32, kind: BrokenPipe, message: "Broken pipe" }

thread 'tokio-rt-worker' (1219373) panicked at tools/nanospam/src/app.rs:330:63:
called `Result::unwrap()` on an `Err` value: Os { code: 32, kind: BrokenPipe, message: "Broken pipe" }

thread 'tokio-rt-worker' (1220916) panicked at tools/nanospam/src/app.rs:330:63:
called `Result::unwrap()` on an `Err` value: Os { code: 32, kind: BrokenPipe, message: "Broken pipe" }

thread 'tokio-rt-worker' (1221115) panicked at tools/nanospam/src/app.rs:330:63:
called `Result::unwrap()` on an `Err` value: Os { code: 32, kind: BrokenPipe, message: "Broken pipe" }

thread 'tokio-rt-worker' (1221116) panicked at tools/nanospam/src/app.rs:330:63:
called `Result::unwrap()` on an `Err` value: Os { code: 32, kind: BrokenPipe, message: "Broken pipe" }

thread 'tokio-rt-worker' (1221116) panicked at tools/nanospam/src/app.rs:330:63:
called `Result::unwrap()` on an `Err` value: Os { code: 32, kind: BrokenPipe, message: "Broken pipe" }

thread 'tokio-rt-worker' (1220916) panicked at tools/nanospam/src/app.rs:330:63:
called `Result::unwrap()` on an `Err` value: Os { code: 32, kind: BrokenPipe, message: "Broken pipe" }

thread 'tokio-rt-worker' (1219373) panicked at tools/nanospam/src/app.rs:330:63:
called `Result::unwrap()` on an `Err` value: Os { code: 32, kind: BrokenPipe, message: "Broken pipe" }

thread 'tokio-rt-worker' (1221115) panicked at tools/nanospam/src/app.rs:330:63:
called `Result::unwrap()` on an `Err` value: Os { code: 32, kind: BrokenPipe, message: "Broken pipe" }

thread 'tokio-rt-worker' (1221116) panicked at tools/nanospam/src/app.rs:330:63:
called `Result::unwrap()` on an `Err` value: Os { code: 32, kind: BrokenPipe, message: "Broken pipe" }

thread 'tokio-rt-worker' (1221115) panicked at tools/nanospam/src/app.rs:330:63:
called `Result::unwrap()` on an `Err` value: Os { code: 32, kind: BrokenPipe, message: "Broken pipe" }

thread 'tokio-rt-worker' (1221116) panicked at tools/nanospam/src/app.rs:330:63:
called `Result::unwrap()` on an `Err` value: Os { code: 32, kind: BrokenPipe, message: "Broken pipe" }

thread 'tokio-rt-worker' (1219373) panicked at tools/nanospam/src/app.rs:330:63:
called `Result::unwrap()` on an `Err` value: Os { code: 32, kind: BrokenPipe, message: "Broken pipe" }

thread 'tokio-rt-worker' (1220916) panicked at tools/nanospam/src/app.rs:330:63:
called `Result::unwrap()` on an `Err` value: Os { code: 32, kind: BrokenPipe, message: "Broken pipe" }

thread 'tokio-rt-worker' (1221115) panicked at tools/nanospam/src/app.rs:330:63:
called `Result::unwrap()` on an `Err` value: Os { code: 32, kind: BrokenPipe, message: "Broken pipe" }

thread 'tokio-rt-worker' (1221115) panicked at tools/nanospam/src/app.rs:330:63:
called `Result::unwrap()` on an `Err` value: Os { code: 32, kind: BrokenPipe, message: "Broken pipe" }

thread 'tokio-rt-worker' (1219373) panicked at tools/nanospam/src/app.rs:330:63:
called `Result::unwrap()` on an `Err` value: Os { code: 32, kind: BrokenPipe, message: "Broken pipe" }

thread 'tokio-rt-worker' (1221116) panicked at tools/nanospam/src/app.rs:330:63:
called `Result::unwrap()` on an `Err` value: Os { code: 32, kind: BrokenPipe, message: "Broken pipe" }

thread 'tokio-rt-worker' (1220916) panicked at tools/nanospam/src/app.rs:330:63:
called `Result::unwrap()` on an `Err` value: Os { code: 32, kind: BrokenPipe, message: "Broken pipe" }

thread 'tokio-rt-worker' (1221115) panicked at tools/nanospam/src/app.rs:330:63:
called `Result::unwrap()` on an `Err` value: Os { code: 32, kind: BrokenPipe, message: "Broken pipe" }

thread 'tokio-rt-worker' (1221115) panicked at tools/nanospam/src/app.rs:330:63:
called `Result::unwrap()` on an `Err` value: Os { code: 32, kind: BrokenPipe, message: "Broken pipe" }

thread 'tokio-rt-worker' (1220916) panicked at tools/nanospam/src/app.rs:330:63:
called `Result::unwrap()` on an `Err` value: Os { code: 32, kind: BrokenPipe, message: "Broken pipe" }

thread 'tokio-rt-worker' (1221116) panicked at tools/nanospam/src/app.rs:330:63:
called `Result::unwrap()` on an `Err` value: Os { code: 32, kind: BrokenPipe, message: "Broken pipe" }

thread 'tokio-rt-worker' (1219373) panicked at tools/nanospam/src/app.rs:330:63:
called `Result::unwrap()` on an `Err` value: Os { code: 32, kind: BrokenPipe, message: "Broken pipe" }

thread 'tokio-rt-worker' (1221115) panicked at tools/nanospam/src/app.rs:330:63:
called `Result::unwrap()` on an `Err` value: Os { code: 32, kind: BrokenPipe, message: "Broken pipe" }

thread 'tokio-rt-worker' (1221115) panicked at tools/nanospam/src/app.rs:330:63:
called `Result::unwrap()` on an `Err` value: Os { code: 32, kind: BrokenPipe, message: "Broken pipe" }

thread 'tokio-rt-worker' (1219373) panicked at tools/nanospam/src/app.rs:330:63:
called `Result::unwrap()` on an `Err` value: Os { code: 32, kind: BrokenPipe, message: "Broken pipe" }

thread 'tokio-rt-worker' (1221116) panicked at tools/nanospam/src/app.rs:330:63:
called `Result::unwrap()` on an `Err` value: Os { code: 32, kind: BrokenPipe, message: "Broken pipe" }

thread 'tokio-rt-worker' (1220916) panicked at tools/nanospam/src/app.rs:330:63:
called `Result::unwrap()` on an `Err` value: Os { code: 32, kind: BrokenPipe, message: "Broken pipe" }

thread 'tokio-rt-worker' (1221115) panicked at tools/nanospam/src/app.rs:330:63:
called `Result::unwrap()` on an `Err` value: Os { code: 32, kind: BrokenPipe, message: "Broken pipe" }

thread 'tokio-rt-worker' (1220916) panicked at tools/nanospam/src/app.rs:330:63:
called `Result::unwrap()` on an `Err` value: Os { code: 32, kind: BrokenPipe, message: "Broken pipe" }

thread 'tokio-rt-worker' (1221116) panicked at tools/nanospam/src/app.rs:330:63:
called `Result::unwrap()` on an `Err` value: Os { code: 32, kind: BrokenPipe, message: "Broken pipe" }

thread 'tokio-rt-worker' (1220925) panicked at tools/nanospam/src/app.rs:330:63:
called `Result::unwrap()` on an `Err` value: Os { code: 32, kind: BrokenPipe, message: "Broken pipe" }

thread 'tokio-rt-worker' (1221115) panicked at tools/nanospam/src/app.rs:330:63:
called `Result::unwrap()` on an `Err` value: Os { code: 32, kind: BrokenPipe, message: "Broken pipe" }

thread 'tokio-rt-worker' (1220916) panicked at tools/nanospam/src/app.rs:330:63:
called `Result::unwrap()` on an `Err` value: Os { code: 32, kind: BrokenPipe, message: "Broken pipe" }

thread 'tokio-rt-worker' (1220916) panicked at tools/nanospam/src/app.rs:330:63:
called `Result::unwrap()` on an `Err` value: Os { code: 32, kind: BrokenPipe, message: "Broken pipe" }

thread 'tokio-rt-worker' (1220925) panicked at tools/nanospam/src/app.rs:330:63:
called `Result::unwrap()` on an `Err` value: Os { code: 32, kind: BrokenPipe, message: "Broken pipe" }

thread 'tokio-rt-worker' (1221115) panicked at tools/nanospam/src/app.rs:330:63:
called `Result::unwrap()` on an `Err` value: Os { code: 32, kind: BrokenPipe, message: "Broken pipe" }

thread 'tokio-rt-worker' (1221116) panicked at tools/nanospam/src/app.rs:330:63:
called `Result::unwrap()` on an `Err` value: Os { code: 32, kind: BrokenPipe, message: "Broken pipe" }

thread 'tokio-rt-worker' (1220916) panicked at tools/nanospam/src/app.rs:330:63:
called `Result::unwrap()` on an `Err` value: Os { code: 32, kind: BrokenPipe, message: "Broken pipe" }

thread 'tokio-rt-worker' (1220916) panicked at tools/nanospam/src/app.rs:330:63:
called `Result::unwrap()` on an `Err` value: Os { code: 32, kind: BrokenPipe, message: "Broken pipe" }

thread 'tokio-rt-worker' (1221115) panicked at tools/nanospam/src/app.rs:330:63:
called `Result::unwrap()` on an `Err` value: Os { code: 32, kind: BrokenPipe, message: "Broken pipe" }

thread 'tokio-rt-worker' (1221116) panicked at tools/nanospam/src/app.rs:330:63:
called `Result::unwrap()` on an `Err` value: Os { code: 32, kind: BrokenPipe, message: "Broken pipe" }

thread 'tokio-rt-worker' (1220925) panicked at tools/nanospam/src/app.rs:330:63:
called `Result::unwrap()` on an `Err` value: Os { code: 32, kind: BrokenPipe, message: "Broken pipe" }

thread 'tokio-rt-worker' (1220916) panicked at tools/nanospam/src/app.rs:330:63:
called `Result::unwrap()` on an `Err` value: Os { code: 32, kind: BrokenPipe, message: "Broken pipe" }

thread 'tokio-rt-worker' (1220916) panicked at tools/nanospam/src/app.rs:330:63:
called `Result::unwrap()` on an `Err` value: Os { code: 32, kind: BrokenPipe, message: "Broken pipe" }

thread 'tokio-rt-worker' (1221116) panicked at tools/nanospam/src/app.rs:330:63:
called `Result::unwrap()` on an `Err` value: Os { code: 32, kind: BrokenPipe, message: "Broken pipe" }

thread 'tokio-rt-worker' (1221115) panicked at tools/nanospam/src/app.rs:330:63:
called `Result::unwrap()` on an `Err` value: Os { code: 32, kind: BrokenPipe, message: "Broken pipe" }

thread 'tokio-rt-worker' (1220925) panicked at tools/nanospam/src/app.rs:330:63:
called `Result::unwrap()` on an `Err` value: Os { code: 32, kind: BrokenPipe, message: "Broken pipe" }

thread 'tokio-rt-worker' (1220916) panicked at tools/nanospam/src/app.rs:330:63:
called `Result::unwrap()` on an `Err` value: Os { code: 32, kind: BrokenPipe, message: "Broken pipe" }

thread 'tokio-rt-worker' (1220916) panicked at tools/nanospam/src/app.rs:330:63:
called `Result::unwrap()` on an `Err` value: Os { code: 32, kind: BrokenPipe, message: "Broken pipe" }

thread 'tokio-rt-worker' (1221115) panicked at tools/nanospam/src/app.rs:330:63:
called `Result::unwrap()` on an `Err` value: Os { code: 32, kind: BrokenPipe, message: "Broken pipe" }

thread 'tokio-rt-worker' (1220925) panicked at tools/nanospam/src/app.rs:330:63:
called `Result::unwrap()` on an `Err` value: Os { code: 32, kind: BrokenPipe, message: "Broken pipe" }

thread 'tokio-rt-worker' (1220916) panicked at tools/nanospam/src/app.rs:330:63:
called `Result::unwrap()` on an `Err` value: Os { code: 32, kind: BrokenPipe, message: "Broken pipe" }

thread 'tokio-rt-worker' (1221116) panicked at tools/nanospam/src/app.rs:330:63:
called `Result::unwrap()` on an `Err` value: Os { code: 32, kind: BrokenPipe, message: "Broken pipe" }

thread 'tokio-rt-worker' (1221116) panicked at tools/nanospam/src/app.rs:330:63:
called `Result::unwrap()` on an `Err` value: Os { code: 32, kind: BrokenPipe, message: "Broken pipe" }

thread 'tokio-rt-worker' (1220925) panicked at tools/nanospam/src/app.rs:330:63:
called `Result::unwrap()` on an `Err` value: Os { code: 32, kind: BrokenPipe, message: "Broken pipe" }

thread 'tokio-rt-worker' (1220916) panicked at tools/nanospam/src/app.rs:330:63:
called `Result::unwrap()` on an `Err` value: Os { code: 32, kind: BrokenPipe, message: "Broken pipe" }

thread 'tokio-rt-worker' (1221115) panicked at tools/nanospam/src/app.rs:330:63:
called `Result::unwrap()` on an `Err` value: Os { code: 32, kind: BrokenPipe, message: "Broken pipe" }

thread 'tokio-rt-worker' (1221116) panicked at tools/nanospam/src/app.rs:330:63:
called `Result::unwrap()` on an `Err` value: Os { code: 32, kind: BrokenPipe, message: "Broken pipe" }

thread 'tokio-rt-worker' (1221116) panicked at tools/nanospam/src/app.rs:330:63:
called `Result::unwrap()` on an `Err` value: Os { code: 32, kind: BrokenPipe, message: "Broken pipe" }

thread 'tokio-rt-worker' (1221115) panicked at tools/nanospam/src/app.rs:330:63:
called `Result::unwrap()` on an `Err` value: Os { code: 32, kind: BrokenPipe, message: "Broken pipe" }

thread 'tokio-rt-worker' (1220916) panicked at tools/nanospam/src/app.rs:330:63:
called `Result::unwrap()` on an `Err` value: Os { code: 32, kind: BrokenPipe, message: "Broken pipe" }

thread 'tokio-rt-worker' (1220925) panicked at tools/nanospam/src/app.rs:330:63:
called `Result::unwrap()` on an `Err` value: Os { code: 32, kind: BrokenPipe, message: "Broken pipe" }

thread 'tokio-rt-worker' (1221116) panicked at tools/nanospam/src/app.rs:330:63:
called `Result::unwrap()` on an `Err` value: Os { code: 32, kind: BrokenPipe, message: "Broken pipe" }

thread 'tokio-rt-worker' (1221116) panicked at tools/nanospam/src/app.rs:330:63:
called `Result::unwrap()` on an `Err` value: Os { code: 32, kind: BrokenPipe, message: "Broken pipe" }

thread 'tokio-rt-worker' (1220925) panicked at tools/nanospam/src/app.rs:330:63:
called `Result::unwrap()` on an `Err` value: Os { code: 32, kind: BrokenPipe, message: "Broken pipe" }

thread 'tokio-rt-worker' (1221115) panicked at tools/nanospam/src/app.rs:330:63:
called `Result::unwrap()` on an `Err` value: Os { code: 32, kind: BrokenPipe, message: "Broken pipe" }

thread 'tokio-rt-worker' (1221116) panicked at tools/nanospam/src/app.rs:330:63:
called `Result::unwrap()` on an `Err` value: Os { code: 32, kind: BrokenPipe, message: "Broken pipe" }

thread 'tokio-rt-worker' (1220916) panicked at tools/nanospam/src/app.rs:330:63:
called `Result::unwrap()` on an `Err` value: Os { code: 32, kind: BrokenPipe, message: "Broken pipe" }

thread 'tokio-rt-worker' (1220916) panicked at tools/nanospam/src/app.rs:330:63:
called `Result::unwrap()` on an `Err` value: Os { code: 32, kind: BrokenPipe, message: "Broken pipe" }

thread 'tokio-rt-worker' (1221116) panicked at tools/nanospam/src/app.rs:330:63:
called `Result::unwrap()` on an `Err` value: Os { code: 32, kind: BrokenPipe, message: "Broken pipe" }

thread 'tokio-rt-worker' (1221115) panicked at tools/nanospam/src/app.rs:330:63:
called `Result::unwrap()` on an `Err` value: Os { code: 32, kind: BrokenPipe, message: "Broken pipe" }

thread 'tokio-rt-worker' (1220925) panicked at tools/nanospam/src/app.rs:330:63:
called `Result::unwrap()` on an `Err` value: Os { code: 32, kind: BrokenPipe, message: "Broken pipe" }

thread 'tokio-rt-worker' (1220916) panicked at tools/nanospam/src/app.rs:330:63:
called `Result::unwrap()` on an `Err` value: Os { code: 32, kind: BrokenPipe, message: "Broken pipe" }

thread 'tokio-rt-worker' (1220916) panicked at tools/nanospam/src/app.rs:330:63:
called `Result::unwrap()` on an `Err` value: Os { code: 32, kind: BrokenPipe, message: "Broken pipe" }

thread 'tokio-rt-worker' (1220925) panicked at tools/nanospam/src/app.rs:330:63:
called `Result::unwrap()` on an `Err` value: Os { code: 32, kind: BrokenPipe, message: "Broken pipe" }

thread 'tokio-rt-worker' (1221115) panicked at tools/nanospam/src/app.rs:330:63:
called `Result::unwrap()` on an `Err` value: Os { code: 32, kind: BrokenPipe, message: "Broken pipe" }

thread 'tokio-rt-worker' (1221116) panicked at tools/nanospam/src/app.rs:330:63:
called `Result::unwrap()` on an `Err` value: Os { code: 32, kind: BrokenPipe, message: "Broken pipe" }

thread 'tokio-rt-worker' (1220916) panicked at tools/nanospam/src/app.rs:330:63:
called `Result::unwrap()` on an `Err` value: Os { code: 32, kind: BrokenPipe, message: "Broken pipe" }

thread 'tokio-rt-worker' (1220916) panicked at tools/nanospam/src/app.rs:330:63:
called `Result::unwrap()` on an `Err` value: Os { code: 32, kind: BrokenPipe, message: "Broken pipe" }

thread 'tokio-rt-worker' (1221116) panicked at tools/nanospam/src/app.rs:330:63:
called `Result::unwrap()` on an `Err` value: Os { code: 32, kind: BrokenPipe, message: "Broken pipe" }

thread 'tokio-rt-worker' (1221115) panicked at tools/nanospam/src/app.rs:330:63:
called `Result::unwrap()` on an `Err` value: Os { code: 32, kind: BrokenPipe, message: "Broken pipe" }

thread 'tokio-rt-worker' (1220925) panicked at tools/nanospam/src/app.rs:330:63:
called `Result::unwrap()` on an `Err` value: Os { code: 32, kind: BrokenPipe, message: "Broken pipe" }

thread 'tokio-rt-worker' (1220916) panicked at tools/nanospam/src/app.rs:330:63:
called `Result::unwrap()` on an `Err` value: Os { code: 32, kind: BrokenPipe, message: "Broken pipe" }

thread 'tokio-rt-worker' (1220916) panicked at tools/nanospam/src/app.rs:330:63:
called `Result::unwrap()` on an `Err` value: Os { code: 32, kind: BrokenPipe, message: "Broken pipe" }

thread 'tokio-rt-worker' (1220925) panicked at tools/nanospam/src/app.rs:330:63:
called `Result::unwrap()` on an `Err` value: Os { code: 32, kind: BrokenPipe, message: "Broken pipe" }

thread 'tokio-rt-worker' (1221115) panicked at tools/nanospam/src/app.rs:330:63:
called `Result::unwrap()` on an `Err` value: Os { code: 32, kind: BrokenPipe, message: "Broken pipe" }

thread 'tokio-rt-worker' (1221116) panicked at tools/nanospam/src/app.rs:330:63:
called `Result::unwrap()` on an `Err` value: Os { code: 32, kind: BrokenPipe, message: "Broken pipe" }

thread 'tokio-rt-worker' (1220916) panicked at tools/nanospam/src/app.rs:330:63:
called `Result::unwrap()` on an `Err` value: Os { code: 32, kind: BrokenPipe, message: "Broken pipe" }

thread 'tokio-rt-worker' (1220916) panicked at tools/nanospam/src/app.rs:330:63:
called `Result::unwrap()` on an `Err` value: Os { code: 32, kind: BrokenPipe, message: "Broken pipe" }

thread 'tokio-rt-worker' (1220925) panicked at tools/nanospam/src/app.rs:330:63:
called `Result::unwrap()` on an `Err` value: Os { code: 32, kind: BrokenPipe, message: "Broken pipe" }

thread 'tokio-rt-worker' (1221115) panicked at tools/nanospam/src/app.rs:330:63:
called `Result::unwrap()` on an `Err` value: Os { code: 32, kind: BrokenPipe, message: "Broken pipe" }

thread 'tokio-rt-worker' (1221116) panicked at tools/nanospam/src/app.rs:330:63:
called `Result::unwrap()` on an `Err` value: Os { code: 32, kind: BrokenPipe, message: "Broken pipe" }

thread 'tokio-rt-worker' (1220916) panicked at tools/nanospam/src/app.rs:330:63:
called `Result::unwrap()` on an `Err` value: Os { code: 32, kind: BrokenPipe, message: "Broken pipe" }

thread 'tokio-rt-worker' (1220925) panicked at tools/nanospam/src/app.rs:330:63:
called `Result::unwrap()` on an `Err` value: Os { code: 32, kind: BrokenPipe, message: "Broken pipe" }

thread 'tokio-rt-worker' (1220916) panicked at tools/nanospam/src/app.rs:330:63:
called `Result::unwrap()` on an `Err` value: Os { code: 32, kind: BrokenPipe, message: "Broken pipe" }

thread 'tokio-rt-worker' (1221116) panicked at tools/nanospam/src/app.rs:330:63:
called `Result::unwrap()` on an `Err` value: Os { code: 32, kind: BrokenPipe, message: "Broken pipe" }

thread 'tokio-rt-worker' (1220925) panicked at tools/nanospam/src/app.rs:330:63:
called `Result::unwrap()` on an `Err` value: Os { code: 32, kind: BrokenPipe, message: "Broken pipe" }

thread 'tokio-rt-worker' (1220916) panicked at tools/nanospam/src/app.rs:330:63:
called `Result::unwrap()` on an `Err` value: Os { code: 32, kind: BrokenPipe, message: "Broken pipe" }

thread 'tokio-rt-worker' (1220916) panicked at tools/nanospam/src/app.rs:330:63:
called `Result::unwrap()` on an `Err` value: Os { code: 32, kind: BrokenPipe, message: "Broken pipe" }

thread 'tokio-rt-worker' (1220925) panicked at tools/nanospam/src/app.rs:330:63:
called `Result::unwrap()` on an `Err` value: Os { code: 32, kind: BrokenPipe, message: "Broken pipe" }

thread 'tokio-rt-worker' (1221115) panicked at tools/nanospam/src/app.rs:330:63:
called `Result::unwrap()` on an `Err` value: Os { code: 32, kind: BrokenPipe, message: "Broken pipe" }

thread 'tokio-rt-worker' (1220916) panicked at tools/nanospam/src/app.rs:330:63:
called `Result::unwrap()` on an `Err` value: Os { code: 32, kind: BrokenPipe, message: "Broken pipe" }

thread 'tokio-rt-worker' (1220925) panicked at tools/nanospam/src/app.rs:330:63:
called `Result::unwrap()` on an `Err` value: Os { code: 32, kind: BrokenPipe, message: "Broken pipe" }

thread 'tokio-rt-worker' (1220925) panicked at tools/nanospam/src/app.rs:330:63:
called `Result::unwrap()` on an `Err` value: Os { code: 32, kind: BrokenPipe, message: "Broken pipe" }

thread 'tokio-rt-worker' (1220916) panicked at tools/nanospam/src/app.rs:330:63:
called `Result::unwrap()` on an `Err` value: Os { code: 32, kind: BrokenPipe, message: "Broken pipe" }

thread 'tokio-rt-worker' (1221116) panicked at tools/nanospam/src/app.rs:330:63:
called `Result::unwrap()` on an `Err` value: Os { code: 32, kind: BrokenPipe, message: "Broken pipe" }

thread 'tokio-rt-worker' (1221115) panicked at tools/nanospam/src/app.rs:330:63:
called `Result::unwrap()` on an `Err` value: Os { code: 32, kind: BrokenPipe, message: "Broken pipe" }

thread 'tokio-rt-worker' (1220916) panicked at tools/nanospam/src/app.rs:330:63:
called `Result::unwrap()` on an `Err` value: Os { code: 32, kind: BrokenPipe, message: "Broken pipe" }

thread 'tokio-rt-worker' (1220916) panicked at tools/nanospam/src/app.rs:330:63:
called `Result::unwrap()` on an `Err` value: Os { code: 32, kind: BrokenPipe, message: "Broken pipe" }

thread 'tokio-rt-worker' (1221115) panicked at tools/nanospam/src/app.rs:330:63:
called `Result::unwrap()` on an `Err` value: Os { code: 32, kind: BrokenPipe, message: "Broken pipe" }

thread 'tokio-rt-worker' (1221116) panicked at tools/nanospam/src/app.rs:330:63:
called `Result::unwrap()` on an `Err` value: Os { code: 32, kind: BrokenPipe, message: "Broken pipe" }

thread 'tokio-rt-worker' (1220925) panicked at tools/nanospam/src/app.rs:330:63:
called `Result::unwrap()` on an `Err` value: Os { code: 32, kind: BrokenPipe, message: "Broken pipe" }

thread 'tokio-rt-worker' (1220916) panicked at tools/nanospam/src/app.rs:330:63:
called `Result::unwrap()` on an `Err` value: Os { code: 32, kind: BrokenPipe, message: "Broken pipe" }

thread 'tokio-rt-worker' (1220916) panicked at tools/nanospam/src/app.rs:330:63:
called `Result::unwrap()` on an `Err` value: Os { code: 32, kind: BrokenPipe, message: "Broken pipe" }

thread 'tokio-rt-worker' (1220925) panicked at tools/nanospam/src/app.rs:330:63:
called `Result::unwrap()` on an `Err` value: Os { code: 32, kind: BrokenPipe, message: "Broken pipe" }

thread 'tokio-rt-worker' (1221116) panicked at tools/nanospam/src/app.rs:330:63:
called `Result::unwrap()` on an `Err` value: Os { code: 32, kind: BrokenPipe, message: "Broken pipe" }

thread 'tokio-rt-worker' (1221115) panicked at tools/nanospam/src/app.rs:330:63:
called `Result::unwrap()` on an `Err` value: Os { code: 32, kind: BrokenPipe, message: "Broken pipe" }

thread 'tokio-rt-worker' (1220925) panicked at tools/nanospam/src/app.rs:330:63:
called `Result::unwrap()` on an `Err` value: Os { code: 32, kind: BrokenPipe, message: "Broken pipe" }

thread 'tokio-rt-worker' (1220925) panicked at tools/nanospam/src/app.rs:330:63:
called `Result::unwrap()` on an `Err` value: Os { code: 32, kind: BrokenPipe, message: "Broken pipe" }

thread 'tokio-rt-worker' (1221115) panicked at tools/nanospam/src/app.rs:330:63:
called `Result::unwrap()` on an `Err` value: Os { code: 32, kind: BrokenPipe, message: "Broken pipe" }

thread 'tokio-rt-worker' (1221116) panicked at tools/nanospam/src/app.rs:330:63:
called `Result::unwrap()` on an `Err` value: Os { code: 32, kind: BrokenPipe, message: "Broken pipe" }

thread 'tokio-rt-worker' (1220916) panicked at tools/nanospam/src/app.rs:330:63:
called `Result::unwrap()` on an `Err` value: Os { code: 32, kind: BrokenPipe, message: "Broken pipe" }

thread 'tokio-rt-worker' (1220925) panicked at tools/nanospam/src/app.rs:330:63:
called `Result::unwrap()` on an `Err` value: Os { code: 32, kind: BrokenPipe, message: "Broken pipe" }

thread 'tokio-rt-worker' (1220925) panicked at tools/nanospam/src/app.rs:330:63:
called `Result::unwrap()` on an `Err` value: Os { code: 32, kind: BrokenPipe, message: "Broken pipe" }

thread 'tokio-rt-worker' (1220916) panicked at tools/nanospam/src/app.rs:330:63:
called `Result::unwrap()` on an `Err` value: Os { code: 32, kind: BrokenPipe, message: "Broken pipe" }

thread 'tokio-rt-worker' (1221116) panicked at tools/nanospam/src/app.rs:330:63:
called `Result::unwrap()` on an `Err` value: Os { code: 32, kind: BrokenPipe, message: "Broken pipe" }

thread 'tokio-rt-worker' (1221115) panicked at tools/nanospam/src/app.rs:330:63:
called `Result::unwrap()` on an `Err` value: Os { code: 32, kind: BrokenPipe, message: "Broken pipe" }

thread 'tokio-rt-worker' (1220925) panicked at tools/nanospam/src/app.rs:330:63:
called `Result::unwrap()` on an `Err` value: Os { code: 32, kind: BrokenPipe, message: "Broken pipe" }

thread 'tokio-rt-worker' (1220925) panicked at tools/nanospam/src/app.rs:330:63:
called `Result::unwrap()` on an `Err` value: Os { code: 32, kind: BrokenPipe, message: "Broken pipe" }

thread 'tokio-rt-worker' (1221115) panicked at tools/nanospam/src/app.rs:330:63:
called `Result::unwrap()` on an `Err` value: Os { code: 32, kind: BrokenPipe, message: "Broken pipe" }

thread 'tokio-rt-worker' (1221116) panicked at tools/nanospam/src/app.rs:330:63:
called `Result::unwrap()` on an `Err` value: Os { code: 32, kind: BrokenPipe, message: "Broken pipe" }

thread 'tokio-rt-worker' (1220925) panicked at tools/nanospam/src/app.rs:330:63:
called `Result::unwrap()` on an `Err` value: Os { code: 32, kind: BrokenPipe, message: "Broken pipe" }

thread 'tokio-rt-worker' (1220916) panicked at tools/nanospam/src/app.rs:330:63:
called `Result::unwrap()` on an `Err` value: Os { code: 32, kind: BrokenPipe, message: "Broken pipe" }

thread 'tokio-rt-worker' (1220916) panicked at tools/nanospam/src/app.rs:330:63:
called `Result::unwrap()` on an `Err` value: Os { code: 32, kind: BrokenPipe, message: "Broken pipe" }

thread 'tokio-rt-worker' (1220925) panicked at tools/nanospam/src/app.rs:330:63:
called `Result::unwrap()` on an `Err` value: Os { code: 32, kind: BrokenPipe, message: "Broken pipe" }

thread 'tokio-rt-worker' (1221116) panicked at tools/nanospam/src/app.rs:330:63:
called `Result::unwrap()` on an `Err` value: Os { code: 32, kind: BrokenPipe, message: "Broken pipe" }

thread 'tokio-rt-worker' (1221115) panicked at tools/nanospam/src/app.rs:330:63:
called `Result::unwrap()` on an `Err` value: Os { code: 32, kind: BrokenPipe, message: "Broken pipe" }

thread 'tokio-rt-worker' (1220916) panicked at tools/nanospam/src/app.rs:330:63:
called `Result::unwrap()` on an `Err` value: Os { code: 32, kind: BrokenPipe, message: "Broken pipe" }

thread 'tokio-rt-worker' (1220916) panicked at tools/nanospam/src/app.rs:330:63:
called `Result::unwrap()` on an `Err` value: Os { code: 32, kind: BrokenPipe, message: "Broken pipe" }

thread 'tokio-rt-worker' (1221115) panicked at tools/nanospam/src/app.rs:330:63:
called `Result::unwrap()` on an `Err` value: Os { code: 32, kind: BrokenPipe, message: "Broken pipe" }

thread 'tokio-rt-worker' (1221116) panicked at tools/nanospam/src/app.rs:330:63:
called `Result::unwrap()` on an `Err` value: Os { code: 32, kind: BrokenPipe, message: "Broken pipe" }

thread 'tokio-rt-worker' (1220925) panicked at tools/nanospam/src/app.rs:330:63:
called `Result::unwrap()` on an `Err` value: Os { code: 32, kind: BrokenPipe, message: "Broken pipe" }

thread 'tokio-rt-worker' (1220916) panicked at tools/nanospam/src/app.rs:330:63:
called `Result::unwrap()` on an `Err` value: Os { code: 32, kind: BrokenPipe, message: "Broken pipe" }

thread 'tokio-rt-worker' (1219375) panicked at tools/nanospam/src/app.rs:330:63:
called `Result::unwrap()` on an `Err` value: Os { code: 32, kind: BrokenPipe, message: "Broken pipe" }

thread 'tokio-rt-worker' (1221116) panicked at tools/nanospam/src/app.rs:330:63:
called `Result::unwrap()` on an `Err` value: Os { code: 32, kind: BrokenPipe, message: "Broken pipe" }

thread 'tokio-rt-worker' (1220916) panicked at tools/nanospam/src/app.rs:330:63:
called `Result::unwrap()` on an `Err` value: Os { code: 32, kind: BrokenPipe, message: "Broken pipe" }

thread 'tokio-rt-worker' (1219375) panicked at tools/nanospam/src/app.rs:330:63:
called `Result::unwrap()` on an `Err` value: Os { code: 32, kind: BrokenPipe, message: "Broken pipe" }

thread 'tokio-rt-worker' (1221116) panicked at tools/nanospam/src/app.rs:330:63:
called `Result::unwrap()` on an `Err` value: Os { code: 32, kind: BrokenPipe, message: "Broken pipe" }

thread 'tokio-rt-worker' (1221116) panicked at tools/nanospam/src/app.rs:330:63:
called `Result::unwrap()` on an `Err` value: Os { code: 32, kind: BrokenPipe, message: "Broken pipe" }

thread 'tokio-rt-worker' (1219375) panicked at tools/nanospam/src/app.rs:330:63:
called `Result::unwrap()` on an `Err` value: Os { code: 32, kind: BrokenPipe, message: "Broken pipe" }

thread 'tokio-rt-worker' (1220916) panicked at tools/nanospam/src/app.rs:330:63:
called `Result::unwrap()` on an `Err` value: Os { code: 32, kind: BrokenPipe, message: "Broken pipe" }

thread 'tokio-rt-worker' (1221116) panicked at tools/nanospam/src/app.rs:330:63:
called `Result::unwrap()` on an `Err` value: Os { code: 32, kind: BrokenPipe, message: "Broken pipe" }

thread 'tokio-rt-worker' (1219375) panicked at tools/nanospam/src/app.rs:330:63:
called `Result::unwrap()` on an `Err` value: Os { code: 32, kind: BrokenPipe, message: "Broken pipe" }

thread 'tokio-rt-worker' (1219375) panicked at tools/nanospam/src/app.rs:330:63:
called `Result::unwrap()` on an `Err` value: Os { code: 32, kind: BrokenPipe, message: "Broken pipe" }

thread 'tokio-rt-worker' (1220925) panicked at tools/nanospam/src/app.rs:330:63:
called `Result::unwrap()` on an `Err` value: Os { code: 32, kind: BrokenPipe, message: "Broken pipe" }

thread 'tokio-rt-worker' (1220916) panicked at tools/nanospam/src/app.rs:330:63:
called `Result::unwrap()` on an `Err` value: Os { code: 32, kind: BrokenPipe, message: "Broken pipe" }

thread 'tokio-rt-worker' (1221116) panicked at tools/nanospam/src/app.rs:330:63:
called `Result::unwrap()` on an `Err` value: Os { code: 32, kind: BrokenPipe, message: "Broken pipe" }

thread 'tokio-rt-worker' (1219375) panicked at tools/nanospam/src/app.rs:330:63:
called `Result::unwrap()` on an `Err` value: Os { code: 32, kind: BrokenPipe, message: "Broken pipe" }

thread 'tokio-rt-worker' (1219375) panicked at tools/nanospam/src/app.rs:330:63:
called `Result::unwrap()` on an `Err` value: Os { code: 32, kind: BrokenPipe, message: "Broken pipe" }

thread 'tokio-rt-worker' (1221116) panicked at tools/nanospam/src/app.rs:330:63:
called `Result::unwrap()` on an `Err` value: Os { code: 32, kind: BrokenPipe, message: "Broken pipe" }

thread 'tokio-rt-worker' (1220916) panicked at tools/nanospam/src/app.rs:330:63:
called `Result::unwrap()` on an `Err` value: Os { code: 32, kind: BrokenPipe, message: "Broken pipe" }

thread 'tokio-rt-worker' (1220925) panicked at tools/nanospam/src/app.rs:330:63:
called `Result::unwrap()` on an `Err` value: Os { code: 32, kind: BrokenPipe, message: "Broken pipe" }

thread 'tokio-rt-worker' (1219375) panicked at tools/nanospam/src/app.rs:330:63:
called `Result::unwrap()` on an `Err` value: Os { code: 32, kind: BrokenPipe, message: "Broken pipe" }

thread 'tokio-rt-worker' (1219375) panicked at tools/nanospam/src/app.rs:330:63:
called `Result::unwrap()` on an `Err` value: Os { code: 32, kind: BrokenPipe, message: "Broken pipe" }

thread 'tokio-rt-worker' (1220916) panicked at tools/nanospam/src/app.rs:330:63:
called `Result::unwrap()` on an `Err` value: Os { code: 32, kind: BrokenPipe, message: "Broken pipe" }

thread 'tokio-rt-worker' (1220925) panicked at tools/nanospam/src/app.rs:330:63:
called `Result::unwrap()` on an `Err` value: Os { code: 32, kind: BrokenPipe, message: "Broken pipe" }

thread 'tokio-rt-worker' (1221116) panicked at tools/nanospam/src/app.rs:330:63:
called `Result::unwrap()` on an `Err` value: Os { code: 32, kind: BrokenPipe, message: "Broken pipe" }

thread 'tokio-rt-worker' (1219375) panicked at tools/nanospam/src/app.rs:330:63:
called `Result::unwrap()` on an `Err` value: Os { code: 32, kind: BrokenPipe, message: "Broken pipe" }

thread 'tokio-rt-worker' (1219375) panicked at tools/nanospam/src/app.rs:330:63:
called `Result::unwrap()` on an `Err` value: Os { code: 32, kind: BrokenPipe, message: "Broken pipe" }

thread 'tokio-rt-worker' (1221116) panicked at tools/nanospam/src/app.rs:330:63:
called `Result::unwrap()` on an `Err` value: Os { code: 32, kind: BrokenPipe, message: "Broken pipe" }

thread 'tokio-rt-worker' (1220925) panicked at tools/nanospam/src/app.rs:330:63:
called `Result::unwrap()` on an `Err` value: Os { code: 32, kind: BrokenPipe, message: "Broken pipe" }

thread 'tokio-rt-worker' (1220916) panicked at tools/nanospam/src/app.rs:330:63:
called `Result::unwrap()` on an `Err` value: Os { code: 32, kind: BrokenPipe, message: "Broken pipe" }

thread 'tokio-rt-worker' (1219375) panicked at tools/nanospam/src/app.rs:330:63:
called `Result::unwrap()` on an `Err` value: Os { code: 32, kind: BrokenPipe, message: "Broken pipe" }

thread 'tokio-rt-worker' (1219375) panicked at tools/nanospam/src/app.rs:330:63:
called `Result::unwrap()` on an `Err` value: Os { code: 32, kind: BrokenPipe, message: "Broken pipe" }

thread 'tokio-rt-worker' (1220916) panicked at tools/nanospam/src/app.rs:330:63:
called `Result::unwrap()` on an `Err` value: Os { code: 32, kind: BrokenPipe, message: "Broken pipe" }

thread 'tokio-rt-worker' (1220925) panicked at tools/nanospam/src/app.rs:330:63:
called `Result::unwrap()` on an `Err` value: Os { code: 32, kind: BrokenPipe, message: "Broken pipe" }

thread 'tokio-rt-worker' (1221116) panicked at tools/nanospam/src/app.rs:330:63:
called `Result::unwrap()` on an `Err` value: Os { code: 32, kind: BrokenPipe, message: "Broken pipe" }

thread 'tokio-rt-worker' (1219375) panicked at tools/nanospam/src/app.rs:330:63:
called `Result::unwrap()` on an `Err` value: Os { code: 32, kind: BrokenPipe, message: "Broken pipe" }

thread 'tokio-rt-worker' (1219375) panicked at tools/nanospam/src/app.rs:330:63:
called `Result::unwrap()` on an `Err` value: Os { code: 32, kind: BrokenPipe, message: "Broken pipe" }

thread 'tokio-rt-worker' (1221116) panicked at tools/nanospam/src/app.rs:330:63:
called `Result::unwrap()` on an `Err` value: Os { code: 32, kind: BrokenPipe, message: "Broken pipe" }

thread 'tokio-rt-worker' (1220925) panicked at tools/nanospam/src/app.rs:330:63:
called `Result::unwrap()` on an `Err` value: Os { code: 32, kind: BrokenPipe, message: "Broken pipe" }

thread 'tokio-rt-worker' (1220916) panicked at tools/nanospam/src/app.rs:330:63:
called `Result::unwrap()` on an `Err` value: Os { code: 32, kind: BrokenPipe, message: "Broken pipe" }

thread 'tokio-rt-worker' (1219375) panicked at tools/nanospam/src/app.rs:330:63:
called `Result::unwrap()` on an `Err` value: Os { code: 32, kind: BrokenPipe, message: "Broken pipe" }

thread 'tokio-rt-worker' (1219375) panicked at tools/nanospam/src/app.rs:330:63:
called `Result::unwrap()` on an `Err` value: Os { code: 32, kind: BrokenPipe, message: "Broken pipe" }

thread 'tokio-rt-worker' (1220925) panicked at tools/nanospam/src/app.rs:330:63:
called `Result::unwrap()` on an `Err` value: Os { code: 32, kind: BrokenPipe, message: "Broken pipe" }

thread 'tokio-rt-worker' (1220916) panicked at tools/nanospam/src/app.rs:330:63:
called `Result::unwrap()` on an `Err` value: Os { code: 32, kind: BrokenPipe, message: "Broken pipe" }

thread 'tokio-rt-worker' (1221116) panicked at tools/nanospam/src/app.rs:330:63:
called `Result::unwrap()` on an `Err` value: Os { code: 32, kind: BrokenPipe, message: "Broken pipe" }

thread 'tokio-rt-worker' (1219375) panicked at tools/nanospam/src/app.rs:330:63:
called `Result::unwrap()` on an `Err` value: Os { code: 32, kind: BrokenPipe, message: "Broken pipe" }

thread 'tokio-rt-worker' (1219375) panicked at tools/nanospam/src/app.rs:330:63:
called `Result::unwrap()` on an `Err` value: Os { code: 32, kind: BrokenPipe, message: "Broken pipe" }

thread 'tokio-rt-worker' (1221116) panicked at tools/nanospam/src/app.rs:330:63:
called `Result::unwrap()` on an `Err` value: Os { code: 32, kind: BrokenPipe, message: "Broken pipe" }

thread 'tokio-rt-worker' (1220916) panicked at tools/nanospam/src/app.rs:330:63:
called `Result::unwrap()` on an `Err` value: Os { code: 32, kind: BrokenPipe, message: "Broken pipe" }

thread 'tokio-rt-worker' (1220925) panicked at tools/nanospam/src/app.rs:330:63:
called `Result::unwrap()` on an `Err` value: Os { code: 32, kind: BrokenPipe, message: "Broken pipe" }

thread 'tokio-rt-worker' (1219375) panicked at tools/nanospam/src/app.rs:330:63:
called `Result::unwrap()` on an `Err` value: Os { code: 32, kind: BrokenPipe, message: "Broken pipe" }

thread 'tokio-rt-worker' (1219375) panicked at tools/nanospam/src/app.rs:330:63:
called `Result::unwrap()` on an `Err` value: Os { code: 32, kind: BrokenPipe, message: "Broken pipe" }

thread 'tokio-rt-worker' (1220925) panicked at tools/nanospam/src/app.rs:330:63:
called `Result::unwrap()` on an `Err` value: Os { code: 32, kind: BrokenPipe, message: "Broken pipe" }

thread 'tokio-rt-worker' (1221116) panicked at tools/nanospam/src/app.rs:330:63:
called `Result::unwrap()` on an `Err` value: Os { code: 32, kind: BrokenPipe, message: "Broken pipe" }

thread 'tokio-rt-worker' (1219375) panicked at tools/nanospam/src/app.rs:330:63:
called `Result::unwrap()` on an `Err` value: Os { code: 32, kind: BrokenPipe, message: "Broken pipe" }

thread 'tokio-rt-worker' (1220916) panicked at tools/nanospam/src/app.rs:330:63:
called `Result::unwrap()` on an `Err` value: Os { code: 32, kind: BrokenPipe, message: "Broken pipe" }

thread 'tokio-rt-worker' (1220916) panicked at tools/nanospam/src/app.rs:330:63:
called `Result::unwrap()` on an `Err` value: Os { code: 32, kind: BrokenPipe, message: "Broken pipe" }

thread 'tokio-rt-worker' (1219375) panicked at tools/nanospam/src/app.rs:330:63:
called `Result::unwrap()` on an `Err` value: Os { code: 32, kind: BrokenPipe, message: "Broken pipe" }

thread 'tokio-rt-worker' (1221116) panicked at tools/nanospam/src/app.rs:330:63:
called `Result::unwrap()` on an `Err` value: Os { code: 32, kind: BrokenPipe, message: "Broken pipe" }

thread 'tokio-rt-worker' (1220925) panicked at tools/nanospam/src/app.rs:330:63:
called `Result::unwrap()` on an `Err` value: Os { code: 32, kind: BrokenPipe, message: "Broken pipe" }

thread 'tokio-rt-worker' (1220916) panicked at tools/nanospam/src/app.rs:330:63:
called `Result::unwrap()` on an `Err` value: Os { code: 32, kind: BrokenPipe, message: "Broken pipe" }

thread 'tokio-rt-worker' (1220916) panicked at tools/nanospam/src/app.rs:330:63:
called `Result::unwrap()` on an `Err` value: Os { code: 32, kind: BrokenPipe, message: "Broken pipe" }

thread 'tokio-rt-worker' (1220925) panicked at tools/nanospam/src/app.rs:330:63:
called `Result::unwrap()` on an `Err` value: Os { code: 32, kind: BrokenPipe, message: "Broken pipe" }

thread 'tokio-rt-worker' (1221116) panicked at tools/nanospam/src/app.rs:330:63:
called `Result::unwrap()` on an `Err` value: Os { code: 32, kind: BrokenPipe, message: "Broken pipe" }

thread 'tokio-rt-worker' (1219375) panicked at tools/nanospam/src/app.rs:330:63:
called `Result::unwrap()` on an `Err` value: Os { code: 32, kind: BrokenPipe, message: "Broken pipe" }

thread 'tokio-rt-worker' (1220916) panicked at tools/nanospam/src/app.rs:330:63:
called `Result::unwrap()` on an `Err` value: Os { code: 32, kind: BrokenPipe, message: "Broken pipe" }

thread 'tokio-rt-worker' (1220916) panicked at tools/nanospam/src/app.rs:330:63:
called `Result::unwrap()` on an `Err` value: Os { code: 32, kind: BrokenPipe, message: "Broken pipe" }

thread 'tokio-rt-worker' (1219375) panicked at tools/nanospam/src/app.rs:330:63:
called `Result::unwrap()` on an `Err` value: Os { code: 32, kind: BrokenPipe, message: "Broken pipe" }

thread 'tokio-rt-worker' (1221116) panicked at tools/nanospam/src/app.rs:330:63:
called `Result::unwrap()` on an `Err` value: Os { code: 32, kind: BrokenPipe, message: "Broken pipe" }

thread 'tokio-rt-worker' (1220925) panicked at tools/nanospam/src/app.rs:330:63:
called `Result::unwrap()` on an `Err` value: Os { code: 32, kind: BrokenPipe, message: "Broken pipe" }

thread 'tokio-rt-worker' (1220916) panicked at tools/nanospam/src/app.rs:330:63:
called `Result::unwrap()` on an `Err` value: Os { code: 32, kind: BrokenPipe, message: "Broken pipe" }

thread 'tokio-rt-worker' (1220916) panicked at tools/nanospam/src/app.rs:330:63:
called `Result::unwrap()` on an `Err` value: Os { code: 32, kind: BrokenPipe, message: "Broken pipe" }

thread 'tokio-rt-worker' (1221116) panicked at tools/nanospam/src/app.rs:330:63:
called `Result::unwrap()` on an `Err` value: Os { code: 32, kind: BrokenPipe, message: "Broken pipe" }

thread 'tokio-rt-worker' (1220925) panicked at tools/nanospam/src/app.rs:330:63:
called `Result::unwrap()` on an `Err` value: Os { code: 32, kind: BrokenPipe, message: "Broken pipe" }

thread 'tokio-rt-worker' (1219375) panicked at tools/nanospam/src/app.rs:330:63:
called `Result::unwrap()` on an `Err` value: Os { code: 32, kind: BrokenPipe, message: "Broken pipe" }

thread 'tokio-rt-worker' (1220916) panicked at tools/nanospam/src/app.rs:330:63:
called `Result::unwrap()` on an `Err` value: Os { code: 32, kind: BrokenPipe, message: "Broken pipe" }

thread 'tokio-rt-worker' (1220916) panicked at tools/nanospam/src/app.rs:330:63:
called `Result::unwrap()` on an `Err` value: Os { code: 32, kind: BrokenPipe, message: "Broken pipe" }

thread 'tokio-rt-worker' (1219375) panicked at tools/nanospam/src/app.rs:330:63:
called `Result::unwrap()` on an `Err` value: Os { code: 32, kind: BrokenPipe, message: "Broken pipe" }

thread 'tokio-rt-worker' (1220925) panicked at tools/nanospam/src/app.rs:330:63:
called `Result::unwrap()` on an `Err` value: Os { code: 32, kind: BrokenPipe, message: "Broken pipe" }

thread 'tokio-rt-worker' (1221116) panicked at tools/nanospam/src/app.rs:330:63:
called `Result::unwrap()` on an `Err` value: Os { code: 32, kind: BrokenPipe, message: "Broken pipe" }

thread 'tokio-rt-worker' (1220916) panicked at tools/nanospam/src/app.rs:330:63:
called `Result::unwrap()` on an `Err` value: Os { code: 32, kind: BrokenPipe, message: "Broken pipe" }

thread 'tokio-rt-worker' (1220916) panicked at tools/nanospam/src/app.rs:330:63:
called `Result::unwrap()` on an `Err` value: Os { code: 32, kind: BrokenPipe, message: "Broken pipe" }

thread 'tokio-rt-worker' (1221116) panicked at tools/nanospam/src/app.rs:330:63:
called `Result::unwrap()` on an `Err` value: Os { code: 32, kind: BrokenPipe, message: "Broken pipe" }

thread 'tokio-rt-worker' (1220925) panicked at tools/nanospam/src/app.rs:330:63:
called `Result::unwrap()` on an `Err` value: Os { code: 32, kind: BrokenPipe, message: "Broken pipe" }

thread 'tokio-rt-worker' (1219375) panicked at tools/nanospam/src/app.rs:330:63:
called `Result::unwrap()` on an `Err` value: Os { code: 32, kind: BrokenPipe, message: "Broken pipe" }

thread 'tokio-rt-worker' (1220916) panicked at tools/nanospam/src/app.rs:330:63:
called `Result::unwrap()` on an `Err` value: Os { code: 32, kind: BrokenPipe, message: "Broken pipe" }
[2m2026-09-23T07:38:19.910876Z[0m [32m INFO[0m [2mnanospam::app[0m[2m:[0m Confirmed 42,792 blocks | 2,000 bps | 0 cps | avg conf time: 0 ms

thread 'tokio-rt-worker' (1219375) panicked at tools/nanospam/src/app.rs:330:63:
called `Result::unwrap()` on an `Err` value: Os { code: 32, kind: BrokenPipe, message: "Broken pipe" }

thread 'tokio-rt-worker' (1220925) panicked at tools/nanospam/src/app.rs:330:63:
called `Result::unwrap()` on an `Err` value: Os { code: 32, kind: BrokenPipe, message: "Broken pipe" }

thread 'tokio-rt-worker' (1219374) panicked at tools/nanospam/src/app.rs:330:63:
called `Result::unwrap()` on an `Err` value: Os { code: 32, kind: BrokenPipe, message: "Broken pipe" }

thread 'tokio-rt-worker' (1219375) panicked at tools/nanospam/src/app.rs:330:63:
called `Result::unwrap()` on an `Err` value: Os { code: 32, kind: BrokenPipe, message: "Broken pipe" }

thread 'tokio-rt-worker' (1220916) panicked at tools/nanospam/src/app.rs:330:63:
called `Result::unwrap()` on an `Err` value: Os { code: 32, kind: BrokenPipe, message: "Broken pipe" }

thread 'tokio-rt-worker' (1220916) panicked at tools/nanospam/src/app.rs:330:63:
called `Result::unwrap()` on an `Err` value: Os { code: 32, kind: BrokenPipe, message: "Broken pipe" }

thread 'tokio-rt-worker' (1219374) panicked at tools/nanospam/src/app.rs:330:63:
called `Result::unwrap()` on an `Err` value: Os { code: 32, kind: BrokenPipe, message: "Broken pipe" }

thread 'tokio-rt-worker' (1219375) panicked at tools/nanospam/src/app.rs:330:63:
called `Result::unwrap()` on an `Err` value: Os { code: 32, kind: BrokenPipe, message: "Broken pipe" }

thread 'tokio-rt-worker' (1220925) panicked at tools/nanospam/src/app.rs:330:63:
called `Result::unwrap()` on an `Err` value: Os { code: 32, kind: BrokenPipe, message: "Broken pipe" }

thread 'tokio-rt-worker' (1220916) panicked at tools/nanospam/src/app.rs:330:63:
called `Result::unwrap()` on an `Err` value: Os { code: 32, kind: BrokenPipe, message: "Broken pipe" }

thread 'tokio-rt-worker' (1220916) panicked at tools/nanospam/src/app.rs:330:63:
called `Result::unwrap()` on an `Err` value: Os { code: 32, kind: BrokenPipe, message: "Broken pipe" }

thread 'tokio-rt-worker' (1219375) panicked at tools/nanospam/src/app.rs:330:63:
called `Result::unwrap()` on an `Err` value: Os { code: 32, kind: BrokenPipe, message: "Broken pipe" }

thread 'tokio-rt-worker' (1220925) panicked at tools/nanospam/src/app.rs:330:63:
called `Result::unwrap()` on an `Err` value: Os { code: 32, kind: BrokenPipe, message: "Broken pipe" }

thread 'tokio-rt-worker' (1219374) panicked at tools/nanospam/src/app.rs:330:63:
called `Result::unwrap()` on an `Err` value: Os { code: 32, kind: BrokenPipe, message: "Broken pipe" }

thread 'tokio-rt-worker' (1220916) panicked at tools/nanospam/src/app.rs:330:63:
called `Result::unwrap()` on an `Err` value: Os { code: 32, kind: BrokenPipe, message: "Broken pipe" }

thread 'tokio-rt-worker' (1220916) panicked at tools/nanospam/src/app.rs:330:63:
called `Result::unwrap()` on an `Err` value: Os { code: 32, kind: BrokenPipe, message: "Broken pipe" }

thread 'tokio-rt-worker' (1220925) panicked at tools/nanospam/src/app.rs:330:63:
called `Result::unwrap()` on an `Err` value: Os { code: 32, kind: BrokenPipe, message: "Broken pipe" }

thread 'tokio-rt-worker' (1219374) panicked at tools/nanospam/src/app.rs:330:63:
called `Result::unwrap()` on an `Err` value: Os { code: 32, kind: BrokenPipe, message: "Broken pipe" }

thread 'tokio-rt-worker' (1220916) panicked at tools/nanospam/src/app.rs:330:63:
called `Result::unwrap()` on an `Err` value: Os { code: 32, kind: BrokenPipe, message: "Broken pipe" }

thread 'tokio-rt-worker' (1220925) panicked at tools/nanospam/src/app.rs:330:63:
called `Result::unwrap()` on an `Err` value: Os { code: 32, kind: BrokenPipe, message: "Broken pipe" }

thread 'tokio-rt-worker' (1220925) panicked at tools/nanospam/src/app.rs:330:63:
called `Result::unwrap()` on an `Err` value: Os { code: 32, kind: BrokenPipe, message: "Broken pipe" }

thread 'tokio-rt-worker' (1220916) panicked at tools/nanospam/src/app.rs:330:63:
called `Result::unwrap()` on an `Err` value: Os { code: 32, kind: BrokenPipe, message: "Broken pipe" }

thread 'tokio-rt-worker' (1219374) panicked at tools/nanospam/src/app.rs:330:63:
called `Result::unwrap()` on an `Err` value: Os { code: 32, kind: BrokenPipe, message: "Broken pipe" }

thread 'tokio-rt-worker' (1220916) panicked at tools/nanospam/src/app.rs:330:63:
called `Result::unwrap()` on an `Err` value: Os { code: 32, kind: BrokenPipe, message: "Broken pipe" }

thread 'tokio-rt-worker' (1219374) panicked at tools/nanospam/src/app.rs:330:63:
called `Result::unwrap()` on an `Err` value: Os { code: 32, kind: BrokenPipe, message: "Broken pipe" }

thread 'tokio-rt-worker' (1219374) panicked at tools/nanospam/src/app.rs:330:63:
called `Result::unwrap()` on an `Err` value: Os { code: 32, kind: BrokenPipe, message: "Broken pipe" }

thread 'tokio-rt-worker' (1220916) panicked at tools/nanospam/src/app.rs:330:63:
called `Result::unwrap()` on an `Err` value: Os { code: 32, kind: BrokenPipe, message: "Broken pipe" }

thread 'tokio-rt-worker' (1219375) panicked at tools/nanospam/src/app.rs:330:63:
called `Result::unwrap()` on an `Err` value: Os { code: 32, kind: BrokenPipe, message: "Broken pipe" }

thread 'tokio-rt-worker' (1220925) panicked at tools/nanospam/src/app.rs:330:63:
called `Result::unwrap()` on an `Err` value: Os { code: 32, kind: BrokenPipe, message: "Broken pipe" }

thread 'tokio-rt-worker' (1219374) panicked at tools/nanospam/src/app.rs:330:63:
called `Result::unwrap()` on an `Err` value: Os { code: 32, kind: BrokenPipe, message: "Broken pipe" }

thread 'tokio-rt-worker' (1219374) panicked at tools/nanospam/src/app.rs:330:63:
called `Result::unwrap()` on an `Err` value: Os { code: 32, kind: BrokenPipe, message: "Broken pipe" }

thread 'tokio-rt-worker' (1220925) panicked at tools/nanospam/src/app.rs:330:63:
called `Result::unwrap()` on an `Err` value: Os { code: 32, kind: BrokenPipe, message: "Broken pipe" }

thread 'tokio-rt-worker' (1219375) panicked at tools/nanospam/src/app.rs:330:63:
called `Result::unwrap()` on an `Err` value: Os { code: 32, kind: BrokenPipe, message: "Broken pipe" }

thread 'tokio-rt-worker' (1220916) panicked at tools/nanospam/src/app.rs:330:63:
called `Result::unwrap()` on an `Err` value: Os { code: 32, kind: BrokenPipe, message: "Broken pipe" }

thread 'tokio-rt-worker' (1219374) panicked at tools/nanospam/src/app.rs:330:63:
called `Result::unwrap()` on an `Err` value: Os { code: 32, kind: BrokenPipe, message: "Broken pipe" }

thread 'tokio-rt-worker' (1219374) panicked at tools/nanospam/src/app.rs:330:63:
called `Result::unwrap()` on an `Err` value: Os { code: 32, kind: BrokenPipe, message: "Broken pipe" }

thread 'tokio-rt-worker' (1220916) panicked at tools/nanospam/src/app.rs:330:63:
called `Result::unwrap()` on an `Err` value: Os { code: 32, kind: BrokenPipe, message: "Broken pipe" }

thread 'tokio-rt-worker' (1219375) panicked at tools/nanospam/src/app.rs:330:63:
called `Result::unwrap()` on an `Err` value: Os { code: 32, kind: BrokenPipe, message: "Broken pipe" }

thread 'tokio-rt-worker' (1220925) panicked at tools/nanospam/src/app.rs:330:63:
called `Result::unwrap()` on an `Err` value: Os { code: 32, kind: BrokenPipe, message: "Broken pipe" }

thread 'tokio-rt-worker' (1219374) panicked at tools/nanospam/src/app.rs:330:63:
called `Result::unwrap()` on an `Err` value: Os { code: 32, kind: BrokenPipe, message: "Broken pipe" }

thread 'tokio-rt-worker' (1219374) panicked at tools/nanospam/src/app.rs:330:63:
called `Result::unwrap()` on an `Err` value: Os { code: 32, kind: BrokenPipe, message: "Broken pipe" }

thread 'tokio-rt-worker' (1220925) panicked at tools/nanospam/src/app.rs:330:63:
called `Result::unwrap()` on an `Err` value: Os { code: 32, kind: BrokenPipe, message: "Broken pipe" }

thread 'tokio-rt-worker' (1219375) panicked at tools/nanospam/src/app.rs:330:63:
called `Result::unwrap()` on an `Err` value: Os { code: 32, kind: BrokenPipe, message: "Broken pipe" }

thread 'tokio-rt-worker' (1220916) panicked at tools/nanospam/src/app.rs:330:63:
called `Result::unwrap()` on an `Err` value: Os { code: 32, kind: BrokenPipe, message: "Broken pipe" }

thread 'tokio-rt-worker' (1219374) panicked at tools/nanospam/src/app.rs:330:63:
called `Result::unwrap()` on an `Err` value: Os { code: 32, kind: BrokenPipe, message: "Broken pipe" }

thread 'tokio-rt-worker' (1219374) panicked at tools/nanospam/src/app.rs:330:63:
called `Result::unwrap()` on an `Err` value: Os { code: 32, kind: BrokenPipe, message: "Broken pipe" }

thread 'tokio-rt-worker' (1220916) panicked at tools/nanospam/src/app.rs:330:63:
called `Result::unwrap()` on an `Err` value: Os { code: 32, kind: BrokenPipe, message: "Broken pipe" }

thread 'tokio-rt-worker' (1219375) panicked at tools/nanospam/src/app.rs:330:63:
called `Result::unwrap()` on an `Err` value: Os { code: 32, kind: BrokenPipe, message: "Broken pipe" }

thread 'tokio-rt-worker' (1220925) panicked at tools/nanospam/src/app.rs:330:63:
called `Result::unwrap()` on an `Err` value: Os { code: 32, kind: BrokenPipe, message: "Broken pipe" }

thread 'tokio-rt-worker' (1219374) panicked at tools/nanospam/src/app.rs:330:63:
called `Result::unwrap()` on an `Err` value: Os { code: 32, kind: BrokenPipe, message: "Broken pipe" }

thread 'tokio-rt-worker' (1219374) panicked at tools/nanospam/src/app.rs:330:63:
called `Result::unwrap()` on an `Err` value: Os { code: 32, kind: BrokenPipe, message: "Broken pipe" }

thread 'tokio-rt-worker' (1219375) panicked at tools/nanospam/src/app.rs:330:63:
called `Result::unwrap()` on an `Err` value: Os { code: 32, kind: BrokenPipe, message: "Broken pipe" }

thread 'tokio-rt-worker' (1220916) panicked at tools/nanospam/src/app.rs:330:63:
called `Result::unwrap()` on an `Err` value: Os { code: 32, kind: BrokenPipe, message: "Broken pipe" }

thread 'tokio-rt-worker' (1220925) panicked at tools/nanospam/src/app.rs:330:63:
called `Result::unwrap()` on an `Err` value: Os { code: 32, kind: BrokenPipe, message: "Broken pipe" }

thread 'tokio-rt-worker' (1219374) panicked at tools/nanospam/src/app.rs:330:63:
called `Result::unwrap()` on an `Err` value: Os { code: 32, kind: BrokenPipe, message: "Broken pipe" }

thread 'tokio-rt-worker' (1219374) panicked at tools/nanospam/src/app.rs:330:63:
called `Result::unwrap()` on an `Err` value: Os { code: 32, kind: BrokenPipe, message: "Broken pipe" }

thread 'tokio-rt-worker' (1220925) panicked at tools/nanospam/src/app.rs:330:63:
called `Result::unwrap()` on an `Err` value: Os { code: 32, kind: BrokenPipe, message: "Broken pipe" }

thread 'tokio-rt-worker' (1220916) panicked at tools/nanospam/src/app.rs:330:63:
called `Result::unwrap()` on an `Err` value: Os { code: 32, kind: BrokenPipe, message: "Broken pipe" }

thread 'tokio-rt-worker' (1219375) panicked at tools/nanospam/src/app.rs:330:63:
called `Result::unwrap()` on an `Err` value: Os { code: 32, kind: BrokenPipe, message: "Broken pipe" }

thread 'tokio-rt-worker' (1219374) panicked at tools/nanospam/src/app.rs:330:63:
called `Result::unwrap()` on an `Err` value: Os { code: 32, kind: BrokenPipe, message: "Broken pipe" }

thread 'tokio-rt-worker' (1219374) panicked at tools/nanospam/src/app.rs:330:63:
called `Result::unwrap()` on an `Err` value: Os { code: 32, kind: BrokenPipe, message: "Broken pipe" }

thread 'tokio-rt-worker' (1219375) panicked at tools/nanospam/src/app.rs:330:63:
called `Result::unwrap()` on an `Err` value: Os { code: 32, kind: BrokenPipe, message: "Broken pipe" }

thread 'tokio-rt-worker' (1220925) panicked at tools/nanospam/src/app.rs:330:63:
called `Result::unwrap()` on an `Err` value: Os { code: 32, kind: BrokenPipe, message: "Broken pipe" }

thread 'tokio-rt-worker' (1220916) panicked at tools/nanospam/src/app.rs:330:63:
called `Result::unwrap()` on an `Err` value: Os { code: 32, kind: BrokenPipe, message: "Broken pipe" }

thread 'tokio-rt-worker' (1219374) panicked at tools/nanospam/src/app.rs:330:63:
called `Result::unwrap()` on an `Err` value: Os { code: 32, kind: BrokenPipe, message: "Broken pipe" }

thread 'tokio-rt-worker' (1219374) panicked at tools/nanospam/src/app.rs:330:63:
called `Result::unwrap()` on an `Err` value: Os { code: 32, kind: BrokenPipe, message: "Broken pipe" }

thread 'tokio-rt-worker' (1220916) panicked at tools/nanospam/src/app.rs:330:63:
called `Result::unwrap()` on an `Err` value: Os { code: 32, kind: BrokenPipe, message: "Broken pipe" }

thread 'tokio-rt-worker' (1220925) panicked at tools/nanospam/src/app.rs:330:63:
called `Result::unwrap()` on an `Err` value: Os { code: 32, kind: BrokenPipe, message: "Broken pipe" }

thread 'tokio-rt-worker' (1219375) panicked at tools/nanospam/src/app.rs:330:63:
called `Result::unwrap()` on an `Err` value: Os { code: 32, kind: BrokenPipe, message: "Broken pipe" }

thread 'tokio-rt-worker' (1219374) panicked at tools/nanospam/src/app.rs:330:63:
called `Result::unwrap()` on an `Err` value: Os { code: 32, kind: BrokenPipe, message: "Broken pipe" }

thread 'tokio-rt-worker' (1219375) panicked at tools/nanospam/src/app.rs:330:63:
called `Result::unwrap()` on an `Err` value: Os { code: 32, kind: BrokenPipe, message: "Broken pipe" }

thread 'tokio-rt-worker' (1220925) panicked at tools/nanospam/src/app.rs:330:63:
called `Result::unwrap()` on an `Err` value: Os { code: 32, kind: BrokenPipe, message: "Broken pipe" }

thread 'tokio-rt-worker' (1219374) panicked at tools/nanospam/src/app.rs:330:63:
called `Result::unwrap()` on an `Err` value: Os { code: 32, kind: BrokenPipe, message: "Broken pipe" }

thread 'tokio-rt-worker' (1219375) panicked at tools/nanospam/src/app.rs:330:63:
called `Result::unwrap()` on an `Err` value: Os { code: 32, kind: BrokenPipe, message: "Broken pipe" }

thread 'tokio-rt-worker' (1220916) panicked at tools/nanospam/src/app.rs:330:63:
called `Result::unwrap()` on an `Err` value: Os { code: 32, kind: BrokenPipe, message: "Broken pipe" }

thread 'tokio-rt-worker' (1220916) panicked at tools/nanospam/src/app.rs:330:63:
called `Result::unwrap()` on an `Err` value: Os { code: 32, kind: BrokenPipe, message: "Broken pipe" }

thread 'tokio-rt-worker' (1219375) panicked at tools/nanospam/src/app.rs:330:63:
called `Result::unwrap()` on an `Err` value: Os { code: 32, kind: BrokenPipe, message: "Broken pipe" }

thread 'tokio-rt-worker' (1219374) panicked at tools/nanospam/src/app.rs:330:63:
called `Result::unwrap()` on an `Err` value: Os { code: 32, kind: BrokenPipe, message: "Broken pipe" }

thread 'tokio-rt-worker' (1220916) panicked at tools/nanospam/src/app.rs:330:63:
called `Result::unwrap()` on an `Err` value: Os { code: 32, kind: BrokenPipe, message: "Broken pipe" }

thread 'tokio-rt-worker' (1219375) panicked at tools/nanospam/src/app.rs:330:63:
called `Result::unwrap()` on an `Err` value: Os { code: 32, kind: BrokenPipe, message: "Broken pipe" }

thread 'tokio-rt-worker' (1219375) panicked at tools/nanospam/src/app.rs:330:63:
called `Result::unwrap()` on an `Err` value: Os { code: 32, kind: BrokenPipe, message: "Broken pipe" }

thread 'tokio-rt-worker' (1220916) panicked at tools/nanospam/src/app.rs:330:63:
called `Result::unwrap()` on an `Err` value: Os { code: 32, kind: BrokenPipe, message: "Broken pipe" }

thread 'tokio-rt-worker' (1220925) panicked at tools/nanospam/src/app.rs:330:63:
called `Result::unwrap()` on an `Err` value: Os { code: 32, kind: BrokenPipe, message: "Broken pipe" }

thread 'tokio-rt-worker' (1219375) panicked at tools/nanospam/src/app.rs:330:63:
called `Result::unwrap()` on an `Err` value: Os { code: 32, kind: BrokenPipe, message: "Broken pipe" }

thread 'tokio-rt-worker' (1220916) panicked at tools/nanospam/src/app.rs:330:63:
called `Result::unwrap()` on an `Err` value: Os { code: 32, kind: BrokenPipe, message: "Broken pipe" }

thread 'tokio-rt-worker' (1220916) panicked at tools/nanospam/src/app.rs:330:63:
called `Result::unwrap()` on an `Err` value: Os { code: 32, kind: BrokenPipe, message: "Broken pipe" }

thread 'tokio-rt-worker' (1219375) panicked at tools/nanospam/src/app.rs:330:63:
called `Result::unwrap()` on an `Err` value: Os { code: 32, kind: BrokenPipe, message: "Broken pipe" }

thread 'tokio-rt-worker' (1220925) panicked at tools/nanospam/src/app.rs:330:63:
called `Result::unwrap()` on an `Err` value: Os { code: 32, kind: BrokenPipe, message: "Broken pipe" }

thread 'tokio-rt-worker' (1220916) panicked at tools/nanospam/src/app.rs:330:63:
called `Result::unwrap()` on an `Err` value: Os { code: 32, kind: BrokenPipe, message: "Broken pipe" }

thread 'tokio-rt-worker' (1219374) panicked at tools/nanospam/src/app.rs:330:63:
called `Result::unwrap()` on an `Err` value: Os { code: 32, kind: BrokenPipe, message: "Broken pipe" }

thread 'tokio-rt-worker' (1219374) panicked at tools/nanospam/src/app.rs:330:63:
called `Result::unwrap()` on an `Err` value: Os { code: 32, kind: BrokenPipe, message: "Broken pipe" }

thread 'tokio-rt-worker' (1220925) panicked at tools/nanospam/src/app.rs:330:63:
called `Result::unwrap()` on an `Err` value: Os { code: 32, kind: BrokenPipe, message: "Broken pipe" }

thread 'tokio-rt-worker' (1220916) panicked at tools/nanospam/src/app.rs:330:63:
called `Result::unwrap()` on an `Err` value: Os { code: 32, kind: BrokenPipe, message: "Broken pipe" }

thread 'tokio-rt-worker' (1219374) panicked at tools/nanospam/src/app.rs:330:63:
called `Result::unwrap()` on an `Err` value: Os { code: 32, kind: BrokenPipe, message: "Broken pipe" }

thread 'tokio-rt-worker' (1219375) panicked at tools/nanospam/src/app.rs:330:63:
called `Result::unwrap()` on an `Err` value: Os { code: 32, kind: BrokenPipe, message: "Broken pipe" }

thread 'tokio-rt-worker' (1219375) panicked at tools/nanospam/src/app.rs:330:63:
called `Result::unwrap()` on an `Err` value: Os { code: 32, kind: BrokenPipe, message: "Broken pipe" }

thread 'tokio-rt-worker' (1219374) panicked at tools/nanospam/src/app.rs:330:63:
called `Result::unwrap()` on an `Err` value: Os { code: 32, kind: BrokenPipe, message: "Broken pipe" }

thread 'tokio-rt-worker' (1220916) panicked at tools/nanospam/src/app.rs:330:63:
called `Result::unwrap()` on an `Err` value: Os { code: 32, kind: BrokenPipe, message: "Broken pipe" }

thread 'tokio-rt-worker' (1220925) panicked at tools/nanospam/src/app.rs:330:63:
called `Result::unwrap()` on an `Err` value: Os { code: 32, kind: BrokenPipe, message: "Broken pipe" }

thread 'tokio-rt-worker' (1219375) panicked at tools/nanospam/src/app.rs:330:63:
called `Result::unwrap()` on an `Err` value: Os { code: 32, kind: BrokenPipe, message: "Broken pipe" }

thread 'tokio-rt-worker' (1219376) panicked at tools/nanospam/src/app.rs:330:63:
called `Result::unwrap()` on an `Err` value: Os { code: 32, kind: BrokenPipe, message: "Broken pipe" }

thread 'tokio-rt-worker' (1220925) panicked at tools/nanospam/src/app.rs:330:63:
called `Result::unwrap()` on an `Err` value: Os { code: 32, kind: BrokenPipe, message: "Broken pipe" }

thread 'tokio-rt-worker' (1220916) panicked at tools/nanospam/src/app.rs:330:63:
called `Result::unwrap()` on an `Err` value: Os { code: 32, kind: BrokenPipe, message: "Broken pipe" }

thread 'tokio-rt-worker' (1219376) panicked at tools/nanospam/src/app.rs:330:63:
called `Result::unwrap()` on an `Err` value: Os { code: 32, kind: BrokenPipe, message: "Broken pipe" }

thread 'tokio-rt-worker' (1219375) panicked at tools/nanospam/src/app.rs:330:63:
called `Result::unwrap()` on an `Err` value: Os { code: 32, kind: BrokenPipe, message: "Broken pipe" }

thread 'tokio-rt-worker' (1219375) panicked at tools/nanospam/src/app.rs:330:63:
called `Result::unwrap()` on an `Err` value: Os { code: 32, kind: BrokenPipe, message: "Broken pipe" }

thread 'tokio-rt-worker' (1219376) panicked at tools/nanospam/src/app.rs:330:63:
called `Result::unwrap()` on an `Err` value: Os { code: 32, kind: BrokenPipe, message: "Broken pipe" }

thread 'tokio-rt-worker' (1220916) panicked at tools/nanospam/src/app.rs:330:63:
called `Result::unwrap()` on an `Err` value: Os { code: 32, kind: BrokenPipe, message: "Broken pipe" }

thread 'tokio-rt-worker' (1220925) panicked at tools/nanospam/src/app.rs:330:63:
called `Result::unwrap()` on an `Err` value: Os { code: 32, kind: BrokenPipe, message: "Broken pipe" }

thread 'tokio-rt-worker' (1219375) panicked at tools/nanospam/src/app.rs:330:63:
called `Result::unwrap()` on an `Err` value: Os { code: 32, kind: BrokenPipe, message: "Broken pipe" }

thread 'tokio-rt-worker' (1219375) panicked at tools/nanospam/src/app.rs:330:63:
called `Result::unwrap()` on an `Err` value: Os { code: 32, kind: BrokenPipe, message: "Broken pipe" }

thread 'tokio-rt-worker' (1220916) panicked at tools/nanospam/src/app.rs:330:63:
called `Result::unwrap()` on an `Err` value: Os { code: 32, kind: BrokenPipe, message: "Broken pipe" }

thread 'tokio-rt-worker' (1219376) panicked at tools/nanospam/src/app.rs:330:63:
called `Result::unwrap()` on an `Err` value: Os { code: 32, kind: BrokenPipe, message: "Broken pipe" }

thread 'tokio-rt-worker' (1220925) panicked at tools/nanospam/src/app.rs:330:63:
called `Result::unwrap()` on an `Err` value: Os { code: 32, kind: BrokenPipe, message: "Broken pipe" }

thread 'tokio-rt-worker' (1219375) panicked at tools/nanospam/src/app.rs:330:63:
called `Result::unwrap()` on an `Err` value: Os { code: 32, kind: BrokenPipe, message: "Broken pipe" }

thread 'tokio-rt-worker' (1219375) panicked at tools/nanospam/src/app.rs:330:63:
called `Result::unwrap()` on an `Err` value: Os { code: 32, kind: BrokenPipe, message: "Broken pipe" }

thread 'tokio-rt-worker' (1220925) panicked at tools/nanospam/src/app.rs:330:63:
called `Result::unwrap()` on an `Err` value: Os { code: 32, kind: BrokenPipe, message: "Broken pipe" }

thread 'tokio-rt-worker' (1219376) panicked at tools/nanospam/src/app.rs:330:63:
called `Result::unwrap()` on an `Err` value: Os { code: 32, kind: BrokenPipe, message: "Broken pipe" }

thread 'tokio-rt-worker' (1219375) panicked at tools/nanospam/src/app.rs:330:63:
called `Result::unwrap()` on an `Err` value: Os { code: 32, kind: BrokenPipe, message: "Broken pipe" }

thread 'tokio-rt-worker' (1220916) panicked at tools/nanospam/src/app.rs:330:63:
called `Result::unwrap()` on an `Err` value: Os { code: 32, kind: BrokenPipe, message: "Broken pipe" }

thread 'tokio-rt-worker' (1220916) panicked at tools/nanospam/src/app.rs:330:63:
called `Result::unwrap()` on an `Err` value: Os { code: 32, kind: BrokenPipe, message: "Broken pipe" }

thread 'tokio-rt-worker' (1219375) panicked at tools/nanospam/src/app.rs:330:63:
called `Result::unwrap()` on an `Err` value: Os { code: 32, kind: BrokenPipe, message: "Broken pipe" }

thread 'tokio-rt-worker' (1219376) panicked at tools/nanospam/src/app.rs:330:63:
called `Result::unwrap()` on an `Err` value: Os { code: 32, kind: BrokenPipe, message: "Broken pipe" }

thread 'tokio-rt-worker' (1220925) panicked at tools/nanospam/src/app.rs:330:63:
called `Result::unwrap()` on an `Err` value: Os { code: 32, kind: BrokenPipe, message: "Broken pipe" }

thread 'tokio-rt-worker' (1220916) panicked at tools/nanospam/src/app.rs:330:63:
called `Result::unwrap()` on an `Err` value: Os { code: 32, kind: BrokenPipe, message: "Broken pipe" }

thread 'tokio-rt-worker' (1220916) panicked at tools/nanospam/src/app.rs:330:63:
called `Result::unwrap()` on an `Err` value: Os { code: 32, kind: BrokenPipe, message: "Broken pipe" }

thread 'tokio-rt-worker' (1220925) panicked at tools/nanospam/src/app.rs:330:63:
called `Result::unwrap()` on an `Err` value: Os { code: 32, kind: BrokenPipe, message: "Broken pipe" }

thread 'tokio-rt-worker' (1219376) panicked at tools/nanospam/src/app.rs:330:63:
called `Result::unwrap()` on an `Err` value: Os { code: 32, kind: BrokenPipe, message: "Broken pipe" }

thread 'tokio-rt-worker' (1219375) panicked at tools/nanospam/src/app.rs:330:63:
called `Result::unwrap()` on an `Err` value: Os { code: 32, kind: BrokenPipe, message: "Broken pipe" }

thread 'tokio-rt-worker' (1220916) panicked at tools/nanospam/src/app.rs:330:63:
called `Result::unwrap()` on an `Err` value: Os { code: 32, kind: BrokenPipe, message: "Broken pipe" }

thread 'tokio-rt-worker' (1220916) panicked at tools/nanospam/src/app.rs:330:63:
called `Result::unwrap()` on an `Err` value: Os { code: 32, kind: BrokenPipe, message: "Broken pipe" }

thread 'tokio-rt-worker' (1219375) panicked at tools/nanospam/src/app.rs:330:63:
called `Result::unwrap()` on an `Err` value: Os { code: 32, kind: BrokenPipe, message: "Broken pipe" }

thread 'tokio-rt-worker' (1219376) panicked at tools/nanospam/src/app.rs:330:63:
called `Result::unwrap()` on an `Err` value: Os { code: 32, kind: BrokenPipe, message: "Broken pipe" }

thread 'tokio-rt-worker' (1220925) panicked at tools/nanospam/src/app.rs:330:63:
called `Result::unwrap()` on an `Err` value: Os { code: 32, kind: BrokenPipe, message: "Broken pipe" }

thread 'tokio-rt-worker' (1220916) panicked at tools/nanospam/src/app.rs:330:63:
called `Result::unwrap()` on an `Err` value: Os { code: 32, kind: BrokenPipe, message: "Broken pipe" }

thread 'tokio-rt-worker' (1220916) panicked at tools/nanospam/src/app.rs:330:63:
called `Result::unwrap()` on an `Err` value: Os { code: 32, kind: BrokenPipe, message: "Broken pipe" }

thread 'tokio-rt-worker' (1220925) panicked at tools/nanospam/src/app.rs:330:63:
called `Result::unwrap()` on an `Err` value: Os { code: 32, kind: BrokenPipe, message: "Broken pipe" }

thread 'tokio-rt-worker' (1219376) panicked at tools/nanospam/src/app.rs:330:63:
called `Result::unwrap()` on an `Err` value: Os { code: 32, kind: BrokenPipe, message: "Broken pipe" }

thread 'tokio-rt-worker' (1219375) panicked at tools/nanospam/src/app.rs:330:63:
called `Result::unwrap()` on an `Err` value: Os { code: 32, kind: BrokenPipe, message: "Broken pipe" }

thread 'tokio-rt-worker' (1220916) panicked at tools/nanospam/src/app.rs:330:63:
called `Result::unwrap()` on an `Err` value: Os { code: 32, kind: BrokenPipe, message: "Broken pipe" }

thread 'tokio-rt-worker' (1220916) panicked at tools/nanospam/src/app.rs:330:63:
called `Result::unwrap()` on an `Err` value: Os { code: 32, kind: BrokenPipe, message: "Broken pipe" }

thread 'tokio-rt-worker' (1219375) panicked at tools/nanospam/src/app.rs:330:63:
called `Result::unwrap()` on an `Err` value: Os { code: 32, kind: BrokenPipe, message: "Broken pipe" }

thread 'tokio-rt-worker' (1219376) panicked at tools/nanospam/src/app.rs:330:63:
called `Result::unwrap()` on an `Err` value: Os { code: 32, kind: BrokenPipe, message: "Broken pipe" }

thread 'tokio-rt-worker' (1220916) panicked at tools/nanospam/src/app.rs:330:63:
called `Result::unwrap()` on an `Err` value: Os { code: 32, kind: BrokenPipe, message: "Broken pipe" }

thread 'tokio-rt-worker' (1220925) panicked at tools/nanospam/src/app.rs:330:63:
called `Result::unwrap()` on an `Err` value: Os { code: 32, kind: BrokenPipe, message: "Broken pipe" }

thread 'tokio-rt-worker' (1220925) panicked at tools/nanospam/src/app.rs:330:63:
called `Result::unwrap()` on an `Err` value: Os { code: 32, kind: BrokenPipe, message: "Broken pipe" }

thread 'tokio-rt-worker' (1220916) panicked at tools/nanospam/src/app.rs:330:63:
called `Result::unwrap()` on an `Err` value: Os { code: 32, kind: BrokenPipe, message: "Broken pipe" }

thread 'tokio-rt-worker' (1219376) panicked at tools/nanospam/src/app.rs:330:63:
called `Result::unwrap()` on an `Err` value: Os { code: 32, kind: BrokenPipe, message: "Broken pipe" }

thread 'tokio-rt-worker' (1220925) panicked at tools/nanospam/src/app.rs:330:63:
called `Result::unwrap()` on an `Err` value: Os { code: 32, kind: BrokenPipe, message: "Broken pipe" }

thread 'tokio-rt-worker' (1219375) panicked at tools/nanospam/src/app.rs:330:63:
called `Result::unwrap()` on an `Err` value: Os { code: 32, kind: BrokenPipe, message: "Broken pipe" }

thread 'tokio-rt-worker' (1219375) panicked at tools/nanospam/src/app.rs:330:63:
called `Result::unwrap()` on an `Err` value: Os { code: 32, kind: BrokenPipe, message: "Broken pipe" }

thread 'tokio-rt-worker' (1220925) panicked at tools/nanospam/src/app.rs:330:63:
called `Result::unwrap()` on an `Err` value: Os { code: 32, kind: BrokenPipe, message: "Broken pipe" }

thread 'tokio-rt-worker' (1219376) panicked at tools/nanospam/src/app.rs:330:63:
called `Result::unwrap()` on an `Err` value: Os { code: 32, kind: BrokenPipe, message: "Broken pipe" }

thread 'tokio-rt-worker' (1220916) panicked at tools/nanospam/src/app.rs:330:63:
called `Result::unwrap()` on an `Err` value: Os { code: 32, kind: BrokenPipe, message: "Broken pipe" }

thread 'tokio-rt-worker' (1219375) panicked at tools/nanospam/src/app.rs:330:63:
called `Result::unwrap()` on an `Err` value: Os { code: 32, kind: BrokenPipe, message: "Broken pipe" }

thread 'tokio-rt-worker' (1219375) panicked at tools/nanospam/src/app.rs:330:63:
called `Result::unwrap()` on an `Err` value: Os { code: 32, kind: BrokenPipe, message: "Broken pipe" }

thread 'tokio-rt-worker' (1220916) panicked at tools/nanospam/src/app.rs:330:63:
called `Result::unwrap()` on an `Err` value: Os { code: 32, kind: BrokenPipe, message: "Broken pipe" }

thread 'tokio-rt-worker' (1219376) panicked at tools/nanospam/src/app.rs:330:63:
called `Result::unwrap()` on an `Err` value: Os { code: 32, kind: BrokenPipe, message: "Broken pipe" }

thread 'tokio-rt-worker' (1220925) panicked at tools/nanospam/src/app.rs:330:63:
called `Result::unwrap()` on an `Err` value: Os { code: 32, kind: BrokenPipe, message: "Broken pipe" }

thread 'tokio-rt-worker' (1219375) panicked at tools/nanospam/src/app.rs:330:63:
called `Result::unwrap()` on an `Err` value: Os { code: 32, kind: BrokenPipe, message: "Broken pipe" }

thread 'tokio-rt-worker' (1219375) panicked at tools/nanospam/src/app.rs:330:63:
called `Result::unwrap()` on an `Err` value: Os { code: 32, kind: BrokenPipe, message: "Broken pipe" }

thread 'tokio-rt-worker' (1220925) panicked at tools/nanospam/src/app.rs:330:63:
called `Result::unwrap()` on an `Err` value: Os { code: 32, kind: BrokenPipe, message: "Broken pipe" }

thread 'tokio-rt-worker' (1219376) panicked at tools/nanospam/src/app.rs:330:63:
called `Result::unwrap()` on an `Err` value: Os { code: 32, kind: BrokenPipe, message: "Broken pipe" }

thread 'tokio-rt-worker' (1220916) panicked at tools/nanospam/src/app.rs:330:63:
called `Result::unwrap()` on an `Err` value: Os { code: 32, kind: BrokenPipe, message: "Broken pipe" }

thread 'tokio-rt-worker' (1219375) panicked at tools/nanospam/src/app.rs:330:63:
called `Result::unwrap()` on an `Err` value: Os { code: 32, kind: BrokenPipe, message: "Broken pipe" }

thread 'tokio-rt-worker' (1219375) panicked at tools/nanospam/src/app.rs:330:63:
called `Result::unwrap()` on an `Err` value: Os { code: 32, kind: BrokenPipe, message: "Broken pipe" }

thread 'tokio-rt-worker' (1220916) panicked at tools/nanospam/src/app.rs:330:63:
called `Result::unwrap()` on an `Err` value: Os { code: 32, kind: BrokenPipe, message: "Broken pipe" }

thread 'tokio-rt-worker' (1219376) panicked at tools/nanospam/src/app.rs:330:63:
called `Result::unwrap()` on an `Err` value: Os { code: 32, kind: BrokenPipe, message: "Broken pipe" }

thread 'tokio-rt-worker' (1219375) panicked at tools/nanospam/src/app.rs:330:63:
called `Result::unwrap()` on an `Err` value: Os { code: 32, kind: BrokenPipe, message: "Broken pipe" }

thread 'tokio-rt-worker' (1220925) panicked at tools/nanospam/src/app.rs:330:63:
called `Result::unwrap()` on an `Err` value: Os { code: 32, kind: BrokenPipe, message: "Broken pipe" }

thread 'tokio-rt-worker' (1220925) panicked at tools/nanospam/src/app.rs:330:63:
called `Result::unwrap()` on an `Err` value: Os { code: 32, kind: BrokenPipe, message: "Broken pipe" }

thread 'tokio-rt-worker' (1219375) panicked at tools/nanospam/src/app.rs:330:63:
called `Result::unwrap()` on an `Err` value: Os { code: 32, kind: BrokenPipe, message: "Broken pipe" }

thread 'tokio-rt-worker' (1219376) panicked at tools/nanospam/src/app.rs:330:63:
called `Result::unwrap()` on an `Err` value: Os { code: 32, kind: BrokenPipe, message: "Broken pipe" }

thread 'tokio-rt-worker' (1220916) panicked at tools/nanospam/src/app.rs:330:63:
called `Result::unwrap()` on an `Err` value: Os { code: 32, kind: BrokenPipe, message: "Broken pipe" }

thread 'tokio-rt-worker' (1220925) panicked at tools/nanospam/src/app.rs:330:63:
called `Result::unwrap()` on an `Err` value: Os { code: 32, kind: BrokenPipe, message: "Broken pipe" }

thread 'tokio-rt-worker' (1220925) panicked at tools/nanospam/src/app.rs:330:63:
called `Result::unwrap()` on an `Err` value: Os { code: 32, kind: BrokenPipe, message: "Broken pipe" }

thread 'tokio-rt-worker' (1220916) panicked at tools/nanospam/src/app.rs:330:63:
called `Result::unwrap()` on an `Err` value: Os { code: 32, kind: BrokenPipe, message: "Broken pipe" }

thread 'tokio-rt-worker' (1219376) panicked at tools/nanospam/src/app.rs:330:63:
called `Result::unwrap()` on an `Err` value: Os { code: 32, kind: BrokenPipe, message: "Broken pipe" }

thread 'tokio-rt-worker' (1219375) panicked at tools/nanospam/src/app.rs:330:63:
called `Result::unwrap()` on an `Err` value: Os { code: 32, kind: BrokenPipe, message: "Broken pipe" }

thread 'tokio-rt-worker' (1220925) panicked at tools/nanospam/src/app.rs:330:63:
called `Result::unwrap()` on an `Err` value: Os { code: 32, kind: BrokenPipe, message: "Broken pipe" }

thread 'tokio-rt-worker' (1220925) panicked at tools/nanospam/src/app.rs:330:63:
called `Result::unwrap()` on an `Err` value: Os { code: 32, kind: BrokenPipe, message: "Broken pipe" }

thread 'tokio-rt-worker' (1219375) panicked at tools/nanospam/src/app.rs:330:63:
called `Result::unwrap()` on an `Err` value: Os { code: 32, kind: BrokenPipe, message: "Broken pipe" }

thread 'tokio-rt-worker' (1219376) panicked at tools/nanospam/src/app.rs:330:63:
called `Result::unwrap()` on an `Err` value: Os { code: 32, kind: BrokenPipe, message: "Broken pipe" }

thread 'tokio-rt-worker' (1220916) panicked at tools/nanospam/src/app.rs:330:63:
called `Result::unwrap()` on an `Err` value: Os { code: 32, kind: BrokenPipe, message: "Broken pipe" }

thread 'tokio-rt-worker' (1220925) panicked at tools/nanospam/src/app.rs:330:63:
called `Result::unwrap()` on an `Err` value: Os { code: 32, kind: BrokenPipe, message: "Broken pipe" }

thread 'tokio-rt-worker' (1220925) panicked at tools/nanospam/src/app.rs:330:63:
called `Result::unwrap()` on an `Err` value: Os { code: 32, kind: BrokenPipe, message: "Broken pipe" }

thread 'tokio-rt-worker' (1220916) panicked at tools/nanospam/src/app.rs:330:63:
called `Result::unwrap()` on an `Err` value: Os { code: 32, kind: BrokenPipe, message: "Broken pipe" }

thread 'tokio-rt-worker' (1219376) panicked at tools/nanospam/src/app.rs:330:63:
called `Result::unwrap()` on an `Err` value: Os { code: 32, kind: BrokenPipe, message: "Broken pipe" }

thread 'tokio-rt-worker' (1219375) panicked at tools/nanospam/src/app.rs:330:63:
called `Result::unwrap()` on an `Err` value: Os { code: 32, kind: BrokenPipe, message: "Broken pipe" }

thread 'tokio-rt-worker' (1220925) panicked at tools/nanospam/src/app.rs:330:63:
called `Result::unwrap()` on an `Err` value: Os { code: 32, kind: BrokenPipe, message: "Broken pipe" }
