[2m2026-09-23T07:33:25.052464Z[0m [32m INFO[0m [2mnanospam::setup::account_map_factory[0m[2m:[0m Creating account keys file with 45000 keys: "/Users/ruimorais/NanoSpam/account_keys.txt"
[2m2026-09-23T07:33:25.777529Z[0m [32m INFO[0m [2mnanospam::setup::node_config_factory[0m[2m:[0m ********************************************************************************
[2m2026-09-23T07:33:25.777539Z[0m [32m INFO[0m [2mnanospam::setup::node_config_factory[0m[2m:[0m Setting up node PR0...
[2m2026-09-23T07:33:25.777544Z[0m [32m INFO[0m [2mnanospam::setup::node_config_factory[0m[2m:[0m Creating directory "/Users/ruimorais/NanoSpam/pr0"
[2m2026-09-23T07:33:25.777613Z[0m [32m INFO[0m [2mnanospam::setup::node_config_factory[0m[2m:[0m Creating node config file: "/Users/ruimorais/NanoSpam/pr0/config-node.toml"
[2m2026-09-23T07:33:25.777736Z[0m [32m INFO[0m [2mnanospam::setup::node_config_factory[0m[2m:[0m Creating rpc config file: "/Users/ruimorais/NanoSpam/pr0/config-rpc.toml"
[2m2026-09-23T07:33:25.777802Z[0m [32m INFO[0m [2mnanospam::setup::node_config_factory[0m[2m:[0m ********************************************************************************
[2m2026-09-23T07:33:25.777810Z[0m [32m INFO[0m [2mnanospam::setup::node_config_factory[0m[2m:[0m Setting up node PR1...
[2m2026-09-23T07:33:25.777814Z[0m [32m INFO[0m [2mnanospam::setup::node_config_factory[0m[2m:[0m Creating directory "/Users/ruimorais/NanoSpam/pr1"
[2m2026-09-23T07:33:25.777857Z[0m [32m INFO[0m [2mnanospam::setup::node_config_factory[0m[2m:[0m Creating node config file: "/Users/ruimorais/NanoSpam/pr1/config-node.toml"
[2m2026-09-23T07:33:25.777923Z[0m [32m INFO[0m [2mnanospam::setup::node_config_factory[0m[2m:[0m Creating rpc config file: "/Users/ruimorais/NanoSpam/pr1/config-rpc.toml"
[2m2026-09-23T07:33:25.777979Z[0m [32m INFO[0m [2mnanospam::setup::node_config_factory[0m[2m:[0m ********************************************************************************
[2m2026-09-23T07:33:25.777983Z[0m [32m INFO[0m [2mnanospam::setup::node_config_factory[0m[2m:[0m Setting up node PR2...
[2m2026-09-23T07:33:25.777987Z[0m [32m INFO[0m [2mnanospam::setup::node_config_factory[0m[2m:[0m Creating directory "/Users/ruimorais/NanoSpam/pr2"
[2m2026-09-23T07:33:25.778028Z[0m [32m INFO[0m [2mnanospam::setup::node_config_factory[0m[2m:[0m Creating node config file: "/Users/ruimorais/NanoSpam/pr2/config-node.toml"
[2m2026-09-23T07:33:25.778090Z[0m [32m INFO[0m [2mnanospam::setup::node_config_factory[0m[2m:[0m Creating rpc config file: "/Users/ruimorais/NanoSpam/pr2/config-rpc.toml"
[2m2026-09-23T07:33:25.778144Z[0m [32m INFO[0m [2mnanospam::setup::node_config_factory[0m[2m:[0m ********************************************************************************
[2m2026-09-23T07:33:25.778148Z[0m [32m INFO[0m [2mnanospam::setup::node_config_factory[0m[2m:[0m Setting up node PR3...
[2m2026-09-23T07:33:25.778152Z[0m [32m INFO[0m [2mnanospam::setup::node_config_factory[0m[2m:[0m Creating directory "/Users/ruimorais/NanoSpam/pr3"
[2m2026-09-23T07:33:25.778191Z[0m [32m INFO[0m [2mnanospam::setup::node_config_factory[0m[2m:[0m Creating node config file: "/Users/ruimorais/NanoSpam/pr3/config-node.toml"
[2m2026-09-23T07:33:25.778309Z[0m [32m INFO[0m [2mnanospam::setup::node_config_factory[0m[2m:[0m Creating rpc config file: "/Users/ruimorais/NanoSpam/pr3/config-rpc.toml"
[2m2026-09-23T07:33:25.778376Z[0m [32m INFO[0m [2mnanospam::setup::node_config_factory[0m[2m:[0m ********************************************************************************
[2m2026-09-23T07:33:25.778381Z[0m [32m INFO[0m [2mnanospam::setup::node_config_factory[0m[2m:[0m Setting up node PR4...
[2m2026-09-23T07:33:25.778385Z[0m [32m INFO[0m [2mnanospam::setup::node_config_factory[0m[2m:[0m Creating directory "/Users/ruimorais/NanoSpam/pr4"
[2m2026-09-23T07:33:25.778431Z[0m [32m INFO[0m [2mnanospam::setup::node_config_factory[0m[2m:[0m Creating node config file: "/Users/ruimorais/NanoSpam/pr4/config-node.toml"
[2m2026-09-23T07:33:25.778524Z[0m [32m INFO[0m [2mnanospam::setup::node_config_factory[0m[2m:[0m Creating rpc config file: "/Users/ruimorais/NanoSpam/pr4/config-rpc.toml"
[2m2026-09-23T07:33:25.778582Z[0m [32m INFO[0m [2mnanospam::setup::node_config_factory[0m[2m:[0m ********************************************************************************
[2m2026-09-23T07:33:25.778585Z[0m [32m INFO[0m [2mnanospam::setup::node_config_factory[0m[2m:[0m Setting up node PR5...
[2m2026-09-23T07:33:25.778588Z[0m [32m INFO[0m [2mnanospam::setup::node_config_factory[0m[2m:[0m Creating directory "/Users/ruimorais/NanoSpam/pr5"
[2m2026-09-23T07:33:25.778630Z[0m [32m INFO[0m [2mnanospam::setup::node_config_factory[0m[2m:[0m Creating node config file: "/Users/ruimorais/NanoSpam/pr5/config-node.toml"
[2m2026-09-23T07:33:25.778690Z[0m [32m INFO[0m [2mnanospam::setup::node_config_factory[0m[2m:[0m Creating rpc config file: "/Users/ruimorais/NanoSpam/pr5/config-rpc.toml"
[2m2026-09-23T07:33:25.778777Z[0m [32m INFO[0m [2mnanospam::setup::node_launcher[0m[2m:[0m Starting node: NANO_TEST_GENESIS_BLOCK="{\n    \"type\": \"open\",\n    \"account\": \"nano_3nroioygg54nusrmyun4woimqex36sp3drnctdt5955uqu47fxbkrxk7n7ne\",\n    \"source\": \"D315857CE70C54DE713F6E82E5613BB3A1266C15E28AD2F4338C7BBEC456F532\",\n    \"representative\": \"nano_3nroioygg54nusrmyun4woimqex36sp3drnctdt5955uqu47fxbkrxk7n7ne\",\n    \"signature\": \"3F6792C2DC623DF2E8643777160AB983B66B337E2478E13D2C3448126A8F4CD8DCCD19803C158A057FA44060AE0EFC09B1C311CB4FBF42F8D240610B38F56E08\",\n    \"work\": \"70FEF01F7EC45DEC\"\n    }" NANO_TEST_GENESIS_PRV ="49643F9B10CA1AA34F9AF8ED4AABD29F436104CCC375974B108534A48EAE3FE1" "rsnano" "--network" "test" "--data-path" "/Users/ruimorais/NanoSpam/pr0" "node" "run"
[2m2026-09-23T07:33:25.779219Z[0m [32m INFO[0m [2mnanospam::setup::node_launcher[0m[2m:[0m Waiting for RPC...
[2m2026-09-23T07:33:25.882530Z[0m [32m INFO[0m [2mnanospam::setup::node_launcher[0m[2m:[0m Starting node: NANO_TEST_GENESIS_BLOCK="{\n    \"type\": \"open\",\n    \"account\": \"nano_3nroioygg54nusrmyun4woimqex36sp3drnctdt5955uqu47fxbkrxk7n7ne\",\n    \"source\": \"D315857CE70C54DE713F6E82E5613BB3A1266C15E28AD2F4338C7BBEC456F532\",\n    \"representative\": \"nano_3nroioygg54nusrmyun4woimqex36sp3drnctdt5955uqu47fxbkrxk7n7ne\",\n    \"signature\": \"3F6792C2DC623DF2E8643777160AB983B66B337E2478E13D2C3448126A8F4CD8DCCD19803C158A057FA44060AE0EFC09B1C311CB4FBF42F8D240610B38F56E08\",\n    \"work\": \"70FEF01F7EC45DEC\"\n    }" NANO_TEST_GENESIS_PRV ="49643F9B10CA1AA34F9AF8ED4AABD29F436104CCC375974B108534A48EAE3FE1" "rsnano" "--network" "test" "--data-path" "/Users/ruimorais/NanoSpam/pr1" "node" "run"
[2m2026-09-23T07:33:25.883012Z[0m [32m INFO[0m [2mnanospam::setup::node_launcher[0m[2m:[0m Waiting for RPC...
[2m2026-09-23T07:33:25.985258Z[0m [32m INFO[0m [2mnanospam::setup::node_launcher[0m[2m:[0m Starting node: NANO_TEST_GENESIS_BLOCK="{\n    \"type\": \"open\",\n    \"account\": \"nano_3nroioygg54nusrmyun4woimqex36sp3drnctdt5955uqu47fxbkrxk7n7ne\",\n    \"source\": \"D315857CE70C54DE713F6E82E5613BB3A1266C15E28AD2F4338C7BBEC456F532\",\n    \"representative\": \"nano_3nroioygg54nusrmyun4woimqex36sp3drnctdt5955uqu47fxbkrxk7n7ne\",\n    \"signature\": \"3F6792C2DC623DF2E8643777160AB983B66B337E2478E13D2C3448126A8F4CD8DCCD19803C158A057FA44060AE0EFC09B1C311CB4FBF42F8D240610B38F56E08\",\n    \"work\": \"70FEF01F7EC45DEC\"\n    }" NANO_TEST_GENESIS_PRV ="49643F9B10CA1AA34F9AF8ED4AABD29F436104CCC375974B108534A48EAE3FE1" "rsnano" "--network" "test" "--data-path" "/Users/ruimorais/NanoSpam/pr2" "node" "run"
[2m2026-09-23T07:33:25.985809Z[0m [32m INFO[0m [2mnanospam::setup::node_launcher[0m[2m:[0m Waiting for RPC...
[2m2026-09-23T07:33:26.089652Z[0m [32m INFO[0m [2mnanospam::setup::node_launcher[0m[2m:[0m Starting node: NANO_TEST_GENESIS_BLOCK="{\n    \"type\": \"open\",\n    \"account\": \"nano_3nroioygg54nusrmyun4woimqex36sp3drnctdt5955uqu47fxbkrxk7n7ne\",\n    \"source\": \"D315857CE70C54DE713F6E82E5613BB3A1266C15E28AD2F4338C7BBEC456F532\",\n    \"representative\": \"nano_3nroioygg54nusrmyun4woimqex36sp3drnctdt5955uqu47fxbkrxk7n7ne\",\n    \"signature\": \"3F6792C2DC623DF2E8643777160AB983B66B337E2478E13D2C3448126A8F4CD8DCCD19803C158A057FA44060AE0EFC09B1C311CB4FBF42F8D240610B38F56E08\",\n    \"work\": \"70FEF01F7EC45DEC\"\n    }" NANO_TEST_GENESIS_PRV ="49643F9B10CA1AA34F9AF8ED4AABD29F436104CCC375974B108534A48EAE3FE1" "rsnano" "--network" "test" "--data-path" "/Users/ruimorais/NanoSpam/pr3" "node" "run"
[2m2026-09-23T07:33:26.090473Z[0m [32m INFO[0m [2mnanospam::setup::node_launcher[0m[2m:[0m Waiting for RPC...
[2m2026-09-23T07:33:26.192890Z[0m [32m INFO[0m [2mnanospam::setup::node_launcher[0m[2m:[0m Starting node: NANO_TEST_GENESIS_BLOCK="{\n    \"type\": \"open\",\n    \"account\": \"nano_3nroioygg54nusrmyun4woimqex36sp3drnctdt5955uqu47fxbkrxk7n7ne\",\n    \"source\": \"D315857CE70C54DE713F6E82E5613BB3A1266C15E28AD2F4338C7BBEC456F532\",\n    \"representative\": \"nano_3nroioygg54nusrmyun4woimqex36sp3drnctdt5955uqu47fxbkrxk7n7ne\",\n    \"signature\": \"3F6792C2DC623DF2E8643777160AB983B66B337E2478E13D2C3448126A8F4CD8DCCD19803C158A057FA44060AE0EFC09B1C311CB4FBF42F8D240610B38F56E08\",\n    \"work\": \"70FEF01F7EC45DEC\"\n    }" NANO_TEST_GENESIS_PRV ="49643F9B10CA1AA34F9AF8ED4AABD29F436104CCC375974B108534A48EAE3FE1" "rsnano" "--network" "test" "--data-path" "/Users/ruimorais/NanoSpam/pr4" "node" "run"
[2m2026-09-23T07:33:26.193192Z[0m [32m INFO[0m [2mnanospam::setup::node_launcher[0m[2m:[0m Waiting for RPC...
[2m2026-09-23T07:33:26.297192Z[0m [32m INFO[0m [2mnanospam::setup::node_launcher[0m[2m:[0m Starting node: NANO_TEST_GENESIS_BLOCK="{\n    \"type\": \"open\",\n    \"account\": \"nano_3nroioygg54nusrmyun4woimqex36sp3drnctdt5955uqu47fxbkrxk7n7ne\",\n    \"source\": \"D315857CE70C54DE713F6E82E5613BB3A1266C15E28AD2F4338C7BBEC456F532\",\n    \"representative\": \"nano_3nroioygg54nusrmyun4woimqex36sp3drnctdt5955uqu47fxbkrxk7n7ne\",\n    \"signature\": \"3F6792C2DC623DF2E8643777160AB983B66B337E2478E13D2C3448126A8F4CD8DCCD19803C158A057FA44060AE0EFC09B1C311CB4FBF42F8D240610B38F56E08\",\n    \"work\": \"70FEF01F7EC45DEC\"\n    }" NANO_TEST_GENESIS_PRV ="49643F9B10CA1AA34F9AF8ED4AABD29F436104CCC375974B108534A48EAE3FE1" "rsnano" "--network" "test" "--data-path" "/Users/ruimorais/NanoSpam/pr5" "node" "run"
[2m2026-09-23T07:33:26.297699Z[0m [32m INFO[0m [2mnanospam::setup::node_launcher[0m[2m:[0m Waiting for RPC...
[2m2026-09-23T07:33:26.400486Z[0m [32m INFO[0m [2mnanospam::wallets_factory[0m[2m:[0m Creating wallet...
[2m2026-09-23T07:33:26.465223Z[0m [32m INFO[0m [2mnanospam::wallets_factory[0m[2m:[0m Setting default representative...
[2m2026-09-23T07:33:26.465567Z[0m [32m INFO[0m [2mnanospam::wallets_factory[0m[2m:[0m Creating wallet...
[2m2026-09-23T07:33:26.508385Z[0m [32m INFO[0m [2mnanospam::wallets_factory[0m[2m:[0m Setting default representative...
[2m2026-09-23T07:33:26.508651Z[0m [32m INFO[0m [2mnanospam::wallets_factory[0m[2m:[0m Sending Ӿ40,047,061 to PR1 wallet nano_3atmwjh8t11psdqf3qx6xjfiei94oajch6zsyauowxzjogbbgz168g5mp8f1 ...
[2m2026-09-23T07:33:26.509040Z[0m [32m INFO[0m [2mnanospam::wallets_factory[0m[2m:[0m Waiting for confirmation for B19EAD8221E07E52EEB7CA7EE50577B662C489ADBA15C0727DB6F8AEDAD50081
[2m2026-09-23T07:33:41.705113Z[0m [32m INFO[0m [2mnanospam::wallets_factory[0m[2m:[0m Receiving...
[2m2026-09-23T07:33:41.706316Z[0m [32m INFO[0m [2mnanospam::wallets_factory[0m[2m:[0m Waiting for confirmation for CBAA8D9FE2AA2CFEB77B87886D76922E22E4C51C0C091A54179A7E5CF79FC967
[2m2026-09-23T07:33:41.912858Z[0m [32m INFO[0m [2mnanospam::wallets_factory[0m[2m:[0m DONE
[2m2026-09-23T07:33:41.913040Z[0m [32m INFO[0m [2mnanospam::wallets_factory[0m[2m:[0m ********************************************************************************
[2m2026-09-23T07:33:41.913070Z[0m [32m INFO[0m [2mnanospam::wallets_factory[0m[2m:[0m Creating wallet...
[2m2026-09-23T07:33:41.993870Z[0m [32m INFO[0m [2mnanospam::wallets_factory[0m[2m:[0m Setting default representative...
[2m2026-09-23T07:33:41.994264Z[0m [32m INFO[0m [2mnanospam::wallets_factory[0m[2m:[0m Sending Ӿ40,047,061 to PR2 wallet nano_36asm8scxymtsjmgqp14per3zxpgaec1c65qb9en1buscq7qzqa93tfyyzs3 ...
[2m2026-09-23T07:33:41.994761Z[0m [32m INFO[0m [2mnanospam::wallets_factory[0m[2m:[0m Waiting for confirmation for CAFB013DCCB20BBF4CC103A0FDD2BF25C8F109B9E984B96D0666840E4B0F89BA
[2m2026-09-23T07:33:42.096896Z[0m [32m INFO[0m [2mnanospam::wallets_factory[0m[2m:[0m Receiving...
[2m2026-09-23T07:33:42.099086Z[0m [32m INFO[0m [2mnanospam::wallets_factory[0m[2m:[0m Waiting for confirmation for 7189E44F408196E8FD1F393F06CDAD4F7C5A415B2A2DDFA8ABEABEE83DA60182
[2m2026-09-23T07:33:42.201741Z[0m [32m INFO[0m [2mnanospam::wallets_factory[0m[2m:[0m DONE
[2m2026-09-23T07:33:42.201790Z[0m [32m INFO[0m [2mnanospam::wallets_factory[0m[2m:[0m ********************************************************************************
[2m2026-09-23T07:33:42.201795Z[0m [32m INFO[0m [2mnanospam::wallets_factory[0m[2m:[0m Creating wallet...
[2m2026-09-23T07:33:42.248457Z[0m [32m INFO[0m [2mnanospam::wallets_factory[0m[2m:[0m Setting default representative...
[2m2026-09-23T07:33:42.248679Z[0m [32m INFO[0m [2mnanospam::wallets_factory[0m[2m:[0m Sending Ӿ40,047,061 to PR3 wallet nano_1sfb11jzfi8k51fcnrzi1qe3qh1e1jkic3h45oak9yfg5yhbkczzxfwtat7m ...
[2m2026-09-23T07:33:42.249025Z[0m [32m INFO[0m [2mnanospam::wallets_factory[0m[2m:[0m Waiting for confirmation for E2CEA882BAF6FE5BE932C387FEB7740D791CAF9E5BECC7CEE8176C7DDEE6378A
[2m2026-09-23T07:33:42.454225Z[0m [32m INFO[0m [2mnanospam::wallets_factory[0m[2m:[0m Receiving...
[2m2026-09-23T07:33:42.455306Z[0m [32m INFO[0m [2mnanospam::wallets_factory[0m[2m:[0m Waiting for confirmation for EA5EC3EAA2535557DB68742DBFA22A64B7B314876EE136F919471550E89D65D4
[2m2026-09-23T07:33:42.558587Z[0m [32m INFO[0m [2mnanospam::wallets_factory[0m[2m:[0m DONE
[2m2026-09-23T07:33:42.558640Z[0m [32m INFO[0m [2mnanospam::wallets_factory[0m[2m:[0m ********************************************************************************
[2m2026-09-23T07:33:42.558650Z[0m [32m INFO[0m [2mnanospam::wallets_factory[0m[2m:[0m Creating wallet...
[2m2026-09-23T07:33:42.631885Z[0m [32m INFO[0m [2mnanospam::wallets_factory[0m[2m:[0m Setting default representative...
[2m2026-09-23T07:33:42.632154Z[0m [32m INFO[0m [2mnanospam::wallets_factory[0m[2m:[0m Sending Ӿ40,047,061 to PR4 wallet nano_1rsxmoinip7d4wafdp855194n43fs7s1jgne6tx8ruatiu6g89815pddzijp ...
[2m2026-09-23T07:33:42.632599Z[0m [32m INFO[0m [2mnanospam::wallets_factory[0m[2m:[0m Waiting for confirmation for 22677C7E74B964C1E24887306A66EAC48330280DFA5744E0E21166EC47B5438A
[2m2026-09-23T07:33:45.717055Z[0m [32m INFO[0m [2mnanospam::wallets_factory[0m[2m:[0m Receiving...
[2m2026-09-23T07:33:45.718331Z[0m [32m INFO[0m [2mnanospam::wallets_factory[0m[2m:[0m Waiting for confirmation for 686B8354F9897585048EDBC473B612A3E2823DE919A66201E69841219A6B5651
[2m2026-09-23T07:33:45.820968Z[0m [32m INFO[0m [2mnanospam::wallets_factory[0m[2m:[0m DONE
[2m2026-09-23T07:33:45.821002Z[0m [32m INFO[0m [2mnanospam::wallets_factory[0m[2m:[0m ********************************************************************************
[2m2026-09-23T07:33:45.821006Z[0m [32m INFO[0m [2mnanospam::wallets_factory[0m[2m:[0m Creating wallet...
[2m2026-09-23T07:33:45.870079Z[0m [32m INFO[0m [2mnanospam::wallets_factory[0m[2m:[0m Setting default representative...
[2m2026-09-23T07:33:45.870366Z[0m [32m INFO[0m [2mnanospam::wallets_factory[0m[2m:[0m Sending Ӿ40,047,061 to PR5 wallet nano_1wtzwadxk9naxc356m4rienp93ht131w7ypadk39qck8uah3bg3zohsmj9th ...
[2m2026-09-23T07:33:45.870809Z[0m [32m INFO[0m [2mnanospam::wallets_factory[0m[2m:[0m Waiting for confirmation for 86B6E149E407121861E950D6B66B56BA39E500C199E580ED6065515C3C25094F
[2m2026-09-23T07:33:46.280657Z[0m [32m INFO[0m [2mnanospam::wallets_factory[0m[2m:[0m Receiving...
[2m2026-09-23T07:33:46.282066Z[0m [32m INFO[0m [2mnanospam::wallets_factory[0m[2m:[0m Waiting for confirmation for 417F8AEA0F6FDD9A5EE6F5896819E98A81FC15AA2CF56207A5BCFB27193E37A9
[2m2026-09-23T07:33:46.488244Z[0m [32m INFO[0m [2mnanospam::wallets_factory[0m[2m:[0m DONE
[2m2026-09-23T07:33:46.488367Z[0m [32m INFO[0m [2mnanospam::wallets_factory[0m[2m:[0m ********************************************************************************
[2m2026-09-23T07:33:46.488387Z[0m [32m INFO[0m [2mnanospam::wallets_factory[0m[2m:[0m Sending initial spam amount...
[2m2026-09-23T07:33:46.489750Z[0m [32m INFO[0m [2mnanospam::wallets_factory[0m[2m:[0m Waiting for confirmation for CBDFAC18033447D7147B30A21958D7B608153B17AFA9420D6BC4FC8E4B97B645
[2m2026-09-23T07:33:46.799208Z[0m [32m INFO[0m [2mnanospam::wallets_factory[0m[2m:[0m Receiving initial spam amount...
[2m2026-09-23T07:33:46.800360Z[0m [32m INFO[0m [2mnanospam::wallets_factory[0m[2m:[0m Waiting for confirmation for E539C20A3109C9882809F52FC86A65DB6B0C2BF6D8EC90735D3B428186A4A4D9
[2m2026-09-23T07:33:47.005564Z[0m [32m INFO[0m [2mnanospam::wallets_factory[0m[2m:[0m Seeding Ӿ14,285,714 to nano_3k64fjmpnipr89r87q6n1j6ojrtpmxhsnkh9xamq86n1x6tmorquxk4ysaez for representative D315857CE70C54DE713F6E82E5613BB3A1266C15E28AD2F4338C7BBEC456F532
[2m2026-09-23T07:33:47.006017Z[0m [32m INFO[0m [2mnanospam::wallets_factory[0m[2m:[0m Waiting for confirmation for B46DA79B0E819816BF50D3AF61B8278BCE398F9855C0CA44D117A83B2C053CB1
[2m2026-09-23T07:33:47.211976Z[0m [32m INFO[0m [2mnanospam::wallets_factory[0m[2m:[0m Waiting for confirmation for A37EDF43F3E7FD7FED03E3C24047817FC4EB42B7F00446A46B24D12B1A11F07E
[2m2026-09-23T07:33:47.518921Z[0m [32m INFO[0m [2mnanospam::wallets_factory[0m[2m:[0m Seeding Ӿ14,285,714 to nano_16bbn18nmz473xgwjr13pbnu5yzkffhzxkb1hck345geq1jsq8119iuef7my for representative A353E45E6D0016CAEED0DFA4EC5B0640E2AA22A793F9F2375E77F1AB92977C04
[2m2026-09-23T07:33:47.519785Z[0m [32m INFO[0m [2mnanospam::wallets_factory[0m[2m:[0m Waiting for confirmation for 70F6F176AE7105E0FF6D27C01F6EB46CE1746075EF52A55D548562490417C06C
[2m2026-09-23T07:33:47.727182Z[0m [32m INFO[0m [2mnanospam::wallets_factory[0m[2m:[0m Waiting for confirmation for 27FA4F1DBC5B9155D869993F8C154EC4E32ABEB320E3E7E9BBD50BA395CC5FE6
[2m2026-09-23T07:33:48.136914Z[0m [32m INFO[0m [2mnanospam::wallets_factory[0m[2m:[0m Seeding Ӿ14,285,714 to nano_3f98nwsdjwnqukiuozmz48ioo55og76pbo6rwbhxihuijjrwu4hfydqqmy3i for representative 911999B2AEFA7ACC66EBD802B3301FF6CE431405107749D940277955CB7FDD07
[2m2026-09-23T07:33:48.137725Z[0m [32m INFO[0m [2mnanospam::wallets_factory[0m[2m:[0m Waiting for confirmation for 8FF25293557CA52D1581F067FEDC798D5817DF0A70397D44E18F94AA2A4A48D2
[2m2026-09-23T07:33:48.549229Z[0m [32m INFO[0m [2mnanospam::wallets_factory[0m[2m:[0m Waiting for confirmation for 3726EA1A6FF9242C56AA412F02C345FC244D301C7F451757014342A24C07E30D
[2m2026-09-23T07:33:48.962251Z[0m [32m INFO[0m [2mnanospam::wallets_factory[0m[2m:[0m Seeding Ӿ14,285,714 to nano_3kza7ni3geirnq8w5pme63rjzcenxyigmfzj7bwf5r8y34wh77ha8jxwwgnr for representative 65A90023F6C0D2181AAA63F005D81BBC0C04650505E21D5123F9AE1F9E992BFF
[2m2026-09-23T07:33:48.963096Z[0m [32m INFO[0m [2mnanospam::wallets_factory[0m[2m:[0m Waiting for confirmation for 02D2E72892A7E2D0D520012A3303F0401810951F0CF5EE99B275E24956F15556
[2m2026-09-23T07:33:49.272082Z[0m [32m INFO[0m [2mnanospam::wallets_factory[0m[2m:[0m Waiting for confirmation for 6DD7F8F14B4DDDCDB97CF8FAFA6F82B28CC9B70D5966DA111030DE1A321293E3
[2m2026-09-23T07:33:49.682893Z[0m [32m INFO[0m [2mnanospam::wallets_factory[0m[2m:[0m Seeding Ӿ14,285,714 to nano_1jncxncbaendwwtks6mct567g6dfxb573hs9jizk5o1ais15d4ebm1aro6mt for representative 633D9D614858AB1710D5D8C3180E2A082DC97208BA8C26BA6C6D1A86C8E31CC0
[2m2026-09-23T07:33:49.683932Z[0m [32m INFO[0m [2mnanospam::wallets_factory[0m[2m:[0m Waiting for confirmation for 9BEB2C0859015C58D39E34C74C42D66B14B6B31115365D858910FE70DECC9C53
[2m2026-09-23T07:33:50.196419Z[0m [32m INFO[0m [2mnanospam::wallets_factory[0m[2m:[0m Waiting for confirmation for D0686C0CD55B4D8DF3C3FCA7F47332B7212A1636958CFE6893A93FB6302F65D7
[2m2026-09-23T07:33:50.402022Z[0m [32m INFO[0m [2mnanospam::wallets_factory[0m[2m:[0m Seeding Ӿ14,285,714 to nano_31xnpnqrdw3hqazgksu5n71i4b1xe57a6kigx1isdk4fjh6rtx87iyfchyja for representative 735FE217D91E88EA82324C5883296385FA0041C2FAC85C827BAA46DA1E14B83F
[2m2026-09-23T07:33:50.403054Z[0m [32m INFO[0m [2mnanospam::wallets_factory[0m[2m:[0m Waiting for confirmation for 4029894347A3FD7630990BBFA36142069D9FC7F124EFA04570DE524F45DCA82E
[2m2026-09-23T07:33:50.712895Z[0m [32m INFO[0m [2mnanospam::wallets_factory[0m[2m:[0m Waiting for confirmation for 2D7CD916AD28FFC38041AFF7B260811CAE7DDDD44479FD1E49B23B448762164E
[2m2026-09-23T07:33:50.920014Z[0m [32m INFO[0m [2mnanospam::high_prio_check[0m[2m:[0m Creating high priority accounts...
[2m2026-09-23T07:33:50.945136Z[0m [32m INFO[0m [2mnanospam::high_prio_check[0m[2m:[0m Waiting for confirmations...
[2m2026-09-23T07:33:53.314504Z[0m [32m INFO[0m [2mnanospam::app[0m[2m:[0m Waiting for all PRs to see the full quorum...
[2m2026-09-23T07:33:55.746479Z[0m [32m INFO[0m [2mnanospam::app[0m[2m:[0m All PRs see the full quorum after 2.432033958s
[2m2026-09-23T07:33:55.746540Z[0m [32m INFO[0m [2mnanospam::app[0m[2m:[0m Waiting for all PRs to hold the same cemented ledger...
[2m2026-09-23T07:33:56.154889Z[0m [32m INFO[0m [2mnanospam::app[0m[2m:[0m All PRs hold the same ledger of 65 blocks after 408.350791ms
EPOCH_COMMITTEE derived_by=genesis members=6 accounts=33 n=340282366920938463463374607431768211455 digest=EDFA9B01F0F695C72492AEF076ADCC00649641FDB32186ED92DA235395046A8F shares=["735FE217:20.2%", "A353E45E:16.0%", "633D9D61:16.0%", "65A90023:16.0%", "911999B2:16.0%", "D315857C:16.0%"] t=1790148836155
EPOCH_START epoch=0 elections=0 t=1790148836155
EPOCH_COMMITTEE derived_by=genesis members=6 accounts=33 n=340282366920938463463374607431768211455 digest=EDFA9B01F0F695C72492AEF076ADCC00649641FDB32186ED92DA235395046A8F shares=["735FE217:20.2%", "A353E45E:16.0%", "633D9D61:16.0%", "65A90023:16.0%", "911999B2:16.0%", "D315857C:16.0%"] t=1790148836155
EPOCH_START epoch=0 elections=0 t=1790148836155
EPOCH_COMMITTEE derived_by=genesis members=6 accounts=33 n=340282366920938463463374607431768211455 digest=EDFA9B01F0F695C72492AEF076ADCC00649641FDB32186ED92DA235395046A8F shares=["735FE217:20.2%", "A353E45E:16.0%", "633D9D61:16.0%", "65A90023:16.0%", "911999B2:16.0%", "D315857C:16.0%"] t=1790148836155
EPOCH_START epoch=0 elections=0 t=1790148836155
EPOCH_COMMITTEE derived_by=genesis members=6 accounts=33 n=340282366920938463463374607431768211455 digest=EDFA9B01F0F695C72492AEF076ADCC00649641FDB32186ED92DA235395046A8F shares=["735FE217:20.2%", "A353E45E:16.0%", "633D9D61:16.0%", "65A90023:16.0%", "911999B2:16.0%", "D315857C:16.0%"] t=1790148836156
EPOCH_START epoch=0 elections=0 t=1790148836156
EPOCH_COMMITTEE derived_by=genesis members=6 accounts=33 n=340282366920938463463374607431768211455 digest=EDFA9B01F0F695C72492AEF076ADCC00649641FDB32186ED92DA235395046A8F shares=["735FE217:20.2%", "A353E45E:16.0%", "633D9D61:16.0%", "65A90023:16.0%", "911999B2:16.0%", "D315857C:16.0%"] t=1790148836156
EPOCH_START epoch=0 elections=0 t=1790148836156
EPOCH_COMMITTEE derived_by=genesis members=6 accounts=33 n=340282366920938463463374607431768211455 digest=EDFA9B01F0F695C72492AEF076ADCC00649641FDB32186ED92DA235395046A8F shares=["735FE217:20.2%", "A353E45E:16.0%", "633D9D61:16.0%", "65A90023:16.0%", "911999B2:16.0%", "D315857C:16.0%"] t=1790148836157
EPOCH_START epoch=0 elections=0 t=1790148836157
[2m2026-09-23T07:33:56.157211Z[0m [32m INFO[0m [2mnanospam::app[0m[2m:[0m Started the epochs on every PR
[2m2026-09-23T07:33:56.157229Z[0m [32m INFO[0m [2mnanospam::app[0m[2m:[0m Connecting to node PR0... [3mpeer_addr[0m[2m=[0m[::1]:17075
[2m2026-09-23T07:33:56.157585Z[0m [32m INFO[0m [2mnanospam::app[0m[2m:[0m Performing handshake...
[2m2026-09-23T07:33:56.158255Z[0m [32m INFO[0m [2mnanospam::app[0m[2m:[0m Performing handshake...
[2m2026-09-23T07:33:56.170553Z[0m [32m INFO[0m [2mnanospam::app[0m[2m:[0m Performing handshake...
[2m2026-09-23T07:33:56.181662Z[0m [32m INFO[0m [2mnanospam::app[0m[2m:[0m Performing handshake...
[2m2026-09-23T07:33:56.192551Z[0m [32m INFO[0m [2mnanospam::app[0m[2m:[0m Connecting to node PR1... [3mpeer_addr[0m[2m=[0m[::1]:17085
[2m2026-09-23T07:33:56.192806Z[0m [32m INFO[0m [2mnanospam::app[0m[2m:[0m Performing handshake...
[2m2026-09-23T07:33:56.193430Z[0m [32m INFO[0m [2mnanospam::app[0m[2m:[0m Performing handshake...
[2m2026-09-23T07:33:56.204406Z[0m [32m INFO[0m [2mnanospam::app[0m[2m:[0m Performing handshake...
[2m2026-09-23T07:33:56.215608Z[0m [32m INFO[0m [2mnanospam::app[0m[2m:[0m Performing handshake...
[2m2026-09-23T07:33:56.227421Z[0m [32m INFO[0m [2mnanospam::app[0m[2m:[0m Connecting to node PR2... [3mpeer_addr[0m[2m=[0m[::1]:17095
[2m2026-09-23T07:33:56.227786Z[0m [32m INFO[0m [2mnanospam::app[0m[2m:[0m Performing handshake...
[2m2026-09-23T07:33:56.228390Z[0m [32m INFO[0m [2mnanospam::app[0m[2m:[0m Performing handshake...
[2m2026-09-23T07:33:56.240555Z[0m [32m INFO[0m [2mnanospam::app[0m[2m:[0m Performing handshake...
[2m2026-09-23T07:33:56.253102Z[0m [32m INFO[0m [2mnanospam::app[0m[2m:[0m Performing handshake...
[2m2026-09-23T07:33:56.264155Z[0m [32m INFO[0m [2mnanospam::app[0m[2m:[0m Connecting to node PR3... [3mpeer_addr[0m[2m=[0m[::1]:17105
[2m2026-09-23T07:33:56.264536Z[0m [32m INFO[0m [2mnanospam::app[0m[2m:[0m Performing handshake...
[2m2026-09-23T07:33:56.265270Z[0m [32m INFO[0m [2mnanospam::app[0m[2m:[0m Performing handshake...
[2m2026-09-23T07:33:56.277531Z[0m [32m INFO[0m [2mnanospam::app[0m[2m:[0m Performing handshake...
[2m2026-09-23T07:33:56.288902Z[0m [32m INFO[0m [2mnanospam::app[0m[2m:[0m Performing handshake...
[2m2026-09-23T07:33:56.300024Z[0m [32m INFO[0m [2mnanospam::app[0m[2m:[0m Connecting to node PR4... [3mpeer_addr[0m[2m=[0m[::1]:17115
[2m2026-09-23T07:33:56.300366Z[0m [32m INFO[0m [2mnanospam::app[0m[2m:[0m Performing handshake...
[2m2026-09-23T07:33:56.300960Z[0m [32m INFO[0m [2mnanospam::app[0m[2m:[0m Performing handshake...
[2m2026-09-23T07:33:56.312215Z[0m [32m INFO[0m [2mnanospam::app[0m[2m:[0m Performing handshake...
[2m2026-09-23T07:33:56.323500Z[0m [32m INFO[0m [2mnanospam::app[0m[2m:[0m Performing handshake...
[2m2026-09-23T07:33:56.335361Z[0m [32m INFO[0m [2mnanospam::app[0m[2m:[0m Connecting to node PR5... [3mpeer_addr[0m[2m=[0m[::1]:17125
[2m2026-09-23T07:33:56.335676Z[0m [32m INFO[0m [2mnanospam::app[0m[2m:[0m Performing handshake...
[2m2026-09-23T07:33:56.336360Z[0m [32m INFO[0m [2mnanospam::app[0m[2m:[0m Performing handshake...
[2m2026-09-23T07:33:56.347553Z[0m [32m INFO[0m [2mnanospam::app[0m[2m:[0m Performing handshake...
[2m2026-09-23T07:33:56.358800Z[0m [32m INFO[0m [2mnanospam::app[0m[2m:[0m Performing handshake...
[2m2026-09-23T07:33:56.369608Z[0m [32m INFO[0m [2mnanospam::app[0m[2m:[0m Connecting to websocket...
[2m2026-09-23T07:33:56.370447Z[0m [32m INFO[0m [2mnanospam::app[0m[2m:[0m Starting with 2000 BPS
[2m2026-09-23T07:33:57.370996Z[0m [32m INFO[0m [2mnanospam::app[0m[2m:[0m Confirmed 911 blocks | 2,000 bps | 957 cps | avg conf time: 82 ms
[2m2026-09-23T07:33:58.373956Z[0m [32m INFO[0m [2mnanospam::app[0m[2m:[0m Confirmed 3,961 blocks | 2,000 bps | 3,047 cps | avg conf time: 119 ms
[2m2026-09-23T07:33:59.374886Z[0m [32m INFO[0m [2mnanospam::app[0m[2m:[0m Confirmed 6,320 blocks | 2,000 bps | 2,351 cps | avg conf time: 138 ms
[2m2026-09-23T07:34:00.376077Z[0m [32m INFO[0m [2mnanospam::app[0m[2m:[0m Confirmed 8,077 blocks | 2,000 bps | 1,754 cps | avg conf time: 98 ms
[2m2026-09-23T07:34:01.376831Z[0m [32m INFO[0m [2mnanospam::app[0m[2m:[0m Confirmed 9,965 blocks | 2,000 bps | 1,886 cps | avg conf time: 96 ms
[2m2026-09-23T07:34:02.377800Z[0m [32m INFO[0m [2mnanospam::app[0m[2m:[0m Confirmed 11,859 blocks | 2,000 bps | 1,892 cps | avg conf time: 92 ms
[2m2026-09-23T07:34:03.378644Z[0m [32m INFO[0m [2mnanospam::app[0m[2m:[0m Confirmed 13,613 blocks | 2,000 bps | 1,752 cps | avg conf time: 91 ms
EPOCH_ENDED epoch=0 elections=917 active=185 t=1790148844160
EPOCH_ENDED epoch=0 elections=917 active=192 t=1790148844160
EPOCH_ENDED epoch=0 elections=917 active=162 t=1790148844160
EPOCH_ENDED epoch=0 elections=917 active=162 t=1790148844160
EPOCH_ENDED epoch=0 elections=917 active=173 t=1790148844160
EPOCH_ENDED epoch=0 elections=917 active=175 t=1790148844160
EPOCH_ADVANCED epoch=1 elections=917 active=185 vote_records=182338 t=1790148844180
EPOCH_ADVANCED epoch=1 elections=917 active=175 vote_records=182376 t=1790148844186
EPOCH_REPORT epoch=0 certified=15183 residual=901 root=24609339336E6E9B518FC6392355A4600632D5FDF980ABFEA0C6DDF63C738603 reports=1 t=1790148844188
EPOCH_ADVANCED epoch=1 elections=917 active=162 vote_records=182351 t=1790148844190
EPOCH_ADVANCED epoch=1 elections=917 active=173 vote_records=182342 t=1790148844191
EPOCH_ADVANCED epoch=1 elections=917 active=162 vote_records=182358 t=1790148844192
EPOCH_REPORT epoch=0 certified=15183 residual=920 root=24609339336E6E9B518FC6392355A4600632D5FDF980ABFEA0C6DDF63C738603 reports=1 t=1790148844192
EPOCH_REPORT epoch=0 certified=15183 residual=880 root=24609339336E6E9B518FC6392355A4600632D5FDF980ABFEA0C6DDF63C738603 reports=1 t=1790148844196
EPOCH_REPORT epoch=0 certified=15183 residual=894 root=24609339336E6E9B518FC6392355A4600632D5FDF980ABFEA0C6DDF63C738603 reports=1 t=1790148844199
EPOCH_REPORT epoch=0 certified=15183 residual=892 root=24609339336E6E9B518FC6392355A4600632D5FDF980ABFEA0C6DDF63C738603 reports=1 t=1790148844200
EPOCH_ADVANCED epoch=1 elections=917 active=192 vote_records=182356 t=1790148844201
EPOCH_REPORT epoch=0 certified=15183 residual=921 root=24609339336E6E9B518FC6392355A4600632D5FDF980ABFEA0C6DDF63C738603 reports=1 t=1790148844207
EPOCH_RECONCILED epoch=0 reporter=A353E45E6D0016CAEED0DFA4EC5B0640E2AA22A793F9F2375E77F1AB92977C04 complete=false entries=0 total=15183 t=1790148844238
EPOCH_RESIDUAL epoch=0 reporter=A353E45E6D0016CAEED0DFA4EC5B0640E2AA22A793F9F2375E77F1AB92977C04 votes=30769 derived=901 complete=true sketch_cells=0 t=1790148844247
EPOCH_RECONCILED epoch=0 reporter=911999B2AEFA7ACC66EBD802B3301FF6CE431405107749D940277955CB7FDD07 complete=false entries=0 total=15183 t=1790148844248
EPOCH_RECONCILED epoch=0 reporter=65A90023F6C0D2181AAA63F005D81BBC0C04650505E21D5123F9AE1F9E992BFF complete=false entries=0 total=15183 t=1790148844265
EPOCH_RESIDUAL epoch=0 reporter=65A90023F6C0D2181AAA63F005D81BBC0C04650505E21D5123F9AE1F9E992BFF votes=30708 derived=890 complete=false sketch_cells=64 t=1790148844268
EPOCH_RECONCILED epoch=0 reporter=735FE217D91E88EA82324C5883296385FA0041C2FAC85C827BAA46DA1E14B83F complete=false entries=0 total=15183 t=1790148844268
EPOCH_RESIDUAL epoch=0 reporter=735FE217D91E88EA82324C5883296385FA0041C2FAC85C827BAA46DA1E14B83F votes=30662 derived=880 complete=true sketch_cells=0 t=1790148844281
EPOCH_RESIDUAL_SKETCH epoch=0 reporter=65A90023F6C0D2181AAA63F005D81BBC0C04650505E21D5123F9AE1F9E992BFF incomplete=false edits=2 complete=true t=1790148844281
EPOCH_RESIDUAL epoch=0 reporter=911999B2AEFA7ACC66EBD802B3301FF6CE431405107749D940277955CB7FDD07 votes=30792 derived=897 complete=false sketch_cells=64 t=1790148844281
EPOCH_RECONCILED epoch=0 reporter=65A90023F6C0D2181AAA63F005D81BBC0C04650505E21D5123F9AE1F9E992BFF complete=false entries=0 total=15183 t=1790148844283
EPOCH_RECONCILED epoch=0 reporter=A353E45E6D0016CAEED0DFA4EC5B0640E2AA22A793F9F2375E77F1AB92977C04 complete=false entries=0 total=15183 t=1790148844283
EPOCH_RESIDUAL_SKETCH epoch=0 reporter=911999B2AEFA7ACC66EBD802B3301FF6CE431405107749D940277955CB7FDD07 incomplete=false edits=23 complete=true t=1790148844284
EPOCH_RESIDUAL epoch=0 reporter=65A90023F6C0D2181AAA63F005D81BBC0C04650505E21D5123F9AE1F9E992BFF votes=30708 derived=892 complete=true sketch_cells=0 t=1790148844291
EPOCH_RESIDUAL epoch=0 reporter=A353E45E6D0016CAEED0DFA4EC5B0640E2AA22A793F9F2375E77F1AB92977C04 votes=30755 derived=887 complete=false sketch_cells=64 t=1790148844292
EPOCH_RECONCILED epoch=0 reporter=D315857CE70C54DE713F6E82E5613BB3A1266C15E28AD2F4338C7BBEC456F532 complete=false entries=0 total=15183 t=1790148844292
EPOCH_RECONCILED epoch=0 reporter=633D9D614858AB1710D5D8C3180E2A082DC97208BA8C26BA6C6D1A86C8E31CC0 complete=false entries=0 total=15183 t=1790148844293
EPOCH_RESIDUAL_SKETCH epoch=0 reporter=A353E45E6D0016CAEED0DFA4EC5B0640E2AA22A793F9F2375E77F1AB92977C04 incomplete=false edits=14 complete=true t=1790148844293
EPOCH_RESIDUAL epoch=0 reporter=633D9D614858AB1710D5D8C3180E2A082DC97208BA8C26BA6C6D1A86C8E31CC0 votes=30418 derived=889 complete=false sketch_cells=64 t=1790148844301
EPOCH_RECONCILED epoch=0 reporter=D315857CE70C54DE713F6E82E5613BB3A1266C15E28AD2F4338C7BBEC456F532 complete=false entries=0 total=15183 t=1790148844302
EPOCH_RESIDUAL_SKETCH epoch=0 reporter=633D9D614858AB1710D5D8C3180E2A082DC97208BA8C26BA6C6D1A86C8E31CC0 incomplete=false edits=5 complete=true t=1790148844302
EPOCH_RESIDUAL epoch=0 reporter=D315857CE70C54DE713F6E82E5613BB3A1266C15E28AD2F4338C7BBEC456F532 votes=30749 derived=916 complete=false sketch_cells=64 t=1790148844322
EPOCH_CLOSE_READY epoch=0 t=1790148844322
EPOCH_RESIDUAL epoch=0 reporter=D315857CE70C54DE713F6E82E5613BB3A1266C15E28AD2F4338C7BBEC456F532 votes=30738 derived=911 complete=false sketch_cells=64 t=1790148844322
EPOCH_RESIDUAL_SKETCH epoch=0 reporter=D315857CE70C54DE713F6E82E5613BB3A1266C15E28AD2F4338C7BBEC456F532 incomplete=false edits=5 complete=true t=1790148844323
EPOCH_RECONCILED epoch=0 reporter=633D9D614858AB1710D5D8C3180E2A082DC97208BA8C26BA6C6D1A86C8E31CC0 complete=false entries=0 total=15183 t=1790148844324
EPOCH_RESIDUAL_SKETCH epoch=0 reporter=D315857CE70C54DE713F6E82E5613BB3A1266C15E28AD2F4338C7BBEC456F532 incomplete=false edits=10 complete=true t=1790148844324
EPOCH_RESIDUAL epoch=0 reporter=633D9D614858AB1710D5D8C3180E2A082DC97208BA8C26BA6C6D1A86C8E31CC0 votes=30410 derived=883 complete=false sketch_cells=64 t=1790148844330
EPOCH_CLOSE_READY epoch=0 t=1790148844330
EPOCH_RESIDUAL_SKETCH epoch=0 reporter=633D9D614858AB1710D5D8C3180E2A082DC97208BA8C26BA6C6D1A86C8E31CC0 incomplete=false edits=11 complete=true t=1790148844331
EPOCH_RECONCILED epoch=0 reporter=A353E45E6D0016CAEED0DFA4EC5B0640E2AA22A793F9F2375E77F1AB92977C04 complete=false entries=0 total=15183 t=1790148844368
EPOCH_RESIDUAL epoch=0 reporter=A353E45E6D0016CAEED0DFA4EC5B0640E2AA22A793F9F2375E77F1AB92977C04 votes=30763 derived=895 complete=false sketch_cells=64 t=1790148844371
EPOCH_RECONCILED epoch=0 reporter=633D9D614858AB1710D5D8C3180E2A082DC97208BA8C26BA6C6D1A86C8E31CC0 complete=false entries=0 total=15183 t=1790148844372
EPOCH_RESIDUAL_SKETCH epoch=0 reporter=A353E45E6D0016CAEED0DFA4EC5B0640E2AA22A793F9F2375E77F1AB92977C04 incomplete=false edits=6 complete=true t=1790148844373
EPOCH_RECONCILED epoch=0 reporter=911999B2AEFA7ACC66EBD802B3301FF6CE431405107749D940277955CB7FDD07 complete=false entries=0 total=15183 t=1790148844375
EPOCH_RESIDUAL epoch=0 reporter=633D9D614858AB1710D5D8C3180E2A082DC97208BA8C26BA6C6D1A86C8E31CC0 votes=30411 derived=884 complete=false sketch_cells=64 t=1790148844376
EPOCH_RECONCILED epoch=0 reporter=911999B2AEFA7ACC66EBD802B3301FF6CE431405107749D940277955CB7FDD07 complete=false entries=0 total=15183 t=1790148844377
EPOCH_RESIDUAL epoch=0 reporter=911999B2AEFA7ACC66EBD802B3301FF6CE431405107749D940277955CB7FDD07 votes=30802 derived=907 complete=false sketch_cells=64 t=1790148844378
EPOCH_RECONCILED epoch=0 reporter=735FE217D91E88EA82324C5883296385FA0041C2FAC85C827BAA46DA1E14B83F complete=false entries=0 total=15183 t=1790148844378
[2m2026-09-23T07:34:04.379887Z[0m [32m INFO[0m [2mnanospam::app[0m[2m:[0m Confirmed 15,222 blocks | 2,000 bps | 1,606 cps | avg conf time: 96 ms
EPOCH_RESIDUAL_SKETCH epoch=0 reporter=911999B2AEFA7ACC66EBD802B3301FF6CE431405107749D940277955CB7FDD07 incomplete=false edits=13 complete=true t=1790148844380
EPOCH_RESIDUAL epoch=0 reporter=911999B2AEFA7ACC66EBD802B3301FF6CE431405107749D940277955CB7FDD07 votes=30800 derived=905 complete=false sketch_cells=64 t=1790148844380
EPOCH_RESIDUAL_SKETCH epoch=0 reporter=633D9D614858AB1710D5D8C3180E2A082DC97208BA8C26BA6C6D1A86C8E31CC0 incomplete=false edits=10 complete=true t=1790148844381
EPOCH_RECONCILED epoch=0 reporter=D315857CE70C54DE713F6E82E5613BB3A1266C15E28AD2F4338C7BBEC456F532 complete=false entries=0 total=15183 t=1790148844382
EPOCH_RESIDUAL epoch=0 reporter=735FE217D91E88EA82324C5883296385FA0041C2FAC85C827BAA46DA1E14B83F votes=30652 derived=870 complete=false sketch_cells=64 t=1790148844382
EPOCH_RESIDUAL_SKETCH epoch=0 reporter=911999B2AEFA7ACC66EBD802B3301FF6CE431405107749D940277955CB7FDD07 incomplete=false edits=15 complete=true t=1790148844382
EPOCH_RECONCILED epoch=0 reporter=65A90023F6C0D2181AAA63F005D81BBC0C04650505E21D5123F9AE1F9E992BFF complete=false entries=0 total=15183 t=1790148844383
EPOCH_RESIDUAL_SKETCH epoch=0 reporter=735FE217D91E88EA82324C5883296385FA0041C2FAC85C827BAA46DA1E14B83F incomplete=false edits=10 complete=true t=1790148844385
EPOCH_RESIDUAL epoch=0 reporter=D315857CE70C54DE713F6E82E5613BB3A1266C15E28AD2F4338C7BBEC456F532 votes=30755 derived=913 complete=false sketch_cells=64 t=1790148844386
EPOCH_RECONCILED epoch=0 reporter=735FE217D91E88EA82324C5883296385FA0041C2FAC85C827BAA46DA1E14B83F complete=false entries=0 total=15183 t=1790148844386
EPOCH_RESIDUAL_SKETCH epoch=0 reporter=D315857CE70C54DE713F6E82E5613BB3A1266C15E28AD2F4338C7BBEC456F532 incomplete=false edits=8 complete=true t=1790148844387
EPOCH_RESIDUAL epoch=0 reporter=65A90023F6C0D2181AAA63F005D81BBC0C04650505E21D5123F9AE1F9E992BFF votes=30708 derived=892 complete=true sketch_cells=0 t=1790148844389
EPOCH_RECONCILED epoch=0 reporter=A353E45E6D0016CAEED0DFA4EC5B0640E2AA22A793F9F2375E77F1AB92977C04 complete=false entries=0 total=15183 t=1790148844390
EPOCH_RESIDUAL epoch=0 reporter=735FE217D91E88EA82324C5883296385FA0041C2FAC85C827BAA46DA1E14B83F votes=30656 derived=874 complete=false sketch_cells=64 t=1790148844391
EPOCH_CLOSE_UNREADY epoch=0 short_of=reports usable=5 weight=271663869696020148124240744288378271450 required=275628717205960155405333432019732251279 held=6 theirs=["A353E45E:24609339:412A0838", "65A90023:24609339:232CF3C8", "633D9D61:24609339:2C6E75CC", "911999B2:24609339:2988B628", "D315857C:24609339:BEA0E8E9", "735FE217:24609339:58F98BE3"] t=1790148844391
EPOCH_RESIDUAL_SKETCH epoch=0 reporter=735FE217D91E88EA82324C5883296385FA0041C2FAC85C827BAA46DA1E14B83F incomplete=false edits=6 complete=true t=1790148844392
EPOCH_RESIDUAL epoch=0 reporter=A353E45E6D0016CAEED0DFA4EC5B0640E2AA22A793F9F2375E77F1AB92977C04 votes=30748 derived=880 complete=false sketch_cells=64 t=1790148844393
EPOCH_RECONCILED epoch=0 reporter=633D9D614858AB1710D5D8C3180E2A082DC97208BA8C26BA6C6D1A86C8E31CC0 complete=false entries=0 total=15183 t=1790148844393
EPOCH_RESIDUAL_SKETCH epoch=0 reporter=A353E45E6D0016CAEED0DFA4EC5B0640E2AA22A793F9F2375E77F1AB92977C04 incomplete=false edits=21 complete=true t=1790148844394
EPOCH_RESIDUAL epoch=0 reporter=633D9D614858AB1710D5D8C3180E2A082DC97208BA8C26BA6C6D1A86C8E31CC0 votes=30408 derived=881 complete=false sketch_cells=64 t=1790148844397
EPOCH_CLOSE_READY epoch=0 t=1790148844397
EPOCH_RESIDUAL_SKETCH epoch=0 reporter=633D9D614858AB1710D5D8C3180E2A082DC97208BA8C26BA6C6D1A86C8E31CC0 incomplete=false edits=13 complete=true t=1790148844398
EPOCH_RECONCILED epoch=0 reporter=911999B2AEFA7ACC66EBD802B3301FF6CE431405107749D940277955CB7FDD07 complete=false entries=0 total=15183 t=1790148844439
EPOCH_RECONCILED epoch=0 reporter=65A90023F6C0D2181AAA63F005D81BBC0C04650505E21D5123F9AE1F9E992BFF complete=false entries=0 total=15183 t=1790148844463
EPOCH_RESIDUAL epoch=0 reporter=65A90023F6C0D2181AAA63F005D81BBC0C04650505E21D5123F9AE1F9E992BFF votes=30708 derived=892 complete=true sketch_cells=0 t=1790148844466
EPOCH_RECONCILED epoch=0 reporter=D315857CE70C54DE713F6E82E5613BB3A1266C15E28AD2F4338C7BBEC456F532 complete=false entries=0 total=15183 t=1790148844467
EPOCH_RESIDUAL epoch=0 reporter=911999B2AEFA7ACC66EBD802B3301FF6CE431405107749D940277955CB7FDD07 votes=30800 derived=905 complete=false sketch_cells=64 t=1790148844473
EPOCH_RESIDUAL_SKETCH epoch=0 reporter=911999B2AEFA7ACC66EBD802B3301FF6CE431405107749D940277955CB7FDD07 incomplete=false edits=15 complete=true t=1790148844474
EPOCH_RESIDUAL epoch=0 reporter=D315857CE70C54DE713F6E82E5613BB3A1266C15E28AD2F4338C7BBEC456F532 votes=30727 derived=908 complete=false sketch_cells=64 t=1790148844474
EPOCH_RECONCILED epoch=0 reporter=735FE217D91E88EA82324C5883296385FA0041C2FAC85C827BAA46DA1E14B83F complete=false entries=0 total=15183 t=1790148844475
EPOCH_RESIDUAL_SKETCH epoch=0 reporter=D315857CE70C54DE713F6E82E5613BB3A1266C15E28AD2F4338C7BBEC456F532 incomplete=false edits=13 complete=true t=1790148844476
EPOCH_RECONCILED epoch=0 reporter=633D9D614858AB1710D5D8C3180E2A082DC97208BA8C26BA6C6D1A86C8E31CC0 complete=false entries=0 total=15183 t=1790148844478
EPOCH_RESIDUAL epoch=0 reporter=735FE217D91E88EA82324C5883296385FA0041C2FAC85C827BAA46DA1E14B83F votes=30662 derived=880 complete=true sketch_cells=0 t=1790148844478
EPOCH_RECONCILED epoch=0 reporter=A353E45E6D0016CAEED0DFA4EC5B0640E2AA22A793F9F2375E77F1AB92977C04 complete=false entries=0 total=15183 t=1790148844478
EPOCH_RESIDUAL epoch=0 reporter=A353E45E6D0016CAEED0DFA4EC5B0640E2AA22A793F9F2375E77F1AB92977C04 votes=30757 derived=889 complete=false sketch_cells=64 t=1790148844486
EPOCH_RESIDUAL_SKETCH epoch=0 reporter=A353E45E6D0016CAEED0DFA4EC5B0640E2AA22A793F9F2375E77F1AB92977C04 incomplete=false edits=12 complete=true t=1790148844488
EPOCH_RESIDUAL epoch=0 reporter=633D9D614858AB1710D5D8C3180E2A082DC97208BA8C26BA6C6D1A86C8E31CC0 votes=30412 derived=885 complete=false sketch_cells=64 t=1790148844488
EPOCH_RESIDUAL_SKETCH epoch=0 reporter=633D9D614858AB1710D5D8C3180E2A082DC97208BA8C26BA6C6D1A86C8E31CC0 incomplete=false edits=9 complete=true t=1790148844489
EPOCH_RECONCILED epoch=0 reporter=D315857CE70C54DE713F6E82E5613BB3A1266C15E28AD2F4338C7BBEC456F532 complete=false entries=0 total=15183 t=1790148844491
EPOCH_RESIDUAL epoch=0 reporter=D315857CE70C54DE713F6E82E5613BB3A1266C15E28AD2F4338C7BBEC456F532 votes=30722 derived=889 complete=false sketch_cells=64 t=1790148844494
EPOCH_RECONCILED epoch=0 reporter=65A90023F6C0D2181AAA63F005D81BBC0C04650505E21D5123F9AE1F9E992BFF complete=false entries=0 total=15183 t=1790148844494
EPOCH_RESIDUAL_SKETCH epoch=0 reporter=D315857CE70C54DE713F6E82E5613BB3A1266C15E28AD2F4338C7BBEC456F532 incomplete=false edits=32 complete=true t=1790148844495
EPOCH_RECONCILED epoch=0 reporter=911999B2AEFA7ACC66EBD802B3301FF6CE431405107749D940277955CB7FDD07 complete=false entries=0 total=15183 t=1790148844503
EPOCH_RESIDUAL epoch=0 reporter=65A90023F6C0D2181AAA63F005D81BBC0C04650505E21D5123F9AE1F9E992BFF votes=30708 derived=892 complete=true sketch_cells=0 t=1790148844503
EPOCH_RECONCILED epoch=0 reporter=735FE217D91E88EA82324C5883296385FA0041C2FAC85C827BAA46DA1E14B83F complete=false entries=0 total=15183 t=1790148844505
EPOCH_CLOSE_ROUND epoch=0 round=0 leader=633D9D614858AB1710D5D8C3180E2A082DC97208BA8C26BA6C6D1A86C8E31CC0 leads=false t=1790148844523
EPOCH_RESIDUAL epoch=0 reporter=911999B2AEFA7ACC66EBD802B3301FF6CE431405107749D940277955CB7FDD07 votes=30802 derived=907 complete=false sketch_cells=64 t=1790148844525
EPOCH_RESIDUAL_SKETCH epoch=0 reporter=911999B2AEFA7ACC66EBD802B3301FF6CE431405107749D940277955CB7FDD07 incomplete=false edits=13 complete=true t=1790148844526
EPOCH_CLOSE_READY epoch=0 t=1790148844526
EPOCH_RESIDUAL epoch=0 reporter=735FE217D91E88EA82324C5883296385FA0041C2FAC85C827BAA46DA1E14B83F votes=30662 derived=880 complete=true sketch_cells=0 t=1790148844544
EPOCH_CLOSE_READY epoch=0 t=1790148844548
EPOCH_CLOSE_ROUND epoch=0 round=0 leader=633D9D614858AB1710D5D8C3180E2A082DC97208BA8C26BA6C6D1A86C8E31CC0 leads=false t=1790148844550
EPOCH_CLOSE_ROUND epoch=0 round=0 leader=633D9D614858AB1710D5D8C3180E2A082DC97208BA8C26BA6C6D1A86C8E31CC0 leads=false t=1790148844649
EPOCH_CLOSE_READY epoch=0 t=1790148844657
EPOCH_PROPOSED epoch=0 round=0 value=99B00F9213B83B29D211FCAD0C68E13DD19486097FFE019037A145EE63971499 state=EE6717970893886C9F8297B109AFC626216025DC8093A66D2A7AD56F10526333 reports=5 t=1790148844714
EPOCH_VALUE epoch=0 value=99B00F9213B83B29D211FCAD0C68E13DD19486097FFE019037A145EE63971499 state=EE6717970893886C9F8297B109AFC626216025DC8093A66D2A7AD56F10526333 t=1790148844714
EPOCH_CLOSE_ROUND epoch=0 round=0 leader=633D9D614858AB1710D5D8C3180E2A082DC97208BA8C26BA6C6D1A86C8E31CC0 leads=false t=1790148844717
EPOCH_CLOSE_ROUND epoch=0 round=0 leader=633D9D614858AB1710D5D8C3180E2A082DC97208BA8C26BA6C6D1A86C8E31CC0 leads=true t=1790148844743
EPOCH_VALUE epoch=0 value=99B00F9213B83B29D211FCAD0C68E13DD19486097FFE019037A145EE63971499 state=EE6717970893886C9F8297B109AFC626216025DC8093A66D2A7AD56F10526333 t=1790148844819
EPOCH_VALUE epoch=0 value=99B00F9213B83B29D211FCAD0C68E13DD19486097FFE019037A145EE63971499 state=EE6717970893886C9F8297B109AFC626216025DC8093A66D2A7AD56F10526333 t=1790148844832
EPOCH_VALUE epoch=0 value=99B00F9213B83B29D211FCAD0C68E13DD19486097FFE019037A145EE63971499 state=EE6717970893886C9F8297B109AFC626216025DC8093A66D2A7AD56F10526333 t=1790148844900
EPOCH_VALUE epoch=0 value=99B00F9213B83B29D211FCAD0C68E13DD19486097FFE019037A145EE63971499 state=EE6717970893886C9F8297B109AFC626216025DC8093A66D2A7AD56F10526333 t=1790148844907
EPOCH_VALUE epoch=0 value=99B00F9213B83B29D211FCAD0C68E13DD19486097FFE019037A145EE63971499 state=EE6717970893886C9F8297B109AFC626216025DC8093A66D2A7AD56F10526333 t=1790148844923
EPOCH_CLOSE_ROUND epoch=0 round=0 leader=633D9D614858AB1710D5D8C3180E2A082DC97208BA8C26BA6C6D1A86C8E31CC0 leads=false t=1790148844952
EPOCH_FRONTIER_MISSING epoch=0 accounts=754 : blocks this node does not hold t=1790148845355
EPOCH_INSTALL epoch=0 finalized=16030 instances_confirmed=770 t=1790148845363
EPOCH_COMMITTEE derived_by=0 members=6 accounts=6465 n=314167195984915333394245219905396404846 digest=571C1D5842BB866217BD8F9155C4E2FB5DA665114C235DB3A6ED6009FE9D5BC4 shares=["D315857C:19.8%", "633D9D61:19.7%", "735FE217:15.4%", "911999B2:15.4%", "A353E45E:15.2%", "65A90023:14.5%"] t=1790148845370
EPOCH_OMITTED epoch=0 instances=22 retained=2 t=1790148845370
EPOCH_FRONTIER_MISSING epoch=0 accounts=754 : blocks this node does not hold t=1790148845378
EPOCH_GATE epoch=1 released=1483 finalized=1242 t=1790148845379
EPOCH_CLOSED epoch=0 round=0 value=99B00F9213B83B29D211FCAD0C68E13DD19486097FFE019037A145EE63971499 state=EE6717970893886C9F8297B109AFC626216025DC8093A66D2A7AD56F10526333 t=1790148845379
[2m2026-09-23T07:34:05.381179Z[0m [32m INFO[0m [2mnanospam::app[0m[2m:[0m Confirmed 15,222 blocks | 2,000 bps | 0 cps | avg conf time: 0 ms
EPOCH_INSTALL epoch=0 finalized=16030 instances_confirmed=770 t=1790148845392
EPOCH_COMMITTEE derived_by=0 members=6 accounts=6465 n=314167195984915333394245219905396404846 digest=571C1D5842BB866217BD8F9155C4E2FB5DA665114C235DB3A6ED6009FE9D5BC4 shares=["D315857C:19.8%", "633D9D61:19.7%", "735FE217:15.4%", "911999B2:15.4%", "A353E45E:15.2%", "65A90023:14.5%"] t=1790148845402
EPOCH_OMITTED epoch=0 instances=22 retained=2 t=1790148845402
EPOCH_FRONTIER_MISSING epoch=0 accounts=754 : blocks this node does not hold t=1790148845407
EPOCH_INSTALL epoch=0 finalized=16030 instances_confirmed=770 t=1790148845413
EPOCH_GATE epoch=1 released=1795 finalized=1441 t=1790148845419
EPOCH_CLOSED epoch=0 round=0 value=99B00F9213B83B29D211FCAD0C68E13DD19486097FFE019037A145EE63971499 state=EE6717970893886C9F8297B109AFC626216025DC8093A66D2A7AD56F10526333 t=1790148845419
EPOCH_COMMITTEE derived_by=0 members=6 accounts=6465 n=314167195984915333394245219905396404846 digest=571C1D5842BB866217BD8F9155C4E2FB5DA665114C235DB3A6ED6009FE9D5BC4 shares=["D315857C:19.8%", "633D9D61:19.7%", "735FE217:15.4%", "911999B2:15.4%", "A353E45E:15.2%", "65A90023:14.5%"] t=1790148845422
EPOCH_OMITTED epoch=0 instances=22 retained=2 t=1790148845422
EPOCH_FRONTIER_MISSING epoch=0 accounts=754 : blocks this node does not hold t=1790148845423
EPOCH_INSTALL epoch=0 finalized=16030 instances_confirmed=770 t=1790148845429
EPOCH_GATE epoch=1 released=1793 finalized=1441 t=1790148845432
EPOCH_CLOSED epoch=0 round=0 value=99B00F9213B83B29D211FCAD0C68E13DD19486097FFE019037A145EE63971499 state=EE6717970893886C9F8297B109AFC626216025DC8093A66D2A7AD56F10526333 t=1790148845432
EPOCH_INSTALLED epoch=0 finalized=16030 cemented=15261 queued=769 missing=0 t=1790148845492
EPOCH_INSTALLED epoch=0 finalized=16030 cemented=15905 queued=124 missing=1 t=1790148845499
EPOCH_FRONTIER_MISSING epoch=0 accounts=754 : blocks this node does not hold t=1790148845505
EPOCH_COMMITTEE derived_by=0 members=6 accounts=6465 n=314167195984915333394245219905396404846 digest=571C1D5842BB866217BD8F9155C4E2FB5DA665114C235DB3A6ED6009FE9D5BC4 shares=["D315857C:19.8%", "633D9D61:19.7%", "735FE217:15.4%", "911999B2:15.4%", "A353E45E:15.2%", "65A90023:14.5%"] t=1790148845511
EPOCH_OMITTED epoch=0 instances=22 retained=2 t=1790148845511
EPOCH_INSTALLED epoch=0 finalized=16030 cemented=15267 queued=12 missing=751 t=1790148845526
EPOCH_INSTALL epoch=0 finalized=16030 instances_confirmed=770 t=1790148845545
EPOCH_COMMITTEE derived_by=0 members=6 accounts=6465 n=314167195984915333394245219905396404846 digest=571C1D5842BB866217BD8F9155C4E2FB5DA665114C235DB3A6ED6009FE9D5BC4 shares=["D315857C:19.8%", "633D9D61:19.7%", "735FE217:15.4%", "911999B2:15.4%", "A353E45E:15.2%", "65A90023:14.5%"] t=1790148845583
EPOCH_OMITTED epoch=0 instances=22 retained=2 t=1790148845583
EPOCH_GATE epoch=1 released=1794 finalized=1441 t=1790148845586
EPOCH_CLOSED epoch=0 round=0 value=99B00F9213B83B29D211FCAD0C68E13DD19486097FFE019037A145EE63971499 state=EE6717970893886C9F8297B109AFC626216025DC8093A66D2A7AD56F10526333 t=1790148845586
EPOCH_INSTALLED epoch=0 finalized=16030 cemented=15262 queued=16 missing=752 t=1790148845647
EPOCH_GATE epoch=1 released=1795 finalized=1441 t=1790148845649
EPOCH_CLOSED epoch=0 round=0 value=99B00F9213B83B29D211FCAD0C68E13DD19486097FFE019037A145EE63971499 state=EE6717970893886C9F8297B109AFC626216025DC8093A66D2A7AD56F10526333 t=1790148845649
EPOCH_INSTALLED epoch=0 finalized=16030 cemented=15260 queued=18 missing=752 t=1790148845778
EPOCH_FRONTIER_MISSING epoch=0 accounts=754 : blocks this node does not hold t=1790148845983
EPOCH_INSTALL epoch=0 finalized=16030 instances_confirmed=770 t=1790148845987
EPOCH_COMMITTEE derived_by=0 members=6 accounts=6465 n=314167195984915333394245219905396404846 digest=571C1D5842BB866217BD8F9155C4E2FB5DA665114C235DB3A6ED6009FE9D5BC4 shares=["D315857C:19.8%", "633D9D61:19.7%", "735FE217:15.4%", "911999B2:15.4%", "A353E45E:15.2%", "65A90023:14.5%"] t=1790148845996
EPOCH_OMITTED epoch=0 instances=22 retained=2 t=1790148845996
EPOCH_GATE epoch=1 released=1795 finalized=1441 t=1790148846005
EPOCH_CLOSED epoch=0 round=0 value=99B00F9213B83B29D211FCAD0C68E13DD19486097FFE019037A145EE63971499 state=EE6717970893886C9F8297B109AFC626216025DC8093A66D2A7AD56F10526333 t=1790148846005
EPOCH_INSTALLED epoch=0 finalized=16030 cemented=16030 queued=0 missing=0 t=1790148846236
[2m2026-09-23T07:34:06.381667Z[0m [32m INFO[0m [2mnanospam::app[0m[2m:[0m Confirmed 19,675 blocks | 2,000 bps | 4,450 cps | avg conf time: 1676 ms
[2m2026-09-23T07:34:07.382989Z[0m [32m INFO[0m [2mnanospam::app[0m[2m:[0m Confirmed 21,603 blocks | 2,000 bps | 1,925 cps | avg conf time: 122 ms
[2m2026-09-23T07:34:08.383877Z[0m [32m INFO[0m [2mnanospam::app[0m[2m:[0m Confirmed 23,414 blocks | 2,000 bps | 1,809 cps | avg conf time: 101 ms
[2m2026-09-23T07:34:09.384393Z[0m [32m INFO[0m [2mnanospam::app[0m[2m:[0m Confirmed 25,224 blocks | 2,000 bps | 1,808 cps | avg conf time: 102 ms
[2m2026-09-23T07:34:10.385997Z[0m [32m INFO[0m [2mnanospam::app[0m[2m:[0m Confirmed 27,014 blocks | 2,000 bps | 1,788 cps | avg conf time: 101 ms
[2m2026-09-23T07:34:11.386327Z[0m [32m INFO[0m [2mnanospam::app[0m[2m:[0m Confirmed 28,755 blocks | 2,000 bps | 1,739 cps | avg conf time: 106 ms
EPOCH_ENDED epoch=1 elections=914 active=150 t=1790148852162
EPOCH_ENDED epoch=1 elections=914 active=154 t=1790148852163
EPOCH_ENDED epoch=1 elections=914 active=150 t=1790148852163
EPOCH_ENDED epoch=1 elections=915 active=151 t=1790148852163
EPOCH_ENDED epoch=1 elections=914 active=154 t=1790148852163
EPOCH_ENDED epoch=1 elections=915 active=155 t=1790148852166
EPOCH_ADVANCED epoch=2 elections=914 active=154 vote_records=355440 t=1790148852192
EPOCH_ADVANCED epoch=2 elections=915 active=155 vote_records=355414 t=1790148852193
EPOCH_REPORT epoch=1 certified=14316 residual=896 root=AB2939A595D27303C7CA016E9D97E49EF396AEA6B8D7C66178BB465E0DA53E22 reports=1 t=1790148852202
EPOCH_REPORT epoch=1 certified=14316 residual=886 root=AB2939A595D27303C7CA016E9D97E49EF396AEA6B8D7C66178BB465E0DA53E22 reports=1 t=1790148852204
EPOCH_ADVANCED epoch=2 elections=915 active=151 vote_records=355449 t=1790148852208
EPOCH_ADVANCED epoch=2 elections=914 active=150 vote_records=355391 t=1790148852208
EPOCH_REPORT epoch=1 certified=14316 residual=897 root=AB2939A595D27303C7CA016E9D97E49EF396AEA6B8D7C66178BB465E0DA53E22 reports=1 t=1790148852217
EPOCH_ADVANCED epoch=2 elections=914 active=150 vote_records=355446 t=1790148852227
EPOCH_RECON_REQUEST epoch=1 reporter=D315857CE70C54DE713F6E82E5613BB3A1266C15E28AD2F4338C7BBEC456F532 target=AB2939A595D27303C7CA016E9D97E49EF396AEA6B8D7C66178BB465E0DA53E22 sources=["4F0FD747"] t=1790148852259
EPOCH_RECON_REFUSED epoch=1 target=AB2939A595D27303C7CA016E9D97E49EF396AEA6B8D7C66178BB465E0DA53E22 reason=UnknownTarget sources=["4F0FD747"] t=1790148852259
EPOCH_RECON_REFUSED epoch=1 target=AB2939A595D27303C7CA016E9D97E49EF396AEA6B8D7C66178BB465E0DA53E22 reason=UnknownSource sources=["4F0FD747"] t=1790148852259
EPOCH_RECON_REFUSED epoch=1 target=AB2939A595D27303C7CA016E9D97E49EF396AEA6B8D7C66178BB465E0DA53E22 reason=UnknownTarget sources=["4F0FD747"] t=1790148852260
EPOCH_RECON_REFUSED epoch=1 target=AB2939A595D27303C7CA016E9D97E49EF396AEA6B8D7C66178BB465E0DA53E22 reason=UnknownSource sources=["4F0FD747"] t=1790148852260
EPOCH_RECON_REFUSED epoch=1 target=AB2939A595D27303C7CA016E9D97E49EF396AEA6B8D7C66178BB465E0DA53E22 reason=UnknownSource sources=["4F0FD747"] t=1790148852260
EPOCH_REPORT epoch=1 certified=14316 residual=934 root=AB2939A595D27303C7CA016E9D97E49EF396AEA6B8D7C66178BB465E0DA53E22 reports=1 t=1790148852261
EPOCH_ADVANCED epoch=2 elections=914 active=154 vote_records=355432 t=1790148852261
EPOCH_RECON_REFUSED epoch=1 target=AB2939A595D27303C7CA016E9D97E49EF396AEA6B8D7C66178BB465E0DA53E22 reason=UnknownSource sources=["4F0FD747"] t=1790148852261
EPOCH_RECONCILED epoch=1 reporter=911999B2AEFA7ACC66EBD802B3301FF6CE431405107749D940277955CB7FDD07 complete=false entries=0 total=14316 t=1790148852268
EPOCH_RESIDUAL epoch=1 reporter=911999B2AEFA7ACC66EBD802B3301FF6CE431405107749D940277955CB7FDD07 votes=28003 derived=896 complete=true sketch_cells=0 t=1790148852271
EPOCH_RECONCILED epoch=1 reporter=A353E45E6D0016CAEED0DFA4EC5B0640E2AA22A793F9F2375E77F1AB92977C04 complete=false entries=0 total=14316 t=1790148852272
EPOCH_REPORT epoch=1 certified=14316 residual=921 root=AB2939A595D27303C7CA016E9D97E49EF396AEA6B8D7C66178BB465E0DA53E22 reports=1 t=1790148852272
EPOCH_RESIDUAL epoch=1 reporter=A353E45E6D0016CAEED0DFA4EC5B0640E2AA22A793F9F2375E77F1AB92977C04 votes=27944 derived=895 complete=false sketch_cells=64 t=1790148852278
EPOCH_RESIDUAL_SKETCH epoch=1 reporter=A353E45E6D0016CAEED0DFA4EC5B0640E2AA22A793F9F2375E77F1AB92977C04 incomplete=false edits=2 complete=true t=1790148852279
EPOCH_CLOSE_UNREADY epoch=1 short_of=reports usable=3 weight=162998311317612088874544446573026962872 required=275628717205960155405333432019732251279 held=4 theirs=["D315857C:AB2939A5:3DD470DD", "A353E45E:AB2939A5:D0ACECC5", "65A90023:AB2939A5:ED39FBEA", "911999B2:AB2939A5:9929318A"] t=1790148852284
EPOCH_REPORT epoch=1 certified=14316 residual=884 root=AB2939A595D27303C7CA016E9D97E49EF396AEA6B8D7C66178BB465E0DA53E22 reports=1 t=1790148852285
EPOCH_RECONCILED epoch=1 reporter=911999B2AEFA7ACC66EBD802B3301FF6CE431405107749D940277955CB7FDD07 complete=false entries=0 total=14316 t=1790148852292
EPOCH_RECONCILED epoch=1 reporter=633D9D614858AB1710D5D8C3180E2A082DC97208BA8C26BA6C6D1A86C8E31CC0 complete=false entries=0 total=14316 t=1790148852318
EPOCH_RESIDUAL epoch=1 reporter=633D9D614858AB1710D5D8C3180E2A082DC97208BA8C26BA6C6D1A86C8E31CC0 votes=29387 derived=867 complete=false sketch_cells=64 t=1790148852322
EPOCH_RECONCILED epoch=1 reporter=A353E45E6D0016CAEED0DFA4EC5B0640E2AA22A793F9F2375E77F1AB92977C04 complete=false entries=0 total=14316 t=1790148852323
EPOCH_RESIDUAL epoch=1 reporter=A353E45E6D0016CAEED0DFA4EC5B0640E2AA22A793F9F2375E77F1AB92977C04 votes=27944 derived=895 complete=false sketch_cells=64 t=1790148852326
EPOCH_RECONCILED epoch=1 reporter=D315857CE70C54DE713F6E82E5613BB3A1266C15E28AD2F4338C7BBEC456F532 complete=false entries=0 total=14316 t=1790148852326
EPOCH_RECONCILED epoch=1 reporter=D315857CE70C54DE713F6E82E5613BB3A1266C15E28AD2F4338C7BBEC456F532 complete=false entries=0 total=14316 t=1790148852326
EPOCH_RESIDUAL epoch=1 reporter=D315857CE70C54DE713F6E82E5613BB3A1266C15E28AD2F4338C7BBEC456F532 votes=29076 derived=886 complete=true sketch_cells=0 t=1790148852330
EPOCH_RECONCILED epoch=1 reporter=A353E45E6D0016CAEED0DFA4EC5B0640E2AA22A793F9F2375E77F1AB92977C04 complete=false entries=0 total=14316 t=1790148852330
EPOCH_RESIDUAL_SKETCH epoch=1 reporter=A353E45E6D0016CAEED0DFA4EC5B0640E2AA22A793F9F2375E77F1AB92977C04 incomplete=false edits=2 complete=true t=1790148852332
EPOCH_RESIDUAL_SKETCH epoch=1 reporter=633D9D614858AB1710D5D8C3180E2A082DC97208BA8C26BA6C6D1A86C8E31CC0 incomplete=false edits=17 complete=true t=1790148852333
EPOCH_RESIDUAL epoch=1 reporter=A353E45E6D0016CAEED0DFA4EC5B0640E2AA22A793F9F2375E77F1AB92977C04 votes=27932 derived=883 complete=false sketch_cells=64 t=1790148852334
EPOCH_RECONCILED epoch=1 reporter=65A90023F6C0D2181AAA63F005D81BBC0C04650505E21D5123F9AE1F9E992BFF complete=false entries=0 total=14316 t=1790148852334
EPOCH_RESIDUAL epoch=1 reporter=65A90023F6C0D2181AAA63F005D81BBC0C04650505E21D5123F9AE1F9E992BFF votes=29129 derived=907 complete=false sketch_cells=64 t=1790148852338
EPOCH_RECONCILED epoch=1 reporter=735FE217D91E88EA82324C5883296385FA0041C2FAC85C827BAA46DA1E14B83F complete=false entries=0 total=14316 t=1790148852338
EPOCH_RESIDUAL_SKETCH epoch=1 reporter=A353E45E6D0016CAEED0DFA4EC5B0640E2AA22A793F9F2375E77F1AB92977C04 incomplete=false edits=14 complete=true t=1790148852339
EPOCH_RESIDUAL epoch=1 reporter=735FE217D91E88EA82324C5883296385FA0041C2FAC85C827BAA46DA1E14B83F votes=29213 derived=851 complete=false sketch_cells=64 t=1790148852341
EPOCH_RECONCILED epoch=1 reporter=911999B2AEFA7ACC66EBD802B3301FF6CE431405107749D940277955CB7FDD07 complete=false entries=0 total=14316 t=1790148852342
EPOCH_RESIDUAL_SKETCH epoch=1 reporter=735FE217D91E88EA82324C5883296385FA0041C2FAC85C827BAA46DA1E14B83F incomplete=true edits=0 complete=false t=1790148852348
EPOCH_RESIDUAL epoch=1 reporter=D315857CE70C54DE713F6E82E5613BB3A1266C15E28AD2F4338C7BBEC456F532 votes=29063 derived=873 complete=false sketch_cells=64 t=1790148852359
EPOCH_RESIDUAL epoch=1 reporter=911999B2AEFA7ACC66EBD802B3301FF6CE431405107749D940277955CB7FDD07 votes=28003 derived=896 complete=true sketch_cells=0 t=1790148852360
EPOCH_RESIDUAL_SKETCH epoch=1 reporter=65A90023F6C0D2181AAA63F005D81BBC0C04650505E21D5123F9AE1F9E992BFF incomplete=false edits=14 complete=true t=1790148852372
[2m2026-09-23T07:34:12.387373Z[0m [32m INFO[0m [2mnanospam::app[0m[2m:[0m Confirmed 30,377 blocks | 2,000 bps | 1,620 cps | avg conf time: 110 ms
EPOCH_RECONCILED epoch=1 reporter=65A90023F6C0D2181AAA63F005D81BBC0C04650505E21D5123F9AE1F9E992BFF complete=false entries=0 total=14316 t=1790148852394
EPOCH_RESIDUAL epoch=1 reporter=65A90023F6C0D2181AAA63F005D81BBC0C04650505E21D5123F9AE1F9E992BFF votes=29143 derived=921 complete=true sketch_cells=0 t=1790148852397
EPOCH_RECONCILED epoch=1 reporter=633D9D614858AB1710D5D8C3180E2A082DC97208BA8C26BA6C6D1A86C8E31CC0 complete=false entries=0 total=14316 t=1790148852397
EPOCH_RESIDUAL epoch=1 reporter=633D9D614858AB1710D5D8C3180E2A082DC97208BA8C26BA6C6D1A86C8E31CC0 votes=29404 derived=884 complete=true sketch_cells=0 t=1790148852400
EPOCH_RECONCILED epoch=1 reporter=D315857CE70C54DE713F6E82E5613BB3A1266C15E28AD2F4338C7BBEC456F532 complete=false entries=0 total=14316 t=1790148852401
EPOCH_RESIDUAL epoch=1 reporter=D315857CE70C54DE713F6E82E5613BB3A1266C15E28AD2F4338C7BBEC456F532 votes=29076 derived=886 complete=true sketch_cells=0 t=1790148852404
EPOCH_RECONCILED epoch=1 reporter=911999B2AEFA7ACC66EBD802B3301FF6CE431405107749D940277955CB7FDD07 complete=false entries=0 total=14316 t=1790148852404
EPOCH_RESIDUAL epoch=1 reporter=911999B2AEFA7ACC66EBD802B3301FF6CE431405107749D940277955CB7FDD07 votes=28003 derived=896 complete=true sketch_cells=0 t=1790148852407
EPOCH_RECONCILED epoch=1 reporter=A353E45E6D0016CAEED0DFA4EC5B0640E2AA22A793F9F2375E77F1AB92977C04 complete=false entries=0 total=14316 t=1790148852408
EPOCH_RESIDUAL epoch=1 reporter=A353E45E6D0016CAEED0DFA4EC5B0640E2AA22A793F9F2375E77F1AB92977C04 votes=27946 derived=897 complete=true sketch_cells=0 t=1790148852412
EPOCH_CLOSE_READY epoch=1 t=1790148852415
EPOCH_RECONCILED epoch=1 reporter=735FE217D91E88EA82324C5883296385FA0041C2FAC85C827BAA46DA1E14B83F complete=false entries=0 total=14316 t=1790148852418
EPOCH_RESIDUAL_SKETCH epoch=1 reporter=D315857CE70C54DE713F6E82E5613BB3A1266C15E28AD2F4338C7BBEC456F532 incomplete=false edits=13 complete=true t=1790148852418
EPOCH_CLOSE_UNREADY epoch=1 short_of=reports usable=2 weight=108665555378408059249696297715351308578 required=275628717205960155405333432019732251279 held=6 theirs=["911999B2:AB2939A5:9929318A", "65A90023:AB2939A5:ED39FBEA", "633D9D61:AB2939A5:1576600E", "735FE217:AB2939A5:97D86284", "D315857C:AB2939A5:3DD470DD", "A353E45E:AB2939A5:D0ACECC5"] t=1790148852429
EPOCH_RECONCILED epoch=1 reporter=65A90023F6C0D2181AAA63F005D81BBC0C04650505E21D5123F9AE1F9E992BFF complete=false entries=0 total=14316 t=1790148852433
EPOCH_RESIDUAL epoch=1 reporter=65A90023F6C0D2181AAA63F005D81BBC0C04650505E21D5123F9AE1F9E992BFF votes=29122 derived=900 complete=false sketch_cells=64 t=1790148852455
EPOCH_RECONCILED epoch=1 reporter=D315857CE70C54DE713F6E82E5613BB3A1266C15E28AD2F4338C7BBEC456F532 complete=false entries=0 total=14316 t=1790148852456
EPOCH_RESIDUAL_SKETCH epoch=1 reporter=65A90023F6C0D2181AAA63F005D81BBC0C04650505E21D5123F9AE1F9E992BFF incomplete=false edits=21 complete=true t=1790148852457
EPOCH_RESIDUAL epoch=1 reporter=735FE217D91E88EA82324C5883296385FA0041C2FAC85C827BAA46DA1E14B83F votes=29376 derived=924 complete=false sketch_cells=64 t=1790148852463
EPOCH_RESIDUAL epoch=1 reporter=D315857CE70C54DE713F6E82E5613BB3A1266C15E28AD2F4338C7BBEC456F532 votes=29076 derived=886 complete=true sketch_cells=0 t=1790148852467
EPOCH_RECONCILED epoch=1 reporter=65A90023F6C0D2181AAA63F005D81BBC0C04650505E21D5123F9AE1F9E992BFF complete=false entries=0 total=14316 t=1790148852468
EPOCH_RESIDUAL_SKETCH epoch=1 reporter=735FE217D91E88EA82324C5883296385FA0041C2FAC85C827BAA46DA1E14B83F incomplete=false edits=10 complete=true t=1790148852468
EPOCH_RECONCILED epoch=1 reporter=633D9D614858AB1710D5D8C3180E2A082DC97208BA8C26BA6C6D1A86C8E31CC0 complete=false entries=0 total=14316 t=1790148852469
EPOCH_RESIDUAL epoch=1 reporter=633D9D614858AB1710D5D8C3180E2A082DC97208BA8C26BA6C6D1A86C8E31CC0 votes=29404 derived=884 complete=true sketch_cells=0 t=1790148852525
EPOCH_RESIDUAL epoch=1 reporter=911999B2AEFA7ACC66EBD802B3301FF6CE431405107749D940277955CB7FDD07 votes=28003 derived=896 complete=true sketch_cells=0 t=1790148852568
EPOCH_RECONCILED epoch=1 reporter=65A90023F6C0D2181AAA63F005D81BBC0C04650505E21D5123F9AE1F9E992BFF complete=false entries=0 total=14316 t=1790148852616
EPOCH_CLOSE_UNREADY epoch=1 short_of=reports usable=5 weight=271663869696020148124240744288378271450 required=275628717205960155405333432019732251279 held=6 theirs=["D315857C:AB2939A5:3DD470DD", "A353E45E:AB2939A5:D0ACECC5", "65A90023:AB2939A5:ED39FBEA", "633D9D61:AB2939A5:1576600E", "735FE217:AB2939A5:97D86284", "911999B2:AB2939A5:9929318A"] t=1790148852628
EPOCH_RECONCILED epoch=1 reporter=633D9D614858AB1710D5D8C3180E2A082DC97208BA8C26BA6C6D1A86C8E31CC0 complete=false entries=0 total=14316 t=1790148852652
EPOCH_RESIDUAL epoch=1 reporter=633D9D614858AB1710D5D8C3180E2A082DC97208BA8C26BA6C6D1A86C8E31CC0 votes=29404 derived=884 complete=true sketch_cells=0 t=1790148852667
EPOCH_RECONCILED epoch=1 reporter=735FE217D91E88EA82324C5883296385FA0041C2FAC85C827BAA46DA1E14B83F complete=false entries=0 total=14316 t=1790148852668
EPOCH_CLOSE_ROUND epoch=1 round=0 leader=65A90023F6C0D2181AAA63F005D81BBC0C04650505E21D5123F9AE1F9E992BFF leads=false t=1790148852673
EPOCH_RESIDUAL epoch=1 reporter=65A90023F6C0D2181AAA63F005D81BBC0C04650505E21D5123F9AE1F9E992BFF votes=29133 derived=911 complete=false sketch_cells=64 t=1790148852673
EPOCH_RECONCILED epoch=1 reporter=735FE217D91E88EA82324C5883296385FA0041C2FAC85C827BAA46DA1E14B83F complete=false entries=0 total=14316 t=1790148852674
EPOCH_RESIDUAL_SKETCH epoch=1 reporter=65A90023F6C0D2181AAA63F005D81BBC0C04650505E21D5123F9AE1F9E992BFF incomplete=false edits=10 complete=true t=1790148852674
EPOCH_RESIDUAL epoch=1 reporter=735FE217D91E88EA82324C5883296385FA0041C2FAC85C827BAA46DA1E14B83F votes=29365 derived=913 complete=false sketch_cells=64 t=1790148852752
EPOCH_CLOSE_READY epoch=1 t=1790148852752
EPOCH_RESIDUAL_SKETCH epoch=1 reporter=735FE217D91E88EA82324C5883296385FA0041C2FAC85C827BAA46DA1E14B83F incomplete=false edits=21 complete=true t=1790148852754
EPOCH_RECONCILED epoch=1 reporter=911999B2AEFA7ACC66EBD802B3301FF6CE431405107749D940277955CB7FDD07 complete=false entries=0 total=14316 t=1790148852755
EPOCH_CLOSE_ROUND epoch=1 round=0 leader=65A90023F6C0D2181AAA63F005D81BBC0C04650505E21D5123F9AE1F9E992BFF leads=false t=1790148852756
EPOCH_RESIDUAL epoch=1 reporter=911999B2AEFA7ACC66EBD802B3301FF6CE431405107749D940277955CB7FDD07 votes=28003 derived=896 complete=true sketch_cells=0 t=1790148852762
EPOCH_RESIDUAL epoch=1 reporter=65A90023F6C0D2181AAA63F005D81BBC0C04650505E21D5123F9AE1F9E992BFF votes=29143 derived=921 complete=true sketch_cells=0 t=1790148852787
EPOCH_RECONCILED epoch=1 reporter=735FE217D91E88EA82324C5883296385FA0041C2FAC85C827BAA46DA1E14B83F complete=false entries=0 total=14316 t=1790148852789
EPOCH_RESIDUAL epoch=1 reporter=735FE217D91E88EA82324C5883296385FA0041C2FAC85C827BAA46DA1E14B83F votes=29386 derived=934 complete=true sketch_cells=0 t=1790148852792
EPOCH_RECONCILED epoch=1 reporter=633D9D614858AB1710D5D8C3180E2A082DC97208BA8C26BA6C6D1A86C8E31CC0 complete=false entries=0 total=14316 t=1790148852792
EPOCH_RESIDUAL epoch=1 reporter=735FE217D91E88EA82324C5883296385FA0041C2FAC85C827BAA46DA1E14B83F votes=29384 derived=932 complete=false sketch_cells=64 t=1790148852793
EPOCH_RECONCILED epoch=1 reporter=D315857CE70C54DE713F6E82E5613BB3A1266C15E28AD2F4338C7BBEC456F532 complete=false entries=0 total=14316 t=1790148852795
EPOCH_RESIDUAL_SKETCH epoch=1 reporter=735FE217D91E88EA82324C5883296385FA0041C2FAC85C827BAA46DA1E14B83F incomplete=false edits=2 complete=true t=1790148852795
EPOCH_CLOSE_READY epoch=1 t=1790148852845
EPOCH_CLOSE_ROUND epoch=1 round=0 leader=65A90023F6C0D2181AAA63F005D81BBC0C04650505E21D5123F9AE1F9E992BFF leads=false t=1790148852848
EPOCH_RESIDUAL epoch=1 reporter=633D9D614858AB1710D5D8C3180E2A082DC97208BA8C26BA6C6D1A86C8E31CC0 votes=29400 derived=880 complete=false sketch_cells=64 t=1790148852850
EPOCH_RESIDUAL_SKETCH epoch=1 reporter=633D9D614858AB1710D5D8C3180E2A082DC97208BA8C26BA6C6D1A86C8E31CC0 incomplete=false edits=4 complete=true t=1790148852850
EPOCH_RESIDUAL epoch=1 reporter=D315857CE70C54DE713F6E82E5613BB3A1266C15E28AD2F4338C7BBEC456F532 votes=29076 derived=886 complete=true sketch_cells=0 t=1790148852854
EPOCH_RECONCILED epoch=1 reporter=A353E45E6D0016CAEED0DFA4EC5B0640E2AA22A793F9F2375E77F1AB92977C04 complete=false entries=0 total=14316 t=1790148852856
EPOCH_RESIDUAL epoch=1 reporter=A353E45E6D0016CAEED0DFA4EC5B0640E2AA22A793F9F2375E77F1AB92977C04 votes=27944 derived=895 complete=false sketch_cells=64 t=1790148852891
EPOCH_RESIDUAL_SKETCH epoch=1 reporter=A353E45E6D0016CAEED0DFA4EC5B0640E2AA22A793F9F2375E77F1AB92977C04 incomplete=false edits=2 complete=true t=1790148852893
EPOCH_RESIDUAL epoch=1 reporter=735FE217D91E88EA82324C5883296385FA0041C2FAC85C827BAA46DA1E14B83F votes=29386 derived=934 complete=true sketch_cells=0 t=1790148852893
EPOCH_CLOSE_READY epoch=1 t=1790148852894
EPOCH_CLOSE_READY epoch=1 t=1790148852901
EPOCH_CLOSE_READY epoch=1 t=1790148852923
EPOCH_CLOSE_ROUND epoch=1 round=0 leader=65A90023F6C0D2181AAA63F005D81BBC0C04650505E21D5123F9AE1F9E992BFF leads=false t=1790148852925
EPOCH_CLOSE_ROUND epoch=1 round=0 leader=65A90023F6C0D2181AAA63F005D81BBC0C04650505E21D5123F9AE1F9E992BFF leads=false t=1790148852937
[2m2026-09-23T07:34:13.388275Z[0m [32m INFO[0m [2mnanospam::app[0m[2m:[0m Confirmed 30,377 blocks | 2,000 bps | 0 cps | avg conf time: 0 ms
EPOCH_PROPOSED epoch=1 round=0 value=DAAE62F7EDCFE6BE5A1E485999377E4B1ECEA8C5FCA3428B16FAB154BE025C3F state=A90D26EF59ACFE011DF0493D8D2B611FC9884FD89877D52E62FBC0AEC6C64DF0 reports=5 t=1790148853437
EPOCH_VALUE epoch=1 value=DAAE62F7EDCFE6BE5A1E485999377E4B1ECEA8C5FCA3428B16FAB154BE025C3F state=A90D26EF59ACFE011DF0493D8D2B611FC9884FD89877D52E62FBC0AEC6C64DF0 t=1790148853440
EPOCH_CLOSE_ROUND epoch=1 round=0 leader=65A90023F6C0D2181AAA63F005D81BBC0C04650505E21D5123F9AE1F9E992BFF leads=true t=1790148853443
EPOCH_VALUE epoch=1 value=DAAE62F7EDCFE6BE5A1E485999377E4B1ECEA8C5FCA3428B16FAB154BE025C3F state=A90D26EF59ACFE011DF0493D8D2B611FC9884FD89877D52E62FBC0AEC6C64DF0 t=1790148854018
EPOCH_VALUE epoch=1 value=DAAE62F7EDCFE6BE5A1E485999377E4B1ECEA8C5FCA3428B16FAB154BE025C3F state=A90D26EF59ACFE011DF0493D8D2B611FC9884FD89877D52E62FBC0AEC6C64DF0 t=1790148854052
EPOCH_VALUE epoch=1 value=DAAE62F7EDCFE6BE5A1E485999377E4B1ECEA8C5FCA3428B16FAB154BE025C3F state=A90D26EF59ACFE011DF0493D8D2B611FC9884FD89877D52E62FBC0AEC6C64DF0 t=1790148854060
EPOCH_VALUE epoch=1 value=DAAE62F7EDCFE6BE5A1E485999377E4B1ECEA8C5FCA3428B16FAB154BE025C3F state=A90D26EF59ACFE011DF0493D8D2B611FC9884FD89877D52E62FBC0AEC6C64DF0 t=1790148854164
EPOCH_VALUE epoch=1 value=DAAE62F7EDCFE6BE5A1E485999377E4B1ECEA8C5FCA3428B16FAB154BE025C3F state=A90D26EF59ACFE011DF0493D8D2B611FC9884FD89877D52E62FBC0AEC6C64DF0 t=1790148854164
[2m2026-09-23T07:34:14.389335Z[0m [32m INFO[0m [2mnanospam::app[0m[2m:[0m Confirmed 30,377 blocks | 2,000 bps | 0 cps | avg conf time: 0 ms
EPOCH_FRONTIER_MISSING epoch=1 accounts=1107 : blocks this node does not hold t=1790148854699
EPOCH_FRONTIER_MISSING epoch=1 accounts=1107 : blocks this node does not hold t=1790148854703
EPOCH_INSTALL epoch=1 finalized=15143 instances_confirmed=720 t=1790148854708
EPOCH_INSTALL epoch=1 finalized=15143 instances_confirmed=720 t=1790148854711
EPOCH_FRONTIER_MISSING epoch=1 accounts=1107 : blocks this node does not hold t=1790148854718
EPOCH_COMMITTEE derived_by=1 members=6 accounts=12249 n=338865830375800896225397236056013924196 digest=210CFAFEB7B72279CCDFBB442E4065F976735D43B19A28A324EACE40ABBBA023 shares=["633D9D61:19.6%", "A353E45E:18.8%", "911999B2:16.4%", "D315857C:15.7%", "735FE217:15.4%", "65A90023:14.2%"] t=1790148854721
EPOCH_OMITTED epoch=1 instances=19 retained=3 t=1790148854721
EPOCH_FRONTIER_MISSING epoch=1 accounts=1107 : blocks this node does not hold t=1790148854722
EPOCH_COMMITTEE derived_by=1 members=6 accounts=12249 n=338865830375800896225397236056013924196 digest=210CFAFEB7B72279CCDFBB442E4065F976735D43B19A28A324EACE40ABBBA023 shares=["633D9D61:19.6%", "A353E45E:18.8%", "911999B2:16.4%", "D315857C:15.7%", "735FE217:15.4%", "65A90023:14.2%"] t=1790148854723
EPOCH_OMITTED epoch=1 instances=19 retained=3 t=1790148854724
EPOCH_INSTALL epoch=1 finalized=15143 instances_confirmed=720 t=1790148854725
EPOCH_INSTALL epoch=1 finalized=15143 instances_confirmed=720 t=1790148854730
EPOCH_COMMITTEE derived_by=1 members=6 accounts=12249 n=338865830375800896225397236056013924196 digest=210CFAFEB7B72279CCDFBB442E4065F976735D43B19A28A324EACE40ABBBA023 shares=["633D9D61:19.6%", "A353E45E:18.8%", "911999B2:16.4%", "D315857C:15.7%", "735FE217:15.4%", "65A90023:14.2%"] t=1790148854733
EPOCH_OMITTED epoch=1 instances=19 retained=3 t=1790148854733
EPOCH_COMMITTEE derived_by=1 members=6 accounts=12249 n=338865830375800896225397236056013924196 digest=210CFAFEB7B72279CCDFBB442E4065F976735D43B19A28A324EACE40ABBBA023 shares=["633D9D61:19.6%", "A353E45E:18.8%", "911999B2:16.4%", "D315857C:15.7%", "735FE217:15.4%", "65A90023:14.2%"] t=1790148854740
EPOCH_OMITTED epoch=1 instances=19 retained=3 t=1790148854740
EPOCH_FRONTIER_MISSING epoch=1 accounts=1107 : blocks this node does not hold t=1790148854747
EPOCH_GATE epoch=2 released=3990 finalized=2778 t=1790148854749
EPOCH_CLOSED epoch=1 round=0 value=DAAE62F7EDCFE6BE5A1E485999377E4B1ECEA8C5FCA3428B16FAB154BE025C3F state=A90D26EF59ACFE011DF0493D8D2B611FC9884FD89877D52E62FBC0AEC6C64DF0 t=1790148854750
EPOCH_GATE epoch=2 released=4003 finalized=2778 t=1790148854758
EPOCH_CLOSED epoch=1 round=0 value=DAAE62F7EDCFE6BE5A1E485999377E4B1ECEA8C5FCA3428B16FAB154BE025C3F state=A90D26EF59ACFE011DF0493D8D2B611FC9884FD89877D52E62FBC0AEC6C64DF0 t=1790148854758
EPOCH_INSTALL epoch=1 finalized=15143 instances_confirmed=720 t=1790148854760
EPOCH_GATE epoch=2 released=3993 finalized=2778 t=1790148854761
EPOCH_CLOSED epoch=1 round=0 value=DAAE62F7EDCFE6BE5A1E485999377E4B1ECEA8C5FCA3428B16FAB154BE025C3F state=A90D26EF59ACFE011DF0493D8D2B611FC9884FD89877D52E62FBC0AEC6C64DF0 t=1790148854765
EPOCH_GATE epoch=2 released=3992 finalized=2778 t=1790148854769
EPOCH_CLOSED epoch=1 round=0 value=DAAE62F7EDCFE6BE5A1E485999377E4B1ECEA8C5FCA3428B16FAB154BE025C3F state=A90D26EF59ACFE011DF0493D8D2B611FC9884FD89877D52E62FBC0AEC6C64DF0 t=1790148854769
EPOCH_COMMITTEE derived_by=1 members=6 accounts=12249 n=338865830375800896225397236056013924196 digest=210CFAFEB7B72279CCDFBB442E4065F976735D43B19A28A324EACE40ABBBA023 shares=["633D9D61:19.6%", "A353E45E:18.8%", "911999B2:16.4%", "D315857C:15.7%", "735FE217:15.4%", "65A90023:14.2%"] t=1790148854777
EPOCH_OMITTED epoch=1 instances=19 retained=3 t=1790148854777
EPOCH_GATE epoch=2 released=3996 finalized=2778 t=1790148854859
EPOCH_CLOSED epoch=1 round=0 value=DAAE62F7EDCFE6BE5A1E485999377E4B1ECEA8C5FCA3428B16FAB154BE025C3F state=A90D26EF59ACFE011DF0493D8D2B611FC9884FD89877D52E62FBC0AEC6C64DF0 t=1790148854859
EPOCH_INSTALLED epoch=1 finalized=15143 cemented=14423 queued=720 missing=0 t=1790148854863
EPOCH_INSTALLED epoch=1 finalized=15143 cemented=14423 queued=13 missing=707 t=1790148854913
EPOCH_INSTALLED epoch=1 finalized=15143 cemented=14425 queued=703 missing=15 t=1790148854952
EPOCH_INSTALLED epoch=1 finalized=15143 cemented=14423 queued=28 missing=692 t=1790148854966
EPOCH_INSTALLED epoch=1 finalized=15143 cemented=14588 queued=555 missing=0 t=1790148854973
[2m2026-09-23T07:34:15.391873Z[0m [32m INFO[0m [2mnanospam::app[0m[2m:[0m Confirmed 33,327 blocks | 2,000 bps | 2,942 cps | avg conf time: 2280 ms
EPOCH_FRONTIER_MISSING epoch=1 accounts=1107 : blocks this node does not hold t=1790148855415
EPOCH_INSTALL epoch=1 finalized=15143 instances_confirmed=720 t=1790148855581
EPOCH_COMMITTEE derived_by=1 members=6 accounts=12249 n=338865830375800896225397236056013924196 digest=210CFAFEB7B72279CCDFBB442E4065F976735D43B19A28A324EACE40ABBBA023 shares=["633D9D61:19.6%", "A353E45E:18.8%", "911999B2:16.4%", "D315857C:15.7%", "735FE217:15.4%", "65A90023:14.2%"] t=1790148855661
EPOCH_OMITTED epoch=1 instances=19 retained=3 t=1790148855662
EPOCH_GATE epoch=2 released=4003 finalized=2778 t=1790148855954
EPOCH_CLOSED epoch=1 round=0 value=DAAE62F7EDCFE6BE5A1E485999377E4B1ECEA8C5FCA3428B16FAB154BE025C3F state=A90D26EF59ACFE011DF0493D8D2B611FC9884FD89877D52E62FBC0AEC6C64DF0 t=1790148855954
EPOCH_INSTALLED epoch=1 finalized=15143 cemented=14425 queued=19 missing=699 t=1790148856156
[2m2026-09-23T07:34:16.393022Z[0m [32m INFO[0m [2mnanospam::app[0m[2m:[0m Confirmed 38,108 blocks | 2,000 bps | 4,775 cps | avg conf time: 1898 ms
[2m2026-09-23T07:34:17.393426Z[0m [32m INFO[0m [2mnanospam::app[0m[2m:[0m Confirmed 40,259 blocks | 2,000 bps | 2,150 cps | avg conf time: 229 ms
[2m2026-09-23T07:34:18.394105Z[0m [32m INFO[0m [2mnanospam::app[0m[2m:[0m Confirmed 41,989 blocks | 2,000 bps | 1,728 cps | avg conf time: 112 ms
[2m2026-09-23T07:34:19.395125Z[0m [32m INFO[0m [2mnanospam::app[0m[2m:[0m Confirmed 43,840 blocks | 2,000 bps | 1,849 cps | avg conf time: 106 ms
EPOCH_ENDED epoch=2 elections=470 active=0 t=1790148860205
EPOCH_ENDED epoch=2 elections=470 active=0 t=1790148860227
EPOCH_ENDED epoch=2 elections=470 active=8 t=1790148860233
EPOCH_ADVANCED epoch=3 elections=470 active=0 vote_records=516264 t=1790148860237
EPOCH_ENDED epoch=2 elections=470 active=0 t=1790148860250
EPOCH_REPORT epoch=2 certified=13384 residual=473 root=C01E572943726A1A03D60460CE5B3B9D0B4436B14098F4B73F5F748E2991F3AB reports=1 t=1790148860255
EPOCH_CLOSE_UNREADY epoch=2 short_of=reports usable=1 weight=61835711976930013338095557919482125407 required=254475428747781420049338628123371087926 held=0 theirs=[] t=1790148860255
EPOCH_ADVANCED epoch=3 elections=470 active=0 vote_records=516373 t=1790148860257
EPOCH_ADVANCED epoch=3 elections=470 active=8 vote_records=516356 t=1790148860260
EPOCH_ADVANCED epoch=3 elections=470 active=0 vote_records=516346 t=1790148860275
EPOCH_REPORT epoch=2 certified=13384 residual=628 root=C01E572943726A1A03D60460CE5B3B9D0B4436B14098F4B73F5F748E2991F3AB reports=1 t=1790148860275
EPOCH_REPORT epoch=2 certified=13384 residual=479 root=C01E572943726A1A03D60460CE5B3B9D0B4436B14098F4B73F5F748E2991F3AB reports=1 t=1790148860277
EPOCH_RECONCILED epoch=2 reporter=633D9D614858AB1710D5D8C3180E2A082DC97208BA8C26BA6C6D1A86C8E31CC0 complete=false entries=0 total=13384 t=1790148860282
EPOCH_RESIDUAL epoch=2 reporter=633D9D614858AB1710D5D8C3180E2A082DC97208BA8C26BA6C6D1A86C8E31CC0 votes=25103 derived=470 complete=false sketch_cells=64 t=1790148860284
EPOCH_RECONCILED epoch=2 reporter=633D9D614858AB1710D5D8C3180E2A082DC97208BA8C26BA6C6D1A86C8E31CC0 complete=false entries=0 total=13384 t=1790148860286
EPOCH_ENDED epoch=2 elections=470 active=0 t=1790148860287
EPOCH_RESIDUAL epoch=2 reporter=633D9D614858AB1710D5D8C3180E2A082DC97208BA8C26BA6C6D1A86C8E31CC0 votes=25106 derived=473 complete=true sketch_cells=0 t=1790148860288
EPOCH_CLOSE_UNREADY epoch=2 short_of=reports usable=1 weight=62343871319694604111084774918573989023 required=254475428747781420049338628123371087926 held=2 theirs=["D315857C:C01E5729:B1DDFA35", "633D9D61:C01E5729:48C1DDC8"] t=1790148860292
EPOCH_RESIDUAL_SKETCH epoch=2 reporter=633D9D614858AB1710D5D8C3180E2A082DC97208BA8C26BA6C6D1A86C8E31CC0 incomplete=false edits=3 complete=true t=1790148860292
EPOCH_RECONCILED epoch=2 reporter=633D9D614858AB1710D5D8C3180E2A082DC97208BA8C26BA6C6D1A86C8E31CC0 complete=false entries=0 total=13384 t=1790148860293
EPOCH_CLOSE_UNREADY epoch=2 short_of=reports usable=2 weight=107357276794056542694420814027259651881 required=254475428747781420049338628123371087926 held=3 theirs=["633D9D61:C01E5729:48C1DDC8", "65A90023:C01E5729:5A767B89", "D315857C:C01E5729:B1DDFA35"] t=1790148860293
EPOCH_REPORT epoch=2 certified=13384 residual=473 root=C01E572943726A1A03D60460CE5B3B9D0B4436B14098F4B73F5F748E2991F3AB reports=1 t=1790148860295
EPOCH_RESIDUAL epoch=2 reporter=633D9D614858AB1710D5D8C3180E2A082DC97208BA8C26BA6C6D1A86C8E31CC0 votes=25106 derived=473 complete=true sketch_cells=0 t=1790148860297
EPOCH_CLOSE_UNREADY epoch=2 short_of=reports usable=2 weight=110243589534015687272418294357702770526 required=254475428747781420049338628123371087926 held=4 theirs=["D315857C:C01E5729:B1DDFA35", "633D9D61:C01E5729:48C1DDC8", "65A90023:C01E5729:5A767B89", "735FE217:C01E5729:04F937D1"] t=1790148860302
EPOCH_ADVANCED epoch=3 elections=470 active=0 vote_records=516302 t=1790148860306
EPOCH_REPORT epoch=2 certified=13384 residual=476 root=C01E572943726A1A03D60460CE5B3B9D0B4436B14098F4B73F5F748E2991F3AB reports=1 t=1790148860318
EPOCH_RECONCILED epoch=2 reporter=633D9D614858AB1710D5D8C3180E2A082DC97208BA8C26BA6C6D1A86C8E31CC0 complete=false entries=0 total=13384 t=1790148860321
EPOCH_RESIDUAL epoch=2 reporter=633D9D614858AB1710D5D8C3180E2A082DC97208BA8C26BA6C6D1A86C8E31CC0 votes=25106 derived=473 complete=true sketch_cells=0 t=1790148860324
EPOCH_RECONCILED epoch=2 reporter=D315857CE70C54DE713F6E82E5613BB3A1266C15E28AD2F4338C7BBEC456F532 complete=false entries=0 total=13384 t=1790148860324
EPOCH_RESIDUAL epoch=2 reporter=D315857CE70C54DE713F6E82E5613BB3A1266C15E28AD2F4338C7BBEC456F532 votes=26679 derived=627 complete=false sketch_cells=64 t=1790148860327
EPOCH_RECONCILED epoch=2 reporter=65A90023F6C0D2181AAA63F005D81BBC0C04650505E21D5123F9AE1F9E992BFF complete=false entries=0 total=13384 t=1790148860327
EPOCH_RESIDUAL_SKETCH epoch=2 reporter=D315857CE70C54DE713F6E82E5613BB3A1266C15E28AD2F4338C7BBEC456F532 incomplete=false edits=1 complete=true t=1790148860327
EPOCH_RESIDUAL epoch=2 reporter=65A90023F6C0D2181AAA63F005D81BBC0C04650505E21D5123F9AE1F9E992BFF votes=26824 derived=476 complete=false sketch_cells=64 t=1790148860330
EPOCH_RECONCILED epoch=2 reporter=735FE217D91E88EA82324C5883296385FA0041C2FAC85C827BAA46DA1E14B83F complete=false entries=0 total=13384 t=1790148860330
EPOCH_RESIDUAL_SKETCH epoch=2 reporter=65A90023F6C0D2181AAA63F005D81BBC0C04650505E21D5123F9AE1F9E992BFF incomplete=false edits=3 complete=true t=1790148860331
EPOCH_RESIDUAL epoch=2 reporter=735FE217D91E88EA82324C5883296385FA0041C2FAC85C827BAA46DA1E14B83F votes=26572 derived=470 complete=false sketch_cells=64 t=1790148860333
EPOCH_RESIDUAL_SKETCH epoch=2 reporter=735FE217D91E88EA82324C5883296385FA0041C2FAC85C827BAA46DA1E14B83F incomplete=false edits=3 complete=true t=1790148860333
EPOCH_CLOSE_READY epoch=2 t=1790148860338
EPOCH_ENDED epoch=2 elections=470 active=0 t=1790148860345
EPOCH_ADVANCED epoch=3 elections=470 active=0 vote_records=516348 t=1790148860361
EPOCH_REPORT epoch=2 certified=13384 residual=635 root=C01E572943726A1A03D60460CE5B3B9D0B4436B14098F4B73F5F748E2991F3AB reports=1 t=1790148860373
EPOCH_RECONCILED epoch=2 reporter=A353E45E6D0016CAEED0DFA4EC5B0640E2AA22A793F9F2375E77F1AB92977C04 complete=false entries=0 total=13384 t=1790148860377
EPOCH_RESIDUAL epoch=2 reporter=A353E45E6D0016CAEED0DFA4EC5B0640E2AA22A793F9F2375E77F1AB92977C04 votes=27080 derived=476 complete=true sketch_cells=0 t=1790148860379
EPOCH_RECONCILED epoch=2 reporter=735FE217D91E88EA82324C5883296385FA0041C2FAC85C827BAA46DA1E14B83F complete=false entries=0 total=13384 t=1790148860379
EPOCH_RESIDUAL epoch=2 reporter=735FE217D91E88EA82324C5883296385FA0041C2FAC85C827BAA46DA1E14B83F votes=26575 derived=473 complete=true sketch_cells=0 t=1790148860381
EPOCH_RECONCILED epoch=2 reporter=633D9D614858AB1710D5D8C3180E2A082DC97208BA8C26BA6C6D1A86C8E31CC0 complete=false entries=0 total=13384 t=1790148860382
EPOCH_RESIDUAL epoch=2 reporter=633D9D614858AB1710D5D8C3180E2A082DC97208BA8C26BA6C6D1A86C8E31CC0 votes=25106 derived=473 complete=true sketch_cells=0 t=1790148860384
EPOCH_RECONCILED epoch=2 reporter=D315857CE70C54DE713F6E82E5613BB3A1266C15E28AD2F4338C7BBEC456F532 complete=false entries=0 total=13384 t=1790148860384
EPOCH_RESIDUAL epoch=2 reporter=D315857CE70C54DE713F6E82E5613BB3A1266C15E28AD2F4338C7BBEC456F532 votes=26680 derived=628 complete=true sketch_cells=0 t=1790148860387
EPOCH_RECONCILED epoch=2 reporter=65A90023F6C0D2181AAA63F005D81BBC0C04650505E21D5123F9AE1F9E992BFF complete=false entries=0 total=13384 t=1790148860387
EPOCH_RESIDUAL epoch=2 reporter=65A90023F6C0D2181AAA63F005D81BBC0C04650505E21D5123F9AE1F9E992BFF votes=26827 derived=479 complete=true sketch_cells=0 t=1790148860389
EPOCH_CLOSE_READY epoch=2 t=1790148860394
[2m2026-09-23T07:34:20.397747Z[0m [32m INFO[0m [2mnanospam::app[0m[2m:[0m Confirmed 44,472 blocks | 2,000 bps | 630 cps | avg conf time: 104 ms
EPOCH_RECONCILED epoch=2 reporter=65A90023F6C0D2181AAA63F005D81BBC0C04650505E21D5123F9AE1F9E992BFF complete=false entries=0 total=13384 t=1790148860525
EPOCH_RESIDUAL epoch=2 reporter=65A90023F6C0D2181AAA63F005D81BBC0C04650505E21D5123F9AE1F9E992BFF votes=26827 derived=479 complete=true sketch_cells=0 t=1790148860528
EPOCH_RECONCILED epoch=2 reporter=A353E45E6D0016CAEED0DFA4EC5B0640E2AA22A793F9F2375E77F1AB92977C04 complete=false entries=0 total=13384 t=1790148860528
EPOCH_RESIDUAL epoch=2 reporter=A353E45E6D0016CAEED0DFA4EC5B0640E2AA22A793F9F2375E77F1AB92977C04 votes=27080 derived=476 complete=true sketch_cells=0 t=1790148860531
EPOCH_RECONCILED epoch=2 reporter=D315857CE70C54DE713F6E82E5613BB3A1266C15E28AD2F4338C7BBEC456F532 complete=false entries=0 total=13384 t=1790148860532
EPOCH_RESIDUAL epoch=2 reporter=D315857CE70C54DE713F6E82E5613BB3A1266C15E28AD2F4338C7BBEC456F532 votes=26633 derived=581 complete=false sketch_cells=64 t=1790148860535
EPOCH_RECONCILED epoch=2 reporter=735FE217D91E88EA82324C5883296385FA0041C2FAC85C827BAA46DA1E14B83F complete=false entries=0 total=13384 t=1790148860536
EPOCH_RESIDUAL_SKETCH epoch=2 reporter=D315857CE70C54DE713F6E82E5613BB3A1266C15E28AD2F4338C7BBEC456F532 incomplete=false edits=47 complete=true t=1790148860536
EPOCH_RESIDUAL epoch=2 reporter=735FE217D91E88EA82324C5883296385FA0041C2FAC85C827BAA46DA1E14B83F votes=26575 derived=473 complete=true sketch_cells=0 t=1790148860539
EPOCH_RECONCILED epoch=2 reporter=911999B2AEFA7ACC66EBD802B3301FF6CE431405107749D940277955CB7FDD07 complete=false entries=0 total=13384 t=1790148860540
EPOCH_RESIDUAL epoch=2 reporter=911999B2AEFA7ACC66EBD802B3301FF6CE431405107749D940277955CB7FDD07 votes=27014 derived=586 complete=false sketch_cells=64 t=1790148860543
EPOCH_RESIDUAL_SKETCH epoch=2 reporter=911999B2AEFA7ACC66EBD802B3301FF6CE431405107749D940277955CB7FDD07 incomplete=false edits=49 complete=true t=1790148860544
EPOCH_RECONCILED epoch=2 reporter=911999B2AEFA7ACC66EBD802B3301FF6CE431405107749D940277955CB7FDD07 complete=false entries=0 total=13384 t=1790148860544
EPOCH_RECONCILED epoch=2 reporter=735FE217D91E88EA82324C5883296385FA0041C2FAC85C827BAA46DA1E14B83F complete=false entries=0 total=13384 t=1790148860546
EPOCH_RESIDUAL epoch=2 reporter=911999B2AEFA7ACC66EBD802B3301FF6CE431405107749D940277955CB7FDD07 votes=27059 derived=631 complete=false sketch_cells=64 t=1790148860547
EPOCH_RECONCILED epoch=2 reporter=735FE217D91E88EA82324C5883296385FA0041C2FAC85C827BAA46DA1E14B83F complete=false entries=0 total=13384 t=1790148860547
EPOCH_RESIDUAL_SKETCH epoch=2 reporter=911999B2AEFA7ACC66EBD802B3301FF6CE431405107749D940277955CB7FDD07 incomplete=false edits=4 complete=true t=1790148860548
EPOCH_CLOSE_READY epoch=2 t=1790148860549
EPOCH_RESIDUAL epoch=2 reporter=735FE217D91E88EA82324C5883296385FA0041C2FAC85C827BAA46DA1E14B83F votes=26567 derived=465 complete=false sketch_cells=64 t=1790148860549
EPOCH_RESIDUAL epoch=2 reporter=735FE217D91E88EA82324C5883296385FA0041C2FAC85C827BAA46DA1E14B83F votes=26575 derived=473 complete=true sketch_cells=0 t=1790148860550
EPOCH_RECONCILED epoch=2 reporter=65A90023F6C0D2181AAA63F005D81BBC0C04650505E21D5123F9AE1F9E992BFF complete=false entries=0 total=13384 t=1790148860550
EPOCH_RESIDUAL_SKETCH epoch=2 reporter=735FE217D91E88EA82324C5883296385FA0041C2FAC85C827BAA46DA1E14B83F incomplete=false edits=8 complete=true t=1790148860550
EPOCH_RECONCILED epoch=2 reporter=A353E45E6D0016CAEED0DFA4EC5B0640E2AA22A793F9F2375E77F1AB92977C04 complete=false entries=0 total=13384 t=1790148860550
EPOCH_RESIDUAL epoch=2 reporter=65A90023F6C0D2181AAA63F005D81BBC0C04650505E21D5123F9AE1F9E992BFF votes=26827 derived=479 complete=true sketch_cells=0 t=1790148860553
EPOCH_RESIDUAL epoch=2 reporter=A353E45E6D0016CAEED0DFA4EC5B0640E2AA22A793F9F2375E77F1AB92977C04 votes=27080 derived=476 complete=true sketch_cells=0 t=1790148860553
EPOCH_RECONCILED epoch=2 reporter=A353E45E6D0016CAEED0DFA4EC5B0640E2AA22A793F9F2375E77F1AB92977C04 complete=false entries=0 total=13384 t=1790148860553
EPOCH_RECONCILED epoch=2 reporter=D315857CE70C54DE713F6E82E5613BB3A1266C15E28AD2F4338C7BBEC456F532 complete=false entries=0 total=13384 t=1790148860554
EPOCH_RESIDUAL epoch=2 reporter=A353E45E6D0016CAEED0DFA4EC5B0640E2AA22A793F9F2375E77F1AB92977C04 votes=27080 derived=476 complete=true sketch_cells=0 t=1790148860556
EPOCH_RECONCILED epoch=2 reporter=911999B2AEFA7ACC66EBD802B3301FF6CE431405107749D940277955CB7FDD07 complete=false entries=0 total=13384 t=1790148860556
EPOCH_RESIDUAL epoch=2 reporter=D315857CE70C54DE713F6E82E5613BB3A1266C15E28AD2F4338C7BBEC456F532 votes=26679 derived=627 complete=false sketch_cells=64 t=1790148860557
EPOCH_RESIDUAL_SKETCH epoch=2 reporter=D315857CE70C54DE713F6E82E5613BB3A1266C15E28AD2F4338C7BBEC456F532 incomplete=false edits=1 complete=true t=1790148860557
EPOCH_RESIDUAL epoch=2 reporter=911999B2AEFA7ACC66EBD802B3301FF6CE431405107749D940277955CB7FDD07 votes=27056 derived=628 complete=false sketch_cells=64 t=1790148860560
EPOCH_RESIDUAL_SKETCH epoch=2 reporter=911999B2AEFA7ACC66EBD802B3301FF6CE431405107749D940277955CB7FDD07 incomplete=false edits=7 complete=true t=1790148860560
EPOCH_CLOSE_READY epoch=2 t=1790148860562
EPOCH_RECONCILED epoch=2 reporter=D315857CE70C54DE713F6E82E5613BB3A1266C15E28AD2F4338C7BBEC456F532 complete=false entries=0 total=13384 t=1790148860563
EPOCH_CLOSE_READY epoch=2 t=1790148860565
EPOCH_RESIDUAL epoch=2 reporter=D315857CE70C54DE713F6E82E5613BB3A1266C15E28AD2F4338C7BBEC456F532 votes=26678 derived=626 complete=false sketch_cells=64 t=1790148860566
EPOCH_RECONCILED epoch=2 reporter=65A90023F6C0D2181AAA63F005D81BBC0C04650505E21D5123F9AE1F9E992BFF complete=false entries=0 total=13384 t=1790148860566
EPOCH_RESIDUAL_SKETCH epoch=2 reporter=D315857CE70C54DE713F6E82E5613BB3A1266C15E28AD2F4338C7BBEC456F532 incomplete=false edits=2 complete=true t=1790148860566
EPOCH_RESIDUAL epoch=2 reporter=65A90023F6C0D2181AAA63F005D81BBC0C04650505E21D5123F9AE1F9E992BFF votes=26822 derived=474 complete=false sketch_cells=64 t=1790148860568
EPOCH_RECONCILED epoch=2 reporter=A353E45E6D0016CAEED0DFA4EC5B0640E2AA22A793F9F2375E77F1AB92977C04 complete=false entries=0 total=13384 t=1790148860569
EPOCH_RESIDUAL_SKETCH epoch=2 reporter=65A90023F6C0D2181AAA63F005D81BBC0C04650505E21D5123F9AE1F9E992BFF incomplete=false edits=5 complete=true t=1790148860569
EPOCH_RESIDUAL epoch=2 reporter=A353E45E6D0016CAEED0DFA4EC5B0640E2AA22A793F9F2375E77F1AB92977C04 votes=27075 derived=471 complete=false sketch_cells=64 t=1790148860571
EPOCH_RECONCILED epoch=2 reporter=911999B2AEFA7ACC66EBD802B3301FF6CE431405107749D940277955CB7FDD07 complete=false entries=0 total=13384 t=1790148860572
EPOCH_RESIDUAL_SKETCH epoch=2 reporter=A353E45E6D0016CAEED0DFA4EC5B0640E2AA22A793F9F2375E77F1AB92977C04 incomplete=false edits=5 complete=true t=1790148860572
EPOCH_RESIDUAL epoch=2 reporter=911999B2AEFA7ACC66EBD802B3301FF6CE431405107749D940277955CB7FDD07 votes=27046 derived=618 complete=false sketch_cells=64 t=1790148860574
EPOCH_RESIDUAL_SKETCH epoch=2 reporter=911999B2AEFA7ACC66EBD802B3301FF6CE431405107749D940277955CB7FDD07 incomplete=false edits=17 complete=true t=1790148860575
EPOCH_CLOSE_READY epoch=2 t=1790148860579
EPOCH_CLOSE_ROUND epoch=2 round=0 leader=735FE217D91E88EA82324C5883296385FA0041C2FAC85C827BAA46DA1E14B83F leads=false t=1790148860591
EPOCH_RECONCILED epoch=2 reporter=911999B2AEFA7ACC66EBD802B3301FF6CE431405107749D940277955CB7FDD07 complete=false entries=0 total=13384 t=1790148860601
EPOCH_RESIDUAL epoch=2 reporter=911999B2AEFA7ACC66EBD802B3301FF6CE431405107749D940277955CB7FDD07 votes=27052 derived=624 complete=false sketch_cells=64 t=1790148860604
EPOCH_RESIDUAL_SKETCH epoch=2 reporter=911999B2AEFA7ACC66EBD802B3301FF6CE431405107749D940277955CB7FDD07 incomplete=false edits=11 complete=true t=1790148860605
EPOCH_CLOSE_ROUND epoch=2 round=0 leader=735FE217D91E88EA82324C5883296385FA0041C2FAC85C827BAA46DA1E14B83F leads=false t=1790148860650
EPOCH_PROPOSED epoch=2 round=0 value=FBB280A3F46D6BB5E317CBCA532B98F31F05ED6C21BE62947C68E59BD3122C19 state=D1431B1A30A3D66A47470129BD1F1C8C19377EB4BE5E366019ECB373D75CD8D4 reports=6 t=1790148860657
EPOCH_VALUE epoch=2 value=FBB280A3F46D6BB5E317CBCA532B98F31F05ED6C21BE62947C68E59BD3122C19 state=D1431B1A30A3D66A47470129BD1F1C8C19377EB4BE5E366019ECB373D75CD8D4 t=1790148860657
EPOCH_VALUE epoch=2 value=FBB280A3F46D6BB5E317CBCA532B98F31F05ED6C21BE62947C68E59BD3122C19 state=D1431B1A30A3D66A47470129BD1F1C8C19377EB4BE5E366019ECB373D75CD8D4 t=1790148860778
EPOCH_VALUE epoch=2 value=FBB280A3F46D6BB5E317CBCA532B98F31F05ED6C21BE62947C68E59BD3122C19 state=D1431B1A30A3D66A47470129BD1F1C8C19377EB4BE5E366019ECB373D75CD8D4 t=1790148860779
EPOCH_VALUE epoch=2 value=FBB280A3F46D6BB5E317CBCA532B98F31F05ED6C21BE62947C68E59BD3122C19 state=D1431B1A30A3D66A47470129BD1F1C8C19377EB4BE5E366019ECB373D75CD8D4 t=1790148860780
EPOCH_VALUE epoch=2 value=FBB280A3F46D6BB5E317CBCA532B98F31F05ED6C21BE62947C68E59BD3122C19 state=D1431B1A30A3D66A47470129BD1F1C8C19377EB4BE5E366019ECB373D75CD8D4 t=1790148860782
EPOCH_VALUE epoch=2 value=FBB280A3F46D6BB5E317CBCA532B98F31F05ED6C21BE62947C68E59BD3122C19 state=D1431B1A30A3D66A47470129BD1F1C8C19377EB4BE5E366019ECB373D75CD8D4 t=1790148860783
EPOCH_CLOSE_ROUND epoch=2 round=0 leader=735FE217D91E88EA82324C5883296385FA0041C2FAC85C827BAA46DA1E14B83F leads=false t=1790148860811
EPOCH_CLOSE_ROUND epoch=2 round=0 leader=735FE217D91E88EA82324C5883296385FA0041C2FAC85C827BAA46DA1E14B83F leads=false t=1790148860836
EPOCH_CLOSE_ROUND epoch=2 round=0 leader=735FE217D91E88EA82324C5883296385FA0041C2FAC85C827BAA46DA1E14B83F leads=false t=1790148860836
EPOCH_CLOSE_ROUND epoch=2 round=0 leader=735FE217D91E88EA82324C5883296385FA0041C2FAC85C827BAA46DA1E14B83F leads=true t=1790148860855
EPOCH_CLOSE_ROUND epoch=2 round=1 leader=911999B2AEFA7ACC66EBD802B3301FF6CE431405107749D940277955CB7FDD07 leads=true t=1790148860953
EPOCH_PROPOSED epoch=2 round=1 value=FD61334921378E8D74A505613E8FD9259DA94D2C9F2A616E8FDCEAE41910CFFB state=D1431B1A30A3D66A47470129BD1F1C8C19377EB4BE5E366019ECB373D75CD8D4 reports=6 t=1790148860959
EPOCH_VALUE epoch=2 value=FD61334921378E8D74A505613E8FD9259DA94D2C9F2A616E8FDCEAE41910CFFB state=D1431B1A30A3D66A47470129BD1F1C8C19377EB4BE5E366019ECB373D75CD8D4 t=1790148860960
EPOCH_FRONTIER_MISSING epoch=2 accounts=714 : blocks this node does not hold t=1790148861256
EPOCH_INSTALL epoch=2 finalized=13384 instances_confirmed=0 t=1790148861263
EPOCH_COMMITTEE derived_by=2 members=6 accounts=17014 n=334220047293822950315597584633622519355 digest=F111B58EFAD0C9E44D99804FC764D3FC5F8DA8B9C51776FFEE64E5927EEF3B30 shares=["A353E45E:19.0%", "911999B2:17.6%", "735FE217:16.3%", "D315857C:15.8%", "633D9D61:15.7%", "65A90023:15.5%"] t=1790148861275
EPOCH_OMITTED epoch=2 instances=0 retained=470 t=1790148861278
EPOCH_CLOSED epoch=2 round=0 value=FBB280A3F46D6BB5E317CBCA532B98F31F05ED6C21BE62947C68E59BD3122C19 state=D1431B1A30A3D66A47470129BD1F1C8C19377EB4BE5E366019ECB373D75CD8D4 t=1790148861278
EPOCH_FRONTIER_MISSING epoch=2 accounts=714 : blocks this node does not hold t=1790148861279
EPOCH_FRONTIER_MISSING epoch=2 accounts=714 : blocks this node does not hold t=1790148861281
EPOCH_INSTALL epoch=2 finalized=13384 instances_confirmed=0 t=1790148861284
EPOCH_INSTALL epoch=2 finalized=13384 instances_confirmed=0 t=1790148861289
EPOCH_COMMITTEE derived_by=2 members=6 accounts=17014 n=334220047293822950315597584633622519355 digest=F111B58EFAD0C9E44D99804FC764D3FC5F8DA8B9C51776FFEE64E5927EEF3B30 shares=["A353E45E:19.0%", "911999B2:17.6%", "735FE217:16.3%", "D315857C:15.8%", "633D9D61:15.7%", "65A90023:15.5%"] t=1790148861291
EPOCH_FRONTIER_MISSING epoch=2 accounts=714 : blocks this node does not hold t=1790148861292
EPOCH_OMITTED epoch=2 instances=0 retained=470 t=1790148861293
EPOCH_CLOSED epoch=2 round=0 value=FBB280A3F46D6BB5E317CBCA532B98F31F05ED6C21BE62947C68E59BD3122C19 state=D1431B1A30A3D66A47470129BD1F1C8C19377EB4BE5E366019ECB373D75CD8D4 t=1790148861293
EPOCH_VALUE epoch=2 value=FD61334921378E8D74A505613E8FD9259DA94D2C9F2A616E8FDCEAE41910CFFB state=D1431B1A30A3D66A47470129BD1F1C8C19377EB4BE5E366019ECB373D75CD8D4 t=1790148861294
EPOCH_INSTALL epoch=2 finalized=13384 instances_confirmed=0 t=1790148861299
EPOCH_INSTALLED epoch=2 finalized=13384 cemented=13384 queued=0 missing=0 t=1790148861302
EPOCH_COMMITTEE derived_by=2 members=6 accounts=17014 n=334220047293822950315597584633622519355 digest=F111B58EFAD0C9E44D99804FC764D3FC5F8DA8B9C51776FFEE64E5927EEF3B30 shares=["A353E45E:19.0%", "911999B2:17.6%", "735FE217:16.3%", "D315857C:15.8%", "633D9D61:15.7%", "65A90023:15.5%"] t=1790148861303
EPOCH_OMITTED epoch=2 instances=0 retained=470 t=1790148861304
EPOCH_CLOSED epoch=2 round=0 value=FBB280A3F46D6BB5E317CBCA532B98F31F05ED6C21BE62947C68E59BD3122C19 state=D1431B1A30A3D66A47470129BD1F1C8C19377EB4BE5E366019ECB373D75CD8D4 t=1790148861304
EPOCH_VALUE epoch=2 value=FD61334921378E8D74A505613E8FD9259DA94D2C9F2A616E8FDCEAE41910CFFB state=D1431B1A30A3D66A47470129BD1F1C8C19377EB4BE5E366019ECB373D75CD8D4 t=1790148861307
EPOCH_INSTALLED epoch=2 finalized=13384 cemented=13384 queued=0 missing=0 t=1790148861317
EPOCH_INSTALLED epoch=2 finalized=13384 cemented=13384 queued=0 missing=0 t=1790148861318
EPOCH_INSTALLED epoch=2 finalized=13384 cemented=13384 queued=0 missing=0 t=1790148861327
EPOCH_COMMITTEE derived_by=2 members=6 accounts=17014 n=334220047293822950315597584633622519355 digest=F111B58EFAD0C9E44D99804FC764D3FC5F8DA8B9C51776FFEE64E5927EEF3B30 shares=["A353E45E:19.0%", "911999B2:17.6%", "735FE217:16.3%", "D315857C:15.8%", "633D9D61:15.7%", "65A90023:15.5%"] t=1790148861333
EPOCH_OMITTED epoch=2 instances=0 retained=470 t=1790148861336
EPOCH_CLOSED epoch=2 round=0 value=FBB280A3F46D6BB5E317CBCA532B98F31F05ED6C21BE62947C68E59BD3122C19 state=D1431B1A30A3D66A47470129BD1F1C8C19377EB4BE5E366019ECB373D75CD8D4 t=1790148861336
EPOCH_VALUE epoch=2 value=FD61334921378E8D74A505613E8FD9259DA94D2C9F2A616E8FDCEAE41910CFFB state=D1431B1A30A3D66A47470129BD1F1C8C19377EB4BE5E366019ECB373D75CD8D4 t=1790148861336
EPOCH_FRONTIER_MISSING epoch=2 accounts=714 : blocks this node does not hold t=1790148861366
EPOCH_INSTALL epoch=2 finalized=13384 instances_confirmed=0 t=1790148861376
EPOCH_FRONTIER_MISSING epoch=2 accounts=714 : blocks this node does not hold t=1790148861386
EPOCH_COMMITTEE derived_by=2 members=6 accounts=17014 n=334220047293822950315597584633622519355 digest=F111B58EFAD0C9E44D99804FC764D3FC5F8DA8B9C51776FFEE64E5927EEF3B30 shares=["A353E45E:19.0%", "911999B2:17.6%", "735FE217:16.3%", "D315857C:15.8%", "633D9D61:15.7%", "65A90023:15.5%"] t=1790148861391
EPOCH_OMITTED epoch=2 instances=0 retained=470 t=1790148861393
EPOCH_CLOSED epoch=2 round=0 value=FBB280A3F46D6BB5E317CBCA532B98F31F05ED6C21BE62947C68E59BD3122C19 state=D1431B1A30A3D66A47470129BD1F1C8C19377EB4BE5E366019ECB373D75CD8D4 t=1790148861393
EPOCH_VALUE epoch=2 value=FD61334921378E8D74A505613E8FD9259DA94D2C9F2A616E8FDCEAE41910CFFB state=D1431B1A30A3D66A47470129BD1F1C8C19377EB4BE5E366019ECB373D75CD8D4 t=1790148861394
EPOCH_INSTALL epoch=2 finalized=13384 instances_confirmed=0 t=1790148861394
[2m2026-09-23T07:34:21.398807Z[0m [32m INFO[0m [2mnanospam::app[0m[2m:[0m Confirmed 44,472 blocks | 2,000 bps | 0 cps | avg conf time: 0 ms
EPOCH_INSTALLED epoch=2 finalized=13384 cemented=13384 queued=0 missing=0 t=1790148861406
EPOCH_COMMITTEE derived_by=2 members=6 accounts=17014 n=334220047293822950315597584633622519355 digest=F111B58EFAD0C9E44D99804FC764D3FC5F8DA8B9C51776FFEE64E5927EEF3B30 shares=["A353E45E:19.0%", "911999B2:17.6%", "735FE217:16.3%", "D315857C:15.8%", "633D9D61:15.7%", "65A90023:15.5%"] t=1790148861409
EPOCH_OMITTED epoch=2 instances=0 retained=470 t=1790148861414
EPOCH_CLOSED epoch=2 round=0 value=FBB280A3F46D6BB5E317CBCA532B98F31F05ED6C21BE62947C68E59BD3122C19 state=D1431B1A30A3D66A47470129BD1F1C8C19377EB4BE5E366019ECB373D75CD8D4 t=1790148861414
EPOCH_VALUE epoch=2 value=FD61334921378E8D74A505613E8FD9259DA94D2C9F2A616E8FDCEAE41910CFFB state=D1431B1A30A3D66A47470129BD1F1C8C19377EB4BE5E366019ECB373D75CD8D4 t=1790148861415
EPOCH_INSTALLED epoch=2 finalized=13384 cemented=13384 queued=0 missing=0 t=1790148861428
[2m2026-09-23T07:34:22.400303Z[0m [32m INFO[0m [2mnanospam::app[0m[2m:[0m Confirmed 44,472 blocks | 2,000 bps | 0 cps | avg conf time: 0 ms
[2m2026-09-23T07:34:23.402194Z[0m [32m INFO[0m [2mnanospam::app[0m[2m:[0m Confirmed 44,472 blocks | 2,000 bps | 0 cps | avg conf time: 0 ms
[2m2026-09-23T07:34:24.404243Z[0m [32m INFO[0m [2mnanospam::app[0m[2m:[0m Confirmed 44,472 blocks | 2,000 bps | 0 cps | avg conf time: 0 ms
[2m2026-09-23T07:34:25.405063Z[0m [32m INFO[0m [2mnanospam::app[0m[2m:[0m Confirmed 44,472 blocks | 2,000 bps | 0 cps | avg conf time: 0 ms
[2m2026-09-23T07:34:26.407267Z[0m [32m INFO[0m [2mnanospam::app[0m[2m:[0m Confirmed 44,472 blocks | 2,000 bps | 0 cps | avg conf time: 0 ms
[2m2026-09-23T07:34:27.409163Z[0m [32m INFO[0m [2mnanospam::app[0m[2m:[0m Confirmed 44,472 blocks | 2,000 bps | 0 cps | avg conf time: 0 ms
[2m2026-09-23T07:34:28.410180Z[0m [32m INFO[0m [2mnanospam::app[0m[2m:[0m Confirmed 44,472 blocks | 2,000 bps | 0 cps | avg conf time: 0 ms
[2m2026-09-23T07:34:29.411826Z[0m [32m INFO[0m [2mnanospam::app[0m[2m:[0m Confirmed 44,472 blocks | 2,000 bps | 0 cps | avg conf time: 0 ms
[2m2026-09-23T07:34:30.414080Z[0m [32m INFO[0m [2mnanospam::app[0m[2m:[0m Confirmed 44,472 blocks | 2,000 bps | 0 cps | avg conf time: 0 ms
[2m2026-09-23T07:34:31.415658Z[0m [32m INFO[0m [2mnanospam::app[0m[2m:[0m Confirmed 44,472 blocks | 2,000 bps | 0 cps | avg conf time: 0 ms
[2m2026-09-23T07:34:32.418224Z[0m [32m INFO[0m [2mnanospam::app[0m[2m:[0m Confirmed 44,472 blocks | 2,000 bps | 0 cps | avg conf time: 0 ms
[2m2026-09-23T07:34:33.419673Z[0m [32m INFO[0m [2mnanospam::app[0m[2m:[0m Confirmed 44,472 blocks | 2,000 bps | 0 cps | avg conf time: 0 ms
[2m2026-09-23T07:34:34.459759Z[0m [32m INFO[0m [2mnanospam::app[0m[2m:[0m Confirmed 44,472 blocks | 2,000 bps | 0 cps | avg conf time: 0 ms
[2m2026-09-23T07:34:35.460807Z[0m [32m INFO[0m [2mnanospam::app[0m[2m:[0m Confirmed 44,472 blocks | 2,000 bps | 0 cps | avg conf time: 0 ms
[2m2026-09-23T07:34:36.462833Z[0m [32m INFO[0m [2mnanospam::app[0m[2m:[0m Confirmed 44,472 blocks | 2,000 bps | 0 cps | avg conf time: 0 ms
[2m2026-09-23T07:34:37.464131Z[0m [32m INFO[0m [2mnanospam::app[0m[2m:[0m Confirmed 44,472 blocks | 2,000 bps | 0 cps | avg conf time: 0 ms
cleanup done
