2026-10-07T18:52:37.321402Z  INFO nanospam::setup::account_map_factory: Creating account keys file with 45000 keys: "/var/folders/1y/px089b2s6f9d893xp1p4c7wh0000gn/T/rai-gate-b-_v51ylrh/account_keys.txt"
2026-10-07T18:52:38.044385Z  INFO nanospam::setup::node_config_factory: ********************************************************************************
2026-10-07T18:52:38.044397Z  INFO nanospam::setup::node_config_factory: Setting up node PR0...
2026-10-07T18:52:38.044400Z  INFO nanospam::setup::node_config_factory: Creating directory "/var/folders/1y/px089b2s6f9d893xp1p4c7wh0000gn/T/rai-gate-b-_v51ylrh/pr0"
2026-10-07T18:52:38.044490Z  INFO nanospam::setup::node_config_factory: Creating node config file: "/var/folders/1y/px089b2s6f9d893xp1p4c7wh0000gn/T/rai-gate-b-_v51ylrh/pr0/config-node.toml"
2026-10-07T18:52:38.044606Z  INFO nanospam::setup::node_config_factory: Creating rpc config file: "/var/folders/1y/px089b2s6f9d893xp1p4c7wh0000gn/T/rai-gate-b-_v51ylrh/pr0/config-rpc.toml"
2026-10-07T18:52:38.044675Z  INFO nanospam::setup::node_config_factory: ********************************************************************************
2026-10-07T18:52:38.044679Z  INFO nanospam::setup::node_config_factory: Setting up node PR1...
2026-10-07T18:52:38.044686Z  INFO nanospam::setup::node_config_factory: Creating directory "/var/folders/1y/px089b2s6f9d893xp1p4c7wh0000gn/T/rai-gate-b-_v51ylrh/pr1"
2026-10-07T18:52:38.044729Z  INFO nanospam::setup::node_config_factory: Creating node config file: "/var/folders/1y/px089b2s6f9d893xp1p4c7wh0000gn/T/rai-gate-b-_v51ylrh/pr1/config-node.toml"
2026-10-07T18:52:38.044806Z  INFO nanospam::setup::node_config_factory: Creating rpc config file: "/var/folders/1y/px089b2s6f9d893xp1p4c7wh0000gn/T/rai-gate-b-_v51ylrh/pr1/config-rpc.toml"
2026-10-07T18:52:38.044873Z  INFO nanospam::setup::node_config_factory: ********************************************************************************
2026-10-07T18:52:38.044877Z  INFO nanospam::setup::node_config_factory: Setting up node PR2...
2026-10-07T18:52:38.044880Z  INFO nanospam::setup::node_config_factory: Creating directory "/var/folders/1y/px089b2s6f9d893xp1p4c7wh0000gn/T/rai-gate-b-_v51ylrh/pr2"
2026-10-07T18:52:38.044922Z  INFO nanospam::setup::node_config_factory: Creating node config file: "/var/folders/1y/px089b2s6f9d893xp1p4c7wh0000gn/T/rai-gate-b-_v51ylrh/pr2/config-node.toml"
2026-10-07T18:52:38.044995Z  INFO nanospam::setup::node_config_factory: Creating rpc config file: "/var/folders/1y/px089b2s6f9d893xp1p4c7wh0000gn/T/rai-gate-b-_v51ylrh/pr2/config-rpc.toml"
2026-10-07T18:52:38.045062Z  INFO nanospam::setup::node_config_factory: ********************************************************************************
2026-10-07T18:52:38.045066Z  INFO nanospam::setup::node_config_factory: Setting up node PR3...
2026-10-07T18:52:38.045069Z  INFO nanospam::setup::node_config_factory: Creating directory "/var/folders/1y/px089b2s6f9d893xp1p4c7wh0000gn/T/rai-gate-b-_v51ylrh/pr3"
2026-10-07T18:52:38.045108Z  INFO nanospam::setup::node_config_factory: Creating node config file: "/var/folders/1y/px089b2s6f9d893xp1p4c7wh0000gn/T/rai-gate-b-_v51ylrh/pr3/config-node.toml"
2026-10-07T18:52:38.045195Z  INFO nanospam::setup::node_config_factory: Creating rpc config file: "/var/folders/1y/px089b2s6f9d893xp1p4c7wh0000gn/T/rai-gate-b-_v51ylrh/pr3/config-rpc.toml"
2026-10-07T18:52:38.045259Z  INFO nanospam::setup::node_config_factory: ********************************************************************************
2026-10-07T18:52:38.045263Z  INFO nanospam::setup::node_config_factory: Setting up node PR4...
2026-10-07T18:52:38.045267Z  INFO nanospam::setup::node_config_factory: Creating directory "/var/folders/1y/px089b2s6f9d893xp1p4c7wh0000gn/T/rai-gate-b-_v51ylrh/pr4"
2026-10-07T18:52:38.045316Z  INFO nanospam::setup::node_config_factory: Creating node config file: "/var/folders/1y/px089b2s6f9d893xp1p4c7wh0000gn/T/rai-gate-b-_v51ylrh/pr4/config-node.toml"
2026-10-07T18:52:38.045387Z  INFO nanospam::setup::node_config_factory: Creating rpc config file: "/var/folders/1y/px089b2s6f9d893xp1p4c7wh0000gn/T/rai-gate-b-_v51ylrh/pr4/config-rpc.toml"
2026-10-07T18:52:38.045493Z  INFO nanospam::setup::node_launcher: Starting node: NANO_TEST_GENESIS_BLOCK="{\n    \"type\": \"open\",\n    \"account\": \"nano_3nroioygg54nusrmyun4woimqex36sp3drnctdt5955uqu47fxbkrxk7n7ne\",\n    \"source\": \"D315857CE70C54DE713F6E82E5613BB3A1266C15E28AD2F4338C7BBEC456F532\",\n    \"representative\": \"nano_3nroioygg54nusrmyun4woimqex36sp3drnctdt5955uqu47fxbkrxk7n7ne\",\n    \"signature\": \"3F6792C2DC623DF2E8643777160AB983B66B337E2478E13D2C3448126A8F4CD8DCCD19803C158A057FA44060AE0EFC09B1C311CB4FBF42F8D240610B38F56E08\",\n    \"work\": \"70FEF01F7EC45DEC\"\n    }" NANO_TEST_GENESIS_PRV ="49643F9B10CA1AA34F9AF8ED4AABD29F436104CCC375974B108534A48EAE3FE1" "rsnano" "--network" "test" "--data-path" "/var/folders/1y/px089b2s6f9d893xp1p4c7wh0000gn/T/rai-gate-b-_v51ylrh/pr0" "node" "run"
2026-10-07T18:52:38.046062Z  INFO nanospam::setup::node_launcher: Waiting for RPC...
2026-10-07T18:52:38.149325Z  INFO nanospam::setup::node_launcher: Starting node: NANO_TEST_GENESIS_BLOCK="{\n    \"type\": \"open\",\n    \"account\": \"nano_3nroioygg54nusrmyun4woimqex36sp3drnctdt5955uqu47fxbkrxk7n7ne\",\n    \"source\": \"D315857CE70C54DE713F6E82E5613BB3A1266C15E28AD2F4338C7BBEC456F532\",\n    \"representative\": \"nano_3nroioygg54nusrmyun4woimqex36sp3drnctdt5955uqu47fxbkrxk7n7ne\",\n    \"signature\": \"3F6792C2DC623DF2E8643777160AB983B66B337E2478E13D2C3448126A8F4CD8DCCD19803C158A057FA44060AE0EFC09B1C311CB4FBF42F8D240610B38F56E08\",\n    \"work\": \"70FEF01F7EC45DEC\"\n    }" NANO_TEST_GENESIS_PRV ="49643F9B10CA1AA34F9AF8ED4AABD29F436104CCC375974B108534A48EAE3FE1" "rsnano" "--network" "test" "--data-path" "/var/folders/1y/px089b2s6f9d893xp1p4c7wh0000gn/T/rai-gate-b-_v51ylrh/pr1" "node" "run"
2026-10-07T18:52:38.150021Z  INFO nanospam::setup::node_launcher: Waiting for RPC...
2026-10-07T18:52:38.253341Z  INFO nanospam::setup::node_launcher: Starting node: NANO_TEST_GENESIS_BLOCK="{\n    \"type\": \"open\",\n    \"account\": \"nano_3nroioygg54nusrmyun4woimqex36sp3drnctdt5955uqu47fxbkrxk7n7ne\",\n    \"source\": \"D315857CE70C54DE713F6E82E5613BB3A1266C15E28AD2F4338C7BBEC456F532\",\n    \"representative\": \"nano_3nroioygg54nusrmyun4woimqex36sp3drnctdt5955uqu47fxbkrxk7n7ne\",\n    \"signature\": \"3F6792C2DC623DF2E8643777160AB983B66B337E2478E13D2C3448126A8F4CD8DCCD19803C158A057FA44060AE0EFC09B1C311CB4FBF42F8D240610B38F56E08\",\n    \"work\": \"70FEF01F7EC45DEC\"\n    }" NANO_TEST_GENESIS_PRV ="49643F9B10CA1AA34F9AF8ED4AABD29F436104CCC375974B108534A48EAE3FE1" "rsnano" "--network" "test" "--data-path" "/var/folders/1y/px089b2s6f9d893xp1p4c7wh0000gn/T/rai-gate-b-_v51ylrh/pr2" "node" "run"
2026-10-07T18:52:38.254167Z  INFO nanospam::setup::node_launcher: Waiting for RPC...
2026-10-07T18:52:38.357195Z  INFO nanospam::setup::node_launcher: Starting node: NANO_TEST_GENESIS_BLOCK="{\n    \"type\": \"open\",\n    \"account\": \"nano_3nroioygg54nusrmyun4woimqex36sp3drnctdt5955uqu47fxbkrxk7n7ne\",\n    \"source\": \"D315857CE70C54DE713F6E82E5613BB3A1266C15E28AD2F4338C7BBEC456F532\",\n    \"representative\": \"nano_3nroioygg54nusrmyun4woimqex36sp3drnctdt5955uqu47fxbkrxk7n7ne\",\n    \"signature\": \"3F6792C2DC623DF2E8643777160AB983B66B337E2478E13D2C3448126A8F4CD8DCCD19803C158A057FA44060AE0EFC09B1C311CB4FBF42F8D240610B38F56E08\",\n    \"work\": \"70FEF01F7EC45DEC\"\n    }" NANO_TEST_GENESIS_PRV ="49643F9B10CA1AA34F9AF8ED4AABD29F436104CCC375974B108534A48EAE3FE1" "rsnano" "--network" "test" "--data-path" "/var/folders/1y/px089b2s6f9d893xp1p4c7wh0000gn/T/rai-gate-b-_v51ylrh/pr3" "node" "run"
2026-10-07T18:52:38.358026Z  INFO nanospam::setup::node_launcher: Waiting for RPC...
2026-10-07T18:52:38.461339Z  INFO nanospam::setup::node_launcher: Starting node: NANO_TEST_GENESIS_BLOCK="{\n    \"type\": \"open\",\n    \"account\": \"nano_3nroioygg54nusrmyun4woimqex36sp3drnctdt5955uqu47fxbkrxk7n7ne\",\n    \"source\": \"D315857CE70C54DE713F6E82E5613BB3A1266C15E28AD2F4338C7BBEC456F532\",\n    \"representative\": \"nano_3nroioygg54nusrmyun4woimqex36sp3drnctdt5955uqu47fxbkrxk7n7ne\",\n    \"signature\": \"3F6792C2DC623DF2E8643777160AB983B66B337E2478E13D2C3448126A8F4CD8DCCD19803C158A057FA44060AE0EFC09B1C311CB4FBF42F8D240610B38F56E08\",\n    \"work\": \"70FEF01F7EC45DEC\"\n    }" NANO_TEST_GENESIS_PRV ="49643F9B10CA1AA34F9AF8ED4AABD29F436104CCC375974B108534A48EAE3FE1" "rsnano" "--network" "test" "--data-path" "/var/folders/1y/px089b2s6f9d893xp1p4c7wh0000gn/T/rai-gate-b-_v51ylrh/pr4" "node" "run"
2026-10-07T18:52:38.462572Z  INFO nanospam::setup::node_launcher: Waiting for RPC...
2026-10-07T18:52:38.566962Z  INFO nanospam::wallets_factory: Creating wallet...
2026-10-07T18:52:38.643329Z  INFO nanospam::wallets_factory: Setting default representative...
2026-10-07T18:52:38.643668Z  INFO nanospam::wallets_factory: Creating wallet...
2026-10-07T18:52:38.686896Z  INFO nanospam::wallets_factory: Setting default representative...
2026-10-07T18:52:38.687193Z  INFO nanospam::wallets_factory: Sending Ӿ56,547,061 to PR1 wallet nano_3atmwjh8t11psdqf3qx6xjfiei94oajch6zsyauowxzjogbbgz168g5mp8f1 ...
2026-10-07T18:52:38.687646Z  INFO nanospam::wallets_factory: Waiting for confirmation for 70B574FB519B8DEA27D8F4952C2E7B0378B009608D6FC967984D3C83440C9C3D
2026-10-07T18:52:53.783098Z  INFO nanospam::wallets_factory: Receiving...
2026-10-07T18:52:53.784453Z  INFO nanospam::wallets_factory: Waiting for confirmation for 011C6AC2721054F46B03A50885AF48083A4A685154A55D85116DBCE413673F86
2026-10-07T18:52:53.887729Z  INFO nanospam::wallets_factory: DONE
2026-10-07T18:52:53.887815Z  INFO nanospam::wallets_factory: ********************************************************************************
2026-10-07T18:52:53.887828Z  INFO nanospam::wallets_factory: Creating wallet...
2026-10-07T18:52:53.964570Z  INFO nanospam::wallets_factory: Setting default representative...
2026-10-07T18:52:53.964903Z  INFO nanospam::wallets_factory: Sending Ӿ56,547,061 to PR2 wallet nano_36asm8scxymtsjmgqp14per3zxpgaec1c65qb9en1buscq7qzqa93tfyyzs3 ...
2026-10-07T18:52:53.965339Z  INFO nanospam::wallets_factory: Waiting for confirmation for 76B3937072C015B69E45D5458B47CF52A54A38F8ED441B0E21561A3048243E90
2026-10-07T18:52:54.170844Z  INFO nanospam::wallets_factory: Receiving...
2026-10-07T18:52:54.172498Z  INFO nanospam::wallets_factory: Waiting for confirmation for 402DCF4725254BECF5C5CB5F707C169725EE114819D289F8A5477C2FFF19BDC0
2026-10-07T18:52:54.378640Z  INFO nanospam::wallets_factory: DONE
2026-10-07T18:52:54.378677Z  INFO nanospam::wallets_factory: ********************************************************************************
2026-10-07T18:52:54.378688Z  INFO nanospam::wallets_factory: Creating wallet...
2026-10-07T18:52:54.453377Z  INFO nanospam::wallets_factory: Setting default representative...
2026-10-07T18:52:54.453610Z  INFO nanospam::wallets_factory: Sending Ӿ56,547,061 to PR3 wallet nano_1sfb11jzfi8k51fcnrzi1qe3qh1e1jkic3h45oak9yfg5yhbkczzxfwtat7m ...
2026-10-07T18:52:54.453979Z  INFO nanospam::wallets_factory: Waiting for confirmation for FF4589BE1759B38CC94ABA0AE4FE6644845FE957C02EA9CEA669A28C8D1ADE97
2026-10-07T18:53:09.659978Z  INFO nanospam::wallets_factory: Receiving...
2026-10-07T18:53:09.662565Z  INFO nanospam::wallets_factory: Waiting for confirmation for 1210B877FF188F4FF352C0EDE856AA702A1D6763EFA96EA84BB10519898BE6D0
2026-10-07T18:53:09.766046Z  INFO nanospam::wallets_factory: DONE
2026-10-07T18:53:09.766198Z  INFO nanospam::wallets_factory: ********************************************************************************
2026-10-07T18:53:09.766225Z  INFO nanospam::wallets_factory: Creating wallet...
2026-10-07T18:53:09.847502Z  INFO nanospam::wallets_factory: Setting default representative...
2026-10-07T18:53:09.847833Z  INFO nanospam::wallets_factory: Sending Ӿ56,547,061 to PR4 wallet nano_1rsxmoinip7d4wafdp855194n43fs7s1jgne6tx8ruatiu6g89815pddzijp ...
2026-10-07T18:53:09.848286Z  INFO nanospam::wallets_factory: Waiting for confirmation for 23D89F3531AC5EE2378D3606C70B24D2A7B9016B8ADB1A970E6B1D9E7576186D
2026-10-07T18:53:10.155796Z  INFO nanospam::wallets_factory: Receiving...
2026-10-07T18:53:10.158530Z  INFO nanospam::wallets_factory: Waiting for confirmation for 8D401F6072C9B3A9EFBA68DA33CC97FF1D15EEB9F09CE4731C1A7614578C3E56
2026-10-07T18:53:10.467116Z  INFO nanospam::wallets_factory: DONE
2026-10-07T18:53:10.467242Z  INFO nanospam::wallets_factory: ********************************************************************************
2026-10-07T18:53:10.467373Z  INFO nanospam::wallets_factory: Sending Ӿ56,547,061 to PR5 (no node) nano_1wtzwadxk9naxc356m4rienp93ht131w7ypadk39qck8uah3bg3zohsmj9th ...
2026-10-07T18:53:10.468934Z  INFO nanospam::wallets_factory: Waiting for confirmation for A5666BC59C8DD98A7E52D6F61006629E4EDB37063C12A73BFB41D35538B371CA
2026-10-07T18:53:25.567343Z  INFO nanospam::wallets_factory: Waiting for confirmation for 49EEF9EFFD843E7FE6FB8D0DE0A19E8B88DBE91F26F5FDDB0E8862DEF7553864
2026-10-07T18:53:25.671095Z  INFO nanospam::wallets_factory: DONE
2026-10-07T18:53:25.671195Z  INFO nanospam::wallets_factory: Sending initial spam amount...
2026-10-07T18:53:25.672645Z  INFO nanospam::wallets_factory: Waiting for confirmation for E7F0700FE48F22661AD542497EC09DB9C6003C173AF37FAE94A4104947BCF645
2026-10-07T18:53:25.776417Z  INFO nanospam::wallets_factory: Receiving initial spam amount...
2026-10-07T18:53:25.777582Z  INFO nanospam::wallets_factory: Waiting for confirmation for 6890734769DEB7E0DC81DE74AAE4C46101896DD66766827BC4BBF3A96504898A
2026-10-07T18:53:25.881478Z  INFO nanospam::wallets_factory: Seeding Ӿ142,857 to nano_1f9r45979i18d64n7rt3bszzs5494c5xja94pw45fpcyf9tkgfn1ngfxhfs1 for representative D315857CE70C54DE713F6E82E5613BB3A1266C15E28AD2F4338C7BBEC456F532
2026-10-07T18:53:25.882492Z  INFO nanospam::wallets_factory: Waiting for confirmation for 01B317E8DBC51C70467126F3F963C156DC6687BEA7C6B21A37E7D8446AB43BBA
2026-10-07T18:53:25.987071Z  INFO nanospam::wallets_factory: Waiting for confirmation for F09A20FF65908B83DA857B22C934BF038ED6E29CA31D1838C65ECE73E34C8DF9
2026-10-07T18:53:26.193869Z  INFO nanospam::wallets_factory: Seeding Ӿ142,857 to nano_3pd5sxubupearfdbx53apcefokukm7x4s7xfgp667qjhebsxk9dhoh89yqs1 for representative A353E45E6D0016CAEED0DFA4EC5B0640E2AA22A793F9F2375E77F1AB92977C04
2026-10-07T18:53:26.194615Z  INFO nanospam::wallets_factory: Waiting for confirmation for 12E513AEA076870C7ABDCCF924E9DB4537D6AA9BF5D34DEBA4BC5D12BC07B8C9
2026-10-07T18:53:26.299377Z  INFO nanospam::wallets_factory: Waiting for confirmation for F63C19E5FC26A3B31B7ED550C052287E69FCD28494DACAEE65188F8C454FDAFB
2026-10-07T18:53:26.505481Z  INFO nanospam::wallets_factory: Seeding Ӿ142,857 to nano_3cpue3a1hicif714awgzgdfxb9ef5p9tojwaqaghaj7twncfkjbzuis1zsg5 for representative 911999B2AEFA7ACC66EBD802B3301FF6CE431405107749D940277955CB7FDD07
2026-10-07T18:53:26.506874Z  INFO nanospam::wallets_factory: Waiting for confirmation for 2672EBFDFBE159D856495C607D385DD9B95C441EE2908ABA77F3461FDDCC1CE5
2026-10-07T18:53:26.713079Z  INFO nanospam::wallets_factory: Waiting for confirmation for BC2D806D0769574C20420FDBE6A520D99041C18FCE725D3BBC5D830ED0087B09
2026-10-07T18:53:26.919197Z  INFO nanospam::wallets_factory: Seeding Ӿ142,857 to nano_1ibxwt3kuk3ygmwd7tr11eqq9hcwapw6mk7csz3eghhqkikzjtm6ejwrmqxf for representative 65A90023F6C0D2181AAA63F005D81BBC0C04650505E21D5123F9AE1F9E992BFF
2026-10-07T18:53:26.919752Z  INFO nanospam::wallets_factory: Waiting for confirmation for EFD30B4E837032EE849891CC3F2D56034383B73A07C3CA5FD5C5F75CAE392BC3
2026-10-07T18:53:27.023627Z  INFO nanospam::wallets_factory: Waiting for confirmation for D4E303599D611ACDAD25B1393468523AE321018547F8AE8F158A9D9E2380C4FA
2026-10-07T18:53:27.230537Z  INFO nanospam::wallets_factory: Seeding Ӿ142,857 to nano_136s7aiafcmwf3ia9zah17ofu4958wpusui3e1zs469r57m3had17jj9ntk8 for representative 633D9D614858AB1710D5D8C3180E2A082DC97208BA8C26BA6C6D1A86C8E31CC0
2026-10-07T18:53:27.231644Z  INFO nanospam::wallets_factory: Waiting for confirmation for F1DEAA336F42910C8EEDA3F4896FF6055C522D166D45F8968E24DA3EF25C61C2
2026-10-07T18:53:27.438382Z  INFO nanospam::wallets_factory: Waiting for confirmation for F77D07327EFF28D72476955829269A6858A50CE0FB29022C73D7F204636D173F
2026-10-07T18:53:27.541924Z  INFO nanospam::wallets_factory: Seeding Ӿ142,857 to nano_3ytxt9bkdo6mdr8nx1xaq33q5y1jky4j6wuxqc1ez7ey39zecn8f9pamasux for representative 735FE217D91E88EA82324C5883296385FA0041C2FAC85C827BAA46DA1E14B83F
2026-10-07T18:53:27.542674Z  INFO nanospam::wallets_factory: Waiting for confirmation for A9775DA0719A0F4DD10B2DCB4D22B174DF44E9AADEAA35F5256E20455AA10F6D
2026-10-07T18:53:27.646518Z  INFO nanospam::wallets_factory: Waiting for confirmation for 795B636C0906465CD42BC3CB1898BE753A56E4594B71A6C54F5B0728306BB72B
2026-10-07T18:53:27.751499Z  INFO nanospam::high_prio_check: Creating high priority accounts...
2026-10-07T18:53:27.778562Z  INFO nanospam::high_prio_check: Waiting for confirmations...
2026-10-07T18:53:29.970305Z  INFO nanospam::app: Waiting for all PRs to see the full quorum...
2026-10-07T18:53:29.972517Z  INFO nanospam::app: All PRs see the full quorum after 2.158083ms
2026-10-07T18:53:29.972549Z  INFO nanospam::app: Waiting for all PRs to hold the same cemented ledger...
2026-10-07T18:53:29.973910Z  INFO nanospam::app: All PRs hold the same ledger of 65 blocks after 1.34475ms
EPOCH_COMMITTEE derived_by=genesis members=6 accounts=33 n=6 digest=95D409445152DD075E6A4799205DFA5689496EB8EE1A22AC2A200B9DBC2DCF27 shares=["A353E45E:16.7%", "65A90023:16.7%", "D315857C:16.7%", "911999B2:16.7%", "633D9D61:16.7%", "735FE217:16.7%"] t=1791399209974
EPOCH_START epoch=0 elections=0 t=1791399209974
EPOCH_COMMITTEE derived_by=genesis members=6 accounts=33 n=6 digest=95D409445152DD075E6A4799205DFA5689496EB8EE1A22AC2A200B9DBC2DCF27 shares=["A353E45E:16.7%", "65A90023:16.7%", "D315857C:16.7%", "911999B2:16.7%", "633D9D61:16.7%", "735FE217:16.7%"] t=1791399209974
EPOCH_START epoch=0 elections=0 t=1791399209975
EPOCH_COMMITTEE derived_by=genesis members=6 accounts=33 n=6 digest=95D409445152DD075E6A4799205DFA5689496EB8EE1A22AC2A200B9DBC2DCF27 shares=["A353E45E:16.7%", "65A90023:16.7%", "D315857C:16.7%", "911999B2:16.7%", "633D9D61:16.7%", "735FE217:16.7%"] t=1791399209975
EPOCH_START epoch=0 elections=0 t=1791399209975
EPOCH_COMMITTEE derived_by=genesis members=6 accounts=33 n=6 digest=95D409445152DD075E6A4799205DFA5689496EB8EE1A22AC2A200B9DBC2DCF27 shares=["A353E45E:16.7%", "65A90023:16.7%", "D315857C:16.7%", "911999B2:16.7%", "633D9D61:16.7%", "735FE217:16.7%"] t=1791399209976
EPOCH_START epoch=0 elections=0 t=1791399209976
EPOCH_COMMITTEE derived_by=genesis members=6 accounts=33 n=6 digest=95D409445152DD075E6A4799205DFA5689496EB8EE1A22AC2A200B9DBC2DCF27 shares=["A353E45E:16.7%", "65A90023:16.7%", "D315857C:16.7%", "911999B2:16.7%", "633D9D61:16.7%", "735FE217:16.7%"] t=1791399209976
EPOCH_START epoch=0 elections=0 t=1791399209976
2026-10-07T18:53:29.976920Z  INFO nanospam::app: Started the epochs on every PR
2026-10-07T18:53:29.976934Z  INFO nanospam::app: Connecting to node PR0... peer_addr=[::1]:17075
2026-10-07T18:53:29.977348Z  INFO nanospam::app: Performing handshake...
2026-10-07T18:53:29.978147Z  INFO nanospam::app: Performing handshake...
2026-10-07T18:53:29.989800Z  INFO nanospam::app: Performing handshake...
2026-10-07T18:53:30.000514Z  INFO nanospam::app: Performing handshake...
2026-10-07T18:53:30.012137Z  INFO nanospam::app: Connecting to node PR1... peer_addr=[::1]:17085
2026-10-07T18:53:30.012371Z  INFO nanospam::app: Performing handshake...
2026-10-07T18:53:30.013124Z  INFO nanospam::app: Performing handshake...
2026-10-07T18:53:30.024225Z  INFO nanospam::app: Performing handshake...
2026-10-07T18:53:30.036281Z  INFO nanospam::app: Performing handshake...
2026-10-07T18:53:30.048217Z  INFO nanospam::app: Connecting to node PR2... peer_addr=[::1]:17095
2026-10-07T18:53:30.048546Z  INFO nanospam::app: Performing handshake...
2026-10-07T18:53:30.049089Z  INFO nanospam::app: Performing handshake...
2026-10-07T18:53:30.061080Z  INFO nanospam::app: Performing handshake...
2026-10-07T18:53:30.072899Z  INFO nanospam::app: Performing handshake...
2026-10-07T18:53:30.083629Z  INFO nanospam::app: Connecting to node PR3... peer_addr=[::1]:17105
2026-10-07T18:53:30.083911Z  INFO nanospam::app: Performing handshake...
2026-10-07T18:53:30.084847Z  INFO nanospam::app: Performing handshake...
2026-10-07T18:53:30.095746Z  INFO nanospam::app: Performing handshake...
2026-10-07T18:53:30.107240Z  INFO nanospam::app: Performing handshake...
2026-10-07T18:53:30.117706Z  INFO nanospam::app: Connecting to node PR4... peer_addr=[::1]:17115
2026-10-07T18:53:30.118001Z  INFO nanospam::app: Performing handshake...
2026-10-07T18:53:30.118931Z  INFO nanospam::app: Performing handshake...
2026-10-07T18:53:30.130441Z  INFO nanospam::app: Performing handshake...
2026-10-07T18:53:30.141427Z  INFO nanospam::app: Performing handshake...
2026-10-07T18:53:30.152100Z  INFO nanospam::app: Connecting to websocket...
2026-10-07T18:53:30.152946Z  INFO nanospam::app: Starting with 2000 BPS
2026-10-07T18:53:30.163155Z  INFO nanospam::byzantine: 1 Byzantine representative(s) voting at random into 5 node(s)
2026-10-07T18:53:31.153824Z  INFO nanospam::app: Confirmed 611 blocks | 2,000 bps | 697 cps | avg conf time: 95 ms
2026-10-07T18:53:32.154737Z  INFO nanospam::app: Confirmed 4,179 blocks | 2,000 bps | 3,564 cps | avg conf time: 152 ms
2026-10-07T18:53:33.155823Z  INFO nanospam::app: Confirmed 6,003 blocks | 2,000 bps | 1,821 cps | avg conf time: 108 ms
2026-10-07T18:53:34.156877Z  INFO nanospam::app: Confirmed 7,871 blocks | 2,000 bps | 1,865 cps | avg conf time: 110 ms
2026-10-07T18:53:35.157968Z  INFO nanospam::app: Confirmed 9,696 blocks | 2,000 bps | 1,823 cps | avg conf time: 109 ms
2026-10-07T18:53:36.158649Z  INFO nanospam::app: Confirmed 11,528 blocks | 2,000 bps | 1,830 cps | avg conf time: 110 ms
2026-10-07T18:53:37.159630Z  INFO nanospam::app: Confirmed 13,320 blocks | 2,000 bps | 1,790 cps | avg conf time: 109 ms
EPOCH_ENDED epoch=0 elections=1048 active=1018 t=1791399217976
EPOCH_ENDED epoch=0 elections=1048 active=1018 t=1791399217976
EPOCH_ENDED epoch=0 elections=1048 active=1018 t=1791399217976
EPOCH_ENDED epoch=0 elections=1048 active=1018 t=1791399217976
EPOCH_ENDED epoch=0 elections=1050 active=1020 t=1791399217977
EPOCH_CARRIED epoch=0 instances=1048 t=1791399218000
EPOCH_ADVANCED epoch=1 elections=2096 active=2066 vote_records=152354 t=1791399218000
EPOCH_CARRIED epoch=0 instances=1048 t=1791399218001
EPOCH_ADVANCED epoch=1 elections=2096 active=2066 vote_records=152355 t=1791399218001
EPOCH_CARRIED epoch=0 instances=1048 t=1791399218002
EPOCH_ADVANCED epoch=1 elections=2096 active=2066 vote_records=152339 t=1791399218002
EPOCH_CARRIED epoch=0 instances=1048 t=1791399218007
EPOCH_ADVANCED epoch=1 elections=2096 active=2066 vote_records=152357 t=1791399218007
EPOCH_CLOSE_UNREADY epoch=0 short_of=reports usable=0 weight=0 required=5 held=0 theirs=[] t=1791399218045
EPOCH_CARRIED epoch=0 instances=1050 t=1791399218085
EPOCH_ADVANCED epoch=1 elections=2100 active=2070 vote_records=152545 t=1791399218085
2026-10-07T18:53:38.160829Z  INFO nanospam::app: Confirmed 14,839 blocks | 2,000 bps | 1,517 cps | avg conf time: 111 ms
EPOCH_CLOSE_UNREADY epoch=0 short_of=reports usable=1 weight=1 required=5 held=0 theirs=[] t=1791399218168
EPOCH_REPORT epoch=0 certified=14923 residual=1021 root=408D4ABCFD985AB9CF6A35DE4F2E9FCC71337BE7BA588854460F1A430D8F72C8 reports=1 t=1791399218168
EPOCH_CLOSE_UNREADY epoch=0 short_of=reports usable=1 weight=1 required=5 held=1 theirs=["65A90023:408D4ABC:1EE3CA88"] t=1791399218184
EPOCH_REPORT epoch=0 certified=14923 residual=1003 root=408D4ABCFD985AB9CF6A35DE4F2E9FCC71337BE7BA588854460F1A430D8F72C8 reports=1 t=1791399218195
EPOCH_REPORT epoch=0 certified=14923 residual=1029 root=408D4ABCFD985AB9CF6A35DE4F2E9FCC71337BE7BA588854460F1A430D8F72C8 reports=1 t=1791399218208
EPOCH_RECONCILED epoch=0 reporter=D315857CE70C54DE713F6E82E5613BB3A1266C15E28AD2F4338C7BBEC456F532 complete=false entries=0 total=14923 symbols=0 dropped=false t=1791399218267
EPOCH_RECONCILED epoch=0 reporter=D315857CE70C54DE713F6E82E5613BB3A1266C15E28AD2F4338C7BBEC456F532 complete=false entries=999 total=999 symbols=0 dropped=false t=1791399218271
EPOCH_RECONCILED epoch=0 reporter=65A90023F6C0D2181AAA63F005D81BBC0C04650505E21D5123F9AE1F9E992BFF complete=false entries=0 total=14923 symbols=0 dropped=false t=1791399218272
EPOCH_RECONCILED epoch=0 reporter=65A90023F6C0D2181AAA63F005D81BBC0C04650505E21D5123F9AE1F9E992BFF complete=false entries=1014 total=1014 symbols=0 dropped=false t=1791399218275
EPOCH_CLOSE_UNREADY epoch=0 short_of=reports usable=1 weight=1 required=5 held=3 theirs=["633D9D61:408D4ABC:BF68DFB8", "D315857C:408D4ABC:5B555E78", "65A90023:408D4ABC:1EE3CA88"] t=1791399218275
EPOCH_RECONCILED epoch=0 reporter=D315857CE70C54DE713F6E82E5613BB3A1266C15E28AD2F4338C7BBEC456F532 complete=true entries=4 total=1003 symbols=16 dropped=false t=1791399218277
EPOCH_RECONCILED epoch=0 reporter=65A90023F6C0D2181AAA63F005D81BBC0C04650505E21D5123F9AE1F9E992BFF complete=true entries=7 total=1021 symbols=16 dropped=false t=1791399218278
EPOCH_REPORT epoch=0 certified=14923 residual=994 root=408D4ABCFD985AB9CF6A35DE4F2E9FCC71337BE7BA588854460F1A430D8F72C8 reports=1 t=1791399218286
EPOCH_RECONCILED epoch=0 reporter=A353E45E6D0016CAEED0DFA4EC5B0640E2AA22A793F9F2375E77F1AB92977C04 complete=false entries=0 total=14923 symbols=0 dropped=false t=1791399218286
EPOCH_RECONCILED epoch=0 reporter=A353E45E6D0016CAEED0DFA4EC5B0640E2AA22A793F9F2375E77F1AB92977C04 complete=false entries=1025 total=1025 symbols=0 dropped=false t=1791399218299
EPOCH_RECONCILED epoch=0 reporter=D315857CE70C54DE713F6E82E5613BB3A1266C15E28AD2F4338C7BBEC456F532 complete=false entries=0 total=14923 symbols=0 dropped=false t=1791399218300
EPOCH_RECONCILED epoch=0 reporter=D315857CE70C54DE713F6E82E5613BB3A1266C15E28AD2F4338C7BBEC456F532 complete=true entries=1003 total=1003 symbols=0 dropped=false t=1791399218308
EPOCH_REPORT epoch=0 certified=14923 residual=1009 root=408D4ABCFD985AB9CF6A35DE4F2E9FCC71337BE7BA588854460F1A430D8F72C8 reports=1 t=1791399218309
EPOCH_RECONCILED epoch=0 reporter=65A90023F6C0D2181AAA63F005D81BBC0C04650505E21D5123F9AE1F9E992BFF complete=false entries=0 total=14923 symbols=0 dropped=false t=1791399218312
EPOCH_RECONCILED epoch=0 reporter=65A90023F6C0D2181AAA63F005D81BBC0C04650505E21D5123F9AE1F9E992BFF complete=false entries=1015 total=1015 symbols=0 dropped=false t=1791399218328
EPOCH_RECONCILED epoch=0 reporter=A353E45E6D0016CAEED0DFA4EC5B0640E2AA22A793F9F2375E77F1AB92977C04 complete=true entries=4 total=1029 symbols=16 dropped=false t=1791399218329
EPOCH_RECONCILED epoch=0 reporter=65A90023F6C0D2181AAA63F005D81BBC0C04650505E21D5123F9AE1F9E992BFF complete=true entries=6 total=1021 symbols=16 dropped=false t=1791399218333
EPOCH_RECONCILED epoch=0 reporter=633D9D614858AB1710D5D8C3180E2A082DC97208BA8C26BA6C6D1A86C8E31CC0 complete=false entries=0 total=14923 symbols=0 dropped=false t=1791399218372
EPOCH_RECONCILED epoch=0 reporter=633D9D614858AB1710D5D8C3180E2A082DC97208BA8C26BA6C6D1A86C8E31CC0 complete=true entries=1009 total=1009 symbols=0 dropped=false t=1791399218379
EPOCH_RECONCILED epoch=0 reporter=65A90023F6C0D2181AAA63F005D81BBC0C04650505E21D5123F9AE1F9E992BFF complete=false entries=0 total=14923 symbols=0 dropped=false t=1791399218381
EPOCH_RECONCILED epoch=0 reporter=65A90023F6C0D2181AAA63F005D81BBC0C04650505E21D5123F9AE1F9E992BFF complete=false entries=1013 total=1013 symbols=0 dropped=false t=1791399218388
EPOCH_RECONCILED epoch=0 reporter=D315857CE70C54DE713F6E82E5613BB3A1266C15E28AD2F4338C7BBEC456F532 complete=false entries=0 total=14923 symbols=0 dropped=false t=1791399218390
EPOCH_RECONCILED epoch=0 reporter=D315857CE70C54DE713F6E82E5613BB3A1266C15E28AD2F4338C7BBEC456F532 complete=true entries=1003 total=1003 symbols=0 dropped=false t=1791399218394
EPOCH_RECONCILED epoch=0 reporter=A353E45E6D0016CAEED0DFA4EC5B0640E2AA22A793F9F2375E77F1AB92977C04 complete=false entries=0 total=14923 symbols=0 dropped=false t=1791399218395
EPOCH_RECONCILED epoch=0 reporter=A353E45E6D0016CAEED0DFA4EC5B0640E2AA22A793F9F2375E77F1AB92977C04 complete=false entries=1026 total=1026 symbols=0 dropped=false t=1791399218473
EPOCH_RECONCILED epoch=0 reporter=65A90023F6C0D2181AAA63F005D81BBC0C04650505E21D5123F9AE1F9E992BFF complete=true entries=8 total=1021 symbols=16 dropped=false t=1791399218474
EPOCH_RECONCILED epoch=0 reporter=A353E45E6D0016CAEED0DFA4EC5B0640E2AA22A793F9F2375E77F1AB92977C04 complete=true entries=3 total=1029 symbols=16 dropped=false t=1791399218475
EPOCH_RECONCILED epoch=0 reporter=A353E45E6D0016CAEED0DFA4EC5B0640E2AA22A793F9F2375E77F1AB92977C04 complete=false entries=0 total=14923 symbols=0 dropped=false t=1791399218483
EPOCH_RECONCILED epoch=0 reporter=911999B2AEFA7ACC66EBD802B3301FF6CE431405107749D940277955CB7FDD07 complete=false entries=0 total=14923 symbols=0 dropped=false t=1791399218488
EPOCH_RECONCILED epoch=0 reporter=911999B2AEFA7ACC66EBD802B3301FF6CE431405107749D940277955CB7FDD07 complete=true entries=994 total=994 symbols=0 dropped=false t=1791399218495
EPOCH_RECONCILED epoch=0 reporter=633D9D614858AB1710D5D8C3180E2A082DC97208BA8C26BA6C6D1A86C8E31CC0 complete=false entries=0 total=14923 symbols=0 dropped=false t=1791399218497
EPOCH_RECONCILED epoch=0 reporter=A353E45E6D0016CAEED0DFA4EC5B0640E2AA22A793F9F2375E77F1AB92977C04 complete=false entries=1028 total=1028 symbols=0 dropped=false t=1791399218503
EPOCH_RECONCILED epoch=0 reporter=65A90023F6C0D2181AAA63F005D81BBC0C04650505E21D5123F9AE1F9E992BFF complete=false entries=0 total=14923 symbols=0 dropped=false t=1791399218504
EPOCH_RECONCILED epoch=0 reporter=633D9D614858AB1710D5D8C3180E2A082DC97208BA8C26BA6C6D1A86C8E31CC0 complete=true entries=1009 total=1009 symbols=0 dropped=false t=1791399218521
EPOCH_RECONCILED epoch=0 reporter=65A90023F6C0D2181AAA63F005D81BBC0C04650505E21D5123F9AE1F9E992BFF complete=false entries=1015 total=1015 symbols=0 dropped=false t=1791399218522
EPOCH_RECONCILED epoch=0 reporter=633D9D614858AB1710D5D8C3180E2A082DC97208BA8C26BA6C6D1A86C8E31CC0 complete=false entries=0 total=14923 symbols=0 dropped=false t=1791399218524
EPOCH_RECONCILED epoch=0 reporter=A353E45E6D0016CAEED0DFA4EC5B0640E2AA22A793F9F2375E77F1AB92977C04 complete=false entries=0 total=14923 symbols=0 dropped=false t=1791399218573
EPOCH_RECONCILED epoch=0 reporter=633D9D614858AB1710D5D8C3180E2A082DC97208BA8C26BA6C6D1A86C8E31CC0 complete=true entries=1009 total=1009 symbols=0 dropped=false t=1791399218573
EPOCH_RECONCILED epoch=0 reporter=911999B2AEFA7ACC66EBD802B3301FF6CE431405107749D940277955CB7FDD07 complete=false entries=0 total=14923 symbols=0 dropped=false t=1791399218575
EPOCH_RECONCILED epoch=0 reporter=911999B2AEFA7ACC66EBD802B3301FF6CE431405107749D940277955CB7FDD07 complete=true entries=994 total=994 symbols=0 dropped=false t=1791399218580
EPOCH_RECONCILED epoch=0 reporter=A353E45E6D0016CAEED0DFA4EC5B0640E2AA22A793F9F2375E77F1AB92977C04 complete=false entries=1024 total=1024 symbols=0 dropped=false t=1791399218582
EPOCH_RECONCILED epoch=0 reporter=D315857CE70C54DE713F6E82E5613BB3A1266C15E28AD2F4338C7BBEC456F532 complete=false entries=0 total=14923 symbols=0 dropped=false t=1791399218584
EPOCH_RECONCILED epoch=0 reporter=D315857CE70C54DE713F6E82E5613BB3A1266C15E28AD2F4338C7BBEC456F532 complete=true entries=1003 total=1003 symbols=0 dropped=false t=1791399218607
EPOCH_CLOSE_UNREADY epoch=0 short_of=reports usable=4 weight=4 required=5 held=4 theirs=["911999B2:408D4ABC:08834449", "A353E45E:408D4ABC:7D97CF0E", "D315857C:408D4ABC:5B555E78", "65A90023:408D4ABC:1EE3CA88"] t=1791399218613
EPOCH_RECONCILED epoch=0 reporter=633D9D614858AB1710D5D8C3180E2A082DC97208BA8C26BA6C6D1A86C8E31CC0 complete=false entries=0 total=14923 symbols=0 dropped=false t=1791399218615
EPOCH_RECONCILED epoch=0 reporter=633D9D614858AB1710D5D8C3180E2A082DC97208BA8C26BA6C6D1A86C8E31CC0 complete=true entries=1009 total=1009 symbols=0 dropped=false t=1791399218625
EPOCH_RECONCILED epoch=0 reporter=911999B2AEFA7ACC66EBD802B3301FF6CE431405107749D940277955CB7FDD07 complete=false entries=0 total=14923 symbols=0 dropped=false t=1791399218626
EPOCH_RECONCILED epoch=0 reporter=911999B2AEFA7ACC66EBD802B3301FF6CE431405107749D940277955CB7FDD07 complete=true entries=994 total=994 symbols=0 dropped=false t=1791399218664
EPOCH_RECONCILED epoch=0 reporter=A353E45E6D0016CAEED0DFA4EC5B0640E2AA22A793F9F2375E77F1AB92977C04 complete=true entries=1 total=1029 symbols=16 dropped=false t=1791399218682
EPOCH_RECONCILED epoch=0 reporter=65A90023F6C0D2181AAA63F005D81BBC0C04650505E21D5123F9AE1F9E992BFF complete=true entries=6 total=1021 symbols=16 dropped=false t=1791399218683
EPOCH_RECONCILED epoch=0 reporter=911999B2AEFA7ACC66EBD802B3301FF6CE431405107749D940277955CB7FDD07 complete=false entries=0 total=14923 symbols=0 dropped=false t=1791399218700
EPOCH_CLOSE_READY epoch=0 t=1791399218703
EPOCH_CLOSE_ROUND epoch=0 round=0 leader=633D9D614858AB1710D5D8C3180E2A082DC97208BA8C26BA6C6D1A86C8E31CC0 leads=false t=1791399218707
EPOCH_RECONCILED epoch=0 reporter=911999B2AEFA7ACC66EBD802B3301FF6CE431405107749D940277955CB7FDD07 complete=true entries=994 total=994 symbols=0 dropped=false t=1791399218711
EPOCH_RECONCILED epoch=0 reporter=A353E45E6D0016CAEED0DFA4EC5B0640E2AA22A793F9F2375E77F1AB92977C04 complete=true entries=5 total=1029 symbols=16 dropped=false t=1791399218717
EPOCH_CLOSE_READY epoch=0 t=1791399218794
EPOCH_CLOSE_READY epoch=0 t=1791399218829
EPOCH_CLOSE_ROUND epoch=0 round=0 leader=633D9D614858AB1710D5D8C3180E2A082DC97208BA8C26BA6C6D1A86C8E31CC0 leads=false t=1791399218830
EPOCH_CLOSE_READY epoch=0 t=1791399218895
EPOCH_CLOSE_READY epoch=0 t=1791399218902
EPOCH_PROPOSED epoch=0 round=0 value=E5C435C0ECB46BF8FFB9CF8062AAD05E2F6B42EAF06E8FA4BB263D924D8FB99B state=26E30B40E83BB3BA45C1FE80CA93D1D7EAB91052C28D44E9996B8D48A73766B0 reports=5 t=1791399218984
EPOCH_VALUE epoch=0 value=E5C435C0ECB46BF8FFB9CF8062AAD05E2F6B42EAF06E8FA4BB263D924D8FB99B state=26E30B40E83BB3BA45C1FE80CA93D1D7EAB91052C28D44E9996B8D48A73766B0 t=1791399218984
EPOCH_CLOSE_ROUND epoch=0 round=0 leader=633D9D614858AB1710D5D8C3180E2A082DC97208BA8C26BA6C6D1A86C8E31CC0 leads=true t=1791399218986
EPOCH_CLOSE_ROUND epoch=0 round=0 leader=633D9D614858AB1710D5D8C3180E2A082DC97208BA8C26BA6C6D1A86C8E31CC0 leads=false t=1791399219013
EPOCH_VALUE epoch=0 value=E5C435C0ECB46BF8FFB9CF8062AAD05E2F6B42EAF06E8FA4BB263D924D8FB99B state=26E30B40E83BB3BA45C1FE80CA93D1D7EAB91052C28D44E9996B8D48A73766B0 t=1791399219054
EPOCH_CLOSE_ROUND epoch=0 round=0 leader=633D9D614858AB1710D5D8C3180E2A082DC97208BA8C26BA6C6D1A86C8E31CC0 leads=false t=1791399219055
EPOCH_VALUE epoch=0 value=E5C435C0ECB46BF8FFB9CF8062AAD05E2F6B42EAF06E8FA4BB263D924D8FB99B state=26E30B40E83BB3BA45C1FE80CA93D1D7EAB91052C28D44E9996B8D48A73766B0 t=1791399219064
EPOCH_VALUE epoch=0 value=E5C435C0ECB46BF8FFB9CF8062AAD05E2F6B42EAF06E8FA4BB263D924D8FB99B state=26E30B40E83BB3BA45C1FE80CA93D1D7EAB91052C28D44E9996B8D48A73766B0 t=1791399219070
EPOCH_VALUE epoch=0 value=E5C435C0ECB46BF8FFB9CF8062AAD05E2F6B42EAF06E8FA4BB263D924D8FB99B state=26E30B40E83BB3BA45C1FE80CA93D1D7EAB91052C28D44E9996B8D48A73766B0 t=1791399219072
2026-10-07T18:53:39.161553Z  INFO nanospam::app: Confirmed 15,029 blocks | 2,000 bps | 189 cps | avg conf time: 462 ms
EPOCH_INSTALL epoch=0 finalized=14858 instances_confirmed=1 t=1791399219412
EPOCH_INSTALL epoch=0 finalized=14858 instances_confirmed=1 t=1791399219413
EPOCH_INSTALL epoch=0 finalized=14858 instances_confirmed=1 t=1791399219413
EPOCH_INSTALL epoch=0 finalized=14858 instances_confirmed=1 t=1791399219413
EPOCH_INSTALL epoch=0 finalized=14858 instances_confirmed=1 t=1791399219418
EPOCH_COMMITTEE derived_by=0 members=6 accounts=6663 n=6 digest=95D409445152DD075E6A4799205DFA5689496EB8EE1A22AC2A200B9DBC2DCF27 shares=["735FE217:16.7%", "A353E45E:16.7%", "D315857C:16.7%", "911999B2:16.7%", "633D9D61:16.7%", "65A90023:16.7%"] t=1791399219630
EPOCH_LOCKS epoch=0 continued=0 kinds={"locks=1 kind=Some(Recovery) nc_here=false saved=true": 838, "locks=1 kind=Some(Recovery) nc_here=true saved=true": 9} t=1791399219631
EPOCH_OMITTED epoch=0 instances=107 retained=847 t=1791399219631
EPOCH_COMMITTEE derived_by=0 members=6 accounts=6663 n=6 digest=95D409445152DD075E6A4799205DFA5689496EB8EE1A22AC2A200B9DBC2DCF27 shares=["735FE217:16.7%", "A353E45E:16.7%", "D315857C:16.7%", "911999B2:16.7%", "633D9D61:16.7%", "65A90023:16.7%"] t=1791399219646
EPOCH_GATE epoch=1 released=3449 finalized=2290 t=1791399219646
EPOCH_CLOSED epoch=0 round=0 value=E5C435C0ECB46BF8FFB9CF8062AAD05E2F6B42EAF06E8FA4BB263D924D8FB99B state=26E30B40E83BB3BA45C1FE80CA93D1D7EAB91052C28D44E9996B8D48A73766B0 t=1791399219646
EPOCH_LOCKS epoch=0 continued=0 kinds={"locks=1 kind=Some(Recovery) nc_here=false saved=false": 824, "locks=1 kind=Some(Recovery) nc_here=false saved=true": 14, "locks=1 kind=Some(Recovery) nc_here=true saved=true": 9} t=1791399219648
EPOCH_OMITTED epoch=0 instances=107 retained=847 t=1791399219648
EPOCH_COMMITTEE derived_by=0 members=6 accounts=6663 n=6 digest=95D409445152DD075E6A4799205DFA5689496EB8EE1A22AC2A200B9DBC2DCF27 shares=["735FE217:16.7%", "A353E45E:16.7%", "D315857C:16.7%", "911999B2:16.7%", "633D9D61:16.7%", "65A90023:16.7%"] t=1791399219660
EPOCH_LOCKS epoch=0 continued=0 kinds={"locks=1 kind=Some(Recovery) nc_here=false saved=false": 8, "locks=1 kind=Some(Recovery) nc_here=false saved=true": 830, "locks=1 kind=Some(Recovery) nc_here=true saved=true": 9} t=1791399219663
EPOCH_OMITTED epoch=0 instances=107 retained=847 t=1791399219663
EPOCH_COMMITTEE derived_by=0 members=6 accounts=6663 n=6 digest=95D409445152DD075E6A4799205DFA5689496EB8EE1A22AC2A200B9DBC2DCF27 shares=["735FE217:16.7%", "A353E45E:16.7%", "D315857C:16.7%", "911999B2:16.7%", "633D9D61:16.7%", "65A90023:16.7%"] t=1791399219664
EPOCH_COMMITTEE derived_by=0 members=6 accounts=6663 n=6 digest=95D409445152DD075E6A4799205DFA5689496EB8EE1A22AC2A200B9DBC2DCF27 shares=["735FE217:16.7%", "A353E45E:16.7%", "D315857C:16.7%", "911999B2:16.7%", "633D9D61:16.7%", "65A90023:16.7%"] t=1791399219666
EPOCH_LOCKS epoch=0 continued=0 kinds={"locks=1 kind=Some(Recovery) nc_here=false saved=false": 824, "locks=1 kind=Some(Recovery) nc_here=false saved=true": 14, "locks=1 kind=Some(Recovery) nc_here=true saved=true": 9} t=1791399219666
EPOCH_OMITTED epoch=0 instances=107 retained=847 t=1791399219666
EPOCH_GATE epoch=1 released=3483 finalized=2290 t=1791399219667
EPOCH_CLOSED epoch=0 round=0 value=E5C435C0ECB46BF8FFB9CF8062AAD05E2F6B42EAF06E8FA4BB263D924D8FB99B state=26E30B40E83BB3BA45C1FE80CA93D1D7EAB91052C28D44E9996B8D48A73766B0 t=1791399219667
EPOCH_LOCKS epoch=0 continued=0 kinds={"locks=1 kind=Some(Recovery) nc_here=false saved=false": 8, "locks=1 kind=Some(Recovery) nc_here=false saved=true": 830, "locks=1 kind=Some(Recovery) nc_here=true saved=true": 9} t=1791399219668
EPOCH_OMITTED epoch=0 instances=103 retained=847 t=1791399219668
EPOCH_GATE epoch=1 released=3439 finalized=2291 t=1791399219685
EPOCH_CLOSED epoch=0 round=0 value=E5C435C0ECB46BF8FFB9CF8062AAD05E2F6B42EAF06E8FA4BB263D924D8FB99B state=26E30B40E83BB3BA45C1FE80CA93D1D7EAB91052C28D44E9996B8D48A73766B0 t=1791399219685
EPOCH_INSTALLED epoch=0 finalized=14858 cemented=14858 queued=0 missing=0 t=1791399219687
EPOCH_RETAINED epoch=0 retained=1009 held=1009 missing=0 t=1791399219688
EPOCH_GATE epoch=1 released=3434 finalized=2288 t=1791399219694
EPOCH_CLOSED epoch=0 round=0 value=E5C435C0ECB46BF8FFB9CF8062AAD05E2F6B42EAF06E8FA4BB263D924D8FB99B state=26E30B40E83BB3BA45C1FE80CA93D1D7EAB91052C28D44E9996B8D48A73766B0 t=1791399219694
EPOCH_INSTALLED epoch=0 finalized=14858 cemented=14858 queued=0 missing=0 t=1791399219738
EPOCH_RETAINED epoch=0 retained=1009 held=1001 missing=8 t=1791399219738
EPOCH_INSTALLED epoch=0 finalized=14858 cemented=14858 queued=0 missing=0 t=1791399219879
EPOCH_RETAINED epoch=0 retained=1009 held=185 missing=824 t=1791399219880
EPOCH_INSTALLED epoch=0 finalized=14858 cemented=14858 queued=0 missing=0 t=1791399219891
EPOCH_RETAINED epoch=0 retained=1009 held=1001 missing=8 t=1791399219904
EPOCH_GATE epoch=1 released=3449 finalized=2290 t=1791399220029
EPOCH_CLOSED epoch=0 round=0 value=E5C435C0ECB46BF8FFB9CF8062AAD05E2F6B42EAF06E8FA4BB263D924D8FB99B state=26E30B40E83BB3BA45C1FE80CA93D1D7EAB91052C28D44E9996B8D48A73766B0 t=1791399220029
EPOCH_EVIDENCE_RELEASED epoch=0 t=1791399220064
EPOCH_EVIDENCE_RELEASED epoch=0 t=1791399220084
EPOCH_EVIDENCE_RELEASED epoch=0 t=1791399220085
EPOCH_EVIDENCE_RELEASED epoch=0 t=1791399220088
EPOCH_EVIDENCE_RELEASED epoch=0 t=1791399220092
EPOCH_INSTALLED epoch=0 finalized=14858 cemented=14858 queued=0 missing=0 t=1791399220137
EPOCH_RETAINED epoch=0 retained=1009 held=185 missing=824 t=1791399220137
2026-10-07T18:53:40.163311Z  INFO nanospam::app: Confirmed 17,892 blocks | 2,000 bps | 2,857 cps | avg conf time: 1084 ms
EPOCH_FOLLOW cemented=1 cementing=0 requested=7 pending=7 t=1791399220194
EPOCH_FOLLOW cemented=2 cementing=0 requested=822 pending=822 t=1791399220316
EPOCH_FOLLOW cemented=1 cementing=0 requested=7 pending=7 t=1791399220366
EPOCH_FOLLOW cemented=4 cementing=0 requested=820 pending=820 t=1791399221156
2026-10-07T18:53:41.164033Z  INFO nanospam::app: Confirmed 20,550 blocks | 2,000 bps | 2,656 cps | avg conf time: 322 ms
EPOCH_FOLLOW cemented=7 cementing=0 requested=0 pending=0 t=1791399221209
EPOCH_FOLLOW cemented=302 cementing=0 requested=520 pending=520 t=1791399221337
EPOCH_FOLLOW cemented=7 cementing=0 requested=0 pending=0 t=1791399221404
2026-10-07T18:53:42.164497Z  INFO nanospam::app: Confirmed 22,329 blocks | 2,000 bps | 1,778 cps | avg conf time: 135 ms
EPOCH_FOLLOW cemented=383 cementing=0 requested=437 pending=437 t=1791399222190
EPOCH_FOLLOW cemented=249 cementing=0 requested=0 pending=271 t=1791399222373
2026-10-07T18:53:43.165707Z  INFO nanospam::app: Confirmed 24,094 blocks | 2,000 bps | 1,762 cps | avg conf time: 121 ms
EPOCH_FOLLOW cemented=234 cementing=0 requested=0 pending=203 t=1791399223220
EPOCH_FOLLOW cemented=4 cementing=0 requested=267 pending=267 t=1791399223399
2026-10-07T18:53:44.166746Z  INFO nanospam::app: Confirmed 25,915 blocks | 2,000 bps | 1,819 cps | avg conf time: 121 ms
EPOCH_FOLLOW cemented=2 cementing=0 requested=201 pending=201 t=1791399224253
EPOCH_FOLLOW cemented=151 cementing=0 requested=0 pending=116 t=1791399224433
2026-10-07T18:53:45.167494Z  INFO nanospam::app: Confirmed 27,714 blocks | 2,000 bps | 1,797 cps | avg conf time: 131 ms
EPOCH_FOLLOW cemented=88 cementing=0 requested=0 pending=113 t=1791399225286
EPOCH_FOLLOW cemented=3 cementing=0 requested=0 pending=113 t=1791399225470
EPOCH_ENDED epoch=1 elections=2635 active=2465 t=1791399225975
EPOCH_ENDED epoch=1 elections=2635 active=2466 t=1791399225976
EPOCH_ENDED epoch=1 elections=2635 active=2473 t=1791399225977
EPOCH_ENDED epoch=1 elections=2626 active=2457 t=1791399225985
EPOCH_ENDED epoch=1 elections=2624 active=2468 t=1791399225986
EPOCH_CARRIED epoch=1 instances=1788 t=1791399226037
EPOCH_ADVANCED epoch=2 elections=3591 active=3421 vote_records=305088 t=1791399226037
EPOCH_CARRIED epoch=1 instances=1787 t=1791399226038
EPOCH_ADVANCED epoch=2 elections=3591 active=3429 vote_records=305068 t=1791399226038
EPOCH_CARRIED epoch=1 instances=1776 t=1791399226041
EPOCH_ADVANCED epoch=2 elections=3569 active=3413 vote_records=305080 t=1791399226041
EPOCH_CARRIED epoch=1 instances=1788 t=1791399226041
EPOCH_ADVANCED epoch=2 elections=3591 active=3422 vote_records=305063 t=1791399226041
EPOCH_CLOSE_UNREADY epoch=1 short_of=reports usable=0 weight=0 required=5 held=0 theirs=[] t=1791399226049
EPOCH_CLOSE_UNREADY epoch=1 short_of=reports usable=0 weight=0 required=5 held=0 theirs=[] t=1791399226096
EPOCH_CARRIED epoch=1 instances=1779 t=1791399226100
EPOCH_ADVANCED epoch=2 elections=3573 active=3404 vote_records=305077 t=1791399226100
EPOCH_CLOSE_UNREADY epoch=1 short_of=reports usable=0 weight=0 required=5 held=0 theirs=[] t=1791399226205
2026-10-07T18:53:46.214490Z  INFO nanospam::app: Confirmed 29,170 blocks | 2,000 bps | 1,453 cps | avg conf time: 145 ms
EPOCH_CLOSE_UNREADY epoch=1 short_of=reports usable=0 weight=0 required=5 held=0 theirs=[] t=1791399226240
EPOCH_CLOSE_UNREADY epoch=1 short_of=reports usable=0 weight=0 required=5 held=0 theirs=[] t=1791399226247
EPOCH_FOLLOW cemented=1 cementing=0 requested=0 pending=112 t=1791399226314
EPOCH_REPORT epoch=1 certified=30168 residual=1653 root=0181B3D7BA441A0620D488BEA5D6119AB2CB39F8386E7BC26AE460C46CF14298 reports=1 t=1791399226450
EPOCH_FOLLOW cemented=1 cementing=0 requested=0 pending=112 t=1791399226491
EPOCH_REPORT epoch=1 certified=30168 residual=863 root=0181B3D7BA441A0620D488BEA5D6119AB2CB39F8386E7BC26AE460C46CF14298 reports=1 t=1791399226576
EPOCH_RECONCILED epoch=1 reporter=A353E45E6D0016CAEED0DFA4EC5B0640E2AA22A793F9F2375E77F1AB92977C04 complete=false entries=0 total=30168 symbols=0 dropped=false t=1791399226591
EPOCH_RECONCILED epoch=1 reporter=A353E45E6D0016CAEED0DFA4EC5B0640E2AA22A793F9F2375E77F1AB92977C04 complete=false entries=1630 total=1630 symbols=0 dropped=false t=1791399226595
EPOCH_REPORT epoch=1 certified=30168 residual=819 root=0181B3D7BA441A0620D488BEA5D6119AB2CB39F8386E7BC26AE460C46CF14298 reports=1 t=1791399226624
EPOCH_RECONCILED epoch=1 reporter=A353E45E6D0016CAEED0DFA4EC5B0640E2AA22A793F9F2375E77F1AB92977C04 complete=false entries=0 total=30168 symbols=0 dropped=false t=1791399226687
EPOCH_RECONCILED epoch=1 reporter=A353E45E6D0016CAEED0DFA4EC5B0640E2AA22A793F9F2375E77F1AB92977C04 complete=true entries=23 total=1653 symbols=32 dropped=false t=1791399226724
EPOCH_RECONCILED epoch=1 reporter=A353E45E6D0016CAEED0DFA4EC5B0640E2AA22A793F9F2375E77F1AB92977C04 complete=false entries=1634 total=1634 symbols=0 dropped=false t=1791399226796
EPOCH_REPORT epoch=1 certified=30168 residual=804 root=0181B3D7BA441A0620D488BEA5D6119AB2CB39F8386E7BC26AE460C46CF14298 reports=1 t=1791399226797
EPOCH_RECONCILED epoch=1 reporter=633D9D614858AB1710D5D8C3180E2A082DC97208BA8C26BA6C6D1A86C8E31CC0 complete=false entries=0 total=30168 symbols=0 dropped=false t=1791399226800
EPOCH_RECONCILED epoch=1 reporter=633D9D614858AB1710D5D8C3180E2A082DC97208BA8C26BA6C6D1A86C8E31CC0 complete=true entries=863 total=863 symbols=0 dropped=false t=1791399226824
EPOCH_RECONCILED epoch=1 reporter=911999B2AEFA7ACC66EBD802B3301FF6CE431405107749D940277955CB7FDD07 complete=false entries=0 total=30168 symbols=0 dropped=false t=1791399226825
EPOCH_RECONCILED epoch=1 reporter=911999B2AEFA7ACC66EBD802B3301FF6CE431405107749D940277955CB7FDD07 complete=true entries=819 total=819 symbols=0 dropped=false t=1791399226832
EPOCH_RECONCILED epoch=1 reporter=633D9D614858AB1710D5D8C3180E2A082DC97208BA8C26BA6C6D1A86C8E31CC0 complete=false entries=0 total=30168 symbols=0 dropped=false t=1791399226833
EPOCH_RECONCILED epoch=1 reporter=633D9D614858AB1710D5D8C3180E2A082DC97208BA8C26BA6C6D1A86C8E31CC0 complete=true entries=863 total=863 symbols=0 dropped=false t=1791399226841
EPOCH_RECONCILED epoch=1 reporter=A353E45E6D0016CAEED0DFA4EC5B0640E2AA22A793F9F2375E77F1AB92977C04 complete=false entries=0 total=30168 symbols=0 dropped=false t=1791399226842
EPOCH_RECONCILED epoch=1 reporter=A353E45E6D0016CAEED0DFA4EC5B0640E2AA22A793F9F2375E77F1AB92977C04 complete=false entries=1634 total=1634 symbols=0 dropped=false t=1791399226849
EPOCH_RECONCILED epoch=1 reporter=65A90023F6C0D2181AAA63F005D81BBC0C04650505E21D5123F9AE1F9E992BFF complete=false entries=0 total=30168 symbols=0 dropped=false t=1791399226851
EPOCH_REPORT epoch=1 certified=30168 residual=1636 root=0181B3D7BA441A0620D488BEA5D6119AB2CB39F8386E7BC26AE460C46CF14298 reports=1 t=1791399226857
EPOCH_RECONCILED epoch=1 reporter=633D9D614858AB1710D5D8C3180E2A082DC97208BA8C26BA6C6D1A86C8E31CC0 complete=false entries=0 total=30168 symbols=0 dropped=false t=1791399226875
EPOCH_RECONCILED epoch=1 reporter=633D9D614858AB1710D5D8C3180E2A082DC97208BA8C26BA6C6D1A86C8E31CC0 complete=false entries=849 total=849 symbols=0 dropped=false t=1791399226966
EPOCH_RECONCILED epoch=1 reporter=A353E45E6D0016CAEED0DFA4EC5B0640E2AA22A793F9F2375E77F1AB92977C04 complete=false entries=0 total=30168 symbols=0 dropped=false t=1791399226978
EPOCH_RECONCILED epoch=1 reporter=A353E45E6D0016CAEED0DFA4EC5B0640E2AA22A793F9F2375E77F1AB92977C04 complete=true entries=19 total=1653 symbols=32 dropped=false t=1791399226989
EPOCH_RECONCILED epoch=1 reporter=633D9D614858AB1710D5D8C3180E2A082DC97208BA8C26BA6C6D1A86C8E31CC0 complete=false entries=0 total=30168 symbols=0 dropped=false t=1791399226994
EPOCH_RECONCILED epoch=1 reporter=A353E45E6D0016CAEED0DFA4EC5B0640E2AA22A793F9F2375E77F1AB92977C04 complete=true entries=1653 total=1653 symbols=0 dropped=false t=1791399226995
EPOCH_RECONCILED epoch=1 reporter=911999B2AEFA7ACC66EBD802B3301FF6CE431405107749D940277955CB7FDD07 complete=false entries=0 total=30168 symbols=0 dropped=false t=1791399226996
EPOCH_RECONCILED epoch=1 reporter=911999B2AEFA7ACC66EBD802B3301FF6CE431405107749D940277955CB7FDD07 complete=true entries=819 total=819 symbols=0 dropped=false t=1791399227000
EPOCH_RECONCILED epoch=1 reporter=65A90023F6C0D2181AAA63F005D81BBC0C04650505E21D5123F9AE1F9E992BFF complete=false entries=1617 total=1617 symbols=0 dropped=false t=1791399227031
EPOCH_RECONCILED epoch=1 reporter=633D9D614858AB1710D5D8C3180E2A082DC97208BA8C26BA6C6D1A86C8E31CC0 complete=true entries=863 total=863 symbols=0 dropped=false t=1791399227042
EPOCH_RECONCILED epoch=1 reporter=911999B2AEFA7ACC66EBD802B3301FF6CE431405107749D940277955CB7FDD07 complete=false entries=0 total=30168 symbols=0 dropped=false t=1791399227043
EPOCH_RECONCILED epoch=1 reporter=911999B2AEFA7ACC66EBD802B3301FF6CE431405107749D940277955CB7FDD07 complete=true entries=819 total=819 symbols=0 dropped=false t=1791399227057
EPOCH_RECONCILED epoch=1 reporter=D315857CE70C54DE713F6E82E5613BB3A1266C15E28AD2F4338C7BBEC456F532 complete=false entries=0 total=30168 symbols=0 dropped=false t=1791399227072
EPOCH_RECONCILED epoch=1 reporter=D315857CE70C54DE713F6E82E5613BB3A1266C15E28AD2F4338C7BBEC456F532 complete=false entries=794 total=794 symbols=0 dropped=false t=1791399227093
EPOCH_RECONCILED epoch=1 reporter=65A90023F6C0D2181AAA63F005D81BBC0C04650505E21D5123F9AE1F9E992BFF complete=false entries=0 total=30168 symbols=0 dropped=false t=1791399227105
EPOCH_RECONCILED epoch=1 reporter=65A90023F6C0D2181AAA63F005D81BBC0C04650505E21D5123F9AE1F9E992BFF complete=false entries=1635 total=1635 symbols=0 dropped=false t=1791399227144
EPOCH_RECONCILED epoch=1 reporter=633D9D614858AB1710D5D8C3180E2A082DC97208BA8C26BA6C6D1A86C8E31CC0 complete=true entries=14 total=863 symbols=16 dropped=false t=1791399227161
EPOCH_RECONCILED epoch=1 reporter=911999B2AEFA7ACC66EBD802B3301FF6CE431405107749D940277955CB7FDD07 complete=false entries=0 total=30168 symbols=0 dropped=false t=1791399227166
EPOCH_CLOSE_UNREADY epoch=1 short_of=reports usable=3 weight=3 required=5 held=4 theirs=["633D9D61:0181B3D7:256113FA", "911999B2:0181B3D7:4BCE3B92", "D315857C:0181B3D7:F9C4A6B2", "A353E45E:0181B3D7:1E0398CF"] t=1791399227167
EPOCH_RECONCILED epoch=1 reporter=911999B2AEFA7ACC66EBD802B3301FF6CE431405107749D940277955CB7FDD07 complete=true entries=819 total=819 symbols=0 dropped=false t=1791399227207
EPOCH_RECONCILED epoch=1 reporter=A353E45E6D0016CAEED0DFA4EC5B0640E2AA22A793F9F2375E77F1AB92977C04 complete=true entries=19 total=1653 symbols=32 dropped=false t=1791399227210
EPOCH_RECONCILED epoch=1 reporter=65A90023F6C0D2181AAA63F005D81BBC0C04650505E21D5123F9AE1F9E992BFF complete=true entries=19 total=1636 symbols=32 dropped=false t=1791399227212
2026-10-07T18:53:47.215388Z  INFO nanospam::app: Confirmed 29,338 blocks | 2,000 bps | 160 cps | avg conf time: 1337 ms
EPOCH_RECONCILED epoch=1 reporter=65A90023F6C0D2181AAA63F005D81BBC0C04650505E21D5123F9AE1F9E992BFF complete=false entries=0 total=30168 symbols=0 dropped=false t=1791399227217
EPOCH_CLOSE_UNREADY epoch=1 short_of=reports usable=3 weight=3 required=5 held=4 theirs=["911999B2:0181B3D7:4BCE3B92", "633D9D61:0181B3D7:256113FA", "A353E45E:0181B3D7:1E0398CF", "65A90023:0181B3D7:169F3479"] t=1791399227245
EPOCH_RECONCILED epoch=1 reporter=65A90023F6C0D2181AAA63F005D81BBC0C04650505E21D5123F9AE1F9E992BFF complete=true entries=1636 total=1636 symbols=0 dropped=false t=1791399227280
EPOCH_RECONCILED epoch=1 reporter=D315857CE70C54DE713F6E82E5613BB3A1266C15E28AD2F4338C7BBEC456F532 complete=false entries=0 total=30168 symbols=0 dropped=false t=1791399227283
EPOCH_RECONCILED epoch=1 reporter=D315857CE70C54DE713F6E82E5613BB3A1266C15E28AD2F4338C7BBEC456F532 complete=true entries=804 total=804 symbols=0 dropped=false t=1791399227298
EPOCH_RECONCILED epoch=1 reporter=65A90023F6C0D2181AAA63F005D81BBC0C04650505E21D5123F9AE1F9E992BFF complete=false entries=0 total=30168 symbols=0 dropped=false t=1791399227308
EPOCH_FOLLOW cemented=3 cementing=0 requested=0 pending=109 t=1791399227349
EPOCH_RECONCILED epoch=1 reporter=65A90023F6C0D2181AAA63F005D81BBC0C04650505E21D5123F9AE1F9E992BFF complete=true entries=1636 total=1636 symbols=0 dropped=false t=1791399227363
EPOCH_RECONCILED epoch=1 reporter=65A90023F6C0D2181AAA63F005D81BBC0C04650505E21D5123F9AE1F9E992BFF complete=true entries=1 total=1636 symbols=16 dropped=false t=1791399227383
EPOCH_RECONCILED epoch=1 reporter=D315857CE70C54DE713F6E82E5613BB3A1266C15E28AD2F4338C7BBEC456F532 complete=true entries=10 total=804 symbols=16 dropped=false t=1791399227383
EPOCH_CLOSE_UNREADY epoch=1 short_of=reports usable=3 weight=3 required=5 held=4 theirs=["633D9D61:0181B3D7:256113FA", "911999B2:0181B3D7:4BCE3B92", "D315857C:0181B3D7:F9C4A6B2", "65A90023:0181B3D7:169F3479"] t=1791399227386
EPOCH_RECONCILED epoch=1 reporter=D315857CE70C54DE713F6E82E5613BB3A1266C15E28AD2F4338C7BBEC456F532 complete=false entries=0 total=30168 symbols=0 dropped=false t=1791399227387
EPOCH_RECONCILED epoch=1 reporter=D315857CE70C54DE713F6E82E5613BB3A1266C15E28AD2F4338C7BBEC456F532 complete=true entries=804 total=804 symbols=0 dropped=false t=1791399227391
EPOCH_CLOSE_READY epoch=1 t=1791399227594
EPOCH_CLOSE_ROUND epoch=1 round=0 leader=65A90023F6C0D2181AAA63F005D81BBC0C04650505E21D5123F9AE1F9E992BFF leads=false t=1791399227602
EPOCH_FOLLOW cemented=2 cementing=0 requested=110 pending=110 t=1791399227604
EPOCH_RECONCILED epoch=1 reporter=D315857CE70C54DE713F6E82E5613BB3A1266C15E28AD2F4338C7BBEC456F532 complete=false entries=0 total=30168 symbols=0 dropped=false t=1791399227676
EPOCH_RECONCILED epoch=1 reporter=D315857CE70C54DE713F6E82E5613BB3A1266C15E28AD2F4338C7BBEC456F532 complete=true entries=804 total=804 symbols=0 dropped=false t=1791399227680
EPOCH_CLOSE_READY epoch=1 t=1791399227706
EPOCH_CLOSE_READY epoch=1 t=1791399227716
EPOCH_CLOSE_ROUND epoch=1 round=0 leader=65A90023F6C0D2181AAA63F005D81BBC0C04650505E21D5123F9AE1F9E992BFF leads=false t=1791399227741
EPOCH_CLOSE_ROUND epoch=1 round=0 leader=65A90023F6C0D2181AAA63F005D81BBC0C04650505E21D5123F9AE1F9E992BFF leads=false t=1791399227832
EPOCH_CLOSE_READY epoch=1 t=1791399227875
EPOCH_CLOSE_READY epoch=1 t=1791399228115
EPOCH_CLOSE_ROUND epoch=1 round=0 leader=65A90023F6C0D2181AAA63F005D81BBC0C04650505E21D5123F9AE1F9E992BFF leads=false t=1791399228123
2026-10-07T18:53:48.216350Z  INFO nanospam::app: Confirmed 29,338 blocks | 2,000 bps | 0 cps | avg conf time: 0 ms
EPOCH_FOLLOW cemented=9 cementing=0 requested=100 pending=100 t=1791399228371
EPOCH_FOLLOW cemented=84 cementing=0 requested=0 pending=26 t=1791399228551
2026-10-07T18:53:49.217561Z  INFO nanospam::app: Confirmed 29,338 blocks | 2,000 bps | 0 cps | avg conf time: 0 ms
EPOCH_PROPOSED epoch=1 round=0 value=6C40EEBAB067A0D12D0506D69BDC82DD66DF57BBBD1C952F7BC5C431F0A9FB4A state=B067081AC824CA85FE342628ED25F8F345A658FEAFB3D384FF943A1AB945D06D reports=5 t=1791399229356
EPOCH_VALUE epoch=1 value=6C40EEBAB067A0D12D0506D69BDC82DD66DF57BBBD1C952F7BC5C431F0A9FB4A state=B067081AC824CA85FE342628ED25F8F345A658FEAFB3D384FF943A1AB945D06D t=1791399229356
EPOCH_CLOSE_ROUND epoch=1 round=0 leader=65A90023F6C0D2181AAA63F005D81BBC0C04650505E21D5123F9AE1F9E992BFF leads=true t=1791399229395
EPOCH_FOLLOW cemented=94 cementing=0 requested=0 pending=6 t=1791399229398
EPOCH_MANIFEST_FETCHED epoch=1 manifest=62EF86683C729DD54675DD1DDBB4D7675A2E082EDB80F99939985D732054DC7F entries=17235 t=1791399229429
EPOCH_MANIFEST_FETCHED epoch=1 manifest=62EF86683C729DD54675DD1DDBB4D7675A2E082EDB80F99939985D732054DC7F entries=17235 t=1791399229438
EPOCH_FOLLOW cemented=2 cementing=0 requested=0 pending=24 t=1791399229594
2026-10-07T18:53:50.218707Z  INFO nanospam::app: Confirmed 29,338 blocks | 2,000 bps | 0 cps | avg conf time: 0 ms
EPOCH_VALUE epoch=1 value=6C40EEBAB067A0D12D0506D69BDC82DD66DF57BBBD1C952F7BC5C431F0A9FB4A state=B067081AC824CA85FE342628ED25F8F345A658FEAFB3D384FF943A1AB945D06D t=1791399230804
EPOCH_VALUE epoch=1 value=6C40EEBAB067A0D12D0506D69BDC82DD66DF57BBBD1C952F7BC5C431F0A9FB4A state=B067081AC824CA85FE342628ED25F8F345A658FEAFB3D384FF943A1AB945D06D t=1791399231006
2026-10-07T18:53:51.220313Z  INFO nanospam::app: Confirmed 29,338 blocks | 2,000 bps | 0 cps | avg conf time: 0 ms
EPOCH_FOLLOW cemented=1 cementing=0 requested=0 pending=23 t=1791399231659
EPOCH_LOCKS_CONTINUED epoch=0 instances=1 t=1791399232154
2026-10-07T18:53:52.222171Z  INFO nanospam::app: Confirmed 29,339 blocks | 2,000 bps | 0 cps | avg conf time: 20319 ms
EPOCH_LOCKS_CONTINUED epoch=0 instances=1 t=1791399232371
EPOCH_LOCKS_CONTINUED epoch=0 instances=1 t=1791399232548
EPOCH_FOLLOW cemented=2 cementing=0 requested=0 pending=21 t=1791399232691
EPOCH_MANIFEST_FETCHED epoch=1 manifest=62EF86683C729DD54675DD1DDBB4D7675A2E082EDB80F99939985D732054DC7F entries=17235 t=1791399232904
2026-10-07T18:53:53.225318Z  INFO nanospam::app: Confirmed 29,339 blocks | 2,000 bps | 0 cps | avg conf time: 0 ms
EPOCH_LOCKS_CONTINUED epoch=0 instances=1 t=1791399233448
EPOCH_MANIFEST_FETCHED epoch=1 manifest=62EF86683C729DD54675DD1DDBB4D7675A2E082EDB80F99939985D732054DC7F entries=17235 t=1791399233610
EPOCH_FOLLOW cemented=1 cementing=0 requested=0 pending=20 t=1791399233715
EPOCH_ENDED epoch=2 elections=13889 active=3903 t=1791399233975
EPOCH_ENDED epoch=2 elections=13891 active=3896 t=1791399233982
EPOCH_ENDED epoch=2 elections=13890 active=3918 t=1791399233991
EPOCH_ENDED epoch=2 elections=13891 active=3892 t=1791399234027
EPOCH_ENDED epoch=2 elections=13891 active=3912 t=1791399234029
EPOCH_DRAIN_WAIT epoch=2 unterminated=1203 previous_closed=false first=["A71C55DBED4DD8C1BC21D52D67D16423B0E207F7E17476525803B485DF19BA00:active:2:5", "7542D10548D155B190672DA5BE5BD2E5E16EBD640778A405C1E715AEDC58A7FB:active:2:5", "F9C9AFFB94B55C25147505925865E214DBA12AF3B0260236E7A3E02FDF22F30E:active:2:5"] t=1791399234030
EPOCH_DRAIN_WAIT epoch=2 unterminated=1205 previous_closed=false first=["A71C55DBED4DD8C1BC21D52D67D16423B0E207F7E17476525803B485DF19BA00:active:2:5", "7542D10548D155B190672DA5BE5BD2E5E16EBD640778A405C1E715AEDC58A7FB:active:2:5", "F9C9AFFB94B55C25147505925865E214DBA12AF3B0260236E7A3E02FDF22F30E:active:2:5"] t=1791399234032
EPOCH_VALUE epoch=1 value=6C40EEBAB067A0D12D0506D69BDC82DD66DF57BBBD1C952F7BC5C431F0A9FB4A state=B067081AC824CA85FE342628ED25F8F345A658FEAFB3D384FF943A1AB945D06D t=1791399234136
2026-10-07T18:53:54.227863Z  INFO nanospam::app: Confirmed 29,339 blocks | 2,000 bps | 0 cps | avg conf time: 0 ms
EPOCH_DRAIN_WAIT epoch=2 unterminated=1201 previous_closed=false first=["A71C55DBED4DD8C1BC21D52D67D16423B0E207F7E17476525803B485DF19BA00:active:2:5", "7542D10548D155B190672DA5BE5BD2E5E16EBD640778A405C1E715AEDC58A7FB:active:2:5", "F9C9AFFB94B55C25147505925865E214DBA12AF3B0260236E7A3E02FDF22F30E:active:2:5"] t=1791399234281
EPOCH_CLOSE_ROUND epoch=1 round=1 leader=735FE217D91E88EA82324C5883296385FA0041C2FAC85C827BAA46DA1E14B83F leads=false t=1791399234409
EPOCH_CLOSE_ROUND epoch=1 round=1 leader=735FE217D91E88EA82324C5883296385FA0041C2FAC85C827BAA46DA1E14B83F leads=false t=1791399234414
EPOCH_VALUE epoch=1 value=6C40EEBAB067A0D12D0506D69BDC82DD66DF57BBBD1C952F7BC5C431F0A9FB4A state=B067081AC824CA85FE342628ED25F8F345A658FEAFB3D384FF943A1AB945D06D t=1791399234495
EPOCH_CLOSE_ROUND epoch=1 round=1 leader=735FE217D91E88EA82324C5883296385FA0041C2FAC85C827BAA46DA1E14B83F leads=false t=1791399234651
EPOCH_FOLLOW cemented=5 cementing=0 requested=0 pending=15 t=1791399234742
EPOCH_DRAIN_WAIT epoch=2 unterminated=1193 previous_closed=false first=["A71C55DBED4DD8C1BC21D52D67D16423B0E207F7E17476525803B485DF19BA00:active:2:5", "7542D10548D155B190672DA5BE5BD2E5E16EBD640778A405C1E715AEDC58A7FB:active:2:5", "F9C9AFFB94B55C25147505925865E214DBA12AF3B0260236E7A3E02FDF22F30E:active:2:5"] t=1791399235037
EPOCH_DRAIN_WAIT epoch=2 unterminated=1194 previous_closed=false first=["A71C55DBED4DD8C1BC21D52D67D16423B0E207F7E17476525803B485DF19BA00:active:2:5", "7542D10548D155B190672DA5BE5BD2E5E16EBD640778A405C1E715AEDC58A7FB:active:2:5", "F9C9AFFB94B55C25147505925865E214DBA12AF3B0260236E7A3E02FDF22F30E:active:2:5"] t=1791399235117
2026-10-07T18:53:55.229610Z  INFO nanospam::app: Confirmed 29,339 blocks | 2,000 bps | 0 cps | avg conf time: 0 ms
EPOCH_DRAIN_WAIT epoch=2 unterminated=1187 previous_closed=false first=["A71C55DBED4DD8C1BC21D52D67D16423B0E207F7E17476525803B485DF19BA00:active:2:5", "7542D10548D155B190672DA5BE5BD2E5E16EBD640778A405C1E715AEDC58A7FB:active:2:5", "F9C9AFFB94B55C25147505925865E214DBA12AF3B0260236E7A3E02FDF22F30E:active:2:5"] t=1791399235283
EPOCH_CLOSE_ROUND epoch=1 round=1 leader=735FE217D91E88EA82324C5883296385FA0041C2FAC85C827BAA46DA1E14B83F leads=false t=1791399235541
EPOCH_DRAIN_WAIT epoch=2 unterminated=1185 previous_closed=false first=["A71C55DBED4DD8C1BC21D52D67D16423B0E207F7E17476525803B485DF19BA00:active:2:5", "7542D10548D155B190672DA5BE5BD2E5E16EBD640778A405C1E715AEDC58A7FB:active:2:5", "F9C9AFFB94B55C25147505925865E214DBA12AF3B0260236E7A3E02FDF22F30E:active:2:5"] t=1791399235545
EPOCH_CLOSE_ROUND epoch=1 round=1 leader=735FE217D91E88EA82324C5883296385FA0041C2FAC85C827BAA46DA1E14B83F leads=false t=1791399235582
EPOCH_DRAIN_WAIT epoch=2 unterminated=1185 previous_closed=false first=["A71C55DBED4DD8C1BC21D52D67D16423B0E207F7E17476525803B485DF19BA00:active:2:5", "7542D10548D155B190672DA5BE5BD2E5E16EBD640778A405C1E715AEDC58A7FB:active:2:5", "F9C9AFFB94B55C25147505925865E214DBA12AF3B0260236E7A3E02FDF22F30E:active:2:5"] t=1791399235586
EPOCH_FOLLOW cemented=0 cementing=0 requested=15 pending=15 t=1791399235777
2026-10-07T18:53:56.230775Z  INFO nanospam::app: Confirmed 29,339 blocks | 2,000 bps | 0 cps | avg conf time: 0 ms
EPOCH_DRAIN_WAIT epoch=2 unterminated=1177 previous_closed=false first=["A71C55DBED4DD8C1BC21D52D67D16423B0E207F7E17476525803B485DF19BA00:active:2:5", "7542D10548D155B190672DA5BE5BD2E5E16EBD640778A405C1E715AEDC58A7FB:active:2:5", "F9C9AFFB94B55C25147505925865E214DBA12AF3B0260236E7A3E02FDF22F30E:active:2:5"] t=1791399236263
EPOCH_DRAIN_WAIT epoch=2 unterminated=1177 previous_closed=false first=["A71C55DBED4DD8C1BC21D52D67D16423B0E207F7E17476525803B485DF19BA00:active:2:5", "7542D10548D155B190672DA5BE5BD2E5E16EBD640778A405C1E715AEDC58A7FB:active:2:5", "F9C9AFFB94B55C25147505925865E214DBA12AF3B0260236E7A3E02FDF22F30E:active:2:5"] t=1791399236423
EPOCH_DRAIN_WAIT epoch=2 unterminated=1175 previous_closed=false first=["A71C55DBED4DD8C1BC21D52D67D16423B0E207F7E17476525803B485DF19BA00:active:2:5", "7542D10548D155B190672DA5BE5BD2E5E16EBD640778A405C1E715AEDC58A7FB:active:2:5", "F9C9AFFB94B55C25147505925865E214DBA12AF3B0260236E7A3E02FDF22F30E:active:2:5"] t=1791399236493
EPOCH_FOLLOW cemented=2 cementing=0 requested=4 pending=4 t=1791399236597
EPOCH_DRAIN_WAIT epoch=2 unterminated=1175 previous_closed=false first=["A71C55DBED4DD8C1BC21D52D67D16423B0E207F7E17476525803B485DF19BA00:active:2:5", "7542D10548D155B190672DA5BE5BD2E5E16EBD640778A405C1E715AEDC58A7FB:active:2:5", "F9C9AFFB94B55C25147505925865E214DBA12AF3B0260236E7A3E02FDF22F30E:active:2:5"] t=1791399236784
EPOCH_DRAIN_WAIT epoch=2 unterminated=1175 previous_closed=false first=["A71C55DBED4DD8C1BC21D52D67D16423B0E207F7E17476525803B485DF19BA00:active:2:5", "7542D10548D155B190672DA5BE5BD2E5E16EBD640778A405C1E715AEDC58A7FB:active:2:5", "F9C9AFFB94B55C25147505925865E214DBA12AF3B0260236E7A3E02FDF22F30E:active:2:5"] t=1791399236793
EPOCH_FOLLOW cemented=15 cementing=0 requested=0 pending=0 t=1791399236813
EPOCH_DRAIN_WAIT epoch=2 unterminated=1176 previous_closed=false first=["A71C55DBED4DD8C1BC21D52D67D16423B0E207F7E17476525803B485DF19BA00:active:2:5", "7542D10548D155B190672DA5BE5BD2E5E16EBD640778A405C1E715AEDC58A7FB:active:2:5", "F9C9AFFB94B55C25147505925865E214DBA12AF3B0260236E7A3E02FDF22F30E:active:2:5"] t=1791399237153
2026-10-07T18:53:57.232480Z  INFO nanospam::app: Confirmed 29,339 blocks | 2,000 bps | 0 cps | avg conf time: 0 ms
EPOCH_DRAIN_WAIT epoch=2 unterminated=1177 previous_closed=false first=["A71C55DBED4DD8C1BC21D52D67D16423B0E207F7E17476525803B485DF19BA00:active:2:5", "7542D10548D155B190672DA5BE5BD2E5E16EBD640778A405C1E715AEDC58A7FB:active:2:5", "F9C9AFFB94B55C25147505925865E214DBA12AF3B0260236E7A3E02FDF22F30E:active:2:5"] t=1791399237502
EPOCH_FOLLOW cemented=4 cementing=0 requested=0 pending=0 t=1791399237625
EPOCH_DRAIN_WAIT epoch=2 unterminated=1175 previous_closed=false first=["A71C55DBED4DD8C1BC21D52D67D16423B0E207F7E17476525803B485DF19BA00:active:2:5", "7542D10548D155B190672DA5BE5BD2E5E16EBD640778A405C1E715AEDC58A7FB:active:2:5", "F9C9AFFB94B55C25147505925865E214DBA12AF3B0260236E7A3E02FDF22F30E:active:2:5"] t=1791399237644
EPOCH_DRAIN_WAIT epoch=2 unterminated=1173 previous_closed=false first=["A71C55DBED4DD8C1BC21D52D67D16423B0E207F7E17476525803B485DF19BA00:active:2:5", "7542D10548D155B190672DA5BE5BD2E5E16EBD640778A405C1E715AEDC58A7FB:active:2:5", "F9C9AFFB94B55C25147505925865E214DBA12AF3B0260236E7A3E02FDF22F30E:active:2:5"] t=1791399237786
EPOCH_DRAIN_WAIT epoch=2 unterminated=1173 previous_closed=false first=["A71C55DBED4DD8C1BC21D52D67D16423B0E207F7E17476525803B485DF19BA00:active:2:5", "7542D10548D155B190672DA5BE5BD2E5E16EBD640778A405C1E715AEDC58A7FB:active:2:5", "F9C9AFFB94B55C25147505925865E214DBA12AF3B0260236E7A3E02FDF22F30E:active:2:5"] t=1791399237827
EPOCH_CLOSE_ROUND epoch=1 round=2 leader=911999B2AEFA7ACC66EBD802B3301FF6CE431405107749D940277955CB7FDD07 leads=false t=1791399238010
EPOCH_CLOSE_ROUND epoch=1 round=2 leader=911999B2AEFA7ACC66EBD802B3301FF6CE431405107749D940277955CB7FDD07 leads=false t=1791399238013
EPOCH_CLOSE_ROUND epoch=1 round=2 leader=911999B2AEFA7ACC66EBD802B3301FF6CE431405107749D940277955CB7FDD07 leads=true t=1791399238227
2026-10-07T18:53:58.234913Z  INFO nanospam::app: Confirmed 29,339 blocks | 2,000 bps | 0 cps | avg conf time: 0 ms
EPOCH_CLOSE_ROUND epoch=1 round=2 leader=911999B2AEFA7ACC66EBD802B3301FF6CE431405107749D940277955CB7FDD07 leads=false t=1791399238270
EPOCH_CLOSE_ROUND epoch=1 round=2 leader=911999B2AEFA7ACC66EBD802B3301FF6CE431405107749D940277955CB7FDD07 leads=false t=1791399238345
EPOCH_DRAIN_WAIT epoch=2 unterminated=1174 previous_closed=false first=["A71C55DBED4DD8C1BC21D52D67D16423B0E207F7E17476525803B485DF19BA00:active:2:5", "7542D10548D155B190672DA5BE5BD2E5E16EBD640778A405C1E715AEDC58A7FB:active:2:5", "F9C9AFFB94B55C25147505925865E214DBA12AF3B0260236E7A3E02FDF22F30E:active:2:5"] t=1791399238417
EPOCH_PROPOSED epoch=1 round=2 value=082E0816F633FD85B2AA6BC4A10F2FF0587A297617AFEA11F6D4B8AA6EF6F44B state=B067081AC824CA85FE342628ED25F8F345A658FEAFB3D384FF943A1AB945D06D reports=5 t=1791399238612
EPOCH_VALUE epoch=1 value=082E0816F633FD85B2AA6BC4A10F2FF0587A297617AFEA11F6D4B8AA6EF6F44B state=B067081AC824CA85FE342628ED25F8F345A658FEAFB3D384FF943A1AB945D06D t=1791399238625
2026-10-07T18:53:59.236349Z  INFO nanospam::app: Confirmed 29,339 blocks | 2,000 bps | 0 cps | avg conf time: 0 ms
EPOCH_DRAIN_WAIT epoch=2 unterminated=1169 previous_closed=false first=["A71C55DBED4DD8C1BC21D52D67D16423B0E207F7E17476525803B485DF19BA00:active:2:5", "7542D10548D155B190672DA5BE5BD2E5E16EBD640778A405C1E715AEDC58A7FB:active:2:5", "F9C9AFFB94B55C25147505925865E214DBA12AF3B0260236E7A3E02FDF22F30E:active:2:5"] t=1791399239291
EPOCH_VALUE epoch=1 value=082E0816F633FD85B2AA6BC4A10F2FF0587A297617AFEA11F6D4B8AA6EF6F44B state=B067081AC824CA85FE342628ED25F8F345A658FEAFB3D384FF943A1AB945D06D t=1791399239512
EPOCH_VALUE epoch=1 value=082E0816F633FD85B2AA6BC4A10F2FF0587A297617AFEA11F6D4B8AA6EF6F44B state=B067081AC824CA85FE342628ED25F8F345A658FEAFB3D384FF943A1AB945D06D t=1791399239552
EPOCH_VALUE epoch=1 value=082E0816F633FD85B2AA6BC4A10F2FF0587A297617AFEA11F6D4B8AA6EF6F44B state=B067081AC824CA85FE342628ED25F8F345A658FEAFB3D384FF943A1AB945D06D t=1791399239779
EPOCH_VALUE epoch=1 value=082E0816F633FD85B2AA6BC4A10F2FF0587A297617AFEA11F6D4B8AA6EF6F44B state=B067081AC824CA85FE342628ED25F8F345A658FEAFB3D384FF943A1AB945D06D t=1791399239836
EPOCH_INSTALL epoch=1 finalized=14414 instances_confirmed=17 t=1791399239914
EPOCH_INSTALL epoch=1 finalized=14414 instances_confirmed=17 t=1791399239914
EPOCH_INSTALL epoch=1 finalized=14414 instances_confirmed=17 t=1791399239916
EPOCH_INSTALL epoch=1 finalized=14414 instances_confirmed=17 t=1791399239926
EPOCH_INSTALL epoch=1 finalized=14414 instances_confirmed=17 t=1791399239945
EPOCH_COMMITTEE derived_by=1 members=6 accounts=11242 n=6 digest=95D409445152DD075E6A4799205DFA5689496EB8EE1A22AC2A200B9DBC2DCF27 shares=["735FE217:16.7%", "A353E45E:16.7%", "D315857C:16.7%", "911999B2:16.7%", "633D9D61:16.7%", "65A90023:16.7%"] t=1791399240175
EPOCH_LOCKS_CONTINUED epoch=1 instances=1 t=1791399240179
EPOCH_LOCKS epoch=1 continued=1 kinds={"locks=1 kind=Some(Recovery) nc_here=false saved=false": 1561, "locks=1 kind=Some(Recovery) nc_here=false saved=true": 24, "locks=1 kind=Some(Recovery) nc_here=true saved=true": 6} t=1791399240181
EPOCH_OMITTED epoch=1 instances=605 retained=1591 t=1791399240181
EPOCH_COMMITTEE derived_by=1 members=6 accounts=11242 n=6 digest=95D409445152DD075E6A4799205DFA5689496EB8EE1A22AC2A200B9DBC2DCF27 shares=["735FE217:16.7%", "A353E45E:16.7%", "D315857C:16.7%", "911999B2:16.7%", "633D9D61:16.7%", "65A90023:16.7%"] t=1791399240190
EPOCH_COMMITTEE derived_by=1 members=6 accounts=11242 n=6 digest=95D409445152DD075E6A4799205DFA5689496EB8EE1A22AC2A200B9DBC2DCF27 shares=["735FE217:16.7%", "A353E45E:16.7%", "D315857C:16.7%", "911999B2:16.7%", "633D9D61:16.7%", "65A90023:16.7%"] t=1791399240196
EPOCH_LOCKS epoch=1 continued=0 kinds={"locks=1 kind=Some(Recovery) nc_here=false saved=false": 6, "locks=1 kind=Some(Recovery) nc_here=false saved=true": 1579, "locks=1 kind=Some(Recovery) nc_here=true saved=false": 1, "locks=1 kind=Some(Recovery) nc_here=true saved=true": 5} t=1791399240197
EPOCH_OMITTED epoch=1 instances=600 retained=1591 t=1791399240197
EPOCH_COMMITTEE derived_by=1 members=6 accounts=11242 n=6 digest=95D409445152DD075E6A4799205DFA5689496EB8EE1A22AC2A200B9DBC2DCF27 shares=["735FE217:16.7%", "A353E45E:16.7%", "D315857C:16.7%", "911999B2:16.7%", "633D9D61:16.7%", "65A90023:16.7%"] t=1791399240197
EPOCH_LOCKS epoch=1 continued=0 kinds={"locks=1 kind=Some(Recovery) nc_here=false saved=false": 6, "locks=1 kind=Some(Recovery) nc_here=false saved=true": 1579, "locks=1 kind=Some(Recovery) nc_here=true saved=false": 1, "locks=1 kind=Some(Recovery) nc_here=true saved=true": 5} t=1791399240203
EPOCH_OMITTED epoch=1 instances=600 retained=1591 t=1791399240203
EPOCH_LOCKS_CONTINUED epoch=1 instances=1 t=1791399240209
EPOCH_LOCKS epoch=1 continued=1 kinds={"locks=1 kind=Some(Recovery) nc_here=false saved=true": 1585, "locks=1 kind=Some(Recovery) nc_here=true saved=true": 6} t=1791399240211
EPOCH_OMITTED epoch=1 instances=600 retained=1591 t=1791399240211
2026-10-07T18:54:00.238595Z  INFO nanospam::app: Confirmed 29,339 blocks | 2,000 bps | 0 cps | avg conf time: 0 ms
EPOCH_COMMITTEE derived_by=1 members=6 accounts=11242 n=6 digest=95D409445152DD075E6A4799205DFA5689496EB8EE1A22AC2A200B9DBC2DCF27 shares=["735FE217:16.7%", "A353E45E:16.7%", "D315857C:16.7%", "911999B2:16.7%", "633D9D61:16.7%", "65A90023:16.7%"] t=1791399240254
EPOCH_LOCKS_CONTINUED epoch=1 instances=1 t=1791399240258
EPOCH_LOCKS epoch=1 continued=1 kinds={"locks=1 kind=Some(Recovery) nc_here=false saved=false": 1561, "locks=1 kind=Some(Recovery) nc_here=false saved=true": 24, "locks=1 kind=Some(Recovery) nc_here=true saved=true": 6} t=1791399240261
EPOCH_OMITTED epoch=1 instances=605 retained=1591 t=1791399240261
EPOCH_GATE epoch=2 released=11044 finalized=8562 t=1791399240261
EPOCH_CLOSED epoch=1 round=2 value=082E0816F633FD85B2AA6BC4A10F2FF0587A297617AFEA11F6D4B8AA6EF6F44B state=B067081AC824CA85FE342628ED25F8F345A658FEAFB3D384FF943A1AB945D06D t=1791399240261
EPOCH_GATE epoch=2 released=11044 finalized=8562 t=1791399240273
EPOCH_CLOSED epoch=1 round=2 value=082E0816F633FD85B2AA6BC4A10F2FF0587A297617AFEA11F6D4B8AA6EF6F44B state=B067081AC824CA85FE342628ED25F8F345A658FEAFB3D384FF943A1AB945D06D t=1791399240273
EPOCH_GATE epoch=2 released=11044 finalized=8562 t=1791399240280
EPOCH_CLOSED epoch=1 round=2 value=082E0816F633FD85B2AA6BC4A10F2FF0587A297617AFEA11F6D4B8AA6EF6F44B state=B067081AC824CA85FE342628ED25F8F345A658FEAFB3D384FF943A1AB945D06D t=1791399240280
EPOCH_GATE epoch=2 released=11044 finalized=8562 t=1791399240309
EPOCH_CLOSED epoch=1 round=2 value=082E0816F633FD85B2AA6BC4A10F2FF0587A297617AFEA11F6D4B8AA6EF6F44B state=B067081AC824CA85FE342628ED25F8F345A658FEAFB3D384FF943A1AB945D06D t=1791399240309
EPOCH_GATE epoch=2 released=11044 finalized=8562 t=1791399240332
EPOCH_CLOSED epoch=1 round=2 value=082E0816F633FD85B2AA6BC4A10F2FF0587A297617AFEA11F6D4B8AA6EF6F44B state=B067081AC824CA85FE342628ED25F8F345A658FEAFB3D384FF943A1AB945D06D t=1791399240332
EPOCH_CARRIED epoch=2 instances=2481 t=1791399240352
EPOCH_ADVANCED epoch=3 elections=6648 active=5119 vote_records=364171 t=1791399240352
EPOCH_INSTALLED epoch=1 finalized=14414 cemented=14414 queued=0 missing=0 t=1791399240483
EPOCH_RETAINED epoch=1 retained=1653 held=1653 missing=0 t=1791399240484
EPOCH_CLOSE_UNREADY epoch=2 short_of=reports usable=0 weight=0 required=5 held=0 theirs=[] t=1791399240501
EPOCH_INSTALLED epoch=1 finalized=14414 cemented=14414 queued=0 missing=0 t=1791399240514
EPOCH_INSTALLED epoch=1 finalized=14414 cemented=14414 queued=0 missing=0 t=1791399240515
EPOCH_RETAINED epoch=1 retained=1653 held=916 missing=737 t=1791399240516
EPOCH_RETAINED epoch=1 retained=1653 held=1653 missing=0 t=1791399240516
EPOCH_INSTALLED epoch=1 finalized=14414 cemented=14414 queued=0 missing=0 t=1791399240737
EPOCH_RETAINED epoch=1 retained=1653 held=1653 missing=0 t=1791399240738
EPOCH_FOLLOW cemented=0 cementing=0 requested=737 pending=737 t=1791399240958
2026-10-07T18:54:01.243848Z  INFO nanospam::app: Confirmed 37,287 blocks | 2,000 bps | 7,935 cps | avg conf time: 12240 ms
EPOCH_REPORT epoch=2 certified=40767 residual=511 root=C22C89CB3D71C92103652F3DC3E1B4862622FE27E617B66A3F344C47C4A096A5 reports=1 t=1791399241467
EPOCH_CARRIED epoch=2 instances=2350 t=1791399241469
EPOCH_ADVANCED epoch=3 elections=6385 active=4948 vote_records=404161 t=1791399241469
EPOCH_EVIDENCE_RELEASED epoch=1 t=1791399241558
EPOCH_EVIDENCE_RELEASED epoch=1 t=1791399241591
EPOCH_INSTALLED epoch=1 finalized=14414 cemented=14414 queued=0 missing=0 t=1791399241593
EPOCH_RETAINED epoch=1 retained=1653 held=916 missing=737 t=1791399241595
EPOCH_CLOSE_UNREADY epoch=2 short_of=reports usable=1 weight=1 required=5 held=0 theirs=[] t=1791399241602
EPOCH_CARRIED epoch=2 instances=2483 t=1791399241613
EPOCH_ADVANCED epoch=3 elections=6651 active=5085 vote_records=364244 t=1791399241613
EPOCH_FOLLOW cemented=0 cementing=0 requested=737 pending=737 t=1791399241733
EPOCH_EVIDENCE_RELEASED epoch=1 t=1791399241808
EPOCH_REPORT epoch=2 certified=40768 residual=1251 root=001F820CB38CD9CFA433E4CC26BB4BC79F2E1F817DB671B77D7992F096E7ED89 reports=1 t=1791399241860
EPOCH_CLOSE_UNREADY epoch=2 short_of=reports usable=1 weight=1 required=5 held=1 theirs=["911999B2:C22C89CB:8D2FBBEE"] t=1791399241913
EPOCH_RECONCILED epoch=2 reporter=911999B2AEFA7ACC66EBD802B3301FF6CE431405107749D940277955CB7FDD07 complete=false entries=285 total=40767 symbols=546 dropped=false t=1791399241971
EPOCH_ENDED epoch=3 elections=7182 active=5628 t=1791399241981
EPOCH_DRAIN_WAIT epoch=3 unterminated=2266 previous_closed=false first=["A71C55DBED4DD8C1BC21D52D67D16423B0E207F7E17476525803B485DF19BA00:active:2:3", "FD114FC2000FA20599CC415B344D1AAF5C1C6BD18153CDE293F186D252141109:active:1:1", "C57267CDC756D02589139ED5C37ED861E4F59F2A3A8B83E773D3429FD979C630:active:1:3"] t=1791399241981
EPOCH_FOLLOW cemented=349 cementing=0 requested=388 pending=388 t=1791399241982
EPOCH_CARRIED epoch=2 instances=2361 t=1791399242028
EPOCH_ADVANCED epoch=3 elections=6407 active=4989 vote_records=404176 t=1791399242028
EPOCH_ENDED epoch=3 elections=6408 active=4990 t=1791399242039
EPOCH_EVIDENCE_RELEASED epoch=1 t=1791399242044
EPOCH_ENDED epoch=3 elections=7287 active=5701 t=1791399242064
EPOCH_RECONCILED epoch=2 reporter=65A90023F6C0D2181AAA63F005D81BBC0C04650505E21D5123F9AE1F9E992BFF complete=false entries=285 total=40768 symbols=546 dropped=false t=1791399242225
EPOCH_RECONCILED epoch=2 reporter=911999B2AEFA7ACC66EBD802B3301FF6CE431405107749D940277955CB7FDD07 complete=true entries=511 total=511 symbols=0 dropped=false t=1791399242244
2026-10-07T18:54:02.244576Z  INFO nanospam::app: Confirmed 38,040 blocks | 2,000 bps | 749 cps | avg conf time: 12551 ms
EPOCH_REPORT epoch=2 certified=40767 residual=1247 root=C22C89CB3D71C92103652F3DC3E1B4862622FE27E617B66A3F344C47C4A096A5 reports=1 t=1791399242260
EPOCH_RECONCILED epoch=2 reporter=911999B2AEFA7ACC66EBD802B3301FF6CE431405107749D940277955CB7FDD07 complete=false entries=0 total=40767 symbols=0 dropped=false t=1791399242318
EPOCH_RECONCILED epoch=2 reporter=911999B2AEFA7ACC66EBD802B3301FF6CE431405107749D940277955CB7FDD07 complete=false entries=510 total=510 symbols=0 dropped=false t=1791399242319
EPOCH_RECONCILED epoch=2 reporter=911999B2AEFA7ACC66EBD802B3301FF6CE431405107749D940277955CB7FDD07 complete=true entries=1 total=511 symbols=16 dropped=false t=1791399242321
EPOCH_CLOSE_UNREADY epoch=2 short_of=reports usable=1 weight=1 required=5 held=2 theirs=["65A90023:001F820C:511C40E6", "911999B2:C22C89CB:8D2FBBEE"] t=1791399242325
EPOCH_ENDED epoch=3 elections=7317 active=5751 t=1791399242328
EPOCH_DRAIN_WAIT epoch=3 unterminated=2378 previous_closed=false first=["A71C55DBED4DD8C1BC21D52D67D16423B0E207F7E17476525803B485DF19BA00:active:2:0", "FD114FC2000FA20599CC415B344D1AAF5C1C6BD18153CDE293F186D252141109:active:2:0", "C57267CDC756D02589139ED5C37ED861E4F59F2A3A8B83E773D3429FD979C630:active:1:0"] t=1791399242328
EPOCH_DRAIN_WAIT epoch=3 unterminated=624 previous_closed=false first=["A71C55DBED4DD8C1BC21D52D67D16423B0E207F7E17476525803B485DF19BA00:active:2:4", "FD114FC2000FA20599CC415B344D1AAF5C1C6BD18153CDE293F186D252141109:active:1:2", "F9C9AFFB94B55C25147505925865E214DBA12AF3B0260236E7A3E02FDF22F30E:active:2:4"] t=1791399242384
EPOCH_EVIDENCE_RELEASED epoch=1 t=1791399242445
EPOCH_CARRIED epoch=2 instances=2349 t=1791399242510
EPOCH_ADVANCED epoch=3 elections=6384 active=4950 vote_records=405318 t=1791399242510
EPOCH_RECONCILED epoch=2 reporter=65A90023F6C0D2181AAA63F005D81BBC0C04650505E21D5123F9AE1F9E992BFF complete=true entries=1251 total=1251 symbols=0 dropped=false t=1791399242523
EPOCH_RECONCILED epoch=2 reporter=A353E45E6D0016CAEED0DFA4EC5B0640E2AA22A793F9F2375E77F1AB92977C04 complete=false entries=0 total=40767 symbols=0 dropped=false t=1791399242525
EPOCH_RECONCILED epoch=2 reporter=A353E45E6D0016CAEED0DFA4EC5B0640E2AA22A793F9F2375E77F1AB92977C04 complete=true entries=1247 total=1247 symbols=0 dropped=false t=1791399242538
EPOCH_RECONCILED epoch=2 reporter=65A90023F6C0D2181AAA63F005D81BBC0C04650505E21D5123F9AE1F9E992BFF complete=false entries=0 total=40768 symbols=0 dropped=false t=1791399242545
EPOCH_RECONCILED epoch=2 reporter=65A90023F6C0D2181AAA63F005D81BBC0C04650505E21D5123F9AE1F9E992BFF complete=false entries=1250 total=1250 symbols=0 dropped=false t=1791399242567
EPOCH_CLOSE_UNREADY epoch=2 short_of=reports usable=1 weight=1 required=5 held=3 theirs=["A353E45E:C22C89CB:3B6AA3E6", "911999B2:C22C89CB:8D2FBBEE", "65A90023:001F820C:511C40E6"] t=1791399242572
EPOCH_REPORT epoch=2 certified=40768 residual=526 root=001F820CB38CD9CFA433E4CC26BB4BC79F2E1F817DB671B77D7992F096E7ED89 reports=1 t=1791399242574
EPOCH_DRAIN_WAIT epoch=3 unterminated=530 previous_closed=false first=["A71C55DBED4DD8C1BC21D52D67D16423B0E207F7E17476525803B485DF19BA00:active:2:4", "FD114FC2000FA20599CC415B344D1AAF5C1C6BD18153CDE293F186D252141109:active:2:2", "F9C9AFFB94B55C25147505925865E214DBA12AF3B0260236E7A3E02FDF22F30E:active:2:3"] t=1791399242578
EPOCH_RECONCILED epoch=2 reporter=65A90023F6C0D2181AAA63F005D81BBC0C04650505E21D5123F9AE1F9E992BFF complete=true entries=1 total=1251 symbols=16 dropped=false t=1791399242635
EPOCH_RECONCILED epoch=2 reporter=A353E45E6D0016CAEED0DFA4EC5B0640E2AA22A793F9F2375E77F1AB92977C04 complete=false entries=0 total=40767 symbols=0 dropped=false t=1791399242659
EPOCH_RECONCILED epoch=2 reporter=A353E45E6D0016CAEED0DFA4EC5B0640E2AA22A793F9F2375E77F1AB92977C04 complete=true entries=1247 total=1247 symbols=0 dropped=false t=1791399242723
EPOCH_FOLLOW cemented=491 cementing=0 requested=246 pending=246 t=1791399242765
EPOCH_RECONCILED epoch=2 reporter=A353E45E6D0016CAEED0DFA4EC5B0640E2AA22A793F9F2375E77F1AB92977C04 complete=false entries=285 total=40767 symbols=546 dropped=false t=1791399242814
EPOCH_RECONCILED epoch=2 reporter=911999B2AEFA7ACC66EBD802B3301FF6CE431405107749D940277955CB7FDD07 complete=false entries=285 total=40767 symbols=546 dropped=false t=1791399242814
EPOCH_CLOSE_UNREADY epoch=2 short_of=reports usable=3 weight=3 required=5 held=3 theirs=["633D9D61:001F820C:3CA5F305", "A353E45E:C22C89CB:3B6AA3E6", "911999B2:C22C89CB:8D2FBBEE"] t=1791399242926
EPOCH_RECONCILED epoch=2 reporter=A353E45E6D0016CAEED0DFA4EC5B0640E2AA22A793F9F2375E77F1AB92977C04 complete=true entries=1247 total=1247 symbols=0 dropped=false t=1791399242961
EPOCH_RECONCILED epoch=2 reporter=65A90023F6C0D2181AAA63F005D81BBC0C04650505E21D5123F9AE1F9E992BFF complete=false entries=285 total=40768 symbols=546 dropped=false t=1791399242996
EPOCH_RECONCILED epoch=2 reporter=911999B2AEFA7ACC66EBD802B3301FF6CE431405107749D940277955CB7FDD07 complete=true entries=511 total=511 symbols=0 dropped=false t=1791399242999
EPOCH_RECONCILED epoch=2 reporter=633D9D614858AB1710D5D8C3180E2A082DC97208BA8C26BA6C6D1A86C8E31CC0 complete=false entries=0 total=40768 symbols=0 dropped=false t=1791399243006
EPOCH_FOLLOW cemented=158 cementing=0 requested=0 pending=230 t=1791399243025
EPOCH_RECONCILED epoch=2 reporter=633D9D614858AB1710D5D8C3180E2A082DC97208BA8C26BA6C6D1A86C8E31CC0 complete=true entries=526 total=526 symbols=0 dropped=false t=1791399243069
EPOCH_REPORT epoch=2 certified=40768 residual=515 root=001F820CB38CD9CFA433E4CC26BB4BC79F2E1F817DB671B77D7992F096E7ED89 reports=1 t=1791399243085
EPOCH_RECONCILED epoch=2 reporter=65A90023F6C0D2181AAA63F005D81BBC0C04650505E21D5123F9AE1F9E992BFF complete=false entries=0 total=40768 symbols=0 dropped=false t=1791399243161
EPOCH_CLOSE_UNREADY epoch=2 short_of=reports usable=4 weight=4 required=5 held=4 theirs=["A353E45E:C22C89CB:3B6AA3E6", "65A90023:001F820C:511C40E6", "633D9D61:001F820C:3CA5F305", "D315857C:001F820C:2CBC07B3"] t=1791399243187
EPOCH_DRAIN_WAIT epoch=3 unterminated=573 previous_closed=false first=["A71C55DBED4DD8C1BC21D52D67D16423B0E207F7E17476525803B485DF19BA00:active:2:5", "FD114FC2000FA20599CC415B344D1AAF5C1C6BD18153CDE293F186D252141109:active:2:5", "F9C9AFFB94B55C25147505925865E214DBA12AF3B0260236E7A3E02FDF22F30E:active:2:5"] t=1791399243192
2026-10-07T18:54:03.245666Z  INFO nanospam::app: Confirmed 38,040 blocks | 2,000 bps | 0 cps | avg conf time: 0 ms
EPOCH_RECONCILED epoch=2 reporter=65A90023F6C0D2181AAA63F005D81BBC0C04650505E21D5123F9AE1F9E992BFF complete=true entries=1251 total=1251 symbols=0 dropped=false t=1791399243283
EPOCH_RECONCILED epoch=2 reporter=633D9D614858AB1710D5D8C3180E2A082DC97208BA8C26BA6C6D1A86C8E31CC0 complete=false entries=0 total=40768 symbols=0 dropped=false t=1791399243286
EPOCH_RECONCILED epoch=2 reporter=D315857CE70C54DE713F6E82E5613BB3A1266C15E28AD2F4338C7BBEC456F532 complete=false entries=0 total=40768 symbols=0 dropped=false t=1791399243299
EPOCH_RECONCILED epoch=2 reporter=D315857CE70C54DE713F6E82E5613BB3A1266C15E28AD2F4338C7BBEC456F532 complete=true entries=515 total=515 symbols=0 dropped=false t=1791399243302
EPOCH_RECONCILED epoch=2 reporter=633D9D614858AB1710D5D8C3180E2A082DC97208BA8C26BA6C6D1A86C8E31CC0 complete=false entries=0 total=40768 symbols=0 dropped=false t=1791399243304
EPOCH_RECONCILED epoch=2 reporter=633D9D614858AB1710D5D8C3180E2A082DC97208BA8C26BA6C6D1A86C8E31CC0 complete=true entries=526 total=526 symbols=0 dropped=false t=1791399243391
EPOCH_RECONCILED epoch=2 reporter=633D9D614858AB1710D5D8C3180E2A082DC97208BA8C26BA6C6D1A86C8E31CC0 complete=true entries=526 total=526 symbols=0 dropped=false t=1791399243412
EPOCH_CLOSE_READY epoch=2 t=1791399243443
EPOCH_CLOSE_ROUND epoch=2 round=0 leader=735FE217D91E88EA82324C5883296385FA0041C2FAC85C827BAA46DA1E14B83F leads=false t=1791399243447
EPOCH_DRAIN_WAIT epoch=3 unterminated=552 previous_closed=false first=["A71C55DBED4DD8C1BC21D52D67D16423B0E207F7E17476525803B485DF19BA00:active:2:5", "FD114FC2000FA20599CC415B344D1AAF5C1C6BD18153CDE293F186D252141109:active:2:5", "F9C9AFFB94B55C25147505925865E214DBA12AF3B0260236E7A3E02FDF22F30E:active:2:5"] t=1791399243447
EPOCH_RECONCILED epoch=2 reporter=D315857CE70C54DE713F6E82E5613BB3A1266C15E28AD2F4338C7BBEC456F532 complete=false entries=0 total=40768 symbols=0 dropped=false t=1791399243477
EPOCH_RECONCILED epoch=2 reporter=D315857CE70C54DE713F6E82E5613BB3A1266C15E28AD2F4338C7BBEC456F532 complete=true entries=515 total=515 symbols=0 dropped=false t=1791399243480
EPOCH_RECONCILED epoch=2 reporter=D315857CE70C54DE713F6E82E5613BB3A1266C15E28AD2F4338C7BBEC456F532 complete=false entries=0 total=40768 symbols=0 dropped=false t=1791399243512
EPOCH_RECONCILED epoch=2 reporter=A353E45E6D0016CAEED0DFA4EC5B0640E2AA22A793F9F2375E77F1AB92977C04 complete=false entries=285 total=40767 symbols=546 dropped=false t=1791399243557
EPOCH_RECONCILED epoch=2 reporter=911999B2AEFA7ACC66EBD802B3301FF6CE431405107749D940277955CB7FDD07 complete=false entries=285 total=40767 symbols=546 dropped=false t=1791399243558
EPOCH_RECONCILED epoch=2 reporter=D315857CE70C54DE713F6E82E5613BB3A1266C15E28AD2F4338C7BBEC456F532 complete=true entries=515 total=515 symbols=0 dropped=false t=1791399243560
EPOCH_RECONCILED epoch=2 reporter=65A90023F6C0D2181AAA63F005D81BBC0C04650505E21D5123F9AE1F9E992BFF complete=false entries=1247 total=1247 symbols=0 dropped=false t=1791399243594
EPOCH_RECONCILED epoch=2 reporter=633D9D614858AB1710D5D8C3180E2A082DC97208BA8C26BA6C6D1A86C8E31CC0 complete=false entries=0 total=40768 symbols=0 dropped=false t=1791399243595
EPOCH_CLOSE_READY epoch=2 t=1791399243618
EPOCH_CLOSE_ROUND epoch=2 round=0 leader=735FE217D91E88EA82324C5883296385FA0041C2FAC85C827BAA46DA1E14B83F leads=false t=1791399243623
EPOCH_CLOSE_UNREADY epoch=2 short_of=reports usable=3 weight=3 required=5 held=4 theirs=["A353E45E:C22C89CB:3B6AA3E6", "65A90023:001F820C:511C40E6", "633D9D61:001F820C:3CA5F305", "911999B2:C22C89CB:8D2FBBEE"] t=1791399243623
EPOCH_CLOSE_READY epoch=2 t=1791399243666
EPOCH_CLOSE_ROUND epoch=2 round=0 leader=735FE217D91E88EA82324C5883296385FA0041C2FAC85C827BAA46DA1E14B83F leads=false t=1791399243672
EPOCH_DRAIN_WAIT epoch=3 unterminated=684 previous_closed=false first=["A71C55DBED4DD8C1BC21D52D67D16423B0E207F7E17476525803B485DF19BA00:active:2:5", "FD114FC2000FA20599CC415B344D1AAF5C1C6BD18153CDE293F186D252141109:active:2:5", "E3C42FD5540BB3439EFAED413D13367FFE9DFC5E33147DE18556351C59C40F10:active:1:3"] t=1791399243673
EPOCH_RECONCILED epoch=2 reporter=633D9D614858AB1710D5D8C3180E2A082DC97208BA8C26BA6C6D1A86C8E31CC0 complete=true entries=526 total=526 symbols=0 dropped=false t=1791399243714
EPOCH_RECONCILED epoch=2 reporter=D315857CE70C54DE713F6E82E5613BB3A1266C15E28AD2F4338C7BBEC456F532 complete=false entries=0 total=40768 symbols=0 dropped=false t=1791399243717
EPOCH_RECONCILED epoch=2 reporter=D315857CE70C54DE713F6E82E5613BB3A1266C15E28AD2F4338C7BBEC456F532 complete=true entries=515 total=515 symbols=0 dropped=false t=1791399243723
EPOCH_FOLLOW cemented=87 cementing=0 requested=0 pending=159 t=1791399243794
EPOCH_RECONCILED epoch=2 reporter=65A90023F6C0D2181AAA63F005D81BBC0C04650505E21D5123F9AE1F9E992BFF complete=true entries=4 total=1251 symbols=16 dropped=false t=1791399243878
EPOCH_EVIDENCE_MISSING epoch=2 reporter=633D9D614858AB1710D5D8C3180E2A082DC97208BA8C26BA6C6D1A86C8E31CC0 hashes=1 sample=["9E04050BAD22C251:first=3:final=1"] t=1791399243898
EPOCH_EVIDENCE_MISSING epoch=2 reporter=D315857CE70C54DE713F6E82E5613BB3A1266C15E28AD2F4338C7BBEC456F532 hashes=1 sample=["9E04050BAD22C251:first=3:final=1"] t=1791399243923
EPOCH_CLOSE_UNREADY epoch=2 short_of=reports usable=2 weight=2 required=5 held=4 theirs=["65A90023:001F820C:511C40E6", "633D9D61:001F820C:3CA5F305", "911999B2:C22C89CB:8D2FBBEE", "D315857C:001F820C:2CBC07B3"] t=1791399243928
EPOCH_DRAIN_WAIT epoch=3 unterminated=1169 previous_closed=false first=["A71C55DBED4DD8C1BC21D52D67D16423B0E207F7E17476525803B485DF19BA00:active:2:4", "8B1D2863A3A323D7C8EBD36DE9075655EDFA01746B306D7395A89B8641E7739E:active:1:1", "FD114FC2000FA20599CC415B344D1AAF5C1C6BD18153CDE293F186D252141109:active:2:5"] t=1791399244032
EPOCH_FOLLOW cemented=3 cementing=0 requested=227 pending=227 t=1791399244062
2026-10-07T18:54:04.245933Z  INFO nanospam::app: Confirmed 39,137 blocks | 2,000 bps | 1,096 cps | avg conf time: 15283 ms
EPOCH_DRAIN_WAIT epoch=3 unterminated=679 previous_closed=false first=["A71C55DBED4DD8C1BC21D52D67D16423B0E207F7E17476525803B485DF19BA00:active:2:5", "FD114FC2000FA20599CC415B344D1AAF5C1C6BD18153CDE293F186D252141109:active:2:5", "E3C42FD5540BB3439EFAED413D13367FFE9DFC5E33147DE18556351C59C40F10:active:2:5"] t=1791399244258
EPOCH_RECONCILED epoch=2 reporter=A353E45E6D0016CAEED0DFA4EC5B0640E2AA22A793F9F2375E77F1AB92977C04 complete=true entries=1247 total=1247 symbols=0 dropped=false t=1791399244356
EPOCH_RECONCILED epoch=2 reporter=911999B2AEFA7ACC66EBD802B3301FF6CE431405107749D940277955CB7FDD07 complete=true entries=511 total=511 symbols=0 dropped=false t=1791399244378
EPOCH_CLOSE_READY epoch=2 t=1791399244520
EPOCH_CLOSE_ROUND epoch=2 round=0 leader=735FE217D91E88EA82324C5883296385FA0041C2FAC85C827BAA46DA1E14B83F leads=false t=1791399244534
EPOCH_CLOSE_READY epoch=2 t=1791399244653
EPOCH_CLOSE_ROUND epoch=2 round=0 leader=735FE217D91E88EA82324C5883296385FA0041C2FAC85C827BAA46DA1E14B83F leads=false t=1791399244659
EPOCH_DRAIN_WAIT epoch=3 unterminated=678 previous_closed=false first=["A71C55DBED4DD8C1BC21D52D67D16423B0E207F7E17476525803B485DF19BA00:active:2:5", "FD114FC2000FA20599CC415B344D1AAF5C1C6BD18153CDE293F186D252141109:active:2:5", "E3C42FD5540BB3439EFAED413D13367FFE9DFC5E33147DE18556351C59C40F10:active:2:5"] t=1791399244717
EPOCH_FOLLOW cemented=2 cementing=0 requested=157 pending=157 t=1791399244821
EPOCH_DRAIN_WAIT epoch=3 unterminated=679 previous_closed=false first=["A71C55DBED4DD8C1BC21D52D67D16423B0E207F7E17476525803B485DF19BA00:active:2:5", "FD114FC2000FA20599CC415B344D1AAF5C1C6BD18153CDE293F186D252141109:active:2:5", "E3C42FD5540BB3439EFAED413D13367FFE9DFC5E33147DE18556351C59C40F10:active:2:5"] t=1791399244936
EPOCH_FOLLOW cemented=88 cementing=0 requested=0 pending=139 t=1791399245086
2026-10-07T18:54:05.248798Z  INFO nanospam::app: Confirmed 39,137 blocks | 2,000 bps | 0 cps | avg conf time: 0 ms
EPOCH_DRAIN_WAIT epoch=3 unterminated=678 previous_closed=false first=["A71C55DBED4DD8C1BC21D52D67D16423B0E207F7E17476525803B485DF19BA00:active:2:5", "FD114FC2000FA20599CC415B344D1AAF5C1C6BD18153CDE293F186D252141109:active:2:5", "E3C42FD5540BB3439EFAED413D13367FFE9DFC5E33147DE18556351C59C40F10:active:2:5"] t=1791399245267
EPOCH_DRAIN_WAIT epoch=3 unterminated=678 previous_closed=false first=["A71C55DBED4DD8C1BC21D52D67D16423B0E207F7E17476525803B485DF19BA00:active:2:5", "FD114FC2000FA20599CC415B344D1AAF5C1C6BD18153CDE293F186D252141109:active:2:5", "E3C42FD5540BB3439EFAED413D13367FFE9DFC5E33147DE18556351C59C40F10:active:2:5"] t=1791399245477
EPOCH_FOLLOW cemented=87 cementing=0 requested=0 pending=70 t=1791399245848
EPOCH_DRAIN_WAIT epoch=3 unterminated=678 previous_closed=false first=["A71C55DBED4DD8C1BC21D52D67D16423B0E207F7E17476525803B485DF19BA00:active:2:5", "FD114FC2000FA20599CC415B344D1AAF5C1C6BD18153CDE293F186D252141109:active:2:5", "E3C42FD5540BB3439EFAED413D13367FFE9DFC5E33147DE18556351C59C40F10:active:2:5"] t=1791399245942
EPOCH_FOLLOW cemented=3 cementing=0 requested=0 pending=136 t=1791399246143
EPOCH_DRAIN_WAIT epoch=3 unterminated=679 previous_closed=false first=["A71C55DBED4DD8C1BC21D52D67D16423B0E207F7E17476525803B485DF19BA00:active:2:5", "FD114FC2000FA20599CC415B344D1AAF5C1C6BD18153CDE293F186D252141109:active:2:5", "E3C42FD5540BB3439EFAED413D13367FFE9DFC5E33147DE18556351C59C40F10:active:2:5"] t=1791399246164
2026-10-07T18:54:06.249276Z  INFO nanospam::app: Confirmed 39,137 blocks | 2,000 bps | 0 cps | avg conf time: 0 ms
EPOCH_DRAIN_WAIT epoch=3 unterminated=678 previous_closed=false first=["A71C55DBED4DD8C1BC21D52D67D16423B0E207F7E17476525803B485DF19BA00:active:2:5", "FD114FC2000FA20599CC415B344D1AAF5C1C6BD18153CDE293F186D252141109:active:2:5", "E3C42FD5540BB3439EFAED413D13367FFE9DFC5E33147DE18556351C59C40F10:active:2:5"] t=1791399246483
EPOCH_DRAIN_WAIT epoch=3 unterminated=677 previous_closed=false first=["A71C55DBED4DD8C1BC21D52D67D16423B0E207F7E17476525803B485DF19BA00:active:2:5", "FD114FC2000FA20599CC415B344D1AAF5C1C6BD18153CDE293F186D252141109:active:2:5", "E3C42FD5540BB3439EFAED413D13367FFE9DFC5E33147DE18556351C59C40F10:active:2:5"] t=1791399246682
EPOCH_CLOSE_ROUND epoch=2 round=1 leader=911999B2AEFA7ACC66EBD802B3301FF6CE431405107749D940277955CB7FDD07 leads=false t=1791399246792
EPOCH_CLOSE_ROUND epoch=2 round=1 leader=911999B2AEFA7ACC66EBD802B3301FF6CE431405107749D940277955CB7FDD07 leads=false t=1791399246856
EPOCH_CLOSE_ROUND epoch=2 round=1 leader=911999B2AEFA7ACC66EBD802B3301FF6CE431405107749D940277955CB7FDD07 leads=false t=1791399246962
EPOCH_CLOSE_ROUND epoch=2 round=1 leader=911999B2AEFA7ACC66EBD802B3301FF6CE431405107749D940277955CB7FDD07 leads=true t=1791399246984
EPOCH_CLOSE_ROUND epoch=2 round=1 leader=911999B2AEFA7ACC66EBD802B3301FF6CE431405107749D940277955CB7FDD07 leads=false t=1791399247053
EPOCH_DRAIN_WAIT epoch=3 unterminated=675 previous_closed=false first=["A71C55DBED4DD8C1BC21D52D67D16423B0E207F7E17476525803B485DF19BA00:active:2:5", "FD114FC2000FA20599CC415B344D1AAF5C1C6BD18153CDE293F186D252141109:active:2:5", "E3C42FD5540BB3439EFAED413D13367FFE9DFC5E33147DE18556351C59C40F10:active:2:5"] t=1791399247160
EPOCH_FOLLOW cemented=3 cementing=0 requested=0 pending=133 t=1791399247175
EPOCH_PROPOSED epoch=2 round=1 value=C849ECBDC8EF7E75F69EA5227232ED17F11D0837AB0CDCCB80F75B74C750328B state=C2626611902A3460EF914FB4782FFFCB079C6B41DB689503FBC12105182CB002 reports=5 t=1791399247184
EPOCH_VALUE epoch=2 value=C849ECBDC8EF7E75F69EA5227232ED17F11D0837AB0CDCCB80F75B74C750328B state=C2626611902A3460EF914FB4782FFFCB079C6B41DB689503FBC12105182CB002 t=1791399247184
2026-10-07T18:54:07.250320Z  INFO nanospam::app: Confirmed 39,137 blocks | 2,000 bps | 0 cps | avg conf time: 0 ms
EPOCH_MANIFEST_FETCHED epoch=2 manifest=8BE9B439D515449368696E7694619628CBBF5D72FB448DBAE45E49558CC03766 entries=12302 t=1791399247276
EPOCH_MANIFEST_FETCHED epoch=2 manifest=8BE9B439D515449368696E7694619628CBBF5D72FB448DBAE45E49558CC03766 entries=12302 t=1791399247287
EPOCH_MANIFEST_FETCHED epoch=2 manifest=8BE9B439D515449368696E7694619628CBBF5D72FB448DBAE45E49558CC03766 entries=12302 t=1791399247293
EPOCH_MANIFEST_FETCHED epoch=2 manifest=8BE9B439D515449368696E7694619628CBBF5D72FB448DBAE45E49558CC03766 entries=12302 t=1791399247303
EPOCH_DRAIN_WAIT epoch=3 unterminated=675 previous_closed=false first=["A71C55DBED4DD8C1BC21D52D67D16423B0E207F7E17476525803B485DF19BA00:active:2:5", "FD114FC2000FA20599CC415B344D1AAF5C1C6BD18153CDE293F186D252141109:active:2:5", "E3C42FD5540BB3439EFAED413D13367FFE9DFC5E33147DE18556351C59C40F10:active:2:5"] t=1791399247360
EPOCH_MANIFEST_VOTES_MISSING epoch=2 manifest=8BE9B439D515449368696E7694619628CBBF5D72FB448DBAE45E49558CC03766 hashes=2 t=1791399247472
EPOCH_VALUE epoch=2 value=C849ECBDC8EF7E75F69EA5227232ED17F11D0837AB0CDCCB80F75B74C750328B state=C2626611902A3460EF914FB4782FFFCB079C6B41DB689503FBC12105182CB002 t=1791399247889
EPOCH_DRAIN_WAIT epoch=3 unterminated=671 previous_closed=false first=["A71C55DBED4DD8C1BC21D52D67D16423B0E207F7E17476525803B485DF19BA00:active:2:5", "FD114FC2000FA20599CC415B344D1AAF5C1C6BD18153CDE293F186D252141109:active:2:5", "E3C42FD5540BB3439EFAED413D13367FFE9DFC5E33147DE18556351C59C40F10:active:2:5"] t=1791399247905
EPOCH_FOLLOW cemented=2 cementing=0 requested=0 pending=68 t=1791399247926
EPOCH_VALUE epoch=2 value=C849ECBDC8EF7E75F69EA5227232ED17F11D0837AB0CDCCB80F75B74C750328B state=C2626611902A3460EF914FB4782FFFCB079C6B41DB689503FBC12105182CB002 t=1791399247933
EPOCH_VALUE epoch=2 value=C849ECBDC8EF7E75F69EA5227232ED17F11D0837AB0CDCCB80F75B74C750328B state=C2626611902A3460EF914FB4782FFFCB079C6B41DB689503FBC12105182CB002 t=1791399248033
EPOCH_FOLLOW cemented=1 cementing=0 requested=132 pending=132 t=1791399248217
EPOCH_INSTALL epoch=2 finalized=9866 instances_confirmed=1121 t=1791399248247
EPOCH_INSTALL epoch=2 finalized=9866 instances_confirmed=1121 t=1791399248248
2026-10-07T18:54:08.251283Z  INFO nanospam::app: Confirmed 39,137 blocks | 2,000 bps | 0 cps | avg conf time: 0 ms
EPOCH_INSTALL epoch=2 finalized=9866 instances_confirmed=1121 t=1791399248259
EPOCH_INSTALL epoch=2 finalized=9866 instances_confirmed=1121 t=1791399248264
EPOCH_COMMITTEE derived_by=2 members=6 accounts=11334 n=6 digest=95D409445152DD075E6A4799205DFA5689496EB8EE1A22AC2A200B9DBC2DCF27 shares=["735FE217:16.7%", "A353E45E:16.7%", "D315857C:16.7%", "911999B2:16.7%", "633D9D61:16.7%", "65A90023:16.7%"] t=1791399248316
EPOCH_LOCKS epoch=2 continued=0 kinds={"locks=1 kind=Some(Recovery) nc_here=false saved=false": 1247, "locks=1 kind=Some(Recovery) nc_here=false saved=true": 2} t=1791399248319
EPOCH_OMITTED epoch=2 instances=89 retained=1249 t=1791399248319
EPOCH_COMMITTEE derived_by=2 members=6 accounts=11334 n=6 digest=95D409445152DD075E6A4799205DFA5689496EB8EE1A22AC2A200B9DBC2DCF27 shares=["735FE217:16.7%", "A353E45E:16.7%", "D315857C:16.7%", "911999B2:16.7%", "633D9D61:16.7%", "65A90023:16.7%"] t=1791399248344
EPOCH_LOCKS epoch=2 continued=0 kinds={"locks=1 kind=Some(Recovery) nc_here=false saved=true": 1249} t=1791399248350
EPOCH_OMITTED epoch=2 instances=89 retained=1249 t=1791399248350
EPOCH_COMMITTEE derived_by=2 members=6 accounts=11334 n=6 digest=95D409445152DD075E6A4799205DFA5689496EB8EE1A22AC2A200B9DBC2DCF27 shares=["735FE217:16.7%", "A353E45E:16.7%", "D315857C:16.7%", "911999B2:16.7%", "633D9D61:16.7%", "65A90023:16.7%"] t=1791399248351
EPOCH_COMMITTEE derived_by=2 members=6 accounts=11334 n=6 digest=95D409445152DD075E6A4799205DFA5689496EB8EE1A22AC2A200B9DBC2DCF27 shares=["735FE217:16.7%", "A353E45E:16.7%", "D315857C:16.7%", "911999B2:16.7%", "633D9D61:16.7%", "65A90023:16.7%"] t=1791399248355
EPOCH_LOCKS epoch=2 continued=0 kinds={"locks=1 kind=Some(Recovery) nc_here=false saved=true": 1249} t=1791399248356
EPOCH_OMITTED epoch=2 instances=89 retained=1249 t=1791399248356
EPOCH_LOCKS epoch=2 continued=0 kinds={"locks=1 kind=Some(Recovery) nc_here=false saved=false": 1247, "locks=1 kind=Some(Recovery) nc_here=false saved=true": 2} t=1791399248359
EPOCH_OMITTED epoch=2 instances=89 retained=1249 t=1791399248360
EPOCH_GATE epoch=3 released=4257 finalized=3453 t=1791399248383
EPOCH_CLOSED epoch=2 round=1 value=C849ECBDC8EF7E75F69EA5227232ED17F11D0837AB0CDCCB80F75B74C750328B state=C2626611902A3460EF914FB4782FFFCB079C6B41DB689503FBC12105182CB002 t=1791399248383
EPOCH_GATE epoch=3 released=4257 finalized=3453 t=1791399248387
EPOCH_CLOSED epoch=2 round=1 value=C849ECBDC8EF7E75F69EA5227232ED17F11D0837AB0CDCCB80F75B74C750328B state=C2626611902A3460EF914FB4782FFFCB079C6B41DB689503FBC12105182CB002 t=1791399248387
EPOCH_GATE epoch=3 released=4257 finalized=3453 t=1791399248387
EPOCH_CLOSED epoch=2 round=1 value=C849ECBDC8EF7E75F69EA5227232ED17F11D0837AB0CDCCB80F75B74C750328B state=C2626611902A3460EF914FB4782FFFCB079C6B41DB689503FBC12105182CB002 t=1791399248387
EPOCH_INSTALLED epoch=2 finalized=9866 cemented=9866 queued=0 missing=0 t=1791399248425
EPOCH_RETAINED epoch=2 retained=2077 held=2077 missing=0 t=1791399248426
EPOCH_INSTALLED epoch=2 finalized=9866 cemented=9866 queued=0 missing=0 t=1791399248462
EPOCH_RETAINED epoch=2 retained=2077 held=2077 missing=0 t=1791399248464
EPOCH_INSTALLED epoch=2 finalized=9866 cemented=9866 queued=0 missing=0 t=1791399248468
EPOCH_RETAINED epoch=2 retained=2077 held=1499 missing=578 t=1791399248469
EPOCH_CARRIED epoch=3 instances=805 t=1791399248512
EPOCH_ADVANCED epoch=4 elections=4742 active=4062 vote_records=441812 t=1791399248512
EPOCH_GATE epoch=3 released=4257 finalized=3453 t=1791399248555
EPOCH_CLOSED epoch=2 round=1 value=C849ECBDC8EF7E75F69EA5227232ED17F11D0837AB0CDCCB80F75B74C750328B state=C2626611902A3460EF914FB4782FFFCB079C6B41DB689503FBC12105182CB002 t=1791399248555
EPOCH_DRAIN_WAIT epoch=3 unterminated=666 previous_closed=false first=["A71C55DBED4DD8C1BC21D52D67D16423B0E207F7E17476525803B485DF19BA00:active:2:5", "FD114FC2000FA20599CC415B344D1AAF5C1C6BD18153CDE293F186D252141109:active:2:5", "E3C42FD5540BB3439EFAED413D13367FFE9DFC5E33147DE18556351C59C40F10:active:2:5"] t=1791399248597
EPOCH_INSTALLED epoch=2 finalized=9866 cemented=9866 queued=0 missing=0 t=1791399248628
EPOCH_RETAINED epoch=2 retained=2077 held=1555 missing=522 t=1791399248629
EPOCH_CLOSE_UNREADY epoch=3 short_of=reports usable=0 weight=0 required=5 held=0 theirs=[] t=1791399248764
EPOCH_FOLLOW cemented=2 cementing=0 requested=576 pending=576 t=1791399248962
EPOCH_MANIFEST_FETCHED epoch=2 manifest=8BE9B439D515449368696E7694619628CBBF5D72FB448DBAE45E49558CC03766 entries=12302 t=1791399249038
EPOCH_REPORT epoch=3 certified=44840 residual=184 root=1393E0C8923C7EFE130A81BAEAE1DC0D57D1EC93121A5DBE0CE4967261AD0A46 reports=1 t=1791399249089
EPOCH_CARRIED epoch=3 instances=839 t=1791399249182
EPOCH_ADVANCED epoch=4 elections=4810 active=4032 vote_records=456527 t=1791399249182
EPOCH_FOLLOW cemented=121 cementing=0 requested=510 pending=521 t=1791399249241
2026-10-07T18:54:09.253328Z  INFO nanospam::app: Confirmed 42,597 blocks | 2,000 bps | 3,452 cps | avg conf time: 7358 ms
EPOCH_VALUE epoch=2 value=C849ECBDC8EF7E75F69EA5227232ED17F11D0837AB0CDCCB80F75B74C750328B state=C2626611902A3460EF914FB4782FFFCB079C6B41DB689503FBC12105182CB002 t=1791399249268
EPOCH_INSTALL epoch=2 finalized=9866 instances_confirmed=1121 t=1791399249302
EPOCH_CARRIED epoch=3 instances=837 t=1791399249312
EPOCH_ADVANCED epoch=4 elections=4806 active=3989 vote_records=456909 t=1791399249312
EPOCH_REPORT epoch=3 certified=44843 residual=729 root=6AEAD1F556C48D461E51D9598D43A0F25154C804F45EFDD6DBBCCAB1F6838C4D reports=1 t=1791399249428
EPOCH_COMMITTEE derived_by=2 members=6 accounts=11334 n=6 digest=95D409445152DD075E6A4799205DFA5689496EB8EE1A22AC2A200B9DBC2DCF27 shares=["735FE217:16.7%", "A353E45E:16.7%", "D315857C:16.7%", "911999B2:16.7%", "633D9D61:16.7%", "65A90023:16.7%"] t=1791399249455
EPOCH_LOCKS epoch=2 continued=0 kinds={"locks=1 kind=Some(Recovery) nc_here=false saved=true": 1249} t=1791399249460
EPOCH_OMITTED epoch=2 instances=89 retained=1249 t=1791399249461
EPOCH_CLOSE_UNREADY epoch=3 short_of=reports usable=1 weight=1 required=5 held=1 theirs=["911999B2:1393E0C8:6D49DAF7"] t=1791399249477
EPOCH_GATE epoch=3 released=4296 finalized=3460 t=1791399249490
EPOCH_CLOSED epoch=2 round=1 value=C849ECBDC8EF7E75F69EA5227232ED17F11D0837AB0CDCCB80F75B74C750328B state=C2626611902A3460EF914FB4782FFFCB079C6B41DB689503FBC12105182CB002 t=1791399249490
EPOCH_INSTALLED epoch=2 finalized=9866 cemented=9866 queued=0 missing=0 t=1791399249571
EPOCH_EVIDENCE_RELEASED epoch=2 t=1791399249591
EPOCH_CLOSE_UNREADY epoch=3 short_of=reports usable=0 weight=0 required=5 held=2 theirs=["911999B2:1393E0C8:6D49DAF7", "65A90023:6AEAD1F5:C9CF0FBB"] t=1791399249620
EPOCH_RETAINED epoch=2 retained=2077 held=2077 missing=0 t=1791399249634
EPOCH_REPORT epoch=3 certified=44878 residual=695 root=D44FE8A52EC9EB65423F87A0F7C73B54650D42D912F94ED2549E6C12C144AD09 reports=1 t=1791399249642
EPOCH_EVIDENCE_RELEASED epoch=2 t=1791399249648
EPOCH_EVIDENCE_RELEASED epoch=2 t=1791399249651
EPOCH_EVIDENCE_RELEASED epoch=2 t=1791399249678
EPOCH_RECONCILED epoch=3 reporter=911999B2AEFA7ACC66EBD802B3301FF6CE431405107749D940277955CB7FDD07 complete=false entries=46 total=44840 symbols=72 dropped=false t=1791399249740
EPOCH_RECONCILED epoch=3 reporter=911999B2AEFA7ACC66EBD802B3301FF6CE431405107749D940277955CB7FDD07 complete=false entries=46 total=44840 symbols=72 dropped=false t=1791399249748
EPOCH_RECONCILED epoch=3 reporter=911999B2AEFA7ACC66EBD802B3301FF6CE431405107749D940277955CB7FDD07 complete=false entries=46 total=44840 symbols=72 dropped=false t=1791399249748
EPOCH_RECONCILED epoch=3 reporter=65A90023F6C0D2181AAA63F005D81BBC0C04650505E21D5123F9AE1F9E992BFF complete=false entries=41 total=44843 symbols=72 dropped=false t=1791399249833
EPOCH_RECONCILED epoch=3 reporter=911999B2AEFA7ACC66EBD802B3301FF6CE431405107749D940277955CB7FDD07 complete=true entries=184 total=184 symbols=0 dropped=false t=1791399249833
EPOCH_RECONCILED epoch=3 reporter=A353E45E6D0016CAEED0DFA4EC5B0640E2AA22A793F9F2375E77F1AB92977C04 complete=false entries=0 total=44878 symbols=0 dropped=false t=1791399249836
EPOCH_RECONCILED epoch=3 reporter=A353E45E6D0016CAEED0DFA4EC5B0640E2AA22A793F9F2375E77F1AB92977C04 complete=true entries=695 total=695 symbols=0 dropped=false t=1791399249839
EPOCH_RECONCILED epoch=3 reporter=911999B2AEFA7ACC66EBD802B3301FF6CE431405107749D940277955CB7FDD07 complete=true entries=184 total=184 symbols=0 dropped=false t=1791399249865
EPOCH_RECONCILED epoch=3 reporter=65A90023F6C0D2181AAA63F005D81BBC0C04650505E21D5123F9AE1F9E992BFF complete=false entries=41 total=44843 symbols=72 dropped=false t=1791399249869
EPOCH_CLOSE_UNREADY epoch=3 short_of=reports usable=1 weight=1 required=5 held=2 theirs=["65A90023:6AEAD1F5:C9CF0FBB", "A353E45E:D44FE8A5:53D5EF9F"] t=1791399249935
EPOCH_ENDED epoch=4 elections=4711 active=3958 t=1791399249980
EPOCH_CARRIED epoch=3 instances=730 t=1791399249993
EPOCH_ADVANCED epoch=4 elections=4592 active=3896 vote_records=460698 t=1791399249993
EPOCH_ENDED epoch=4 elections=4592 active=3896 t=1791399249994
EPOCH_FOLLOW cemented=338 cementing=0 requested=233 pending=238 t=1791399249994
EPOCH_ENDED epoch=4 elections=4711 active=3964 t=1791399249997
EPOCH_ENDED epoch=3 elections=4375 active=3634 t=1791399250008
EPOCH_RECONCILED epoch=3 reporter=911999B2AEFA7ACC66EBD802B3301FF6CE431405107749D940277955CB7FDD07 complete=true entries=184 total=184 symbols=0 dropped=false t=1791399250024
EPOCH_ENDED epoch=4 elections=4711 active=4014 t=1791399250026
EPOCH_DRAIN_WAIT epoch=4 unterminated=336 previous_closed=false first=["FD114FC2000FA20599CC415B344D1AAF5C1C6BD18153CDE293F186D252141109:active:2:3", "A81144F7BDA372042033DF4273CACC8A6540DCD8C8659985EE3DBA630B4E30FB:active:1:3", "E3C42FD5540BB3439EFAED413D13367FFE9DFC5E33147DE18556351C59C40F10:active:2:3"] t=1791399250027
EPOCH_CARRIED epoch=3 instances=733 t=1791399250055
EPOCH_ADVANCED epoch=4 elections=4598 active=3857 vote_records=461017 t=1791399250055
EPOCH_RECONCILED epoch=3 reporter=65A90023F6C0D2181AAA63F005D81BBC0C04650505E21D5123F9AE1F9E992BFF complete=false entries=253 total=44843 symbols=364 dropped=false t=1791399250063
EPOCH_RECONCILED epoch=3 reporter=A353E45E6D0016CAEED0DFA4EC5B0640E2AA22A793F9F2375E77F1AB92977C04 complete=false entries=180 total=44878 symbols=364 dropped=false t=1791399250111
EPOCH_RECONCILED epoch=3 reporter=A353E45E6D0016CAEED0DFA4EC5B0640E2AA22A793F9F2375E77F1AB92977C04 complete=false entries=212 total=44878 symbols=364 dropped=false t=1791399250113
EPOCH_REPORT epoch=3 certified=44878 residual=187 root=84CF4DB919F2E61520F648CB1D0CF8A490D944D97B6F3C76D0166226511ED388 reports=1 t=1791399250136
EPOCH_RECONCILED epoch=3 reporter=65A90023F6C0D2181AAA63F005D81BBC0C04650505E21D5123F9AE1F9E992BFF complete=true entries=729 total=729 symbols=0 dropped=false t=1791399250164
EPOCH_RECONCILED epoch=3 reporter=65A90023F6C0D2181AAA63F005D81BBC0C04650505E21D5123F9AE1F9E992BFF complete=true entries=729 total=729 symbols=0 dropped=false t=1791399250182
EPOCH_RECONCILED epoch=3 reporter=A353E45E6D0016CAEED0DFA4EC5B0640E2AA22A793F9F2375E77F1AB92977C04 complete=true entries=695 total=695 symbols=0 dropped=false t=1791399250184
EPOCH_DRAIN_WAIT epoch=4 unterminated=295 previous_closed=false first=["FD114FC2000FA20599CC415B344D1AAF5C1C6BD18153CDE293F186D252141109:active:2:5", "A81144F7BDA372042033DF4273CACC8A6540DCD8C8659985EE3DBA630B4E30FB:active:1:3", "E3C42FD5540BB3439EFAED413D13367FFE9DFC5E33147DE18556351C59C40F10:active:2:5"] t=1791399250217
EPOCH_DRAIN_WAIT epoch=4 unterminated=292 previous_closed=false first=["FD114FC2000FA20599CC415B344D1AAF5C1C6BD18153CDE293F186D252141109:active:2:5", "E3C42FD5540BB3439EFAED413D13367FFE9DFC5E33147DE18556351C59C40F10:active:2:5", "A81144F7BDA372042033DF4273CACC8A6540DCD8C8659985EE3DBA630B4E30FB:active:1:3"] t=1791399250219
EPOCH_RECONCILED epoch=3 reporter=A353E45E6D0016CAEED0DFA4EC5B0640E2AA22A793F9F2375E77F1AB92977C04 complete=true entries=695 total=695 symbols=0 dropped=false t=1791399250252
EPOCH_RECONCILED epoch=3 reporter=65A90023F6C0D2181AAA63F005D81BBC0C04650505E21D5123F9AE1F9E992BFF complete=true entries=729 total=729 symbols=0 dropped=false t=1791399250254
2026-10-07T18:54:10.256617Z  INFO nanospam::app: Confirmed 42,703 blocks | 2,000 bps | 105 cps | avg conf time: 8542 ms
EPOCH_FOLLOW cemented=234 cementing=0 requested=276 pending=287 t=1791399250273
EPOCH_CLOSE_UNREADY epoch=3 short_of=reports usable=4 weight=4 required=5 held=3 theirs=["911999B2:1393E0C8:6D49DAF7", "A353E45E:D44FE8A5:53D5EF9F", "65A90023:6AEAD1F5:C9CF0FBB"] t=1791399250290
EPOCH_RECONCILED epoch=3 reporter=D315857CE70C54DE713F6E82E5613BB3A1266C15E28AD2F4338C7BBEC456F532 complete=false entries=0 total=44878 symbols=0 dropped=false t=1791399250306
EPOCH_RECONCILED epoch=3 reporter=D315857CE70C54DE713F6E82E5613BB3A1266C15E28AD2F4338C7BBEC456F532 complete=true entries=187 total=187 symbols=0 dropped=false t=1791399250308
EPOCH_RECONCILED epoch=3 reporter=D315857CE70C54DE713F6E82E5613BB3A1266C15E28AD2F4338C7BBEC456F532 complete=false entries=0 total=44878 symbols=0 dropped=false t=1791399250344
EPOCH_RECONCILED epoch=3 reporter=D315857CE70C54DE713F6E82E5613BB3A1266C15E28AD2F4338C7BBEC456F532 complete=true entries=187 total=187 symbols=0 dropped=false t=1791399250346
EPOCH_REPORT epoch=3 certified=44878 residual=185 root=84CF4DB919F2E61520F648CB1D0CF8A490D944D97B6F3C76D0166226511ED388 reports=1 t=1791399250462
EPOCH_RECONCILED epoch=3 reporter=D315857CE70C54DE713F6E82E5613BB3A1266C15E28AD2F4338C7BBEC456F532 complete=false entries=0 total=44878 symbols=0 dropped=false t=1791399250476
EPOCH_RECONCILED epoch=3 reporter=D315857CE70C54DE713F6E82E5613BB3A1266C15E28AD2F4338C7BBEC456F532 complete=true entries=187 total=187 symbols=0 dropped=false t=1791399250477
EPOCH_RECONCILED epoch=3 reporter=D315857CE70C54DE713F6E82E5613BB3A1266C15E28AD2F4338C7BBEC456F532 complete=false entries=0 total=44878 symbols=0 dropped=false t=1791399250482
EPOCH_RECONCILED epoch=3 reporter=D315857CE70C54DE713F6E82E5613BB3A1266C15E28AD2F4338C7BBEC456F532 complete=false entries=185 total=185 symbols=0 dropped=false t=1791399250505
EPOCH_RECONCILED epoch=3 reporter=D315857CE70C54DE713F6E82E5613BB3A1266C15E28AD2F4338C7BBEC456F532 complete=true entries=2 total=187 symbols=16 dropped=false t=1791399250554
EPOCH_RECONCILED epoch=3 reporter=65A90023F6C0D2181AAA63F005D81BBC0C04650505E21D5123F9AE1F9E992BFF complete=false entries=253 total=44843 symbols=364 dropped=false t=1791399250662
EPOCH_RECONCILED epoch=3 reporter=911999B2AEFA7ACC66EBD802B3301FF6CE431405107749D940277955CB7FDD07 complete=false entries=258 total=44840 symbols=364 dropped=false t=1791399250671
EPOCH_CLOSE_UNREADY epoch=3 short_of=reports usable=1 weight=1 required=5 held=4 theirs=["911999B2:1393E0C8:6D49DAF7", "D315857C:84CF4DB9:7128A793", "A353E45E:D44FE8A5:53D5EF9F", "65A90023:6AEAD1F5:C9CF0FBB"] t=1791399250748
EPOCH_DRAIN_WAIT epoch=4 unterminated=185 previous_closed=false first=["FD114FC2000FA20599CC415B344D1AAF5C1C6BD18153CDE293F186D252141109:active:2:5", "E3C42FD5540BB3439EFAED413D13367FFE9DFC5E33147DE18556351C59C40F10:active:2:5", "CA5673BA9DC069931BA0294069E2D79A71DD2C6FD1D46CDF9DF2372819F2D737:active:2:5"] t=1791399250756
EPOCH_RECONCILED epoch=3 reporter=911999B2AEFA7ACC66EBD802B3301FF6CE431405107749D940277955CB7FDD07 complete=true entries=184 total=184 symbols=0 dropped=false t=1791399250830
EPOCH_RECONCILED epoch=3 reporter=65A90023F6C0D2181AAA63F005D81BBC0C04650505E21D5123F9AE1F9E992BFF complete=true entries=729 total=729 symbols=0 dropped=false t=1791399250847
EPOCH_RECONCILED epoch=3 reporter=633D9D614858AB1710D5D8C3180E2A082DC97208BA8C26BA6C6D1A86C8E31CC0 complete=false entries=0 total=44878 symbols=0 dropped=false t=1791399250856
EPOCH_RECONCILED epoch=3 reporter=633D9D614858AB1710D5D8C3180E2A082DC97208BA8C26BA6C6D1A86C8E31CC0 complete=true entries=185 total=185 symbols=0 dropped=false t=1791399250857
EPOCH_CLOSE_READY epoch=3 t=1791399250883
EPOCH_CLOSE_ROUND epoch=3 round=0 leader=911999B2AEFA7ACC66EBD802B3301FF6CE431405107749D940277955CB7FDD07 leads=false t=1791399250888
EPOCH_RECONCILED epoch=3 reporter=633D9D614858AB1710D5D8C3180E2A082DC97208BA8C26BA6C6D1A86C8E31CC0 complete=false entries=0 total=44878 symbols=0 dropped=false t=1791399250902
EPOCH_RECONCILED epoch=3 reporter=633D9D614858AB1710D5D8C3180E2A082DC97208BA8C26BA6C6D1A86C8E31CC0 complete=true entries=185 total=185 symbols=0 dropped=false t=1791399250904
EPOCH_CLOSE_READY epoch=3 t=1791399250941
EPOCH_RECONCILED epoch=3 reporter=633D9D614858AB1710D5D8C3180E2A082DC97208BA8C26BA6C6D1A86C8E31CC0 complete=false entries=0 total=44878 symbols=0 dropped=false t=1791399250944
EPOCH_RECONCILED epoch=3 reporter=633D9D614858AB1710D5D8C3180E2A082DC97208BA8C26BA6C6D1A86C8E31CC0 complete=true entries=185 total=185 symbols=0 dropped=false t=1791399250946
EPOCH_RECONCILED epoch=3 reporter=633D9D614858AB1710D5D8C3180E2A082DC97208BA8C26BA6C6D1A86C8E31CC0 complete=false entries=0 total=44878 symbols=0 dropped=false t=1791399250969
EPOCH_CLOSE_READY epoch=3 t=1791399250977
EPOCH_RECONCILED epoch=3 reporter=633D9D614858AB1710D5D8C3180E2A082DC97208BA8C26BA6C6D1A86C8E31CC0 complete=true entries=185 total=185 symbols=0 dropped=false t=1791399250978
EPOCH_CLOSE_ROUND epoch=3 round=0 leader=911999B2AEFA7ACC66EBD802B3301FF6CE431405107749D940277955CB7FDD07 leads=false t=1791399250980
EPOCH_RECONCILED epoch=3 reporter=A353E45E6D0016CAEED0DFA4EC5B0640E2AA22A793F9F2375E77F1AB92977C04 complete=false entries=212 total=44878 symbols=364 dropped=false t=1791399250991
EPOCH_CLOSE_READY epoch=3 t=1791399251025
EPOCH_FOLLOW cemented=142 cementing=0 requested=0 pending=96 t=1791399251028
EPOCH_CLOSE_ROUND epoch=3 round=0 leader=911999B2AEFA7ACC66EBD802B3301FF6CE431405107749D940277955CB7FDD07 leads=false t=1791399251029
EPOCH_RECONCILED epoch=2 reporter=633D9D614858AB1710D5D8C3180E2A082DC97208BA8C26BA6C6D1A86C8E31CC0 complete=false entries=1101 total=40768 symbols=1728 dropped=false t=1791399251058
EPOCH_RECONCILED epoch=2 reporter=633D9D614858AB1710D5D8C3180E2A082DC97208BA8C26BA6C6D1A86C8E31CC0 complete=false entries=1101 total=40768 symbols=1728 dropped=false t=1791399251071
EPOCH_RECONCILED epoch=2 reporter=633D9D614858AB1710D5D8C3180E2A082DC97208BA8C26BA6C6D1A86C8E31CC0 complete=false entries=1101 total=40768 symbols=1728 dropped=false t=1791399251127
EPOCH_RECONCILED epoch=3 reporter=A353E45E6D0016CAEED0DFA4EC5B0640E2AA22A793F9F2375E77F1AB92977C04 complete=true entries=695 total=695 symbols=0 dropped=false t=1791399251172
EPOCH_RECONCILED epoch=2 reporter=633D9D614858AB1710D5D8C3180E2A082DC97208BA8C26BA6C6D1A86C8E31CC0 complete=true entries=526 total=526 symbols=0 dropped=false t=1791399251180
EPOCH_CLOSE_READY epoch=3 t=1791399251197
EPOCH_RECONCILED epoch=2 reporter=633D9D614858AB1710D5D8C3180E2A082DC97208BA8C26BA6C6D1A86C8E31CC0 complete=true entries=526 total=526 symbols=0 dropped=false t=1791399251203
EPOCH_PROPOSED epoch=3 round=0 value=15F418ED442A1174CC118BE2C6E0901720A9A262B8713F0370577D24DBE81B90 state=CD849DF7F6596DC9E0E1CD3F1F2306AA37D4E018F3EE985EFFDEC0C11EB7B359 reports=5 t=1791399251236
EPOCH_VALUE epoch=3 value=15F418ED442A1174CC118BE2C6E0901720A9A262B8713F0370577D24DBE81B90 state=CD849DF7F6596DC9E0E1CD3F1F2306AA37D4E018F3EE985EFFDEC0C11EB7B359 t=1791399251236
EPOCH_CLOSE_ROUND epoch=3 round=0 leader=911999B2AEFA7ACC66EBD802B3301FF6CE431405107749D940277955CB7FDD07 leads=true t=1791399251249
EPOCH_DRAIN_WAIT epoch=4 unterminated=185 previous_closed=false first=["FD114FC2000FA20599CC415B344D1AAF5C1C6BD18153CDE293F186D252141109:active:2:5", "E3C42FD5540BB3439EFAED413D13367FFE9DFC5E33147DE18556351C59C40F10:active:2:5", "CA5673BA9DC069931BA0294069E2D79A71DD2C6FD1D46CDF9DF2372819F2D737:active:2:5"] t=1791399251250
2026-10-07T18:54:11.258921Z  INFO nanospam::app: Confirmed 42,738 blocks | 2,000 bps | 34 cps | avg conf time: 8636 ms
EPOCH_DRAIN_WAIT epoch=4 unterminated=185 previous_closed=false first=["FD114FC2000FA20599CC415B344D1AAF5C1C6BD18153CDE293F186D252141109:active:2:5", "E3C42FD5540BB3439EFAED413D13367FFE9DFC5E33147DE18556351C59C40F10:active:2:5", "CA5673BA9DC069931BA0294069E2D79A71DD2C6FD1D46CDF9DF2372819F2D737:active:2:5"] t=1791399251287
EPOCH_FOLLOW cemented=156 cementing=0 requested=0 pending=131 t=1791399251316
EPOCH_MANIFEST_FETCHED epoch=3 manifest=44F4580B144350D773F90FABC2FC6D18B7AE6855B267A32ED531EF869F7B5E2D entries=4663 t=1791399251340
EPOCH_MANIFEST_FETCHED epoch=3 manifest=44F4580B144350D773F90FABC2FC6D18B7AE6855B267A32ED531EF869F7B5E2D entries=4663 t=1791399251345
EPOCH_MANIFEST_FETCHED epoch=3 manifest=44F4580B144350D773F90FABC2FC6D18B7AE6855B267A32ED531EF869F7B5E2D entries=4663 t=1791399251347
EPOCH_RECONCILED epoch=2 reporter=633D9D614858AB1710D5D8C3180E2A082DC97208BA8C26BA6C6D1A86C8E31CC0 complete=true entries=526 total=526 symbols=0 dropped=false t=1791399251359
EPOCH_MANIFEST_FETCHED epoch=3 manifest=44F4580B144350D773F90FABC2FC6D18B7AE6855B267A32ED531EF869F7B5E2D entries=4663 t=1791399251360
EPOCH_CLOSE_ROUND epoch=3 round=0 leader=911999B2AEFA7ACC66EBD802B3301FF6CE431405107749D940277955CB7FDD07 leads=false t=1791399251365
EPOCH_RECONCILED epoch=2 reporter=633D9D614858AB1710D5D8C3180E2A082DC97208BA8C26BA6C6D1A86C8E31CC0 complete=false entries=1101 total=40768 symbols=1728 dropped=false t=1791399251448
EPOCH_DRAIN_WAIT epoch=4 unterminated=185 previous_closed=false first=["FD114FC2000FA20599CC415B344D1AAF5C1C6BD18153CDE293F186D252141109:active:2:5", "E3C42FD5540BB3439EFAED413D13367FFE9DFC5E33147DE18556351C59C40F10:active:2:5", "CA5673BA9DC069931BA0294069E2D79A71DD2C6FD1D46CDF9DF2372819F2D737:active:2:5"] t=1791399251495
EPOCH_VALUE epoch=3 value=15F418ED442A1174CC118BE2C6E0901720A9A262B8713F0370577D24DBE81B90 state=CD849DF7F6596DC9E0E1CD3F1F2306AA37D4E018F3EE985EFFDEC0C11EB7B359 t=1791399251603
EPOCH_VALUE epoch=3 value=15F418ED442A1174CC118BE2C6E0901720A9A262B8713F0370577D24DBE81B90 state=CD849DF7F6596DC9E0E1CD3F1F2306AA37D4E018F3EE985EFFDEC0C11EB7B359 t=1791399251617
EPOCH_RECONCILED epoch=2 reporter=633D9D614858AB1710D5D8C3180E2A082DC97208BA8C26BA6C6D1A86C8E31CC0 complete=true entries=526 total=526 symbols=0 dropped=false t=1791399251621
EPOCH_MANIFEST_VOTES_MISSING epoch=3 manifest=44F4580B144350D773F90FABC2FC6D18B7AE6855B267A32ED531EF869F7B5E2D hashes=39 t=1791399251763
EPOCH_VALUE epoch=3 value=15F418ED442A1174CC118BE2C6E0901720A9A262B8713F0370577D24DBE81B90 state=CD849DF7F6596DC9E0E1CD3F1F2306AA37D4E018F3EE985EFFDEC0C11EB7B359 t=1791399251991
EPOCH_DRAIN_WAIT epoch=4 unterminated=185 previous_closed=false first=["FD114FC2000FA20599CC415B344D1AAF5C1C6BD18153CDE293F186D252141109:active:2:5", "E3C42FD5540BB3439EFAED413D13367FFE9DFC5E33147DE18556351C59C40F10:active:2:5", "CA5673BA9DC069931BA0294069E2D79A71DD2C6FD1D46CDF9DF2372819F2D737:active:2:5"] t=1791399251993
EPOCH_FOLLOW cemented=2 cementing=0 requested=89 pending=94 t=1791399252068
EPOCH_VALUE epoch=3 value=15F418ED442A1174CC118BE2C6E0901720A9A262B8713F0370577D24DBE81B90 state=CD849DF7F6596DC9E0E1CD3F1F2306AA37D4E018F3EE985EFFDEC0C11EB7B359 t=1791399252143
EPOCH_CLOSE_ROUND epoch=3 round=1 leader=A353E45E6D0016CAEED0DFA4EC5B0640E2AA22A793F9F2375E77F1AB92977C04 leads=false t=1791399252182
EPOCH_CLOSE_ROUND epoch=3 round=1 leader=A353E45E6D0016CAEED0DFA4EC5B0640E2AA22A793F9F2375E77F1AB92977C04 leads=true t=1791399252204
EPOCH_INSTALL epoch=3 finalized=3600 instances_confirmed=37 t=1791399252234
EPOCH_INSTALL epoch=3 finalized=3600 instances_confirmed=37 t=1791399252235
EPOCH_INSTALL epoch=3 finalized=3600 instances_confirmed=37 t=1791399252236
EPOCH_INSTALL epoch=3 finalized=3600 instances_confirmed=37 t=1791399252237
EPOCH_INSTALL epoch=3 finalized=3600 instances_confirmed=37 t=1791399252253
2026-10-07T18:54:12.261452Z  INFO nanospam::app: Confirmed 42,738 blocks | 2,000 bps | 0 cps | avg conf time: 0 ms
EPOCH_COMMITTEE derived_by=3 members=6 accounts=12146 n=6 digest=95D409445152DD075E6A4799205DFA5689496EB8EE1A22AC2A200B9DBC2DCF27 shares=["735FE217:16.7%", "A353E45E:16.7%", "D315857C:16.7%", "911999B2:16.7%", "633D9D61:16.7%", "65A90023:16.7%"] t=1791399252262
EPOCH_LOCKS epoch=3 continued=0 kinds={"locks=1 kind=Some(Recovery) nc_here=false saved=false": 3, "locks=1 kind=Some(Recovery) nc_here=false saved=true": 691} t=1791399252264
EPOCH_OMITTED epoch=3 instances=3 retained=694 t=1791399252264
EPOCH_GATE epoch=4 released=187 finalized=2 t=1791399252265
EPOCH_CLOSED epoch=3 round=0 value=15F418ED442A1174CC118BE2C6E0901720A9A262B8713F0370577D24DBE81B90 state=CD849DF7F6596DC9E0E1CD3F1F2306AA37D4E018F3EE985EFFDEC0C11EB7B359 t=1791399252265
EPOCH_COMMITTEE derived_by=3 members=6 accounts=12146 n=6 digest=95D409445152DD075E6A4799205DFA5689496EB8EE1A22AC2A200B9DBC2DCF27 shares=["735FE217:16.7%", "A353E45E:16.7%", "D315857C:16.7%", "911999B2:16.7%", "633D9D61:16.7%", "65A90023:16.7%"] t=1791399252268
EPOCH_COMMITTEE derived_by=3 members=6 accounts=12146 n=6 digest=95D409445152DD075E6A4799205DFA5689496EB8EE1A22AC2A200B9DBC2DCF27 shares=["735FE217:16.7%", "A353E45E:16.7%", "D315857C:16.7%", "911999B2:16.7%", "633D9D61:16.7%", "65A90023:16.7%"] t=1791399252270
EPOCH_LOCKS epoch=3 continued=0 kinds={"locks=1 kind=Some(Recovery) nc_here=false saved=false": 3, "locks=1 kind=Some(Recovery) nc_here=false saved=true": 691} t=1791399252270
EPOCH_OMITTED epoch=3 instances=3 retained=694 t=1791399252270
EPOCH_COMMITTEE derived_by=3 members=6 accounts=12146 n=6 digest=95D409445152DD075E6A4799205DFA5689496EB8EE1A22AC2A200B9DBC2DCF27 shares=["735FE217:16.7%", "A353E45E:16.7%", "D315857C:16.7%", "911999B2:16.7%", "633D9D61:16.7%", "65A90023:16.7%"] t=1791399252270
EPOCH_GATE epoch=4 released=187 finalized=2 t=1791399252271
EPOCH_CLOSED epoch=3 round=0 value=15F418ED442A1174CC118BE2C6E0901720A9A262B8713F0370577D24DBE81B90 state=CD849DF7F6596DC9E0E1CD3F1F2306AA37D4E018F3EE985EFFDEC0C11EB7B359 t=1791399252271
EPOCH_LOCKS epoch=3 continued=0 kinds={"locks=1 kind=Some(Recovery) nc_here=false saved=false": 691, "locks=1 kind=Some(Recovery) nc_here=false saved=true": 3} t=1791399252271
EPOCH_OMITTED epoch=3 instances=3 retained=694 t=1791399252271
EPOCH_GATE epoch=4 released=187 finalized=2 t=1791399252272
EPOCH_CLOSED epoch=3 round=0 value=15F418ED442A1174CC118BE2C6E0901720A9A262B8713F0370577D24DBE81B90 state=CD849DF7F6596DC9E0E1CD3F1F2306AA37D4E018F3EE985EFFDEC0C11EB7B359 t=1791399252272
EPOCH_LOCKS epoch=3 continued=0 kinds={"locks=1 kind=Some(Recovery) nc_here=false saved=true": 694} t=1791399252272
EPOCH_OMITTED epoch=3 instances=3 retained=694 t=1791399252272
EPOCH_GATE epoch=4 released=187 finalized=2 t=1791399252273
EPOCH_CLOSED epoch=3 round=0 value=15F418ED442A1174CC118BE2C6E0901720A9A262B8713F0370577D24DBE81B90 state=CD849DF7F6596DC9E0E1CD3F1F2306AA37D4E018F3EE985EFFDEC0C11EB7B359 t=1791399252273
EPOCH_COMMITTEE derived_by=3 members=6 accounts=12146 n=6 digest=95D409445152DD075E6A4799205DFA5689496EB8EE1A22AC2A200B9DBC2DCF27 shares=["735FE217:16.7%", "A353E45E:16.7%", "D315857C:16.7%", "911999B2:16.7%", "633D9D61:16.7%", "65A90023:16.7%"] t=1791399252280
EPOCH_LOCKS epoch=3 continued=0 kinds={"locks=1 kind=Some(Recovery) nc_here=false saved=false": 691, "locks=1 kind=Some(Recovery) nc_here=false saved=true": 3} t=1791399252282
EPOCH_OMITTED epoch=3 instances=3 retained=694 t=1791399252282
EPOCH_GATE epoch=4 released=187 finalized=2 t=1791399252282
EPOCH_CLOSED epoch=3 round=0 value=15F418ED442A1174CC118BE2C6E0901720A9A262B8713F0370577D24DBE81B90 state=CD849DF7F6596DC9E0E1CD3F1F2306AA37D4E018F3EE985EFFDEC0C11EB7B359 t=1791399252282
EPOCH_INSTALLED epoch=3 finalized=3600 cemented=3600 queued=0 missing=0 t=1791399252292
EPOCH_RETAINED epoch=3 retained=2259 held=2256 missing=3 t=1791399252293
EPOCH_INSTALLED epoch=3 finalized=3600 cemented=3600 queued=0 missing=0 t=1791399252294
EPOCH_RETAINED epoch=3 retained=2259 held=2256 missing=3 t=1791399252295
EPOCH_INSTALLED epoch=3 finalized=3600 cemented=3600 queued=0 missing=0 t=1791399252306
EPOCH_RETAINED epoch=3 retained=2259 held=2259 missing=0 t=1791399252307
EPOCH_CARRIED epoch=4 instances=185 t=1791399252308
EPOCH_ADVANCED epoch=5 elections=4521 active=3692 vote_records=462670 t=1791399252308
2026-10-07T18:54:12.336268Z  INFO nanospam::app: Confirming 45000 blocks took 42.18s
2026-10-07T18:54:12.336338Z  INFO nanospam::app: Confirmation rate: 1066 cps
2026-10-07T18:54:12.336351Z  INFO nanospam::app: Average conf time: 3497 ms
2026-10-07T18:54:12.336361Z  INFO nanospam::app: Non-fork confirmation rate: 1012 cps (42722 of 42722 non-fork blocks, 18 of 2278 forks)
2026-10-07T18:54:12.338417Z  INFO nanospam::app: RAI_BENCH_METRICS {"created":45000,"confirmed":42740,"duration_secs":42.184377667,"confirmation_unit":"primary publication or its confirmed fork alternative","alternative_confirmed":13,"confirmation_histogram_ms":{"38":1,"39":1,"53":1,"54":1,"55":7,"56":8,"57":9,"58":7,"59":14,"60":12,"61":12,"62":10,"63":17,"64":14,"65":13,"66":14,"67":15,"68":22,"69":26,"70":19,"71":24,"72":24,"73":27,"74":21,"75":35,"76":39,"77":45,"78":47,"79":54,"80":70,"81":65,"82":77,"83":97,"84":111,"85":131,"86":138,"87":167,"88":168,"89":166,"90":159,"91":178,"92":214,"93":238,"94":258,"95":285,"96":299,"97":329,"98":332,"99":382,"100":373,"101":405,"102":419,"103":453,"104":467,"105":498,"106":484,"107":487,"108":562,"109":520,"110":522,"111":522,"112":524,"113":533,"114":532,"115":517,"116":530,"117":479,"118":474,"119":466,"120":422,"121":450,"122":432,"123":373,"124":352,"125":355,"126":338,"127":317,"128":287,"129":262,"130":273,"131":237,"132":209,"133":184,"134":201,"135":174,"136":162,"137":159,"138":159,"139":148,"140":140,"141":124,"142":120,"143":129,"144":122,"145":122,"146":109,"147":109,"148":83,"149":108,"150":120,"151":88,"152":97,"153":92,"154":65,"155":92,"156":70,"157":63,"158":69,"159":64,"160":52,"161":40,"162":45,"163":43,"164":59,"165":43,"166":35,"167":42,"168":44,"169":52,"170":58,"171":41,"172":47,"173":36,"174":45,"175":43,"176":65,"177":79,"178":48,"179":27,"180":45,"181":35,"182":21,"183":31,"184":31,"185":39,"186":19,"187":12,"188":14,"189":19,"190":17,"191":34,"192":22,"193":13,"194":25,"195":44,"196":49,"197":32,"198":36,"199":28,"200":33,"201":22,"202":28,"203":21,"204":12,"205":36,"206":23,"207":35,"208":31,"209":18,"210":12,"211":8,"212":34,"213":48,"214":47,"215":28,"216":18,"217":12,"218":16,"219":12,"220":13,"221":14,"222":11,"223":5,"224":8,"225":8,"226":21,"227":22,"228":15,"229":16,"230":23,"231":62,"232":57,"233":48,"234":43,"235":33,"236":32,"237":26,"238":23,"239":38,"240":43,"241":36,"242":18,"243":18,"244":16,"245":11,"246":20,"247":20,"248":28,"249":44,"250":49,"251":24,"252":7,"253":8,"254":8,"255":11,"256":8,"257":4,"258":5,"259":7,"260":7,"261":9,"262":6,"263":11,"264":6,"265":15,"266":6,"267":18,"268":13,"269":15,"270":21,"271":27,"272":22,"273":17,"274":15,"275":9,"276":5,"277":13,"278":4,"279":4,"280":7,"281":10,"282":13,"283":21,"284":16,"285":19,"286":24,"287":32,"288":10,"289":12,"290":9,"291":15,"292":15,"293":8,"294":10,"295":10,"296":7,"297":5,"298":8,"299":3,"300":5,"301":1,"302":5,"303":4,"304":13,"305":4,"306":4,"307":8,"308":3,"309":5,"310":4,"311":3,"312":2,"313":5,"314":3,"315":1,"316":3,"317":2,"318":1,"319":2,"320":5,"321":6,"322":7,"323":4,"324":1,"325":3,"326":11,"327":10,"328":6,"329":3,"330":7,"331":5,"332":4,"333":8,"334":8,"335":10,"336":5,"337":5,"340":3,"341":2,"342":2,"343":3,"345":3,"346":1,"347":2,"348":4,"349":2,"350":3,"351":1,"352":1,"353":4,"354":2,"355":2,"357":1,"358":4,"359":1,"360":1,"361":3,"362":1,"363":4,"364":3,"365":5,"366":5,"367":2,"368":2,"369":2,"370":7,"371":5,"372":4,"373":5,"374":4,"375":2,"376":1,"377":2,"378":2,"379":1,"380":2,"381":2,"382":1,"383":6,"384":6,"385":9,"386":6,"387":6,"388":7,"389":4,"390":6,"391":8,"392":4,"393":2,"394":6,"395":5,"396":6,"397":5,"398":7,"399":3,"401":2,"402":2,"403":3,"404":5,"405":2,"406":10,"407":8,"408":10,"409":8,"410":6,"411":8,"412":6,"413":2,"414":3,"415":4,"416":8,"417":3,"418":7,"419":4,"420":7,"421":4,"422":5,"423":9,"424":8,"425":10,"426":10,"427":7,"428":9,"429":5,"430":9,"431":9,"432":8,"433":13,"434":8,"435":6,"436":7,"437":13,"438":13,"439":13,"440":9,"441":9,"442":4,"443":11,"444":9,"445":4,"446":8,"447":7,"448":8,"449":9,"450":14,"451":13,"452":7,"453":18,"454":10,"455":13,"456":10,"457":14,"458":8,"459":14,"460":9,"461":9,"462":6,"463":6,"464":1,"465":6,"466":4,"467":9,"468":6,"469":9,"470":6,"471":6,"472":4,"473":2,"474":5,"475":2,"476":5,"477":4,"478":1,"479":3,"480":3,"481":2,"482":7,"483":3,"484":11,"485":28,"486":24,"487":24,"488":7,"489":11,"490":7,"491":6,"492":2,"493":7,"494":1,"495":2,"496":3,"497":3,"499":3,"500":5,"501":1,"502":1,"503":3,"505":1,"507":6,"508":3,"509":6,"510":6,"511":7,"512":6,"513":5,"514":4,"515":3,"516":4,"517":7,"518":6,"519":8,"520":6,"521":5,"522":2,"523":2,"524":4,"525":6,"526":2,"527":6,"528":2,"529":3,"530":5,"532":1,"533":4,"534":2,"535":1,"536":1,"537":2,"538":1,"539":4,"541":2,"542":4,"543":2,"544":1,"545":2,"546":4,"547":2,"548":1,"549":2,"550":5,"551":4,"552":1,"553":2,"554":4,"555":1,"556":1,"557":4,"559":1,"560":2,"561":5,"562":2,"563":2,"564":3,"565":4,"566":4,"567":2,"568":1,"569":1,"570":3,"572":3,"574":4,"575":1,"576":3,"577":4,"578":2,"579":2,"580":4,"581":2,"582":3,"583":1,"584":3,"585":5,"586":7,"587":5,"588":5,"589":1,"590":5,"591":8,"592":6,"593":2,"594":3,"595":4,"596":6,"597":5,"598":1,"599":4,"600":2,"601":6,"602":7,"603":6,"604":5,"605":6,"606":1,"607":6,"608":2,"609":2,"610":3,"611":4,"612":1,"613":2,"614":2,"615":3,"616":3,"617":5,"618":5,"619":2,"620":3,"621":3,"622":4,"623":6,"624":8,"625":2,"626":7,"627":5,"628":6,"629":4,"630":2,"631":8,"632":3,"633":5,"634":1,"635":4,"636":3,"637":5,"638":5,"639":4,"640":6,"641":2,"642":9,"643":5,"644":5,"645":2,"646":1,"647":7,"648":4,"649":3,"650":5,"651":3,"652":7,"653":7,"654":8,"655":1,"656":6,"657":3,"658":5,"659":8,"660":5,"661":4,"662":2,"663":4,"664":8,"665":2,"666":3,"667":6,"668":5,"670":3,"671":4,"672":6,"673":2,"674":4,"675":5,"676":4,"677":5,"678":2,"679":3,"680":3,"681":8,"682":5,"683":5,"684":7,"685":2,"686":2,"687":6,"688":2,"689":2,"690":4,"691":2,"692":7,"693":14,"694":13,"695":4,"696":2,"697":3,"698":2,"699":7,"700":3,"701":6,"702":5,"703":5,"704":10,"705":5,"706":2,"707":3,"708":4,"709":14,"710":5,"711":3,"712":6,"713":8,"714":9,"715":6,"716":5,"717":7,"718":3,"719":2,"720":9,"721":4,"722":5,"723":6,"724":9,"725":6,"726":7,"727":5,"728":3,"729":1,"730":4,"731":6,"732":4,"733":8,"734":4,"735":4,"736":4,"737":3,"738":6,"739":2,"740":5,"741":7,"742":2,"743":2,"744":5,"745":4,"746":4,"747":4,"748":2,"749":5,"750":3,"751":2,"752":3,"753":1,"754":2,"755":11,"756":5,"757":3,"758":2,"759":5,"761":1,"762":2,"763":1,"764":2,"765":3,"766":1,"767":1,"772":2,"773":2,"774":2,"776":1,"777":4,"778":5,"779":2,"780":1,"781":1,"782":1,"783":1,"784":1,"785":2,"786":2,"787":6,"788":1,"789":2,"790":1,"791":1,"792":2,"793":2,"795":1,"796":5,"797":5,"798":1,"799":2,"800":3,"801":1,"802":1,"803":2,"804":2,"806":1,"807":3,"808":1,"809":2,"811":2,"812":1,"813":1,"818":1,"822":1,"823":1,"824":1,"828":1,"829":2,"830":1,"832":6,"835":3,"836":1,"837":1,"838":2,"839":2,"840":1,"842":1,"843":1,"844":1,"845":1,"846":3,"847":1,"849":1,"850":1,"852":4,"853":2,"855":2,"856":1,"857":2,"859":1,"860":4,"861":3,"862":1,"864":4,"865":1,"867":5,"868":4,"869":3,"870":3,"871":2,"872":7,"873":1,"874":2,"875":1,"877":1,"878":1,"879":3,"880":3,"881":1,"882":1,"884":1,"886":1,"887":2,"888":1,"889":2,"890":2,"891":1,"892":2,"894":1,"895":2,"896":2,"897":4,"898":2,"899":1,"900":2,"901":4,"902":1,"903":2,"906":2,"908":2,"909":3,"910":5,"911":2,"912":1,"914":4,"915":4,"916":2,"917":1,"918":1,"919":1,"920":1,"921":1,"922":3,"923":4,"924":3,"925":1,"926":1,"927":3,"929":1,"930":3,"931":1,"933":2,"935":4,"936":1,"938":1,"941":1,"942":2,"944":2,"945":1,"946":3,"947":2,"948":1,"949":6,"950":3,"952":4,"953":2,"955":3,"956":4,"957":2,"958":4,"959":3,"960":4,"961":4,"962":2,"963":5,"964":1,"965":1,"966":3,"967":1,"968":2,"969":3,"970":1,"971":2,"973":1,"974":3,"975":1,"976":2,"977":4,"978":3,"979":1,"980":2,"981":2,"983":4,"984":1,"986":3,"987":3,"988":2,"989":2,"990":3,"992":2,"993":1,"994":2,"995":3,"996":3,"998":1,"999":1,"1000":3,"1002":2,"1003":1,"1004":1,"1005":4,"1006":3,"1007":3,"1008":1,"1009":4,"1010":1,"1011":4,"1012":3,"1013":1,"1014":2,"1015":2,"1016":1,"1018":3,"1019":1,"1020":1,"1021":1,"1022":2,"1023":1,"1024":1,"1025":2,"1026":2,"1027":2,"1028":2,"1029":4,"1032":2,"1033":1,"1034":2,"1035":2,"1036":1,"1037":3,"1040":2,"1041":3,"1042":2,"1043":3,"1044":2,"1045":1,"1046":2,"1048":1,"1050":2,"1051":1,"1052":2,"1053":4,"1054":1,"1055":2,"1057":2,"1060":6,"1061":2,"1063":1,"1065":1,"1066":2,"1067":4,"1068":4,"1069":4,"1070":4,"1071":2,"1072":4,"1073":3,"1075":2,"1076":2,"1077":2,"1078":1,"1079":4,"1080":3,"1081":4,"1082":2,"1083":1,"1084":1,"1085":2,"1086":3,"1087":1,"1088":2,"1089":2,"1090":2,"1091":1,"1092":2,"1094":2,"1095":1,"1096":1,"1097":4,"1098":4,"1099":1,"1101":2,"1102":3,"1103":1,"1104":1,"1106":4,"1107":1,"1109":1,"1110":1,"1111":5,"1112":1,"1113":3,"1114":1,"1115":2,"1116":1,"1117":3,"1118":2,"1119":1,"1120":1,"1121":4,"1122":2,"1123":2,"1124":2,"1128":1,"1130":3,"1132":4,"1133":1,"1134":4,"1137":3,"1138":2,"1139":2,"1140":1,"1141":3,"1142":1,"1143":3,"1144":2,"1145":2,"1146":2,"1147":2,"1148":1,"1149":1,"1152":2,"1154":2,"1157":1,"1158":2,"1159":2,"1160":1,"1161":1,"1162":3,"1163":3,"1164":2,"1165":3,"1169":1,"1170":2,"1171":3,"1172":2,"1174":2,"1175":2,"1177":1,"1178":2,"1179":1,"1180":2,"1181":2,"1182":3,"1183":3,"1184":1,"1185":4,"1186":3,"1187":4,"1188":5,"1189":1,"1190":3,"1191":1,"1193":2,"1194":1,"1195":2,"1196":2,"1197":1,"1198":2,"1199":2,"1200":1,"1201":3,"1202":1,"1203":2,"1204":2,"1205":2,"1206":2,"1208":3,"1210":3,"1211":5,"1212":2,"1213":2,"1215":1,"1216":2,"1217":1,"1218":1,"1219":2,"1220":1,"1223":2,"1224":6,"1225":3,"1226":3,"1227":1,"1228":5,"1229":3,"1231":2,"1232":2,"1234":1,"1235":2,"1236":1,"1237":3,"1238":2,"1239":1,"1241":1,"1242":2,"1243":3,"1244":3,"1245":3,"1246":2,"1247":2,"1248":3,"1249":1,"1250":1,"1251":2,"1252":3,"1253":7,"1254":1,"1255":2,"1256":1,"1257":3,"1258":2,"1259":6,"1260":6,"1261":2,"1262":5,"1263":1,"1264":4,"1265":3,"1266":5,"1267":6,"1268":2,"1269":1,"1270":4,"1271":4,"1272":1,"1273":6,"1274":6,"1275":2,"1276":2,"1277":4,"1278":5,"1279":5,"1280":4,"1281":5,"1282":4,"1283":6,"1284":2,"1285":6,"1286":2,"1287":3,"1288":4,"1289":2,"1290":2,"1291":6,"1292":3,"1293":3,"1295":4,"1296":2,"1297":4,"1298":2,"1299":4,"1300":1,"1301":2,"1302":3,"1303":5,"1304":2,"1305":2,"1306":1,"1307":7,"1308":5,"1309":2,"1310":4,"1311":2,"1312":3,"1313":3,"1314":3,"1315":2,"1316":3,"1317":4,"1318":1,"1319":3,"1320":4,"1321":4,"1322":3,"1323":4,"1324":5,"1325":1,"1326":4,"1327":2,"1328":6,"1329":2,"1330":4,"1331":3,"1332":6,"1333":5,"1334":6,"1335":5,"1336":2,"1337":5,"1338":2,"1339":2,"1340":4,"1341":1,"1342":5,"1343":4,"1344":6,"1345":4,"1346":3,"1347":3,"1348":6,"1349":1,"1350":1,"1352":1,"1353":2,"1354":2,"1355":2,"1356":1,"1357":1,"1358":2,"1359":1,"1360":3,"1361":1,"1362":1,"1363":6,"1364":3,"1365":2,"1367":4,"1368":1,"1369":1,"1370":4,"1371":2,"1372":3,"1373":5,"1374":1,"1375":1,"1376":4,"1377":5,"1378":2,"1379":4,"1380":4,"1381":2,"1382":1,"1383":4,"1384":2,"1385":2,"1386":1,"1387":3,"1389":4,"1390":3,"1391":4,"1392":1,"1393":2,"1394":1,"1395":2,"1396":1,"1397":2,"1398":4,"1399":4,"1401":2,"1402":4,"1404":6,"1405":4,"1406":1,"1408":1,"1410":1,"1411":3,"1412":1,"1413":1,"1415":3,"1416":1,"1418":2,"1419":1,"1420":2,"1422":1,"1424":3,"1425":3,"1426":2,"1427":2,"1428":2,"1429":3,"1430":2,"1431":1,"1432":4,"1433":2,"1435":3,"1436":1,"1437":1,"1438":7,"1439":2,"1440":3,"1441":1,"1443":1,"1444":3,"1446":2,"1448":1,"1449":4,"1450":1,"1451":2,"1453":4,"1454":2,"1455":1,"1457":1,"1458":3,"1459":1,"1460":3,"1461":2,"1462":2,"1463":1,"1464":4,"1466":1,"1467":3,"1468":2,"1469":3,"1470":1,"1471":2,"1472":3,"1473":1,"1475":2,"1476":3,"1478":3,"1479":1,"1481":2,"1482":1,"1483":1,"1484":1,"1485":1,"1486":2,"1488":2,"1489":1,"1490":1,"1491":1,"1492":3,"1493":4,"1495":4,"1496":2,"1497":4,"1498":3,"1499":2,"1501":4,"1502":3,"1504":3,"1505":2,"1506":2,"1508":2,"1510":1,"1511":1,"1512":3,"1513":1,"1514":3,"1517":2,"1519":2,"1523":1,"1525":3,"1526":5,"1527":2,"1528":4,"1529":3,"1530":2,"1531":3,"1532":1,"1533":2,"1535":1,"1537":1,"1538":4,"1539":2,"1541":1,"1542":3,"1543":1,"1545":2,"1548":1,"1549":1,"1550":3,"1551":6,"1552":2,"1554":1,"1555":2,"1556":1,"1557":1,"1559":1,"1563":1,"1564":1,"1565":3,"1566":2,"1567":2,"1569":1,"1570":1,"1571":2,"1572":2,"1573":8,"1574":2,"1575":1,"1577":2,"1578":2,"1579":2,"1580":1,"1581":2,"1582":1,"1583":1,"1584":1,"1585":2,"1587":2,"1589":2,"1590":5,"1591":1,"1592":2,"1595":2,"1596":3,"1597":1,"1598":4,"1599":3,"1600":3,"1601":1,"1602":1,"1603":1,"1604":1,"1605":4,"1606":2,"1607":3,"1608":4,"1609":4,"1611":2,"1612":2,"1613":1,"1615":3,"1617":1,"1618":3,"1620":2,"1621":2,"1622":1,"1623":3,"1624":1,"1625":1,"1626":1,"1627":2,"1629":2,"1630":3,"1631":2,"1633":3,"1634":3,"1636":1,"1637":2,"1639":1,"1640":2,"1641":1,"1642":1,"1643":3,"1644":2,"1645":3,"1646":2,"1647":3,"1648":1,"1649":2,"1650":3,"1651":1,"1653":3,"1655":3,"1656":1,"1657":2,"1658":2,"1659":1,"1660":2,"1662":5,"1663":5,"1664":2,"1665":3,"1666":1,"1667":1,"1668":2,"1669":3,"1670":3,"1671":3,"1672":2,"1673":1,"1674":1,"1675":2,"1676":2,"1677":1,"1678":3,"1679":4,"1680":2,"1681":1,"1683":3,"1684":1,"1685":2,"1686":4,"1687":4,"1688":2,"1689":3,"1690":2,"1691":4,"1692":2,"1693":3,"1694":6,"1695":3,"1697":3,"1700":1,"1701":4,"1702":2,"1704":1,"1705":2,"1706":1,"1707":1,"1709":2,"1711":1,"1712":1,"1713":3,"1714":2,"1715":2,"1716":3,"1717":2,"1719":1,"1720":1,"1724":1,"1726":1,"1727":3,"1728":3,"1729":1,"1730":1,"1731":4,"1732":1,"1733":1,"1734":1,"1735":2,"1737":4,"1738":1,"1739":3,"1741":2,"1742":4,"1743":1,"1745":2,"1746":2,"1747":2,"1748":1,"1749":2,"1750":1,"1751":1,"1752":3,"1753":1,"1755":2,"1756":3,"1757":1,"1758":5,"1759":2,"1760":2,"1761":1,"1762":2,"1763":1,"1764":1,"1765":1,"1766":2,"1768":1,"1769":3,"1770":3,"1771":3,"1772":5,"1773":3,"1774":3,"1775":5,"1776":3,"1777":1,"1778":2,"1779":3,"1780":1,"1781":2,"1782":1,"1783":1,"1784":2,"1786":2,"1787":1,"1789":3,"1790":4,"1791":4,"1792":1,"1793":2,"1794":1,"1795":1,"1797":1,"1798":1,"1799":2,"1800":2,"1801":2,"1802":2,"1803":1,"1804":1,"1805":1,"1806":1,"1807":1,"1809":2,"1810":1,"1812":1,"1813":2,"1814":3,"1815":1,"1816":1,"1817":1,"1818":1,"1819":1,"1820":2,"1821":2,"1822":2,"1823":1,"1824":2,"1825":1,"1826":1,"1829":1,"1830":2,"1831":1,"1832":1,"1833":1,"1834":2,"1835":2,"1838":3,"1839":1,"1840":1,"1841":2,"1842":1,"1843":1,"1844":2,"1846":1,"1847":1,"1850":2,"1851":1,"1852":1,"1854":1,"1855":1,"1856":2,"1857":3,"1858":2,"1859":1,"1861":1,"1862":1,"1864":3,"1865":1,"1866":2,"1867":2,"1868":2,"1872":2,"1873":2,"1874":3,"1875":4,"1876":4,"1877":1,"1878":3,"1880":1,"1881":1,"1882":1,"1883":1,"1884":2,"1885":1,"1886":1,"1887":1,"1888":1,"1891":1,"1894":1,"1899":1,"1900":2,"1903":1,"1906":1,"1935":1,"1936":1,"1937":1,"1938":2,"1939":1,"1941":1,"1942":1,"1943":1,"1944":1,"1945":1,"1946":3,"1948":1,"1950":3,"1951":2,"1958":1,"1964":1,"1965":1,"1967":3,"2608":1,"6729":1,"6731":1,"6734":1,"6736":1,"6738":1,"6739":2,"6740":2,"6741":1,"6743":1,"6745":1,"6746":1,"6747":4,"6749":1,"6750":1,"6752":1,"6753":1,"6754":3,"6755":1,"6756":1,"6757":1,"6758":2,"6762":3,"6764":1,"6765":3,"6767":3,"6768":1,"6769":1,"6770":3,"6771":2,"6772":1,"6775":2,"6776":1,"6777":3,"6778":2,"6779":3,"6781":2,"6783":2,"6785":1,"6786":1,"6787":3,"6789":1,"6790":2,"6791":1,"6793":1,"6794":1,"6795":2,"6797":4,"6799":1,"6800":6,"6801":3,"6802":2,"6803":1,"6804":2,"6805":4,"6806":5,"6807":5,"6808":1,"6809":2,"6810":3,"6811":4,"6812":6,"6813":3,"6814":6,"6815":6,"6816":6,"6817":8,"6818":7,"6819":6,"6820":11,"6821":7,"6822":3,"6823":4,"6824":6,"6825":7,"6826":4,"6827":8,"6828":7,"6829":3,"6830":9,"6831":8,"6832":13,"6833":8,"6834":6,"6836":7,"6837":8,"6838":4,"6839":4,"6840":1,"6841":2,"6842":5,"6843":5,"6844":2,"6845":5,"6846":8,"6847":5,"6848":5,"6849":3,"6850":4,"6851":3,"6852":8,"6853":2,"6854":8,"6855":3,"6856":7,"6857":2,"6858":3,"6859":4,"6860":2,"6861":4,"6862":3,"6864":4,"6865":7,"6866":2,"6867":3,"6868":3,"6869":1,"6870":2,"6871":3,"6872":3,"6873":3,"6874":3,"6875":5,"6876":3,"6877":2,"6878":2,"6879":2,"6880":1,"6882":1,"6885":2,"6886":1,"6889":1,"6890":1,"6891":2,"6892":1,"6893":2,"6895":1,"6898":1,"6901":1,"6910":1,"6914":1,"6919":1,"6920":1,"6923":1,"6926":1,"6929":1,"6930":1,"6931":1,"6934":1,"6935":1,"6939":2,"6943":2,"6944":1,"6946":1,"6947":1,"6948":1,"6950":1,"6968":2,"6972":1,"6974":1,"6978":1,"6982":1,"6985":1,"6989":1,"6990":2,"6995":1,"7008":1,"7011":1,"7021":3,"7024":1,"7025":1,"7027":2,"7029":1,"7030":2,"7031":2,"7033":2,"7034":1,"7036":1,"7039":3,"7040":2,"7041":3,"7042":6,"7043":1,"7045":2,"7046":3,"7047":1,"7048":1,"7049":1,"7050":2,"7051":1,"7054":3,"7056":2,"7057":1,"7058":1,"7059":1,"7060":4,"7061":1,"7063":1,"7064":2,"7067":1,"7069":1,"7070":1,"7071":1,"7073":4,"7075":2,"7076":3,"7077":5,"7078":1,"7079":2,"7080":2,"7081":1,"7082":1,"7083":1,"7085":1,"7087":2,"7088":2,"7089":2,"7090":3,"7091":1,"7092":4,"7096":2,"7097":1,"7098":1,"7100":3,"7101":2,"7102":1,"7103":3,"7104":1,"7105":2,"7106":3,"7107":3,"7108":2,"7109":1,"7112":2,"7113":2,"7114":1,"7115":2,"7116":1,"7117":2,"7118":3,"7119":1,"7120":1,"7121":1,"7122":5,"7123":1,"7124":2,"7125":6,"7127":1,"7128":3,"7129":3,"7130":2,"7131":2,"7132":7,"7133":4,"7134":2,"7135":3,"7136":4,"7137":5,"7138":4,"7139":4,"7140":8,"7141":6,"7142":4,"7143":5,"7144":9,"7145":6,"7146":4,"7147":4,"7148":5,"7149":1,"7150":6,"7152":4,"7153":5,"7154":6,"7155":3,"7156":5,"7157":7,"7158":7,"7159":4,"7160":2,"7161":4,"7162":1,"7163":1,"7172":1,"7173":1,"7174":3,"7175":1,"7176":3,"7177":5,"7178":2,"7179":4,"7180":2,"7181":5,"7182":6,"7183":6,"7184":5,"7185":8,"7186":7,"7187":8,"7188":11,"7189":3,"7190":6,"7191":10,"7192":9,"7193":10,"7194":9,"7195":10,"7196":8,"7197":6,"7198":12,"7199":7,"7200":7,"7201":5,"7202":12,"7203":7,"7204":6,"7205":4,"7206":4,"7207":1,"7208":7,"7209":3,"7210":2,"7211":4,"7212":1,"7213":3,"7214":2,"7215":1,"7216":4,"7217":6,"7218":4,"7219":2,"7220":3,"7221":4,"7222":10,"7223":5,"7224":4,"7225":4,"7226":2,"7227":6,"7228":10,"7229":8,"7230":19,"7231":11,"7232":11,"7233":5,"7234":4,"7235":4,"7236":8,"7237":7,"7238":2,"7239":9,"7240":7,"7241":7,"7242":7,"7243":7,"7244":16,"7245":7,"7246":6,"7247":5,"7248":5,"7249":5,"7250":11,"7251":5,"7252":5,"7253":5,"7254":3,"7255":1,"7256":1,"7257":1,"7258":4,"7260":1,"7262":2,"7264":1,"7265":2,"7266":2,"7267":3,"7268":1,"7269":1,"7270":4,"7271":4,"7272":5,"7273":6,"7274":3,"7275":7,"7276":2,"7277":12,"7278":6,"7279":4,"7280":8,"7281":8,"7282":1,"7283":4,"7284":3,"7285":5,"7286":5,"7287":5,"7288":5,"7289":3,"7290":7,"7291":3,"7292":4,"7293":5,"7294":10,"7295":5,"7296":13,"7297":5,"7298":9,"7299":14,"7300":8,"7301":8,"7302":7,"7303":8,"7304":11,"7305":9,"7306":14,"7307":7,"7308":9,"7309":13,"7310":14,"7311":9,"7312":11,"7313":18,"7314":12,"7315":11,"7316":15,"7317":16,"7318":9,"7319":10,"7320":12,"7321":13,"7322":12,"7323":17,"7324":13,"7325":6,"7326":17,"7327":8,"7328":11,"7329":8,"7330":6,"7331":8,"7332":2,"7333":3,"7334":4,"7335":6,"7336":5,"7337":6,"7338":4,"7339":1,"7340":7,"7341":8,"7342":2,"7343":5,"7344":5,"7345":4,"7346":2,"7347":3,"7348":1,"7349":3,"7350":5,"7351":1,"7352":1,"7353":3,"7354":2,"7355":3,"7356":2,"7357":1,"7358":2,"7359":1,"7360":3,"7361":5,"7362":4,"7363":2,"7364":2,"7365":1,"7366":2,"7367":4,"7368":1,"7369":3,"7370":1,"7371":1,"7377":1,"7385":1,"7389":1,"7391":2,"7392":3,"7393":2,"7394":3,"7395":4,"7396":2,"7397":4,"7398":4,"7399":8,"7400":9,"7401":7,"7402":8,"7403":5,"7404":8,"7405":7,"7406":8,"7407":2,"7408":7,"7409":11,"7410":9,"7411":6,"7412":9,"7413":9,"7414":3,"7415":8,"7416":6,"7417":13,"7418":7,"7419":15,"7420":5,"7421":7,"7422":6,"7423":4,"7424":2,"7425":3,"7426":1,"7428":2,"7430":1,"7431":1,"7470":1,"7475":1,"7477":1,"7478":1,"7480":4,"7481":1,"7482":2,"7483":1,"7484":2,"7485":4,"7486":4,"7487":3,"7488":4,"7489":4,"7490":6,"7491":2,"7492":5,"7493":8,"7494":5,"7495":8,"7496":7,"7497":11,"7498":6,"7499":1,"7500":7,"7501":5,"7502":7,"7503":6,"7504":10,"7505":15,"7506":9,"7507":15,"7508":22,"7509":9,"7510":12,"7511":11,"7512":10,"7513":17,"7514":16,"7515":21,"7516":19,"7517":11,"7518":10,"7519":13,"7520":13,"7521":17,"7522":19,"7523":21,"7524":12,"7525":10,"7526":8,"7527":18,"7528":16,"7529":18,"7530":19,"7531":22,"7532":20,"7533":15,"7534":18,"7535":14,"7536":21,"7537":17,"7538":13,"7539":9,"7540":13,"7541":14,"7542":16,"7543":7,"7544":19,"7545":11,"7546":21,"7547":20,"7548":15,"7549":9,"7550":13,"7551":10,"7552":13,"7553":12,"7554":7,"7555":8,"7556":10,"7557":9,"7558":6,"7559":10,"7560":9,"7561":6,"7562":5,"7563":6,"7564":7,"7565":11,"7566":5,"7567":5,"7568":4,"7569":8,"7570":4,"7571":9,"7572":7,"7573":3,"7574":2,"7575":8,"7576":8,"7577":8,"7578":7,"7579":3,"7580":3,"7581":7,"7582":9,"7583":4,"7584":8,"7585":4,"7586":6,"7587":6,"7588":6,"7589":1,"7590":1,"7591":3,"7593":2,"7594":5,"7595":3,"7596":1,"7597":4,"7598":7,"7599":1,"7600":9,"7601":7,"7602":1,"7603":4,"7605":3,"7606":3,"7607":3,"7608":2,"7609":5,"7610":2,"7611":4,"7612":1,"7613":6,"7614":2,"7615":5,"7616":1,"7617":4,"7618":7,"7619":5,"7620":6,"7621":5,"7622":4,"7623":6,"7624":5,"7625":4,"7626":3,"7627":2,"7628":3,"7629":2,"7630":2,"7631":6,"7632":4,"7633":2,"7634":1,"7635":2,"7636":4,"7638":3,"7639":1,"7640":3,"7641":4,"7642":4,"7643":2,"7644":3,"7646":3,"7647":1,"7648":1,"7649":1,"7651":1,"7652":1,"7653":2,"7656":2,"7658":1,"7659":2,"7660":1,"7663":1,"7913":1,"7983":1,"7988":1,"7989":1,"7993":1,"8013":1,"8014":1,"8016":1,"8017":1,"8018":1,"8035":1,"8103":1,"8107":1,"8213":1,"8231":1,"8233":1,"8249":1,"8277":1,"8284":1,"8293":1,"8297":1,"8298":1,"8311":1,"8315":2,"8316":1,"8317":1,"8318":1,"8319":1,"8321":1,"8358":4,"8361":1,"8362":3,"8364":1,"8386":1,"8388":2,"8401":1,"8404":1,"8407":2,"8410":1,"8412":1,"8415":1,"8416":1,"8417":1,"8441":1,"8453":3,"8454":1,"8458":1,"8462":1,"8473":1,"8479":1,"8480":1,"8482":2,"8483":1,"8484":3,"8486":1,"8487":1,"8489":2,"8490":1,"8495":1,"8504":1,"8515":1,"8521":1,"8522":1,"8523":1,"8525":1,"8532":1,"8544":1,"8557":1,"8576":1,"8582":1,"8583":1,"8585":1,"8586":1,"8587":1,"8651":1,"8656":2,"8660":1,"8661":1,"8662":1,"8666":1,"8668":2,"8670":1,"8671":1,"8672":1,"8673":1,"8687":1,"8688":2,"8691":2,"8693":1,"8695":1,"8696":1,"8703":1,"8704":1,"8707":1,"8708":4,"8709":1,"8711":2,"8712":1,"8713":4,"8714":2,"8715":1,"8717":1,"8719":1,"8722":1,"8728":1,"8730":1,"8737":2,"8739":1,"8750":1,"8751":1,"8757":1,"8853":2,"8941":1,"8964":1,"9415":1,"9420":1,"9429":2,"9431":1,"9437":1,"9440":1,"9443":2,"9445":1,"9446":1,"9450":1,"9452":1,"9462":1,"9463":2,"9465":1,"9470":1,"9472":1,"9473":2,"9477":1,"9480":2,"9483":2,"9484":1,"9486":1,"9487":2,"9492":1,"9493":3,"9494":1,"9495":1,"9496":1,"9498":1,"9499":2,"9500":1,"9502":1,"9504":3,"9505":2,"9506":2,"9507":2,"9509":2,"9510":2,"9512":1,"9514":1,"9515":1,"9516":1,"9517":3,"9518":1,"9519":2,"9521":3,"9523":1,"9524":2,"9526":3,"9528":1,"9530":1,"9531":1,"9532":1,"9533":1,"9535":2,"9537":3,"9538":2,"9541":1,"9542":1,"9543":1,"9544":1,"9545":2,"9547":1,"9550":1,"9551":1,"9552":1,"9553":4,"9557":1,"9559":2,"9560":1,"9561":1,"9562":2,"9564":2,"9565":1,"9566":2,"9567":3,"9570":1,"9571":3,"9573":1,"9574":1,"9576":2,"9578":2,"9579":2,"9580":3,"9585":1,"9586":1,"9587":1,"9588":3,"9590":1,"9591":1,"9592":1,"9593":2,"9597":2,"9599":3,"9600":1,"9601":1,"9602":1,"9603":1,"9606":2,"9610":4,"9611":2,"9612":2,"9614":2,"9616":1,"9617":2,"9618":1,"9619":4,"9620":2,"9622":1,"9624":4,"9625":2,"9626":1,"9628":2,"9629":4,"9631":4,"9632":4,"9634":2,"9637":2,"9638":2,"9639":1,"9641":2,"9642":2,"9644":1,"9645":1,"9646":2,"9648":2,"9649":1,"9651":2,"9652":1,"9653":1,"9654":3,"9655":1,"9656":2,"9657":3,"9658":2,"9659":1,"9660":1,"9661":3,"9663":1,"9664":1,"9665":1,"9670":1,"9671":2,"9672":2,"9673":2,"9674":1,"9675":1,"9677":2,"9679":1,"9680":3,"9681":1,"9683":2,"9684":4,"9685":1,"9688":1,"9689":1,"9690":1,"9692":3,"9693":2,"9694":2,"9696":2,"9697":2,"9698":3,"9699":4,"9701":1,"9702":4,"9703":2,"9704":1,"9706":1,"9707":1,"9708":2,"9709":3,"9710":2,"9711":1,"9712":4,"9714":1,"9715":1,"9717":1,"9720":1,"9721":1,"9722":5,"9723":4,"9724":3,"9725":3,"9726":1,"9727":1,"9728":2,"9729":1,"9731":1,"9733":2,"9737":2,"9738":3,"9739":2,"9740":3,"9741":2,"9742":3,"9745":1,"9746":2,"9747":2,"9748":2,"9749":1,"9750":2,"9751":1,"9752":1,"9753":1,"9754":5,"9755":2,"9756":6,"9757":1,"9758":2,"9759":2,"9760":1,"9761":3,"9762":2,"9763":3,"9764":3,"9767":1,"9768":3,"9769":1,"9771":2,"9772":2,"9773":2,"9775":1,"9777":1,"9778":3,"9779":1,"9780":2,"9781":2,"9782":3,"9783":2,"9784":3,"9786":2,"9787":2,"9788":1,"9789":1,"9790":3,"9791":2,"9792":3,"9793":3,"9796":1,"9798":3,"9800":3,"9801":4,"9804":2,"9806":1,"9808":2,"9809":4,"9811":3,"9812":4,"9813":1,"9814":5,"9815":3,"9816":3,"9817":1,"9818":2,"9819":1,"9820":3,"9821":2,"9822":1,"9823":2,"9825":3,"9826":2,"9827":1,"9829":2,"9830":1,"9831":2,"9833":3,"9837":1,"9838":1,"9839":2,"9840":2,"9841":1,"9842":2,"9843":1,"9844":1,"9845":2,"9846":2,"9847":2,"9848":5,"9849":3,"9850":2,"9851":1,"9852":1,"9853":2,"9854":2,"9855":1,"9856":1,"9857":1,"9859":2,"9860":4,"9861":3,"9862":1,"9863":1,"9864":1,"9865":2,"9866":2,"9867":2,"9870":2,"9872":1,"9873":2,"9874":2,"9875":2,"9876":1,"9877":2,"9878":1,"9879":6,"9881":1,"9882":3,"9883":5,"9884":2,"9885":2,"9886":1,"9887":1,"9888":2,"9889":1,"9890":1,"9891":2,"9892":2,"9893":4,"9894":2,"9895":3,"9896":3,"9897":2,"9898":2,"9899":1,"9900":7,"9901":3,"9902":1,"9903":1,"9905":2,"9908":3,"9909":1,"9910":2,"9912":2,"9913":1,"9914":3,"9915":4,"9916":4,"9917":1,"9920":1,"9921":1,"9922":2,"9923":1,"9924":2,"9925":1,"9927":2,"9928":1,"9929":4,"9930":3,"9933":1,"9934":3,"9935":2,"9937":1,"9938":1,"9939":1,"9940":1,"9941":2,"9943":1,"9944":2,"9945":1,"9946":3,"9947":2,"9948":2,"9949":1,"9951":1,"9952":2,"9953":1,"9954":1,"9956":3,"9957":2,"9958":2,"9959":6,"9962":3,"9963":1,"9964":2,"9965":2,"9966":1,"9967":1,"9968":1,"9969":3,"9970":1,"9972":3,"9973":1,"9974":4,"9975":1,"9976":2,"9977":3,"9978":2,"9979":1,"9980":2,"9982":4,"9983":1,"9985":2,"9986":2,"9989":1,"9991":2,"9992":1,"9993":2,"9994":3,"9995":2,"9996":3,"9997":2,"9998":3,"10001":2,"10002":2,"10003":2,"10005":3,"10006":1,"10007":4,"10008":1,"10009":1,"10010":1,"10011":4,"10012":5,"10013":3,"10015":2,"10016":1,"10020":2,"10025":1,"10026":1,"10027":1,"10028":2,"10029":1,"10030":2,"10031":2,"10033":1,"10034":2,"10035":3,"10036":3,"10037":1,"10038":1,"10039":5,"10044":1,"10045":1,"10047":3,"10048":1,"10049":1,"10051":1,"10054":4,"10056":3,"10057":3,"10058":1,"10059":2,"10062":2,"10063":1,"10064":2,"10065":1,"10066":1,"10067":1,"10068":2,"10069":2,"10070":4,"10071":3,"10072":4,"10074":3,"10075":1,"10076":4,"10077":2,"10078":2,"10079":1,"10080":2,"10081":1,"10082":4,"10083":7,"10084":5,"10085":1,"10086":3,"10087":1,"10088":2,"10090":1,"10091":2,"10092":1,"10093":1,"10094":2,"10095":5,"10096":1,"10097":3,"10098":1,"10099":1,"10100":3,"10101":2,"10103":1,"10104":1,"10105":2,"10107":2,"10109":1,"10112":1,"10113":1,"10114":1,"10115":3,"10116":2,"10117":5,"10118":1,"10119":1,"10120":2,"10121":1,"10123":3,"10125":2,"10126":5,"10127":2,"10129":2,"10130":2,"10131":2,"10132":3,"10134":1,"10135":1,"10136":3,"10137":1,"10138":1,"10139":1,"10140":3,"10141":1,"10142":3,"10143":4,"10144":3,"10145":1,"10146":1,"10147":1,"10149":1,"10150":1,"10151":2,"10152":1,"10154":1,"10155":1,"10156":1,"10157":3,"10159":2,"10160":1,"10161":1,"10162":3,"10164":2,"10166":2,"10167":1,"10168":1,"10170":2,"10171":1,"10174":2,"10176":1,"10177":2,"10178":1,"10180":2,"10181":1,"10182":1,"10183":1,"10184":1,"10185":1,"10186":1,"10187":3,"10188":2,"10189":1,"10190":1,"10191":1,"10192":2,"10193":2,"10194":1,"10195":1,"10196":3,"10197":2,"10198":1,"10200":2,"10201":4,"10202":4,"10203":5,"10204":1,"10205":3,"10206":3,"10207":1,"10208":1,"10209":3,"10210":2,"10211":1,"10212":1,"10214":1,"10215":1,"10216":1,"10217":3,"10218":1,"10219":3,"10221":1,"10222":2,"10223":2,"10224":4,"10225":2,"10226":3,"10227":1,"10230":3,"10231":4,"10232":1,"10233":2,"10234":2,"10236":5,"10237":1,"10238":2,"10239":1,"10240":4,"10242":2,"10243":2,"10245":1,"10249":1,"10252":2,"10253":4,"10254":2,"10255":1,"10257":1,"10258":1,"10259":3,"10261":4,"10262":2,"10263":1,"10264":1,"10266":1,"10267":3,"10268":2,"10269":1,"10270":1,"10271":4,"10272":1,"10273":2,"10274":4,"10275":1,"10276":3,"10277":2,"10279":1,"10280":2,"10281":2,"10282":4,"10283":3,"10285":4,"10286":6,"10287":4,"10289":2,"10290":1,"10291":1,"10292":1,"10293":1,"10296":1,"10297":1,"10298":3,"10300":1,"10302":2,"10303":3,"10304":2,"10305":2,"10306":2,"10308":1,"10309":2,"10310":5,"10311":2,"10314":2,"10316":5,"10317":1,"10318":3,"10320":4,"10322":1,"10323":5,"10324":1,"10325":1,"10326":1,"10327":2,"10328":1,"10329":2,"10330":3,"10331":2,"10332":3,"10333":1,"10334":2,"10335":6,"10336":3,"10338":1,"10339":2,"10341":1,"10342":1,"10343":1,"10344":2,"10345":3,"10346":2,"10347":2,"10348":3,"10349":1,"10351":2,"10352":1,"10353":2,"10354":1,"10355":1,"10356":2,"10357":1,"10358":2,"10359":2,"10361":1,"10362":2,"10363":2,"10364":1,"10365":1,"10367":2,"10368":1,"10369":1,"10370":2,"10371":1,"10372":1,"10373":1,"10374":3,"10375":1,"10376":1,"10378":2,"10380":1,"10381":1,"10382":1,"10383":2,"10384":1,"10385":1,"10386":1,"10387":1,"10388":1,"10389":2,"10390":3,"10392":1,"10393":2,"10394":2,"10395":1,"10396":2,"10397":3,"10398":2,"10400":2,"10402":1,"10403":3,"10404":1,"10405":1,"10406":2,"10407":2,"10409":1,"10410":1,"10412":3,"10413":2,"10414":1,"10415":2,"10416":2,"10417":2,"10419":2,"10420":2,"10422":2,"10423":2,"10424":3,"10425":2,"10426":1,"10427":4,"10428":1,"10429":3,"10430":2,"10432":3,"10433":2,"10434":2,"10435":2,"10438":4,"10439":3,"10440":1,"10441":1,"10442":3,"10443":5,"10445":1,"10446":2,"10447":3,"10448":2,"10449":3,"10450":1,"10451":1,"10452":3,"10454":1,"10455":2,"10456":1,"10457":4,"10459":1,"10460":1,"10461":1,"10463":1,"10464":2,"10465":2,"10466":4,"10467":2,"10468":3,"10469":1,"10470":2,"10471":1,"10472":1,"10473":2,"10474":2,"10475":1,"10476":5,"10477":1,"10478":1,"10480":1,"10481":2,"10483":3,"10484":4,"10486":2,"10487":1,"10490":3,"10491":5,"10492":2,"10493":2,"10495":1,"10496":5,"10497":4,"10498":3,"10499":2,"10501":2,"10502":3,"10503":2,"10504":2,"10505":1,"10507":3,"10508":2,"10509":3,"10511":1,"10512":3,"10513":4,"10514":2,"10518":1,"10519":2,"10520":4,"10521":2,"10522":5,"10523":1,"10525":2,"10526":1,"10527":1,"10528":4,"10529":2,"10530":2,"10531":1,"10532":1,"10533":2,"10535":4,"10537":2,"10538":3,"10539":2,"10541":4,"10543":2,"10544":1,"10545":1,"10546":2,"10547":1,"10549":1,"10550":1,"10551":1,"10552":3,"10553":2,"10554":4,"10555":1,"10556":5,"10557":1,"10558":1,"10559":1,"10560":3,"10561":6,"10562":5,"10563":1,"10564":2,"10566":1,"10567":5,"10568":5,"10569":4,"10570":1,"10571":2,"10572":4,"10573":1,"10575":2,"10576":2,"10577":1,"10578":1,"10579":6,"10580":1,"10581":1,"10583":2,"10585":2,"10586":2,"10587":2,"10588":2,"10589":1,"10590":2,"10591":2,"10592":3,"10593":3,"10594":1,"10595":3,"10596":1,"10597":5,"10598":1,"10599":4,"10600":1,"10602":2,"10603":5,"10605":3,"10606":2,"10607":1,"10609":1,"10610":4,"10611":2,"10612":1,"10613":2,"10614":2,"10615":1,"10616":2,"10618":1,"10619":2,"10620":1,"10621":2,"10622":2,"10623":4,"10624":5,"10626":3,"10627":1,"10628":2,"10629":3,"10630":6,"10632":5,"10633":2,"10636":1,"10637":2,"10638":2,"10640":2,"10641":3,"10643":3,"10644":3,"10645":1,"10646":5,"10648":2,"10649":3,"10650":3,"10651":5,"10652":2,"10653":2,"10656":1,"10657":1,"10658":2,"10659":3,"10662":3,"10663":3,"10664":2,"10666":1,"10667":5,"10668":4,"10669":2,"10672":1,"10673":1,"10674":2,"10676":3,"10677":1,"10678":1,"10680":1,"10681":4,"10682":4,"10683":2,"10684":1,"10685":1,"10686":3,"10688":2,"10689":5,"10690":4,"10691":2,"10692":4,"10693":2,"10694":3,"10695":1,"10696":3,"10697":3,"10698":1,"10699":1,"10700":1,"10703":1,"10704":1,"10705":1,"10707":1,"10708":3,"10709":1,"10710":1,"10711":2,"10712":2,"10713":1,"10714":1,"10715":2,"10716":3,"10717":1,"10718":3,"10719":3,"10720":2,"10721":1,"10722":1,"10723":1,"10724":3,"10725":1,"10726":3,"10727":1,"10728":2,"10730":1,"10731":2,"10732":1,"10735":3,"10736":2,"10737":2,"10738":1,"10739":1,"10740":3,"10741":2,"10743":3,"10745":2,"10746":3,"10747":3,"10748":3,"10750":1,"10751":2,"10752":4,"10753":2,"10754":1,"10755":1,"10756":2,"10757":1,"10758":3,"10759":2,"10760":2,"10761":4,"10762":2,"10763":3,"10764":3,"10765":3,"10766":2,"10768":5,"10769":2,"10770":3,"10772":3,"10774":2,"10775":3,"10776":3,"10778":1,"10780":3,"10781":1,"10784":1,"10786":2,"10787":2,"10788":3,"10789":2,"10791":2,"10792":3,"10793":1,"10794":1,"10795":2,"10796":1,"10797":1,"10798":1,"10799":1,"10800":1,"10801":2,"10803":1,"10804":4,"10805":2,"10807":2,"10808":2,"10809":3,"10811":4,"10812":2,"10813":2,"10814":2,"10815":3,"10816":1,"10818":1,"10819":1,"10820":1,"10822":3,"10823":1,"10824":3,"10825":3,"10826":3,"10827":2,"10828":3,"10829":1,"10830":2,"10831":1,"10832":4,"10833":1,"10834":1,"10836":3,"10837":1,"10838":1,"10839":1,"10840":2,"10841":1,"10843":1,"10844":3,"10845":1,"10846":1,"10847":2,"10848":2,"10850":1,"10851":3,"10852":4,"10853":2,"10854":1,"10855":1,"10856":5,"10857":2,"10858":1,"10860":2,"10861":3,"10863":3,"10864":3,"10865":2,"10866":6,"10867":3,"10868":2,"10870":2,"10871":1,"10872":2,"10873":1,"10876":7,"10877":2,"10878":1,"10879":1,"10880":2,"10881":4,"10882":5,"10883":1,"10884":3,"10885":2,"10888":3,"10891":3,"10892":4,"10896":4,"10897":4,"10898":1,"10899":1,"10900":2,"10901":2,"10902":1,"10903":2,"10904":2,"10905":1,"10906":6,"10907":3,"10909":1,"10910":1,"10911":2,"10912":3,"10914":1,"10915":2,"10916":5,"10917":3,"10918":2,"10919":4,"10921":1,"10922":2,"10924":1,"10927":2,"10928":4,"10929":3,"10930":2,"10931":1,"10932":3,"10933":3,"10934":3,"10935":2,"10936":2,"10937":3,"10938":2,"10939":1,"10940":1,"10941":5,"10943":3,"10945":2,"10946":3,"10947":2,"10949":1,"10950":2,"10951":3,"10952":2,"10953":2,"10954":2,"10958":1,"10960":1,"10963":4,"10964":4,"10965":3,"10966":2,"10967":1,"10968":2,"10969":2,"10970":3,"10971":4,"10972":1,"10973":5,"10974":2,"10975":1,"10976":2,"10977":2,"10978":6,"10979":1,"10980":1,"10981":2,"10982":2,"10984":4,"10985":3,"10986":4,"10988":1,"10989":1,"10990":2,"10991":2,"10992":3,"10993":3,"10994":5,"10995":3,"10996":3,"10998":3,"11000":3,"11001":1,"11002":1,"11003":2,"11004":3,"11005":1,"11006":1,"11007":1,"11008":2,"11009":2,"11010":1,"11011":4,"11012":3,"11013":1,"11014":1,"11015":1,"11018":2,"11019":4,"11020":6,"11021":3,"11022":6,"11023":6,"11024":4,"11025":1,"11026":1,"11027":6,"11028":6,"11029":5,"11030":2,"11031":4,"11033":1,"11034":1,"11035":2,"11036":4,"11037":1,"11038":3,"11039":3,"11040":4,"11041":2,"11042":2,"11043":6,"11044":3,"11045":5,"11046":2,"11047":1,"11048":3,"11049":2,"11050":3,"11051":3,"11052":2,"11053":1,"11054":3,"11055":2,"11056":4,"11057":1,"11058":3,"11059":1,"11062":2,"11064":1,"11065":3,"11066":1,"11067":1,"11068":1,"11069":5,"11070":2,"11073":2,"11074":1,"11075":2,"11078":1,"11081":1,"11082":1,"11083":1,"11086":2,"11089":1,"11090":1,"11091":1,"11093":1,"11095":1,"11096":1,"11097":1,"11098":3,"11099":1,"11101":2,"11103":3,"11104":6,"11105":7,"11106":8,"11107":5,"11108":3,"11109":7,"11110":7,"11112":2,"11113":3,"11114":6,"11117":2,"11118":2,"11119":5,"11120":3,"11122":2,"11124":4,"11125":1,"11126":6,"11128":5,"11129":2,"11131":2,"11132":2,"11133":3,"11134":2,"11135":4,"11136":4,"11137":3,"11138":2,"11139":1,"11140":4,"11141":6,"11142":5,"11143":2,"11144":5,"11145":4,"11146":3,"11147":3,"11148":2,"11149":5,"11150":3,"11151":3,"11152":3,"11153":2,"11156":6,"11157":5,"11158":7,"11159":4,"11160":4,"11161":2,"11162":4,"11163":6,"11164":2,"11166":3,"11167":2,"11168":5,"11170":2,"11171":3,"11172":1,"11173":4,"11174":5,"11175":4,"11177":3,"11178":2,"11183":3,"11184":2,"11188":2,"11189":1,"11191":4,"11192":4,"11193":2,"11194":4,"11195":2,"11196":5,"11197":6,"11198":2,"11199":2,"11200":2,"11201":3,"11202":6,"11203":4,"11204":7,"11205":2,"11206":1,"11207":7,"11208":3,"11209":3,"11211":2,"11212":3,"11213":2,"11214":1,"11215":4,"11216":4,"11217":1,"11218":4,"11219":3,"11220":2,"11221":3,"11222":2,"11223":9,"11224":4,"11225":5,"11226":1,"11227":4,"11228":2,"11229":1,"11230":1,"11232":5,"11233":2,"11234":1,"11235":3,"11236":1,"11237":2,"11238":3,"11239":3,"11240":1,"11241":2,"11243":3,"11249":3,"11253":1,"11255":2,"11256":1,"11257":2,"11259":1,"11265":1,"11266":1,"11267":2,"11269":2,"11270":1,"11271":1,"11272":1,"11275":1,"11276":2,"11277":2,"11278":1,"11281":3,"11283":1,"11285":1,"11286":3,"11287":1,"11288":2,"11289":5,"11290":1,"11291":1,"11292":1,"11295":1,"11296":4,"11297":1,"11302":1,"11303":1,"11304":1,"11305":1,"11307":1,"11308":2,"11309":4,"11310":1,"11311":1,"11312":1,"11317":2,"11318":2,"11319":4,"11321":1,"11327":1,"11328":2,"11329":1,"11330":4,"11332":1,"11333":4,"11338":1,"11339":3,"11340":1,"11341":1,"11342":3,"11343":2,"11344":2,"11345":1,"11347":1,"11348":2,"11349":1,"11353":1,"11355":2,"11356":3,"11357":1,"11358":1,"11359":1,"11362":1,"11363":1,"11364":1,"11368":2,"11369":1,"11370":1,"11371":4,"11372":1,"11373":2,"11374":3,"11375":2,"11376":1,"11377":4,"11378":1,"11379":3,"11380":2,"11381":1,"11382":2,"11383":1,"11384":3,"11385":2,"11386":1,"11387":1,"11388":5,"11389":2,"11390":3,"11391":1,"11392":4,"11393":4,"11394":5,"11395":5,"11396":4,"11397":4,"11398":2,"11399":2,"11400":1,"11401":1,"11402":1,"11403":2,"11404":1,"11407":1,"11408":1,"11409":2,"11410":2,"11411":2,"11412":2,"11413":1,"11416":3,"11417":1,"11418":1,"11419":1,"11421":2,"11422":2,"11424":7,"11425":4,"11426":2,"11427":4,"11430":3,"11431":1,"11432":2,"11433":1,"11434":3,"11435":3,"11436":2,"11438":1,"11440":4,"11441":1,"11442":3,"11443":1,"11444":5,"11445":3,"11447":5,"11448":2,"11449":3,"11450":5,"11451":1,"11452":1,"11453":3,"11454":4,"11455":1,"11456":4,"11457":2,"11459":3,"11460":1,"11461":2,"11462":2,"11463":4,"11465":1,"11466":3,"11467":1,"11468":1,"11469":2,"11470":1,"11471":4,"11473":1,"11474":1,"11475":2,"11477":4,"11478":3,"11479":1,"11480":2,"11481":4,"11483":1,"11485":1,"11486":2,"11487":4,"11490":2,"11491":1,"11493":1,"11499":1,"11501":1,"11502":1,"11504":1,"11505":1,"11507":2,"11508":1,"11509":2,"11510":2,"11518":1,"11519":2,"11529":1,"11537":1,"11539":1,"11540":1,"11542":1,"11544":1,"11547":1,"11548":2,"11550":1,"11551":1,"11552":1,"11553":1,"11555":2,"11556":3,"11557":1,"11558":1,"11559":1,"11561":2,"11563":1,"11565":1,"11566":1,"11567":2,"11570":1,"11573":1,"11576":3,"11577":1,"11578":1,"11581":1,"11583":1,"11584":1,"11585":2,"11587":1,"11589":1,"11591":1,"11593":2,"11594":1,"11596":3,"11597":3,"11598":2,"11601":2,"11603":1,"11606":2,"11607":1,"11609":2,"11610":1,"11611":1,"11613":2,"11616":1,"11625":3,"11626":1,"11632":1,"11634":1,"11635":2,"11636":2,"11637":1,"11638":1,"11640":1,"11643":3,"11644":1,"11645":3,"11646":1,"11647":6,"11648":1,"11649":2,"11651":1,"11653":1,"11655":1,"11656":1,"11657":1,"11658":2,"11659":2,"11660":3,"11662":5,"11663":4,"11664":2,"11666":1,"11667":1,"11668":2,"11670":2,"11671":1,"11672":1,"11673":3,"11674":4,"11675":2,"11676":2,"11677":1,"11678":3,"11680":1,"11681":1,"11682":1,"11683":1,"11685":2,"11686":1,"11688":3,"11689":1,"11690":2,"11692":2,"11693":1,"11694":2,"11695":1,"11700":1,"11701":2,"11702":1,"11703":2,"11705":2,"11706":3,"11707":1,"11708":2,"11710":1,"11712":2,"11713":2,"11715":2,"11716":2,"11718":1,"11719":1,"11720":1,"11721":1,"11723":3,"11726":1,"11728":1,"11730":1,"11732":1,"11733":2,"11735":2,"11737":1,"11738":2,"11739":2,"11740":1,"11741":2,"11742":1,"11743":1,"11744":1,"11746":1,"11747":2,"11749":1,"11750":2,"11752":1,"11753":2,"11755":2,"11756":1,"11759":1,"11762":1,"11763":3,"11764":4,"11766":1,"11767":2,"11768":1,"11769":1,"11770":2,"11771":1,"11775":1,"11776":1,"11777":2,"11780":1,"11781":1,"11783":1,"11784":1,"11786":1,"11800":1,"11805":2,"11806":1,"11807":1,"11810":1,"11811":1,"11812":1,"11813":2,"11814":1,"11815":1,"11823":2,"11825":1,"11828":1,"11830":2,"11833":1,"11834":1,"11835":2,"11836":2,"11839":1,"11847":3,"11848":2,"11849":3,"11852":2,"11853":1,"11855":1,"11857":2,"11858":4,"11859":3,"11862":1,"11864":4,"11865":1,"11867":2,"11870":1,"11871":1,"11873":1,"11875":5,"11876":2,"11878":1,"11879":2,"11881":3,"11883":3,"11884":2,"11885":1,"11886":3,"11888":2,"11889":3,"11891":2,"11892":1,"11893":2,"11896":2,"11897":4,"11898":2,"11899":3,"11900":1,"11901":2,"11903":2,"11904":2,"11905":2,"11909":2,"11910":1,"11912":3,"11913":1,"11917":1,"11918":2,"11921":2,"11922":3,"11923":2,"11926":4,"11927":3,"11928":1,"11929":4,"11930":2,"11931":1,"11933":4,"11934":2,"11935":3,"11936":1,"11938":2,"11939":2,"11941":2,"11942":1,"11943":2,"11944":1,"11945":1,"11946":1,"11947":2,"11948":1,"11949":1,"11950":3,"11951":2,"11952":2,"11954":3,"11955":2,"11957":4,"11958":2,"11959":1,"11960":2,"11966":2,"11969":3,"11970":1,"11971":1,"11972":1,"11973":1,"11974":1,"11976":1,"11977":1,"11979":2,"11980":1,"11982":1,"11983":1,"11984":4,"11986":1,"11988":1,"11993":1,"11994":2,"11997":1,"11998":2,"11999":1,"12001":1,"12003":1,"12004":1,"12005":2,"12006":1,"12007":1,"12012":1,"12014":1,"12016":1,"12017":1,"12018":1,"12023":1,"12029":1,"12030":1,"12032":1,"12034":1,"12035":2,"12036":1,"12037":2,"12038":1,"12039":1,"12041":1,"12042":1,"12043":3,"12044":1,"12049":1,"12050":2,"12051":4,"12053":3,"12054":1,"12055":1,"12056":2,"12058":3,"12059":1,"12060":1,"12061":1,"12065":1,"12068":1,"12069":3,"12070":2,"12071":2,"12072":2,"12073":1,"12074":2,"12075":1,"12076":4,"12077":1,"12078":1,"12079":1,"12080":2,"12081":2,"12082":3,"12083":1,"12084":2,"12086":2,"12087":2,"12088":2,"12089":3,"12090":1,"12091":2,"12092":3,"12093":2,"12094":4,"12095":1,"12096":3,"12097":4,"12098":1,"12099":1,"12100":3,"12101":2,"12102":2,"12103":3,"12104":2,"12105":1,"12106":2,"12107":2,"12108":1,"12109":1,"12110":1,"12111":3,"12112":3,"12114":2,"12116":3,"12117":1,"12118":1,"12119":4,"12121":1,"12122":2,"12124":2,"12125":1,"12126":1,"12127":1,"12128":1,"12129":1,"12132":1,"12133":1,"12134":1,"12135":2,"12136":1,"12137":5,"12138":1,"12139":3,"12140":3,"12141":2,"12142":1,"12143":1,"12145":2,"12146":2,"12147":6,"12149":1,"12150":1,"12153":1,"12154":1,"12155":2,"12156":1,"12157":1,"12159":1,"12160":2,"12161":2,"12162":4,"12163":1,"12164":2,"12165":2,"12166":1,"12167":1,"12168":1,"12169":4,"12170":1,"12171":3,"12172":1,"12173":3,"12174":1,"12175":3,"12176":2,"12177":1,"12178":2,"12179":1,"12180":4,"12181":2,"12182":1,"12183":3,"12184":2,"12185":2,"12186":1,"12187":1,"12188":1,"12189":2,"12190":3,"12192":2,"12193":2,"12194":1,"12196":2,"12197":2,"12198":3,"12199":1,"12200":3,"12202":1,"12203":2,"12204":4,"12205":1,"12206":3,"12207":1,"12208":2,"12209":2,"12210":2,"12213":4,"12215":3,"12216":1,"12217":2,"12218":2,"12219":3,"12221":1,"12222":1,"12223":3,"12224":2,"12225":4,"12226":2,"12227":2,"12228":1,"12229":3,"12230":2,"12231":1,"12232":2,"12233":2,"12234":2,"12235":1,"12237":1,"12238":1,"12240":4,"12241":1,"12242":2,"12243":3,"12245":1,"12246":2,"12247":2,"12248":3,"12249":3,"12250":1,"12251":1,"12252":3,"12253":2,"12254":1,"12255":2,"12258":1,"12259":1,"12260":1,"12262":2,"12263":1,"12265":1,"12267":1,"12268":1,"12269":1,"12270":1,"12271":2,"12272":4,"12273":4,"12274":1,"12275":1,"12278":1,"12280":1,"12282":1,"12286":1,"12287":1,"12288":2,"12289":1,"12290":3,"12291":1,"12292":2,"12293":1,"12294":1,"12296":1,"12297":1,"12299":1,"12300":1,"12302":2,"12304":4,"12305":2,"12308":2,"12309":1,"12313":1,"12315":1,"12316":2,"12317":2,"12318":3,"12319":3,"12320":3,"12321":1,"12322":1,"12323":1,"12325":1,"12326":1,"12328":1,"12329":1,"12330":2,"12332":1,"12333":1,"12334":1,"12335":1,"12337":1,"12338":1,"12339":2,"12340":1,"12341":1,"12342":1,"12344":2,"12345":2,"12346":2,"12347":3,"12348":3,"12350":2,"12351":3,"12352":1,"12353":1,"12354":3,"12355":5,"12356":4,"12357":2,"12359":3,"12360":1,"12362":1,"12363":4,"12364":3,"12365":1,"12366":2,"12367":4,"12368":2,"12369":3,"12370":4,"12371":7,"12374":6,"12375":1,"12376":2,"12377":1,"12378":3,"12379":4,"12380":2,"12381":1,"12382":7,"12383":1,"12384":5,"12385":5,"12386":2,"12387":5,"12388":5,"12389":2,"12390":2,"12391":2,"12392":5,"12393":2,"12394":2,"12395":2,"12396":4,"12397":2,"12398":3,"12399":2,"12400":1,"12401":2,"12402":1,"12403":2,"12404":6,"12406":2,"12407":3,"12408":4,"12409":5,"12410":1,"12411":2,"12412":5,"12413":3,"12414":3,"12415":5,"12416":3,"12417":2,"12419":1,"12420":3,"12422":1,"12423":1,"12424":1,"12425":3,"12426":2,"12427":3,"12428":2,"12430":2,"12431":1,"12432":1,"12433":4,"12434":2,"12435":3,"12436":1,"12437":1,"12438":4,"12439":2,"12441":2,"12442":3,"12443":1,"12445":2,"12446":3,"12448":2,"12449":2,"12450":3,"12451":6,"12452":5,"12453":3,"12454":1,"12456":1,"12457":2,"12458":2,"12459":2,"12461":1,"12462":2,"12463":3,"12464":2,"12465":5,"12466":1,"12467":1,"12468":2,"12471":2,"12473":2,"12474":1,"12476":1,"12477":2,"12478":1,"12479":1,"12480":1,"12481":2,"12482":1,"12486":3,"12488":2,"12489":1,"12490":1,"12491":1,"12493":2,"12494":1,"12497":3,"12499":5,"12500":2,"12501":1,"12503":2,"12504":1,"12505":1,"12506":1,"12508":1,"12509":3,"12513":2,"12514":1,"12515":1,"12516":2,"12517":1,"12520":1,"12521":4,"12524":1,"12526":1,"12529":2,"12531":2,"12536":2,"12538":1,"12539":1,"12540":2,"12543":1,"12544":1,"12545":1,"12546":1,"12548":1,"12551":1,"12553":2,"12554":1,"12555":2,"12556":2,"12557":2,"12558":1,"12560":1,"12563":1,"12564":3,"12565":2,"12570":2,"12573":1,"12574":1,"12575":2,"12577":1,"12579":1,"12580":1,"12581":2,"12582":2,"12583":1,"12585":2,"12586":4,"12587":1,"12588":1,"12589":1,"12590":1,"12592":2,"12593":2,"12594":2,"12595":2,"12596":3,"12597":3,"12598":3,"12599":2,"12602":3,"12603":6,"12606":3,"12607":3,"12608":2,"12609":1,"12610":2,"12611":1,"12612":3,"12613":1,"12614":2,"12615":1,"12616":1,"12617":2,"12618":1,"12619":1,"12621":3,"12622":3,"12623":1,"12624":2,"12626":2,"12627":1,"12628":1,"12629":3,"12630":2,"12631":5,"12632":1,"12633":1,"12634":1,"12635":2,"12636":4,"12639":2,"12640":2,"12641":3,"12642":2,"12643":1,"12644":1,"12645":2,"12646":3,"12647":3,"12648":1,"12650":1,"12651":1,"12655":7,"12656":2,"12657":2,"12658":4,"12659":2,"12660":3,"12661":1,"12662":5,"12663":4,"12664":3,"12665":3,"12666":4,"12667":5,"12668":6,"12669":10,"12670":2,"12671":13,"12672":3,"12673":3,"12674":3,"12675":6,"12676":3,"12677":2,"12678":1,"12679":4,"12680":2,"12682":3,"12683":1,"12685":1,"12686":3,"12687":1,"12688":3,"12691":1,"12692":2,"12693":3,"12694":2,"12695":2,"12697":1,"12698":3,"12699":1,"12701":2,"12702":1,"12703":3,"12704":1,"12705":5,"12706":1,"12707":2,"12708":1,"12709":2,"12710":3,"12711":1,"12712":3,"12713":1,"12714":3,"12715":1,"12716":1,"12717":1,"12719":1,"12722":1,"12723":6,"12724":2,"12725":1,"12726":1,"12727":2,"12728":1,"12729":2,"12730":2,"12731":3,"12732":3,"12733":1,"12734":3,"12735":1,"12736":1,"12737":1,"12738":3,"12741":2,"12742":2,"12744":4,"12745":2,"12746":1,"12748":1,"12749":3,"12750":3,"12751":2,"12752":3,"12753":3,"12754":2,"12755":1,"12756":3,"12758":1,"12760":1,"12761":2,"12762":3,"12763":3,"12764":2,"12765":2,"12766":1,"12767":4,"12768":1,"12769":1,"12770":2,"12771":1,"12772":2,"12773":1,"12774":2,"12776":2,"12777":3,"12778":2,"12779":2,"12781":3,"12782":2,"12783":1,"12785":4,"12786":3,"12787":1,"12788":1,"12789":3,"12790":2,"12791":1,"12792":1,"12793":1,"12794":2,"12795":1,"12796":2,"12797":2,"12799":2,"12800":1,"12801":1,"12802":2,"12803":3,"12804":5,"12805":1,"12806":2,"12807":2,"12808":2,"12809":1,"12810":5,"12811":2,"12812":4,"12814":2,"12815":3,"12816":1,"12817":3,"12818":3,"12819":2,"12820":2,"12821":1,"12822":2,"12823":2,"12824":4,"12827":3,"12828":3,"12829":3,"12830":3,"12831":1,"12834":1,"12835":4,"12838":2,"12839":3,"12840":2,"12841":3,"12845":1,"12846":2,"12847":2,"12848":3,"12849":4,"12850":2,"12851":3,"12854":2,"12855":1,"12856":3,"12857":3,"12858":2,"12859":1,"12860":3,"12861":1,"12864":1,"12865":1,"12867":2,"12870":4,"12872":1,"12873":1,"12875":1,"12876":3,"12877":1,"12878":2,"12879":2,"12880":6,"12881":3,"12882":2,"12883":2,"12884":2,"12885":2,"12886":1,"12887":2,"12888":1,"12889":4,"12890":3,"12891":2,"12895":1,"12896":3,"12897":2,"12898":1,"12900":2,"12901":2,"12902":1,"12904":3,"12905":4,"12906":2,"12907":3,"12908":5,"12909":3,"12910":2,"12912":1,"12913":4,"12914":1,"12915":1,"12917":3,"12918":2,"12919":6,"12920":1,"12921":1,"12922":2,"12923":2,"12924":3,"12925":3,"12926":1,"12927":2,"12928":2,"12929":1,"12930":1,"12931":2,"12932":2,"12933":2,"12934":3,"12935":1,"12936":2,"12937":1,"12938":1,"12939":2,"12941":1,"12942":2,"12943":3,"12944":2,"12945":4,"12946":2,"12947":2,"12948":2,"12949":1,"12950":1,"12952":1,"12953":1,"12954":1,"12955":3,"12957":3,"12958":2,"12959":2,"12960":2,"12961":1,"12962":4,"12963":1,"12964":2,"12966":2,"12967":1,"12968":2,"12969":2,"12970":2,"12971":4,"12973":4,"12974":5,"12976":1,"12978":3,"12979":2,"12982":2,"12983":1,"12985":2,"12986":2,"12987":1,"12988":1,"12989":1,"12990":1,"12991":4,"12992":1,"12993":1,"12994":3,"12998":3,"12999":3,"13000":4,"13001":1,"13002":1,"13003":2,"13005":3,"13006":1,"13008":1,"13009":3,"13010":1,"13013":1,"13014":2,"13015":1,"13016":1,"13017":1,"13019":2,"13020":1,"13021":3,"13025":1,"13026":1,"13027":2,"13028":4,"13029":1,"13031":1,"13032":1,"13033":1,"13034":2,"13035":2,"13036":3,"13037":3,"13038":1,"13039":3,"13040":3,"13041":1,"13045":1,"13046":1,"13048":1,"13049":1,"13050":2,"13051":3,"13052":3,"13054":1,"13055":4,"13056":2,"13057":5,"13058":2,"13059":4,"13060":2,"13061":3,"13062":2,"13063":1,"13064":1,"13065":1,"13067":1,"13069":1,"13070":3,"13071":2,"13072":4,"13074":5,"13075":2,"13076":1,"13077":2,"13078":1,"13081":5,"13084":1,"13085":1,"13086":2,"13087":1,"13088":1,"13090":2,"13091":1,"13093":2,"13094":3,"13095":1,"13096":2,"13097":1,"13098":2,"13099":4,"13100":1,"13101":1,"13102":1,"13103":2,"13104":3,"13105":3,"13106":1,"13109":2,"13111":3,"13112":3,"13113":1,"13114":1,"13118":3,"13119":1,"13120":1,"13123":1,"13124":2,"13125":2,"13126":2,"13129":2,"13130":2,"13131":2,"13132":2,"13133":1,"13134":2,"13135":4,"13136":3,"13137":2,"13138":2,"13139":3,"13140":4,"13142":1,"13144":1,"13145":3,"13146":4,"13147":3,"13148":3,"13149":7,"13150":1,"13151":2,"13152":2,"13154":2,"13155":3,"13156":5,"13157":1,"13158":5,"13160":3,"13162":2,"13163":2,"13164":2,"13165":1,"13166":3,"13167":1,"13168":1,"13169":1,"13170":4,"13171":1,"13172":3,"13173":2,"13175":2,"13176":2,"13177":1,"13179":5,"13180":1,"13181":1,"13182":1,"13183":1,"13185":5,"13186":2,"13188":1,"13190":3,"13191":1,"13192":2,"13193":1,"13194":1,"13195":2,"13196":2,"13199":3,"13200":4,"13201":1,"13202":1,"13203":1,"13204":2,"13205":1,"13206":1,"13207":5,"13210":6,"13212":1,"13213":3,"13216":1,"13217":1,"13218":2,"13219":4,"13221":1,"13222":1,"13223":1,"13224":1,"13226":3,"13227":2,"13228":1,"13229":2,"13230":2,"13231":1,"13233":3,"13234":2,"13235":1,"13236":3,"13237":4,"13238":3,"13239":3,"13240":2,"13241":3,"13242":3,"13243":2,"13244":4,"13245":2,"13246":1,"13247":1,"13248":3,"13249":1,"13251":2,"13253":2,"13254":4,"13256":1,"13257":1,"13258":3,"13259":2,"13260":1,"13261":2,"13262":1,"13263":3,"13264":1,"13265":1,"13266":1,"13267":3,"13268":1,"13271":2,"13272":2,"13273":3,"13274":1,"13275":1,"13276":2,"13277":4,"13278":1,"13280":2,"13281":1,"13283":2,"13285":2,"13288":4,"13289":2,"13292":1,"13293":1,"13294":1,"13295":1,"13296":3,"13297":1,"13299":1,"13300":2,"13301":1,"13302":2,"13303":1,"13304":2,"13306":3,"13307":2,"13309":2,"13310":2,"13311":2,"13312":1,"13313":3,"13314":3,"13315":1,"13317":1,"13318":2,"13319":2,"13320":2,"13321":3,"13322":1,"13323":1,"13324":4,"13326":3,"13329":6,"13330":1,"13331":2,"13332":2,"13333":4,"13334":2,"13335":2,"13336":2,"13337":2,"13338":2,"13339":1,"13340":3,"13341":2,"13343":2,"13344":1,"13345":1,"13346":4,"13347":2,"13348":3,"13350":2,"13351":1,"13352":2,"13353":2,"13354":1,"13357":2,"13358":3,"13360":2,"13361":1,"13362":2,"13364":1,"13365":2,"13366":3,"13367":5,"13368":1,"13369":2,"13370":2,"13371":1,"13372":2,"13374":3,"13375":4,"13376":1,"13378":3,"13379":1,"13380":5,"13381":1,"13382":5,"13383":1,"13384":1,"13386":1,"13388":1,"13390":1,"13391":2,"13392":1,"13394":2,"13395":1,"13396":1,"13397":2,"13398":1,"13399":1,"13400":2,"13401":1,"13402":1,"13403":5,"13404":1,"13406":1,"13407":2,"13408":2,"13409":1,"13410":3,"13411":2,"13412":2,"13413":1,"13414":3,"13415":4,"13416":3,"13417":1,"13418":1,"13419":3,"13420":1,"13421":3,"13422":1,"13423":1,"13424":1,"13425":1,"13426":5,"13427":2,"13428":2,"13429":3,"13431":2,"13432":1,"13433":1,"13434":3,"13438":1,"13439":1,"13440":2,"13441":1,"13442":2,"13443":1,"13446":2,"13448":1,"13450":2,"13452":4,"13454":2,"13455":2,"13457":3,"13459":1,"13460":2,"13461":1,"13462":1,"13463":1,"13465":1,"13466":1,"13467":1,"13468":1,"13469":1,"13470":2,"13471":1,"13472":1,"13473":2,"13474":2,"13475":1,"13476":1,"13477":1,"13478":1,"13485":2,"13488":1,"13489":2,"13490":1,"13491":2,"13494":3,"13495":1,"13496":2,"13497":1,"13499":4,"13500":2,"13501":2,"13502":2,"13503":2,"13504":3,"13505":1,"13506":1,"13507":2,"13508":1,"13509":1,"13512":1,"13513":4,"13514":3,"13515":1,"13516":1,"13517":4,"13518":4,"13520":2,"13521":3,"13522":2,"13523":3,"13524":1,"13526":4,"13527":2,"13528":4,"13529":1,"13530":2,"13531":2,"13532":2,"13534":2,"13535":3,"13536":1,"13537":3,"13538":1,"13539":2,"13540":1,"13541":1,"13542":2,"13543":2,"13544":4,"13545":4,"13546":4,"13548":2,"13550":4,"13551":2,"13552":1,"13553":2,"13554":3,"13556":3,"13557":1,"13558":2,"13559":1,"13560":3,"13561":2,"13563":1,"13564":3,"13565":3,"13566":1,"13567":1,"13568":3,"13569":1,"13570":6,"13571":5,"13572":2,"13573":3,"13574":2,"13575":1,"13576":2,"13577":1,"13579":2,"13580":2,"13581":4,"13582":2,"13584":3,"13585":3,"13586":3,"13587":2,"13589":1,"13590":3,"13594":1,"13595":2,"13596":2,"13597":4,"13598":2,"13599":1,"13600":2,"13601":4,"13602":4,"13603":2,"13604":1,"13605":4,"13606":4,"13607":3,"13609":1,"13610":3,"13611":2,"13613":1,"13614":1,"13616":3,"13617":1,"13618":2,"13619":3,"13620":5,"13622":1,"13623":2,"13624":1,"13625":6,"13626":2,"13627":3,"13629":2,"13632":1,"13633":1,"13634":1,"13635":1,"13637":1,"13638":2,"13639":4,"13640":1,"13641":1,"13642":1,"13644":4,"13645":1,"13647":1,"13648":1,"13650":5,"13653":3,"13654":4,"13657":3,"13659":1,"13660":1,"13661":3,"13663":3,"13664":3,"13666":1,"13667":2,"13669":3,"13670":3,"13671":3,"13672":1,"13673":3,"13674":1,"13675":2,"13676":2,"13678":1,"13679":2,"13682":2,"13683":1,"13684":1,"13685":2,"13687":2,"13688":1,"13690":2,"13691":1,"13692":1,"13693":1,"13694":2,"13695":1,"13696":1,"13697":2,"13698":1,"13699":2,"13700":2,"13701":3,"13702":2,"13704":2,"13706":1,"13707":3,"13708":3,"13709":2,"13710":4,"13712":1,"13713":1,"13714":1,"13715":3,"13716":3,"13717":1,"13718":1,"13719":2,"13720":2,"13721":3,"13722":2,"13723":5,"13725":1,"13727":4,"13728":1,"13729":1,"13730":2,"13731":2,"13732":1,"13733":7,"13734":2,"13736":1,"13737":1,"13738":1,"13739":5,"13740":4,"13741":1,"13743":1,"13744":1,"13746":3,"13747":3,"13750":1,"13753":2,"13754":1,"13755":3,"13756":1,"13757":1,"13760":1,"13762":1,"13763":3,"13764":1,"13765":2,"13766":1,"13768":3,"13769":3,"13770":1,"13771":2,"13772":2,"13774":1,"13776":1,"13777":5,"13778":2,"13779":1,"13780":1,"13781":2,"13782":3,"13783":2,"13784":2,"13785":4,"13786":1,"13787":3,"13788":2,"13789":1,"13790":1,"13791":1,"13792":2,"13793":2,"13794":1,"13795":1,"13796":3,"13798":1,"13799":2,"13800":3,"13801":3,"13802":1,"13803":1,"13804":4,"13805":2,"13807":3,"13808":1,"13809":1,"13811":1,"13812":1,"13813":3,"13814":1,"13815":2,"13816":3,"13817":1,"13819":1,"13820":2,"13821":2,"13822":2,"13823":2,"13824":1,"13826":2,"13827":2,"13828":1,"13831":2,"13832":2,"13833":1,"13834":2,"13837":1,"13838":2,"13839":2,"13840":4,"13841":5,"13842":1,"13843":1,"13845":1,"13846":5,"13847":1,"13848":2,"13850":2,"13852":2,"13853":6,"13854":2,"13855":3,"13856":1,"13857":5,"13858":2,"13860":2,"13861":3,"13862":2,"13864":2,"13866":3,"13867":1,"13868":3,"13871":2,"13873":1,"13874":1,"13875":1,"13876":1,"13877":2,"13878":2,"13880":1,"13881":2,"13882":1,"13883":1,"13885":1,"13887":1,"13888":6,"13889":2,"13890":1,"13892":3,"13894":1,"13897":4,"13898":1,"13899":1,"13905":1,"13908":1,"13910":1,"13911":1,"13912":1,"13914":2,"13916":1,"13919":1,"13920":1,"13923":1,"13924":1,"13928":1,"13929":2,"13930":2,"13932":2,"13934":1,"13938":1,"13939":2,"13940":1,"13941":1,"13942":1,"13943":2,"13944":1,"13945":1,"13946":1,"13950":2,"13951":1,"13952":1,"13955":1,"13956":2,"13957":1,"13958":2,"13959":1,"13960":2,"13961":2,"13962":2,"13963":1,"13966":3,"13970":3,"13971":1,"13973":2,"13974":1,"13975":2,"13977":2,"13978":1,"13980":1,"13981":1,"13982":2,"13983":1,"13984":1,"13986":2,"13987":2,"13988":1,"13989":1,"13992":1,"13993":1,"13995":1,"13996":2,"13997":1,"13998":2,"13999":3,"14000":4,"14002":2,"14003":2,"14004":1,"14006":1,"14008":1,"14009":1,"14010":1,"14011":1,"14012":1,"14013":1,"14016":2,"14017":5,"14018":2,"14019":2,"14020":4,"14021":1,"14022":2,"14023":2,"14024":2,"14025":3,"14026":2,"14027":2,"14028":2,"14029":3,"14030":1,"14031":2,"14032":1,"14033":2,"14035":2,"14036":3,"14037":2,"14038":1,"14039":3,"14040":2,"14042":1,"14043":2,"14044":1,"14046":2,"14047":4,"14050":1,"14051":1,"14052":3,"14053":2,"14054":1,"14055":2,"14056":3,"14058":2,"14059":2,"14062":1,"14063":1,"14064":2,"14065":1,"14066":1,"14067":3,"14068":5,"14069":1,"14070":4,"14071":2,"14073":2,"14075":2,"14077":2,"14078":1,"14081":2,"14084":1,"14085":2,"14086":3,"14087":2,"14088":1,"14089":1,"14090":1,"14091":1,"14092":2,"14093":3,"14094":1,"14095":3,"14096":1,"14098":1,"14099":1,"14100":2,"14102":1,"14103":2,"14104":2,"14106":1,"14107":2,"14109":2,"14110":3,"14111":1,"14112":1,"14113":1,"14114":2,"14115":2,"14119":1,"14121":2,"14122":6,"14123":3,"14124":5,"14125":5,"14126":6,"14127":4,"14128":6,"14129":5,"14130":4,"14131":4,"14132":5,"14133":4,"14134":2,"14135":2,"14136":1,"14137":5,"14138":1,"14139":2,"14140":1,"14142":2,"14143":1,"14144":2,"14145":1,"14146":2,"14147":2,"14148":1,"14149":1,"14150":1,"14151":1,"14153":1,"14154":3,"14155":3,"14156":1,"14158":1,"14159":1,"14160":2,"14161":3,"14162":2,"14163":1,"14164":1,"14165":2,"14166":4,"14167":4,"14169":1,"14170":6,"14171":6,"14172":2,"14173":1,"14174":6,"14175":4,"14176":4,"14177":3,"14178":6,"14179":4,"14180":1,"14181":3,"14182":2,"14184":3,"14185":1,"14186":1,"14187":3,"14188":1,"14189":1,"14190":2,"14191":6,"14192":5,"14193":4,"14194":4,"14195":2,"14196":1,"14197":2,"14198":3,"14199":3,"14200":8,"14201":4,"14202":8,"14203":3,"14204":2,"14205":5,"14206":3,"14207":1,"14208":2,"14209":3,"14211":2,"14212":2,"14213":4,"14214":5,"14215":4,"14216":4,"14217":5,"14218":4,"14219":2,"14220":3,"14221":1,"14222":3,"14223":2,"14224":4,"14225":7,"14226":2,"14227":4,"14228":7,"14229":6,"14230":8,"14231":7,"14232":5,"14233":5,"14234":6,"14235":4,"14236":11,"14237":7,"14238":3,"14239":3,"14240":4,"14241":5,"14242":4,"14243":4,"14244":5,"14245":6,"14246":1,"14247":3,"14248":4,"14252":1,"14256":1,"14257":1,"14258":1,"14259":1,"14264":2,"14265":1,"14266":1,"14268":2,"14270":1,"14272":1,"14274":1,"14275":1,"14279":3,"14281":1,"14282":2,"14283":1,"14287":1,"14288":3,"14289":1,"14290":1,"14291":2,"14292":2,"14293":1,"14294":3,"14297":2,"14300":2,"14301":1,"14305":1,"14307":3,"14308":1,"14310":2,"14311":1,"14312":1,"14313":1,"14314":1,"14317":2,"14318":2,"14319":2,"14322":1,"14324":2,"14325":3,"14326":2,"14327":2,"14328":6,"14329":2,"14330":3,"14331":3,"14332":5,"14333":3,"14334":4,"14335":3,"14336":1,"14337":3,"14338":4,"14339":2,"14340":2,"14341":6,"14342":7,"14343":1,"14344":5,"14345":4,"14350":2,"14351":1,"14352":6,"14353":1,"14354":2,"14355":2,"14357":2,"14358":1,"14359":1,"14360":4,"14361":1,"14362":2,"14363":3,"14365":2,"14366":1,"14367":2,"14368":2,"14369":2,"14370":1,"14374":2,"14375":1,"14376":1,"14377":2,"14378":1,"14379":2,"14380":4,"14382":2,"14384":3,"14385":1,"14387":2,"14388":1,"14389":4,"14390":1,"14391":3,"14392":1,"14395":3,"14396":1,"14397":6,"14398":1,"14399":6,"14400":1,"14401":3,"14402":1,"14403":3,"14404":1,"14405":2,"14406":2,"14407":2,"14408":3,"14409":1,"14410":2,"14412":1,"14413":1,"14414":2,"14415":2,"14416":1,"14417":5,"14418":1,"14419":6,"14420":6,"14421":7,"14422":2,"14423":3,"14424":8,"14425":4,"14426":4,"14427":3,"14428":9,"14429":2,"14430":8,"14431":4,"14432":6,"14433":1,"14434":4,"14435":9,"14436":7,"14437":7,"14438":5,"14439":8,"14440":2,"14441":5,"14442":8,"14443":8,"14444":5,"14445":11,"14446":3,"14447":8,"14448":2,"14449":7,"14450":2,"14451":7,"14452":9,"14453":5,"14454":7,"14455":1,"14456":8,"14457":8,"14458":1,"14459":6,"14460":5,"14461":4,"14462":4,"14463":2,"14464":6,"14465":4,"14466":1,"14467":3,"14468":3,"14470":4,"14471":1,"14472":4,"14473":4,"14474":2,"14475":2,"14476":1,"14477":2,"14478":2,"14479":2,"14481":2,"14482":4,"14483":2,"14484":3,"14485":1,"14486":3,"14487":2,"14488":2,"14489":2,"14490":1,"14491":3,"14492":3,"14493":1,"14494":2,"14495":1,"14496":4,"14497":2,"14498":1,"14500":3,"14501":3,"14502":3,"14503":3,"14504":1,"14507":1,"14508":1,"14509":2,"14512":1,"14514":4,"14515":1,"14517":3,"14518":2,"14520":1,"14521":2,"14522":2,"14523":1,"14524":2,"14525":1,"14526":2,"14527":1,"14528":3,"14529":1,"14534":1,"14537":1,"14540":1,"14541":2,"14545":1,"14552":3,"14553":1,"14556":1,"14557":1,"14558":1,"14560":1,"14561":2,"14562":1,"14563":1,"14567":2,"14568":2,"14569":3,"14571":1,"14572":1,"14573":1,"14574":1,"14575":1,"14576":2,"14577":3,"14578":1,"14579":3,"14580":4,"14581":1,"14583":2,"14585":2,"14586":1,"14587":2,"14589":1,"14590":1,"14591":1,"14592":1,"14593":3,"14594":1,"14595":2,"14596":2,"14598":1,"14599":3,"14600":1,"14601":2,"14602":1,"14604":4,"14605":6,"14606":3,"14608":3,"14609":5,"14610":1,"14611":2,"14612":4,"14613":3,"14614":1,"14615":3,"14616":5,"14617":2,"14618":1,"14619":1,"14620":2,"14622":1,"14623":2,"14624":3,"14625":1,"14626":2,"14627":3,"14628":3,"14629":3,"14630":1,"14631":1,"14632":1,"14633":4,"14634":2,"14635":2,"14636":2,"14637":1,"14638":1,"14639":3,"14642":2,"14644":2,"14645":1,"14648":2,"14649":2,"14650":4,"14651":2,"14652":2,"14653":1,"14654":2,"14655":1,"14656":2,"14657":4,"14659":2,"14660":1,"14661":2,"14662":1,"14663":2,"14664":2,"14665":1,"14666":2,"14667":2,"14668":4,"14669":5,"14670":2,"14671":5,"14672":3,"14673":2,"14675":1,"14676":2,"14677":2,"14678":1,"14679":4,"14680":2,"14681":3,"14682":3,"14683":1,"14684":2,"14685":1,"14686":4,"14687":3,"14688":2,"14689":3,"14690":4,"14691":3,"14692":2,"14693":2,"14695":1,"14696":1,"14697":1,"14698":1,"14699":3,"14700":1,"14701":6,"14702":5,"14703":3,"14705":1,"14706":3,"14708":1,"14709":5,"14710":1,"14711":2,"14712":8,"14713":3,"14715":3,"14716":2,"14717":2,"14718":1,"14719":2,"14720":1,"14721":2,"14722":2,"14724":3,"14725":1,"14729":1,"14730":2,"14731":3,"14734":2,"14735":1,"14737":5,"14738":1,"14739":2,"14747":1,"14751":1,"14753":1,"14755":1,"14757":1,"14760":2,"14761":2,"14763":2,"14765":2,"14766":2,"14768":1,"14770":1,"14771":3,"14773":2,"14774":3,"14775":2,"14777":3,"14778":2,"14779":3,"14780":3,"14782":3,"14783":4,"14784":1,"14785":2,"14786":3,"14787":2,"14788":4,"14789":2,"14790":1,"14792":2,"14793":2,"14794":7,"14795":5,"14796":1,"14797":3,"14799":2,"14800":4,"14801":2,"14802":4,"14803":2,"14804":1,"14805":2,"14807":1,"14808":1,"14809":1,"14810":2,"14811":1,"14814":1,"14816":3,"14818":2,"14819":4,"14820":2,"14821":1,"14822":3,"14823":2,"14824":2,"14825":3,"14827":1,"14828":1,"14829":1,"14832":2,"14834":3,"14835":2,"14836":1,"14837":1,"14838":1,"14839":4,"14840":1,"14841":5,"14842":1,"14843":1,"14844":2,"14845":1,"14846":1,"14847":1,"14848":2,"14849":2,"14850":2,"14852":3,"14853":4,"14854":2,"14855":1,"14856":1,"14857":1,"14860":3,"14861":5,"14862":1,"14863":4,"14865":1,"14866":2,"14867":2,"14868":1,"14869":1,"14870":3,"14871":2,"14873":2,"14875":1,"14877":4,"14878":1,"14879":2,"14880":2,"14881":6,"14882":6,"14883":1,"14884":1,"14885":6,"14886":4,"14887":3,"14888":2,"14889":3,"14890":3,"14892":4,"14893":4,"14894":1,"14895":2,"14897":1,"14898":2,"14900":1,"14901":1,"14902":1,"14903":1,"14904":3,"14905":1,"14906":2,"14907":3,"14908":3,"14909":1,"14910":1,"14911":2,"14912":3,"14913":4,"14914":2,"14915":1,"14916":1,"14917":2,"14918":2,"14919":2,"14920":3,"14921":2,"14924":1,"14925":1,"14926":3,"14927":2,"14929":2,"14930":2,"14931":2,"14932":2,"14933":3,"14934":6,"14935":2,"14936":3,"14937":3,"14938":3,"14939":3,"14940":1,"14941":3,"14942":4,"14943":5,"14944":1,"14945":2,"14947":3,"14948":2,"14949":2,"14950":3,"14951":2,"14952":4,"14953":3,"14954":4,"14955":8,"14956":3,"14957":2,"14958":3,"14959":1,"14960":1,"14961":1,"14962":3,"14963":6,"14964":2,"14965":1,"14966":4,"14967":4,"14968":1,"14969":2,"14970":6,"14971":2,"14972":4,"14973":2,"14974":3,"14975":2,"14976":3,"14977":7,"14978":3,"14979":1,"14980":2,"14981":5,"14982":1,"14983":2,"14984":1,"14985":3,"14986":1,"14987":2,"14988":6,"14989":2,"14990":1,"14992":1,"14993":3,"14995":2,"14996":3,"14997":4,"14998":1,"14999":1,"15000":3,"15002":3,"15003":3,"15004":1,"15005":4,"15006":1,"15007":2,"15008":3,"15011":1,"15013":1,"15014":2,"15018":1,"15019":1,"15022":1,"15025":2,"15026":1,"15028":1,"15030":1,"15033":1,"15034":1,"15035":1,"15036":2,"15037":1,"15039":1,"15042":1,"15045":1,"15046":1,"15049":1,"15050":1,"15051":1,"15053":1,"15058":1,"15059":1,"15060":2,"15062":2,"15063":1,"15064":1,"15065":1,"15066":1,"15067":1,"15068":2,"15069":1,"15070":1,"15073":1,"15074":1,"15075":1,"15077":1,"15082":1,"15084":1,"15085":2,"15087":1,"15088":3,"15091":4,"15092":1,"15094":2,"15095":1,"15096":1,"15100":1,"15101":2,"15102":1,"15104":1,"15105":1,"15106":2,"15107":1,"15109":1,"15110":1,"15111":1,"15113":1,"15116":1,"15118":1,"15119":1,"15121":1,"15122":1,"15125":3,"15127":3,"15128":1,"15130":1,"15131":1,"15132":1,"15134":1,"15137":1,"15138":2,"15139":3,"15142":2,"15143":1,"15146":2,"15148":1,"15149":2,"15150":1,"15151":1,"15152":1,"15153":2,"15154":1,"15155":3,"15156":3,"15158":3,"15159":1,"15161":2,"15163":3,"15164":2,"15165":2,"15166":4,"15167":3,"15168":1,"15169":1,"15170":2,"15171":1,"15172":2,"15173":2,"15174":3,"15175":3,"15176":1,"15177":2,"15178":2,"15179":2,"15180":1,"15181":1,"15182":2,"15184":2,"15185":4,"15187":3,"15188":1,"15189":2,"15190":2,"15193":1,"15194":3,"15195":2,"15196":1,"15197":3,"15198":3,"15199":3,"15200":2,"15201":1,"15202":1,"15203":1,"15204":2,"15205":1,"15206":3,"15207":2,"15208":1,"15209":1,"15210":1,"15213":1,"15214":3,"15220":1,"15232":1,"15234":1,"15255":1,"15268":1,"15269":1,"15283":1,"15284":1,"15304":1,"15315":1,"15318":1,"15327":1,"15328":1,"15329":1,"15330":1,"15656":1,"15658":1,"15660":2,"15662":1,"15663":1,"15664":2,"15665":3,"15667":2,"15670":2,"15671":2,"15672":3,"15674":1,"15675":1,"15676":2,"15677":2,"15678":2,"15679":1,"15730":1,"15736":1,"15739":1,"15741":2,"15742":2,"15743":3,"15744":1,"15745":1,"15746":3,"15749":1,"15750":1,"15751":3,"15754":1,"15756":1,"15759":1,"15762":1,"16107":1,"16108":2,"16110":1,"16112":1,"16114":1,"16115":3,"16117":1,"16118":2,"16119":2,"16121":3,"16122":1,"16123":5,"16124":5,"16125":4,"16128":2,"16132":4,"16133":1,"16134":2,"16135":1,"16136":2,"16137":2,"16138":1,"16139":1,"16140":2,"16142":2,"16143":2,"16144":1,"16145":1,"16148":1,"16150":1,"16154":1,"16420":1,"16525":2,"16527":1,"16528":2,"16529":1,"16530":1,"16531":1,"16532":1,"16534":3,"16535":3,"16538":2,"16539":3,"16540":1,"16541":3,"16542":2,"16543":2,"16544":2,"16545":2,"16546":2,"16547":1,"16549":5,"16551":2,"16553":1,"16554":3,"16555":1,"16558":1,"16560":3,"16561":1,"16562":3,"16563":4,"16564":2,"16565":3,"16566":4,"16567":1,"16568":2,"16569":5,"16570":3,"16572":4,"16573":1,"16574":3,"16575":1,"16577":4,"16578":2,"16579":3,"16580":1,"16581":1,"16582":1,"16583":1,"16584":1,"16585":3,"16588":1,"16590":3,"16591":3,"16592":1,"16593":3,"16595":1,"16596":1,"16597":1,"16598":3,"16599":2,"16600":1,"16601":1,"16602":1,"16603":1,"16604":2,"16606":3,"16608":2,"16609":1,"16610":2,"16611":1,"16613":3,"16614":2,"16615":4,"16616":1,"16619":2,"16620":3,"16621":3,"16622":2,"16624":4,"16625":1,"16626":1,"16627":1,"16628":2,"16629":2,"16631":2,"16632":1,"16633":2,"16634":1,"16635":2,"16636":1,"16639":1,"16640":1,"16641":1,"16695":1,"16835":1,"16883":1,"16884":2,"16885":1,"16886":3,"16887":2,"16888":1,"16889":1,"16890":3,"16891":6,"16892":1,"16894":2,"16896":3,"16897":2,"16900":3,"16901":2,"16902":4,"16903":4,"16904":1,"16905":2,"16906":3,"16908":1,"16909":1,"16911":1,"16912":1,"16913":2,"16914":3,"16915":1,"16916":4,"16917":1,"16919":2,"16921":1,"16922":3,"16923":2,"16924":1,"16925":3,"16926":3,"16927":1,"16928":1,"16929":1,"16930":1,"16931":1,"16932":1,"16933":3,"16934":2,"16935":2,"16936":2,"16938":1,"16940":2,"16941":1,"16942":2,"16943":5,"16944":4,"16945":2,"16946":1,"16947":2,"16948":2,"16949":3,"16950":8,"16951":1,"16952":3,"16954":5,"16955":2,"16956":1,"16957":1,"16958":2,"16959":1,"16961":1,"16964":1,"16965":3,"17092":1,"17114":1,"17139":1,"17215":1,"17242":1,"17259":1,"17283":1,"17284":1,"17593":1,"17600":1,"17632":1,"17956":1,"18121":1,"18399":1,"19147":1,"19195":1,"19419":1,"20319":1,"20870":1,"20925":1,"31924":1,"31956":1,"32058":1},"nonfork_created":42722,"nonfork_confirmed":42722,"nonfork_histogram_ms":{"38":1,"39":1,"53":1,"54":1,"55":7,"56":8,"57":9,"58":7,"59":14,"60":12,"61":12,"62":10,"63":17,"64":14,"65":13,"66":14,"67":15,"68":22,"69":26,"70":19,"71":24,"72":24,"73":27,"74":21,"75":35,"76":39,"77":45,"78":47,"79":54,"80":70,"81":65,"82":77,"83":97,"84":111,"85":131,"86":138,"87":167,"88":168,"89":166,"90":159,"91":178,"92":214,"93":238,"94":258,"95":285,"96":299,"97":329,"98":332,"99":382,"100":373,"101":405,"102":419,"103":453,"104":467,"105":498,"106":484,"107":487,"108":562,"109":520,"110":522,"111":522,"112":524,"113":533,"114":532,"115":517,"116":530,"117":479,"118":474,"119":466,"120":422,"121":450,"122":432,"123":373,"124":352,"125":355,"126":338,"127":317,"128":287,"129":262,"130":273,"131":237,"132":209,"133":184,"134":201,"135":174,"136":162,"137":159,"138":159,"139":148,"140":140,"141":124,"142":120,"143":129,"144":122,"145":122,"146":109,"147":109,"148":83,"149":108,"150":120,"151":88,"152":97,"153":92,"154":65,"155":92,"156":70,"157":63,"158":69,"159":64,"160":52,"161":40,"162":45,"163":43,"164":59,"165":43,"166":35,"167":42,"168":44,"169":52,"170":58,"171":41,"172":47,"173":36,"174":45,"175":43,"176":65,"177":79,"178":48,"179":27,"180":45,"181":35,"182":21,"183":31,"184":31,"185":39,"186":19,"187":12,"188":14,"189":19,"190":17,"191":34,"192":22,"193":13,"194":25,"195":44,"196":49,"197":32,"198":36,"199":28,"200":33,"201":22,"202":28,"203":21,"204":12,"205":36,"206":23,"207":35,"208":31,"209":18,"210":12,"211":8,"212":34,"213":48,"214":47,"215":28,"216":18,"217":12,"218":16,"219":12,"220":13,"221":14,"222":11,"223":5,"224":8,"225":8,"226":21,"227":22,"228":15,"229":16,"230":23,"231":62,"232":57,"233":48,"234":43,"235":33,"236":32,"237":26,"238":23,"239":38,"240":42,"241":36,"242":18,"243":18,"244":15,"245":11,"246":17,"247":20,"248":28,"249":42,"250":47,"251":23,"252":6,"253":8,"254":8,"255":10,"256":8,"257":4,"258":5,"259":7,"260":7,"261":9,"262":6,"263":11,"264":6,"265":15,"266":6,"267":18,"268":13,"269":15,"270":21,"271":27,"272":22,"273":17,"274":15,"275":9,"276":5,"277":13,"278":4,"279":4,"280":7,"281":10,"282":13,"283":21,"284":16,"285":19,"286":24,"287":32,"288":10,"289":12,"290":9,"291":15,"292":15,"293":8,"294":10,"295":10,"296":7,"297":5,"298":8,"299":3,"300":5,"301":1,"302":5,"303":4,"304":13,"305":4,"306":4,"307":8,"308":3,"309":5,"310":4,"311":3,"312":2,"313":5,"314":3,"315":1,"316":3,"317":2,"318":1,"319":2,"320":5,"321":6,"322":7,"323":4,"324":1,"325":3,"326":11,"327":10,"328":6,"329":3,"330":7,"331":5,"332":4,"333":8,"334":8,"335":10,"336":5,"337":5,"340":3,"341":2,"342":2,"343":3,"345":3,"346":1,"347":2,"348":4,"349":2,"350":3,"351":1,"352":1,"353":4,"354":2,"355":2,"357":1,"358":4,"359":1,"360":1,"361":3,"362":1,"363":4,"364":3,"365":5,"366":5,"367":2,"368":2,"369":2,"370":7,"371":5,"372":4,"373":5,"374":4,"375":2,"376":1,"377":2,"378":2,"379":1,"380":2,"381":2,"382":1,"383":6,"384":6,"385":9,"386":6,"387":6,"388":7,"389":4,"390":6,"391":8,"392":4,"393":2,"394":6,"395":5,"396":6,"397":5,"398":7,"399":3,"401":2,"402":2,"403":3,"404":5,"405":2,"406":10,"407":8,"408":10,"409":8,"410":6,"411":8,"412":6,"413":2,"414":3,"415":4,"416":8,"417":3,"418":7,"419":4,"420":7,"421":4,"422":5,"423":9,"424":8,"425":10,"426":10,"427":7,"428":9,"429":5,"430":9,"431":9,"432":8,"433":13,"434":8,"435":6,"436":7,"437":13,"438":13,"439":13,"440":9,"441":9,"442":4,"443":11,"444":9,"445":4,"446":8,"447":7,"448":8,"449":9,"450":14,"451":13,"452":7,"453":18,"454":10,"455":13,"456":10,"457":14,"458":8,"459":14,"460":9,"461":9,"462":6,"463":6,"464":1,"465":6,"466":4,"467":9,"468":6,"469":9,"470":6,"471":6,"472":4,"473":2,"474":5,"475":2,"476":5,"477":4,"478":1,"479":3,"480":3,"481":2,"482":7,"483":3,"484":11,"485":28,"486":24,"487":24,"488":7,"489":11,"490":7,"491":6,"492":2,"493":7,"494":1,"495":2,"496":3,"497":3,"499":3,"500":5,"501":1,"502":1,"503":3,"505":1,"507":6,"508":3,"509":6,"510":6,"511":7,"512":6,"513":5,"514":4,"515":3,"516":4,"517":7,"518":6,"519":8,"520":6,"521":5,"522":2,"523":2,"524":4,"525":6,"526":2,"527":6,"528":2,"529":3,"530":5,"532":1,"533":4,"534":2,"535":1,"536":1,"537":2,"538":1,"539":4,"541":2,"542":4,"543":2,"544":1,"545":2,"546":4,"547":2,"548":1,"549":2,"550":5,"551":4,"552":1,"553":2,"554":4,"555":1,"556":1,"557":4,"559":1,"560":2,"561":5,"562":2,"563":2,"564":3,"565":4,"566":4,"567":2,"568":1,"569":1,"570":3,"572":3,"574":4,"575":1,"576":3,"577":4,"578":2,"579":2,"580":4,"581":2,"582":3,"583":1,"584":3,"585":5,"586":7,"587":5,"588":5,"589":1,"590":5,"591":8,"592":6,"593":2,"594":3,"595":4,"596":6,"597":5,"598":1,"599":4,"600":2,"601":6,"602":7,"603":6,"604":5,"605":6,"606":1,"607":6,"608":2,"609":2,"610":3,"611":4,"612":1,"613":2,"614":2,"615":3,"616":3,"617":5,"618":5,"619":2,"620":3,"621":3,"622":4,"623":6,"624":8,"625":2,"626":7,"627":5,"628":6,"629":4,"630":2,"631":8,"632":3,"633":5,"634":1,"635":4,"636":3,"637":5,"638":5,"639":4,"640":6,"641":2,"642":9,"643":5,"644":5,"645":2,"646":1,"647":7,"648":4,"649":3,"650":5,"651":3,"652":7,"653":7,"654":8,"655":1,"656":6,"657":3,"658":5,"659":8,"660":5,"661":4,"662":2,"663":4,"664":8,"665":2,"666":3,"667":6,"668":5,"670":3,"671":4,"672":6,"673":2,"674":4,"675":5,"676":4,"677":5,"678":2,"679":3,"680":3,"681":8,"682":5,"683":5,"684":7,"685":2,"686":2,"687":6,"688":2,"689":2,"690":4,"691":2,"692":7,"693":14,"694":13,"695":4,"696":2,"697":3,"698":2,"699":7,"700":3,"701":6,"702":5,"703":5,"704":10,"705":5,"706":2,"707":3,"708":4,"709":14,"710":5,"711":3,"712":6,"713":8,"714":9,"715":6,"716":5,"717":7,"718":3,"719":2,"720":9,"721":4,"722":5,"723":6,"724":8,"725":6,"726":7,"727":5,"728":3,"729":1,"730":4,"731":6,"732":4,"733":8,"734":4,"735":4,"736":4,"737":3,"738":6,"739":2,"740":5,"741":7,"742":2,"743":2,"744":5,"745":4,"746":4,"747":4,"748":2,"749":5,"750":3,"751":2,"752":3,"753":1,"754":2,"755":11,"756":5,"757":3,"758":2,"759":5,"761":1,"762":2,"763":1,"764":2,"765":3,"766":1,"767":1,"772":2,"773":2,"774":2,"776":1,"777":4,"778":5,"779":2,"780":1,"781":1,"782":1,"783":1,"784":1,"785":2,"786":2,"787":6,"788":1,"789":2,"790":1,"791":1,"792":2,"793":2,"795":1,"796":5,"797":5,"798":1,"799":2,"800":3,"801":1,"802":1,"803":2,"804":2,"806":1,"807":3,"808":1,"809":2,"811":2,"812":1,"813":1,"818":1,"822":1,"823":1,"824":1,"828":1,"829":2,"830":1,"832":6,"835":3,"836":1,"837":1,"838":2,"839":2,"840":1,"842":1,"843":1,"844":1,"845":1,"846":3,"847":1,"849":1,"850":1,"852":4,"853":2,"855":2,"856":1,"857":2,"859":1,"860":4,"861":3,"862":1,"864":4,"865":1,"867":5,"868":4,"869":3,"870":3,"871":2,"872":7,"873":1,"874":2,"875":1,"877":1,"878":1,"879":3,"880":3,"881":1,"882":1,"884":1,"886":1,"887":2,"888":1,"889":2,"890":2,"891":1,"892":2,"894":1,"895":2,"896":2,"897":4,"898":2,"899":1,"900":2,"901":4,"902":1,"903":2,"906":2,"908":2,"909":3,"910":5,"911":2,"912":1,"914":4,"915":4,"916":2,"917":1,"918":1,"919":1,"920":1,"921":1,"922":3,"923":4,"924":3,"925":1,"926":1,"927":3,"929":1,"930":3,"931":1,"933":2,"935":4,"936":1,"938":1,"941":1,"942":2,"944":2,"945":1,"946":3,"947":2,"948":1,"949":6,"950":3,"952":4,"953":2,"955":3,"956":4,"957":2,"958":4,"959":3,"960":4,"961":4,"962":2,"963":5,"964":1,"965":1,"966":3,"967":1,"968":2,"969":3,"970":1,"971":2,"973":1,"974":3,"975":1,"976":2,"977":4,"978":3,"979":1,"980":2,"981":2,"983":4,"984":1,"986":3,"987":3,"988":2,"989":2,"990":3,"992":2,"993":1,"994":2,"995":3,"996":3,"998":1,"999":1,"1000":3,"1002":2,"1003":1,"1004":1,"1005":4,"1006":3,"1007":3,"1008":1,"1009":4,"1010":1,"1011":4,"1012":3,"1013":1,"1014":2,"1015":2,"1016":1,"1018":3,"1019":1,"1020":1,"1021":1,"1022":2,"1023":1,"1024":1,"1025":2,"1026":2,"1027":2,"1028":2,"1029":4,"1032":2,"1033":1,"1034":2,"1035":2,"1036":1,"1037":3,"1040":2,"1041":3,"1042":2,"1043":3,"1044":2,"1045":1,"1046":2,"1048":1,"1050":2,"1051":1,"1052":2,"1053":4,"1054":1,"1055":2,"1057":2,"1060":6,"1061":2,"1063":1,"1065":1,"1066":2,"1067":4,"1068":4,"1069":4,"1070":4,"1071":2,"1072":4,"1073":3,"1075":2,"1076":2,"1077":2,"1078":1,"1079":4,"1080":3,"1081":4,"1082":2,"1083":1,"1084":1,"1085":2,"1086":3,"1087":1,"1088":2,"1089":2,"1090":2,"1091":1,"1092":2,"1094":2,"1095":1,"1096":1,"1097":4,"1098":4,"1099":1,"1101":2,"1102":3,"1103":1,"1104":1,"1106":4,"1107":1,"1109":1,"1110":1,"1111":5,"1112":1,"1113":3,"1114":1,"1115":2,"1116":1,"1117":3,"1118":2,"1119":1,"1120":1,"1121":4,"1122":2,"1123":2,"1124":2,"1128":1,"1130":3,"1132":4,"1133":1,"1134":4,"1137":3,"1138":2,"1139":2,"1140":1,"1141":3,"1142":1,"1143":3,"1144":2,"1145":2,"1146":2,"1147":2,"1148":1,"1149":1,"1152":2,"1154":2,"1157":1,"1158":2,"1159":2,"1160":1,"1161":1,"1162":3,"1163":3,"1164":2,"1165":3,"1169":1,"1170":2,"1171":3,"1172":2,"1174":2,"1175":2,"1177":1,"1178":2,"1179":1,"1180":2,"1181":2,"1182":3,"1183":3,"1184":1,"1185":4,"1186":3,"1187":4,"1188":5,"1189":1,"1190":3,"1191":1,"1193":2,"1194":1,"1195":2,"1196":2,"1197":1,"1198":2,"1199":2,"1200":1,"1201":3,"1202":1,"1203":2,"1204":2,"1205":2,"1206":2,"1208":3,"1210":3,"1211":5,"1212":2,"1213":2,"1215":1,"1216":2,"1217":1,"1218":1,"1219":2,"1220":1,"1223":2,"1224":6,"1225":3,"1226":3,"1227":1,"1228":5,"1229":3,"1231":2,"1232":2,"1234":1,"1235":2,"1236":1,"1237":3,"1238":2,"1239":1,"1241":1,"1242":2,"1243":3,"1244":3,"1245":3,"1246":2,"1247":2,"1248":3,"1249":1,"1250":1,"1251":2,"1252":3,"1253":7,"1254":1,"1255":2,"1256":1,"1257":3,"1258":2,"1259":6,"1260":6,"1261":2,"1262":5,"1263":1,"1264":4,"1265":3,"1266":5,"1267":6,"1268":2,"1269":1,"1270":4,"1271":4,"1272":1,"1273":6,"1274":6,"1275":2,"1276":2,"1277":4,"1278":5,"1279":5,"1280":4,"1281":5,"1282":4,"1283":6,"1284":2,"1285":6,"1286":2,"1287":3,"1288":4,"1289":2,"1290":2,"1291":6,"1292":3,"1293":3,"1295":4,"1296":2,"1297":4,"1298":2,"1299":4,"1300":1,"1301":2,"1302":3,"1303":5,"1304":2,"1305":2,"1306":1,"1307":7,"1308":5,"1309":2,"1310":4,"1311":2,"1312":3,"1313":3,"1314":3,"1315":2,"1316":3,"1317":4,"1318":1,"1319":3,"1320":4,"1321":4,"1322":3,"1323":4,"1324":5,"1325":1,"1326":4,"1327":2,"1328":6,"1329":2,"1330":4,"1331":3,"1332":6,"1333":5,"1334":6,"1335":5,"1336":2,"1337":5,"1338":2,"1339":2,"1340":4,"1341":1,"1342":5,"1343":4,"1344":6,"1345":4,"1346":3,"1347":3,"1348":6,"1349":1,"1350":1,"1352":1,"1353":2,"1354":2,"1355":2,"1356":1,"1357":1,"1358":2,"1359":1,"1360":3,"1361":1,"1362":1,"1363":6,"1364":3,"1365":2,"1367":4,"1368":1,"1369":1,"1370":4,"1371":2,"1372":3,"1373":5,"1374":1,"1375":1,"1376":4,"1377":5,"1378":2,"1379":4,"1380":4,"1381":2,"1382":1,"1383":4,"1384":2,"1385":2,"1386":1,"1387":3,"1389":4,"1390":3,"1391":4,"1392":1,"1393":2,"1394":1,"1395":2,"1396":1,"1397":2,"1398":4,"1399":4,"1401":2,"1402":4,"1404":6,"1405":4,"1406":1,"1408":1,"1410":1,"1411":3,"1412":1,"1413":1,"1415":3,"1416":1,"1418":2,"1419":1,"1420":2,"1422":1,"1424":3,"1425":3,"1426":2,"1427":2,"1428":2,"1429":3,"1430":2,"1431":1,"1432":4,"1433":2,"1435":3,"1436":1,"1437":1,"1438":7,"1439":2,"1440":3,"1441":1,"1443":1,"1444":3,"1446":2,"1448":1,"1449":4,"1450":1,"1451":2,"1453":4,"1454":2,"1455":1,"1457":1,"1458":3,"1459":1,"1460":3,"1461":2,"1462":2,"1463":1,"1464":4,"1466":1,"1467":3,"1468":2,"1469":3,"1470":1,"1471":2,"1472":3,"1473":1,"1475":2,"1476":3,"1478":3,"1479":1,"1481":2,"1482":1,"1483":1,"1484":1,"1485":1,"1486":2,"1488":2,"1489":1,"1490":1,"1491":1,"1492":3,"1493":4,"1495":4,"1496":2,"1497":4,"1498":3,"1499":2,"1501":4,"1502":3,"1504":3,"1505":2,"1506":2,"1508":2,"1510":1,"1511":1,"1512":3,"1513":1,"1514":3,"1517":2,"1519":2,"1523":1,"1525":3,"1526":5,"1527":2,"1528":4,"1529":3,"1530":2,"1531":3,"1532":1,"1533":2,"1535":1,"1537":1,"1538":4,"1539":2,"1541":1,"1542":3,"1543":1,"1545":2,"1548":1,"1549":1,"1550":3,"1551":6,"1552":2,"1554":1,"1555":2,"1556":1,"1557":1,"1559":1,"1563":1,"1564":1,"1565":3,"1566":2,"1567":2,"1569":1,"1570":1,"1571":2,"1572":2,"1573":8,"1574":2,"1575":1,"1577":2,"1578":2,"1579":2,"1580":1,"1581":2,"1582":1,"1583":1,"1584":1,"1585":2,"1587":2,"1589":2,"1590":5,"1591":1,"1592":2,"1595":2,"1596":3,"1597":1,"1598":4,"1599":3,"1600":3,"1601":1,"1602":1,"1603":1,"1604":1,"1605":4,"1606":2,"1607":3,"1608":4,"1609":4,"1611":2,"1612":2,"1613":1,"1615":3,"1617":1,"1618":3,"1620":2,"1621":2,"1622":1,"1623":3,"1624":1,"1625":1,"1626":1,"1627":2,"1629":2,"1630":3,"1631":2,"1633":3,"1634":3,"1636":1,"1637":2,"1639":1,"1640":2,"1641":1,"1642":1,"1643":3,"1644":2,"1645":3,"1646":2,"1647":3,"1648":1,"1649":2,"1650":3,"1651":1,"1653":3,"1655":3,"1656":1,"1657":2,"1658":2,"1659":1,"1660":2,"1662":5,"1663":5,"1664":2,"1665":3,"1666":1,"1667":1,"1668":2,"1669":3,"1670":3,"1671":3,"1672":2,"1673":1,"1674":1,"1675":2,"1676":2,"1677":1,"1678":3,"1679":4,"1680":2,"1681":1,"1683":3,"1684":1,"1685":2,"1686":4,"1687":4,"1688":2,"1689":3,"1690":2,"1691":4,"1692":2,"1693":3,"1694":6,"1695":3,"1697":3,"1700":1,"1701":4,"1702":2,"1704":1,"1705":2,"1706":1,"1707":1,"1709":2,"1711":1,"1712":1,"1713":3,"1714":2,"1715":2,"1716":3,"1717":2,"1719":1,"1720":1,"1724":1,"1726":1,"1727":3,"1728":3,"1729":1,"1730":1,"1731":4,"1732":1,"1733":1,"1734":1,"1735":2,"1737":4,"1738":1,"1739":3,"1741":2,"1742":4,"1743":1,"1745":2,"1746":2,"1747":2,"1748":1,"1749":2,"1750":1,"1751":1,"1752":3,"1753":1,"1755":2,"1756":3,"1757":1,"1758":5,"1759":2,"1760":2,"1761":1,"1762":2,"1763":1,"1764":1,"1765":1,"1766":2,"1768":1,"1769":3,"1770":3,"1771":3,"1772":5,"1773":3,"1774":3,"1775":5,"1776":3,"1777":1,"1778":2,"1779":3,"1780":1,"1781":2,"1782":1,"1783":1,"1784":2,"1786":2,"1787":1,"1789":3,"1790":4,"1791":4,"1792":1,"1793":2,"1794":1,"1795":1,"1797":1,"1798":1,"1799":2,"1800":2,"1801":2,"1802":2,"1803":1,"1804":1,"1805":1,"1806":1,"1807":1,"1809":2,"1810":1,"1812":1,"1813":2,"1814":3,"1815":1,"1816":1,"1817":1,"1818":1,"1819":1,"1820":2,"1821":2,"1822":2,"1823":1,"1824":2,"1825":1,"1826":1,"1829":1,"1830":2,"1831":1,"1832":1,"1833":1,"1834":2,"1835":2,"1838":3,"1839":1,"1840":1,"1841":2,"1842":1,"1843":1,"1844":2,"1846":1,"1847":1,"1850":2,"1851":1,"1852":1,"1854":1,"1855":1,"1856":2,"1857":3,"1858":2,"1859":1,"1861":1,"1862":1,"1864":3,"1865":1,"1866":2,"1867":2,"1868":2,"1872":2,"1873":2,"1874":3,"1875":4,"1876":4,"1877":1,"1878":3,"1880":1,"1881":1,"1882":1,"1883":1,"1884":2,"1885":1,"1886":1,"1887":1,"1888":1,"1891":1,"1894":1,"1899":1,"1900":2,"1903":1,"1906":1,"1935":1,"1936":1,"1937":1,"1938":2,"1939":1,"1941":1,"1942":1,"1943":1,"1944":1,"1945":1,"1946":3,"1948":1,"1950":3,"1951":2,"1958":1,"1964":1,"1965":1,"1967":3,"2608":1,"6729":1,"6731":1,"6734":1,"6736":1,"6738":1,"6739":2,"6740":2,"6741":1,"6743":1,"6745":1,"6746":1,"6747":4,"6749":1,"6750":1,"6752":1,"6753":1,"6754":3,"6755":1,"6756":1,"6757":1,"6758":2,"6762":3,"6764":1,"6765":3,"6767":3,"6768":1,"6769":1,"6770":3,"6771":2,"6772":1,"6775":2,"6776":1,"6777":3,"6778":2,"6779":3,"6781":2,"6783":2,"6785":1,"6786":1,"6787":3,"6789":1,"6790":2,"6791":1,"6793":1,"6794":1,"6795":2,"6797":4,"6799":1,"6800":6,"6801":3,"6802":2,"6803":1,"6804":2,"6805":4,"6806":5,"6807":5,"6808":1,"6809":2,"6810":3,"6811":4,"6812":6,"6813":3,"6814":6,"6815":6,"6816":6,"6817":8,"6818":7,"6819":6,"6820":11,"6821":7,"6822":3,"6823":4,"6824":6,"6825":7,"6826":4,"6827":8,"6828":7,"6829":3,"6830":9,"6831":8,"6832":13,"6833":8,"6834":6,"6836":7,"6837":8,"6838":4,"6839":4,"6840":1,"6841":2,"6842":5,"6843":5,"6844":2,"6845":5,"6846":8,"6847":5,"6848":5,"6849":3,"6850":4,"6851":3,"6852":8,"6853":2,"6854":8,"6855":3,"6856":7,"6857":2,"6858":3,"6859":4,"6860":2,"6861":4,"6862":3,"6864":4,"6865":7,"6866":2,"6867":3,"6868":3,"6869":1,"6870":2,"6871":3,"6872":3,"6873":3,"6874":3,"6875":5,"6876":3,"6877":2,"6878":2,"6879":2,"6880":1,"6882":1,"6885":2,"6886":1,"6889":1,"6890":1,"6891":2,"6892":1,"6893":2,"6895":1,"6898":1,"6901":1,"6910":1,"6914":1,"6919":1,"6920":1,"6923":1,"6926":1,"6929":1,"6930":1,"6931":1,"6934":1,"6935":1,"6939":2,"6943":2,"6944":1,"6946":1,"6947":1,"6948":1,"6950":1,"6968":2,"6972":1,"6974":1,"6978":1,"6982":1,"6985":1,"6989":1,"6990":2,"6995":1,"7008":1,"7011":1,"7021":3,"7024":1,"7025":1,"7027":2,"7029":1,"7030":2,"7031":2,"7033":2,"7034":1,"7036":1,"7039":3,"7040":2,"7041":3,"7042":6,"7043":1,"7045":2,"7046":3,"7047":1,"7048":1,"7049":1,"7050":2,"7051":1,"7054":3,"7056":2,"7057":1,"7058":1,"7059":1,"7060":4,"7061":1,"7063":1,"7064":2,"7067":1,"7069":1,"7070":1,"7071":1,"7073":4,"7075":2,"7076":3,"7077":5,"7078":1,"7079":2,"7080":2,"7081":1,"7082":1,"7083":1,"7085":1,"7087":2,"7088":2,"7089":2,"7090":3,"7091":1,"7092":4,"7096":2,"7097":1,"7098":1,"7100":3,"7101":2,"7102":1,"7103":3,"7104":1,"7105":2,"7106":3,"7107":3,"7108":2,"7109":1,"7112":2,"7113":2,"7114":1,"7115":2,"7116":1,"7117":2,"7118":3,"7119":1,"7120":1,"7121":1,"7122":5,"7123":1,"7124":2,"7125":6,"7127":1,"7128":3,"7129":3,"7130":2,"7131":2,"7132":7,"7133":4,"7134":2,"7135":3,"7136":4,"7137":5,"7138":4,"7139":4,"7140":8,"7141":6,"7142":4,"7143":5,"7144":9,"7145":6,"7146":4,"7147":4,"7148":5,"7149":1,"7150":6,"7152":4,"7153":5,"7154":6,"7155":3,"7156":5,"7157":7,"7158":7,"7159":4,"7160":2,"7161":4,"7162":1,"7163":1,"7172":1,"7173":1,"7174":3,"7175":1,"7176":3,"7177":5,"7178":2,"7179":4,"7180":2,"7181":5,"7182":6,"7183":6,"7184":5,"7185":8,"7186":7,"7187":8,"7188":11,"7189":3,"7190":6,"7191":10,"7192":9,"7193":10,"7194":9,"7195":10,"7196":8,"7197":6,"7198":12,"7199":7,"7200":7,"7201":5,"7202":12,"7203":7,"7204":6,"7205":4,"7206":4,"7207":1,"7208":7,"7209":3,"7210":2,"7211":4,"7212":1,"7213":3,"7214":2,"7215":1,"7216":4,"7217":6,"7218":4,"7219":2,"7220":3,"7221":4,"7222":10,"7223":5,"7224":4,"7225":4,"7226":2,"7227":6,"7228":10,"7229":8,"7230":19,"7231":11,"7232":11,"7233":5,"7234":4,"7235":4,"7236":8,"7237":7,"7238":2,"7239":9,"7240":7,"7241":7,"7242":7,"7243":7,"7244":16,"7245":7,"7246":6,"7247":5,"7248":5,"7249":5,"7250":11,"7251":5,"7252":5,"7253":5,"7254":3,"7255":1,"7256":1,"7257":1,"7258":4,"7260":1,"7262":2,"7264":1,"7265":2,"7266":2,"7267":3,"7268":1,"7269":1,"7270":4,"7271":4,"7272":5,"7273":6,"7274":3,"7275":7,"7276":2,"7277":12,"7278":6,"7279":4,"7280":8,"7281":8,"7282":1,"7283":4,"7284":3,"7285":5,"7286":5,"7287":5,"7288":5,"7289":3,"7290":7,"7291":3,"7292":4,"7293":5,"7294":10,"7295":5,"7296":13,"7297":5,"7298":9,"7299":14,"7300":8,"7301":8,"7302":7,"7303":8,"7304":11,"7305":9,"7306":14,"7307":7,"7308":9,"7309":13,"7310":14,"7311":9,"7312":11,"7313":18,"7314":12,"7315":11,"7316":15,"7317":16,"7318":9,"7319":10,"7320":12,"7321":13,"7322":12,"7323":17,"7324":13,"7325":6,"7326":17,"7327":8,"7328":11,"7329":8,"7330":6,"7331":8,"7332":2,"7333":3,"7334":4,"7335":6,"7336":5,"7337":6,"7338":4,"7339":1,"7340":7,"7341":8,"7342":2,"7343":5,"7344":5,"7345":4,"7346":2,"7347":3,"7348":1,"7349":3,"7350":5,"7351":1,"7352":1,"7353":3,"7354":2,"7355":3,"7356":2,"7357":1,"7358":2,"7359":1,"7360":3,"7361":5,"7362":4,"7363":2,"7364":2,"7365":1,"7366":2,"7367":4,"7368":1,"7369":3,"7370":1,"7371":1,"7377":1,"7385":1,"7389":1,"7391":2,"7392":3,"7393":2,"7394":3,"7395":4,"7396":2,"7397":4,"7398":4,"7399":8,"7400":9,"7401":7,"7402":8,"7403":5,"7404":8,"7405":7,"7406":8,"7407":2,"7408":7,"7409":11,"7410":9,"7411":6,"7412":9,"7413":9,"7414":3,"7415":8,"7416":6,"7417":13,"7418":7,"7419":15,"7420":5,"7421":7,"7422":6,"7423":4,"7424":2,"7425":3,"7426":1,"7428":2,"7430":1,"7431":1,"7470":1,"7475":1,"7477":1,"7478":1,"7480":4,"7481":1,"7482":2,"7483":1,"7484":2,"7485":4,"7486":4,"7487":3,"7488":4,"7489":4,"7490":6,"7491":2,"7492":5,"7493":8,"7494":5,"7495":8,"7496":7,"7497":11,"7498":6,"7499":1,"7500":7,"7501":5,"7502":7,"7503":6,"7504":10,"7505":15,"7506":9,"7507":15,"7508":22,"7509":9,"7510":12,"7511":11,"7512":10,"7513":17,"7514":16,"7515":21,"7516":19,"7517":11,"7518":10,"7519":13,"7520":13,"7521":17,"7522":19,"7523":21,"7524":12,"7525":10,"7526":8,"7527":18,"7528":16,"7529":18,"7530":19,"7531":22,"7532":20,"7533":15,"7534":18,"7535":14,"7536":21,"7537":17,"7538":13,"7539":9,"7540":13,"7541":14,"7542":16,"7543":7,"7544":19,"7545":11,"7546":21,"7547":20,"7548":15,"7549":9,"7550":13,"7551":10,"7552":13,"7553":12,"7554":7,"7555":8,"7556":10,"7557":9,"7558":6,"7559":10,"7560":9,"7561":6,"7562":5,"7563":6,"7564":7,"7565":11,"7566":5,"7567":5,"7568":4,"7569":8,"7570":4,"7571":9,"7572":7,"7573":3,"7574":2,"7575":8,"7576":8,"7577":8,"7578":7,"7579":3,"7580":3,"7581":7,"7582":9,"7583":4,"7584":8,"7585":4,"7586":6,"7587":6,"7588":6,"7589":1,"7590":1,"7591":3,"7593":2,"7594":5,"7595":3,"7596":1,"7597":4,"7598":7,"7599":1,"7600":9,"7601":7,"7602":1,"7603":4,"7605":3,"7606":3,"7607":3,"7608":2,"7609":5,"7610":2,"7611":4,"7612":1,"7613":6,"7614":2,"7615":5,"7616":1,"7617":4,"7618":7,"7619":5,"7620":6,"7621":5,"7622":4,"7623":6,"7624":5,"7625":4,"7626":3,"7627":2,"7628":3,"7629":2,"7630":2,"7631":6,"7632":4,"7633":2,"7634":1,"7635":2,"7636":4,"7638":3,"7639":1,"7640":3,"7641":4,"7642":4,"7643":2,"7644":3,"7646":3,"7647":1,"7648":1,"7649":1,"7651":1,"7652":1,"7653":2,"7656":2,"7658":1,"7659":2,"7660":1,"7663":1,"7913":1,"7983":1,"7988":1,"7989":1,"7993":1,"8013":1,"8014":1,"8016":1,"8017":1,"8018":1,"8035":1,"8103":1,"8107":1,"8213":1,"8231":1,"8233":1,"8249":1,"8277":1,"8284":1,"8293":1,"8297":1,"8298":1,"8311":1,"8315":2,"8316":1,"8317":1,"8318":1,"8319":1,"8321":1,"8358":4,"8361":1,"8362":3,"8364":1,"8386":1,"8388":2,"8401":1,"8404":1,"8407":2,"8410":1,"8412":1,"8415":1,"8416":1,"8417":1,"8441":1,"8453":3,"8454":1,"8458":1,"8462":1,"8473":1,"8479":1,"8480":1,"8482":2,"8483":1,"8484":3,"8486":1,"8487":1,"8489":2,"8490":1,"8495":1,"8504":1,"8515":1,"8521":1,"8522":1,"8523":1,"8525":1,"8532":1,"8544":1,"8557":1,"8576":1,"8582":1,"8583":1,"8585":1,"8586":1,"8587":1,"8651":1,"8656":2,"8660":1,"8661":1,"8662":1,"8666":1,"8668":2,"8670":1,"8671":1,"8672":1,"8673":1,"8687":1,"8688":2,"8691":2,"8693":1,"8695":1,"8696":1,"8703":1,"8704":1,"8707":1,"8708":4,"8709":1,"8711":2,"8712":1,"8713":4,"8714":2,"8715":1,"8717":1,"8719":1,"8722":1,"8728":1,"8730":1,"8737":2,"8739":1,"8750":1,"8751":1,"8757":1,"8853":2,"8941":1,"8964":1,"9415":1,"9420":1,"9429":2,"9431":1,"9437":1,"9440":1,"9443":2,"9445":1,"9446":1,"9450":1,"9452":1,"9462":1,"9463":2,"9465":1,"9470":1,"9472":1,"9473":2,"9477":1,"9480":2,"9483":2,"9484":1,"9486":1,"9487":2,"9492":1,"9493":3,"9494":1,"9495":1,"9496":1,"9498":1,"9499":2,"9500":1,"9502":1,"9504":3,"9505":2,"9506":2,"9507":2,"9509":2,"9510":2,"9512":1,"9514":1,"9515":1,"9516":1,"9517":3,"9518":1,"9519":2,"9521":3,"9523":1,"9524":2,"9526":3,"9528":1,"9530":1,"9531":1,"9532":1,"9533":1,"9535":2,"9537":3,"9538":2,"9541":1,"9542":1,"9543":1,"9544":1,"9545":2,"9547":1,"9550":1,"9551":1,"9552":1,"9553":4,"9557":1,"9559":2,"9560":1,"9561":1,"9562":2,"9564":2,"9565":1,"9566":2,"9567":3,"9570":1,"9571":3,"9573":1,"9574":1,"9576":2,"9578":2,"9579":2,"9580":3,"9585":1,"9586":1,"9587":1,"9588":3,"9590":1,"9591":1,"9592":1,"9593":2,"9597":2,"9599":3,"9600":1,"9601":1,"9602":1,"9603":1,"9606":2,"9610":4,"9611":2,"9612":2,"9614":2,"9616":1,"9617":2,"9618":1,"9619":4,"9620":2,"9622":1,"9624":4,"9625":2,"9626":1,"9628":2,"9629":4,"9631":4,"9632":4,"9634":2,"9637":2,"9638":2,"9639":1,"9641":2,"9642":2,"9644":1,"9645":1,"9646":2,"9648":2,"9649":1,"9651":2,"9652":1,"9653":1,"9654":3,"9655":1,"9656":2,"9657":3,"9658":2,"9659":1,"9660":1,"9661":3,"9663":1,"9664":1,"9665":1,"9670":1,"9671":2,"9672":2,"9673":2,"9674":1,"9675":1,"9677":2,"9679":1,"9680":3,"9681":1,"9683":2,"9684":4,"9685":1,"9688":1,"9689":1,"9690":1,"9692":3,"9693":2,"9694":2,"9696":2,"9697":2,"9698":3,"9699":4,"9701":1,"9702":4,"9703":2,"9704":1,"9706":1,"9707":1,"9708":2,"9709":3,"9710":2,"9711":1,"9712":4,"9714":1,"9715":1,"9717":1,"9720":1,"9721":1,"9722":5,"9723":4,"9724":3,"9725":3,"9726":1,"9727":1,"9728":2,"9729":1,"9731":1,"9733":2,"9737":2,"9738":3,"9739":2,"9740":3,"9741":2,"9742":3,"9745":1,"9746":2,"9747":2,"9748":2,"9749":1,"9750":2,"9751":1,"9752":1,"9753":1,"9754":5,"9755":2,"9756":6,"9757":1,"9758":2,"9759":2,"9760":1,"9761":3,"9762":2,"9763":3,"9764":3,"9767":1,"9768":3,"9769":1,"9771":2,"9772":2,"9773":2,"9775":1,"9777":1,"9778":3,"9779":1,"9780":2,"9781":2,"9782":3,"9783":2,"9784":3,"9786":2,"9787":2,"9788":1,"9789":1,"9790":3,"9791":2,"9792":3,"9793":3,"9796":1,"9798":3,"9800":3,"9801":4,"9804":2,"9806":1,"9808":2,"9809":4,"9811":3,"9812":4,"9813":1,"9814":5,"9815":3,"9816":3,"9817":1,"9818":2,"9819":1,"9820":3,"9821":2,"9822":1,"9823":2,"9825":3,"9826":2,"9827":1,"9829":2,"9830":1,"9831":2,"9833":3,"9837":1,"9838":1,"9839":2,"9840":2,"9841":1,"9842":2,"9843":1,"9844":1,"9845":2,"9846":2,"9847":2,"9848":5,"9849":3,"9850":2,"9851":1,"9852":1,"9853":2,"9854":2,"9855":1,"9856":1,"9857":1,"9859":2,"9860":4,"9861":3,"9862":1,"9863":1,"9864":1,"9865":2,"9866":2,"9867":2,"9870":2,"9872":1,"9873":2,"9874":2,"9875":2,"9876":1,"9877":2,"9878":1,"9879":6,"9881":1,"9882":3,"9883":5,"9884":2,"9885":2,"9886":1,"9887":1,"9888":2,"9889":1,"9890":1,"9891":2,"9892":2,"9893":4,"9894":2,"9895":3,"9896":3,"9897":2,"9898":2,"9899":1,"9900":7,"9901":3,"9902":1,"9903":1,"9905":2,"9908":3,"9909":1,"9910":2,"9912":2,"9913":1,"9914":3,"9915":4,"9916":4,"9917":1,"9920":1,"9921":1,"9922":2,"9923":1,"9924":2,"9925":1,"9927":2,"9928":1,"9929":4,"9930":3,"9933":1,"9934":3,"9935":2,"9937":1,"9938":1,"9939":1,"9940":1,"9941":2,"9943":1,"9944":2,"9945":1,"9946":3,"9947":2,"9948":2,"9949":1,"9951":1,"9952":2,"9953":1,"9954":1,"9956":3,"9957":2,"9958":2,"9959":6,"9962":3,"9963":1,"9964":2,"9965":2,"9966":1,"9967":1,"9968":1,"9969":3,"9970":1,"9972":3,"9973":1,"9974":4,"9975":1,"9976":2,"9977":3,"9978":2,"9979":1,"9980":2,"9982":4,"9983":1,"9985":2,"9986":2,"9989":1,"9991":2,"9992":1,"9993":2,"9994":3,"9995":2,"9996":3,"9997":2,"9998":3,"10001":2,"10002":2,"10003":2,"10005":3,"10006":1,"10007":4,"10008":1,"10009":1,"10010":1,"10011":4,"10012":5,"10013":3,"10015":2,"10016":1,"10020":2,"10025":1,"10026":1,"10027":1,"10028":2,"10029":1,"10030":2,"10031":2,"10033":1,"10034":2,"10035":3,"10036":3,"10037":1,"10038":1,"10039":5,"10044":1,"10045":1,"10047":3,"10048":1,"10049":1,"10051":1,"10054":4,"10056":3,"10057":3,"10058":1,"10059":2,"10062":2,"10063":1,"10064":2,"10065":1,"10066":1,"10067":1,"10068":2,"10069":2,"10070":4,"10071":3,"10072":4,"10074":3,"10075":1,"10076":4,"10077":2,"10078":2,"10079":1,"10080":2,"10081":1,"10082":4,"10083":7,"10084":5,"10085":1,"10086":3,"10087":1,"10088":2,"10090":1,"10091":2,"10092":1,"10093":1,"10094":2,"10095":5,"10096":1,"10097":3,"10098":1,"10099":1,"10100":3,"10101":2,"10103":1,"10104":1,"10105":2,"10107":2,"10109":1,"10112":1,"10113":1,"10114":1,"10115":3,"10116":2,"10117":5,"10118":1,"10119":1,"10120":2,"10121":1,"10123":3,"10125":2,"10126":5,"10127":2,"10129":2,"10130":2,"10131":2,"10132":3,"10134":1,"10135":1,"10136":3,"10137":1,"10138":1,"10139":1,"10140":3,"10141":1,"10142":3,"10143":4,"10144":3,"10145":1,"10146":1,"10147":1,"10149":1,"10150":1,"10151":2,"10152":1,"10154":1,"10155":1,"10156":1,"10157":3,"10159":2,"10160":1,"10161":1,"10162":3,"10164":2,"10166":2,"10167":1,"10168":1,"10170":2,"10171":1,"10174":2,"10176":1,"10177":2,"10178":1,"10180":2,"10181":1,"10182":1,"10183":1,"10184":1,"10185":1,"10186":1,"10187":3,"10188":2,"10189":1,"10190":1,"10191":1,"10192":2,"10193":2,"10194":1,"10195":1,"10196":3,"10197":2,"10198":1,"10200":2,"10201":4,"10202":4,"10203":5,"10204":1,"10205":3,"10206":3,"10207":1,"10208":1,"10209":3,"10210":2,"10211":1,"10212":1,"10214":1,"10215":1,"10216":1,"10217":3,"10218":1,"10219":3,"10221":1,"10222":2,"10223":2,"10224":4,"10225":2,"10226":3,"10227":1,"10230":3,"10231":4,"10232":1,"10233":2,"10234":2,"10236":5,"10237":1,"10238":2,"10239":1,"10240":4,"10242":2,"10243":2,"10245":1,"10249":1,"10252":2,"10253":4,"10254":2,"10255":1,"10257":1,"10258":1,"10259":3,"10261":4,"10262":2,"10263":1,"10264":1,"10266":1,"10267":3,"10268":2,"10269":1,"10270":1,"10271":4,"10272":1,"10273":2,"10274":4,"10275":1,"10276":3,"10277":2,"10279":1,"10280":2,"10281":2,"10282":4,"10283":3,"10285":4,"10286":6,"10287":4,"10289":2,"10290":1,"10291":1,"10292":1,"10293":1,"10296":1,"10297":1,"10298":3,"10300":1,"10302":2,"10303":3,"10304":2,"10305":2,"10306":2,"10308":1,"10309":2,"10310":5,"10311":2,"10314":2,"10316":5,"10317":1,"10318":3,"10320":4,"10322":1,"10323":5,"10324":1,"10325":1,"10326":1,"10327":2,"10328":1,"10329":2,"10330":3,"10331":2,"10332":3,"10333":1,"10334":2,"10335":6,"10336":3,"10338":1,"10339":2,"10341":1,"10342":1,"10343":1,"10344":2,"10345":3,"10346":2,"10347":2,"10348":3,"10349":1,"10351":2,"10352":1,"10353":2,"10354":1,"10355":1,"10356":2,"10357":1,"10358":2,"10359":2,"10361":1,"10362":2,"10363":2,"10364":1,"10365":1,"10367":2,"10368":1,"10369":1,"10370":2,"10371":1,"10372":1,"10373":1,"10374":3,"10375":1,"10376":1,"10378":2,"10380":1,"10381":1,"10382":1,"10383":2,"10384":1,"10385":1,"10386":1,"10387":1,"10388":1,"10389":2,"10390":3,"10392":1,"10393":2,"10394":2,"10395":1,"10396":2,"10397":3,"10398":2,"10400":2,"10402":1,"10403":3,"10404":1,"10405":1,"10406":2,"10407":2,"10409":1,"10410":1,"10412":3,"10413":2,"10414":1,"10415":2,"10416":2,"10417":2,"10419":2,"10420":2,"10422":2,"10423":2,"10424":3,"10425":2,"10426":1,"10427":4,"10428":1,"10429":3,"10430":2,"10432":3,"10433":2,"10434":2,"10435":2,"10438":4,"10439":3,"10440":1,"10441":1,"10442":3,"10443":5,"10445":1,"10446":2,"10447":3,"10448":2,"10449":3,"10450":1,"10451":1,"10452":3,"10454":1,"10455":2,"10456":1,"10457":4,"10459":1,"10460":1,"10461":1,"10463":1,"10464":2,"10465":2,"10466":4,"10467":2,"10468":3,"10469":1,"10470":2,"10471":1,"10472":1,"10473":2,"10474":2,"10475":1,"10476":5,"10477":1,"10478":1,"10480":1,"10481":2,"10483":3,"10484":4,"10486":2,"10487":1,"10490":3,"10491":5,"10492":2,"10493":2,"10495":1,"10496":5,"10497":4,"10498":3,"10499":2,"10501":2,"10502":3,"10503":2,"10504":2,"10505":1,"10507":3,"10508":2,"10509":3,"10511":1,"10512":3,"10513":4,"10514":2,"10518":1,"10519":2,"10520":4,"10521":2,"10522":5,"10523":1,"10525":2,"10526":1,"10527":1,"10528":4,"10529":2,"10530":2,"10531":1,"10532":1,"10533":2,"10535":4,"10537":2,"10538":3,"10539":2,"10541":4,"10543":2,"10544":1,"10545":1,"10546":2,"10547":1,"10549":1,"10550":1,"10551":1,"10552":3,"10553":2,"10554":4,"10555":1,"10556":5,"10557":1,"10558":1,"10559":1,"10560":3,"10561":6,"10562":5,"10563":1,"10564":2,"10566":1,"10567":5,"10568":5,"10569":4,"10570":1,"10571":2,"10572":4,"10573":1,"10575":2,"10576":2,"10577":1,"10578":1,"10579":6,"10580":1,"10581":1,"10583":2,"10585":2,"10586":2,"10587":2,"10588":2,"10589":1,"10590":2,"10591":2,"10592":3,"10593":3,"10594":1,"10595":3,"10596":1,"10597":5,"10598":1,"10599":4,"10600":1,"10602":2,"10603":5,"10605":3,"10606":2,"10607":1,"10609":1,"10610":4,"10611":2,"10612":1,"10613":2,"10614":2,"10615":1,"10616":2,"10618":1,"10619":2,"10620":1,"10621":2,"10622":2,"10623":4,"10624":5,"10626":3,"10627":1,"10628":2,"10629":3,"10630":6,"10632":5,"10633":2,"10636":1,"10637":2,"10638":2,"10640":2,"10641":3,"10643":3,"10644":3,"10645":1,"10646":5,"10648":2,"10649":3,"10650":3,"10651":5,"10652":2,"10653":2,"10656":1,"10657":1,"10658":2,"10659":3,"10662":3,"10663":3,"10664":2,"10666":1,"10667":5,"10668":4,"10669":2,"10672":1,"10673":1,"10674":2,"10676":3,"10677":1,"10678":1,"10680":1,"10681":4,"10682":4,"10683":2,"10684":1,"10685":1,"10686":3,"10688":2,"10689":5,"10690":4,"10691":2,"10692":4,"10693":2,"10694":3,"10695":1,"10696":3,"10697":3,"10698":1,"10699":1,"10700":1,"10703":1,"10704":1,"10705":1,"10707":1,"10708":3,"10709":1,"10710":1,"10711":2,"10712":2,"10713":1,"10714":1,"10715":2,"10716":3,"10717":1,"10718":3,"10719":3,"10720":2,"10721":1,"10722":1,"10723":1,"10724":3,"10725":1,"10726":3,"10727":1,"10728":2,"10730":1,"10731":2,"10732":1,"10735":3,"10736":2,"10737":2,"10738":1,"10739":1,"10740":3,"10741":2,"10743":3,"10745":2,"10746":3,"10747":3,"10748":3,"10750":1,"10751":2,"10752":4,"10753":2,"10754":1,"10755":1,"10756":2,"10757":1,"10758":3,"10759":2,"10760":2,"10761":4,"10762":2,"10763":3,"10764":3,"10765":3,"10766":2,"10768":5,"10769":2,"10770":3,"10772":3,"10774":2,"10775":3,"10776":3,"10778":1,"10780":3,"10781":1,"10784":1,"10786":2,"10787":2,"10788":3,"10789":2,"10791":2,"10792":3,"10793":1,"10794":1,"10795":2,"10796":1,"10797":1,"10798":1,"10799":1,"10800":1,"10801":2,"10803":1,"10804":4,"10805":2,"10807":2,"10808":2,"10809":3,"10811":4,"10812":2,"10813":2,"10814":2,"10815":3,"10816":1,"10818":1,"10819":1,"10820":1,"10822":3,"10823":1,"10824":3,"10825":3,"10826":3,"10827":2,"10828":3,"10829":1,"10830":2,"10831":1,"10832":4,"10833":1,"10834":1,"10836":3,"10837":1,"10838":1,"10839":1,"10840":2,"10841":1,"10843":1,"10844":3,"10845":1,"10846":1,"10847":2,"10848":2,"10850":1,"10851":3,"10852":4,"10853":2,"10854":1,"10855":1,"10856":5,"10857":2,"10858":1,"10860":2,"10861":3,"10863":3,"10864":3,"10865":2,"10866":6,"10867":3,"10868":2,"10870":2,"10871":1,"10872":2,"10873":1,"10876":7,"10877":2,"10878":1,"10879":1,"10880":2,"10881":4,"10882":5,"10883":1,"10884":3,"10885":2,"10888":3,"10891":3,"10892":4,"10896":4,"10897":4,"10898":1,"10899":1,"10900":2,"10901":2,"10902":1,"10903":2,"10904":2,"10905":1,"10906":6,"10907":3,"10909":1,"10910":1,"10911":2,"10912":3,"10914":1,"10915":2,"10916":5,"10917":3,"10918":2,"10919":4,"10921":1,"10922":2,"10924":1,"10927":2,"10928":4,"10929":3,"10930":2,"10931":1,"10932":3,"10933":3,"10934":3,"10935":2,"10936":2,"10937":3,"10938":2,"10939":1,"10940":1,"10941":5,"10943":3,"10945":2,"10946":3,"10947":2,"10949":1,"10950":2,"10951":3,"10952":2,"10953":2,"10954":2,"10958":1,"10960":1,"10963":4,"10964":4,"10965":3,"10966":2,"10967":1,"10968":2,"10969":2,"10970":3,"10971":4,"10972":1,"10973":5,"10974":2,"10975":1,"10976":2,"10977":2,"10978":6,"10979":1,"10980":1,"10981":2,"10982":2,"10984":4,"10985":3,"10986":4,"10988":1,"10989":1,"10990":2,"10991":2,"10992":3,"10993":3,"10994":5,"10995":3,"10996":3,"10998":3,"11000":3,"11001":1,"11002":1,"11003":2,"11004":3,"11005":1,"11006":1,"11007":1,"11008":2,"11009":2,"11010":1,"11011":4,"11012":3,"11013":1,"11014":1,"11015":1,"11018":2,"11019":4,"11020":6,"11021":3,"11022":6,"11023":6,"11024":4,"11025":1,"11026":1,"11027":6,"11028":6,"11029":5,"11030":2,"11031":4,"11033":1,"11034":1,"11035":2,"11036":4,"11037":1,"11038":3,"11039":3,"11040":4,"11041":2,"11042":2,"11043":6,"11044":3,"11045":5,"11046":2,"11047":1,"11048":3,"11049":2,"11050":3,"11051":3,"11052":2,"11053":1,"11054":3,"11055":2,"11056":4,"11057":1,"11058":3,"11059":1,"11062":2,"11064":1,"11065":3,"11066":1,"11067":1,"11068":1,"11069":5,"11070":2,"11073":2,"11074":1,"11075":2,"11078":1,"11081":1,"11082":1,"11083":1,"11086":2,"11089":1,"11090":1,"11091":1,"11093":1,"11095":1,"11096":1,"11097":1,"11098":3,"11099":1,"11101":2,"11103":3,"11104":6,"11105":7,"11106":8,"11107":5,"11108":3,"11109":7,"11110":7,"11112":2,"11113":3,"11114":6,"11117":2,"11118":2,"11119":5,"11120":3,"11122":2,"11124":4,"11125":1,"11126":6,"11128":5,"11129":2,"11131":2,"11132":2,"11133":3,"11134":2,"11135":4,"11136":4,"11137":3,"11138":2,"11139":1,"11140":4,"11141":6,"11142":5,"11143":2,"11144":5,"11145":4,"11146":3,"11147":3,"11148":2,"11149":5,"11150":3,"11151":3,"11152":3,"11153":2,"11156":6,"11157":5,"11158":7,"11159":4,"11160":4,"11161":2,"11162":4,"11163":6,"11164":2,"11166":3,"11167":2,"11168":5,"11170":2,"11171":3,"11172":1,"11173":4,"11174":5,"11175":4,"11177":3,"11178":2,"11183":3,"11184":2,"11188":2,"11189":1,"11191":4,"11192":4,"11193":2,"11194":4,"11195":2,"11196":5,"11197":6,"11198":2,"11199":2,"11200":2,"11201":3,"11202":6,"11203":4,"11204":7,"11205":2,"11206":1,"11207":7,"11208":3,"11209":3,"11211":2,"11212":3,"11213":2,"11214":1,"11215":4,"11216":4,"11217":1,"11218":4,"11219":3,"11220":2,"11221":3,"11222":2,"11223":9,"11224":4,"11225":5,"11226":1,"11227":4,"11228":2,"11229":1,"11230":1,"11232":5,"11233":2,"11234":1,"11235":3,"11236":1,"11237":2,"11238":3,"11239":3,"11240":1,"11241":2,"11243":3,"11249":3,"11253":1,"11255":2,"11256":1,"11257":2,"11259":1,"11265":1,"11266":1,"11267":2,"11269":2,"11270":1,"11271":1,"11272":1,"11275":1,"11276":2,"11277":2,"11278":1,"11281":3,"11283":1,"11285":1,"11286":3,"11287":1,"11288":2,"11289":5,"11290":1,"11291":1,"11292":1,"11295":1,"11296":4,"11297":1,"11302":1,"11303":1,"11304":1,"11305":1,"11307":1,"11308":2,"11309":4,"11310":1,"11311":1,"11312":1,"11317":2,"11318":2,"11319":4,"11321":1,"11327":1,"11328":2,"11329":1,"11330":4,"11332":1,"11333":4,"11338":1,"11339":3,"11340":1,"11341":1,"11342":3,"11343":2,"11344":2,"11345":1,"11347":1,"11348":2,"11349":1,"11353":1,"11355":2,"11356":3,"11357":1,"11358":1,"11359":1,"11362":1,"11363":1,"11364":1,"11368":2,"11369":1,"11370":1,"11371":4,"11372":1,"11373":2,"11374":3,"11375":2,"11376":1,"11377":4,"11378":1,"11379":3,"11380":2,"11381":1,"11382":2,"11383":1,"11384":3,"11385":2,"11386":1,"11387":1,"11388":5,"11389":2,"11390":3,"11391":1,"11392":4,"11393":4,"11394":5,"11395":5,"11396":4,"11397":4,"11398":2,"11399":2,"11400":1,"11401":1,"11402":1,"11403":2,"11404":1,"11407":1,"11408":1,"11409":2,"11410":2,"11411":2,"11412":2,"11413":1,"11416":3,"11417":1,"11418":1,"11419":1,"11421":2,"11422":2,"11424":7,"11425":4,"11426":2,"11427":4,"11430":3,"11431":1,"11432":2,"11433":1,"11434":3,"11435":3,"11436":2,"11438":1,"11440":4,"11441":1,"11442":3,"11443":1,"11444":5,"11445":3,"11447":5,"11448":2,"11449":3,"11450":5,"11451":1,"11452":1,"11453":3,"11454":4,"11455":1,"11456":4,"11457":2,"11459":3,"11460":1,"11461":2,"11462":2,"11463":4,"11465":1,"11466":3,"11467":1,"11468":1,"11469":2,"11470":1,"11471":4,"11473":1,"11474":1,"11475":2,"11477":4,"11478":3,"11479":1,"11480":2,"11481":4,"11483":1,"11485":1,"11486":2,"11487":4,"11490":2,"11491":1,"11493":1,"11499":1,"11501":1,"11502":1,"11504":1,"11505":1,"11507":2,"11508":1,"11509":2,"11510":2,"11518":1,"11519":2,"11529":1,"11537":1,"11539":1,"11540":1,"11542":1,"11544":1,"11547":1,"11548":2,"11550":1,"11551":1,"11552":1,"11553":1,"11555":2,"11556":3,"11557":1,"11558":1,"11559":1,"11561":2,"11563":1,"11565":1,"11566":1,"11567":2,"11570":1,"11573":1,"11576":3,"11577":1,"11578":1,"11581":1,"11583":1,"11584":1,"11585":2,"11587":1,"11589":1,"11591":1,"11593":2,"11594":1,"11596":3,"11597":3,"11598":2,"11601":2,"11603":1,"11606":2,"11607":1,"11609":2,"11610":1,"11611":1,"11613":2,"11616":1,"11625":3,"11626":1,"11632":1,"11634":1,"11635":2,"11636":2,"11637":1,"11638":1,"11640":1,"11643":3,"11644":1,"11645":3,"11646":1,"11647":6,"11648":1,"11649":2,"11651":1,"11653":1,"11655":1,"11656":1,"11657":1,"11658":2,"11659":2,"11660":3,"11662":5,"11663":4,"11664":2,"11666":1,"11667":1,"11668":2,"11670":2,"11671":1,"11672":1,"11673":3,"11674":4,"11675":2,"11676":2,"11677":1,"11678":3,"11680":1,"11681":1,"11682":1,"11683":1,"11685":2,"11686":1,"11688":3,"11689":1,"11690":2,"11692":2,"11693":1,"11694":2,"11695":1,"11700":1,"11701":2,"11702":1,"11703":2,"11705":2,"11706":3,"11707":1,"11708":2,"11710":1,"11712":2,"11713":2,"11715":2,"11716":2,"11718":1,"11719":1,"11720":1,"11721":1,"11723":3,"11726":1,"11728":1,"11730":1,"11732":1,"11733":2,"11735":2,"11737":1,"11738":2,"11739":2,"11740":1,"11741":2,"11742":1,"11743":1,"11744":1,"11746":1,"11747":2,"11749":1,"11750":2,"11752":1,"11753":2,"11755":2,"11756":1,"11759":1,"11762":1,"11763":3,"11764":4,"11766":1,"11767":2,"11768":1,"11769":1,"11770":2,"11771":1,"11775":1,"11776":1,"11777":2,"11780":1,"11781":1,"11783":1,"11784":1,"11786":1,"11800":1,"11805":2,"11806":1,"11807":1,"11810":1,"11811":1,"11812":1,"11813":2,"11814":1,"11815":1,"11823":2,"11825":1,"11828":1,"11830":2,"11833":1,"11834":1,"11835":2,"11836":2,"11839":1,"11847":3,"11848":2,"11849":3,"11852":2,"11853":1,"11855":1,"11857":2,"11858":4,"11859":3,"11862":1,"11864":4,"11865":1,"11867":2,"11870":1,"11871":1,"11873":1,"11875":5,"11876":2,"11878":1,"11879":2,"11881":3,"11883":3,"11884":2,"11885":1,"11886":3,"11888":2,"11889":3,"11891":2,"11892":1,"11893":2,"11896":2,"11897":4,"11898":2,"11899":3,"11900":1,"11901":2,"11903":2,"11904":2,"11905":2,"11909":2,"11910":1,"11912":3,"11913":1,"11917":1,"11918":2,"11921":2,"11922":3,"11923":2,"11926":4,"11927":3,"11928":1,"11929":4,"11930":2,"11931":1,"11933":4,"11934":2,"11935":3,"11936":1,"11938":2,"11939":2,"11941":2,"11942":1,"11943":2,"11944":1,"11945":1,"11946":1,"11947":2,"11948":1,"11949":1,"11950":3,"11951":2,"11952":2,"11954":3,"11955":2,"11957":4,"11958":2,"11959":1,"11960":2,"11966":2,"11969":3,"11970":1,"11971":1,"11972":1,"11973":1,"11974":1,"11976":1,"11977":1,"11979":2,"11980":1,"11982":1,"11983":1,"11984":4,"11986":1,"11988":1,"11993":1,"11994":2,"11997":1,"11998":2,"11999":1,"12001":1,"12003":1,"12004":1,"12005":2,"12006":1,"12007":1,"12012":1,"12014":1,"12016":1,"12017":1,"12018":1,"12023":1,"12029":1,"12030":1,"12032":1,"12034":1,"12035":2,"12036":1,"12037":2,"12038":1,"12039":1,"12041":1,"12042":1,"12043":3,"12044":1,"12049":1,"12050":2,"12051":4,"12053":3,"12054":1,"12055":1,"12056":2,"12058":3,"12059":1,"12060":1,"12061":1,"12065":1,"12068":1,"12069":3,"12070":2,"12071":2,"12072":2,"12073":1,"12074":2,"12075":1,"12076":4,"12077":1,"12078":1,"12079":1,"12080":2,"12081":2,"12082":3,"12083":1,"12084":2,"12086":2,"12087":2,"12088":2,"12089":3,"12090":1,"12091":2,"12092":3,"12093":2,"12094":4,"12095":1,"12096":3,"12097":4,"12098":1,"12099":1,"12100":3,"12101":2,"12102":2,"12103":3,"12104":2,"12105":1,"12106":2,"12107":2,"12108":1,"12109":1,"12110":1,"12111":3,"12112":3,"12114":2,"12116":3,"12117":1,"12118":1,"12119":4,"12121":1,"12122":2,"12124":2,"12125":1,"12126":1,"12127":1,"12128":1,"12129":1,"12132":1,"12133":1,"12134":1,"12135":2,"12136":1,"12137":5,"12138":1,"12139":3,"12140":3,"12141":2,"12142":1,"12143":1,"12145":2,"12146":2,"12147":6,"12149":1,"12150":1,"12153":1,"12154":1,"12155":2,"12156":1,"12157":1,"12159":1,"12160":2,"12161":2,"12162":4,"12163":1,"12164":2,"12165":2,"12166":1,"12167":1,"12168":1,"12169":4,"12170":1,"12171":3,"12172":1,"12173":3,"12174":1,"12175":3,"12176":2,"12177":1,"12178":2,"12179":1,"12180":4,"12181":2,"12182":1,"12183":3,"12184":2,"12185":2,"12186":1,"12187":1,"12188":1,"12189":2,"12190":3,"12192":2,"12193":2,"12194":1,"12196":2,"12197":2,"12198":3,"12199":1,"12200":3,"12202":1,"12203":2,"12204":4,"12205":1,"12206":3,"12207":1,"12208":2,"12209":2,"12210":2,"12213":4,"12215":3,"12216":1,"12217":2,"12218":2,"12219":3,"12221":1,"12222":1,"12223":3,"12224":2,"12225":4,"12226":2,"12227":2,"12228":1,"12229":3,"12230":2,"12231":1,"12232":2,"12233":2,"12234":2,"12235":1,"12237":1,"12238":1,"12240":4,"12241":1,"12242":2,"12243":3,"12245":1,"12246":2,"12247":2,"12248":3,"12249":3,"12250":1,"12251":1,"12252":3,"12253":2,"12254":1,"12255":2,"12258":1,"12259":1,"12260":1,"12262":2,"12263":1,"12265":1,"12267":1,"12268":1,"12269":1,"12270":1,"12271":2,"12272":4,"12273":4,"12274":1,"12275":1,"12278":1,"12280":1,"12282":1,"12286":1,"12287":1,"12288":2,"12289":1,"12290":3,"12291":1,"12292":2,"12293":1,"12294":1,"12296":1,"12297":1,"12299":1,"12300":1,"12302":2,"12304":4,"12305":2,"12308":2,"12309":1,"12313":1,"12315":1,"12316":2,"12317":2,"12318":3,"12319":3,"12320":3,"12321":1,"12322":1,"12323":1,"12325":1,"12326":1,"12328":1,"12329":1,"12330":2,"12332":1,"12333":1,"12334":1,"12335":1,"12337":1,"12338":1,"12339":2,"12340":1,"12341":1,"12342":1,"12344":2,"12345":2,"12346":2,"12347":3,"12348":3,"12350":2,"12351":3,"12352":1,"12353":1,"12354":3,"12355":5,"12356":4,"12357":2,"12359":3,"12360":1,"12362":1,"12363":4,"12364":3,"12365":1,"12366":2,"12367":4,"12368":2,"12369":3,"12370":4,"12371":7,"12374":6,"12375":1,"12376":2,"12377":1,"12378":3,"12379":4,"12380":2,"12381":1,"12382":7,"12383":1,"12384":5,"12385":5,"12386":2,"12387":5,"12388":5,"12389":2,"12390":2,"12391":2,"12392":5,"12393":2,"12394":2,"12395":2,"12396":4,"12397":2,"12398":3,"12399":2,"12400":1,"12401":2,"12402":1,"12403":2,"12404":6,"12406":2,"12407":3,"12408":4,"12409":5,"12410":1,"12411":2,"12412":5,"12413":3,"12414":3,"12415":5,"12416":3,"12417":2,"12419":1,"12420":3,"12422":1,"12423":1,"12424":1,"12425":3,"12426":2,"12427":3,"12428":2,"12430":2,"12431":1,"12432":1,"12433":4,"12434":2,"12435":3,"12436":1,"12437":1,"12438":4,"12439":2,"12441":2,"12442":3,"12443":1,"12445":2,"12446":3,"12448":2,"12449":2,"12450":3,"12451":6,"12452":5,"12453":3,"12454":1,"12456":1,"12457":2,"12458":2,"12459":2,"12461":1,"12462":2,"12463":3,"12464":2,"12465":5,"12466":1,"12467":1,"12468":2,"12471":2,"12473":2,"12474":1,"12476":1,"12477":2,"12478":1,"12479":1,"12480":1,"12481":2,"12482":1,"12486":3,"12488":2,"12489":1,"12490":1,"12491":1,"12493":2,"12494":1,"12497":3,"12499":5,"12500":2,"12501":1,"12503":2,"12504":1,"12505":1,"12506":1,"12508":1,"12509":3,"12513":2,"12514":1,"12515":1,"12516":2,"12517":1,"12520":1,"12521":4,"12524":1,"12526":1,"12529":2,"12531":2,"12536":2,"12538":1,"12539":1,"12540":2,"12543":1,"12544":1,"12545":1,"12546":1,"12548":1,"12551":1,"12553":2,"12554":1,"12555":2,"12556":2,"12557":2,"12558":1,"12560":1,"12563":1,"12564":3,"12565":2,"12570":2,"12573":1,"12574":1,"12575":2,"12577":1,"12579":1,"12580":1,"12581":2,"12582":2,"12583":1,"12585":2,"12586":4,"12587":1,"12588":1,"12589":1,"12590":1,"12592":2,"12593":2,"12594":2,"12595":2,"12596":3,"12597":3,"12598":3,"12599":2,"12602":3,"12603":6,"12606":3,"12607":3,"12608":2,"12609":1,"12610":2,"12611":1,"12612":3,"12613":1,"12614":2,"12615":1,"12616":1,"12617":2,"12618":1,"12619":1,"12621":3,"12622":3,"12623":1,"12624":2,"12626":2,"12627":1,"12628":1,"12629":3,"12630":2,"12631":5,"12632":1,"12633":1,"12634":1,"12635":2,"12636":4,"12639":2,"12640":2,"12641":3,"12642":2,"12643":1,"12644":1,"12645":2,"12646":3,"12647":3,"12648":1,"12650":1,"12651":1,"12655":7,"12656":2,"12657":2,"12658":4,"12659":2,"12660":3,"12661":1,"12662":5,"12663":4,"12664":3,"12665":3,"12666":4,"12667":5,"12668":6,"12669":10,"12670":2,"12671":13,"12672":3,"12673":3,"12674":3,"12675":6,"12676":3,"12677":2,"12678":1,"12679":4,"12680":2,"12682":3,"12683":1,"12685":1,"12686":3,"12687":1,"12688":3,"12691":1,"12692":2,"12693":3,"12694":2,"12695":2,"12697":1,"12698":3,"12699":1,"12701":2,"12702":1,"12703":3,"12704":1,"12705":5,"12706":1,"12707":2,"12708":1,"12709":2,"12710":3,"12711":1,"12712":3,"12713":1,"12714":3,"12715":1,"12716":1,"12717":1,"12719":1,"12722":1,"12723":6,"12724":2,"12725":1,"12726":1,"12727":2,"12728":1,"12729":2,"12730":2,"12731":3,"12732":3,"12733":1,"12734":3,"12735":1,"12736":1,"12737":1,"12738":3,"12741":2,"12742":2,"12744":4,"12745":2,"12746":1,"12748":1,"12749":3,"12750":3,"12751":2,"12752":3,"12753":3,"12754":2,"12755":1,"12756":3,"12758":1,"12760":1,"12761":2,"12762":3,"12763":3,"12764":2,"12765":2,"12766":1,"12767":4,"12768":1,"12769":1,"12770":2,"12771":1,"12772":2,"12773":1,"12774":2,"12776":2,"12777":3,"12778":2,"12779":2,"12781":3,"12782":2,"12783":1,"12785":4,"12786":3,"12787":1,"12788":1,"12789":3,"12790":2,"12791":1,"12792":1,"12793":1,"12794":2,"12795":1,"12796":2,"12797":2,"12799":2,"12800":1,"12801":1,"12802":2,"12803":3,"12804":5,"12805":1,"12806":2,"12807":2,"12808":2,"12809":1,"12810":5,"12811":2,"12812":4,"12814":2,"12815":3,"12816":1,"12817":3,"12818":3,"12819":2,"12820":2,"12821":1,"12822":2,"12823":2,"12824":4,"12827":3,"12828":3,"12829":3,"12830":3,"12831":1,"12834":1,"12835":4,"12838":2,"12839":3,"12840":2,"12841":3,"12845":1,"12846":2,"12847":2,"12848":3,"12849":4,"12850":2,"12851":3,"12854":2,"12855":1,"12856":3,"12857":3,"12858":2,"12859":1,"12860":3,"12861":1,"12864":1,"12865":1,"12867":2,"12870":4,"12872":1,"12873":1,"12875":1,"12876":3,"12877":1,"12878":2,"12879":2,"12880":6,"12881":3,"12882":2,"12883":2,"12884":2,"12885":2,"12886":1,"12887":2,"12888":1,"12889":4,"12890":3,"12891":2,"12895":1,"12896":3,"12897":2,"12898":1,"12900":2,"12901":2,"12902":1,"12904":3,"12905":4,"12906":2,"12907":3,"12908":5,"12909":3,"12910":2,"12912":1,"12913":4,"12914":1,"12915":1,"12917":3,"12918":2,"12919":6,"12920":1,"12921":1,"12922":2,"12923":2,"12924":3,"12925":3,"12926":1,"12927":2,"12928":2,"12929":1,"12930":1,"12931":2,"12932":2,"12933":2,"12934":3,"12935":1,"12936":2,"12937":1,"12938":1,"12939":2,"12941":1,"12942":2,"12943":3,"12944":2,"12945":4,"12946":2,"12947":2,"12948":2,"12949":1,"12950":1,"12952":1,"12953":1,"12954":1,"12955":3,"12957":3,"12958":2,"12959":2,"12960":2,"12961":1,"12962":4,"12963":1,"12964":2,"12966":2,"12967":1,"12968":2,"12969":2,"12970":2,"12971":4,"12973":4,"12974":5,"12976":1,"12978":3,"12979":2,"12982":2,"12983":1,"12985":2,"12986":2,"12987":1,"12988":1,"12989":1,"12990":1,"12991":4,"12992":1,"12993":1,"12994":3,"12998":3,"12999":3,"13000":4,"13001":1,"13002":1,"13003":2,"13005":3,"13006":1,"13008":1,"13009":3,"13010":1,"13013":1,"13014":2,"13015":1,"13016":1,"13017":1,"13019":2,"13020":1,"13021":3,"13025":1,"13026":1,"13027":2,"13028":4,"13029":1,"13031":1,"13032":1,"13033":1,"13034":2,"13035":2,"13036":3,"13037":3,"13038":1,"13039":3,"13040":3,"13041":1,"13045":1,"13046":1,"13048":1,"13049":1,"13050":2,"13051":3,"13052":3,"13054":1,"13055":4,"13056":2,"13057":5,"13058":2,"13059":4,"13060":2,"13061":3,"13062":2,"13063":1,"13064":1,"13065":1,"13067":1,"13069":1,"13070":3,"13071":2,"13072":4,"13074":5,"13075":2,"13076":1,"13077":2,"13078":1,"13081":5,"13084":1,"13085":1,"13086":2,"13087":1,"13088":1,"13090":2,"13091":1,"13093":2,"13094":3,"13095":1,"13096":2,"13097":1,"13098":2,"13099":4,"13100":1,"13101":1,"13102":1,"13103":2,"13104":3,"13105":3,"13106":1,"13109":2,"13111":3,"13112":3,"13113":1,"13114":1,"13118":3,"13119":1,"13120":1,"13123":1,"13124":2,"13125":2,"13126":2,"13129":2,"13130":2,"13131":2,"13132":2,"13133":1,"13134":2,"13135":4,"13136":3,"13137":2,"13138":2,"13139":3,"13140":4,"13142":1,"13144":1,"13145":3,"13146":4,"13147":3,"13148":3,"13149":7,"13150":1,"13151":2,"13152":2,"13154":2,"13155":3,"13156":5,"13157":1,"13158":5,"13160":3,"13162":2,"13163":2,"13164":2,"13165":1,"13166":3,"13167":1,"13168":1,"13169":1,"13170":4,"13171":1,"13172":3,"13173":2,"13175":2,"13176":2,"13177":1,"13179":5,"13180":1,"13181":1,"13182":1,"13183":1,"13185":5,"13186":2,"13188":1,"13190":3,"13191":1,"13192":2,"13193":1,"13194":1,"13195":2,"13196":2,"13199":3,"13200":4,"13201":1,"13202":1,"13203":1,"13204":2,"13205":1,"13206":1,"13207":5,"13210":6,"13212":1,"13213":3,"13216":1,"13217":1,"13218":2,"13219":4,"13221":1,"13222":1,"13223":1,"13224":1,"13226":3,"13227":2,"13228":1,"13229":2,"13230":2,"13231":1,"13233":3,"13234":2,"13235":1,"13236":3,"13237":4,"13238":3,"13239":3,"13240":2,"13241":3,"13242":3,"13243":2,"13244":4,"13245":2,"13246":1,"13247":1,"13248":3,"13249":1,"13251":2,"13253":2,"13254":4,"13256":1,"13257":1,"13258":3,"13259":2,"13260":1,"13261":2,"13262":1,"13263":3,"13264":1,"13265":1,"13266":1,"13267":3,"13268":1,"13271":2,"13272":2,"13273":3,"13274":1,"13275":1,"13276":2,"13277":4,"13278":1,"13280":2,"13281":1,"13283":2,"13285":2,"13288":4,"13289":2,"13292":1,"13293":1,"13294":1,"13295":1,"13296":3,"13297":1,"13299":1,"13300":2,"13301":1,"13302":2,"13303":1,"13304":2,"13306":3,"13307":2,"13309":2,"13310":2,"13311":2,"13312":1,"13313":3,"13314":3,"13315":1,"13317":1,"13318":2,"13319":2,"13320":2,"13321":3,"13322":1,"13323":1,"13324":4,"13326":3,"13329":6,"13330":1,"13331":2,"13332":2,"13333":4,"13334":2,"13335":2,"13336":2,"13337":2,"13338":2,"13339":1,"13340":3,"13341":2,"13343":2,"13344":1,"13345":1,"13346":4,"13347":2,"13348":3,"13350":2,"13351":1,"13352":2,"13353":2,"13354":1,"13357":2,"13358":3,"13360":2,"13361":1,"13362":2,"13364":1,"13365":2,"13366":3,"13367":5,"13368":1,"13369":2,"13370":2,"13371":1,"13372":2,"13374":3,"13375":4,"13376":1,"13378":3,"13379":1,"13380":5,"13381":1,"13382":5,"13383":1,"13384":1,"13386":1,"13388":1,"13390":1,"13391":2,"13392":1,"13394":2,"13395":1,"13396":1,"13397":2,"13398":1,"13399":1,"13400":2,"13401":1,"13402":1,"13403":5,"13404":1,"13406":1,"13407":2,"13408":2,"13409":1,"13410":3,"13411":2,"13412":2,"13413":1,"13414":3,"13415":4,"13416":3,"13417":1,"13418":1,"13419":3,"13420":1,"13421":3,"13422":1,"13423":1,"13424":1,"13425":1,"13426":5,"13427":2,"13428":2,"13429":3,"13431":2,"13432":1,"13433":1,"13434":3,"13438":1,"13439":1,"13440":2,"13441":1,"13442":2,"13443":1,"13446":2,"13448":1,"13450":2,"13452":4,"13454":2,"13455":2,"13457":3,"13459":1,"13460":2,"13461":1,"13462":1,"13463":1,"13465":1,"13466":1,"13467":1,"13468":1,"13469":1,"13470":2,"13471":1,"13472":1,"13473":2,"13474":2,"13475":1,"13476":1,"13477":1,"13478":1,"13485":2,"13488":1,"13489":2,"13490":1,"13491":2,"13494":3,"13495":1,"13496":2,"13497":1,"13499":4,"13500":2,"13501":2,"13502":2,"13503":2,"13504":3,"13505":1,"13506":1,"13507":2,"13508":1,"13509":1,"13512":1,"13513":4,"13514":3,"13515":1,"13516":1,"13517":4,"13518":4,"13520":2,"13521":3,"13522":2,"13523":3,"13524":1,"13526":4,"13527":2,"13528":4,"13529":1,"13530":2,"13531":2,"13532":2,"13534":2,"13535":3,"13536":1,"13537":3,"13538":1,"13539":2,"13540":1,"13541":1,"13542":2,"13543":2,"13544":4,"13545":4,"13546":4,"13548":2,"13550":4,"13551":2,"13552":1,"13553":2,"13554":3,"13556":3,"13557":1,"13558":2,"13559":1,"13560":3,"13561":2,"13563":1,"13564":3,"13565":3,"13566":1,"13567":1,"13568":3,"13569":1,"13570":6,"13571":5,"13572":2,"13573":3,"13574":2,"13575":1,"13576":2,"13577":1,"13579":2,"13580":2,"13581":4,"13582":2,"13584":3,"13585":3,"13586":3,"13587":2,"13589":1,"13590":3,"13594":1,"13595":2,"13596":2,"13597":4,"13598":2,"13599":1,"13600":2,"13601":4,"13602":4,"13603":2,"13604":1,"13605":4,"13606":4,"13607":3,"13609":1,"13610":3,"13611":2,"13613":1,"13614":1,"13616":3,"13617":1,"13618":2,"13619":3,"13620":5,"13622":1,"13623":2,"13624":1,"13625":6,"13626":2,"13627":3,"13629":2,"13632":1,"13633":1,"13634":1,"13635":1,"13637":1,"13638":2,"13639":4,"13640":1,"13641":1,"13642":1,"13644":4,"13645":1,"13647":1,"13648":1,"13650":5,"13653":3,"13654":4,"13657":3,"13659":1,"13660":1,"13661":3,"13663":3,"13664":3,"13666":1,"13667":2,"13669":3,"13670":3,"13671":3,"13672":1,"13673":3,"13674":1,"13675":2,"13676":2,"13678":1,"13679":2,"13682":2,"13683":1,"13684":1,"13685":2,"13687":2,"13688":1,"13690":2,"13691":1,"13692":1,"13693":1,"13694":2,"13695":1,"13696":1,"13697":2,"13698":1,"13699":2,"13700":2,"13701":3,"13702":2,"13704":2,"13706":1,"13707":3,"13708":3,"13709":2,"13710":4,"13712":1,"13713":1,"13714":1,"13715":3,"13716":3,"13717":1,"13718":1,"13719":2,"13720":2,"13721":3,"13722":2,"13723":5,"13725":1,"13727":4,"13728":1,"13729":1,"13730":2,"13731":2,"13732":1,"13733":7,"13734":2,"13736":1,"13737":1,"13738":1,"13739":5,"13740":4,"13741":1,"13743":1,"13744":1,"13746":3,"13747":3,"13750":1,"13753":2,"13754":1,"13755":3,"13756":1,"13757":1,"13760":1,"13762":1,"13763":3,"13764":1,"13765":2,"13766":1,"13768":3,"13769":3,"13770":1,"13771":2,"13772":2,"13774":1,"13776":1,"13777":5,"13778":2,"13779":1,"13780":1,"13781":2,"13782":3,"13783":2,"13784":2,"13785":4,"13786":1,"13787":3,"13788":2,"13789":1,"13790":1,"13791":1,"13792":2,"13793":2,"13794":1,"13795":1,"13796":3,"13798":1,"13799":2,"13800":3,"13801":3,"13802":1,"13803":1,"13804":4,"13805":2,"13807":3,"13808":1,"13809":1,"13811":1,"13812":1,"13813":3,"13814":1,"13815":2,"13816":3,"13817":1,"13819":1,"13820":2,"13821":2,"13822":2,"13823":2,"13824":1,"13826":2,"13827":2,"13828":1,"13831":2,"13832":2,"13833":1,"13834":2,"13837":1,"13838":2,"13839":2,"13840":4,"13841":5,"13842":1,"13843":1,"13845":1,"13846":5,"13847":1,"13848":2,"13850":2,"13852":2,"13853":6,"13854":2,"13855":3,"13856":1,"13857":5,"13858":2,"13860":2,"13861":3,"13862":2,"13864":2,"13866":3,"13867":1,"13868":3,"13871":2,"13873":1,"13874":1,"13875":1,"13876":1,"13877":2,"13878":2,"13880":1,"13881":2,"13882":1,"13883":1,"13885":1,"13887":1,"13888":6,"13889":2,"13890":1,"13892":3,"13894":1,"13897":4,"13898":1,"13899":1,"13905":1,"13908":1,"13910":1,"13911":1,"13912":1,"13914":2,"13916":1,"13919":1,"13920":1,"13923":1,"13924":1,"13928":1,"13929":2,"13930":2,"13932":2,"13934":1,"13938":1,"13939":2,"13940":1,"13941":1,"13942":1,"13943":2,"13944":1,"13945":1,"13946":1,"13950":2,"13951":1,"13952":1,"13955":1,"13956":2,"13957":1,"13958":2,"13959":1,"13960":2,"13961":2,"13962":2,"13963":1,"13966":3,"13970":3,"13971":1,"13973":2,"13974":1,"13975":2,"13977":2,"13978":1,"13980":1,"13981":1,"13982":2,"13983":1,"13984":1,"13986":2,"13987":2,"13988":1,"13989":1,"13992":1,"13993":1,"13995":1,"13996":2,"13997":1,"13998":2,"13999":3,"14000":4,"14002":2,"14003":2,"14004":1,"14006":1,"14008":1,"14009":1,"14010":1,"14011":1,"14012":1,"14013":1,"14016":2,"14017":5,"14018":2,"14019":2,"14020":4,"14021":1,"14022":2,"14023":2,"14024":2,"14025":3,"14026":2,"14027":2,"14028":2,"14029":3,"14030":1,"14031":2,"14032":1,"14033":2,"14035":2,"14036":3,"14037":2,"14038":1,"14039":3,"14040":2,"14042":1,"14043":2,"14044":1,"14046":2,"14047":4,"14050":1,"14051":1,"14052":3,"14053":2,"14054":1,"14055":2,"14056":3,"14058":2,"14059":2,"14062":1,"14063":1,"14064":2,"14065":1,"14066":1,"14067":3,"14068":5,"14069":1,"14070":4,"14071":2,"14073":2,"14075":2,"14077":2,"14078":1,"14081":2,"14084":1,"14085":2,"14086":3,"14087":2,"14088":1,"14089":1,"14090":1,"14091":1,"14092":2,"14093":3,"14094":1,"14095":3,"14096":1,"14098":1,"14099":1,"14100":2,"14102":1,"14103":2,"14104":2,"14106":1,"14107":2,"14109":2,"14110":3,"14111":1,"14112":1,"14113":1,"14114":2,"14115":2,"14119":1,"14121":2,"14122":6,"14123":3,"14124":5,"14125":5,"14126":6,"14127":4,"14128":6,"14129":5,"14130":4,"14131":4,"14132":5,"14133":4,"14134":2,"14135":2,"14136":1,"14137":5,"14138":1,"14139":2,"14140":1,"14142":2,"14143":1,"14144":2,"14145":1,"14146":2,"14147":2,"14148":1,"14149":1,"14150":1,"14151":1,"14153":1,"14154":3,"14155":3,"14156":1,"14158":1,"14159":1,"14160":2,"14161":3,"14162":2,"14163":1,"14164":1,"14165":2,"14166":4,"14167":4,"14169":1,"14170":6,"14171":6,"14172":2,"14173":1,"14174":6,"14175":4,"14176":4,"14177":3,"14178":6,"14179":4,"14180":1,"14181":3,"14182":2,"14184":3,"14185":1,"14186":1,"14187":3,"14188":1,"14189":1,"14190":2,"14191":6,"14192":5,"14193":4,"14194":4,"14195":2,"14196":1,"14197":2,"14198":3,"14199":3,"14200":8,"14201":4,"14202":8,"14203":3,"14204":2,"14205":5,"14206":3,"14207":1,"14208":2,"14209":3,"14211":2,"14212":2,"14213":4,"14214":5,"14215":4,"14216":4,"14217":5,"14218":4,"14219":2,"14220":3,"14221":1,"14222":3,"14223":2,"14224":4,"14225":7,"14226":2,"14227":4,"14228":7,"14229":6,"14230":8,"14231":7,"14232":5,"14233":5,"14234":6,"14235":4,"14236":11,"14237":7,"14238":3,"14239":3,"14240":4,"14241":5,"14242":4,"14243":4,"14244":5,"14245":6,"14246":1,"14247":3,"14248":4,"14252":1,"14256":1,"14257":1,"14258":1,"14259":1,"14264":2,"14265":1,"14266":1,"14268":2,"14270":1,"14272":1,"14274":1,"14275":1,"14279":3,"14281":1,"14282":2,"14283":1,"14287":1,"14288":3,"14289":1,"14290":1,"14291":2,"14292":2,"14293":1,"14294":3,"14297":2,"14300":2,"14301":1,"14305":1,"14307":3,"14308":1,"14310":2,"14311":1,"14312":1,"14313":1,"14314":1,"14317":2,"14318":2,"14319":2,"14322":1,"14324":2,"14325":3,"14326":2,"14327":2,"14328":6,"14329":2,"14330":3,"14331":3,"14332":5,"14333":3,"14334":4,"14335":3,"14336":1,"14337":3,"14338":4,"14339":2,"14340":2,"14341":6,"14342":7,"14343":1,"14344":5,"14345":4,"14350":2,"14351":1,"14352":6,"14353":1,"14354":2,"14355":2,"14357":2,"14358":1,"14359":1,"14360":4,"14361":1,"14362":2,"14363":3,"14365":2,"14366":1,"14367":2,"14368":2,"14369":2,"14370":1,"14374":2,"14375":1,"14376":1,"14377":2,"14378":1,"14379":2,"14380":4,"14382":2,"14384":3,"14385":1,"14387":2,"14388":1,"14389":4,"14390":1,"14391":3,"14392":1,"14395":3,"14396":1,"14397":6,"14398":1,"14399":6,"14400":1,"14401":3,"14402":1,"14403":3,"14404":1,"14405":2,"14406":2,"14407":2,"14408":3,"14409":1,"14410":2,"14412":1,"14413":1,"14414":2,"14415":2,"14416":1,"14417":5,"14418":1,"14419":6,"14420":6,"14421":7,"14422":2,"14423":3,"14424":8,"14425":4,"14426":4,"14427":3,"14428":9,"14429":2,"14430":8,"14431":4,"14432":6,"14433":1,"14434":4,"14435":9,"14436":7,"14437":7,"14438":5,"14439":8,"14440":2,"14441":5,"14442":8,"14443":8,"14444":5,"14445":11,"14446":3,"14447":8,"14448":2,"14449":7,"14450":2,"14451":7,"14452":9,"14453":5,"14454":7,"14455":1,"14456":8,"14457":8,"14458":1,"14459":6,"14460":5,"14461":4,"14462":4,"14463":2,"14464":6,"14465":4,"14466":1,"14467":3,"14468":3,"14470":4,"14471":1,"14472":4,"14473":4,"14474":2,"14475":2,"14476":1,"14477":2,"14478":2,"14479":2,"14481":2,"14482":4,"14483":2,"14484":3,"14485":1,"14486":3,"14487":2,"14488":2,"14489":2,"14490":1,"14491":3,"14492":3,"14493":1,"14494":2,"14495":1,"14496":4,"14497":2,"14498":1,"14500":3,"14501":3,"14502":3,"14503":3,"14504":1,"14507":1,"14508":1,"14509":2,"14512":1,"14514":4,"14515":1,"14517":3,"14518":2,"14520":1,"14521":2,"14522":2,"14523":1,"14524":2,"14525":1,"14526":2,"14527":1,"14528":3,"14529":1,"14534":1,"14537":1,"14540":1,"14541":2,"14545":1,"14552":3,"14553":1,"14556":1,"14557":1,"14558":1,"14560":1,"14561":2,"14562":1,"14563":1,"14567":2,"14568":2,"14569":3,"14571":1,"14572":1,"14573":1,"14574":1,"14575":1,"14576":2,"14577":3,"14578":1,"14579":3,"14580":4,"14581":1,"14583":2,"14585":2,"14586":1,"14587":2,"14589":1,"14590":1,"14591":1,"14592":1,"14593":3,"14594":1,"14595":2,"14596":2,"14598":1,"14599":3,"14600":1,"14601":2,"14602":1,"14604":4,"14605":6,"14606":3,"14608":3,"14609":5,"14610":1,"14611":2,"14612":4,"14613":3,"14614":1,"14615":3,"14616":5,"14617":2,"14618":1,"14619":1,"14620":2,"14622":1,"14623":2,"14624":3,"14625":1,"14626":2,"14627":3,"14628":3,"14629":3,"14630":1,"14631":1,"14632":1,"14633":4,"14634":2,"14635":2,"14636":2,"14637":1,"14638":1,"14639":3,"14642":2,"14644":2,"14645":1,"14648":2,"14649":2,"14650":4,"14651":2,"14652":2,"14653":1,"14654":2,"14655":1,"14656":2,"14657":4,"14659":2,"14660":1,"14661":2,"14662":1,"14663":2,"14664":2,"14665":1,"14666":2,"14667":2,"14668":4,"14669":5,"14670":2,"14671":5,"14672":3,"14673":2,"14675":1,"14676":2,"14677":2,"14678":1,"14679":4,"14680":2,"14681":3,"14682":3,"14683":1,"14684":2,"14685":1,"14686":4,"14687":3,"14688":2,"14689":3,"14690":4,"14691":3,"14692":2,"14693":2,"14695":1,"14696":1,"14697":1,"14698":1,"14699":3,"14700":1,"14701":6,"14702":5,"14703":3,"14705":1,"14706":3,"14708":1,"14709":5,"14710":1,"14711":2,"14712":8,"14713":3,"14715":3,"14716":2,"14717":2,"14718":1,"14719":2,"14720":1,"14721":2,"14722":2,"14724":3,"14725":1,"14729":1,"14730":2,"14731":3,"14734":2,"14735":1,"14737":5,"14738":1,"14739":2,"14747":1,"14751":1,"14753":1,"14755":1,"14757":1,"14760":2,"14761":2,"14763":2,"14765":2,"14766":2,"14768":1,"14770":1,"14771":3,"14773":2,"14774":3,"14775":2,"14777":3,"14778":2,"14779":3,"14780":3,"14782":3,"14783":4,"14784":1,"14785":2,"14786":3,"14787":2,"14788":4,"14789":2,"14790":1,"14792":2,"14793":2,"14794":7,"14795":5,"14796":1,"14797":3,"14799":2,"14800":4,"14801":2,"14802":4,"14803":2,"14804":1,"14805":2,"14807":1,"14808":1,"14809":1,"14810":2,"14811":1,"14814":1,"14816":3,"14818":2,"14819":4,"14820":2,"14821":1,"14822":3,"14823":2,"14824":2,"14825":3,"14827":1,"14828":1,"14829":1,"14832":2,"14834":3,"14835":2,"14836":1,"14837":1,"14838":1,"14839":4,"14840":1,"14841":5,"14842":1,"14843":1,"14844":2,"14845":1,"14846":1,"14847":1,"14848":2,"14849":2,"14850":2,"14852":3,"14853":4,"14854":2,"14855":1,"14856":1,"14857":1,"14860":3,"14861":5,"14862":1,"14863":4,"14865":1,"14866":2,"14867":2,"14868":1,"14869":1,"14870":3,"14871":2,"14873":2,"14875":1,"14877":4,"14878":1,"14879":2,"14880":2,"14881":6,"14882":6,"14883":1,"14884":1,"14885":6,"14886":4,"14887":3,"14888":2,"14889":3,"14890":3,"14892":4,"14893":4,"14894":1,"14895":2,"14897":1,"14898":2,"14900":1,"14901":1,"14902":1,"14903":1,"14904":3,"14905":1,"14906":2,"14907":3,"14908":3,"14909":1,"14910":1,"14911":2,"14912":3,"14913":4,"14914":2,"14915":1,"14916":1,"14917":2,"14918":2,"14919":2,"14920":3,"14921":2,"14924":1,"14925":1,"14926":3,"14927":2,"14929":2,"14930":2,"14931":2,"14932":2,"14933":3,"14934":6,"14935":2,"14936":3,"14937":3,"14938":3,"14939":3,"14940":1,"14941":3,"14942":4,"14943":5,"14944":1,"14945":2,"14947":3,"14948":2,"14949":2,"14950":3,"14951":2,"14952":4,"14953":3,"14954":4,"14955":8,"14956":3,"14957":2,"14958":3,"14959":1,"14960":1,"14961":1,"14962":3,"14963":6,"14964":2,"14965":1,"14966":4,"14967":4,"14968":1,"14969":2,"14970":6,"14971":2,"14972":4,"14973":2,"14974":3,"14975":2,"14976":3,"14977":7,"14978":3,"14979":1,"14980":2,"14981":5,"14982":1,"14983":2,"14984":1,"14985":3,"14986":1,"14987":2,"14988":6,"14989":2,"14990":1,"14992":1,"14993":3,"14995":2,"14996":3,"14997":4,"14998":1,"14999":1,"15000":3,"15002":3,"15003":3,"15004":1,"15005":4,"15006":1,"15007":2,"15008":3,"15011":1,"15013":1,"15014":2,"15018":1,"15019":1,"15022":1,"15025":2,"15026":1,"15028":1,"15030":1,"15033":1,"15034":1,"15035":1,"15036":2,"15037":1,"15039":1,"15042":1,"15045":1,"15046":1,"15049":1,"15050":1,"15051":1,"15053":1,"15058":1,"15059":1,"15060":2,"15062":2,"15063":1,"15064":1,"15065":1,"15066":1,"15067":1,"15068":2,"15069":1,"15070":1,"15073":1,"15074":1,"15075":1,"15077":1,"15082":1,"15084":1,"15085":2,"15087":1,"15088":3,"15091":4,"15092":1,"15094":2,"15095":1,"15096":1,"15100":1,"15101":2,"15102":1,"15104":1,"15105":1,"15106":2,"15107":1,"15109":1,"15110":1,"15111":1,"15113":1,"15116":1,"15118":1,"15119":1,"15121":1,"15122":1,"15125":3,"15127":3,"15128":1,"15130":1,"15131":1,"15132":1,"15134":1,"15137":1,"15138":2,"15139":3,"15142":2,"15143":1,"15146":2,"15148":1,"15149":2,"15150":1,"15151":1,"15152":1,"15153":2,"15154":1,"15155":3,"15156":3,"15158":3,"15159":1,"15161":2,"15163":3,"15164":2,"15165":2,"15166":4,"15167":3,"15168":1,"15169":1,"15170":2,"15171":1,"15172":2,"15173":2,"15174":3,"15175":3,"15176":1,"15177":2,"15178":2,"15179":2,"15180":1,"15181":1,"15182":2,"15184":2,"15185":4,"15187":3,"15188":1,"15189":2,"15190":2,"15193":1,"15194":3,"15195":2,"15196":1,"15197":3,"15198":3,"15199":3,"15200":2,"15201":1,"15202":1,"15203":1,"15204":2,"15205":1,"15206":3,"15207":2,"15208":1,"15209":1,"15210":1,"15213":1,"15214":3,"15220":1,"15232":1,"15234":1,"15255":1,"15268":1,"15269":1,"15283":1,"15284":1,"15304":1,"15315":1,"15318":1,"15327":1,"15328":1,"15329":1,"15330":1,"15656":1,"15658":1,"15660":2,"15662":1,"15663":1,"15664":2,"15665":3,"15667":2,"15670":2,"15671":2,"15672":3,"15674":1,"15675":1,"15676":2,"15677":2,"15678":2,"15679":1,"15730":1,"15736":1,"15739":1,"15741":2,"15742":2,"15743":3,"15744":1,"15745":1,"15746":3,"15749":1,"15750":1,"15751":3,"15754":1,"15756":1,"15759":1,"15762":1,"16107":1,"16108":2,"16110":1,"16112":1,"16114":1,"16115":3,"16117":1,"16118":2,"16119":2,"16121":3,"16122":1,"16123":5,"16124":5,"16125":4,"16128":2,"16132":4,"16133":1,"16134":2,"16135":1,"16136":2,"16137":2,"16138":1,"16139":1,"16140":2,"16142":2,"16143":2,"16144":1,"16145":1,"16148":1,"16150":1,"16154":1,"16420":1,"16525":2,"16527":1,"16528":2,"16529":1,"16530":1,"16531":1,"16532":1,"16534":3,"16535":3,"16538":2,"16539":3,"16540":1,"16541":3,"16542":2,"16543":2,"16544":2,"16545":2,"16546":2,"16547":1,"16549":5,"16551":2,"16553":1,"16554":3,"16555":1,"16558":1,"16560":3,"16561":1,"16562":3,"16563":4,"16564":2,"16565":3,"16566":4,"16567":1,"16568":2,"16569":5,"16570":3,"16572":4,"16573":1,"16574":3,"16575":1,"16577":4,"16578":2,"16579":3,"16580":1,"16581":1,"16582":1,"16583":1,"16584":1,"16585":3,"16588":1,"16590":3,"16591":3,"16592":1,"16593":3,"16595":1,"16596":1,"16597":1,"16598":3,"16599":2,"16600":1,"16601":1,"16602":1,"16603":1,"16604":2,"16606":3,"16608":2,"16609":1,"16610":2,"16611":1,"16613":3,"16614":2,"16615":4,"16616":1,"16619":2,"16620":3,"16621":3,"16622":2,"16624":4,"16625":1,"16626":1,"16627":1,"16628":2,"16629":2,"16631":2,"16632":1,"16633":2,"16634":1,"16635":2,"16636":1,"16639":1,"16640":1,"16641":1,"16695":1,"16835":1,"16883":1,"16884":2,"16885":1,"16886":3,"16887":2,"16888":1,"16889":1,"16890":3,"16891":6,"16892":1,"16894":2,"16896":3,"16897":2,"16900":3,"16901":2,"16902":4,"16903":4,"16904":1,"16905":2,"16906":3,"16908":1,"16909":1,"16911":1,"16912":1,"16913":2,"16914":3,"16915":1,"16916":4,"16917":1,"16919":2,"16921":1,"16922":3,"16923":2,"16924":1,"16925":3,"16926":3,"16927":1,"16928":1,"16929":1,"16930":1,"16931":1,"16932":1,"16933":3,"16934":2,"16935":2,"16936":2,"16938":1,"16940":2,"16941":1,"16942":2,"16943":5,"16944":4,"16945":2,"16946":1,"16947":2,"16948":2,"16949":3,"16950":8,"16951":1,"16952":3,"16954":5,"16955":2,"16956":1,"16957":1,"16958":2,"16959":1,"16961":1,"16964":1,"16965":3,"17092":1,"17114":1,"17139":1,"17215":1,"17242":1,"17259":1,"17283":1,"17284":1,"17593":1,"17600":1,"17956":1,"18121":1,"18399":1,"19147":1,"19195":1,"19419":1,"20870":1,"20925":1},"fork_created":2278,"fork_confirmed":18,"fork_unresolved_at_end":2260}
EPOCH_INSTALLED epoch=3 finalized=3600 cemented=3600 queued=0 missing=0 t=1791399252341
EPOCH_RETAINED epoch=3 retained=2259 held=1947 missing=312 t=1791399252342
EPOCH_CARRIED epoch=4 instances=185 t=1791399252346
EPOCH_ADVANCED epoch=5 elections=4521 active=3711 vote_records=462683 t=1791399252346
EPOCH_FOLLOW cemented=0 cementing=0 requested=301 pending=312 t=1791399252350
EPOCH_INSTALLED epoch=3 finalized=3600 cemented=3600 queued=0 missing=0 t=1791399252358
EPOCH_RETAINED epoch=3 retained=2259 held=2060 missing=199 t=1791399252359
EPOCH_EVIDENCE_RELEASED epoch=3 t=1791399252374
EPOCH_EVIDENCE_RELEASED epoch=3 t=1791399252376
EPOCH_FOLLOW cemented=0 cementing=0 requested=3 pending=3 t=1791399252379
EPOCH_EVIDENCE_RELEASED epoch=3 t=1791399252393
EPOCH_EVIDENCE_RELEASED epoch=3 t=1791399252395
EPOCH_CLOSE_UNREADY epoch=4 short_of=reports usable=0 weight=0 required=5 held=0 theirs=[] t=1791399252405
EPOCH_CLOSE_UNREADY epoch=4 short_of=reports usable=0 weight=0 required=5 held=0 theirs=[] t=1791399252418
EPOCH_EVIDENCE_RELEASED epoch=3 t=1791399252446
EPOCH_CARRIED epoch=4 instances=185 t=1791399252550
EPOCH_ADVANCED epoch=5 elections=4521 active=3684 vote_records=462788 t=1791399252551
EPOCH_CARRIED epoch=4 instances=185 t=1791399252566
EPOCH_ADVANCED epoch=5 elections=4521 active=3741 vote_records=462661 t=1791399252566
EPOCH_REPORT epoch=4 certified=45064 residual=4 root=50C8EF76491C4660E26231D871F98D07AAE036428FF12B7999E9FBF3DFE2B94D reports=1 t=1791399252576
EPOCH_REPORT epoch=4 certified=45064 residual=182 root=50C8EF76491C4660E26231D871F98D07AAE036428FF12B7999E9FBF3DFE2B94D reports=1 t=1791399252672
EPOCH_RECONCILED epoch=4 reporter=633D9D614858AB1710D5D8C3180E2A082DC97208BA8C26BA6C6D1A86C8E31CC0 complete=false entries=0 total=45064 symbols=0 dropped=false t=1791399252711
EPOCH_RECONCILED epoch=4 reporter=633D9D614858AB1710D5D8C3180E2A082DC97208BA8C26BA6C6D1A86C8E31CC0 complete=true entries=4 total=4 symbols=0 dropped=false t=1791399252711
EPOCH_RECONCILED epoch=4 reporter=633D9D614858AB1710D5D8C3180E2A082DC97208BA8C26BA6C6D1A86C8E31CC0 complete=false entries=0 total=45064 symbols=0 dropped=false t=1791399252743
EPOCH_REPORT epoch=4 certified=45064 residual=182 root=50C8EF76491C4660E26231D871F98D07AAE036428FF12B7999E9FBF3DFE2B94D reports=1 t=1791399252749
EPOCH_RECONCILED epoch=4 reporter=633D9D614858AB1710D5D8C3180E2A082DC97208BA8C26BA6C6D1A86C8E31CC0 complete=true entries=4 total=4 symbols=0 dropped=false t=1791399252754
EPOCH_RECONCILED epoch=4 reporter=633D9D614858AB1710D5D8C3180E2A082DC97208BA8C26BA6C6D1A86C8E31CC0 complete=false entries=0 total=45064 symbols=0 dropped=false t=1791399252756
EPOCH_RECONCILED epoch=4 reporter=633D9D614858AB1710D5D8C3180E2A082DC97208BA8C26BA6C6D1A86C8E31CC0 complete=true entries=4 total=4 symbols=0 dropped=false t=1791399252756
EPOCH_REPORT epoch=4 certified=45064 residual=4 root=50C8EF76491C4660E26231D871F98D07AAE036428FF12B7999E9FBF3DFE2B94D reports=1 t=1791399252759
EPOCH_RECONCILED epoch=4 reporter=65A90023F6C0D2181AAA63F005D81BBC0C04650505E21D5123F9AE1F9E992BFF complete=false entries=0 total=45064 symbols=0 dropped=false t=1791399252762
EPOCH_RECONCILED epoch=4 reporter=65A90023F6C0D2181AAA63F005D81BBC0C04650505E21D5123F9AE1F9E992BFF complete=true entries=182 total=182 symbols=0 dropped=false t=1791399252763
EPOCH_CLOSE_UNREADY epoch=4 short_of=reports usable=2 weight=2 required=5 held=3 theirs=["633D9D61:50C8EF76:BB02B204", "65A90023:50C8EF76:64E6E649", "A353E45E:50C8EF76:64E6E649"] t=1791399252777
EPOCH_CLOSE_UNREADY epoch=4 short_of=reports usable=3 weight=3 required=5 held=3 theirs=["911999B2:50C8EF76:BB02B204", "633D9D61:50C8EF76:BB02B204", "65A90023:50C8EF76:64E6E649"] t=1791399252789
EPOCH_RECONCILED epoch=4 reporter=633D9D614858AB1710D5D8C3180E2A082DC97208BA8C26BA6C6D1A86C8E31CC0 complete=false entries=0 total=45064 symbols=0 dropped=false t=1791399252846
EPOCH_RECONCILED epoch=4 reporter=633D9D614858AB1710D5D8C3180E2A082DC97208BA8C26BA6C6D1A86C8E31CC0 complete=true entries=4 total=4 symbols=0 dropped=false t=1791399252846
EPOCH_RECONCILED epoch=4 reporter=A353E45E6D0016CAEED0DFA4EC5B0640E2AA22A793F9F2375E77F1AB92977C04 complete=false entries=0 total=45064 symbols=0 dropped=false t=1791399252848
EPOCH_RECONCILED epoch=4 reporter=A353E45E6D0016CAEED0DFA4EC5B0640E2AA22A793F9F2375E77F1AB92977C04 complete=true entries=182 total=182 symbols=0 dropped=false t=1791399252848
EPOCH_RECONCILED epoch=4 reporter=911999B2AEFA7ACC66EBD802B3301FF6CE431405107749D940277955CB7FDD07 complete=false entries=0 total=45064 symbols=0 dropped=false t=1791399252851
EPOCH_RECONCILED epoch=4 reporter=911999B2AEFA7ACC66EBD802B3301FF6CE431405107749D940277955CB7FDD07 complete=true entries=4 total=4 symbols=0 dropped=false t=1791399252851
EPOCH_RECONCILED epoch=4 reporter=65A90023F6C0D2181AAA63F005D81BBC0C04650505E21D5123F9AE1F9E992BFF complete=false entries=0 total=45064 symbols=0 dropped=false t=1791399252853
EPOCH_RECONCILED epoch=4 reporter=65A90023F6C0D2181AAA63F005D81BBC0C04650505E21D5123F9AE1F9E992BFF complete=true entries=182 total=182 symbols=0 dropped=false t=1791399252854
EPOCH_RECONCILED epoch=4 reporter=65A90023F6C0D2181AAA63F005D81BBC0C04650505E21D5123F9AE1F9E992BFF complete=false entries=0 total=45064 symbols=0 dropped=false t=1791399252892
EPOCH_RECONCILED epoch=4 reporter=65A90023F6C0D2181AAA63F005D81BBC0C04650505E21D5123F9AE1F9E992BFF complete=true entries=182 total=182 symbols=0 dropped=false t=1791399252893
EPOCH_RECONCILED epoch=4 reporter=A353E45E6D0016CAEED0DFA4EC5B0640E2AA22A793F9F2375E77F1AB92977C04 complete=false entries=0 total=45064 symbols=0 dropped=false t=1791399252895
EPOCH_RECONCILED epoch=4 reporter=A353E45E6D0016CAEED0DFA4EC5B0640E2AA22A793F9F2375E77F1AB92977C04 complete=true entries=182 total=182 symbols=0 dropped=false t=1791399252895
