2026-10-08T19:22:29.786769Z  INFO nanospam::setup::account_map_factory: Creating account keys file with 45000 keys: "/var/folders/1y/px089b2s6f9d893xp1p4c7wh0000gn/T/rai-gate-b-kflilr8s/account_keys.txt"
2026-10-08T19:22:30.538921Z  INFO nanospam::setup::node_config_factory: ********************************************************************************
2026-10-08T19:22:30.538945Z  INFO nanospam::setup::node_config_factory: Setting up node PR0...
2026-10-08T19:22:30.538949Z  INFO nanospam::setup::node_config_factory: Creating directory "/var/folders/1y/px089b2s6f9d893xp1p4c7wh0000gn/T/rai-gate-b-kflilr8s/pr0"
2026-10-08T19:22:30.539045Z  INFO nanospam::setup::node_config_factory: Creating node config file: "/var/folders/1y/px089b2s6f9d893xp1p4c7wh0000gn/T/rai-gate-b-kflilr8s/pr0/config-node.toml"
2026-10-08T19:22:30.539180Z  INFO nanospam::setup::node_config_factory: Creating rpc config file: "/var/folders/1y/px089b2s6f9d893xp1p4c7wh0000gn/T/rai-gate-b-kflilr8s/pr0/config-rpc.toml"
2026-10-08T19:22:30.539262Z  INFO nanospam::setup::node_config_factory: ********************************************************************************
2026-10-08T19:22:30.539266Z  INFO nanospam::setup::node_config_factory: Setting up node PR1...
2026-10-08T19:22:30.539269Z  INFO nanospam::setup::node_config_factory: Creating directory "/var/folders/1y/px089b2s6f9d893xp1p4c7wh0000gn/T/rai-gate-b-kflilr8s/pr1"
2026-10-08T19:22:30.539328Z  INFO nanospam::setup::node_config_factory: Creating node config file: "/var/folders/1y/px089b2s6f9d893xp1p4c7wh0000gn/T/rai-gate-b-kflilr8s/pr1/config-node.toml"
2026-10-08T19:22:30.539414Z  INFO nanospam::setup::node_config_factory: Creating rpc config file: "/var/folders/1y/px089b2s6f9d893xp1p4c7wh0000gn/T/rai-gate-b-kflilr8s/pr1/config-rpc.toml"
2026-10-08T19:22:30.539490Z  INFO nanospam::setup::node_config_factory: ********************************************************************************
2026-10-08T19:22:30.539494Z  INFO nanospam::setup::node_config_factory: Setting up node PR2...
2026-10-08T19:22:30.539497Z  INFO nanospam::setup::node_config_factory: Creating directory "/var/folders/1y/px089b2s6f9d893xp1p4c7wh0000gn/T/rai-gate-b-kflilr8s/pr2"
2026-10-08T19:22:30.539542Z  INFO nanospam::setup::node_config_factory: Creating node config file: "/var/folders/1y/px089b2s6f9d893xp1p4c7wh0000gn/T/rai-gate-b-kflilr8s/pr2/config-node.toml"
2026-10-08T19:22:30.539624Z  INFO nanospam::setup::node_config_factory: Creating rpc config file: "/var/folders/1y/px089b2s6f9d893xp1p4c7wh0000gn/T/rai-gate-b-kflilr8s/pr2/config-rpc.toml"
2026-10-08T19:22:30.539697Z  INFO nanospam::setup::node_config_factory: ********************************************************************************
2026-10-08T19:22:30.539701Z  INFO nanospam::setup::node_config_factory: Setting up node PR3...
2026-10-08T19:22:30.539705Z  INFO nanospam::setup::node_config_factory: Creating directory "/var/folders/1y/px089b2s6f9d893xp1p4c7wh0000gn/T/rai-gate-b-kflilr8s/pr3"
2026-10-08T19:22:30.539746Z  INFO nanospam::setup::node_config_factory: Creating node config file: "/var/folders/1y/px089b2s6f9d893xp1p4c7wh0000gn/T/rai-gate-b-kflilr8s/pr3/config-node.toml"
2026-10-08T19:22:30.539831Z  INFO nanospam::setup::node_config_factory: Creating rpc config file: "/var/folders/1y/px089b2s6f9d893xp1p4c7wh0000gn/T/rai-gate-b-kflilr8s/pr3/config-rpc.toml"
2026-10-08T19:22:30.539904Z  INFO nanospam::setup::node_config_factory: ********************************************************************************
2026-10-08T19:22:30.539909Z  INFO nanospam::setup::node_config_factory: Setting up node PR4...
2026-10-08T19:22:30.539914Z  INFO nanospam::setup::node_config_factory: Creating directory "/var/folders/1y/px089b2s6f9d893xp1p4c7wh0000gn/T/rai-gate-b-kflilr8s/pr4"
2026-10-08T19:22:30.539968Z  INFO nanospam::setup::node_config_factory: Creating node config file: "/var/folders/1y/px089b2s6f9d893xp1p4c7wh0000gn/T/rai-gate-b-kflilr8s/pr4/config-node.toml"
2026-10-08T19:22:30.540051Z  INFO nanospam::setup::node_config_factory: Creating rpc config file: "/var/folders/1y/px089b2s6f9d893xp1p4c7wh0000gn/T/rai-gate-b-kflilr8s/pr4/config-rpc.toml"
2026-10-08T19:22:30.540127Z  INFO nanospam::setup::node_config_factory: ********************************************************************************
2026-10-08T19:22:30.540130Z  INFO nanospam::setup::node_config_factory: Setting up node PR5...
2026-10-08T19:22:30.540132Z  INFO nanospam::setup::node_config_factory: Creating directory "/var/folders/1y/px089b2s6f9d893xp1p4c7wh0000gn/T/rai-gate-b-kflilr8s/pr5"
2026-10-08T19:22:30.540181Z  INFO nanospam::setup::node_config_factory: Creating node config file: "/var/folders/1y/px089b2s6f9d893xp1p4c7wh0000gn/T/rai-gate-b-kflilr8s/pr5/config-node.toml"
2026-10-08T19:22:30.540257Z  INFO nanospam::setup::node_config_factory: Creating rpc config file: "/var/folders/1y/px089b2s6f9d893xp1p4c7wh0000gn/T/rai-gate-b-kflilr8s/pr5/config-rpc.toml"
2026-10-08T19:22:30.540358Z  INFO nanospam::setup::node_launcher: Starting node: NANO_TEST_GENESIS_BLOCK="{\n    \"type\": \"open\",\n    \"account\": \"nano_3nroioygg54nusrmyun4woimqex36sp3drnctdt5955uqu47fxbkrxk7n7ne\",\n    \"source\": \"D315857CE70C54DE713F6E82E5613BB3A1266C15E28AD2F4338C7BBEC456F532\",\n    \"representative\": \"nano_3nroioygg54nusrmyun4woimqex36sp3drnctdt5955uqu47fxbkrxk7n7ne\",\n    \"signature\": \"3F6792C2DC623DF2E8643777160AB983B66B337E2478E13D2C3448126A8F4CD8DCCD19803C158A057FA44060AE0EFC09B1C311CB4FBF42F8D240610B38F56E08\",\n    \"work\": \"70FEF01F7EC45DEC\"\n    }" NANO_TEST_GENESIS_PRV ="49643F9B10CA1AA34F9AF8ED4AABD29F436104CCC375974B108534A48EAE3FE1" "rsnano" "--network" "test" "--data-path" "/var/folders/1y/px089b2s6f9d893xp1p4c7wh0000gn/T/rai-gate-b-kflilr8s/pr0" "node" "run"
2026-10-08T19:22:30.540955Z  INFO nanospam::setup::node_launcher: Waiting for RPC...
2026-10-08T19:22:30.644919Z  INFO nanospam::setup::node_launcher: Starting node: NANO_TEST_GENESIS_BLOCK="{\n    \"type\": \"open\",\n    \"account\": \"nano_3nroioygg54nusrmyun4woimqex36sp3drnctdt5955uqu47fxbkrxk7n7ne\",\n    \"source\": \"D315857CE70C54DE713F6E82E5613BB3A1266C15E28AD2F4338C7BBEC456F532\",\n    \"representative\": \"nano_3nroioygg54nusrmyun4woimqex36sp3drnctdt5955uqu47fxbkrxk7n7ne\",\n    \"signature\": \"3F6792C2DC623DF2E8643777160AB983B66B337E2478E13D2C3448126A8F4CD8DCCD19803C158A057FA44060AE0EFC09B1C311CB4FBF42F8D240610B38F56E08\",\n    \"work\": \"70FEF01F7EC45DEC\"\n    }" NANO_TEST_GENESIS_PRV ="49643F9B10CA1AA34F9AF8ED4AABD29F436104CCC375974B108534A48EAE3FE1" "rsnano" "--network" "test" "--data-path" "/var/folders/1y/px089b2s6f9d893xp1p4c7wh0000gn/T/rai-gate-b-kflilr8s/pr1" "node" "run"
2026-10-08T19:22:30.645391Z  INFO nanospam::setup::node_launcher: Waiting for RPC...
2026-10-08T19:22:30.748811Z  INFO nanospam::setup::node_launcher: Starting node: NANO_TEST_GENESIS_BLOCK="{\n    \"type\": \"open\",\n    \"account\": \"nano_3nroioygg54nusrmyun4woimqex36sp3drnctdt5955uqu47fxbkrxk7n7ne\",\n    \"source\": \"D315857CE70C54DE713F6E82E5613BB3A1266C15E28AD2F4338C7BBEC456F532\",\n    \"representative\": \"nano_3nroioygg54nusrmyun4woimqex36sp3drnctdt5955uqu47fxbkrxk7n7ne\",\n    \"signature\": \"3F6792C2DC623DF2E8643777160AB983B66B337E2478E13D2C3448126A8F4CD8DCCD19803C158A057FA44060AE0EFC09B1C311CB4FBF42F8D240610B38F56E08\",\n    \"work\": \"70FEF01F7EC45DEC\"\n    }" NANO_TEST_GENESIS_PRV ="49643F9B10CA1AA34F9AF8ED4AABD29F436104CCC375974B108534A48EAE3FE1" "rsnano" "--network" "test" "--data-path" "/var/folders/1y/px089b2s6f9d893xp1p4c7wh0000gn/T/rai-gate-b-kflilr8s/pr2" "node" "run"
2026-10-08T19:22:30.749368Z  INFO nanospam::setup::node_launcher: Waiting for RPC...
2026-10-08T19:22:30.853360Z  INFO nanospam::setup::node_launcher: Starting node: NANO_TEST_GENESIS_BLOCK="{\n    \"type\": \"open\",\n    \"account\": \"nano_3nroioygg54nusrmyun4woimqex36sp3drnctdt5955uqu47fxbkrxk7n7ne\",\n    \"source\": \"D315857CE70C54DE713F6E82E5613BB3A1266C15E28AD2F4338C7BBEC456F532\",\n    \"representative\": \"nano_3nroioygg54nusrmyun4woimqex36sp3drnctdt5955uqu47fxbkrxk7n7ne\",\n    \"signature\": \"3F6792C2DC623DF2E8643777160AB983B66B337E2478E13D2C3448126A8F4CD8DCCD19803C158A057FA44060AE0EFC09B1C311CB4FBF42F8D240610B38F56E08\",\n    \"work\": \"70FEF01F7EC45DEC\"\n    }" NANO_TEST_GENESIS_PRV ="49643F9B10CA1AA34F9AF8ED4AABD29F436104CCC375974B108534A48EAE3FE1" "rsnano" "--network" "test" "--data-path" "/var/folders/1y/px089b2s6f9d893xp1p4c7wh0000gn/T/rai-gate-b-kflilr8s/pr3" "node" "run"
2026-10-08T19:22:30.854120Z  INFO nanospam::setup::node_launcher: Waiting for RPC...
2026-10-08T19:22:30.958726Z  INFO nanospam::setup::node_launcher: Starting node: NANO_TEST_GENESIS_BLOCK="{\n    \"type\": \"open\",\n    \"account\": \"nano_3nroioygg54nusrmyun4woimqex36sp3drnctdt5955uqu47fxbkrxk7n7ne\",\n    \"source\": \"D315857CE70C54DE713F6E82E5613BB3A1266C15E28AD2F4338C7BBEC456F532\",\n    \"representative\": \"nano_3nroioygg54nusrmyun4woimqex36sp3drnctdt5955uqu47fxbkrxk7n7ne\",\n    \"signature\": \"3F6792C2DC623DF2E8643777160AB983B66B337E2478E13D2C3448126A8F4CD8DCCD19803C158A057FA44060AE0EFC09B1C311CB4FBF42F8D240610B38F56E08\",\n    \"work\": \"70FEF01F7EC45DEC\"\n    }" NANO_TEST_GENESIS_PRV ="49643F9B10CA1AA34F9AF8ED4AABD29F436104CCC375974B108534A48EAE3FE1" "rsnano" "--network" "test" "--data-path" "/var/folders/1y/px089b2s6f9d893xp1p4c7wh0000gn/T/rai-gate-b-kflilr8s/pr4" "node" "run"
2026-10-08T19:22:30.959850Z  INFO nanospam::setup::node_launcher: Waiting for RPC...
2026-10-08T19:22:31.063390Z  INFO nanospam::setup::node_launcher: Starting node: NANO_TEST_GENESIS_BLOCK="{\n    \"type\": \"open\",\n    \"account\": \"nano_3nroioygg54nusrmyun4woimqex36sp3drnctdt5955uqu47fxbkrxk7n7ne\",\n    \"source\": \"D315857CE70C54DE713F6E82E5613BB3A1266C15E28AD2F4338C7BBEC456F532\",\n    \"representative\": \"nano_3nroioygg54nusrmyun4woimqex36sp3drnctdt5955uqu47fxbkrxk7n7ne\",\n    \"signature\": \"3F6792C2DC623DF2E8643777160AB983B66B337E2478E13D2C3448126A8F4CD8DCCD19803C158A057FA44060AE0EFC09B1C311CB4FBF42F8D240610B38F56E08\",\n    \"work\": \"70FEF01F7EC45DEC\"\n    }" NANO_TEST_GENESIS_PRV ="49643F9B10CA1AA34F9AF8ED4AABD29F436104CCC375974B108534A48EAE3FE1" "rsnano" "--network" "test" "--data-path" "/var/folders/1y/px089b2s6f9d893xp1p4c7wh0000gn/T/rai-gate-b-kflilr8s/pr5" "node" "run"
2026-10-08T19:22:31.064466Z  INFO nanospam::setup::node_launcher: Waiting for RPC...
2026-10-08T19:22:31.167464Z  INFO nanospam::wallets_factory: Creating wallet...
2026-10-08T19:22:31.235921Z  INFO nanospam::wallets_factory: Setting default representative...
2026-10-08T19:22:31.236214Z  INFO nanospam::wallets_factory: Creating wallet...
2026-10-08T19:22:31.280870Z  INFO nanospam::wallets_factory: Setting default representative...
2026-10-08T19:22:31.281075Z  INFO nanospam::wallets_factory: Sending Ӿ56,547,061 to PR1 wallet nano_3atmwjh8t11psdqf3qx6xjfiei94oajch6zsyauowxzjogbbgz168g5mp8f1 ...
2026-10-08T19:22:31.281417Z  INFO nanospam::wallets_factory: Waiting for confirmation for 70B574FB519B8DEA27D8F4952C2E7B0378B009608D6FC967984D3C83440C9C3D
2026-10-08T19:22:46.378591Z  INFO nanospam::wallets_factory: Receiving...
2026-10-08T19:22:46.381096Z  INFO nanospam::wallets_factory: Waiting for confirmation for 011C6AC2721054F46B03A50885AF48083A4A685154A55D85116DBCE413673F86
2026-10-08T19:22:46.485575Z  INFO nanospam::wallets_factory: DONE
2026-10-08T19:22:46.485669Z  INFO nanospam::wallets_factory: ********************************************************************************
2026-10-08T19:22:46.485696Z  INFO nanospam::wallets_factory: Creating wallet...
2026-10-08T19:22:46.560141Z  INFO nanospam::wallets_factory: Setting default representative...
2026-10-08T19:22:46.560526Z  INFO nanospam::wallets_factory: Sending Ӿ56,547,061 to PR2 wallet nano_36asm8scxymtsjmgqp14per3zxpgaec1c65qb9en1buscq7qzqa93tfyyzs3 ...
2026-10-08T19:22:46.561042Z  INFO nanospam::wallets_factory: Waiting for confirmation for 76B3937072C015B69E45D5458B47CF52A54A38F8ED441B0E21561A3048243E90
2026-10-08T19:22:46.768416Z  INFO nanospam::wallets_factory: Receiving...
2026-10-08T19:22:46.770198Z  INFO nanospam::wallets_factory: Waiting for confirmation for 402DCF4725254BECF5C5CB5F707C169725EE114819D289F8A5477C2FFF19BDC0
2026-10-08T19:22:47.081832Z  INFO nanospam::wallets_factory: DONE
2026-10-08T19:22:47.081945Z  INFO nanospam::wallets_factory: ********************************************************************************
2026-10-08T19:22:47.081954Z  INFO nanospam::wallets_factory: Creating wallet...
2026-10-08T19:22:47.143808Z  INFO nanospam::wallets_factory: Setting default representative...
2026-10-08T19:22:47.144197Z  INFO nanospam::wallets_factory: Sending Ӿ56,547,061 to PR3 wallet nano_1sfb11jzfi8k51fcnrzi1qe3qh1e1jkic3h45oak9yfg5yhbkczzxfwtat7m ...
2026-10-08T19:22:47.144692Z  INFO nanospam::wallets_factory: Waiting for confirmation for FF4589BE1759B38CC94ABA0AE4FE6644845FE957C02EA9CEA669A28C8D1ADE97
2026-10-08T19:23:02.341002Z  INFO nanospam::wallets_factory: Receiving...
2026-10-08T19:23:02.343207Z  INFO nanospam::wallets_factory: Waiting for confirmation for 1210B877FF188F4FF352C0EDE856AA702A1D6763EFA96EA84BB10519898BE6D0
2026-10-08T19:23:02.447423Z  INFO nanospam::wallets_factory: DONE
2026-10-08T19:23:02.447479Z  INFO nanospam::wallets_factory: ********************************************************************************
2026-10-08T19:23:02.447496Z  INFO nanospam::wallets_factory: Creating wallet...
2026-10-08T19:23:02.526375Z  INFO nanospam::wallets_factory: Setting default representative...
2026-10-08T19:23:02.526766Z  INFO nanospam::wallets_factory: Sending Ӿ56,547,061 to PR4 wallet nano_1rsxmoinip7d4wafdp855194n43fs7s1jgne6tx8ruatiu6g89815pddzijp ...
2026-10-08T19:23:02.527340Z  INFO nanospam::wallets_factory: Waiting for confirmation for 23D89F3531AC5EE2378D3606C70B24D2A7B9016B8ADB1A970E6B1D9E7576186D
2026-10-08T19:23:02.732387Z  INFO nanospam::wallets_factory: Receiving...
2026-10-08T19:23:02.734463Z  INFO nanospam::wallets_factory: Waiting for confirmation for 8D401F6072C9B3A9EFBA68DA33CC97FF1D15EEB9F09CE4731C1A7614578C3E56
2026-10-08T19:23:02.941675Z  INFO nanospam::wallets_factory: DONE
2026-10-08T19:23:02.941785Z  INFO nanospam::wallets_factory: ********************************************************************************
2026-10-08T19:23:02.941807Z  INFO nanospam::wallets_factory: Creating wallet...
2026-10-08T19:23:03.020387Z  INFO nanospam::wallets_factory: Setting default representative...
2026-10-08T19:23:03.020666Z  INFO nanospam::wallets_factory: Sending Ӿ56,547,061 to PR5 wallet nano_1wtzwadxk9naxc356m4rienp93ht131w7ypadk39qck8uah3bg3zohsmj9th ...
2026-10-08T19:23:03.021036Z  INFO nanospam::wallets_factory: Waiting for confirmation for A5666BC59C8DD98A7E52D6F61006629E4EDB37063C12A73BFB41D35538B371CA
2026-10-08T19:23:18.234157Z  INFO nanospam::wallets_factory: Receiving...
2026-10-08T19:23:18.236474Z  INFO nanospam::wallets_factory: Waiting for confirmation for 49EEF9EFFD843E7FE6FB8D0DE0A19E8B88DBE91F26F5FDDB0E8862DEF7553864
2026-10-08T19:23:18.444824Z  INFO nanospam::wallets_factory: DONE
2026-10-08T19:23:18.444944Z  INFO nanospam::wallets_factory: ********************************************************************************
2026-10-08T19:23:18.444974Z  INFO nanospam::wallets_factory: Sending initial spam amount...
2026-10-08T19:23:18.446544Z  INFO nanospam::wallets_factory: Waiting for confirmation for 69C5A0F328B60A5B926027D29A5C8776267AF4ADFFC061692986750FEBD7D2FC
2026-10-08T19:23:18.654346Z  INFO nanospam::wallets_factory: Receiving initial spam amount...
2026-10-08T19:23:18.655529Z  INFO nanospam::wallets_factory: Waiting for confirmation for B76C71908E7E62A177C644655312E46DDBC5802420F62479F4A7CC55A4B63893
2026-10-08T19:23:18.862742Z  INFO nanospam::wallets_factory: Seeding Ӿ142,857 to nano_1u8kmh18qon74m9eyxde68tq35gtwkbqk795wnrmgqfdndiwgh8j385etjrm for representative D315857CE70C54DE713F6E82E5613BB3A1266C15E28AD2F4338C7BBEC456F532
2026-10-08T19:23:18.863668Z  INFO nanospam::wallets_factory: Waiting for confirmation for FF85A853A757A1E3F96A9A76102BC06A7D339C0E6B8FF9071B0D152A30C30F3A
2026-10-08T19:23:19.072821Z  INFO nanospam::wallets_factory: Waiting for confirmation for 5C2E1CDADE9BF4BBA537B98020AB9A2709027269BE6EC8C2C716B5B23F067A16
2026-10-08T19:23:19.281995Z  INFO nanospam::wallets_factory: Seeding Ӿ142,857 to nano_1dgip3rinoueu48e1ndx3tbyi4d7n5dehqxni749aidsdhx7wzkruzjdjfh1 for representative A353E45E6D0016CAEED0DFA4EC5B0640E2AA22A793F9F2375E77F1AB92977C04
2026-10-08T19:23:19.283390Z  INFO nanospam::wallets_factory: Waiting for confirmation for 193CE8007CE53F9EA762821DFFB25BBFCD9141C5ECCCF690ADC3B493B69D371F
2026-10-08T19:23:19.493957Z  INFO nanospam::wallets_factory: Waiting for confirmation for 04011D640A9D8FB46915343F1CC0DBD549A6D670EDFBDF00EE06153DBA1AF8A5
2026-10-08T19:23:19.597739Z  INFO nanospam::wallets_factory: Seeding Ӿ142,857 to nano_1cqk3aattip3jrhza8w39b48wkkksudw6saxqcnju8m5of71wd696ur34rep for representative 911999B2AEFA7ACC66EBD802B3301FF6CE431405107749D940277955CB7FDD07
2026-10-08T19:23:19.598738Z  INFO nanospam::wallets_factory: Waiting for confirmation for 477A1FAAB158C17991E7E09A64B58A650A454457CA95D0043A14301D45232150
2026-10-08T19:23:19.807318Z  INFO nanospam::wallets_factory: Waiting for confirmation for FCDFFD791420FB092AE389F267FC211C96D919D0F19B06B21EC0EAB54571E393
2026-10-08T19:23:20.016709Z  INFO nanospam::wallets_factory: Seeding Ӿ142,857 to nano_3agsw9fdum1yzwcbqkjtb9d469k7ezpmiztipt3mbhheg9tsptd4yxadagcq for representative 65A90023F6C0D2181AAA63F005D81BBC0C04650505E21D5123F9AE1F9E992BFF
2026-10-08T19:23:20.017848Z  INFO nanospam::wallets_factory: Waiting for confirmation for 06A2FB06D80E57EB023D0122C0F633BCB3D40A9A13D31E1D4251C03E480B4E24
2026-10-08T19:23:20.228413Z  INFO nanospam::wallets_factory: Waiting for confirmation for D215F4A0939D6094B71F17AC9E5BD14C2152632AE35B68608C8557F32706824A
2026-10-08T19:23:20.334428Z  INFO nanospam::wallets_factory: Seeding Ӿ142,857 to nano_3n1yyqiis3qkkss3pyjyd7weihqkf1ycdf573yfkq3kce3b9kdak3nke8c3h for representative 633D9D614858AB1710D5D8C3180E2A082DC97208BA8C26BA6C6D1A86C8E31CC0
2026-10-08T19:23:20.335455Z  INFO nanospam::wallets_factory: Waiting for confirmation for 343DAAF0B49250B1F951C7E8BEE17942C43BF47CB37A0083ED6C8236B799C1E6
2026-10-08T19:23:20.545085Z  INFO nanospam::wallets_factory: Waiting for confirmation for 379275A6FE8CAAAB3976F8416C9878558C0B03F1FD88734A2653578C4AAEFEC6
2026-10-08T19:23:20.753654Z  INFO nanospam::wallets_factory: Seeding Ӿ142,857 to nano_38bkqzw4p4iqpohitsumy6juudu1dmxf8mj3a1j9qwjiji4zjbtj4c36zgdd for representative 735FE217D91E88EA82324C5883296385FA0041C2FAC85C827BAA46DA1E14B83F
2026-10-08T19:23:20.754621Z  INFO nanospam::wallets_factory: Waiting for confirmation for 1E86BFF5D000F971BD6FF2633964E4A36408B7E412817C21EAA228BA12769AF2
2026-10-08T19:23:20.964525Z  INFO nanospam::wallets_factory: Waiting for confirmation for 199296920BAF4A9EB4798C9E7EC340DA41F61E449C33C7DA4D79AFD1B2779FD5
2026-10-08T19:23:21.176789Z  INFO nanospam::high_prio_check: Creating high priority accounts...
2026-10-08T19:23:21.205038Z  INFO nanospam::high_prio_check: Waiting for confirmations...
2026-10-08T19:23:23.426725Z  INFO nanospam::app: Waiting for all PRs to see the full quorum...
2026-10-08T19:23:33.623564Z  INFO nanospam::app: Republished the genesis chain to all PRs
2026-10-08T19:23:38.538942Z  INFO nanospam::app: Republished the genesis chain to all PRs
2026-10-08T19:23:43.647690Z  INFO nanospam::app: Republished the genesis chain to all PRs
2026-10-08T19:23:48.560963Z  INFO nanospam::app: Republished the genesis chain to all PRs
2026-10-08T19:23:49.172757Z  INFO nanospam::app: All PRs see the full quorum after 25.746582s
2026-10-08T19:23:49.172934Z  INFO nanospam::app: Waiting for all PRs to hold the same cemented ledger...
2026-10-08T19:23:49.174382Z  INFO nanospam::app: All PRs hold the same ledger of 65 blocks after 1.424375ms
EPOCH_COMMITTEE derived_by=genesis members=6 accounts=33 n=6 digest=95D409445152DD075E6A4799205DFA5689496EB8EE1A22AC2A200B9DBC2DCF27 shares=["A353E45E:16.7%", "65A90023:16.7%", "D315857C:16.7%", "911999B2:16.7%", "633D9D61:16.7%", "735FE217:16.7%"] t=1791487429174
EPOCH_START epoch=0 elections=0 t=1791487429174
EPOCH_COMMITTEE derived_by=genesis members=6 accounts=33 n=6 digest=95D409445152DD075E6A4799205DFA5689496EB8EE1A22AC2A200B9DBC2DCF27 shares=["A353E45E:16.7%", "65A90023:16.7%", "D315857C:16.7%", "911999B2:16.7%", "633D9D61:16.7%", "735FE217:16.7%"] t=1791487429175
EPOCH_START epoch=0 elections=0 t=1791487429175
EPOCH_COMMITTEE derived_by=genesis members=6 accounts=33 n=6 digest=95D409445152DD075E6A4799205DFA5689496EB8EE1A22AC2A200B9DBC2DCF27 shares=["A353E45E:16.7%", "65A90023:16.7%", "D315857C:16.7%", "911999B2:16.7%", "633D9D61:16.7%", "735FE217:16.7%"] t=1791487429176
EPOCH_START epoch=0 elections=0 t=1791487429176
EPOCH_COMMITTEE derived_by=genesis members=6 accounts=33 n=6 digest=95D409445152DD075E6A4799205DFA5689496EB8EE1A22AC2A200B9DBC2DCF27 shares=["A353E45E:16.7%", "65A90023:16.7%", "D315857C:16.7%", "911999B2:16.7%", "633D9D61:16.7%", "735FE217:16.7%"] t=1791487429176
EPOCH_START epoch=0 elections=0 t=1791487429176
EPOCH_COMMITTEE derived_by=genesis members=6 accounts=33 n=6 digest=95D409445152DD075E6A4799205DFA5689496EB8EE1A22AC2A200B9DBC2DCF27 shares=["A353E45E:16.7%", "65A90023:16.7%", "D315857C:16.7%", "911999B2:16.7%", "633D9D61:16.7%", "735FE217:16.7%"] t=1791487429177
EPOCH_START epoch=0 elections=0 t=1791487429177
EPOCH_COMMITTEE derived_by=genesis members=6 accounts=33 n=6 digest=95D409445152DD075E6A4799205DFA5689496EB8EE1A22AC2A200B9DBC2DCF27 shares=["A353E45E:16.7%", "65A90023:16.7%", "D315857C:16.7%", "911999B2:16.7%", "633D9D61:16.7%", "735FE217:16.7%"] t=1791487429177
EPOCH_START epoch=0 elections=0 t=1791487429177
2026-10-08T19:23:49.177760Z  INFO nanospam::app: Started the epochs on every PR
2026-10-08T19:23:49.177782Z  INFO nanospam::app: Connecting to node PR0... peer_addr=[::1]:17075
2026-10-08T19:23:49.178252Z  INFO nanospam::app: Performing handshake...
2026-10-08T19:23:49.179260Z  INFO nanospam::app: Performing handshake...
2026-10-08T19:23:49.190085Z  INFO nanospam::app: Performing handshake...
2026-10-08T19:23:49.200983Z  INFO nanospam::app: Performing handshake...
2026-10-08T19:23:49.212065Z  INFO nanospam::app: Connecting to node PR1... peer_addr=[::1]:17085
2026-10-08T19:23:49.212291Z  INFO nanospam::app: Performing handshake...
2026-10-08T19:23:49.212974Z  INFO nanospam::app: Performing handshake...
2026-10-08T19:23:49.224738Z  INFO nanospam::app: Performing handshake...
2026-10-08T19:23:49.236168Z  INFO nanospam::app: Performing handshake...
2026-10-08T19:23:49.247817Z  INFO nanospam::app: Connecting to node PR2... peer_addr=[::1]:17095
2026-10-08T19:23:49.248107Z  INFO nanospam::app: Performing handshake...
2026-10-08T19:23:49.249060Z  INFO nanospam::app: Performing handshake...
2026-10-08T19:23:49.260383Z  INFO nanospam::app: Performing handshake...
2026-10-08T19:23:49.271662Z  INFO nanospam::app: Performing handshake...
2026-10-08T19:23:49.282610Z  INFO nanospam::app: Connecting to node PR3... peer_addr=[::1]:17105
2026-10-08T19:23:49.282880Z  INFO nanospam::app: Performing handshake...
2026-10-08T19:23:49.283804Z  INFO nanospam::app: Performing handshake...
2026-10-08T19:23:49.295982Z  INFO nanospam::app: Performing handshake...
2026-10-08T19:23:49.308276Z  INFO nanospam::app: Performing handshake...
2026-10-08T19:23:49.319306Z  INFO nanospam::app: Connecting to node PR4... peer_addr=[::1]:17115
2026-10-08T19:23:49.319670Z  INFO nanospam::app: Performing handshake...
2026-10-08T19:23:49.320547Z  INFO nanospam::app: Performing handshake...
2026-10-08T19:23:49.331739Z  INFO nanospam::app: Performing handshake...
2026-10-08T19:23:49.344176Z  INFO nanospam::app: Performing handshake...
2026-10-08T19:23:49.355178Z  INFO nanospam::app: Connecting to node PR5... peer_addr=[::1]:17125
2026-10-08T19:23:49.355394Z  INFO nanospam::app: Performing handshake...
2026-10-08T19:23:49.356249Z  INFO nanospam::app: Performing handshake...
2026-10-08T19:23:49.367843Z  INFO nanospam::app: Performing handshake...
2026-10-08T19:23:49.378842Z  INFO nanospam::app: Performing handshake...
2026-10-08T19:23:49.389923Z  INFO nanospam::app: Connecting to websocket...
2026-10-08T19:23:49.390682Z  INFO nanospam::app: Starting with 2000 BPS
2026-10-08T19:23:50.393555Z  INFO nanospam::app: Confirmed 1,052 blocks | 2,000 bps | 1,105 cps | avg conf time: 82 ms
2026-10-08T19:23:51.394844Z  INFO nanospam::app: Confirmed 3,980 blocks | 2,000 bps | 2,923 cps | avg conf time: 180 ms
2026-10-08T19:23:52.395742Z  INFO nanospam::app: Confirmed 6,608 blocks | 2,000 bps | 2,624 cps | avg conf time: 133 ms
2026-10-08T19:23:53.396882Z  INFO nanospam::app: Confirmed 8,518 blocks | 2,000 bps | 1,907 cps | avg conf time: 98 ms
2026-10-08T19:23:54.397754Z  INFO nanospam::app: Confirmed 10,497 blocks | 2,000 bps | 1,977 cps | avg conf time: 95 ms
2026-10-08T19:23:55.398908Z  INFO nanospam::app: Confirmed 12,354 blocks | 2,000 bps | 1,854 cps | avg conf time: 94 ms
2026-10-08T19:23:56.400750Z  INFO nanospam::app: Confirmed 14,341 blocks | 2,000 bps | 1,985 cps | avg conf time: 98 ms
EPOCH_ENDED epoch=0 elections=191 active=190 t=1791487437177
EPOCH_ENDED epoch=0 elections=191 active=190 t=1791487437178
EPOCH_ENDED epoch=0 elections=195 active=194 t=1791487437179
EPOCH_ENDED epoch=0 elections=190 active=189 t=1791487437179
EPOCH_ENDED epoch=0 elections=194 active=193 t=1791487437180
EPOCH_ENDED epoch=0 elections=229 active=204 t=1791487437195
EPOCH_CARRIED epoch=0 instances=191 split=0 t=1791487437204
EPOCH_ADVANCED epoch=1 elections=382 active=381 vote_records=185214 t=1791487437204
EPOCH_CARRIED epoch=0 instances=191 split=0 t=1791487437205
EPOCH_ADVANCED epoch=1 elections=382 active=381 vote_records=185215 t=1791487437205
EPOCH_CARRIED epoch=0 instances=194 split=0 t=1791487437207
EPOCH_ADVANCED epoch=1 elections=388 active=387 vote_records=185219 t=1791487437207
EPOCH_CARRIED epoch=0 instances=195 split=0 t=1791487437210
EPOCH_ADVANCED epoch=1 elections=390 active=389 vote_records=185215 t=1791487437210
EPOCH_CARRIED epoch=0 instances=190 split=0 t=1791487437210
EPOCH_ADVANCED epoch=1 elections=380 active=379 vote_records=185219 t=1791487437210
EPOCH_CLOSE_UNREADY epoch=0 short_of=reports usable=0 weight=0 required=5 held=0 theirs=[] t=1791487437215
EPOCH_CARRIED epoch=0 instances=229 split=0 t=1791487437226
EPOCH_ADVANCED epoch=1 elections=458 active=433 vote_records=185455 t=1791487437226
EPOCH_REPORT epoch=0 certified=15866 residual=187 root=8C97322A1FE021BF9DAED5FD41F8D8988A06977944674F7DAAC1C83B92668455 reports=1 t=1791487437261
EPOCH_REPORT epoch=0 certified=15866 residual=155 root=8C97322A1FE021BF9DAED5FD41F8D8988A06977944674F7DAAC1C83B92668455 reports=1 t=1791487437266
EPOCH_REPORT epoch=0 certified=15866 residual=185 root=8C97322A1FE021BF9DAED5FD41F8D8988A06977944674F7DAAC1C83B92668455 reports=1 t=1791487437267
EPOCH_CLOSE_UNREADY epoch=0 short_of=reports usable=1 weight=1 required=5 held=0 theirs=[] t=1791487437268
EPOCH_REPORT epoch=0 certified=15866 residual=185 root=8C97322A1FE021BF9DAED5FD41F8D8988A06977944674F7DAAC1C83B92668455 reports=1 t=1791487437268
EPOCH_REPORT epoch=0 certified=15866 residual=164 root=8C97322A1FE021BF9DAED5FD41F8D8988A06977944674F7DAAC1C83B92668455 reports=1 t=1791487437272
EPOCH_REPORT epoch=0 certified=15891 residual=188 root=F6B4C590C05304AD90CEA2E2F483E0E3C321FD24FD0E5A0DD57048F9748FDEBA reports=1 t=1791487437274
EPOCH_RECONCILED epoch=0 reporter=A353E45E6D0016CAEED0DFA4EC5B0640E2AA22A793F9F2375E77F1AB92977C04 complete=false entries=0 total=15866 symbols=0 dropped=false t=1791487437398
EPOCH_RECONCILED epoch=0 reporter=A353E45E6D0016CAEED0DFA4EC5B0640E2AA22A793F9F2375E77F1AB92977C04 complete=true entries=185 total=185 symbols=0 dropped=false t=1791487437401
EPOCH_RECONCILED epoch=0 reporter=911999B2AEFA7ACC66EBD802B3301FF6CE431405107749D940277955CB7FDD07 complete=false entries=0 total=15866 symbols=0 dropped=false t=1791487437402
2026-10-08T19:23:57.402821Z  INFO nanospam::app: Confirmed 16,037 blocks | 2,000 bps | 1,694 cps | avg conf time: 108 ms
EPOCH_RECONCILED epoch=0 reporter=A353E45E6D0016CAEED0DFA4EC5B0640E2AA22A793F9F2375E77F1AB92977C04 complete=false entries=0 total=15866 symbols=0 dropped=false t=1791487437461
EPOCH_RECONCILED epoch=0 reporter=911999B2AEFA7ACC66EBD802B3301FF6CE431405107749D940277955CB7FDD07 complete=true entries=187 total=187 symbols=0 dropped=false t=1791487437462
EPOCH_RECONCILED epoch=0 reporter=D315857CE70C54DE713F6E82E5613BB3A1266C15E28AD2F4338C7BBEC456F532 complete=false entries=0 total=15866 symbols=0 dropped=false t=1791487437466
EPOCH_RECONCILED epoch=0 reporter=A353E45E6D0016CAEED0DFA4EC5B0640E2AA22A793F9F2375E77F1AB92977C04 complete=true entries=185 total=185 symbols=0 dropped=false t=1791487437469
EPOCH_RECONCILED epoch=0 reporter=D315857CE70C54DE713F6E82E5613BB3A1266C15E28AD2F4338C7BBEC456F532 complete=false entries=0 total=15866 symbols=0 dropped=false t=1791487437470
EPOCH_RECONCILED epoch=0 reporter=D315857CE70C54DE713F6E82E5613BB3A1266C15E28AD2F4338C7BBEC456F532 complete=true entries=185 total=185 symbols=0 dropped=false t=1791487437480
EPOCH_RECONCILED epoch=0 reporter=D315857CE70C54DE713F6E82E5613BB3A1266C15E28AD2F4338C7BBEC456F532 complete=true entries=185 total=185 symbols=0 dropped=false t=1791487437484
EPOCH_RECONCILED epoch=0 reporter=65A90023F6C0D2181AAA63F005D81BBC0C04650505E21D5123F9AE1F9E992BFF complete=false entries=0 total=15866 symbols=0 dropped=false t=1791487437485
EPOCH_RECONCILED epoch=0 reporter=65A90023F6C0D2181AAA63F005D81BBC0C04650505E21D5123F9AE1F9E992BFF complete=false entries=0 total=15866 symbols=0 dropped=false t=1791487437508
EPOCH_RECONCILED epoch=0 reporter=65A90023F6C0D2181AAA63F005D81BBC0C04650505E21D5123F9AE1F9E992BFF complete=true entries=164 total=164 symbols=0 dropped=false t=1791487437509
EPOCH_RECONCILED epoch=0 reporter=911999B2AEFA7ACC66EBD802B3301FF6CE431405107749D940277955CB7FDD07 complete=false entries=0 total=15866 symbols=0 dropped=false t=1791487437513
EPOCH_RECONCILED epoch=0 reporter=65A90023F6C0D2181AAA63F005D81BBC0C04650505E21D5123F9AE1F9E992BFF complete=true entries=164 total=164 symbols=0 dropped=false t=1791487437514
EPOCH_RECONCILED epoch=0 reporter=633D9D614858AB1710D5D8C3180E2A082DC97208BA8C26BA6C6D1A86C8E31CC0 complete=false entries=0 total=15866 symbols=0 dropped=false t=1791487437516
EPOCH_RECONCILED epoch=0 reporter=911999B2AEFA7ACC66EBD802B3301FF6CE431405107749D940277955CB7FDD07 complete=true entries=187 total=187 symbols=0 dropped=false t=1791487437519
EPOCH_RECONCILED epoch=0 reporter=633D9D614858AB1710D5D8C3180E2A082DC97208BA8C26BA6C6D1A86C8E31CC0 complete=false entries=0 total=15866 symbols=0 dropped=false t=1791487437520
EPOCH_RECONCILED epoch=0 reporter=633D9D614858AB1710D5D8C3180E2A082DC97208BA8C26BA6C6D1A86C8E31CC0 complete=true entries=155 total=155 symbols=0 dropped=false t=1791487437522
EPOCH_RECONCILED epoch=0 reporter=A353E45E6D0016CAEED0DFA4EC5B0640E2AA22A793F9F2375E77F1AB92977C04 complete=false entries=0 total=15866 symbols=0 dropped=false t=1791487437522
EPOCH_RECONCILED epoch=0 reporter=A353E45E6D0016CAEED0DFA4EC5B0640E2AA22A793F9F2375E77F1AB92977C04 complete=true entries=185 total=185 symbols=0 dropped=false t=1791487437530
EPOCH_RECONCILED epoch=0 reporter=D315857CE70C54DE713F6E82E5613BB3A1266C15E28AD2F4338C7BBEC456F532 complete=false entries=0 total=15866 symbols=0 dropped=false t=1791487437531
EPOCH_RECONCILED epoch=0 reporter=A353E45E6D0016CAEED0DFA4EC5B0640E2AA22A793F9F2375E77F1AB92977C04 complete=false entries=0 total=15866 symbols=0 dropped=false t=1791487437550
EPOCH_RECONCILED epoch=0 reporter=D315857CE70C54DE713F6E82E5613BB3A1266C15E28AD2F4338C7BBEC456F532 complete=true entries=185 total=185 symbols=0 dropped=false t=1791487437550
EPOCH_RECONCILED epoch=0 reporter=633D9D614858AB1710D5D8C3180E2A082DC97208BA8C26BA6C6D1A86C8E31CC0 complete=true entries=155 total=155 symbols=0 dropped=false t=1791487437551
EPOCH_RECONCILED epoch=0 reporter=65A90023F6C0D2181AAA63F005D81BBC0C04650505E21D5123F9AE1F9E992BFF complete=false entries=0 total=15866 symbols=0 dropped=false t=1791487437557
EPOCH_RECONCILED epoch=0 reporter=65A90023F6C0D2181AAA63F005D81BBC0C04650505E21D5123F9AE1F9E992BFF complete=true entries=164 total=164 symbols=0 dropped=false t=1791487437569
EPOCH_RECONCILED epoch=0 reporter=633D9D614858AB1710D5D8C3180E2A082DC97208BA8C26BA6C6D1A86C8E31CC0 complete=false entries=0 total=15866 symbols=0 dropped=false t=1791487437571
EPOCH_RECONCILED epoch=0 reporter=633D9D614858AB1710D5D8C3180E2A082DC97208BA8C26BA6C6D1A86C8E31CC0 complete=true entries=155 total=155 symbols=0 dropped=false t=1791487437604
EPOCH_RECONCILED epoch=0 reporter=911999B2AEFA7ACC66EBD802B3301FF6CE431405107749D940277955CB7FDD07 complete=false entries=0 total=15866 symbols=0 dropped=false t=1791487437622
EPOCH_RECONCILED epoch=0 reporter=A353E45E6D0016CAEED0DFA4EC5B0640E2AA22A793F9F2375E77F1AB92977C04 complete=true entries=185 total=185 symbols=0 dropped=false t=1791487437623
EPOCH_RECONCILED epoch=0 reporter=633D9D614858AB1710D5D8C3180E2A082DC97208BA8C26BA6C6D1A86C8E31CC0 complete=false entries=0 total=15866 symbols=0 dropped=false t=1791487437625
EPOCH_RECONCILED epoch=0 reporter=911999B2AEFA7ACC66EBD802B3301FF6CE431405107749D940277955CB7FDD07 complete=true entries=187 total=187 symbols=0 dropped=false t=1791487437635
EPOCH_RECONCILED epoch=0 reporter=633D9D614858AB1710D5D8C3180E2A082DC97208BA8C26BA6C6D1A86C8E31CC0 complete=true entries=155 total=155 symbols=0 dropped=false t=1791487437651
EPOCH_RECONCILED epoch=0 reporter=65A90023F6C0D2181AAA63F005D81BBC0C04650505E21D5123F9AE1F9E992BFF complete=false entries=0 total=15866 symbols=0 dropped=false t=1791487437653
EPOCH_RECONCILED epoch=0 reporter=D315857CE70C54DE713F6E82E5613BB3A1266C15E28AD2F4338C7BBEC456F532 complete=false entries=0 total=15866 symbols=0 dropped=false t=1791487437654
EPOCH_RECONCILED epoch=0 reporter=D315857CE70C54DE713F6E82E5613BB3A1266C15E28AD2F4338C7BBEC456F532 complete=true entries=185 total=185 symbols=0 dropped=false t=1791487437689
EPOCH_RECONCILED epoch=0 reporter=65A90023F6C0D2181AAA63F005D81BBC0C04650505E21D5123F9AE1F9E992BFF complete=true entries=164 total=164 symbols=0 dropped=false t=1791487437712
EPOCH_CLOSE_UNREADY epoch=0 short_of=reports usable=1 weight=1 required=5 held=5 theirs=["A353E45E:8C97322A:45FAE7FE", "633D9D61:8C97322A:EC5CD427", "65A90023:8C97322A:86080A10", "D315857C:8C97322A:45FAE7FE", "911999B2:8C97322A:0C282BA8"] t=1791487437714
EPOCH_RECONCILED epoch=0 reporter=911999B2AEFA7ACC66EBD802B3301FF6CE431405107749D940277955CB7FDD07 complete=false entries=0 total=15866 symbols=0 dropped=false t=1791487437727
EPOCH_RECONCILED epoch=0 reporter=735FE217D91E88EA82324C5883296385FA0041C2FAC85C827BAA46DA1E14B83F complete=false entries=210 total=15891 symbols=364 dropped=false t=1791487437804
EPOCH_RECONCILED epoch=0 reporter=735FE217D91E88EA82324C5883296385FA0041C2FAC85C827BAA46DA1E14B83F complete=false entries=210 total=15891 symbols=364 dropped=false t=1791487437813
EPOCH_RECONCILED epoch=0 reporter=735FE217D91E88EA82324C5883296385FA0041C2FAC85C827BAA46DA1E14B83F complete=false entries=210 total=15891 symbols=364 dropped=false t=1791487437825
EPOCH_RECONCILED epoch=0 reporter=A353E45E6D0016CAEED0DFA4EC5B0640E2AA22A793F9F2375E77F1AB92977C04 complete=false entries=187 total=15866 symbols=364 dropped=false t=1791487437835
EPOCH_RECONCILED epoch=0 reporter=633D9D614858AB1710D5D8C3180E2A082DC97208BA8C26BA6C6D1A86C8E31CC0 complete=false entries=187 total=15866 symbols=364 dropped=false t=1791487437835
EPOCH_RECONCILED epoch=0 reporter=65A90023F6C0D2181AAA63F005D81BBC0C04650505E21D5123F9AE1F9E992BFF complete=false entries=187 total=15866 symbols=364 dropped=false t=1791487437835
EPOCH_RECONCILED epoch=0 reporter=D315857CE70C54DE713F6E82E5613BB3A1266C15E28AD2F4338C7BBEC456F532 complete=false entries=187 total=15866 symbols=364 dropped=false t=1791487437835
EPOCH_RECONCILED epoch=0 reporter=911999B2AEFA7ACC66EBD802B3301FF6CE431405107749D940277955CB7FDD07 complete=false entries=187 total=15866 symbols=364 dropped=false t=1791487437835
EPOCH_RECONCILED epoch=0 reporter=735FE217D91E88EA82324C5883296385FA0041C2FAC85C827BAA46DA1E14B83F complete=false entries=210 total=15891 symbols=364 dropped=false t=1791487437843
EPOCH_RECONCILED epoch=0 reporter=911999B2AEFA7ACC66EBD802B3301FF6CE431405107749D940277955CB7FDD07 complete=true entries=187 total=187 symbols=0 dropped=false t=1791487437877
EPOCH_RECONCILED epoch=0 reporter=735FE217D91E88EA82324C5883296385FA0041C2FAC85C827BAA46DA1E14B83F complete=false entries=210 total=15891 symbols=364 dropped=false t=1791487437899
EPOCH_RECONCILED epoch=0 reporter=A353E45E6D0016CAEED0DFA4EC5B0640E2AA22A793F9F2375E77F1AB92977C04 complete=true entries=185 total=185 symbols=0 dropped=false t=1791487438015
EPOCH_RECONCILED epoch=0 reporter=633D9D614858AB1710D5D8C3180E2A082DC97208BA8C26BA6C6D1A86C8E31CC0 complete=true entries=155 total=155 symbols=0 dropped=false t=1791487438019
EPOCH_CLOSE_READY epoch=0 t=1791487438136
EPOCH_CLOSE_READY epoch=0 t=1791487438148
EPOCH_CLOSE_ROUND epoch=0 round=0 leader=633D9D614858AB1710D5D8C3180E2A082DC97208BA8C26BA6C6D1A86C8E31CC0 leads=false t=1791487438148
EPOCH_RECONCILED epoch=0 reporter=65A90023F6C0D2181AAA63F005D81BBC0C04650505E21D5123F9AE1F9E992BFF complete=true entries=164 total=164 symbols=0 dropped=false t=1791487438150
EPOCH_RECONCILED epoch=0 reporter=D315857CE70C54DE713F6E82E5613BB3A1266C15E28AD2F4338C7BBEC456F532 complete=true entries=185 total=185 symbols=0 dropped=false t=1791487438212
EPOCH_RECONCILED epoch=0 reporter=911999B2AEFA7ACC66EBD802B3301FF6CE431405107749D940277955CB7FDD07 complete=true entries=187 total=187 symbols=0 dropped=false t=1791487438216
EPOCH_CLOSE_READY epoch=0 t=1791487438291
EPOCH_CLOSE_ROUND epoch=0 round=0 leader=633D9D614858AB1710D5D8C3180E2A082DC97208BA8C26BA6C6D1A86C8E31CC0 leads=false t=1791487438292
EPOCH_CLOSE_READY epoch=0 t=1791487438296
EPOCH_CLOSE_ROUND epoch=0 round=0 leader=633D9D614858AB1710D5D8C3180E2A082DC97208BA8C26BA6C6D1A86C8E31CC0 leads=false t=1791487438297
EPOCH_CLOSE_READY epoch=0 t=1791487438342
EPOCH_CLOSE_ROUND epoch=0 round=0 leader=633D9D614858AB1710D5D8C3180E2A082DC97208BA8C26BA6C6D1A86C8E31CC0 leads=false t=1791487438343
EPOCH_RECONCILED epoch=0 reporter=735FE217D91E88EA82324C5883296385FA0041C2FAC85C827BAA46DA1E14B83F complete=true entries=188 total=188 symbols=0 dropped=false t=1791487438352
2026-10-08T19:23:58.404632Z  INFO nanospam::app: Confirmed 17,836 blocks | 2,000 bps | 1,797 cps | avg conf time: 231 ms
EPOCH_RECONCILED epoch=0 reporter=735FE217D91E88EA82324C5883296385FA0041C2FAC85C827BAA46DA1E14B83F complete=true entries=188 total=188 symbols=0 dropped=false t=1791487438581
EPOCH_RECONCILED epoch=0 reporter=735FE217D91E88EA82324C5883296385FA0041C2FAC85C827BAA46DA1E14B83F complete=true entries=188 total=188 symbols=0 dropped=false t=1791487438606
EPOCH_RECONCILED epoch=0 reporter=735FE217D91E88EA82324C5883296385FA0041C2FAC85C827BAA46DA1E14B83F complete=true entries=188 total=188 symbols=0 dropped=false t=1791487438677
EPOCH_CLOSE_READY epoch=0 t=1791487438842
EPOCH_CLOSE_ROUND epoch=0 round=0 leader=633D9D614858AB1710D5D8C3180E2A082DC97208BA8C26BA6C6D1A86C8E31CC0 leads=false t=1791487438842
EPOCH_DERIVE_TIMING epoch=0 claims=15988 claim_ms=216 manifest_ms=219 build_ms=443 t=1791487439023
EPOCH_PROPOSED epoch=0 round=0 value=767F6FE044646C5426267231C006CCEAFD948214CB1D276DC80231F3540639C6 state=1AA636E7FA7A1081093C366A02B50A3AB499B75B2AF55C91D5930D2C6151925C reports=5 t=1791487439024
EPOCH_VALUE epoch=0 value=767F6FE044646C5426267231C006CCEAFD948214CB1D276DC80231F3540639C6 state=1AA636E7FA7A1081093C366A02B50A3AB499B75B2AF55C91D5930D2C6151925C t=1791487439024
EPOCH_CLOSE_ROUND epoch=0 round=0 leader=633D9D614858AB1710D5D8C3180E2A082DC97208BA8C26BA6C6D1A86C8E31CC0 leads=true t=1791487439103
EPOCH_RECONCILED epoch=0 reporter=735FE217D91E88EA82324C5883296385FA0041C2FAC85C827BAA46DA1E14B83F complete=true entries=188 total=188 symbols=0 dropped=false t=1791487439302
2026-10-08T19:23:59.406647Z  INFO nanospam::app: Confirmed 19,910 blocks | 2,000 bps | 2,071 cps | avg conf time: 199 ms
EPOCH_VALIDATE_TIMING epoch=0 evidence_ms=100 build_ms=328 t=1791487439454
EPOCH_VALUE epoch=0 value=767F6FE044646C5426267231C006CCEAFD948214CB1D276DC80231F3540639C6 state=1AA636E7FA7A1081093C366A02B50A3AB499B75B2AF55C91D5930D2C6151925C t=1791487439455
EPOCH_VALIDATE_TIMING epoch=0 evidence_ms=201 build_ms=235 t=1791487439461
EPOCH_VALUE epoch=0 value=767F6FE044646C5426267231C006CCEAFD948214CB1D276DC80231F3540639C6 state=1AA636E7FA7A1081093C366A02B50A3AB499B75B2AF55C91D5930D2C6151925C t=1791487439462
EPOCH_VALIDATE_TIMING epoch=0 evidence_ms=99 build_ms=340 t=1791487439465
EPOCH_VALIDATE_TIMING epoch=0 evidence_ms=60 build_ms=352 t=1791487439467
EPOCH_VALIDATE_TIMING epoch=0 evidence_ms=74 build_ms=338 t=1791487439467
EPOCH_VALUE epoch=0 value=767F6FE044646C5426267231C006CCEAFD948214CB1D276DC80231F3540639C6 state=1AA636E7FA7A1081093C366A02B50A3AB499B75B2AF55C91D5930D2C6151925C t=1791487439467
EPOCH_VALUE epoch=0 value=767F6FE044646C5426267231C006CCEAFD948214CB1D276DC80231F3540639C6 state=1AA636E7FA7A1081093C366A02B50A3AB499B75B2AF55C91D5930D2C6151925C t=1791487439469
EPOCH_VALUE epoch=0 value=767F6FE044646C5426267231C006CCEAFD948214CB1D276DC80231F3540639C6 state=1AA636E7FA7A1081093C366A02B50A3AB499B75B2AF55C91D5930D2C6151925C t=1791487439473
EPOCH_INSTALL epoch=0 finalized=15801 instances_confirmed=0 t=1791487439517
EPOCH_LATE_NOTAR epoch=0 blocks=4322 notarized=4247 cast=4200 t=1791487439519
EPOCH_GATE epoch=1 released=161 finalized=0 t=1791487439519
EPOCH_INSTALL epoch=0 finalized=15801 instances_confirmed=0 t=1791487439522
EPOCH_LATE_NOTAR epoch=0 blocks=4322 notarized=4247 cast=4049 t=1791487439524
EPOCH_GATE epoch=1 released=172 finalized=0 t=1791487439524
EPOCH_INSTALL epoch=0 finalized=15801 instances_confirmed=0 t=1791487439527
EPOCH_INSTALL epoch=0 finalized=15801 instances_confirmed=0 t=1791487439527
EPOCH_LATE_NOTAR epoch=0 blocks=4322 notarized=4247 cast=4263 t=1791487439529
EPOCH_INSTALL epoch=0 finalized=15801 instances_confirmed=0 t=1791487439529
EPOCH_GATE epoch=1 released=223 finalized=0 t=1791487439530
EPOCH_LATE_NOTAR epoch=0 blocks=4322 notarized=4247 cast=3685 t=1791487439531
EPOCH_LATE_NOTAR epoch=0 blocks=4322 notarized=4247 cast=4228 t=1791487439531
EPOCH_GATE epoch=1 released=223 finalized=0 t=1791487439531
EPOCH_GATE epoch=1 released=175 finalized=0 t=1791487439532
EPOCH_INSTALL epoch=0 finalized=15801 instances_confirmed=0 t=1791487439532
EPOCH_LATE_NOTAR epoch=0 blocks=4322 notarized=4247 cast=4288 t=1791487439534
EPOCH_GATE epoch=1 released=167 finalized=0 t=1791487439535
EPOCH_COMMITTEE derived_by=0 members=6 accounts=7220 n=6 digest=95D409445152DD075E6A4799205DFA5689496EB8EE1A22AC2A200B9DBC2DCF27 shares=["735FE217:16.7%", "A353E45E:16.7%", "D315857C:16.7%", "911999B2:16.7%", "633D9D61:16.7%", "65A90023:16.7%"] t=1791487439555
EPOCH_LOCKS epoch=0 continued=0 kinds={"locks=1 kind=Some(Recovery) nc_here=true saved=true": 21} t=1791487439556
EPOCH_OMITTED epoch=0 instances=44 retained=21 t=1791487439556
EPOCH_CLOSED epoch=0 round=0 value=767F6FE044646C5426267231C006CCEAFD948214CB1D276DC80231F3540639C6 state=1AA636E7FA7A1081093C366A02B50A3AB499B75B2AF55C91D5930D2C6151925C t=1791487439556
EPOCH_COMMITTEE derived_by=0 members=6 accounts=7220 n=6 digest=95D409445152DD075E6A4799205DFA5689496EB8EE1A22AC2A200B9DBC2DCF27 shares=["735FE217:16.7%", "A353E45E:16.7%", "D315857C:16.7%", "911999B2:16.7%", "633D9D61:16.7%", "65A90023:16.7%"] t=1791487439559
EPOCH_LOCKS epoch=0 continued=0 kinds={"locks=1 kind=Some(Recovery) nc_here=true saved=true": 21} t=1791487439559
EPOCH_OMITTED epoch=0 instances=44 retained=21 t=1791487439559
EPOCH_CLOSED epoch=0 round=0 value=767F6FE044646C5426267231C006CCEAFD948214CB1D276DC80231F3540639C6 state=1AA636E7FA7A1081093C366A02B50A3AB499B75B2AF55C91D5930D2C6151925C t=1791487439559
EPOCH_COMMITTEE derived_by=0 members=6 accounts=7220 n=6 digest=95D409445152DD075E6A4799205DFA5689496EB8EE1A22AC2A200B9DBC2DCF27 shares=["735FE217:16.7%", "A353E45E:16.7%", "D315857C:16.7%", "911999B2:16.7%", "633D9D61:16.7%", "65A90023:16.7%"] t=1791487439562
EPOCH_LOCKS epoch=0 continued=0 kinds={"locks=1 kind=Some(Recovery) nc_here=true saved=true": 21} t=1791487439562
EPOCH_OMITTED epoch=0 instances=44 retained=21 t=1791487439562
EPOCH_CLOSED epoch=0 round=0 value=767F6FE044646C5426267231C006CCEAFD948214CB1D276DC80231F3540639C6 state=1AA636E7FA7A1081093C366A02B50A3AB499B75B2AF55C91D5930D2C6151925C t=1791487439562
EPOCH_COMMITTEE derived_by=0 members=6 accounts=7220 n=6 digest=95D409445152DD075E6A4799205DFA5689496EB8EE1A22AC2A200B9DBC2DCF27 shares=["735FE217:16.7%", "A353E45E:16.7%", "D315857C:16.7%", "911999B2:16.7%", "633D9D61:16.7%", "65A90023:16.7%"] t=1791487439563
EPOCH_LOCKS epoch=0 continued=0 kinds={"locks=1 kind=Some(Recovery) nc_here=true saved=true": 21} t=1791487439564
EPOCH_OMITTED epoch=0 instances=44 retained=21 t=1791487439564
EPOCH_CLOSED epoch=0 round=0 value=767F6FE044646C5426267231C006CCEAFD948214CB1D276DC80231F3540639C6 state=1AA636E7FA7A1081093C366A02B50A3AB499B75B2AF55C91D5930D2C6151925C t=1791487439564
EPOCH_COMMITTEE derived_by=0 members=6 accounts=7220 n=6 digest=95D409445152DD075E6A4799205DFA5689496EB8EE1A22AC2A200B9DBC2DCF27 shares=["735FE217:16.7%", "A353E45E:16.7%", "D315857C:16.7%", "911999B2:16.7%", "633D9D61:16.7%", "65A90023:16.7%"] t=1791487439566
EPOCH_LOCKS epoch=0 continued=0 kinds={"locks=1 kind=Some(Recovery) nc_here=true saved=true": 21} t=1791487439567
EPOCH_OMITTED epoch=0 instances=44 retained=21 t=1791487439567
EPOCH_CLOSED epoch=0 round=0 value=767F6FE044646C5426267231C006CCEAFD948214CB1D276DC80231F3540639C6 state=1AA636E7FA7A1081093C366A02B50A3AB499B75B2AF55C91D5930D2C6151925C t=1791487439567
EPOCH_COMMITTEE derived_by=0 members=6 accounts=7220 n=6 digest=95D409445152DD075E6A4799205DFA5689496EB8EE1A22AC2A200B9DBC2DCF27 shares=["735FE217:16.7%", "A353E45E:16.7%", "D315857C:16.7%", "911999B2:16.7%", "633D9D61:16.7%", "65A90023:16.7%"] t=1791487439568
EPOCH_LOCKS epoch=0 continued=0 kinds={"locks=1 kind=Some(Recovery) nc_here=true saved=true": 21} t=1791487439569
EPOCH_OMITTED epoch=0 instances=44 retained=21 t=1791487439569
EPOCH_CLOSED epoch=0 round=0 value=767F6FE044646C5426267231C006CCEAFD948214CB1D276DC80231F3540639C6 state=1AA636E7FA7A1081093C366A02B50A3AB499B75B2AF55C91D5930D2C6151925C t=1791487439569
EPOCH_VALIDATE_TIMING epoch=0 evidence_ms=43 build_ms=74 t=1791487439587
EPOCH_VALIDATE_TIMING epoch=0 evidence_ms=43 build_ms=75 t=1791487439589
EPOCH_INSTALLED epoch=0 finalized=15801 cemented=15801 queued=0 missing=0 t=1791487439603
EPOCH_RETAINED epoch=0 retained=185 held=185 missing=0 t=1791487439603
EPOCH_EVIDENCE_RELEASED epoch=0 t=1791487439610
EPOCH_EVIDENCE_RELEASED epoch=0 t=1791487439612
EPOCH_EVIDENCE_RELEASED epoch=0 t=1791487439614
EPOCH_EVIDENCE_RELEASED epoch=0 t=1791487439615
EPOCH_EVIDENCE_RELEASED epoch=0 t=1791487439617
EPOCH_EVIDENCE_RELEASED epoch=0 t=1791487439669
EPOCH_INSTALLED epoch=0 finalized=15801 cemented=15801 queued=0 missing=0 t=1791487439742
EPOCH_RETAINED epoch=0 retained=185 held=185 missing=0 t=1791487439742
EPOCH_INSTALLED epoch=0 finalized=15801 cemented=15801 queued=0 missing=0 t=1791487439745
EPOCH_RETAINED epoch=0 retained=185 held=185 missing=0 t=1791487439745
EPOCH_INSTALLED epoch=0 finalized=15801 cemented=15801 queued=0 missing=0 t=1791487439750
EPOCH_RETAINED epoch=0 retained=185 held=185 missing=0 t=1791487439750
EPOCH_INSTALLED epoch=0 finalized=15801 cemented=15801 queued=0 missing=0 t=1791487439754
EPOCH_RETAINED epoch=0 retained=185 held=185 missing=0 t=1791487439754
EPOCH_INSTALLED epoch=0 finalized=15801 cemented=15801 queued=0 missing=0 t=1791487439761
EPOCH_RETAINED epoch=0 retained=185 held=185 missing=0 t=1791487439761
2026-10-08T19:24:00.419268Z  INFO nanospam::app: Confirmed 21,824 blocks | 2,000 bps | 1,912 cps | avg conf time: 178 ms
2026-10-08T19:24:01.421167Z  INFO nanospam::app: Confirmed 23,751 blocks | 2,000 bps | 1,903 cps | avg conf time: 102 ms
2026-10-08T19:24:02.423137Z  INFO nanospam::app: Confirmed 25,732 blocks | 2,000 bps | 1,979 cps | avg conf time: 95 ms
2026-10-08T19:24:03.424880Z  INFO nanospam::app: Confirmed 27,577 blocks | 2,000 bps | 1,842 cps | avg conf time: 101 ms
2026-10-08T19:24:04.426544Z  INFO nanospam::app: Confirmed 29,441 blocks | 2,000 bps | 1,862 cps | avg conf time: 99 ms
EPOCH_ENDED epoch=1 elections=227 active=156 t=1791487445189
EPOCH_ENDED epoch=1 elections=223 active=152 t=1791487445190
EPOCH_ENDED epoch=1 elections=229 active=158 t=1791487445190
EPOCH_ENDED epoch=1 elections=227 active=156 t=1791487445190
EPOCH_ENDED epoch=1 elections=229 active=158 t=1791487445190
EPOCH_ENDED epoch=1 elections=224 active=153 t=1791487445190
EPOCH_CARRIED epoch=1 instances=206 split=0 t=1791487445231
EPOCH_ADVANCED epoch=2 elections=433 active=362 vote_records=365299 t=1791487445231
EPOCH_CARRIED epoch=1 instances=202 split=0 t=1791487445237
EPOCH_ADVANCED epoch=2 elections=425 active=354 vote_records=365303 t=1791487445237
EPOCH_CARRIED epoch=1 instances=203 split=0 t=1791487445240
EPOCH_ADVANCED epoch=2 elections=427 active=356 vote_records=365303 t=1791487445240
EPOCH_CARRIED epoch=1 instances=208 split=0 t=1791487445241
EPOCH_ADVANCED epoch=2 elections=437 active=366 vote_records=365299 t=1791487445241
EPOCH_CARRIED epoch=1 instances=208 split=0 t=1791487445243
EPOCH_ADVANCED epoch=2 elections=437 active=366 vote_records=365298 t=1791487445243
EPOCH_CLOSE_UNREADY epoch=1 short_of=reports usable=0 weight=0 required=5 held=0 theirs=[] t=1791487445262
EPOCH_CLOSE_UNREADY epoch=1 short_of=reports usable=0 weight=0 required=5 held=0 theirs=[] t=1791487445268
EPOCH_CLOSE_UNREADY epoch=1 short_of=reports usable=0 weight=0 required=5 held=0 theirs=[] t=1791487445276
EPOCH_CLOSE_UNREADY epoch=1 short_of=reports usable=0 weight=0 required=5 held=0 theirs=[] t=1791487445298
EPOCH_REPORT epoch=1 certified=31059 residual=141 root=2E32D19AB40323E2BD9A7889E3D0AD69B7D759B7DEA6FAD78FB317E08B2610EB reports=1 t=1791487445350
EPOCH_REPORT epoch=1 certified=31059 residual=141 root=2E32D19AB40323E2BD9A7889E3D0AD69B7D759B7DEA6FAD78FB317E08B2610EB reports=1 t=1791487445351
EPOCH_REPORT epoch=1 certified=31059 residual=152 root=2E32D19AB40323E2BD9A7889E3D0AD69B7D759B7DEA6FAD78FB317E08B2610EB reports=1 t=1791487445371
2026-10-08T19:24:05.427973Z  INFO nanospam::app: Confirmed 30,944 blocks | 2,000 bps | 1,501 cps | avg conf time: 108 ms
EPOCH_RECONCILED epoch=1 reporter=911999B2AEFA7ACC66EBD802B3301FF6CE431405107749D940277955CB7FDD07 complete=false entries=0 total=31059 symbols=0 dropped=false t=1791487445459
EPOCH_RECONCILED epoch=1 reporter=911999B2AEFA7ACC66EBD802B3301FF6CE431405107749D940277955CB7FDD07 complete=true entries=152 total=152 symbols=0 dropped=false t=1791487445463
EPOCH_REPORT epoch=1 certified=31059 residual=129 root=2E32D19AB40323E2BD9A7889E3D0AD69B7D759B7DEA6FAD78FB317E08B2610EB reports=1 t=1791487445489
EPOCH_RECONCILED epoch=1 reporter=735FE217D91E88EA82324C5883296385FA0041C2FAC85C827BAA46DA1E14B83F complete=false entries=0 total=31059 symbols=0 dropped=false t=1791487445494
EPOCH_RECONCILED epoch=1 reporter=735FE217D91E88EA82324C5883296385FA0041C2FAC85C827BAA46DA1E14B83F complete=true entries=141 total=141 symbols=0 dropped=false t=1791487445553
EPOCH_CARRIED epoch=1 instances=206 split=0 t=1791487445583
EPOCH_ADVANCED epoch=2 elections=433 active=362 vote_records=365299 t=1791487445583
EPOCH_REPORT epoch=1 certified=31059 residual=131 root=2E32D19AB40323E2BD9A7889E3D0AD69B7D759B7DEA6FAD78FB317E08B2610EB reports=1 t=1791487445588
EPOCH_RECONCILED epoch=1 reporter=911999B2AEFA7ACC66EBD802B3301FF6CE431405107749D940277955CB7FDD07 complete=false entries=0 total=31059 symbols=0 dropped=false t=1791487445600
EPOCH_RECONCILED epoch=1 reporter=911999B2AEFA7ACC66EBD802B3301FF6CE431405107749D940277955CB7FDD07 complete=false entries=0 total=31059 symbols=0 dropped=false t=1791487445622
EPOCH_RECONCILED epoch=1 reporter=911999B2AEFA7ACC66EBD802B3301FF6CE431405107749D940277955CB7FDD07 complete=true entries=152 total=152 symbols=0 dropped=false t=1791487445626
EPOCH_RECONCILED epoch=1 reporter=65A90023F6C0D2181AAA63F005D81BBC0C04650505E21D5123F9AE1F9E992BFF complete=false entries=0 total=31059 symbols=0 dropped=false t=1791487445627
EPOCH_RECONCILED epoch=1 reporter=911999B2AEFA7ACC66EBD802B3301FF6CE431405107749D940277955CB7FDD07 complete=true entries=152 total=152 symbols=0 dropped=false t=1791487445649
EPOCH_RECONCILED epoch=1 reporter=65A90023F6C0D2181AAA63F005D81BBC0C04650505E21D5123F9AE1F9E992BFF complete=false entries=0 total=31059 symbols=0 dropped=false t=1791487445649
EPOCH_RECONCILED epoch=1 reporter=65A90023F6C0D2181AAA63F005D81BBC0C04650505E21D5123F9AE1F9E992BFF complete=false entries=0 total=31059 symbols=0 dropped=false t=1791487445650
EPOCH_RECONCILED epoch=1 reporter=65A90023F6C0D2181AAA63F005D81BBC0C04650505E21D5123F9AE1F9E992BFF complete=true entries=141 total=141 symbols=0 dropped=false t=1791487445653
EPOCH_RECONCILED epoch=1 reporter=65A90023F6C0D2181AAA63F005D81BBC0C04650505E21D5123F9AE1F9E992BFF complete=true entries=141 total=141 symbols=0 dropped=false t=1791487445654
EPOCH_RECONCILED epoch=1 reporter=911999B2AEFA7ACC66EBD802B3301FF6CE431405107749D940277955CB7FDD07 complete=false entries=0 total=31059 symbols=0 dropped=false t=1791487445655
EPOCH_RECONCILED epoch=1 reporter=735FE217D91E88EA82324C5883296385FA0041C2FAC85C827BAA46DA1E14B83F complete=false entries=0 total=31059 symbols=0 dropped=false t=1791487445655
EPOCH_RECONCILED epoch=1 reporter=735FE217D91E88EA82324C5883296385FA0041C2FAC85C827BAA46DA1E14B83F complete=true entries=141 total=141 symbols=0 dropped=false t=1791487445659
EPOCH_RECONCILED epoch=1 reporter=D315857CE70C54DE713F6E82E5613BB3A1266C15E28AD2F4338C7BBEC456F532 complete=false entries=0 total=31059 symbols=0 dropped=false t=1791487445664
EPOCH_RECONCILED epoch=1 reporter=D315857CE70C54DE713F6E82E5613BB3A1266C15E28AD2F4338C7BBEC456F532 complete=true entries=131 total=131 symbols=0 dropped=false t=1791487445668
EPOCH_RECONCILED epoch=1 reporter=65A90023F6C0D2181AAA63F005D81BBC0C04650505E21D5123F9AE1F9E992BFF complete=false entries=0 total=31059 symbols=0 dropped=false t=1791487445669
EPOCH_RECONCILED epoch=1 reporter=911999B2AEFA7ACC66EBD802B3301FF6CE431405107749D940277955CB7FDD07 complete=true entries=152 total=152 symbols=0 dropped=false t=1791487445672
EPOCH_RECONCILED epoch=1 reporter=633D9D614858AB1710D5D8C3180E2A082DC97208BA8C26BA6C6D1A86C8E31CC0 complete=false entries=0 total=31059 symbols=0 dropped=false t=1791487445673
EPOCH_RECONCILED epoch=1 reporter=633D9D614858AB1710D5D8C3180E2A082DC97208BA8C26BA6C6D1A86C8E31CC0 complete=true entries=129 total=129 symbols=0 dropped=false t=1791487445676
EPOCH_RECONCILED epoch=1 reporter=65A90023F6C0D2181AAA63F005D81BBC0C04650505E21D5123F9AE1F9E992BFF complete=true entries=141 total=141 symbols=0 dropped=false t=1791487445683
EPOCH_RECONCILED epoch=1 reporter=65A90023F6C0D2181AAA63F005D81BBC0C04650505E21D5123F9AE1F9E992BFF complete=true entries=141 total=141 symbols=0 dropped=false t=1791487445686
EPOCH_RECONCILED epoch=1 reporter=735FE217D91E88EA82324C5883296385FA0041C2FAC85C827BAA46DA1E14B83F complete=false entries=0 total=31059 symbols=0 dropped=false t=1791487445688
EPOCH_RECONCILED epoch=1 reporter=633D9D614858AB1710D5D8C3180E2A082DC97208BA8C26BA6C6D1A86C8E31CC0 complete=false entries=0 total=31059 symbols=0 dropped=false t=1791487445708
EPOCH_RECONCILED epoch=1 reporter=633D9D614858AB1710D5D8C3180E2A082DC97208BA8C26BA6C6D1A86C8E31CC0 complete=true entries=129 total=129 symbols=0 dropped=false t=1791487445716
EPOCH_RECONCILED epoch=1 reporter=735FE217D91E88EA82324C5883296385FA0041C2FAC85C827BAA46DA1E14B83F complete=false entries=0 total=31059 symbols=0 dropped=false t=1791487445718
EPOCH_RECONCILED epoch=1 reporter=735FE217D91E88EA82324C5883296385FA0041C2FAC85C827BAA46DA1E14B83F complete=true entries=141 total=141 symbols=0 dropped=false t=1791487445721
EPOCH_CLOSE_UNREADY epoch=1 short_of=reports usable=3 weight=3 required=5 held=4 theirs=["D315857C:2E32D19A:16862D44", "633D9D61:2E32D19A:77B1EDF5", "911999B2:2E32D19A:026B0EEB", "735FE217:2E32D19A:00A2CB47"] t=1791487445837
EPOCH_RECONCILED epoch=1 reporter=735FE217D91E88EA82324C5883296385FA0041C2FAC85C827BAA46DA1E14B83F complete=true entries=141 total=141 symbols=0 dropped=false t=1791487445865
EPOCH_RECONCILED epoch=1 reporter=633D9D614858AB1710D5D8C3180E2A082DC97208BA8C26BA6C6D1A86C8E31CC0 complete=false entries=0 total=31059 symbols=0 dropped=false t=1791487445868
EPOCH_RECONCILED epoch=1 reporter=633D9D614858AB1710D5D8C3180E2A082DC97208BA8C26BA6C6D1A86C8E31CC0 complete=true entries=129 total=129 symbols=0 dropped=false t=1791487445897
EPOCH_RECONCILED epoch=1 reporter=D315857CE70C54DE713F6E82E5613BB3A1266C15E28AD2F4338C7BBEC456F532 complete=false entries=0 total=31059 symbols=0 dropped=false t=1791487446199
EPOCH_RECONCILED epoch=1 reporter=D315857CE70C54DE713F6E82E5613BB3A1266C15E28AD2F4338C7BBEC456F532 complete=true entries=131 total=131 symbols=0 dropped=false t=1791487446226
EPOCH_RECONCILED epoch=1 reporter=633D9D614858AB1710D5D8C3180E2A082DC97208BA8C26BA6C6D1A86C8E31CC0 complete=false entries=0 total=31059 symbols=0 dropped=false t=1791487446227
EPOCH_RECONCILED epoch=1 reporter=633D9D614858AB1710D5D8C3180E2A082DC97208BA8C26BA6C6D1A86C8E31CC0 complete=true entries=129 total=129 symbols=0 dropped=false t=1791487446232
EPOCH_CLOSE_UNREADY epoch=1 short_of=reports usable=4 weight=4 required=5 held=4 theirs=["633D9D61:2E32D19A:77B1EDF5", "911999B2:2E32D19A:026B0EEB", "65A90023:2E32D19A:138D8C90", "D315857C:2E32D19A:16862D44"] t=1791487446291
EPOCH_CLOSE_READY epoch=1 t=1791487446294
EPOCH_CLOSE_ROUND epoch=1 round=0 leader=65A90023F6C0D2181AAA63F005D81BBC0C04650505E21D5123F9AE1F9E992BFF leads=false t=1791487446294
EPOCH_REPORT epoch=1 certified=31059 residual=122 root=2E32D19AB40323E2BD9A7889E3D0AD69B7D759B7DEA6FAD78FB317E08B2610EB reports=1 t=1791487446315
2026-10-08T19:24:06.429402Z  INFO nanospam::app: Confirmed 32,893 blocks | 2,000 bps | 1,947 cps | avg conf time: 453 ms
EPOCH_RECONCILED epoch=1 reporter=D315857CE70C54DE713F6E82E5613BB3A1266C15E28AD2F4338C7BBEC456F532 complete=false entries=0 total=31059 symbols=0 dropped=false t=1791487446475
EPOCH_RECONCILED epoch=1 reporter=D315857CE70C54DE713F6E82E5613BB3A1266C15E28AD2F4338C7BBEC456F532 complete=true entries=131 total=131 symbols=0 dropped=false t=1791487446492
EPOCH_CLOSE_READY epoch=1 t=1791487446503
EPOCH_CLOSE_ROUND epoch=1 round=0 leader=65A90023F6C0D2181AAA63F005D81BBC0C04650505E21D5123F9AE1F9E992BFF leads=false t=1791487446582
EPOCH_CLOSE_UNREADY epoch=1 short_of=reports usable=1 weight=1 required=5 held=5 theirs=["65A90023:2E32D19A:138D8C90", "911999B2:2E32D19A:026B0EEB", "D315857C:2E32D19A:16862D44", "735FE217:2E32D19A:00A2CB47", "633D9D61:2E32D19A:77B1EDF5"] t=1791487446586
EPOCH_CLOSE_READY epoch=1 t=1791487446634
EPOCH_RECONCILED epoch=1 reporter=65A90023F6C0D2181AAA63F005D81BBC0C04650505E21D5123F9AE1F9E992BFF complete=false entries=222 total=31059 symbols=364 dropped=false t=1791487446674
EPOCH_RECONCILED epoch=1 reporter=911999B2AEFA7ACC66EBD802B3301FF6CE431405107749D940277955CB7FDD07 complete=false entries=222 total=31059 symbols=364 dropped=false t=1791487446674
EPOCH_RECONCILED epoch=1 reporter=D315857CE70C54DE713F6E82E5613BB3A1266C15E28AD2F4338C7BBEC456F532 complete=false entries=222 total=31059 symbols=364 dropped=false t=1791487446674
EPOCH_RECONCILED epoch=1 reporter=735FE217D91E88EA82324C5883296385FA0041C2FAC85C827BAA46DA1E14B83F complete=false entries=222 total=31059 symbols=364 dropped=false t=1791487446674
EPOCH_RECONCILED epoch=1 reporter=633D9D614858AB1710D5D8C3180E2A082DC97208BA8C26BA6C6D1A86C8E31CC0 complete=false entries=222 total=31059 symbols=364 dropped=false t=1791487446674
EPOCH_RECONCILED epoch=1 reporter=D315857CE70C54DE713F6E82E5613BB3A1266C15E28AD2F4338C7BBEC456F532 complete=false entries=0 total=31059 symbols=0 dropped=false t=1791487446728
EPOCH_RECONCILED epoch=1 reporter=A353E45E6D0016CAEED0DFA4EC5B0640E2AA22A793F9F2375E77F1AB92977C04 complete=false entries=0 total=31059 symbols=0 dropped=false t=1791487446776
EPOCH_RECONCILED epoch=1 reporter=D315857CE70C54DE713F6E82E5613BB3A1266C15E28AD2F4338C7BBEC456F532 complete=true entries=131 total=131 symbols=0 dropped=false t=1791487446779
EPOCH_RECONCILED epoch=1 reporter=A353E45E6D0016CAEED0DFA4EC5B0640E2AA22A793F9F2375E77F1AB92977C04 complete=false entries=0 total=31059 symbols=0 dropped=false t=1791487446782
EPOCH_CLOSE_READY epoch=1 t=1791487446897
EPOCH_CLOSE_ROUND epoch=1 round=0 leader=65A90023F6C0D2181AAA63F005D81BBC0C04650505E21D5123F9AE1F9E992BFF leads=false t=1791487446899
EPOCH_RECONCILED epoch=1 reporter=65A90023F6C0D2181AAA63F005D81BBC0C04650505E21D5123F9AE1F9E992BFF complete=true entries=141 total=141 symbols=0 dropped=false t=1791487446903
EPOCH_RECONCILED epoch=1 reporter=A353E45E6D0016CAEED0DFA4EC5B0640E2AA22A793F9F2375E77F1AB92977C04 complete=true entries=122 total=122 symbols=0 dropped=false t=1791487446917
EPOCH_RECONCILED epoch=1 reporter=A353E45E6D0016CAEED0DFA4EC5B0640E2AA22A793F9F2375E77F1AB92977C04 complete=true entries=122 total=122 symbols=0 dropped=false t=1791487446919
EPOCH_RECONCILED epoch=1 reporter=911999B2AEFA7ACC66EBD802B3301FF6CE431405107749D940277955CB7FDD07 complete=true entries=152 total=152 symbols=0 dropped=false t=1791487446923
EPOCH_RECONCILED epoch=1 reporter=D315857CE70C54DE713F6E82E5613BB3A1266C15E28AD2F4338C7BBEC456F532 complete=true entries=131 total=131 symbols=0 dropped=false t=1791487446926
EPOCH_RECONCILED epoch=1 reporter=735FE217D91E88EA82324C5883296385FA0041C2FAC85C827BAA46DA1E14B83F complete=true entries=141 total=141 symbols=0 dropped=false t=1791487446972
EPOCH_RECONCILED epoch=1 reporter=633D9D614858AB1710D5D8C3180E2A082DC97208BA8C26BA6C6D1A86C8E31CC0 complete=true entries=129 total=129 symbols=0 dropped=false t=1791487446994
EPOCH_RECONCILED epoch=1 reporter=A353E45E6D0016CAEED0DFA4EC5B0640E2AA22A793F9F2375E77F1AB92977C04 complete=false entries=0 total=31059 symbols=0 dropped=false t=1791487447017
EPOCH_RECONCILED epoch=1 reporter=A353E45E6D0016CAEED0DFA4EC5B0640E2AA22A793F9F2375E77F1AB92977C04 complete=true entries=122 total=122 symbols=0 dropped=false t=1791487447034
EPOCH_RECONCILED epoch=1 reporter=A353E45E6D0016CAEED0DFA4EC5B0640E2AA22A793F9F2375E77F1AB92977C04 complete=false entries=0 total=31059 symbols=0 dropped=false t=1791487447104
EPOCH_RECONCILED epoch=1 reporter=A353E45E6D0016CAEED0DFA4EC5B0640E2AA22A793F9F2375E77F1AB92977C04 complete=true entries=122 total=122 symbols=0 dropped=false t=1791487447107
EPOCH_CLOSE_READY epoch=1 t=1791487447266
EPOCH_CLOSE_ROUND epoch=1 round=0 leader=65A90023F6C0D2181AAA63F005D81BBC0C04650505E21D5123F9AE1F9E992BFF leads=false t=1791487447278
2026-10-08T19:24:07.431355Z  INFO nanospam::app: Confirmed 34,831 blocks | 2,000 bps | 1,935 cps | avg conf time: 231 ms
EPOCH_CLOSE_READY epoch=1 t=1791487447757
EPOCH_CLOSE_ROUND epoch=1 round=0 leader=65A90023F6C0D2181AAA63F005D81BBC0C04650505E21D5123F9AE1F9E992BFF leads=false t=1791487447759
EPOCH_DERIVE_TIMING epoch=1 claims=30488 claim_ms=141 manifest_ms=15 build_ms=1006 t=1791487448082
EPOCH_PROPOSED epoch=1 round=0 value=B116FE08B65E78C978B1E04B31D59DD7E9F1108E9892B59CEBB0CD7D22536234 state=2546EAF5A626EA32AD2F114648A19E68421AB679835D3D8850460DF3CF35CF16 reports=5 t=1791487448085
EPOCH_VALUE epoch=1 value=B116FE08B65E78C978B1E04B31D59DD7E9F1108E9892B59CEBB0CD7D22536234 state=2546EAF5A626EA32AD2F114648A19E68421AB679835D3D8850460DF3CF35CF16 t=1791487448086
EPOCH_CLOSE_ROUND epoch=1 round=0 leader=65A90023F6C0D2181AAA63F005D81BBC0C04650505E21D5123F9AE1F9E992BFF leads=true t=1791487448097
2026-10-08T19:24:08.432204Z  INFO nanospam::app: Confirmed 36,749 blocks | 2,000 bps | 1,917 cps | avg conf time: 207 ms
EPOCH_RECONCILED epoch=1 reporter=A353E45E6D0016CAEED0DFA4EC5B0640E2AA22A793F9F2375E77F1AB92977C04 complete=false entries=0 total=31059 symbols=0 dropped=false t=1791487448507
EPOCH_RECONCILED epoch=1 reporter=A353E45E6D0016CAEED0DFA4EC5B0640E2AA22A793F9F2375E77F1AB92977C04 complete=true entries=122 total=122 symbols=0 dropped=false t=1791487448534
EPOCH_VALIDATE_TIMING epoch=1 evidence_ms=500 build_ms=638 t=1791487449229
EPOCH_VALUE epoch=1 value=B116FE08B65E78C978B1E04B31D59DD7E9F1108E9892B59CEBB0CD7D22536234 state=2546EAF5A626EA32AD2F114648A19E68421AB679835D3D8850460DF3CF35CF16 t=1791487449235
EPOCH_VALIDATE_TIMING epoch=1 evidence_ms=508 build_ms=720 t=1791487449321
EPOCH_VALUE epoch=1 value=B116FE08B65E78C978B1E04B31D59DD7E9F1108E9892B59CEBB0CD7D22536234 state=2546EAF5A626EA32AD2F114648A19E68421AB679835D3D8850460DF3CF35CF16 t=1791487449322
EPOCH_VALIDATE_TIMING epoch=1 evidence_ms=423 build_ms=824 t=1791487449337
EPOCH_VALUE epoch=1 value=B116FE08B65E78C978B1E04B31D59DD7E9F1108E9892B59CEBB0CD7D22536234 state=2546EAF5A626EA32AD2F114648A19E68421AB679835D3D8850460DF3CF35CF16 t=1791487449341
EPOCH_VALIDATE_TIMING epoch=1 evidence_ms=560 build_ms=715 t=1791487449366
EPOCH_VALUE epoch=1 value=B116FE08B65E78C978B1E04B31D59DD7E9F1108E9892B59CEBB0CD7D22536234 state=2546EAF5A626EA32AD2F114648A19E68421AB679835D3D8850460DF3CF35CF16 t=1791487449367
2026-10-08T19:24:09.434067Z  INFO nanospam::app: Confirmed 38,518 blocks | 2,000 bps | 1,766 cps | avg conf time: 231 ms
EPOCH_VALIDATE_TIMING epoch=1 evidence_ms=545 build_ms=802 t=1791487449438
EPOCH_VALUE epoch=1 value=B116FE08B65E78C978B1E04B31D59DD7E9F1108E9892B59CEBB0CD7D22536234 state=2546EAF5A626EA32AD2F114648A19E68421AB679835D3D8850460DF3CF35CF16 t=1791487449440
EPOCH_INSTALL epoch=1 finalized=15193 instances_confirmed=21 t=1791487449453
EPOCH_INSTALL epoch=1 finalized=15193 instances_confirmed=21 t=1791487449453
EPOCH_LATE_NOTAR epoch=1 blocks=7796 notarized=7688 cast=11635 t=1791487449455
EPOCH_LATE_NOTAR epoch=1 blocks=7796 notarized=7688 cast=11196 t=1791487449456
EPOCH_GATE epoch=2 released=333 finalized=0 t=1791487449456
EPOCH_GATE epoch=2 released=333 finalized=0 t=1791487449456
EPOCH_INSTALL epoch=1 finalized=15193 instances_confirmed=21 t=1791487449458
EPOCH_LATE_NOTAR epoch=1 blocks=7796 notarized=7688 cast=11964 t=1791487449462
EPOCH_INSTALL epoch=1 finalized=15193 instances_confirmed=21 t=1791487449463
EPOCH_GATE epoch=2 released=333 finalized=0 t=1791487449463
EPOCH_INSTALL epoch=1 finalized=15193 instances_confirmed=21 t=1791487449468
EPOCH_LATE_NOTAR epoch=1 blocks=7796 notarized=7688 cast=11649 t=1791487449469
EPOCH_GATE epoch=2 released=333 finalized=0 t=1791487449470
EPOCH_LATE_NOTAR epoch=1 blocks=7796 notarized=7688 cast=11489 t=1791487449471
EPOCH_GATE epoch=2 released=333 finalized=0 t=1791487449472
EPOCH_COMMITTEE derived_by=1 members=6 accounts=13079 n=6 digest=95D409445152DD075E6A4799205DFA5689496EB8EE1A22AC2A200B9DBC2DCF27 shares=["735FE217:16.7%", "A353E45E:16.7%", "D315857C:16.7%", "911999B2:16.7%", "633D9D61:16.7%", "65A90023:16.7%"] t=1791487449486
EPOCH_LOCKS epoch=1 continued=0 kinds={"locks=1 kind=Some(Recovery) nc_here=false saved=true": 9, "locks=1 kind=Some(Recovery) nc_here=true saved=true": 2} t=1791487449486
EPOCH_OMITTED epoch=1 instances=18 retained=11 t=1791487449486
EPOCH_CLOSED epoch=1 round=0 value=B116FE08B65E78C978B1E04B31D59DD7E9F1108E9892B59CEBB0CD7D22536234 state=2546EAF5A626EA32AD2F114648A19E68421AB679835D3D8850460DF3CF35CF16 t=1791487449486
EPOCH_INSTALL epoch=1 finalized=15193 instances_confirmed=21 t=1791487449492
EPOCH_LATE_NOTAR epoch=1 blocks=7796 notarized=7688 cast=11918 t=1791487449494
EPOCH_GATE epoch=2 released=138 finalized=0 t=1791487449495
EPOCH_COMMITTEE derived_by=1 members=6 accounts=13079 n=6 digest=95D409445152DD075E6A4799205DFA5689496EB8EE1A22AC2A200B9DBC2DCF27 shares=["735FE217:16.7%", "A353E45E:16.7%", "D315857C:16.7%", "911999B2:16.7%", "633D9D61:16.7%", "65A90023:16.7%"] t=1791487449497
EPOCH_LOCKS epoch=1 continued=0 kinds={"locks=1 kind=Some(Recovery) nc_here=false saved=true": 9, "locks=1 kind=Some(Recovery) nc_here=true saved=true": 2} t=1791487449497
EPOCH_OMITTED epoch=1 instances=18 retained=11 t=1791487449497
EPOCH_CLOSED epoch=1 round=0 value=B116FE08B65E78C978B1E04B31D59DD7E9F1108E9892B59CEBB0CD7D22536234 state=2546EAF5A626EA32AD2F114648A19E68421AB679835D3D8850460DF3CF35CF16 t=1791487449497
EPOCH_COMMITTEE derived_by=1 members=6 accounts=13079 n=6 digest=95D409445152DD075E6A4799205DFA5689496EB8EE1A22AC2A200B9DBC2DCF27 shares=["735FE217:16.7%", "A353E45E:16.7%", "D315857C:16.7%", "911999B2:16.7%", "633D9D61:16.7%", "65A90023:16.7%"] t=1791487449508
EPOCH_LOCKS epoch=1 continued=0 kinds={"locks=1 kind=Some(Recovery) nc_here=false saved=true": 9, "locks=1 kind=Some(Recovery) nc_here=true saved=true": 2} t=1791487449508
EPOCH_OMITTED epoch=1 instances=18 retained=11 t=1791487449508
EPOCH_CLOSED epoch=1 round=0 value=B116FE08B65E78C978B1E04B31D59DD7E9F1108E9892B59CEBB0CD7D22536234 state=2546EAF5A626EA32AD2F114648A19E68421AB679835D3D8850460DF3CF35CF16 t=1791487449508
EPOCH_COMMITTEE derived_by=1 members=6 accounts=13079 n=6 digest=95D409445152DD075E6A4799205DFA5689496EB8EE1A22AC2A200B9DBC2DCF27 shares=["735FE217:16.7%", "A353E45E:16.7%", "D315857C:16.7%", "911999B2:16.7%", "633D9D61:16.7%", "65A90023:16.7%"] t=1791487449531
EPOCH_LOCKS epoch=1 continued=0 kinds={"locks=1 kind=Some(Recovery) nc_here=false saved=true": 9, "locks=1 kind=Some(Recovery) nc_here=true saved=true": 2} t=1791487449531
EPOCH_OMITTED epoch=1 instances=18 retained=11 t=1791487449531
EPOCH_CLOSED epoch=1 round=0 value=B116FE08B65E78C978B1E04B31D59DD7E9F1108E9892B59CEBB0CD7D22536234 state=2546EAF5A626EA32AD2F114648A19E68421AB679835D3D8850460DF3CF35CF16 t=1791487449531
EPOCH_COMMITTEE derived_by=1 members=6 accounts=13079 n=6 digest=95D409445152DD075E6A4799205DFA5689496EB8EE1A22AC2A200B9DBC2DCF27 shares=["735FE217:16.7%", "A353E45E:16.7%", "D315857C:16.7%", "911999B2:16.7%", "633D9D61:16.7%", "65A90023:16.7%"] t=1791487449560
EPOCH_LOCKS epoch=1 continued=0 kinds={"locks=1 kind=Some(Recovery) nc_here=false saved=true": 9, "locks=1 kind=Some(Recovery) nc_here=true saved=true": 2} t=1791487449560
EPOCH_OMITTED epoch=1 instances=18 retained=11 t=1791487449560
EPOCH_CLOSED epoch=1 round=0 value=B116FE08B65E78C978B1E04B31D59DD7E9F1108E9892B59CEBB0CD7D22536234 state=2546EAF5A626EA32AD2F114648A19E68421AB679835D3D8850460DF3CF35CF16 t=1791487449560
EPOCH_EVIDENCE_RELEASED epoch=1 t=1791487449614
EPOCH_INSTALLED epoch=1 finalized=15193 cemented=15193 queued=0 missing=0 t=1791487449621
EPOCH_RETAINED epoch=1 retained=140 held=140 missing=0 t=1791487449621
EPOCH_EVIDENCE_RELEASED epoch=1 t=1791487449629
EPOCH_EVIDENCE_RELEASED epoch=1 t=1791487449632
EPOCH_EVIDENCE_RELEASED epoch=1 t=1791487449633
EPOCH_EVIDENCE_RELEASED epoch=1 t=1791487449658
EPOCH_INSTALLED epoch=1 finalized=15193 cemented=15193 queued=0 missing=0 t=1791487449678
EPOCH_RETAINED epoch=1 retained=140 held=140 missing=0 t=1791487449678
EPOCH_INSTALLED epoch=1 finalized=15193 cemented=15193 queued=0 missing=0 t=1791487449709
EPOCH_RETAINED epoch=1 retained=140 held=140 missing=0 t=1791487449709
EPOCH_INSTALLED epoch=1 finalized=15193 cemented=15193 queued=0 missing=0 t=1791487449717
EPOCH_RETAINED epoch=1 retained=140 held=140 missing=0 t=1791487449717
EPOCH_COMMITTEE derived_by=1 members=6 accounts=13079 n=6 digest=95D409445152DD075E6A4799205DFA5689496EB8EE1A22AC2A200B9DBC2DCF27 shares=["735FE217:16.7%", "A353E45E:16.7%", "D315857C:16.7%", "911999B2:16.7%", "633D9D61:16.7%", "65A90023:16.7%"] t=1791487449718
EPOCH_LOCKS epoch=1 continued=0 kinds={"locks=1 kind=Some(Recovery) nc_here=false saved=true": 9, "locks=1 kind=Some(Recovery) nc_here=true saved=true": 2} t=1791487449719
EPOCH_OMITTED epoch=1 instances=18 retained=11 t=1791487449719
EPOCH_CLOSED epoch=1 round=0 value=B116FE08B65E78C978B1E04B31D59DD7E9F1108E9892B59CEBB0CD7D22536234 state=2546EAF5A626EA32AD2F114648A19E68421AB679835D3D8850460DF3CF35CF16 t=1791487449719
EPOCH_EVIDENCE_RELEASED epoch=1 t=1791487449763
EPOCH_INSTALLED epoch=1 finalized=15193 cemented=15193 queued=0 missing=0 t=1791487449968
EPOCH_RETAINED epoch=1 retained=140 held=140 missing=0 t=1791487449968
EPOCH_INSTALLED epoch=1 finalized=15193 cemented=15193 queued=0 missing=0 t=1791487449971
EPOCH_RETAINED epoch=1 retained=140 held=140 missing=0 t=1791487449971
2026-10-08T19:24:10.435520Z  INFO nanospam::app: Confirmed 40,691 blocks | 2,000 bps | 2,171 cps | avg conf time: 500 ms
2026-10-08T19:24:11.436457Z  INFO nanospam::app: Confirmed 42,538 blocks | 2,000 bps | 1,845 cps | avg conf time: 103 ms
2026-10-08T19:24:12.442528Z  INFO nanospam::app: Confirmed 44,356 blocks | 2,000 bps | 1,815 cps | avg conf time: 111 ms
2026-10-08T19:24:12.831535Z  INFO nanospam::app: Confirming 45000 blocks took 23.43s
2026-10-08T19:24:12.831578Z  INFO nanospam::app: Confirmation rate: 1920 cps
2026-10-08T19:24:12.831587Z  INFO nanospam::app: Average conf time: 170 ms
2026-10-08T19:24:12.831596Z  INFO nanospam::app: Non-fork confirmation rate: 1920 cps (45000 of 45000 non-fork blocks, 0 of 0 forks)
2026-10-08T19:24:12.831751Z  INFO nanospam::app: RAI_BENCH_METRICS {"created":45000,"confirmed":45000,"duration_secs":23.429575958,"confirmation_unit":"primary publication or its confirmed fork alternative","alternative_confirmed":0,"confirmation_histogram_ms":{"34":2,"35":1,"36":1,"37":2,"38":2,"39":2,"40":6,"41":1,"42":2,"43":5,"44":11,"45":12,"46":24,"47":20,"48":18,"49":30,"50":23,"51":30,"52":38,"53":39,"54":54,"55":57,"56":74,"57":83,"58":96,"59":96,"60":111,"61":108,"62":113,"63":132,"64":143,"65":154,"66":167,"67":175,"68":201,"69":192,"70":234,"71":231,"72":249,"73":236,"74":241,"75":253,"76":290,"77":301,"78":324,"79":291,"80":325,"81":364,"82":344,"83":343,"84":338,"85":306,"86":352,"87":415,"88":415,"89":405,"90":393,"91":410,"92":438,"93":449,"94":425,"95":440,"96":457,"97":449,"98":450,"99":490,"100":507,"101":482,"102":511,"103":499,"104":529,"105":545,"106":554,"107":547,"108":512,"109":552,"110":523,"111":547,"112":545,"113":490,"114":511,"115":510,"116":488,"117":435,"118":381,"119":414,"120":345,"121":359,"122":347,"123":319,"124":310,"125":258,"126":261,"127":266,"128":221,"129":222,"130":201,"131":196,"132":188,"133":155,"134":186,"135":171,"136":188,"137":153,"138":141,"139":132,"140":122,"141":138,"142":161,"143":133,"144":134,"145":131,"146":101,"147":106,"148":99,"149":61,"150":64,"151":73,"152":68,"153":71,"154":83,"155":75,"156":68,"157":78,"158":70,"159":96,"160":73,"161":72,"162":82,"163":76,"164":107,"165":97,"166":113,"167":87,"168":97,"169":89,"170":90,"171":101,"172":80,"173":86,"174":82,"175":87,"176":112,"177":103,"178":103,"179":102,"180":99,"181":104,"182":114,"183":102,"184":89,"185":97,"186":87,"187":121,"188":106,"189":101,"190":106,"191":106,"192":98,"193":77,"194":106,"195":101,"196":89,"197":130,"198":108,"199":109,"200":136,"201":122,"202":118,"203":144,"204":124,"205":83,"206":100,"207":73,"208":96,"209":87,"210":59,"211":50,"212":61,"213":89,"214":65,"215":76,"216":78,"217":93,"218":94,"219":83,"220":90,"221":91,"222":124,"223":117,"224":109,"225":108,"226":131,"227":139,"228":124,"229":129,"230":93,"231":99,"232":107,"233":106,"234":87,"235":85,"236":88,"237":78,"238":87,"239":82,"240":79,"241":72,"242":103,"243":78,"244":76,"245":97,"246":73,"247":96,"248":87,"249":79,"250":78,"251":81,"252":60,"253":67,"254":74,"255":59,"256":66,"257":99,"258":94,"259":92,"260":80,"261":86,"262":63,"263":72,"264":56,"265":80,"266":76,"267":73,"268":52,"269":55,"270":77,"271":73,"272":69,"273":83,"274":51,"275":58,"276":33,"277":37,"278":49,"279":82,"280":62,"281":67,"282":57,"283":59,"284":64,"285":53,"286":68,"287":51,"288":41,"289":43,"290":39,"291":47,"292":56,"293":50,"294":51,"295":42,"296":47,"297":56,"298":46,"299":36,"300":37,"301":38,"302":30,"303":21,"304":20,"305":26,"306":29,"307":23,"308":19,"309":22,"310":25,"311":18,"312":16,"313":17,"314":26,"315":39,"316":40,"317":11,"318":13,"319":22,"320":44,"321":24,"322":9,"323":11,"324":8,"325":19,"326":15,"327":15,"328":21,"329":22,"330":18,"331":28,"332":22,"333":17,"334":18,"335":17,"336":22,"337":23,"338":15,"339":16,"340":19,"341":9,"342":12,"343":18,"344":13,"345":13,"346":19,"347":24,"348":20,"349":14,"350":16,"351":11,"352":8,"353":10,"354":11,"355":17,"356":7,"357":3,"358":6,"359":4,"360":3,"361":5,"362":8,"363":5,"364":8,"365":7,"366":3,"367":5,"368":12,"369":30,"370":31,"371":41,"372":25,"373":27,"374":12,"375":10,"376":5,"377":5,"378":8,"379":7,"380":7,"381":5,"382":7,"383":3,"384":4,"385":3,"386":2,"387":9,"388":7,"389":12,"390":3,"391":3,"392":9,"393":10,"394":27,"395":11,"396":7,"397":3,"398":2,"399":1,"400":2,"401":2,"402":2,"403":2,"404":1,"405":3,"406":2,"407":1,"408":2,"410":3,"411":2,"413":2,"415":4,"416":3,"417":3,"419":1,"424":1,"429":1,"430":2,"431":4,"432":3,"435":2,"436":3,"437":2,"438":2,"439":1,"440":2,"441":7,"442":2,"443":2,"444":3,"445":3,"446":3,"447":4,"448":3,"449":3,"450":5,"451":4,"452":3,"453":4,"454":4,"455":7,"456":2,"457":4,"458":3,"459":4,"460":4,"461":4,"462":4,"463":4,"464":2,"465":4,"466":4,"467":4,"468":3,"469":3,"470":4,"471":4,"472":4,"473":3,"474":5,"475":4,"476":3,"477":4,"478":4,"479":4,"480":2,"481":8,"482":9,"483":5,"484":6,"485":9,"486":8,"487":2,"488":2,"489":4,"490":1,"491":1,"492":1,"493":7,"494":6,"495":6,"496":3,"497":5,"498":1,"499":3,"501":2,"502":2,"503":2,"504":2,"505":4,"506":3,"507":1,"508":5,"509":4,"510":6,"511":7,"512":7,"513":6,"514":3,"515":4,"516":4,"517":5,"518":5,"519":4,"520":7,"521":7,"522":4,"523":6,"524":5,"525":7,"526":4,"527":3,"528":5,"529":3,"530":2,"531":7,"532":7,"533":5,"534":5,"535":6,"536":2,"537":9,"538":8,"539":4,"540":11,"541":9,"542":8,"543":5,"544":5,"545":6,"546":5,"547":3,"548":2,"549":2,"550":3,"551":4,"552":2,"553":4,"554":4,"555":5,"556":5,"557":2,"558":4,"559":6,"560":5,"561":5,"562":7,"563":7,"564":6,"565":5,"566":7,"567":5,"568":5,"569":4,"570":1,"571":6,"572":4,"573":3,"574":3,"575":4,"576":4,"577":3,"578":3,"579":3,"580":4,"581":3,"582":5,"583":3,"584":3,"585":3,"586":6,"587":6,"588":4,"589":2,"590":6,"591":5,"592":6,"593":2,"594":5,"595":8,"596":4,"597":8,"598":9,"599":11,"600":12,"601":4,"602":4,"603":1,"604":3,"605":1,"606":3,"607":3,"608":1,"609":8,"610":6,"611":6,"612":8,"613":2,"614":2,"615":3,"616":5,"617":3,"618":4,"619":1,"620":4,"621":3,"622":5,"623":2,"624":2,"625":3,"626":4,"627":9,"628":8,"629":9,"630":11,"631":6,"632":13,"633":9,"634":10,"635":8,"636":11,"637":9,"638":9,"639":7,"640":8,"641":12,"642":12,"643":7,"644":9,"645":13,"646":13,"647":10,"648":7,"649":3,"650":14,"651":5,"652":6,"653":2,"654":1,"655":1,"656":3,"657":4,"658":4,"659":1,"660":1,"661":3,"662":5,"663":1,"664":1,"665":2,"666":2,"667":1,"668":2,"670":3,"671":3,"672":2,"673":5,"674":3,"676":5,"677":5,"678":10,"679":5,"680":4,"681":3,"682":2,"683":1,"684":1,"685":1,"689":1,"690":1,"691":3,"692":2,"693":3,"694":5,"695":1,"696":1,"697":4,"698":2,"699":3,"700":3,"701":2,"702":2,"703":4,"704":11,"705":6,"706":7,"707":3,"708":5,"709":4,"710":3,"711":5,"712":2,"713":6,"714":5,"715":9,"716":4,"717":4,"718":3,"719":3,"720":3,"721":7,"722":7,"723":8,"724":3,"725":2,"726":3,"727":7,"728":4,"729":6,"730":6,"731":2,"732":5,"733":2,"734":2,"735":6,"736":3,"737":9,"738":5,"739":5,"740":4,"741":3,"742":5,"743":2,"744":3,"745":4,"746":3,"747":3,"748":1,"749":7,"750":4,"751":7,"752":7,"753":6,"754":4,"755":13,"756":29,"757":6,"758":4,"759":2,"760":4,"761":6,"762":3,"763":7,"764":5,"765":7,"766":7,"767":3,"768":7,"769":8,"770":8,"771":6,"772":5,"773":5,"774":1,"775":7,"776":3,"777":3,"778":5,"779":4,"780":12,"781":3,"782":2,"783":6,"784":5,"785":3,"786":6,"787":11,"788":9,"789":7,"790":8,"791":7,"792":5,"793":9,"794":5,"795":7,"796":4,"797":2,"798":4,"799":10,"800":6,"801":9,"802":3,"803":7,"804":5,"805":5,"806":7,"807":7,"808":7,"809":4,"810":4,"811":3,"812":3,"813":5,"814":6,"815":3,"816":3,"817":3,"818":4,"819":4,"820":5,"821":5,"822":4,"823":2,"824":3,"825":3,"826":6,"827":3,"828":4,"829":3,"830":3,"831":5,"832":4,"833":2,"834":3,"835":4,"836":3,"837":3,"838":4,"839":4,"840":3,"841":5,"842":4,"843":1,"844":8,"845":8,"846":1,"847":4,"848":2,"849":1,"850":2,"851":2,"852":7,"853":2,"854":3,"855":3,"856":4,"857":1,"858":1,"859":3,"860":6,"861":3,"862":2,"864":6,"865":4,"866":2,"867":5,"868":5,"869":2,"870":2,"871":2,"872":4,"873":1,"874":3,"875":4,"878":2,"879":2,"880":1,"881":3,"882":2,"883":1,"884":1,"885":2,"886":3,"888":3,"889":1,"890":2,"891":2,"892":2,"893":2,"894":2,"895":2,"896":2,"897":2,"898":4,"899":7,"900":8,"902":8,"903":6,"904":2,"908":1,"914":3,"915":8,"916":6,"917":6,"918":7,"919":6,"920":2,"921":3,"922":2,"923":1,"938":1,"939":2,"940":2,"942":2,"943":3,"944":2,"945":2,"946":3,"947":1,"948":1,"949":6,"950":8,"952":6,"953":6,"954":5,"955":4,"956":1,"960":2,"961":2,"963":1,"964":1,"965":3,"966":2},"nonfork_created":45000,"nonfork_confirmed":45000,"nonfork_histogram_ms":{"34":2,"35":1,"36":1,"37":2,"38":2,"39":2,"40":6,"41":1,"42":2,"43":5,"44":11,"45":12,"46":24,"47":20,"48":18,"49":30,"50":23,"51":30,"52":38,"53":39,"54":54,"55":57,"56":74,"57":83,"58":96,"59":96,"60":111,"61":108,"62":113,"63":132,"64":143,"65":154,"66":167,"67":175,"68":201,"69":192,"70":234,"71":231,"72":249,"73":236,"74":241,"75":253,"76":290,"77":301,"78":324,"79":291,"80":325,"81":364,"82":344,"83":343,"84":338,"85":306,"86":352,"87":415,"88":415,"89":405,"90":393,"91":410,"92":438,"93":449,"94":425,"95":440,"96":457,"97":449,"98":450,"99":490,"100":507,"101":482,"102":511,"103":499,"104":529,"105":545,"106":554,"107":547,"108":512,"109":552,"110":523,"111":547,"112":545,"113":490,"114":511,"115":510,"116":488,"117":435,"118":381,"119":414,"120":345,"121":359,"122":347,"123":319,"124":310,"125":258,"126":261,"127":266,"128":221,"129":222,"130":201,"131":196,"132":188,"133":155,"134":186,"135":171,"136":188,"137":153,"138":141,"139":132,"140":122,"141":138,"142":161,"143":133,"144":134,"145":131,"146":101,"147":106,"148":99,"149":61,"150":64,"151":73,"152":68,"153":71,"154":83,"155":75,"156":68,"157":78,"158":70,"159":96,"160":73,"161":72,"162":82,"163":76,"164":107,"165":97,"166":113,"167":87,"168":97,"169":89,"170":90,"171":101,"172":80,"173":86,"174":82,"175":87,"176":112,"177":103,"178":103,"179":102,"180":99,"181":104,"182":114,"183":102,"184":89,"185":97,"186":87,"187":121,"188":106,"189":101,"190":106,"191":106,"192":98,"193":77,"194":106,"195":101,"196":89,"197":130,"198":108,"199":109,"200":136,"201":122,"202":118,"203":144,"204":124,"205":83,"206":100,"207":73,"208":96,"209":87,"210":59,"211":50,"212":61,"213":89,"214":65,"215":76,"216":78,"217":93,"218":94,"219":83,"220":90,"221":91,"222":124,"223":117,"224":109,"225":108,"226":131,"227":139,"228":124,"229":129,"230":93,"231":99,"232":107,"233":106,"234":87,"235":85,"236":88,"237":78,"238":87,"239":82,"240":79,"241":72,"242":103,"243":78,"244":76,"245":97,"246":73,"247":96,"248":87,"249":79,"250":78,"251":81,"252":60,"253":67,"254":74,"255":59,"256":66,"257":99,"258":94,"259":92,"260":80,"261":86,"262":63,"263":72,"264":56,"265":80,"266":76,"267":73,"268":52,"269":55,"270":77,"271":73,"272":69,"273":83,"274":51,"275":58,"276":33,"277":37,"278":49,"279":82,"280":62,"281":67,"282":57,"283":59,"284":64,"285":53,"286":68,"287":51,"288":41,"289":43,"290":39,"291":47,"292":56,"293":50,"294":51,"295":42,"296":47,"297":56,"298":46,"299":36,"300":37,"301":38,"302":30,"303":21,"304":20,"305":26,"306":29,"307":23,"308":19,"309":22,"310":25,"311":18,"312":16,"313":17,"314":26,"315":39,"316":40,"317":11,"318":13,"319":22,"320":44,"321":24,"322":9,"323":11,"324":8,"325":19,"326":15,"327":15,"328":21,"329":22,"330":18,"331":28,"332":22,"333":17,"334":18,"335":17,"336":22,"337":23,"338":15,"339":16,"340":19,"341":9,"342":12,"343":18,"344":13,"345":13,"346":19,"347":24,"348":20,"349":14,"350":16,"351":11,"352":8,"353":10,"354":11,"355":17,"356":7,"357":3,"358":6,"359":4,"360":3,"361":5,"362":8,"363":5,"364":8,"365":7,"366":3,"367":5,"368":12,"369":30,"370":31,"371":41,"372":25,"373":27,"374":12,"375":10,"376":5,"377":5,"378":8,"379":7,"380":7,"381":5,"382":7,"383":3,"384":4,"385":3,"386":2,"387":9,"388":7,"389":12,"390":3,"391":3,"392":9,"393":10,"394":27,"395":11,"396":7,"397":3,"398":2,"399":1,"400":2,"401":2,"402":2,"403":2,"404":1,"405":3,"406":2,"407":1,"408":2,"410":3,"411":2,"413":2,"415":4,"416":3,"417":3,"419":1,"424":1,"429":1,"430":2,"431":4,"432":3,"435":2,"436":3,"437":2,"438":2,"439":1,"440":2,"441":7,"442":2,"443":2,"444":3,"445":3,"446":3,"447":4,"448":3,"449":3,"450":5,"451":4,"452":3,"453":4,"454":4,"455":7,"456":2,"457":4,"458":3,"459":4,"460":4,"461":4,"462":4,"463":4,"464":2,"465":4,"466":4,"467":4,"468":3,"469":3,"470":4,"471":4,"472":4,"473":3,"474":5,"475":4,"476":3,"477":4,"478":4,"479":4,"480":2,"481":8,"482":9,"483":5,"484":6,"485":9,"486":8,"487":2,"488":2,"489":4,"490":1,"491":1,"492":1,"493":7,"494":6,"495":6,"496":3,"497":5,"498":1,"499":3,"501":2,"502":2,"503":2,"504":2,"505":4,"506":3,"507":1,"508":5,"509":4,"510":6,"511":7,"512":7,"513":6,"514":3,"515":4,"516":4,"517":5,"518":5,"519":4,"520":7,"521":7,"522":4,"523":6,"524":5,"525":7,"526":4,"527":3,"528":5,"529":3,"530":2,"531":7,"532":7,"533":5,"534":5,"535":6,"536":2,"537":9,"538":8,"539":4,"540":11,"541":9,"542":8,"543":5,"544":5,"545":6,"546":5,"547":3,"548":2,"549":2,"550":3,"551":4,"552":2,"553":4,"554":4,"555":5,"556":5,"557":2,"558":4,"559":6,"560":5,"561":5,"562":7,"563":7,"564":6,"565":5,"566":7,"567":5,"568":5,"569":4,"570":1,"571":6,"572":4,"573":3,"574":3,"575":4,"576":4,"577":3,"578":3,"579":3,"580":4,"581":3,"582":5,"583":3,"584":3,"585":3,"586":6,"587":6,"588":4,"589":2,"590":6,"591":5,"592":6,"593":2,"594":5,"595":8,"596":4,"597":8,"598":9,"599":11,"600":12,"601":4,"602":4,"603":1,"604":3,"605":1,"606":3,"607":3,"608":1,"609":8,"610":6,"611":6,"612":8,"613":2,"614":2,"615":3,"616":5,"617":3,"618":4,"619":1,"620":4,"621":3,"622":5,"623":2,"624":2,"625":3,"626":4,"627":9,"628":8,"629":9,"630":11,"631":6,"632":13,"633":9,"634":10,"635":8,"636":11,"637":9,"638":9,"639":7,"640":8,"641":12,"642":12,"643":7,"644":9,"645":13,"646":13,"647":10,"648":7,"649":3,"650":14,"651":5,"652":6,"653":2,"654":1,"655":1,"656":3,"657":4,"658":4,"659":1,"660":1,"661":3,"662":5,"663":1,"664":1,"665":2,"666":2,"667":1,"668":2,"670":3,"671":3,"672":2,"673":5,"674":3,"676":5,"677":5,"678":10,"679":5,"680":4,"681":3,"682":2,"683":1,"684":1,"685":1,"689":1,"690":1,"691":3,"692":2,"693":3,"694":5,"695":1,"696":1,"697":4,"698":2,"699":3,"700":3,"701":2,"702":2,"703":4,"704":11,"705":6,"706":7,"707":3,"708":5,"709":4,"710":3,"711":5,"712":2,"713":6,"714":5,"715":9,"716":4,"717":4,"718":3,"719":3,"720":3,"721":7,"722":7,"723":8,"724":3,"725":2,"726":3,"727":7,"728":4,"729":6,"730":6,"731":2,"732":5,"733":2,"734":2,"735":6,"736":3,"737":9,"738":5,"739":5,"740":4,"741":3,"742":5,"743":2,"744":3,"745":4,"746":3,"747":3,"748":1,"749":7,"750":4,"751":7,"752":7,"753":6,"754":4,"755":13,"756":29,"757":6,"758":4,"759":2,"760":4,"761":6,"762":3,"763":7,"764":5,"765":7,"766":7,"767":3,"768":7,"769":8,"770":8,"771":6,"772":5,"773":5,"774":1,"775":7,"776":3,"777":3,"778":5,"779":4,"780":12,"781":3,"782":2,"783":6,"784":5,"785":3,"786":6,"787":11,"788":9,"789":7,"790":8,"791":7,"792":5,"793":9,"794":5,"795":7,"796":4,"797":2,"798":4,"799":10,"800":6,"801":9,"802":3,"803":7,"804":5,"805":5,"806":7,"807":7,"808":7,"809":4,"810":4,"811":3,"812":3,"813":5,"814":6,"815":3,"816":3,"817":3,"818":4,"819":4,"820":5,"821":5,"822":4,"823":2,"824":3,"825":3,"826":6,"827":3,"828":4,"829":3,"830":3,"831":5,"832":4,"833":2,"834":3,"835":4,"836":3,"837":3,"838":4,"839":4,"840":3,"841":5,"842":4,"843":1,"844":8,"845":8,"846":1,"847":4,"848":2,"849":1,"850":2,"851":2,"852":7,"853":2,"854":3,"855":3,"856":4,"857":1,"858":1,"859":3,"860":6,"861":3,"862":2,"864":6,"865":4,"866":2,"867":5,"868":5,"869":2,"870":2,"871":2,"872":4,"873":1,"874":3,"875":4,"878":2,"879":2,"880":1,"881":3,"882":2,"883":1,"884":1,"885":2,"886":3,"888":3,"889":1,"890":2,"891":2,"892":2,"893":2,"894":2,"895":2,"896":2,"897":2,"898":4,"899":7,"900":8,"902":8,"903":6,"904":2,"908":1,"914":3,"915":8,"916":6,"917":6,"918":7,"919":6,"920":2,"921":3,"922":2,"923":1,"938":1,"939":2,"940":2,"942":2,"943":3,"944":2,"945":2,"946":3,"947":1,"948":1,"949":6,"950":8,"952":6,"953":6,"954":5,"955":4,"956":1,"960":2,"961":2,"963":1,"964":1,"965":3,"966":2},"fork_created":0,"fork_confirmed":0,"fork_unresolved_at_end":0}
EPOCH_ENDED epoch=2 elections=11 active=9 t=1791487453187
EPOCH_ADVANCED epoch=3 elections=11 active=9 vote_records=530590 t=1791487453253
EPOCH_ENDED epoch=2 elections=11 active=9 t=1791487453256
EPOCH_CLOSE_UNREADY epoch=2 short_of=reports usable=0 weight=0 required=5 held=0 theirs=[] t=1791487453260
EPOCH_ENDED epoch=2 elections=11 active=9 t=1791487453275
EPOCH_ENDED epoch=2 elections=11 active=9 t=1791487453287
EPOCH_ADVANCED epoch=3 elections=11 active=9 vote_records=530595 t=1791487453302
EPOCH_CLOSE_UNREADY epoch=2 short_of=reports usable=0 weight=0 required=5 held=0 theirs=[] t=1791487453307
EPOCH_ENDED epoch=2 elections=11 active=9 t=1791487453316
EPOCH_ADVANCED epoch=3 elections=11 active=9 vote_records=530595 t=1791487453319
EPOCH_CLOSE_UNREADY epoch=2 short_of=reports usable=0 weight=0 required=5 held=0 theirs=[] t=1791487453324
EPOCH_ADVANCED epoch=3 elections=11 active=9 vote_records=530591 t=1791487453341
EPOCH_CLOSE_UNREADY epoch=2 short_of=reports usable=0 weight=0 required=5 held=0 theirs=[] t=1791487453346
EPOCH_ADVANCED epoch=3 elections=11 active=9 vote_records=530591 t=1791487453369
EPOCH_CLOSE_UNREADY epoch=2 short_of=reports usable=0 weight=0 required=5 held=0 theirs=[] t=1791487453374
EPOCH_ENDED epoch=2 elections=12 active=9 t=1791487453391
EPOCH_REPORT epoch=2 certified=45065 residual=0 root=8D1BBD59285BC7CA1A82C37388F915F25DC9F3A89A723E44A89C3015A1C3CFA7 reports=1 t=1791487453414
EPOCH_CARRIED epoch=2 instances=1 split=0 t=1791487453446
EPOCH_ADVANCED epoch=3 elections=13 active=10 vote_records=530591 t=1791487453446
EPOCH_REPORT epoch=2 certified=45065 residual=0 root=8D1BBD59285BC7CA1A82C37388F915F25DC9F3A89A723E44A89C3015A1C3CFA7 reports=1 t=1791487453473
EPOCH_REPORT epoch=2 certified=45065 residual=0 root=8D1BBD59285BC7CA1A82C37388F915F25DC9F3A89A723E44A89C3015A1C3CFA7 reports=1 t=1791487453485
EPOCH_RECONCILED epoch=2 reporter=911999B2AEFA7ACC66EBD802B3301FF6CE431405107749D940277955CB7FDD07 complete=true entries=0 total=45065 symbols=0 dropped=false t=1791487453514
EPOCH_REPORT epoch=2 certified=45065 residual=0 root=8D1BBD59285BC7CA1A82C37388F915F25DC9F3A89A723E44A89C3015A1C3CFA7 reports=1 t=1791487453524
EPOCH_CLOSE_UNREADY epoch=2 short_of=reports usable=1 weight=1 required=5 held=4 theirs=["A353E45E:8D1BBD59:D7A011D4", "633D9D61:8D1BBD59:D7A011D4", "911999B2:8D1BBD59:D7A011D4", "65A90023:8D1BBD59:D7A011D4"] t=1791487453541
EPOCH_RECONCILED epoch=2 reporter=65A90023F6C0D2181AAA63F005D81BBC0C04650505E21D5123F9AE1F9E992BFF complete=true entries=0 total=45065 symbols=0 dropped=false t=1791487453545
EPOCH_RECONCILED epoch=2 reporter=633D9D614858AB1710D5D8C3180E2A082DC97208BA8C26BA6C6D1A86C8E31CC0 complete=true entries=0 total=45065 symbols=0 dropped=false t=1791487453548
EPOCH_REPORT epoch=2 certified=45065 residual=0 root=8D1BBD59285BC7CA1A82C37388F915F25DC9F3A89A723E44A89C3015A1C3CFA7 reports=1 t=1791487453556
EPOCH_REPORT epoch=2 certified=45065 residual=0 root=8D1BBD59285BC7CA1A82C37388F915F25DC9F3A89A723E44A89C3015A1C3CFA7 reports=1 t=1791487453605
EPOCH_RECONCILED epoch=2 reporter=633D9D614858AB1710D5D8C3180E2A082DC97208BA8C26BA6C6D1A86C8E31CC0 complete=true entries=0 total=45065 symbols=0 dropped=false t=1791487453606
EPOCH_RECONCILED epoch=2 reporter=A353E45E6D0016CAEED0DFA4EC5B0640E2AA22A793F9F2375E77F1AB92977C04 complete=true entries=0 total=45065 symbols=0 dropped=false t=1791487453609
EPOCH_RECONCILED epoch=2 reporter=911999B2AEFA7ACC66EBD802B3301FF6CE431405107749D940277955CB7FDD07 complete=true entries=0 total=45065 symbols=0 dropped=false t=1791487453612
EPOCH_RECONCILED epoch=2 reporter=735FE217D91E88EA82324C5883296385FA0041C2FAC85C827BAA46DA1E14B83F complete=true entries=0 total=45065 symbols=0 dropped=false t=1791487453615
EPOCH_RECONCILED epoch=2 reporter=911999B2AEFA7ACC66EBD802B3301FF6CE431405107749D940277955CB7FDD07 complete=true entries=0 total=45065 symbols=0 dropped=false t=1791487453623
EPOCH_RECONCILED epoch=2 reporter=A353E45E6D0016CAEED0DFA4EC5B0640E2AA22A793F9F2375E77F1AB92977C04 complete=true entries=0 total=45065 symbols=0 dropped=false t=1791487453626
EPOCH_RECONCILED epoch=2 reporter=735FE217D91E88EA82324C5883296385FA0041C2FAC85C827BAA46DA1E14B83F complete=true entries=0 total=45065 symbols=0 dropped=false t=1791487453629
EPOCH_RECONCILED epoch=2 reporter=65A90023F6C0D2181AAA63F005D81BBC0C04650505E21D5123F9AE1F9E992BFF complete=true entries=0 total=45065 symbols=0 dropped=false t=1791487453633
EPOCH_RECONCILED epoch=2 reporter=911999B2AEFA7ACC66EBD802B3301FF6CE431405107749D940277955CB7FDD07 complete=true entries=0 total=45065 symbols=0 dropped=false t=1791487453638
EPOCH_RECONCILED epoch=2 reporter=735FE217D91E88EA82324C5883296385FA0041C2FAC85C827BAA46DA1E14B83F complete=true entries=0 total=45065 symbols=0 dropped=false t=1791487453641
EPOCH_RECONCILED epoch=2 reporter=633D9D614858AB1710D5D8C3180E2A082DC97208BA8C26BA6C6D1A86C8E31CC0 complete=true entries=0 total=45065 symbols=0 dropped=false t=1791487453644
EPOCH_RECONCILED epoch=2 reporter=65A90023F6C0D2181AAA63F005D81BBC0C04650505E21D5123F9AE1F9E992BFF complete=true entries=0 total=45065 symbols=0 dropped=false t=1791487453647
EPOCH_RECONCILED epoch=2 reporter=633D9D614858AB1710D5D8C3180E2A082DC97208BA8C26BA6C6D1A86C8E31CC0 complete=true entries=0 total=45065 symbols=0 dropped=false t=1791487453670
EPOCH_RECONCILED epoch=2 reporter=65A90023F6C0D2181AAA63F005D81BBC0C04650505E21D5123F9AE1F9E992BFF complete=true entries=0 total=45065 symbols=0 dropped=false t=1791487453673
EPOCH_RECONCILED epoch=2 reporter=D315857CE70C54DE713F6E82E5613BB3A1266C15E28AD2F4338C7BBEC456F532 complete=true entries=0 total=45065 symbols=0 dropped=false t=1791487453676
EPOCH_RECONCILED epoch=2 reporter=A353E45E6D0016CAEED0DFA4EC5B0640E2AA22A793F9F2375E77F1AB92977C04 complete=true entries=0 total=45065 symbols=0 dropped=false t=1791487453678
EPOCH_RECONCILED epoch=2 reporter=911999B2AEFA7ACC66EBD802B3301FF6CE431405107749D940277955CB7FDD07 complete=true entries=0 total=45065 symbols=0 dropped=false t=1791487453682
EPOCH_CLOSE_READY epoch=2 t=1791487453687
EPOCH_CLOSE_READY epoch=2 t=1791487453702
EPOCH_CLOSE_READY epoch=2 t=1791487453714
EPOCH_RECONCILED epoch=2 reporter=A353E45E6D0016CAEED0DFA4EC5B0640E2AA22A793F9F2375E77F1AB92977C04 complete=true entries=0 total=45065 symbols=0 dropped=false t=1791487453736
EPOCH_RECONCILED epoch=2 reporter=633D9D614858AB1710D5D8C3180E2A082DC97208BA8C26BA6C6D1A86C8E31CC0 complete=true entries=0 total=45065 symbols=0 dropped=false t=1791487453738
EPOCH_RECONCILED epoch=2 reporter=735FE217D91E88EA82324C5883296385FA0041C2FAC85C827BAA46DA1E14B83F complete=true entries=0 total=45065 symbols=0 dropped=false t=1791487453741
EPOCH_RECONCILED epoch=2 reporter=65A90023F6C0D2181AAA63F005D81BBC0C04650505E21D5123F9AE1F9E992BFF complete=true entries=0 total=45065 symbols=0 dropped=false t=1791487453743
EPOCH_CLOSE_READY epoch=2 t=1791487453755
EPOCH_CLOSE_READY epoch=2 t=1791487453802
EPOCH_RECONCILED epoch=2 reporter=D315857CE70C54DE713F6E82E5613BB3A1266C15E28AD2F4338C7BBEC456F532 complete=true entries=0 total=45065 symbols=0 dropped=false t=1791487453833
EPOCH_RECONCILED epoch=2 reporter=735FE217D91E88EA82324C5883296385FA0041C2FAC85C827BAA46DA1E14B83F complete=true entries=0 total=45065 symbols=0 dropped=false t=1791487453836
EPOCH_RECONCILED epoch=2 reporter=A353E45E6D0016CAEED0DFA4EC5B0640E2AA22A793F9F2375E77F1AB92977C04 complete=true entries=0 total=45065 symbols=0 dropped=false t=1791487453838
EPOCH_CLOSE_ROUND epoch=2 round=0 leader=735FE217D91E88EA82324C5883296385FA0041C2FAC85C827BAA46DA1E14B83F leads=false t=1791487453866
EPOCH_CLOSE_READY epoch=2 t=1791487453881
EPOCH_CLOSE_ROUND epoch=2 round=0 leader=735FE217D91E88EA82324C5883296385FA0041C2FAC85C827BAA46DA1E14B83F leads=false t=1791487453883
EPOCH_CLOSE_ROUND epoch=2 round=0 leader=735FE217D91E88EA82324C5883296385FA0041C2FAC85C827BAA46DA1E14B83F leads=false t=1791487453897
EPOCH_RECONCILED epoch=2 reporter=D315857CE70C54DE713F6E82E5613BB3A1266C15E28AD2F4338C7BBEC456F532 complete=true entries=0 total=45065 symbols=0 dropped=false t=1791487453908
EPOCH_RECONCILED epoch=2 reporter=D315857CE70C54DE713F6E82E5613BB3A1266C15E28AD2F4338C7BBEC456F532 complete=true entries=0 total=45065 symbols=0 dropped=false t=1791487453931
EPOCH_RECONCILED epoch=2 reporter=D315857CE70C54DE713F6E82E5613BB3A1266C15E28AD2F4338C7BBEC456F532 complete=true entries=0 total=45065 symbols=0 dropped=false t=1791487453943
EPOCH_DERIVE_TIMING epoch=2 claims=42018 claim_ms=60 manifest_ms=13 build_ms=122 t=1791487453989
EPOCH_PROPOSED epoch=2 round=0 value=1189ECD96CD4B1A7A33D0BFB68FC35C01B0924AF5A6B2EBB42B7A4840B4E70E2 state=01B460AB603CEC4594025B1E5A1250F1267F9B2723EDFA4BF51885F2A424C35C reports=5 t=1791487453990
EPOCH_VALUE epoch=2 value=1189ECD96CD4B1A7A33D0BFB68FC35C01B0924AF5A6B2EBB42B7A4840B4E70E2 state=01B460AB603CEC4594025B1E5A1250F1267F9B2723EDFA4BF51885F2A424C35C t=1791487453990
EPOCH_CLOSE_ROUND epoch=2 round=0 leader=735FE217D91E88EA82324C5883296385FA0041C2FAC85C827BAA46DA1E14B83F leads=true t=1791487453990
EPOCH_CLOSE_ROUND epoch=2 round=0 leader=735FE217D91E88EA82324C5883296385FA0041C2FAC85C827BAA46DA1E14B83F leads=false t=1791487454001
EPOCH_CLOSE_ROUND epoch=2 round=0 leader=735FE217D91E88EA82324C5883296385FA0041C2FAC85C827BAA46DA1E14B83F leads=false t=1791487454103
EPOCH_VALIDATE_TIMING epoch=2 evidence_ms=135 build_ms=190 t=1791487454321
EPOCH_VALUE epoch=2 value=1189ECD96CD4B1A7A33D0BFB68FC35C01B0924AF5A6B2EBB42B7A4840B4E70E2 state=01B460AB603CEC4594025B1E5A1250F1267F9B2723EDFA4BF51885F2A424C35C t=1791487454322
EPOCH_VALIDATE_TIMING epoch=2 evidence_ms=141 build_ms=192 t=1791487454329
EPOCH_VALUE epoch=2 value=1189ECD96CD4B1A7A33D0BFB68FC35C01B0924AF5A6B2EBB42B7A4840B4E70E2 state=01B460AB603CEC4594025B1E5A1250F1267F9B2723EDFA4BF51885F2A424C35C t=1791487454331
EPOCH_VALIDATE_TIMING epoch=2 evidence_ms=135 build_ms=197 t=1791487454334
EPOCH_VALUE epoch=2 value=1189ECD96CD4B1A7A33D0BFB68FC35C01B0924AF5A6B2EBB42B7A4840B4E70E2 state=01B460AB603CEC4594025B1E5A1250F1267F9B2723EDFA4BF51885F2A424C35C t=1791487454335
EPOCH_VALIDATE_TIMING epoch=2 evidence_ms=139 build_ms=201 t=1791487454336
EPOCH_VALUE epoch=2 value=1189ECD96CD4B1A7A33D0BFB68FC35C01B0924AF5A6B2EBB42B7A4840B4E70E2 state=01B460AB603CEC4594025B1E5A1250F1267F9B2723EDFA4BF51885F2A424C35C t=1791487454337
EPOCH_VALIDATE_TIMING epoch=2 evidence_ms=140 build_ms=199 t=1791487454338
EPOCH_VALUE epoch=2 value=1189ECD96CD4B1A7A33D0BFB68FC35C01B0924AF5A6B2EBB42B7A4840B4E70E2 state=01B460AB603CEC4594025B1E5A1250F1267F9B2723EDFA4BF51885F2A424C35C t=1791487454339
EPOCH_CLOSE_ROUND epoch=2 round=1 leader=911999B2AEFA7ACC66EBD802B3301FF6CE431405107749D940277955CB7FDD07 leads=true t=1791487454408
EPOCH_PROPOSED epoch=2 round=1 value=BF2F8FB0D2D78D7E27B539C498AA3AA52475BE94FE69D9875C163499302FBE72 state=01B460AB603CEC4594025B1E5A1250F1267F9B2723EDFA4BF51885F2A424C35C reports=5 t=1791487454415
EPOCH_VALUE epoch=2 value=BF2F8FB0D2D78D7E27B539C498AA3AA52475BE94FE69D9875C163499302FBE72 state=01B460AB603CEC4594025B1E5A1250F1267F9B2723EDFA4BF51885F2A424C35C t=1791487454415
EPOCH_INSTALL epoch=2 finalized=14006 instances_confirmed=11 t=1791487454465
EPOCH_INSTALL epoch=2 finalized=14006 instances_confirmed=11 t=1791487454468
EPOCH_INSTALL epoch=2 finalized=14006 instances_confirmed=11 t=1791487454472
EPOCH_INSTALL epoch=2 finalized=14006 instances_confirmed=11 t=1791487454474
EPOCH_INSTALL epoch=2 finalized=14006 instances_confirmed=11 t=1791487454497
EPOCH_INSTALL epoch=2 finalized=14006 instances_confirmed=11 t=1791487454501
EPOCH_COMMITTEE derived_by=2 members=6 accounts=17688 n=6 digest=95D409445152DD075E6A4799205DFA5689496EB8EE1A22AC2A200B9DBC2DCF27 shares=["735FE217:16.7%", "A353E45E:16.7%", "D315857C:16.7%", "911999B2:16.7%", "633D9D61:16.7%", "65A90023:16.7%"] t=1791487454502
EPOCH_CLOSED epoch=2 round=0 value=1189ECD96CD4B1A7A33D0BFB68FC35C01B0924AF5A6B2EBB42B7A4840B4E70E2 state=01B460AB603CEC4594025B1E5A1250F1267F9B2723EDFA4BF51885F2A424C35C t=1791487454503
EPOCH_COMMITTEE derived_by=2 members=6 accounts=17688 n=6 digest=95D409445152DD075E6A4799205DFA5689496EB8EE1A22AC2A200B9DBC2DCF27 shares=["735FE217:16.7%", "A353E45E:16.7%", "D315857C:16.7%", "911999B2:16.7%", "633D9D61:16.7%", "65A90023:16.7%"] t=1791487454504
EPOCH_CLOSED epoch=2 round=0 value=1189ECD96CD4B1A7A33D0BFB68FC35C01B0924AF5A6B2EBB42B7A4840B4E70E2 state=01B460AB603CEC4594025B1E5A1250F1267F9B2723EDFA4BF51885F2A424C35C t=1791487454504
EPOCH_COMMITTEE derived_by=2 members=6 accounts=17688 n=6 digest=95D409445152DD075E6A4799205DFA5689496EB8EE1A22AC2A200B9DBC2DCF27 shares=["735FE217:16.7%", "A353E45E:16.7%", "D315857C:16.7%", "911999B2:16.7%", "633D9D61:16.7%", "65A90023:16.7%"] t=1791487454509
EPOCH_CLOSED epoch=2 round=0 value=1189ECD96CD4B1A7A33D0BFB68FC35C01B0924AF5A6B2EBB42B7A4840B4E70E2 state=01B460AB603CEC4594025B1E5A1250F1267F9B2723EDFA4BF51885F2A424C35C t=1791487454509
EPOCH_COMMITTEE derived_by=2 members=6 accounts=17688 n=6 digest=95D409445152DD075E6A4799205DFA5689496EB8EE1A22AC2A200B9DBC2DCF27 shares=["735FE217:16.7%", "A353E45E:16.7%", "D315857C:16.7%", "911999B2:16.7%", "633D9D61:16.7%", "65A90023:16.7%"] t=1791487454509
EPOCH_CLOSED epoch=2 round=0 value=1189ECD96CD4B1A7A33D0BFB68FC35C01B0924AF5A6B2EBB42B7A4840B4E70E2 state=01B460AB603CEC4594025B1E5A1250F1267F9B2723EDFA4BF51885F2A424C35C t=1791487454509
EPOCH_COMMITTEE derived_by=2 members=6 accounts=17688 n=6 digest=95D409445152DD075E6A4799205DFA5689496EB8EE1A22AC2A200B9DBC2DCF27 shares=["735FE217:16.7%", "A353E45E:16.7%", "D315857C:16.7%", "911999B2:16.7%", "633D9D61:16.7%", "65A90023:16.7%"] t=1791487454571
EPOCH_CLOSED epoch=2 round=0 value=1189ECD96CD4B1A7A33D0BFB68FC35C01B0924AF5A6B2EBB42B7A4840B4E70E2 state=01B460AB603CEC4594025B1E5A1250F1267F9B2723EDFA4BF51885F2A424C35C t=1791487454571
EPOCH_COMMITTEE derived_by=2 members=6 accounts=17688 n=6 digest=95D409445152DD075E6A4799205DFA5689496EB8EE1A22AC2A200B9DBC2DCF27 shares=["735FE217:16.7%", "A353E45E:16.7%", "D315857C:16.7%", "911999B2:16.7%", "633D9D61:16.7%", "65A90023:16.7%"] t=1791487454576
EPOCH_CLOSED epoch=2 round=0 value=1189ECD96CD4B1A7A33D0BFB68FC35C01B0924AF5A6B2EBB42B7A4840B4E70E2 state=01B460AB603CEC4594025B1E5A1250F1267F9B2723EDFA4BF51885F2A424C35C t=1791487454576
EPOCH_INSTALLED epoch=2 finalized=14006 cemented=14006 queued=0 missing=0 t=1791487454590
EPOCH_INSTALLED epoch=2 finalized=14006 cemented=14006 queued=0 missing=0 t=1791487454591
EPOCH_INSTALLED epoch=2 finalized=14006 cemented=14006 queued=0 missing=0 t=1791487454593
EPOCH_INSTALLED epoch=2 finalized=14006 cemented=14006 queued=0 missing=0 t=1791487454598
EPOCH_EVIDENCE_RELEASED epoch=2 t=1791487454651
EPOCH_INSTALLED epoch=2 finalized=14006 cemented=14006 queued=0 missing=0 t=1791487454676
EPOCH_VALIDATE_TIMING epoch=2 evidence_ms=253 build_ms=232 t=1791487454908
EPOCH_VALUE epoch=2 value=BF2F8FB0D2D78D7E27B539C498AA3AA52475BE94FE69D9875C163499302FBE72 state=01B460AB603CEC4594025B1E5A1250F1267F9B2723EDFA4BF51885F2A424C35C t=1791487454909
EPOCH_VALIDATE_TIMING epoch=2 evidence_ms=275 build_ms=215 t=1791487454912
EPOCH_VALUE epoch=2 value=BF2F8FB0D2D78D7E27B539C498AA3AA52475BE94FE69D9875C163499302FBE72 state=01B460AB603CEC4594025B1E5A1250F1267F9B2723EDFA4BF51885F2A424C35C t=1791487454914
EPOCH_VALIDATE_TIMING epoch=2 evidence_ms=260 build_ms=235 t=1791487454918
EPOCH_VALIDATE_TIMING epoch=2 evidence_ms=247 build_ms=248 t=1791487454918
EPOCH_VALUE epoch=2 value=BF2F8FB0D2D78D7E27B539C498AA3AA52475BE94FE69D9875C163499302FBE72 state=01B460AB603CEC4594025B1E5A1250F1267F9B2723EDFA4BF51885F2A424C35C t=1791487454919
EPOCH_VALUE epoch=2 value=BF2F8FB0D2D78D7E27B539C498AA3AA52475BE94FE69D9875C163499302FBE72 state=01B460AB603CEC4594025B1E5A1250F1267F9B2723EDFA4BF51885F2A424C35C t=1791487454920
EPOCH_VALIDATE_TIMING epoch=2 evidence_ms=275 build_ms=228 t=1791487454929
EPOCH_VALUE epoch=2 value=BF2F8FB0D2D78D7E27B539C498AA3AA52475BE94FE69D9875C163499302FBE72 state=01B460AB603CEC4594025B1E5A1250F1267F9B2723EDFA4BF51885F2A424C35C t=1791487454930
EPOCH_EVIDENCE_RELEASED epoch=2 t=1791487454934
EPOCH_EVIDENCE_RELEASED epoch=2 t=1791487454934
EPOCH_EVIDENCE_RELEASED epoch=2 t=1791487454935
EPOCH_EVIDENCE_RELEASED epoch=2 t=1791487454946
EPOCH_EVIDENCE_RELEASED epoch=2 t=1791487454950
